INT	INT	INT	INT	INT	FLOAT	FLOAT	INT	INT	FLOAT	INT	INT	INT	STRING	INT	INT	INT	INT	INT	INT	INT	INT	INT	INT	INT	INT	INT	INT	INT	INT	STRING	INT	INT	INT	INT	INT	STRING	INT	INT	INT	INT	INT	STRING	INT	INT	INT	INT	INT	STRING	INT	INT	INT	INT	INT	STRING	INT	INT	INT	INT	INT	STRING	INT	INT	INT	INT	INT	STRING	INT	INT	INT	INT	INT	STRING	INT	INT	INT	INT	INT	STRING	INT	INT	INT	INT	INT	STRING	INT	INT	INT	INT	INT	STRING	INT	INT	INT	INT	INT	STRING	INT	INT	INT	INT	INT	STRING	INT	INT	INT	INT	INT	STRING	INT	INT	INT	INT	INT	STRING	INT	INT	INT	INT	INT	STRING	INT	INT	INT	INT	INT	STRING	INT	INT	INT	INT	INT	STRING	INT	INT	INT	INT	INT	STRING	INT	INT	INT	INT	INT	STRING	INT	INT	INT	INT	INT	STRING	INT	INT	INT	INT	INT	STRING	INT	INT	INT	INT	INT	STRING	INT	INT	INT	INT	INT	STRING	INT	INT	INT	INT	INT	STRING	INT	INT	INT	INT	INT	STRING	INT	INT	INT	INT	INT	STRING	INT	INT	INT	INT	INT	STRING	INT	INT	INT	INT	INT	STRING	INT	INT	INT	INT	INT	STRING	INT	INT	INT	INT	INT	STRING	INT	INT	INT	INT	INT	STRING	INT	INT	INT	INT	INT	STRING	INT	INT	INT	INT	INT	STRING	INT	INT	INT	INT	INT	STRING	INT	INT	INT	INT	INT	STRING	INT	INT	INT	INT	INT	STRING	INT	INT	INT	INT	INT	STRING	INT	INT	INT	INT	INT	STRING	INT	INT	INT	INT	INT	STRING	INT	INT	INT	INT	INT	STRING	INT	INT	INT	INT	INT	STRING	INT	INT	INT	INT	INT	STRING	INT	INT	INT	INT	INT	STRING	INT	INT	INT	INT	INT	STRING	INT	INT	INT	INT	INT	STRING	INT	INT	INT	INT	INT	STRING	INT	INT	INT	INT	INT	STRING	INT	INT	INT	INT	INT	STRING	INT	INT	INT	INT	INT	STRING
Index	修理等级	收购等级	RepairType(修理类型)	收购类型	修理花费	修理成功几率	货币单位(1代表金币，2代表善恶值，4，帮贡，3代表师德点，5元宝，6赠点，7师门贡献度，8代表交子)	能否回购	Scale(价格系数)	Time(刷新时间)	Num(商品数量)	是否随机商店	随机商店配置文件路径	是否能够购买多个物品	是否随机排序	是否受杀气值影响	杀气折扣(-3)	杀气折扣(-2)	杀气折扣(-1)	杀气折扣(0)	杀气折扣(1)	杀气折扣(2)	杀气折扣(3)	杀气折扣(4)	PID(商品编号1)	PNUM(每组多少个)	PMAX(有限商品的数量上限)	商品1价格	商品折扣	商品颜色	PID(商品编号2)	PNUM(每组多少个)	PMAX(有限商品的数量上限)	商品2价格	商品折扣	商品颜色	PID(商品编号3)	PNUM(每组多少个)	PMAX(有限商品的数量上限)	商品3价格	商品折扣	商品颜色	PID(商品编号4)	PNUM(每组多少个)	PMAX(有限商品的数量上限)	商品4价格	商品折扣	商品颜色	PID(商品编号5)	PNUM(每组多少个)	PMAX(有限商品的数量上限)	商品5价格	商品折扣	商品颜色	PID(商品编号6)	PNUM(每组多少个)	PMAX(有限商品的数量上限)	商品6价格	商品折扣	商品颜色	PID(商品编号7)	PNUM(每组多少个)	PMAX(有限商品的数量上限)	商品7价格	商品折扣	商品颜色	PID(商品编号8)	PNUM(每组多少个)	PMAX(有限商品的数量上限)	商品8价格	商品折扣	商品颜色	PID(商品编号9)	PNUM(每组多少个)	PMAX(有限商品的数量上限)	商品9价格	商品折扣	商品颜色	PID(商品编号10)	PNUM(每组多少个)	PMAX(有限商品的数量上限)	商品10价格	商品折扣	商品颜色	PID(商品编号11)	PNUM(每组多少个)	PMAX(有限商品的数量上限)	商品11价格	商品折扣	商品颜色	PID(商品编号12)	PNUM(每组多少个)	PMAX(有限商品的数量上限)	商品12价格	商品折扣	商品颜色	PID(商品编号13)	PNUM(每组多少个)	PMAX(有限商品的数量上限)	商品13价格	商品折扣	商品颜色	PID(商品编号14)	PNUM(每组多少个)	PMAX(有限商品的数量上限)	商品14价格	商品折扣	商品颜色	PID(商品编号15)	PNUM(每组多少个)	PMAX(有限商品的数量上限)	商品15价格	商品折扣	商品颜色	PID(商品编号16)	PNUM(每组多少个)	PMAX(有限商品的数量上限)	商品16价格	商品折扣	商品颜色	PID(商品编号17)	PNUM(每组多少个)	PMAX(有限商品的数量上限)	商品17价格	商品折扣	商品颜色	PID(商品编号18)	PNUM(每组多少个)	PMAX(有限商品的数量上限)	商品18价格	商品折扣	商品颜色	PID(商品编号19)	PNUM(每组多少个)	PMAX(有限商品的数量上限)	商品19价格	商品折扣	商品颜色	PID(商品编号20)	PNUM(每组多少个)	PMAX(有限商品的数量上限)	商品20价格	商品折扣	商品颜色	PID(商品编号21)	PNUM(每组多少个)	PMAX(有限商品的数量上限)	商品21价格	商品折扣	商品颜色	PID(商品编号22)	PNUM(每组多少个)	PMAX(有限商品的数量上限)	商品22价格	商品折扣	商品颜色	PID(商品编号23)	PNUM(每组多少个)	PMAX(有限商品的数量上限)	商品23价格	商品折扣	商品颜色	PID(商品编号24)	PNUM(每组多少个)	PMAX(有限商品的数量上限)	商品24价格	商品折扣	商品颜色	PID(商品编号25)	PNUM(每组多少个)	PMAX(有限商品的数量上限)	商品25价格	商品折扣	商品颜色	PID(商品编号26)	PNUM(每组多少个)	PMAX(有限商品的数量上限)	商品26价格	商品折扣	商品颜色	PID(商品编号27)	PNUM(每组多少个)	PMAX(有限商品的数量上限)	商品27价格	商品折扣	商品颜色	PID(商品编号28)	PNUM(每组多少个)	PMAX(有限商品的数量上限)	商品28价格	商品折扣	商品颜色	PID(商品编号29)	PNUM(每组多少个)	PMAX(有限商品的数量上限)	商品29价格	商品折扣	商品颜色	PID(商品编号30)	PNUM(每组多少个)	PMAX(有限商品的数量上限)	商品30价格	商品折扣	商品颜色	PID(商品编号31)	PNUM(每组多少个)	PMAX(有限商品的数量上限)	商品31价格	商品折扣	商品颜色	PID(商品编号32)	PNUM(每组多少个)	PMAX(有限商品的数量上限)	商品32价格	商品折扣	商品颜色	PID(商品编号33)	PNUM(每组多少个)	PMAX(有限商品的数量上限)	商品33价格	商品折扣	商品颜色	PID(商品编号34)	PNUM(每组多少个)	PMAX(有限商品的数量上限)	商品34价格	商品折扣	商品颜色	PID(商品编号35)	PNUM(每组多少个)	PMAX(有限商品的数量上限)	商品35价格	商品折扣	商品颜色	PID(商品编号36)	PNUM(每组多少个)	PMAX(有限商品的数量上限)	商品36价格	商品折扣	商品颜色	PID(商品编号37)	PNUM(每组多少个)	PMAX(有限商品的数量上限)	商品37价格	商品折扣	商品颜色	PID(商品编号38)	PNUM(每组多少个)	PMAX(有限商品的数量上限)	商品38价格	商品折扣	商品颜色	PID(商品编号39)	PNUM(每组多少个)	PMAX(有限商品的数量上限)	商品39价格	商品折扣	商品颜色	PID(商品编号40)	PNUM(每组多少个)	PMAX(有限商品的数量上限)	商品40价格	商品折扣	商品颜色	PID(商品编号41)	PNUM(每组多少个)	PMAX(有限商品的数量上限)	商品41价格	商品折扣	商品颜色	PID(商品编号42)	PNUM(每组多少个)	PMAX(有限商品的数量上限)	商品42价格	商品折扣	商品颜色	PID(商品编号43)	PNUM(每组多少个)	PMAX(有限商品的数量上限)	商品43价格	商品折扣	商品颜色	PID(商品编号44)	PNUM(每组多少个)	PMAX(有限商品的数量上限)	商品44价格	商品折扣	商品颜色	PID(商品编号45)	PNUM(每组多少个)	PMAX(有限商品的数量上限)	商品45价格	商品折扣	商品颜色	PID(商品编号46)	PNUM(每组多少个)	PMAX(有限商品的数量上限)	商品46价格	商品折扣	商品颜色	PID(商品编号47)	PNUM(每组多少个)	PMAX(有限商品的数量上限)	商品47价格	商品折扣	商品颜色	PID(商品编号48)	PNUM(每组多少个)	PMAX(有限商品的数量上限)	商品48价格	商品折扣	商品颜色	PID(商品编号49)	PNUM(每组多少个)	PMAX(有限商品的数量上限)	商品49价格	商品折扣	商品颜色	PID(商品编号50)	PNUM(每组多少个)	PMAX(有限商品的数量上限)	商品50价格	商品折扣	商品颜色
1	40	120	1	9	1	1	1	1	1	100000	50	0		0	0	0	96	97	98	100	200	300	400	500	30505001	1	-1	100	100		10100000	1	-1	100	100		10100001	1	-1	100	100		10101000	1	-1	100	100		10101001	1	-1	100	100		10102000	1	-1	100	100		10102001	1	-1	100	100		10103000	1	-1	100	100		10103001	1	-1	100	100		10104000	1	-1	100	100		10104001	1	-1	100	100		10105000	1	-1	100	100		10105001	1	-1	100	100		0	1	-1	100	100		0	1	-1	100	100		0	1	-1	100	100		0	1	-1	100	100		0	1	-1	100	100		0	1	-1	100	100		0	1	-1	100	100		0	1	-1	100	100		0	1	-1	100	100		0	1	-1	100	100		0	1	-1	100	100		0	1	-1	100	100		0	1	-1	100	100		0	1	-1	100	100		0	1	-1	100	100		0	1	-1	100	100		0	1	-1	100	100		0	1	-1	100	100		0	1	-1	100	100		0	1	-1	100	100		0	1	-1	100	100		0	1	-1	100	100		0	1	-1	100	100		0	1	-1	100	100		0	1	-1	100	100		0	1	-1	100	100		0	1	-1	100	100		0	1	-1	100	100		0	1	-1	100	100		0	1	-1	100	100		0	1	-1	100	100		0	1	-1	100	100		0	1	-1	100	100		0	1	-1	100	100		0	1	-1	100	100		0	1	-1	100	100		0	1	-1	100	100	
2	40	120	1	9	1	1	1	1	1	100000	50	0		0	0	0	96	97	98	100	200	300	400	500	30507001	1	-1	100	100		10110001	1	-1	100	100		10110002	1	-1	100	100		10110003	1	-1	100	100		10111001	1	-1	100	100		10111002	1	-1	100	100		10111003	1	-1	100	100		10112001	1	-1	100	100		10112002	1	-1	100	100		10112003	1	-1	100	100		10113001	1	-1	100	100		10113002	1	-1	100	100		10113003	1	-1	100	100		30507011	1	-1	100	100		30507021	1	-1	100	100		30507031	1	-1	100	100		0	1	-1	100	100		0	1	-1	100	100		0	1	-1	100	100		0	1	-1	100	100		0	1	-1	100	100		0	1	-1	100	100		0	1	-1	100	100		0	1	-1	100	100		0	1	-1	100	100		0	1	-1	100	100		0	1	-1	100	100		0	1	-1	100	100		0	1	-1	100	100		0	1	-1	100	100		0	1	-1	100	100		0	1	-1	100	100		0	1	-1	100	100		0	1	-1	100	100		0	1	-1	100	100		0	1	-1	100	100		0	1	-1	100	100		0	1	-1	100	100		0	1	-1	100	100		0	1	-1	100	100		0	1	-1	100	100		0	1	-1	100	100		0	1	-1	100	100		0	1	-1	100	100		0	1	-1	100	100		0	1	-1	100	100		0	1	-1	100	100		0	1	-1	100	100		0	1	-1	100	100		0	1	-1	100	100	
3	40	120	1	9	1	1	1	1	1	100000	50	0		0	0	0	96	97	98	100	200	300	400	500	10120001	1	-1	100	100		10121001	1	-1	100	100		10122001	1	-1	100	100		30508001	1	-1	100	100		0	1	-1	100	100		0	1	-1	100	100		0	1	-1	100	100		0	1	-1	100	100		0	1	-1	100	100		0	1	-1	100	100		0	1	-1	100	100		0	1	-1	100	100		0	1	-1	100	100		0	1	-1	100	100		0	1	-1	100	100		0	1	-1	100	100		0	1	-1	100	100		0	1	-1	100	100		0	1	-1	100	100		0	1	-1	100	100		0	1	-1	100	100		0	1	-1	100	100		0	1	-1	100	100		0	1	-1	100	100		0	1	-1	100	100		0	1	-1	100	100		0	1	-1	100	100		0	1	-1	100	100		0	1	-1	100	100		0	1	-1	100	100		0	1	-1	100	100		0	1	-1	100	100		0	1	-1	100	100		0	1	-1	100	100		0	1	-1	100	100		0	1	-1	100	100		0	1	-1	100	100		0	1	-1	100	100		0	1	-1	100	100		0	1	-1	100	100		0	1	-1	100	100		0	1	-1	100	100		0	1	-1	100	100		0	1	-1	100	100		0	1	-1	100	100		0	1	-1	100	100		0	1	-1	100	100		0	1	-1	100	100		0	1	-1	100	100		0	1	-1	100	100	
4	40	120	1	9	1	1	8	1	1	100000	50	0		1	0	0	96	97	98	100	200	300	400	500	30101031	1	-1	100	100		30101032	1	-1	100	100		30101033	1	-1	100	100		30101034	1	-1	100	100		30101035	1	-1	100	100		30101036	1	-1	100	100		30101037	1	-1	100	100		30101038	1	-1	100	100		30101039	1	-1	100	100		30101040	1	-1	100	100		30101041	1	-1	100	100		30101042	1	-1	100	100		30101043	1	-1	100	100		30101044	1	-1	100	100		30101045	1	-1	100	100		30101046	1	-1	100	100		30101047	1	-1	100	100		30101048	1	-1	100	100		30101049	1	-1	100	100		30101050	1	-1	100	100		30001001	1	-1	100	100		30001002	1	-1	100	100		30002001	1	-1	100	100		30002002	1	-1	100	100		30003001	1	-1	100	100		30003002	1	-1	100	100		30303001	1	-1	100	100		30303051	1	-1	100	100		0	1	-1	100	100		0	1	-1	100	100		0	1	-1	100	100		0	1	-1	100	100		0	1	-1	100	100		0	1	-1	100	100		0	1	-1	100	100		0	1	-1	100	100		0	1	-1	100	100		0	1	-1	100	100		0	1	-1	100	100		0	1	-1	100	100		0	1	-1	100	100		0	1	-1	100	100		0	1	-1	100	100		0	1	-1	100	100		0	1	-1	100	100		0	1	-1	100	100		0	1	-1	100	100		0	1	-1	100	100		0	1	-1	100	100		0	1	-1	100	100	
5	40	120	1	9	1	1	8	1	1	100000	50	0		1	0	0	96	97	98	100	200	300	400	500	30101031	1	-1	100	100		30101032	1	-1	100	100		30101041	1	-1	100	100		30101042	1	-1	100	100		30304030	1	-1	100	100		30304031	1	-1	100	100		30304036	1	-1	100	100		0	1	-1	100	100																																																																																																																																																																																																																																																													
6	40	120	1	9	1	1	1	1	1	100000	50	0		1	0	0	96	97	98	100	200	300	400	500	30501106	1	-1	100	100		10100031	1	-1	100	100		10102012	1	-1	100	100		10102013	1	-1	100	100		0	1	-1	100	100		0	1	-1	100	100		0	1	-1	100	100		0	1	-1	100	100		0	1	-1	100	100		0	1	-1	100	100		0	1	-1	100	100		0	1	-1	100	100		0	1	-1	100	100		0	1	-1	100	100		0	1	-1	100	100		0	1	-1	100	100		0	1	-1	100	100		0	1	-1	100	100		0	1	-1	100	100		0	1	-1	100	100		0	1	-1	100	100		0	1	-1	100	100		0	1	-1	100	100		0	1	-1	100	100		0	1	-1	100	100		0	1	-1	100	100		0	1	-1	100	100		0	1	-1	100	100		0	1	-1	100	100		0	1	-1	100	100		0	1	-1	100	100		0	1	-1	100	100		0	1	-1	100	100		0	1	-1	100	100		0	1	-1	100	100		0	1	-1	100	100		0	1	-1	100	100		0	1	-1	100	100		0	1	-1	100	100		0	1	-1	100	100		0	1	-1	100	100		0	1	-1	100	100		0	1	-1	100	100		0	1	-1	100	100		0	1	-1	100	100		0	1	-1	100	100		0	1	-1	100	100		0	1	-1	100	100		0	1	-1	100	100		0	1	-1	100	100	
7	40	120	1	9	1	1	1	1	1	100000	50	0		1	0	0	96	97	98	100	200	300	400	500	30602001	1	-1	100	100		30602002	1	-1	100	100		30603001	1	-1	100	100		30603002	1	-1	100	100		30604001	1	-1	100	100		30604002	1	-1	100	100		30605001	1	-1	100	100		30605002	1	-1	100	100		30601001	1	-1	100	100		0	1	-1	100	100																																																																																																																																																																																																																																																	
8	40	120	1	9	1	1	1	1	1	1500000	50	0		0	1	0	96	97	98	100	200	300	400	500	20101001	1	20	100	100		20101002	1	20	100	100		20101003	1	20	100	100		20101004	1	20	100	100		20101005	1	20	100	100		20103001	1	20	100	100		20103002	1	20	100	100		20104001	1	20	100	100		20104002	1	20	100	100		20105001	1	20	100	100		20105002	1	20	100	100		20304005	1	20	100	100		20304006	1	20	100	100		20107001	1	20	100	100		20107002	1	20	100	100		0	1	-1	100	100		0	1	-1	100	100		0	1	-1	100	100		0	1	-1	100	100		0	1	-1	100	100		0	1	-1	100	100		0	1	-1	100	100		0	1	-1	100	100		0	1	-1	100	100		0	1	-1	100	100		0	1	-1	100	100		0	1	-1	100	100		0	1	-1	100	100		0	1	-1	100	100		0	1	-1	100	100		0	1	-1	100	100		0	1	-1	100	100		0	1	-1	100	100		0	1	-1	100	100		0	1	-1	100	100		0	1	-1	100	100		0	1	-1	100	100		0	1	-1	100	100		0	1	-1	100	100		0	1	-1	100	100		0	1	-1	100	100		0	1	-1	100	100		0	1	-1	100	100		0	1	-1	100	100		0	1	-1	100	100		0	1	-1	100	100		0	1	-1	100	100		0	1	-1	100	100		0	1	-1	100	100		0	1	-1	100	100	
9	40	0	1	9	1	1	1	0	1	100000	50	0		0	0	0	96	97	98	100	200	300	400	500	30505023	1	-1	100	100		30505024	1	-1	100	100		30505025	1	-1	100	100		30505026	1	-1	100	100		0	1	-1	100	100		0	1	-1	100	100		0	1	-1	100	100		0	1	-1	100	100		0	1	-1	100	100		0	1	-1	100	100		0	1	-1	100	100		0	1	-1	100	100		0	1	-1	100	100		0	1	-1	100	100		0	1	-1	100	100		0	1	-1	100	100		0	1	-1	100	100		0	1	-1	100	100		0	1	-1	100	100		0	1	-1	100	100		0	1	-1	100	100		0	1	-1	100	100		0	1	-1	100	100		0	1	-1	100	100		0	1	-1	100	100		0	1	-1	100	100		0	1	-1	100	100		0	1	-1	100	100		0	1	-1	100	100		0	1	-1	100	100		0	1	-1	100	100		0	1	-1	100	100		0	1	-1	100	100		0	1	-1	100	100		0	1	-1	100	100		0	1	-1	100	100		0	1	-1	100	100		0	1	-1	100	100		0	1	-1	100	100		0	1	-1	100	100		0	1	-1	100	100		0	1	-1	100	100		0	1	-1	100	100		0	1	-1	100	100		0	1	-1	100	100		0	1	-1	100	100		0	1	-1	100	100		0	1	-1	100	100		0	1	-1	100	100		0	1	-1	100	100	
10	40	120	1	9	1	1	1	1	1	200000	50	0		1	0	0	96	97	98	100	200	300	400	500	30505050	1	-1	100	100		30505051	1	-1	100	100		30505052	1	-1	100	100		30505053	1	-1	100	100		0	1	-1	100	100																																																																																																																																																																																																																																																																															
11	40	120	1	9	1	1	1	1	1	100000	50	0		0	0	0	96	97	98	100	200	300	400	500	10100002	1	-1	100	100		10100003	1	-1	100	100		10101002	1	-1	100	100		10101003	1	-1	100	100		10102002	1	-1	100	100		10102003	1	-1	100	100		10103002	1	-1	100	100		10103003	1	-1	100	100		10104002	1	-1	100	100		10104003	1	-1	100	100		10105002	1	-1	100	100		10105003	1	-1	100	100		30300002	1	-1	100	100		30300012	1	-1	100	100		30300022	1	-1	100	100		30300032	1	-1	100	100		30300042	1	-1	100	100		30300052	1	-1	100	100		30300003	1	-1	100	100		30300013	1	-1	100	100		30300023	1	-1	100	100		30300033	1	-1	100	100		30300043	1	-1	100	100		30300053	1	-1	100	100		30505001	1	-1	100	100		30505011	1	-1	100	100		30505021	1	-1	100	100		0	1	-1	100	100		0	1	-1	100	100		0	1	-1	100	100		0	1	-1	100	100		0	1	-1	100	100		0	1	-1	100	100		0	1	-1	100	100		0	1	-1	100	100		0	1	-1	100	100		0	1	-1	100	100		0	1	-1	100	100		0	1	-1	100	100		0	1	-1	100	100		0	1	-1	100	100		0	1	-1	100	100		0	1	-1	100	100		0	1	-1	100	100		0	1	-1	100	100		0	1	-1	100	100		0	1	-1	100	100		0	1	-1	100	100		0	1	-1	100	100		0	1	-1	100	100	
12	40	120	1	9	1	1	1	1	1	100000	50	0		0	0	0	96	97	98	100	200	300	400	500	10110004	1	-1	100	100		10110005	1	-1	100	100		10110006	1	-1	100	100		10110007	1	-1	100	100		10110008	1	-1	100	100		10111004	1	-1	100	100		10111005	1	-1	100	100		10111006	1	-1	100	100		10111007	1	-1	100	100		10111008	1	-1	100	100		10112004	1	-1	100	100		10112005	1	-1	100	100		10112006	1	-1	100	100		10112007	1	-1	100	100		10112008	1	-1	100	100		10113004	1	-1	100	100		10113005	1	-1	100	100		10113006	1	-1	100	100		10113007	1	-1	100	100		10113008	1	-1	100	100		30507001	1	-1	100	100		30507011	1	-1	100	100		30507021	1	-1	100	100		30301002	-1	-1	100	100		30301012	-1	-1	100	100		30301022	-1	-1	100	100		30301032	-1	-1	100	100		30301072	-1	-1	100	100		30301082	-1	-1	100	100		30301092	-1	-1	100	100		30301102	1	-1	100	100		0	1	-1	100	100		0	1	-1	100	100		0	1	-1	100	100		0	1	-1	100	100		0	1	-1	100	100		0	1	-1	100	100		0	1	-1	100	100		0	1	-1	100	100		0	1	-1	100	100		0	1	-1	100	100		0	1	-1	100	100		0	1	-1	100	100		0	1	-1	100	100		0	1	-1	100	100		0	1	-1	100	100		0	1	-1	100	100		0	1	-1	100	100		0	1	-1	100	100		0	1	-1	100	100	
13	40	120	1	9	1	1	1	1	1	100000	50	0		0	0	0	96	97	98	100	200	300	400	500	10120002	1	-1	100	100		10120003	1	-1	100	100		10121002	1	-1	100	100		10121003	1	-1	100	100		10122002	1	-1	100	100		10122003	1	-1	100	100		30508001	1	-1	100	100		30508011	1	-1	100	100		30508021	1	-1	100	100		30302002	1	-1	100	100		30302012	1	-1	100	100		30302022	1	-1	100	100		30302003	1	-1	100	100		30302013	1	-1	100	100		30302023	1	-1	100	100		0	1	-1	100	100		0	1	-1	100	100		0	1	-1	100	100		0	1	-1	100	100		0	1	-1	100	100		0	1	-1	100	100		0	1	-1	100	100		0	1	-1	100	100		0	1	-1	100	100		0	1	-1	100	100		0	1	-1	100	100		0	1	-1	100	100		0	1	-1	100	100		0	1	-1	100	100		0	1	-1	100	100		0	1	-1	100	100		0	1	-1	100	100		0	1	-1	100	100		0	1	-1	100	100		0	1	-1	100	100		0	1	-1	100	100		0	1	-1	100	100		0	1	-1	100	100		0	1	-1	100	100		0	1	-1	100	100		0	1	-1	100	100		0	1	-1	100	100		0	1	-1	100	100		0	1	-1	100	100		0	1	-1	100	100		0	1	-1	100	100		0	1	-1	100	100		0	1	-1	100	100		0	1	-1	100	100		0	1	-1	100	100	
14	40	120	1	9	1	1	8	1	1	100000	50	0		1	0	0	96	97	98	100	200	300	400	500	30001001	1	-1	100	100		30001002	1	-1	100	100		30001003	1	-1	100	100		30002001	1	-1	100	100		30002002	1	-1	100	100		30002003	1	-1	100	100		30003001	1	-1	100	100		30003002	1	-1	100	100		30003003	1	-1	100	100		30101031	1	-1	100	100		30101032	1	-1	100	100		30101033	1	-1	100	100		30101034	1	-1	100	100		30101035	1	-1	100	100		30101036	1	-1	100	100		30101037	1	-1	100	100		30101038	1	-1	100	100		30101039	1	-1	100	100		30101040	1	-1	100	100		30101041	1	-1	100	100		30101042	1	-1	100	100		30101043	1	-1	100	100		30101044	1	-1	100	100		30101045	1	-1	100	100		30101046	1	-1	100	100		30101047	1	-1	100	100		30101048	1	-1	100	100		30101049	1	-1	100	100		30101050	1	-1	100	100		30303051	1	-1	100	100		30303052	1	-1	100	100		30303053	1	-1	100	100		30303001	1	-1	100	100		30303002	1	-1	100	100		30303003	1	-1	100	100		0	1	-1	100	100		0	1	-1	100	100		0	1	-1	100	100		0	1	-1	100	100		0	1	-1	100	100		0	1	-1	100	100		0	1	-1	100	100		0	1	-1	100	100		0	1	-1	100	100		0	1	-1	100	100		0	1	-1	100	100		0	1	-1	100	100		0	1	-1	100	100		0	1	-1	100	100		0	1	-1	100	100	
15	40	120	1	9	1	1	8	1	1	100000	50	0		1	0	0	96	97	98	100	200	300	400	500	30101031	1	-1	100	100		30101032	1	-1	100	100		30101033	1	-1	100	100		30101034	1	-1	100	100		30101035	1	-1	100	100		30101036	1	-1	100	100		30101037	1	-1	100	100		30101038	1	-1	100	100		30101039	1	-1	100	100		30101040	1	-1	100	100		30101041	1	-1	100	100		30101042	1	-1	100	100		30101043	1	-1	100	100		30101044	1	-1	100	100		30101045	1	-1	100	100		30101046	1	-1	100	100		30101047	1	-1	100	100		30101048	1	-1	100	100		30101049	1	-1	100	100		30101050	1	-1	100	100		30304030	1	-1	100	100		30304031	1	-1	100	100		30304032	1	-1	100	100		30304033	1	-1	100	100		30304036	1	-1	100	100		30304037	1	-1	100	100		0	1	-1	100	100		0	1	-1	100	100		0	1	-1	100	100		0	1	-1	100	100		0	1	-1	100	100		0	1	-1	100	100		0	1	-1	100	100		0	1	-1	100	100		0	1	-1	100	100		0	1	-1	100	100		0	1	-1	100	100		0	1	-1	100	100		0	1	-1	100	100		0	1	-1	100	100		0	1	-1	100	100		0	1	-1	100	100		0	1	-1	100	100		0	1	-1	100	100		0	1	-1	100	100		0	1	-1	100	100		0	1	-1	100	100		0	1	-1	100	100		0	1	-1	100	100		0	1	-1	100	100	
16	40	120	1	9	1	1	1	1	1	3600000	50	0		1	0	0	96	97	98	100	200	300	400	500	30501106	1	-1	100	100		10100031	1	-1	100	100		10102012	1	-1	100	100		10102013	1	-1	100	100		20301001	1	-1	100	100		20301002	1	-1	100	100		20301003	1	-1	100	100		20304001	1	-1	100	100		20304002	1	-1	100	100		20304003	1	-1	100	100		20304004	1	-1	100	100		20304017	1	-1	100	100		20304018	1	-1	100	100		20304019	1	-1	100	100		20304020	1	-1	100	100		20304021	1	-1	100	100		20304022	1	-1	100	100		30505010	1	-1	100	100		30505011	1	-1	100	100		30505012	1	-1	100	100		0	1	1	100	100		0	1	1	100	100		0	1	-1	100	100		0	1	-1	100	100		0	1	-1	100	100		0	1	-1	100	100		0	1	-1	100	100		0	1	-1	100	100		0	1	-1	100	100		0	1	-1	100	100		0	1	-1	100	100		0	1	-1	100	100		0	1	-1	100	100		0	1	-1	100	100		0	1	-1	100	100		0	1	-1	100	100		0	1	-1	100	100		0	1	-1	100	100		0	1	-1	100	100		0	1	-1	100	100		0	1	-1	100	100		0	1	-1	100	100		0	1	-1	100	100		0	1	-1	100	100		0	1	-1	100	100		0	1	-1	100	100		0	1	-1	100	100		0	1	-1	100	100		0	1	-1	100	100							
17	40	120	1	9	1	1	8	1	1	100000	50	0		1	0	0	96	97	98	100	200	300	400	500	30602001	1	-1	100	100		30602002	1	-1	100	100		30602003	1	-1	100	100		30602004	1	-1	100	100		30603001	1	-1	100	100		30603002	1	-1	100	100		30603003	1	-1	100	100		30603004	1	-1	100	100		30604001	1	-1	100	100		30604002	1	-1	100	100		30604003	1	-1	100	100		30604004	1	-1	100	100		30605001	1	-1	100	100		30605002	1	-1	100	100		30605003	1	-1	100	100		30605004	1	-1	100	100		30601001	1	-1	100	100		30601004	1	-1	100	100		0	1	-1	100	100		0	1	-1	100	100		0	1	-1	100	100		0	1	-1	100	100		0	1	-1	100	100		0	1	-1	100	100		0	1	-1	100	100		0	1	-1	100	100		0	1	-1	100	100		0	1	-1	100	100		0	1	-1	100	100		0	1	-1	100	100		0	1	-1	100	100		0	1	-1	100	100		0	1	-1	100	100		0	1	-1	100	100		0	1	-1	100	100		0	1	-1	100	100		0	1	-1	100	100		0	1	-1	100	100		0	1	-1	100	100		0	1	-1	100	100		0	1	-1	100	100		0	1	-1	100	100		0	1	-1	100	100		0	1	-1	100	100		0	1	-1	100	100		0	1	-1	100	100		0	1	-1	100	100		0	1	-1	100	100		0	1	-1	100	100		0	1	-1	100	100	
18	40	120	1	9	1	1	1	1	1	1500000	50	0		0	1	0	96	97	98	100	200	300	400	500	20101001	1	20	100	100		20101002	1	20	100	100		20101003	1	20	100	100		20101004	1	20	100	100		20101005	1	20	100	100		20102001	1	20	100	100		20102013	1	20	100	100		20102002	1	20	100	100		20102014	1	20	100	100		20102003	1	20	100	100		20102015	1	20	100	100		20103001	1	20	100	100		20103002	1	20	100	100		20103003	1	20	100	100		20104001	1	20	100	100		20104002	1	20	100	100		20104003	1	20	100	100		20105001	1	20	100	100		20105002	1	20	100	100		20105003	1	20	100	100		20304005	1	20	100	100		20304006	1	20	100	100		20304007	1	20	100	100		20107001	1	20	100	100		20107002	1	20	100	100		20107003	1	20	100	100		20107004	1	20	100	100		0	1	-1	100	100		0	1	-1	100	100		0	1	-1	100	100		0	1	-1	100	100		0	1	-1	100	100		0	1	-1	100	100		0	1	-1	100	100		0	1	-1	100	100		0	1	-1	100	100		0	1	-1	100	100		0	1	-1	100	100		0	1	-1	100	100		0	1	-1	100	100		0	1	-1	100	100		0	1	-1	100	100		0	1	-1	100	100		0	1	-1	100	100		0	1	-1	100	100		0	1	-1	100	100		0	1	-1	100	100		0	1	-1	100	100		0	1	-1	100	100		0	1	-1	100	100	
19	40	0	1	9	1	1	5	0	1	100000	50	0		0	0	0	96	97	98	100	200	300	400	500	30501003	1	-1	100	100		30501007	1	-1	100	100		30501008	1	-1	100	100		30501009	1	-1	100	100		30501010	1	-1	100	100		30501011	1	-1	100	100		30501012	1	-1	100	100		30501013	1	-1	100	100		30501014	1	-1	100	100		30501015	1	-1	100	100		30501016	1	-1	100	100		0	1	-1	100	100																																																																																																																																																																																																																																					
20	40	0	1	9	1	1	1	0	2	29987000	50	0		0	1	0	96	97	98	100	200	300	400	500	50101002	1	10	100	100		50111002	1	10	100	100		50113002	1	10	100	100		50102003	1	10	100	100		0	1	-1	100	100		0	1	-1	100	100		0	1	-1	100	100		0	1	-1	100	100		0	1	-1	100	100		0	1	-1	100	100		0	1	-1	100	100		0	1	-1	100	100		0	1	-1	100	100		0	1	-1	100	100		0	1	-1	100	100		0	1	-1	100	100		0	1	-1	100	100		0	1	-1	100	100		0	1	-1	100	100		0	1	-1	100	100		0	1	-1	100	100		0	1	-1	100	100		0	1	-1	100	100		0	1	-1	100	100		0	1	-1	100	100		0	1	-1	100	100		0	1	-1	100	100		0	1	-1	100	100		0	1	-1	100	100		0	1	-1	100	100		0	1	-1	100	100		0	1	-1	100	100		0	1	-1	100	100		0	1	-1	100	100		0	1	-1	100	100		0	1	-1	100	100		0	1	-1	100	100		0	1	-1	100	100		0	1	-1	100	100		0	1	-1	100	100		0	1	-1	100	100		0	1	-1	100	100		0	1	-1	100	100		0	1	-1	100	100		0	1	-1	100	100		0	1	-1	100	100		0	1	-1	100	100		0	1	-1	100	100		0	1	-1	100	100		0	1	-1	100	100	
21	40	120	1	9	1	1	1	1	1	100000	50	0		0	0	0	96	97	98	100	200	300	400	500	10100003	1	-1	100	100		10100004	1	-1	100	100		10101003	1	-1	100	100		10101004	1	-1	100	100		10102003	1	-1	100	100		10102004	1	-1	100	100		10103003	1	-1	100	100		10103004	1	-1	100	100		10104003	1	-1	100	100		10104004	1	-1	100	100		10105003	1	-1	100	100		10105004	1	-1	100	100		30505021	1	-1	100	100		30505031	1	-1	100	100		30300003	1	-1	100	100		30300013	1	-1	100	100		30300023	1	-1	100	100		30300033	1	-1	100	100		30300043	1	-1	100	100		30300053	1	-1	100	100		0	1	-1	100	100		0	1	-1	100	100		0	1	-1	100	100		0	1	-1	100	100		0	1	-1	100	100		0	1	-1	100	100		0	1	-1	100	100		0	1	-1	100	100		0	1	-1	100	100		0	1	-1	100	100		0	1	-1	100	100		0	1	-1	100	100		0	1	-1	100	100		0	1	-1	100	100		0	1	-1	100	100		0	1	-1	100	100		0	1	-1	100	100		0	1	-1	100	100		0	1	-1	100	100		0	1	-1	100	100		0	1	-1	100	100		0	1	-1	100	100		0	1	-1	100	100		0	1	-1	100	100		0	1	-1	100	100		0	1	-1	100	100		0	1	-1	100	100		0	1	-1	100	100		0	1	-1	100	100		0	1	-1	100	100	
22	40	120	1	9	1	1	1	1	1	100000	50	0		0	0	0	96	97	98	100	200	300	400	500	10110006	1	-1	100	100		10110007	1	-1	100	100		10110008	1	-1	100	100		10110009	1	-1	100	100		10110010	1	-1	100	100		10110011	1	-1	100	100		10111006	1	-1	100	100		10111007	1	-1	100	100		10111008	1	-1	100	100		10111009	1	-1	100	100		10111010	1	-1	100	100		10111011	1	-1	100	100		10112006	1	-1	100	100		10112007	1	-1	100	100		10112008	1	-1	100	100		10112009	1	-1	100	100		10112010	1	-1	100	100		10112011	1	-1	100	100		10113006	1	-1	100	100		10113007	1	-1	100	100		10113008	1	-1	100	100		10113009	1	-1	100	100		10113010	1	-1	100	100		10113011	1	-1	100	100		30507021	1	-1	100	100		30507031	1	-1	100	100		30301003	-1	-1	100	100		30301013	-1	-1	100	100		30301023	-1	-1	100	100		30301033	-1	-1	100	100		30301113	1	-1	100	100		30301123	1	-1	100	100		30301133	1	-1	100	100		30301143	1	-1	100	100		0	1	-1	100	100		0	1	-1	100	100		0	1	-1	100	100		0	1	-1	100	100		0	1	-1	100	100		0	1	-1	100	100		0	1	-1	100	100		0	1	-1	100	100		0	1	-1	100	100		0	1	-1	100	100		0	1	-1	100	100		0	1	-1	100	100		0	1	-1	100	100		0	1	-1	100	100		0	1	-1	100	100		0	1	-1	100	100	
23	40	120	1	9	1	1	1	1	1	100000	50	0		0	0	0	96	97	98	100	200	300	400	500	10120003	1	-1	100	100		10120004	1	-1	100	100		10121003	1	-1	100	100		10121004	1	-1	100	100		10122003	1	-1	100	100		10122004	1	-1	100	100		30508021	1	-1	100	100		30508031	1	-1	100	100		30302003	1	-1	100	100		30302013	1	-1	100	100		30302023	1	-1	100	100		0	1	-1	100	100		0	1	-1	100	100		0	1	-1	100	100		0	1	-1	100	100		0	1	-1	100	100		0	1	-1	100	100		0	1	-1	100	100		0	1	-1	100	100		0	1	-1	100	100		0	1	-1	100	100		0	1	-1	100	100		0	1	-1	100	100		0	1	-1	100	100		0	1	-1	100	100		0	1	-1	100	100		0	1	-1	100	100		0	1	-1	100	100		0	1	-1	100	100		0	1	-1	100	100		0	1	-1	100	100		0	1	-1	100	100		0	1	-1	100	100		0	1	-1	100	100		0	1	-1	100	100		0	1	-1	100	100		0	1	-1	100	100		0	1	-1	100	100		0	1	-1	100	100		0	1	-1	100	100		0	1	-1	100	100		0	1	-1	100	100		0	1	-1	100	100		0	1	-1	100	100		0	1	-1	100	100		0	1	-1	100	100		0	1	-1	100	100		0	1	-1	100	100		0	1	-1	100	100		0	1	-1	100	100	
24	40	120	1	9	1	1	8	1	1	100000	50	0		1	0	0	96	97	98	100	200	300	400	500	30101031	1	-1	100	100		30101032	1	-1	100	100		30101033	1	-1	100	100		30101034	1	-1	100	100		30101035	1	-1	100	100		30101036	1	-1	100	100		30101037	1	-1	100	100		30101038	1	-1	100	100		30101039	1	-1	100	100		30101040	1	-1	100	100		30101041	1	-1	100	100		30101042	1	-1	100	100		30101043	1	-1	100	100		30101044	1	-1	100	100		30101045	1	-1	100	100		30101046	1	-1	100	100		30101047	1	-1	100	100		30101048	1	-1	100	100		30101049	1	-1	100	100		30101050	1	-1	100	100		30001003	1	-1	100	100		30001004	1	-1	100	100		30002003	1	-1	100	100		30002004	1	-1	100	100		30003003	1	-1	100	100		30003004	1	-1	100	100		30303053	1	-1	100	100		30303003	1	-1	100	100		0	1	-1	100	100		0	1	-1	100	100		0	1	-1	100	100		0	1	-1	100	100		0	1	-1	100	100		0	1	-1	100	100		0	1	-1	100	100		0	1	-1	100	100		0	1	-1	100	100		0	1	-1	100	100		0	1	-1	100	100		0	1	-1	100	100		0	1	-1	100	100		0	1	-1	100	100		0	1	-1	100	100		0	1	-1	100	100		0	1	-1	100	100		0	1	-1	100	100		0	1	-1	100	100		0	1	-1	100	100		0	1	-1	100	100		0	1	-1	100	100	
25	40	120	1	9	1	1	8	1	1	100000	50	0		1	0	0	96	97	98	100	200	300	400	500	30101033	1	-1	100	100		30101034	1	-1	100	100		30101035	1	-1	100	100		30101036	1	-1	100	100		30101037	1	-1	100	100		30101038	1	-1	100	100		30101039	1	-1	100	100		30101040	1	-1	100	100		30101043	1	-1	100	100		30101044	1	-1	100	100		30101045	1	-1	100	100		30101046	1	-1	100	100		30101047	1	-1	100	100		30101048	1	-1	100	100		30101049	1	-1	100	100		30101050	1	-1	100	100		30304038	1	-1	100	100		30304034	1	-1	100	100		30304035	1	-1	100	100		0	1	-1	100	100		0	1	-1	100	100		0	1	-1	100	100		0	1	-1	100	100		0	1	-1	100	100		0	1	-1	100	100		0	1	-1	100	100		0	1	-1	100	100		0	1	-1	100	100		0	1	-1	100	100		0	1	-1	100	100		0	1	-1	100	100		0	1	-1	100	100		0	1	-1	100	100		0	1	-1	100	100		0	1	-1	100	100		0	1	-1	100	100		0	1	-1	100	100		0	1	-1	100	100		0	1	-1	100	100		0	1	-1	100	100		0	1	-1	100	100		0	1	-1	100	100		0	1	-1	100	100		0	1	-1	100	100		0	1	-1	100	100		0	1	-1	100	100		0	1	-1	100	100		0	1	-1	100	100		0	1	-1	100	100		0	1	-1	100	100	
26	40	120	1	9	1	1	1	1	1	100000	50	0		1	0	0	96	97	98	100	200	300	400	500	30501106	1	-1	100	100		10100031	1	-1	100	100		10102012	1	-1	100	100		10102013	1	-1	100	100		20301001	1	-1	100	100		20301002	1	-1	100	100		20301003	1	-1	100	100		20304001	1	-1	100	100		20304002	1	-1	100	100		20304003	1	-1	100	100		20304004	1	-1	100	100		20304017	1	-1	100	100		20304018	1	-1	100	100		20304019	1	-1	100	100		20304020	1	-1	100	100		20304021	1	-1	100	100		20304022	1	-1	100	100		30505010	1	-1	100	100		30505011	1	-1	100	100		30505012	1	-1	100	100		0	1	-1	100	100																																																																																																																																																																															
27	40	120	1	9	1	1	8	1	1	100000	50	0		1	0	0	96	97	98	100	200	300	400	500	30602001	1	-1	100	100		30602002	1	-1	100	100		30602003	1	-1	100	100		30602004	1	-1	100	100		30603001	1	-1	100	100		30603002	1	-1	100	100		30603003	1	-1	100	100		30603004	1	-1	100	100		30604001	1	-1	100	100		30604002	1	-1	100	100		30604003	1	-1	100	100		30604004	1	-1	100	100		30605001	1	-1	100	100		30605002	1	-1	100	100		30605003	1	-1	100	100		30605004	1	-1	100	100		30601001	1	-1	100	100		30601004	1	-1	100	100		0	1	-1	100	100		0	1	-1	100	100		0	1	-1	100	100		0	1	-1	100	100		0	1	-1	100	100		0	1	-1	100	100		0	1	-1	100	100		0	1	-1	100	100		0	1	-1	100	100		0	1	-1	100	100		0	1	-1	100	100		0	1	-1	100	100		0	1	-1	100	100		0	1	-1	100	100		0	1	-1	100	100		0	1	-1	100	100		0	1	-1	100	100		0	1	-1	100	100		0	1	-1	100	100		0	1	-1	100	100		0	1	-1	100	100		0	1	-1	100	100		0	1	-1	100	100		0	1	-1	100	100		0	1	-1	100	100		0	1	-1	100	100		0	1	-1	100	100		0	1	-1	100	100		0	1	-1	100	100		0	1	-1	100	100		0	1	-1	100	100		0	1	-1	100	100	
28	40	120	1	9	1	1	1	1	1	900000	50	0		0	1	0	96	97	98	100	200	300	400	500	20101009	1	10	100	100		20101010	1	10	100	100		20101011	1	10	100	100		20103004	1	10	100	100		20104004	1	10	100	100		20105004	1	10	100	100		20107009	1	10	100	100		20107010	1	10	100	100		20304008	1	10	100	100		0	1	-1	100	100		0	1	-1	100	100		0	1	-1	100	100		0	1	-1	100	100		0	1	-1	100	100		0	1	-1	100	100		0	1	-1	100	100		0	1	-1	100	100		0	1	-1	100	100		0	1	-1	100	100		0	1	-1	100	100		0	1	-1	100	100		0	1	-1	100	100		0	1	-1	100	100		0	1	-1	100	100		0	1	-1	100	100		0	1	-1	100	100		0	1	-1	100	100		0	1	-1	100	100		0	1	-1	100	100		0	1	-1	100	100		0	1	-1	100	100		0	1	-1	100	100		0	1	-1	100	100		0	1	-1	100	100		0	1	-1	100	100		0	1	-1	100	100		0	1	-1	100	100		0	1	-1	100	100		0	1	-1	100	100		0	1	-1	100	100		0	1	-1	100	100		0	1	-1	100	100		0	1	-1	100	100		0	1	-1	100	100		0	1	-1	100	100		0	1	-1	100	100		0	1	-1	100	100		0	1	-1	100	100		0	1	-1	100	100		0	1	-1	100	100	
29	40	0	1	9	1	1	1	0	1	100000	50	0		0	0	0	96	97	98	100	200	300	400	500	30004001	1	-1	100	100		30004002	1	-1	100	100		30004003	1	-1	100	100		30004004	1	-1	100	100		30004005	1	-1	100	100		30004006	1	-1	100	100		30004007	1	-1	100	100		30004008	1	-1	100	100		30004009	1	-1	100	100		30004010	1	-1	100	100		30004011	1	-1	100	100		30004012	1	-1	100	100		30004013	1	-1	100	100		30004014	1	-1	100	100		30004015	1	-1	100	100		30004016	1	-1	100	100		30004017	1	-1	100	100		30004018	1	-1	100	100		30004019	1	-1	100	100		30004020	1	-1	100	100		30004021	1	-1	100	100		30004022	1	-1	100	100		30004023	1	-1	100	100		30004024	1	-1	100	100		30004025	1	-1	100	100		30005001	1	-1	100	100		30005002	1	-1	100	100		30005003	1	-1	100	100		30005004	1	-1	100	100		30005005	1	-1	100	100		30005006	1	-1	100	100		30005007	1	-1	100	100		30005008	1	-1	100	100		30005009	1	-1	100	100		0	1	-1	100	100		0	1	-1	100	100		0	1	-1	100	100		0	1	-1	100	100		0	1	-1	100	100		0	1	-1	100	100		0	1	-1	100	100		0	1	-1	100	100		0	1	-1	100	100		0	1	-1	100	100		0	1	-1	100	100		0	1	-1	100	100		0	1	-1	100	100		0	1	-1	100	100		0	1	-1	100	100		0	1	-1	100	100	
30	40	0	1	9	1	1	1	0	1	100000	50	0		1	0	0	96	97	98	100	200	300	400	500	30303103	1	-1	100	100		30303104	1	-1	100	100		30303105	1	-1	100	100		30303106	1	-1	100	100		30303107	1	-1	100	100		30303108	1	-1	100	100		30303109	1	-1	100	100		30303110	1	-1	100	100		30303111	1	-1	100	100		30303112	1	-1	100	100		0	1	-1	100	100		0	1	-1	100	100		0	1	-1	100	100		0	1	-1	100	100		0	1	-1	100	100		0	1	-1	100	100		0	1	-1	100	100		0	1	-1	100	100		0	1	-1	100	100		0	1	-1	100	100		0	1	-1	100	100		0	1	-1	100	100		0	1	-1	100	100		0	1	-1	100	100		0	1	-1	100	100		0	1	-1	100	100		0	1	-1	100	100		0	1	-1	100	100		0	1	-1	100	100		0	1	-1	100	100		0	1	-1	100	100		0	1	-1	100	100		0	1	-1	100	100		0	1	-1	100	100		0	1	-1	100	100		0	1	-1	100	100		0	1	-1	100	100		0	1	-1	100	100		0	1	-1	100	100		0	1	-1	100	100		0	1	-1	100	100		0	1	-1	100	100		0	1	-1	100	100		0	1	-1	100	100		0	1	-1	100	100		0	1	-1	100	100		0	1	-1	100	100		0	1	-1	100	100		0	1	-1	100	100		0	1	-1	100	100	
31	40	0	1	9	1	1	1	0	1	10800000	50	0		0	1	0	96	97	98	100	200	300	400	500	0	1	20	4000	100		0	1	30	100	100		0	1	100	500	100		20501006	1	80	2000	100		30505107	1	20	500	100		30008029	1	200	50	100		30008053	1	5	1500	100		30503140	1	10	4000	100		30900016	1	20	1000	100		30505817	1	5	4000	100		10141266	1	-1	35000	100		10141149	1	-1	35000	100	#G	10141155	1	-1	35000	100	#G	10141159	1	-1	35000	100	#G	10141163	1	-1	35000	100	#G	10141167	1	-1	35000	100	#G	10141171	1	-1	35000	100	#G	10141175	1	-1	35000	100	#G	10141183	1	-1	35000	100	#G	10141187	1	-1	35000	100	#G	10141197	1	-1	35000	100	#G	10141201	1	-1	35000	100	#G	10141217	1	-1	35000	100	#G	10141226	1	-1	35000	100	#G	10141227	1	-1	35000	100	#G	10141230	1	-1	35000	100	#G	10141233	1	-1	35000	100	#G	10141237	1	-1	35000	100	#G	10141241	1	-1	35000	100	#G	10141245	1	-1	35000	100	#G	10141250	1	-1	35000	100	#G	10141254	1	-1	35000	100	#G	10141263	1	-1	35000	100	#G	10141271	1	-1	35000	100	#G	10141275	1	-1	35000	100	#G	10141288	1	-1	35000	100	#G	10141292	1	-1	35000	100		10141296	1	-1	35000	100		10141300	1	-1	35000	100		10141308	1	-1	35000	100		10141317	1	-1	35000	100		10141323	1	-1	35000	100		10141328	1	-1	35000	100		10141333	1	-1	35000	100		10141335	1	-1	35000	100		20502006	1	80	100	100		10141337	1	-1	35000	100		10141338	1	-1	35000	100		10141380	1	-1	35000	100		30501122	1	50	35000	100	
32	40	0	1	9	1	1	1	0	2	29987000	50	0		0	1	0	96	97	98	100	200	300	400	500	50111001	1	10	100	100		50111002	1	10	100	100		50112001	1	10	100	100		50112002	1	10	100	100		50112003	1	10	100	100		50112004	1	10	100	100		50113001	1	10	100	100		50113002	1	10	100	100		50113003	1	10	100	100		50113004	1	10	100	100		50113005	1	10	100	100		50114001	1	10	100	100		30501004	1	2	100	100		30501005	1	2	100	100		30501006	1	2	100	100		30503011	1	2	100	100		0	1	-1	100	100		0	1	-1	100	100		0	1	-1	100	100		0	1	-1	100	100		0	1	-1	100	100		0	1	-1	100	100		0	1	-1	100	100		0	1	-1	100	100		0	1	-1	100	100		0	1	-1	100	100		0	1	-1	100	100		0	1	-1	100	100		0	1	-1	100	100		0	1	-1	100	100		0	1	-1	100	100		0	1	-1	100	100		0	1	-1	100	100		0	1	-1	100	100		0	1	-1	100	100		0	1	-1	100	100		0	1	-1	100	100		0	1	-1	100	100		0	1	-1	100	100		0	1	-1	100	100		0	1	-1	100	100		0	1	-1	100	100		0	1	-1	100	100		0	1	-1	100	100		0	1	-1	100	100		0	1	-1	100	100		0	1	-1	100	100		0	1	-1	100	100		0	1	-1	100	100		0	1	-1	100	100	
33	40	120	1	8	1	1	4	0	1	600000	50	0		0	1	0	96	97	98	100	200	300	400	500	20400001	1	-1	3800	100		0	1	-1	1000	100		0	1	-1	1000	100		0	1	-1	1000	100		0	1	-1	100	100		0	1	-1	100	100		0	1	-1	100	100		0	1	-1	100	100		0	1	-1	100	100		0	1	-1	100	100		0	1	-1	100	100		0	1	-1	100	100		0	1	-1	100	100		0	1	-1	100	100		0	1	-1	100	100		0	1	-1	100	100		0	1	-1	100	100		0	1	-1	100	100		0	1	-1	100	100		0	1	-1	100	100		0	1	-1	100	100		0	1	-1	100	100		0	1	-1	100	100		0	1	-1	100	100		0	1	-1	100	100		0	1	-1	100	100		0	1	-1	100	100		0	1	-1	100	100		0	1	-1	100	100		0	1	-1	100	100		0	1	-1	100	100		0	1	-1	100	100		0	1	-1	100	100		0	1	-1	100	100		0	1	-1	100	100		0	1	-1	100	100		0	1	-1	100	100		0	1	-1	100	100		0	1	-1	100	100		0	1	-1	100	100		0	1	-1	100	100		0	1	-1	100	100		0	1	-1	100	100		0	1	-1	100	100		0	1	-1	100	100		0	1	-1	100	100		0	1	-1	100	100		0	1	-1	100	100		0	1	-1	100	100		0	1	-1	100	100	
34	40	120	1	8	1	1	4	0	1	600000	50	0		0	1	0	96	97	98	100	200	300	400	500	20400003	1	-1	3800	100		0	1	-1	1000	100		0	1	-1	1000	100		0	1	-1	1000	100		0	1	-1	100	100		0	1	-1	100	100		0	1	-1	100	100		0	1	-1	100	100		0	1	-1	100	100		0	1	-1	100	100		0	1	-1	100	100		0	1	-1	100	100		0	1	-1	100	100		0	1	-1	100	100		0	1	-1	100	100		0	1	-1	100	100		0	1	-1	100	100		0	1	-1	100	100		0	1	-1	100	100		0	1	-1	100	100		0	1	-1	100	100		0	1	-1	100	100		0	1	-1	100	100		0	1	-1	100	100		0	1	-1	100	100		0	1	-1	100	100		0	1	-1	100	100		0	1	-1	100	100		0	1	-1	100	100		0	1	-1	100	100		0	1	-1	100	100		0	1	-1	100	100		0	1	-1	100	100		0	1	-1	100	100		0	1	-1	100	100		0	1	-1	100	100		0	1	-1	100	100		0	1	-1	100	100		0	1	-1	100	100		0	1	-1	100	100		0	1	-1	100	100		0	1	-1	100	100		0	1	-1	100	100		0	1	-1	100	100		0	1	-1	100	100		0	1	-1	100	100		0	1	-1	100	100		0	1	-1	100	100		0	1	-1	100	100		0	1	-1	100	100	
35	40	120	1	8	1	1	4	0	1	600000	50	0		0	1	0	96	97	98	100	200	300	400	500	20400007	1	-1	3800	100		0	1	-1	1000	100		0	1	-1	1000	100		0	1	-1	1000	100		0	1	-1	100	100		0	1	-1	100	100		0	1	-1	100	100		0	1	-1	100	100		0	1	-1	100	100		0	1	-1	100	100		0	1	-1	100	100		0	1	-1	100	100		0	1	-1	100	100		0	1	-1	100	100		0	1	-1	100	100		0	1	-1	100	100		0	1	-1	100	100		0	1	-1	100	100		0	1	-1	100	100		0	1	-1	100	100		0	1	-1	100	100		0	1	-1	100	100		0	1	-1	100	100		0	1	-1	100	100		0	1	-1	100	100		0	1	-1	100	100		0	1	-1	100	100		0	1	-1	100	100		0	1	-1	100	100		0	1	-1	100	100		0	1	-1	100	100		0	1	-1	100	100		0	1	-1	100	100		0	1	-1	100	100		0	1	-1	100	100		0	1	-1	100	100		0	1	-1	100	100		0	1	-1	100	100		0	1	-1	100	100		0	1	-1	100	100		0	1	-1	100	100		0	1	-1	100	100		0	1	-1	100	100		0	1	-1	100	100		0	1	-1	100	100		0	1	-1	100	100		0	1	-1	100	100		0	1	-1	100	100		0	1	-1	100	100		0	1	-1	100	100	
41	40	120	1	9	1	1	8	1	1	1800000	50	0		0	1	0	96	97	98	100	200	300	400	500	10141001	1	-1	100	100		10141010	1	-1	1000	100		0	-1	-1	1000	100		0	-1	-1	100	100		0	-1	-1	100	100		0	-1	-1	100	100		0	-1	-1	100	100		0	-1	-1	100	100		0	-1	-1	100	100		0	-1	-1	100	100		0	-1	-1	100	100		0	-1	-1	100	100		0	-1	-1	100	100		0	-1	-1	100	100		0	-1	-1	100	100		0	-1	-1	100	100		0	-1	-1	100	100		0	-1	-1	100	100		0	-1	-1	100	100		0	-1	-1	100	100		0	-1	-1	100	100		0	-1	-1	100	100		0	1	-1	100	100		0	1	-1	100	100		0	1	-1	100	100		0	1	-1	100	100		0	1	-1	100	100		0	1	-1	100	100		0	1	-1	100	100		0	1	-1	100	100		0	1	-1	100	100		0	1	-1	100	100		0	1	-1	100	100		0	1	-1	100	100		0	1	-1	100	100		0	1	-1	100	100		0	1	-1	100	100		0	1	-1	100	100		0	1	-1	100	100		0	1	-1	100	100		0	1	-1	100	100		0	1	-1	100	100		0	1	-1	100	100		0	1	-1	100	100		0	1	-1	100	100		0	1	-1	100	100		0	1	-1	100	100		0	1	-1	100	100		0	1	-1	100	100		0	1	-1	100	100	
42	40	120	1	9	1	1	8	1	1	1800000	50	0		0	1	0	96	97	98	100	200	300	400	500	10141002	1	-1	100	100		10141011	1	-1	1000	100		0	-1	-1	1000	100		0	-1	-1	100	100		0	-1	-1	100	100		0	-1	-1	100	100		0	-1	-1	100	100		0	-1	-1	100	100		0	-1	-1	100	100		0	-1	-1	100	100		0	-1	-1	100	100		0	-1	-1	100	100		0	-1	-1	100	100		0	-1	-1	100	100		0	-1	-1	100	100		0	-1	-1	100	100		0	-1	-1	100	100		0	-1	-1	100	100		0	-1	-1	100	100		0	-1	-1	100	100		0	-1	-1	100	100		0	-1	-1	100	100		0	1	-1	100	100		0	1	-1	100	100		0	1	-1	100	100		0	1	-1	100	100		0	1	-1	100	100		0	1	-1	100	100		0	1	-1	100	100		0	1	-1	100	100		0	1	-1	100	100		0	1	-1	100	100		0	1	-1	100	100		0	1	-1	100	100		0	1	-1	100	100		0	1	-1	100	100		0	1	-1	100	100		0	1	-1	100	100		0	1	-1	100	100		0	1	-1	100	100		0	1	-1	100	100		0	1	-1	100	100		0	1	-1	100	100		0	1	-1	100	100		0	1	-1	100	100		0	1	-1	100	100		0	1	-1	100	100		0	1	-1	100	100		0	1	-1	100	100		0	1	-1	100	100	
43	40	120	1	9	1	1	8	1	1	1800000	50	0		0	1	0	96	97	98	100	200	300	400	500	10141019	1	-1	100	100		10141020	1	-1	1000	100		0	-1	-1	1000	100		0	-1	-1	100	100		0	-1	-1	100	100		0	-1	-1	100	100		0	-1	-1	100	100		0	-1	-1	100	100		0	-1	-1	100	100		0	-1	-1	100	100		0	-1	-1	100	100		0	-1	-1	100	100		0	-1	-1	100	100		0	-1	-1	100	100		0	-1	-1	100	100		0	-1	-1	100	100		0	-1	-1	100	100		0	-1	-1	100	100		0	-1	-1	100	100		0	-1	-1	100	100		0	-1	-1	100	100		0	-1	-1	100	100		0	1	-1	100	100		0	1	-1	100	100		0	1	-1	100	100		0	1	-1	100	100		0	1	-1	100	100		0	1	-1	100	100		0	1	-1	100	100		0	1	-1	100	100		0	1	-1	100	100		0	1	-1	100	100		0	1	-1	100	100		0	1	-1	100	100		0	1	-1	100	100		0	1	-1	100	100		0	1	-1	100	100		0	1	-1	100	100		0	1	-1	100	100		0	1	-1	100	100		0	1	-1	100	100		0	1	-1	100	100		0	1	-1	100	100		0	1	-1	100	100		0	1	-1	100	100		0	1	-1	100	100		0	1	-1	100	100		0	1	-1	100	100		0	1	-1	100	100		0	1	-1	100	100	
44	40	120	1	9	1	1	8	1	1	1800000	50	0		0	1	0	96	97	98	100	200	300	400	500	10141004	1	-1	100	100		10141013	1	-1	1000	100		0	-1	-1	1000	100		0	-1	-1	100	100		0	-1	-1	100	100		0	-1	-1	100	100		0	-1	-1	100	100		0	-1	-1	100	100		0	-1	-1	100	100		0	-1	-1	100	100		0	-1	-1	100	100		0	-1	-1	100	100		0	-1	-1	100	100		0	-1	-1	100	100		0	-1	-1	100	100		0	-1	-1	100	100		0	-1	-1	100	100		0	-1	-1	100	100		0	-1	-1	100	100		0	-1	-1	100	100		0	-1	-1	100	100		0	-1	-1	100	100		0	1	-1	100	100		0	1	-1	100	100		0	1	-1	100	100		0	1	-1	100	100		0	1	-1	100	100		0	1	-1	100	100		0	1	-1	100	100		0	1	-1	100	100		0	1	-1	100	100		0	1	-1	100	100		0	1	-1	100	100		0	1	-1	100	100		0	1	-1	100	100		0	1	-1	100	100		0	1	-1	100	100		0	1	-1	100	100		0	1	-1	100	100		0	1	-1	100	100		0	1	-1	100	100		0	1	-1	100	100		0	1	-1	100	100		0	1	-1	100	100		0	1	-1	100	100		0	1	-1	100	100		0	1	-1	100	100		0	1	-1	100	100		0	1	-1	100	100		0	1	-1	100	100	
45	40	120	1	9	1	1	8	1	1	1800000	50	0		0	1	0	96	97	98	100	200	300	400	500	10141005	1	-1	100	100		10141014	1	-1	1000	100		0	-1	-1	1000	100		0	-1	-1	100	100		0	-1	-1	100	100		0	-1	-1	100	100		0	-1	-1	100	100		0	-1	-1	100	100		0	-1	-1	100	100		0	-1	-1	100	100		0	-1	-1	100	100		0	-1	-1	100	100		0	-1	-1	100	100		0	-1	-1	100	100		0	-1	-1	100	100		0	-1	-1	100	100		0	-1	-1	100	100		0	-1	-1	100	100		0	-1	-1	100	100		0	-1	-1	100	100		0	-1	-1	100	100		0	-1	-1	100	100		0	1	-1	100	100		0	1	-1	100	100		0	1	-1	100	100		0	1	-1	100	100		0	1	-1	100	100		0	1	-1	100	100		0	1	-1	100	100		0	1	-1	100	100		0	1	-1	100	100		0	1	-1	100	100		0	1	-1	100	100		0	1	-1	100	100		0	1	-1	100	100		0	1	-1	100	100		0	1	-1	100	100		0	1	-1	100	100		0	1	-1	100	100		0	1	-1	100	100		0	1	-1	100	100		0	1	-1	100	100		0	1	-1	100	100		0	1	-1	100	100		0	1	-1	100	100		0	1	-1	100	100		0	1	-1	100	100		0	1	-1	100	100		0	1	-1	100	100		0	1	-1	100	100	
46	40	120	1	9	1	1	8	1	1	1800000	50	0		0	1	0	96	97	98	100	200	300	400	500	10141006	1	-1	100	100		10141015	1	-1	1000	100		0	-1	-1	1000	100		0	-1	-1	100	100		0	-1	-1	100	100		0	-1	-1	100	100		0	-1	-1	100	100		0	-1	-1	100	100		0	-1	-1	100	100		0	-1	-1	100	100		0	-1	-1	100	100		0	-1	-1	100	100		0	-1	-1	100	100		0	-1	-1	100	100		0	-1	-1	100	100		0	-1	-1	100	100		0	-1	-1	100	100		0	-1	-1	100	100		0	-1	-1	100	100		0	-1	-1	100	100		0	-1	-1	100	100		0	-1	-1	100	100		0	1	-1	100	100		0	1	-1	100	100		0	1	-1	100	100		0	1	-1	100	100		0	1	-1	100	100		0	1	-1	100	100		0	1	-1	100	100		0	1	-1	100	100		0	1	-1	100	100		0	1	-1	100	100		0	1	-1	100	100		0	1	-1	100	100		0	1	-1	100	100		0	1	-1	100	100		0	1	-1	100	100		0	1	-1	100	100		0	1	-1	100	100		0	1	-1	100	100		0	1	-1	100	100		0	1	-1	100	100		0	1	-1	100	100		0	1	-1	100	100		0	1	-1	100	100		0	1	-1	100	100		0	1	-1	100	100		0	1	-1	100	100		0	1	-1	100	100		0	1	-1	100	100	
47	40	120	1	9	1	1	8	1	1	1800000	50	0		0	1	0	96	97	98	100	200	300	400	500	10141007	1	-1	100	100		10141016	1	-1	1000	100		0	-1	-1	1000	100		0	-1	-1	100	100		0	-1	-1	100	100		0	-1	-1	100	100		0	-1	-1	100	100		0	-1	-1	100	100		0	-1	-1	100	100		0	-1	-1	100	100		0	-1	-1	100	100		0	-1	-1	100	100		0	-1	-1	100	100		0	-1	-1	100	100		0	-1	-1	100	100		0	-1	-1	100	100		0	-1	-1	100	100		0	-1	-1	100	100		0	-1	-1	100	100		0	-1	-1	100	100		0	-1	-1	100	100		0	-1	-1	100	100		0	1	-1	100	100		0	1	-1	100	100		0	1	-1	100	100		0	1	-1	100	100		0	1	-1	100	100		0	1	-1	100	100		0	1	-1	100	100		0	1	-1	100	100		0	1	-1	100	100		0	1	-1	100	100		0	1	-1	100	100		0	1	-1	100	100		0	1	-1	100	100		0	1	-1	100	100		0	1	-1	100	100		0	1	-1	100	100		0	1	-1	100	100		0	1	-1	100	100		0	1	-1	100	100		0	1	-1	100	100		0	1	-1	100	100		0	1	-1	100	100		0	1	-1	100	100		0	1	-1	100	100		0	1	-1	100	100		0	1	-1	100	100		0	1	-1	100	100		0	1	-1	100	100	
48	40	120	1	9	1	1	8	1	1	1800000	50	0		0	1	0	96	97	98	100	200	300	400	500	10141008	1	-1	100	100		10141017	1	-1	1000	100		0	-1	-1	1000	100																																																																																																																																																																																																																																																																																											
49	40	120	1	9	1	1	8	1	1	1800000	50	0		0	1	0	96	97	98	100	200	300	400	500	10141009	1	-1	100	100		10141018	1	-1	1000	100		0	-1	-1	1000	100		0	-1	-1	100	100		0	-1	-1	100	100		0	-1	-1	100	100		0	-1	-1	100	100		0	-1	-1	100	100		0	-1	-1	100	100		0	-1	-1	100	100		0	-1	-1	100	100		0	-1	-1	100	100		0	-1	-1	100	100		0	-1	-1	100	100		0	-1	-1	100	100		0	-1	-1	100	100		0	-1	-1	100	100		0	-1	-1	100	100		0	-1	-1	100	100		0	-1	-1	100	100		0	-1	-1	100	100		0	-1	-1	100	100		0	1	-1	100	100		0	1	-1	100	100		0	1	-1	100	100		0	1	-1	100	100		0	1	-1	100	100		0	1	-1	100	100		0	1	-1	100	100		0	1	-1	100	100		0	1	-1	100	100		0	1	-1	100	100		0	1	-1	100	100		0	1	-1	100	100		0	1	-1	100	100		0	1	-1	100	100		0	1	-1	100	100		0	1	-1	100	100		0	1	-1	100	100		0	1	-1	100	100		0	1	-1	100	100		0	1	-1	100	100		0	1	-1	100	100		0	1	-1	100	100		0	1	-1	100	100		0	1	-1	100	100		0	1	-1	100	100		0	1	-1	100	100		0	1	-1	100	100		0	1	-1	100	100	
50	50	0	1	9	1	1	1	0	1	3600000	0	0		0	1	0	96	97	98	100	200	300	400	500	0	-1	-1	100	100		0	1	-1	1000	100		0	-1	-1	1000	100		0	-1	-1	100	100		0	-1	-1	100	100		0	-1	-1	100	100		0	-1	-1	100	100		0	-1	-1	100	100		0	-1	-1	100	100		0	-1	-1	100	100		0	-1	-1	100	100		0	-1	-1	100	100		0	-1	-1	100	100		0	-1	-1	100	100		0	-1	-1	100	100		0	-1	-1	100	100		0	-1	-1	100	100		0	-1	-1	100	100		0	-1	-1	100	100		0	-1	-1	100	100		0	-1	-1	100	100		0	-1	-1	100	100		0	1	-1	100	100		0	1	-1	100	100		0	1	-1	100	100		0	1	-1	100	100		0	1	-1	100	100		0	1	-1	100	100		0	1	-1	100	100		0	1	-1	100	100		0	1	-1	100	100		0	1	-1	100	100		0	1	-1	100	100		0	1	-1	100	100		0	1	-1	100	100		0	1	-1	100	100		0	1	-1	100	100		0	1	-1	100	100		0	1	-1	100	100		0	1	-1	100	100		0	1	-1	100	100		0	1	-1	100	100		0	1	-1	100	100		0	1	-1	100	100		0	1	-1	100	100		0	1	-1	100	100		0	1	-1	100	100		0	1	-1	100	100		0	1	-1	100	100		0	1	-1	100	100	
51	40	0	1	9	1	1	1	0	1	100000	50	0		0	0	0	96	97	98	100	200	300	400	500	30307059	1	-1	100	100		30307011	1	-1	1000	100		30307032	1	-1	1000	100		30307112	-1	-1	100	100		30307064	-1	-1	100	100		30307012	-1	-1	100	100		30307033	-1	-1	100	100		30307060	-1	-1	100	100		30307142	-1	-1	100	100		30307065	-1	-1	100	100		30307113	-1	-1	100	100		30307153	-1	-1	100	100		30307158	-1	-1	100	100		30307161	-1	-1	100	100		30307061	-1	-1	100	100		30307114	-1	-1	100	100		30307034	-1	-1	100	100		30307013	-1	-1	100	100		0	-1	-1	100	100		0	-1	-1	100	100		0	-1	-1	100	100		0	-1	-1	100	100		0	1	-1	100	100		0	1	-1	100	100		0	1	-1	100	100		0	1	-1	100	100		0	1	-1	100	100		0	1	-1	100	100		0	1	-1	100	100		0	1	-1	100	100		0	1	-1	100	100		0	1	-1	100	100		0	1	-1	100	100		0	1	-1	100	100		0	1	-1	100	100		0	1	-1	100	100		0	1	-1	100	100		0	1	-1	100	100		0	1	-1	100	100		0	1	-1	100	100		0	1	-1	100	100		0	1	-1	100	100		0	1	-1	100	100		0	1	-1	100	100		0	1	-1	100	100		0	1	-1	100	100		0	1	-1	100	100		0	1	-1	100	100		0	1	-1	100	100		0	1	-1	100	100	
52	40	0	1	9	1	1	1	0	1	100000	50	0		0	0	0	96	97	98	100	200	300	400	500	30307026	1	-1	100	100		30307041	1	-1	1000	100		30307044	1	-1	1000	100		30307139	-1	-1	100	100		30307062	-1	-1	100	100		30307150	-1	-1	100	100		30307042	-1	-1	100	100		30307027	-1	-1	100	100		30307045	-1	-1	100	100		30307063	-1	-1	100	100		30307140	-1	-1	100	100		30307155	-1	-1	100	100		30307046	-1	-1	100	100		30307141	-1	-1	100	100		30307043	-1	-1	100	100		30307028	-1	-1	100	100		0	-1	-1	100	100		0	-1	-1	100	100		0	-1	-1	100	100		0	-1	-1	100	100		0	-1	-1	100	100		0	-1	-1	100	100		0	1	-1	100	100		0	1	-1	100	100		0	1	-1	100	100		0	1	-1	100	100		0	1	-1	100	100		0	1	-1	100	100		0	1	-1	100	100		0	1	-1	100	100		0	1	-1	100	100		0	1	-1	100	100		0	1	-1	100	100		0	1	-1	100	100		0	1	-1	100	100		0	1	-1	100	100		0	1	-1	100	100		0	1	-1	100	100		0	1	-1	100	100		0	1	-1	100	100		0	1	-1	100	100		0	1	-1	100	100		0	1	-1	100	100		0	1	-1	100	100		0	1	-1	100	100		0	1	-1	100	100		0	1	-1	100	100		0	1	-1	100	100		0	1	-1	100	100		0	1	-1	100	100	
53	40	0	1	9	1	1	1	0	1	100000	50	0		0	0	0	96	97	98	100	200	300	400	500	30307014	1	-1	100	100		30307047	1	-1	1000	100		30307066	-1	-1	1000	100		30307130	-1	-1	100	100		30307118	-1	-1	100	100		30307162	-1	-1	100	100		30307067	-1	-1	100	100		30307015	-1	-1	100	100		30307143	-1	-1	100	100		30307048	-1	-1	100	100		30307119	-1	-1	100	100		30307131	-1	-1	100	100		30307068	-1	-1	100	100		30307132	-1	-1	100	100		30307120	-1	-1	100	100		30307049	-1	-1	100	100		30307016	-1	-1	100	100		30307185	-1	-1	100	100		30307186	-1	-1	100	100		0	-1	-1	100	100		0	-1	-1	100	100		0	-1	-1	100	100		0	1	-1	100	100		0	1	-1	100	100		0	1	-1	100	100		0	1	-1	100	100		0	1	-1	100	100		0	1	-1	100	100		0	1	-1	100	100		0	1	-1	100	100		0	1	-1	100	100		0	1	-1	100	100		0	1	-1	100	100		0	1	-1	100	100		0	1	-1	100	100		0	1	-1	100	100		0	1	-1	100	100		0	1	-1	100	100		0	1	-1	100	100		0	1	-1	100	100		0	1	-1	100	100		0	1	-1	100	100		0	1	-1	100	100		0	1	-1	100	100		0	1	-1	100	100		0	1	-1	100	100		0	1	-1	100	100		0	1	-1	100	100		0	1	-1	100	100		0	1	-1	100	100	
54	40	0	1	9	1	1	1	0	1	100000	50	0		0	0	0	96	97	98	100	200	300	400	500	30307020	1	-1	100	100		30307035	1	-1	1000	100		30307077	-1	-1	1000	100		30307115	-1	-1	100	100		30307078	-1	-1	100	100		30307036	-1	-1	100	100		30307021	-1	-1	100	100		30307116	-1	-1	100	100		30307147	-1	-1	100	100		30307079	-1	-1	100	100		30307117	-1	-1	100	100		30307037	-1	-1	100	100		30307022	-1	-1	100	100		30307183	-1	-1	100	100		30307184	-1	-1	100	100		0	-1	-1	100	100		0	-1	-1	100	100		0	-1	-1	100	100		0	-1	-1	100	100		0	-1	-1	100	100		0	-1	-1	100	100		0	-1	-1	100	100		0	1	-1	100	100		0	1	-1	100	100		0	1	-1	100	100		0	1	-1	100	100		0	1	-1	100	100		0	1	-1	100	100		0	1	-1	100	100		0	1	-1	100	100		0	1	-1	100	100		0	1	-1	100	100		0	1	-1	100	100		0	1	-1	100	100		0	1	-1	100	100		0	1	-1	100	100		0	1	-1	100	100		0	1	-1	100	100		0	1	-1	100	100		0	1	-1	100	100		0	1	-1	100	100		0	1	-1	100	100		0	1	-1	100	100		0	1	-1	100	100		0	1	-1	100	100		0	1	-1	100	100		0	1	-1	100	100		0	1	-1	100	100		0	1	-1	100	100		0	1	-1	100	100	
55	40	0	1	9	1	1	1	0	1	100000	50	0		0	0	0	96	97	98	100	200	300	400	500	30307089	1	-1	100	100		30307086	1	-1	1000	100		30307092	-1	-1	1000	100		30307083	-1	-1	100	100		30307106	-1	-1	100	100		30307145	-1	-1	100	100		30307087	-1	-1	100	100		30307090	-1	-1	100	100		30307093	-1	-1	100	100		30307084	-1	-1	100	100		30307107	-1	-1	100	100		30307156	-1	-1	100	100		30307094	-1	-1	100	100		30307091	-1	-1	100	100		30307108	-1	-1	100	100		30307088	-1	-1	100	100		30307085	-1	-1	100	100		0	-1	-1	100	100		0	-1	-1	100	100		0	-1	-1	100	100		0	-1	-1	100	100		0	-1	-1	100	100		0	1	-1	100	100		0	1	-1	100	100		0	1	-1	100	100		0	1	-1	100	100		0	1	-1	100	100		0	1	-1	100	100		0	1	-1	100	100		0	1	-1	100	100		0	1	-1	100	100		0	1	-1	100	100		0	1	-1	100	100		0	1	-1	100	100		0	1	-1	100	100		0	1	-1	100	100		0	1	-1	100	100		0	1	-1	100	100		0	1	-1	100	100		0	1	-1	100	100		0	1	-1	100	100		0	1	-1	100	100		0	1	-1	100	100		0	1	-1	100	100		0	1	-1	100	100		0	1	-1	100	100		0	1	-1	100	100		0	1	-1	100	100		0	1	-1	100	100		0	1	-1	100	100	
56	40	0	1	9	1	1	1	0	1	100000	50	0		0	0	0	96	97	98	100	200	300	400	500	30307001	1	-1	100	100		30307074	1	-1	1000	100		30307124	-1	-1	1000	100		30307006	-1	-1	100	100		30307002	-1	-1	100	100		30307146	-1	-1	100	100		30307007	-1	-1	100	100		30307075	-1	-1	100	100		30307003	-1	-1	100	100		30307125	-1	-1	100	100		30307008	-1	-1	100	100		30307152	-1	-1	100	100		30307004	-1	-1	100	100		30307076	-1	-1	100	100		30307126	-1	-1	100	100		30307009	-1	-1	100	100		30307005	-1	-1	100	100		30307010	-1	-1	100	100		30307187	-1	-1	100	100		30307188	-1	-1	100	100		0	-1	-1	100	100		0	-1	-1	100	100		0	1	-1	100	100		0	1	-1	100	100		0	1	-1	100	100		0	1	-1	100	100		0	1	-1	100	100		0	1	-1	100	100		0	1	-1	100	100		0	1	-1	100	100		0	1	-1	100	100		0	1	-1	100	100		0	1	-1	100	100		0	1	-1	100	100		0	1	-1	100	100		0	1	-1	100	100		0	1	-1	100	100		0	1	-1	100	100		0	1	-1	100	100		0	1	-1	100	100		0	1	-1	100	100		0	1	-1	100	100		0	1	-1	100	100		0	1	-1	100	100		0	1	-1	100	100		0	1	-1	100	100		0	1	-1	100	100		0	1	-1	100	100		0	1	-1	100	100		0	1	-1	100	100	
57	40	0	1	9	1	1	1	0	1	100000	50	0		0	0	0	96	97	98	100	200	300	400	500	30307023	1	-1	100	100		30307038	1	-1	1000	100		30307053	1	-1	1000	100		30307080	-1	-1	100	100		30307098	-1	-1	100	100		30307133	-1	-1	100	100		30307121	-1	-1	100	100		30307160	-1	-1	100	100		30307099	-1	-1	100	100		30307081	-1	-1	100	100		30307039	-1	-1	100	100		30307024	-1	-1	100	100		30307054	-1	-1	100	100		30307134	-1	-1	100	100		30307122	-1	-1	100	100		30307149	-1	-1	100	100		30307082	-1	-1	100	100		30307100	-1	-1	100	100		30307055	-1	-1	100	100		30307135	-1	-1	100	100		30307123	-1	-1	100	100		30307040	-1	-1	100	100		30307025	-1	-1	100	100		0	1	-1	100	100		0	1	-1	100	100		0	1	-1	100	100		0	1	-1	100	100		0	1	-1	100	100		0	1	-1	100	100		0	1	-1	100	100		0	1	-1	100	100		0	1	-1	100	100		0	1	-1	100	100		0	1	-1	100	100		0	1	-1	100	100		0	1	-1	100	100		0	1	-1	100	100		0	1	-1	100	100		0	1	-1	100	100		0	1	-1	100	100		0	1	-1	100	100		0	1	-1	100	100		0	1	-1	100	100		0	1	-1	100	100		0	1	-1	100	100		0	1	-1	100	100		0	1	-1	100	100		0	1	-1	100	100		0	1	-1	100	100		0	1	-1	100	100	
58	40	0	1	9	1	1	1	0	1	100000	50	0		0	0	0	96	97	98	100	200	300	400	500	30307029	1	-1	100	100		30307056	1	-1	1000	100		30307101	1	-1	1000	100		30307136	-1	-1	100	100		30307109	-1	-1	100	100		30307102	-1	-1	100	100		30307030	-1	-1	100	100		30307057	-1	-1	100	100		30307148	-1	-1	100	100		30307110	-1	-1	100	100		30307137	-1	-1	100	100		30307103	-1	-1	100	100		30307157	-1	-1	100	100		30307154	-1	-1	100	100		30307104	-1	-1	100	100		30307058	-1	-1	100	100		30307138	-1	-1	100	100		30307111	-1	-1	100	100		30307105	-1	-1	100	100		30307031	-1	-1	100	100		30307189	-1	-1	100	100		30307190	-1	-1	100	100		0	1	-1	100	100		0	1	-1	100	100		0	1	-1	100	100		0	1	-1	100	100		0	1	-1	100	100		0	1	-1	100	100		0	1	-1	100	100		0	1	-1	100	100		0	1	-1	100	100		0	1	-1	100	100		0	1	-1	100	100		0	1	-1	100	100		0	1	-1	100	100		0	1	-1	100	100		0	1	-1	100	100		0	1	-1	100	100		0	1	-1	100	100		0	1	-1	100	100		0	1	-1	100	100		0	1	-1	100	100		0	1	-1	100	100		0	1	-1	100	100		0	1	-1	100	100		0	1	-1	100	100		0	1	-1	100	100		0	1	-1	100	100		0	1	-1	100	100		0	1	-1	100	100	
59	40	0	1	9	1	1	1	0	1	100000	50	0		0	0	0	96	97	98	100	200	300	400	500	30307017	1	-1	100	100		30307050	1	-1	100	100		30307069	1	-1	100	100		30307127	-1	-1	100	100		30307070	-1	-1	100	100		30307151	-1	-1	100	100		30307018	-1	-1	100	100		30307144	-1	-1	100	100		30307051	-1	-1	100	100		30307128	-1	-1	100	100		30307071	-1	-1	100	100		30307159	-1	-1	100	100		30307072	-1	-1	100	100		30307052	-1	-1	100	100		30307129	-1	-1	100	100		30307073	-1	-1	100	100		30307019	-1	-1	100	100		0	-1	-1	100	100		0	-1	-1	100	100		0	-1	-1	100	100		0	-1	-1	100	100		0	-1	-1	100	100		0	1	-1	100	100		0	1	-1	100	100		0	1	-1	100	100		0	1	-1	100	100		0	1	-1	100	100		0	1	-1	100	100		0	1	-1	100	100		0	1	-1	100	100		0	1	-1	100	100		0	1	-1	100	100		0	1	-1	100	100		0	1	-1	100	100		0	1	-1	100	100		0	1	-1	100	100		0	1	-1	100	100		0	1	-1	100	100		0	1	-1	100	100		0	1	-1	100	100		0	1	-1	100	100		0	1	-1	100	100		0	1	-1	100	100		0	1	-1	100	100		0	1	-1	100	100		0	1	-1	100	100		0	1	-1	100	100		0	1	-1	100	100		0	1	-1	100	100		0	1	-1	100	100	
61	40	120	1	9	1	1	1	1	1	100000	50	0		0	0	0	96	97	98	100	200	300	400	500	20308001	1	-1	100	100		20308002	1	-1	100	100		20308011	1	-1	100	100		20308012	1	-1	100	100		20308021	1	-1	100	100		20308022	1	-1	100	100		20308031	1	-1	100	100		20308032	1	-1	100	100		20308041	1	-1	100	100		20308042	1	-1	100	100		20308051	1	-1	100	100		20308052	1	-1	100	100		0	-1	-1	100	100		0	-1	-1	100	100		0	-1	-1	100	100		0	-1	-1	100	100		0	-1	-1	100	100		0	-1	-1	100	100		0	-1	-1	100	100		0	-1	-1	100	100		0	-1	-1	100	100		0	-1	-1	100	100		0	1	-1	100	100		0	1	-1	100	100		0	1	-1	100	100		0	1	-1	100	100		0	1	-1	100	100		0	1	-1	100	100		0	1	-1	100	100		0	1	-1	100	100		0	1	-1	100	100		0	1	-1	100	100		0	1	-1	100	100		0	1	-1	100	100		0	1	-1	100	100		0	1	-1	100	100		0	1	-1	100	100		0	1	-1	100	100		0	1	-1	100	100		0	1	-1	100	100		0	1	-1	100	100		0	1	-1	100	100		0	1	-1	100	100		0	1	-1	100	100		0	1	-1	100	100		0	1	-1	100	100		0	1	-1	100	100		0	1	-1	100	100		0	1	-1	100	100		0	1	-1	100	100	
62	40	120	1	9	1	1	1	1	1	100000	50	0		0	0	0	96	97	98	100	200	300	400	500	20308061	1	-1	100	100		20308062	1	-1	100	100		20308071	1	-1	100	100		20308072	1	-1	100	100		20308081	1	-1	100	100		20308082	1	-1	100	100		20308091	1	-1	100	100		20308092	1	-1	100	100		0	1	-1	100	100		0	1	-1	100	100		0	1	-1	100	100		0	1	-1	100	100		0	-1	-1	100	100		0	-1	-1	100	100		0	-1	-1	100	100		0	-1	-1	100	100		0	-1	-1	100	100		0	-1	-1	100	100		0	-1	-1	100	100		0	-1	-1	100	100		0	-1	-1	100	100		0	-1	-1	100	100		0	1	-1	100	100		0	1	-1	100	100		0	1	-1	100	100		0	1	-1	100	100		0	1	-1	100	100		0	1	-1	100	100		0	1	-1	100	100		0	1	-1	100	100		0	1	-1	100	100		0	1	-1	100	100		0	1	-1	100	100		0	1	-1	100	100		0	1	-1	100	100		0	1	-1	100	100		0	1	-1	100	100		0	1	-1	100	100		0	1	-1	100	100		0	1	-1	100	100		0	1	-1	100	100		0	1	-1	100	100		0	1	-1	100	100		0	1	-1	100	100		0	1	-1	100	100		0	1	-1	100	100		0	1	-1	100	100		0	1	-1	100	100		0	1	-1	100	100		0	1	-1	100	100	
63	40	120	1	9	1	1	1	1	1	100000	50	0		0	0	0	96	97	98	100	200	300	400	500	20308101	1	-1	100	100		20308102	1	-1	100	100		20308111	1	-1	100	100		20308112	1	-1	100	100		20308121	1	-1	100	100		20308122	1	-1	100	100		0	1	-1	100	100		0	1	-1	100	100		0	1	-1	100	100		0	1	-1	100	100		0	1	-1	100	100		0	1	-1	100	100		0	-1	-1	100	100		0	-1	-1	100	100		0	-1	-1	100	100		0	-1	-1	100	100		0	-1	-1	100	100		0	-1	-1	100	100		0	-1	-1	100	100		0	-1	-1	100	100		0	-1	-1	100	100		0	-1	-1	100	100		0	1	-1	100	100		0	1	-1	100	100		0	1	-1	100	100		0	1	-1	100	100		0	1	-1	100	100		0	1	-1	100	100		0	1	-1	100	100		0	1	-1	100	100		0	1	-1	100	100		0	1	-1	100	100		0	1	-1	100	100		0	1	-1	100	100		0	1	-1	100	100		0	1	-1	100	100		0	1	-1	100	100		0	1	-1	100	100		0	1	-1	100	100		0	1	-1	100	100		0	1	-1	100	100		0	1	-1	100	100		0	1	-1	100	100		0	1	-1	100	100		0	1	-1	100	100		0	1	-1	100	100		0	1	-1	100	100		0	1	-1	100	100		0	1	-1	100	100		0	1	-1	100	100	
64	40	120	1	9	1	1	1	1	1	100000	50	0		0	0	0	96	97	98	100	200	300	400	500	20308001	1	-1	100	100		20308002	1	-1	100	100		20308003	1	-1	100	100		20308011	1	-1	100	100		20308012	1	-1	100	100		20308013	1	-1	100	100		20308021	1	-1	100	100		20308022	1	-1	100	100		20308023	1	-1	100	100		20308031	1	-1	100	100		20308032	1	-1	100	100		20308033	1	-1	100	100		20308041	1	-1	100	100		20308042	1	-1	100	100		20308043	1	-1	100	100		20308051	1	-1	100	100		20308052	1	-1	100	100		20308053	1	-1	100	100		0	1	-1	100	100		0	-1	-1	100	100		0	-1	-1	100	100		0	-1	-1	100	100		0	-1	-1	100	100		0	-1	-1	100	100		0	-1	-1	100	100		0	-1	-1	100	100		0	-1	-1	100	100		0	-1	-1	100	100		0	1	-1	100	100		0	1	-1	100	100		0	1	-1	100	100		0	1	-1	100	100		0	1	-1	100	100		0	1	-1	100	100		0	1	-1	100	100		0	1	-1	100	100		0	1	-1	100	100		0	1	-1	100	100		0	1	-1	100	100		0	1	-1	100	100		0	1	-1	100	100		0	1	-1	100	100		0	1	-1	100	100		0	1	-1	100	100		0	1	-1	100	100		0	1	-1	100	100		0	1	-1	100	100		0	1	-1	100	100		0	1	-1	100	100		0	1	-1	100	100	
65	40	120	1	9	1	1	1	1	1	100000	50	0		0	0	0	96	97	98	100	200	300	400	500	20308061	1	-1	100	100		20308062	1	-1	100	100		20308063	1	-1	100	100		20308071	1	-1	100	100		20308072	1	-1	100	100		20308073	1	-1	100	100		20308081	1	-1	100	100		20308082	1	-1	100	100		20308083	1	-1	100	100		20308091	1	-1	100	100		20308092	1	-1	100	100		20308093	1	-1	100	100		20308131	1	-1	100	100		20308132	1	-1	100	100		20308141	1	-1	100	100		20308142	1	-1	100	100		20308151	1	-1	100	100		20308152	-1	-1	100	100		0	-1	-1	100	100		0	-1	-1	100	100		0	-1	-1	100	100		0	-1	-1	100	100		0	-1	-1	100	100		0	-1	-1	100	100		0	-1	-1	100	100		0	-1	-1	100	100		0	1	-1	100	100		0	1	-1	100	100		0	1	-1	100	100		0	1	-1	100	100		0	1	-1	100	100		0	1	-1	100	100		0	1	-1	100	100		0	1	-1	100	100		0	1	-1	100	100		0	1	-1	100	100		0	1	-1	100	100		0	1	-1	100	100		0	1	-1	100	100		0	1	-1	100	100		0	1	-1	100	100		0	1	-1	100	100		0	1	-1	100	100		0	1	-1	100	100		0	1	-1	100	100		0	1	-1	100	100		0	1	-1	100	100		0	1	-1	100	100		0	1	-1	100	100		0	1	-1	100	100	
66	40	120	1	9	1	1	1	1	1	100000	50	0		0	0	0	96	97	98	100	200	300	400	500	20308101	1	-1	100	100		20308102	1	-1	100	100		20308103	1	-1	100	100		20308111	1	-1	100	100		20308112	1	-1	100	100		20308113	1	-1	100	100		20308121	1	-1	100	100		20308122	1	-1	100	100		20308123	1	-1	100	100		0	1	-1	100	100		0	1	-1	100	100		0	1	-1	100	100		0	1	-1	100	100		0	1	-1	100	100		0	1	-1	100	100		0	-1	-1	100	100		0	-1	-1	100	100		0	-1	-1	100	100		0	-1	-1	100	100		0	-1	-1	100	100		0	-1	-1	100	100		0	-1	-1	100	100		0	-1	-1	100	100		0	-1	-1	100	100		0	-1	-1	100	100		0	1	-1	100	100		0	1	-1	100	100		0	1	-1	100	100		0	1	-1	100	100		0	1	-1	100	100		0	1	-1	100	100		0	1	-1	100	100		0	1	-1	100	100		0	1	-1	100	100		0	1	-1	100	100		0	1	-1	100	100		0	1	-1	100	100		0	1	-1	100	100		0	1	-1	100	100		0	1	-1	100	100		0	1	-1	100	100		0	1	-1	100	100		0	1	-1	100	100		0	1	-1	100	100		0	1	-1	100	100		0	1	-1	100	100		0	1	-1	100	100		0	1	-1	100	100		0	1	-1	100	100		0	1	-1	100	100	
67	40	120	1	9	1	1	1	1	1	100000	50	0		0	0	0	96	97	98	100	200	300	400	500	20308003	1	-1	100	100		20308004	1	-1	100	100		20308013	1	-1	100	100		20308014	1	-1	100	100		20308023	1	-1	100	100		20308024	1	-1	100	100		20308033	1	-1	100	100		20308034	1	-1	100	100		20308043	1	-1	100	100		20308044	1	-1	100	100		20308053	1	-1	100	100		20308054	1	-1	100	100		0	1	-1	100	100		0	-1	-1	100	100		0	-1	-1	100	100		0	-1	-1	100	100		0	-1	-1	100	100		0	-1	-1	100	100		0	-1	-1	100	100		0	-1	-1	100	100		0	-1	-1	100	100		0	-1	-1	100	100		0	1	-1	100	100		0	1	-1	100	100		0	1	-1	100	100		0	1	-1	100	100		0	1	-1	100	100		0	1	-1	100	100		0	1	-1	100	100		0	1	-1	100	100		0	1	-1	100	100		0	1	-1	100	100		0	1	-1	100	100		0	1	-1	100	100		0	1	-1	100	100		0	1	-1	100	100		0	1	-1	100	100		0	1	-1	100	100		0	1	-1	100	100		0	1	-1	100	100		0	1	-1	100	100		0	1	-1	100	100		0	1	-1	100	100		0	1	-1	100	100		0	1	-1	100	100		0	1	-1	100	100		0	1	-1	100	100		0	1	-1	100	100		0	1	-1	100	100		0	1	-1	100	100	
68	40	120	1	9	1	1	1	1	1	100000	50	0		0	0	0	96	97	98	100	200	300	400	500	20308063	1	-1	100	100		20308064	1	-1	100	100		20308073	1	-1	100	100		20308074	1	-1	100	100		20308083	1	-1	100	100		20308084	1	-1	100	100		20308093	1	-1	100	100		20308094	1	-1	100	100		20308143	1	-1	100	100		20308144	1	-1	100	100		20308153	-1	-1	100	100		20308154	1	-1	100	100		0	-1	-1	100	100		0	-1	-1	100	100		0	-1	-1	100	100		0	-1	-1	100	100		0	-1	-1	100	100		0	-1	-1	100	100		0	-1	-1	100	100		0	-1	-1	100	100		0	-1	-1	100	100		0	-1	-1	100	100		0	1	-1	100	100		0	1	-1	100	100		0	1	-1	100	100		0	1	-1	100	100		0	1	-1	100	100		0	1	-1	100	100		0	1	-1	100	100		0	1	-1	100	100		0	1	-1	100	100		0	1	-1	100	100		0	1	-1	100	100		0	1	-1	100	100		0	1	-1	100	100		0	1	-1	100	100		0	1	-1	100	100		0	1	-1	100	100		0	1	-1	100	100		0	1	-1	100	100		0	1	-1	100	100		0	1	-1	100	100		0	1	-1	100	100		0	1	-1	100	100		0	1	-1	100	100		0	1	-1	100	100		0	1	-1	100	100		0	1	-1	100	100		0	1	-1	100	100		0	1	-1	100	100	
69	40	120	1	9	1	1	1	1	1	100000	50	0		0	0	0	96	97	98	100	200	300	400	500	20308103	1	-1	100	100		20308104	1	-1	100	100		20308113	1	-1	100	100		20308114	1	-1	100	100		20308123	1	-1	100	100		20308124	1	-1	100	100		0	1	-1	100	100		0	1	-1	100	100		0	1	-1	100	100		0	1	-1	100	100		0	1	-1	100	100		0	1	-1	100	100		0	-1	-1	100	100		0	-1	-1	100	100		0	-1	-1	100	100		0	-1	-1	100	100		0	-1	-1	100	100		0	-1	-1	100	100		0	-1	-1	100	100		0	-1	-1	100	100		0	-1	-1	100	100		0	-1	-1	100	100		0	1	-1	100	100		0	1	-1	100	100		0	1	-1	100	100		0	1	-1	100	100		0	1	-1	100	100		0	1	-1	100	100		0	1	-1	100	100		0	1	-1	100	100		0	1	-1	100	100		0	1	-1	100	100		0	1	-1	100	100		0	1	-1	100	100		0	1	-1	100	100		0	1	-1	100	100		0	1	-1	100	100		0	1	-1	100	100		0	1	-1	100	100		0	1	-1	100	100		0	1	-1	100	100		0	1	-1	100	100		0	1	-1	100	100		0	1	-1	100	100		0	1	-1	100	100		0	1	-1	100	100		0	1	-1	100	100		0	1	-1	100	100		0	1	-1	100	100		0	1	-1	100	100	
70	40	120	1	9	1	1	1	1	1	100000	50	0		0	0	0	96	97	98	100	200	300	400	500	10100001	1	-1	100	100		10101001	1	-1	100	100		10102001	1	-1	100	100		10103001	1	-1	100	100		10104001	1	-1	100	100		10105001	1	-1	100	100		30300001	1	-1	100	100		30300011	1	-1	100	100		30300021	1	-1	100	100		30300031	1	-1	100	100		30300041	1	-1	100	100		30300051	1	-1	100	100		0	-1	-1	100	100		0	-1	-1	100	100		0	-1	-1	100	100		0	-1	-1	100	100		0	-1	-1	100	100		0	-1	-1	100	100		0	-1	-1	100	100		0	-1	-1	100	100		0	-1	-1	100	100		0	-1	-1	100	100		0	1	-1	100	100		0	1	-1	100	100		0	1	-1	100	100		0	1	-1	100	100		0	1	-1	100	100		0	1	-1	100	100		0	1	-1	100	100		0	1	-1	100	100		0	1	-1	100	100		0	1	-1	100	100		0	1	-1	100	100		0	1	-1	100	100		0	1	-1	100	100		0	1	-1	100	100		0	1	-1	100	100		0	1	-1	100	100		0	1	-1	100	100		0	1	-1	100	100		0	1	-1	100	100		0	1	-1	100	100		0	1	-1	100	100		0	1	-1	100	100		0	1	-1	100	100		0	1	-1	100	100		0	1	-1	100	100		0	1	-1	100	100		0	1	-1	100	100		0	1	-1	100	100	
71	40	120	1	9	1	1	1	1	1	100000	50	0		0	0	0	96	97	98	100	200	300	400	500	10110001	1	-1	100	100		10110002	1	-1	100	100		10110003	1	-1	100	100		10111001	1	-1	100	100		10111002	1	-1	100	100		10111003	1	-1	100	100		10112001	1	-1	100	100		10112002	1	-1	100	100		10112003	1	-1	100	100		10113001	1	-1	100	100		10113002	1	-1	100	100		10113003	1	-1	100	100		10121001	1	-1	100	100		30301001	1	-1	100	100		30301011	1	-1	100	100		30301021	1	-1	100	100		30301031	1	-1	100	100		30301041	1	-1	100	100		30301051	1	-1	100	100		30301061	1	-1	100	100		30301071	1	-1	100	100		30301081	1	-1	100	100		30301091	1	-1	100	100		30301101	1	-1	100	100		30301111	1	-1	100	100		30301121	1	-1	100	100		30301131	1	-1	100	100		30301141	1	-1	100	100		30301042	1	-1	100	100		30301052	1	-1	100	100		30301062	1	-1	100	100		30301043	1	-1	100	100		30301053	1	-1	100	100		30301063	1	-1	100	100		0	1	-1	100	100		0	1	-1	100	100		0	1	-1	100	100		0	1	-1	100	100		0	1	-1	100	100		0	1	-1	100	100		0	1	-1	100	100		0	1	-1	100	100		0	1	-1	100	100		0	1	-1	100	100		0	1	-1	100	100		0	1	-1	100	100		0	1	-1	100	100		0	1	-1	100	100		0	1	-1	100	100		0	1	-1	100	100	
72	40	120	1	9	1	1	1	1	1	100000	50	0		0	0	0	96	97	98	100	200	300	400	500	10120001	1	-1	100	100		10122001	1	-1	100	100		10121001	1	-1	100	100		30302001	1	-1	100	100		30302011	1	-1	100	100		30302021	1	-1	100	100		0	1	-1	100	100		0	1	-1	100	100		0	1	-1	100	100		0	1	-1	100	100		0	1	-1	100	100		0	1	-1	100	100		0	-1	-1	100	100		0	-1	-1	100	100		0	-1	-1	100	100		0	-1	-1	100	100		0	-1	-1	100	100		0	-1	-1	100	100		0	-1	-1	100	100		0	-1	-1	100	100		0	-1	-1	100	100		0	-1	-1	100	100		0	1	-1	100	100		0	1	-1	100	100		0	1	-1	100	100		0	1	-1	100	100		0	1	-1	100	100		0	1	-1	100	100		0	1	-1	100	100		0	1	-1	100	100		0	1	-1	100	100		0	1	-1	100	100		0	1	-1	100	100		0	1	-1	100	100		0	1	-1	100	100		0	1	-1	100	100		0	1	-1	100	100		0	1	-1	100	100		0	1	-1	100	100		0	1	-1	100	100		0	1	-1	100	100		0	1	-1	100	100		0	1	-1	100	100		0	1	-1	100	100		0	1	-1	100	100		0	1	-1	100	100		0	1	-1	100	100		0	1	-1	100	100		0	1	-1	100	100		0	1	-1	100	100	
73	40	120	1	9	1	1	1	1	1	100000	50	0		0	0	0	96	97	98	100	200	300	400	500	10100031	1	-1	100	100		10102012	1	-1	100	100		10102013	1	-1	100	100		0	1	-1	100	100		0	1	-1	100	100		0	1	-1	100	100		0	1	-1	100	100		0	1	-1	100	100		0	1	-1	100	100		0	1	-1	100	100		0	1	-1	100	100		0	1	-1	100	100		0	-1	-1	100	100		0	-1	-1	100	100		0	-1	-1	100	100		0	-1	-1	100	100		0	-1	-1	100	100		0	-1	-1	100	100		0	-1	-1	100	100		0	-1	-1	100	100		0	-1	-1	100	100		0	-1	-1	100	100		0	1	-1	100	100		0	1	-1	100	100		0	1	-1	100	100		0	1	-1	100	100		0	1	-1	100	100		0	1	-1	100	100		0	1	-1	100	100		0	1	-1	100	100		0	1	-1	100	100		0	1	-1	100	100		0	1	-1	100	100		0	1	-1	100	100		0	1	-1	100	100		0	1	-1	100	100		0	1	-1	100	100		0	1	-1	100	100		0	1	-1	100	100		0	1	-1	100	100		0	1	-1	100	100		0	1	-1	100	100		0	1	-1	100	100		0	1	-1	100	100		0	1	-1	100	100		0	1	-1	100	100		0	1	-1	100	100		0	1	-1	100	100		0	1	-1	100	100		0	1	-1	100	100	
74	40	120	1	9	1	1	1	1	1	3600000	50	0		0	1	0	96	97	98	100	200	300	400	500	30508001	1	1	100	100		30508002	1	1	100	100		30508003	1	1	100	100		30508005	1	1	100	100		30508006	1	1	100	100		0	1	1	100	100		0	1	-1	100	100		0	1	-1	100	100		0	-1	-1	100	100		0	-1	-1	100	100		0	-1	-1	100	100		0	-1	-1	100	100		0	-1	-1	100	100		0	-1	-1	100	100		0	-1	-1	100	100		0	-1	-1	100	100		0	-1	-1	100	100		0	-1	-1	100	100		0	-1	-1	100	100		0	-1	-1	100	100		0	-1	-1	100	100		0	-1	-1	100	100		0	1	-1	100	100		0	1	-1	100	100		0	1	-1	100	100		0	1	-1	100	100		0	1	-1	100	100		0	1	-1	100	100		0	1	-1	100	100		0	1	-1	100	100		0	1	-1	100	100		0	1	-1	100	100		0	1	-1	100	100		0	1	-1	100	100		0	1	-1	100	100		0	1	-1	100	100		0	1	-1	100	100		0	1	-1	100	100		0	1	-1	100	100		0	1	-1	100	100		0	1	-1	100	100		0	1	-1	100	100		0	1	-1	100	100		0	1	-1	100	100		0	1	-1	100	100		0	1	-1	100	100		0	1	-1	100	100		0	1	-1	100	100		0	1	-1	100	100		0	1	-1	100	100	
75	40	0	1	9	1	1	1	0	1	600000	5	1	../Public/Config/RandShop/60wufang.ini	0	1	0	96	97	98	100	200	300	400	500	0			100	100		0			100	100		0			100	100		0			100	100		0			100	100		0			100	100		0			100	100		0			100	100		0			100	100		0			100	100		0			100	100		0			100	100		0			100	100		0			100	100		0			100	100		0			100	100		0			100	100		0			100	100		0			100	100		0			100	100		0			100	100		0			100	100		0			100	100		0			100	100		0			100	100		0			100	100		0			100	100		0			100	100		0			100	100		0			100	100		0			100	100		0			100	100		0			100	100		0			100	100		0			100	100		0			100	100		0			100	100		0			100	100		0			100	100		0			100	100		0			100	100		0			100	100		0			100	100		0			100	100		0			100	100		0			100	100		0			100	100		0			100	100		0	1	-1	100	100		0	1	-1	100	100	
76	40	0	1	9	1	1	1	0	1	600000	10	1	../Public/Config/RandShop/70wufang.ini	0	1	0	96	97	98	100	200	300	400	500	0			100	100		0			100	100		0			100	100		0			100	100		0			100	100		0			100	100		0			100	100		0			100	100		0			100	100		0			100	100		0			100	100		0			100	100		0			100	100		0			100	100		0			100	100		0			100	100		0			100	100		0			100	100		0			100	100		0			100	100		0			100	100		0			100	100		0			100	100		0			100	100		0			100	100		0			100	100		0			100	100		0			100	100		0			100	100		0			100	100		0			100	100		0			100	100		0			100	100		0			100	100		0			100	100		0			100	100		0			100	100		0			100	100		0			100	100		0			100	100		0			100	100		0			100	100		0			100	100		0			100	100		0			100	100		0			100	100		0			100	100		0			100	100		0	1	-1	100	100		0	1	-1	100	100	
77	40	0	1	9	1	1	1	0	1	600000	15	1	../Public/Config/RandShop/80wufang.ini	0	1	0	96	97	98	100	200	300	400	500	0			100	100		0			100	100		0			100	100		0			100	100		0			100	100		0			100	100		0			100	100		0			100	100		0			100	100		0			100	100		0			100	100		0			100	100		0			100	100		0			100	100		0			100	100		0			100	100		0			100	100		0			100	100		0			100	100		0			100	100		0			100	100		0			100	100		0			100	100		0			100	100		0			100	100		0			100	100		0			100	100		0			100	100		0			100	100		0			100	100		0			100	100		0			100	100		0			100	100		0			100	100		0			100	100		0			100	100		0			100	100		0			100	100		0			100	100		0			100	100		0			100	100		0			100	100		0			100	100		0			100	100		0			100	100		0			100	100		0			100	100		0			100	100		0	1	-1	100	100		0	1	-1	100	100	
78	40	0	1	9	1	1	1	0	1	600000	20	1	../Public/Config/RandShop/90wufang.ini	0	1	0	96	97	98	100	200	300	400	500	0			100	100		0			100	100		0			100	100		0			100	100		0			100	100		0			100	100		0			100	100		0			100	100		0			100	100		0			100	100		0			100	100		0			100	100		0			100	100		0			100	100		0			100	100		0			100	100		0			100	100		0			100	100		0			100	100		0			100	100		0			100	100		0			100	100		0			100	100		0			100	100		0			100	100		0			100	100		0			100	100		0			100	100		0			100	100		0			100	100		0			100	100		0			100	100		0			100	100		0			100	100		0			100	100		0			100	100		0			100	100		0			100	100		0			100	100		0			100	100		0			100	100		0			100	100		0			100	100		0			100	100		0			100	100		0			100	100		0			100	100		0			100	100		0	1	-1	100	100		0	1	-1	100	100	
79	40	0	1	9	1	1	1	0	1	600000	25	1	../Public/Config/RandShop/100wufang.ini	0	1	0	96	97	98	100	200	300	400	500	0			100	100		0			100	100		0			100	100		0			100	100		0			100	100		0			100	100		0			100	100		0			100	100		0			100	100		0			100	100		0			100	100		0			100	100		0			100	100		0			100	100		0			100	100		0			100	100		0			100	100		0			100	100		0			100	100		0			100	100		0			100	100		0			100	100		0			100	100		0			100	100		0			100	100		0			100	100		0			100	100		0			100	100		0			100	100		0			100	100		0			100	100		0			100	100		0			100	100		0			100	100		0			100	100		0			100	100		0			100	100		0			100	100		0			100	100		0			100	100		0			100	100		0			100	100		0			100	100		0			100	100		0			100	100		0			100	100		0			100	100		0			100	100		0	1	-1	100	100		0	1	-1	100	100	
101	40	0	1	9	1	1	1	0	1	3600000	5	1	../Public/Config/RandShop/randgemshop.ini	0	1	0	96	97	98	100	200	300	400	500	0			100	100		0			100	100		0			100	100		0			100	100		0			100	100		0			100	100		0			100	100		0			100	100		0			100	100		0			100	100		0			100	100		0			100	100		0			100	100		0			100	100		0			100	100		0			100	100		0			100	100		0			100	100		0			100	100		0			100	100		0			100	100		0			100	100		0			100	100		0			100	100		0			100	100		0			100	100		0			100	100		0			100	100		0			100	100		0			100	100		0			100	100		0			100	100		0			100	100		0			100	100		0			100	100		0			100	100		0			100	100		0			100	100		0			100	100		0			100	100		0			100	100		0			100	100		0			100	100		0			100	100		0			100	100		0			100	100		0			100	100		0			100	100		0	1	-1	100	100		0	1	-1	100	100	
102	40	0	1	9	1	1	5	0	1	100000	50	0		0	0	0	96	97	98	100	200	300	400	500	30402005	1	-1	5000	100		30402006	1	-1	5000	100		30402007	1	-1	5000	100		30402008	1	-1	5000	100		30402009	1	-1	5000	100		30402010	1	-1	5000	100		30402011	1	-1	5000	100		30402013	1	-1	5000	100		30402015	1	-1	5000	100		30402017	1	-1	5000	100		30402019	1	-1	5000	100		30402071	1	-1	20000	100		0			100	100		0			100	100		0			100	100		0			100	100		0			100	100		0			100	100		0			100	100		0			100	100		0			100	100		0			100	100		0			100	100		0			100	100		0			100	100		0			100	100		0			100	100		0			100	100		0			100	100		0			100	100		0			100	100		0			100	100		0			100	100		0			100	100		0			100	100		0			100	100		0			100	100		0			100	100		0			100	100		0			100	100		0			100	100		0			100	100		0			100	100		0			100	100		0			100	100		0			100	100		0			100	100		0			100	100		0	1	-1	100	100		0	1	-1	100	100	
103	40	0	1	9	1	1	1	0	1	3600000	5	1	../Public/Config/RandShop/dazaotu.ini	0	1	0	96	97	98	100	200	300	400	500	0			100	100		0			100	100		0			100	100		0			100	100		0			100	100		0			100	100		0			100	100		0			100	100		0			100	100		0			100	100		0			100	100		0			100	100		0			100	100		0			100	100		0			100	100		0			100	100		0			100	100		0			100	100		0			100	100		0			100	100		0			100	100		0			100	100		0			100	100		0			100	100		0			100	100		0			100	100		0			100	100		0			100	100		0			100	100		0			100	100		0			100	100		0			100	100		0			100	100		0			100	100		0			100	100		0			100	100		0			100	100		0			100	100		0			100	100		0			100	100		0			100	100		0			100	100		0			100	100		0			100	100		0			100	100		0			100	100		0			100	100		0			100	100		0	1	-1	100	100		0	1	-1	100	100	
104	40	0	1	9	1	1	2	0	1	1500000	10	1	../Public/Config/RandShop/shanedian.ini	0	1	0	96	97	98	100	200	300	400	500	0			100	100		0			100	100		0			100	100		0			100	100		0			100	100		0			100	100		0			100	100		0			100	100		0			100	100		0			100	100		0			100	100		0			100	100		0			100	100		0			100	100		0			100	100		0			100	100		0			100	100		0			100	100		0			100	100		0			100	100		0			100	100		0			100	100		0			100	100		0			100	100		0			100	100		0			100	100		0			100	100		0			100	100		0			100	100		0			100	100		0			100	100		0			100	100		0			100	100		0			100	100		0			100	100		0			100	100		0			100	100		0			100	100		0			100	100		0			100	100		0			100	100		0			100	100		0			100	100		0			100	100		0			100	100		0			100	100		0			100	100		0			100	100		0	1	-1	100	100		0	1	-1	100	100	
105	40	0	1	9	1	1	1	0	1	3600000	5	1	../Public/Config/RandShop/xunluozawu.ini	0	1	0	96	97	98	100	200	300	400	500	0			100	100		0			100	100		0			100	100		0			100	100		0			100	100		0			100	100		0			100	100		0			100	100		0			100	100		0			100	100		0			100	100		0			100	100		0			100	100		0			100	100		0			100	100		0			100	100		0			100	100		0			100	100		0			100	100		0			100	100		0			100	100		0			100	100		0			100	100		0			100	100		0			100	100		0			100	100		0			100	100		0			100	100		0			100	100		0			100	100		0			100	100		0			100	100		0			100	100		0			100	100		0			100	100		0			100	100		0			100	100		0			100	100		0			100	100		0			100	100		0			100	100		0			100	100		0			100	100		0			100	100		0			100	100		0			100	100		0			100	100		0			100	100		0	1	-1	100	100		0	1	-1	100	100	
106	40	0	1	9	1	1	2	0	1	600000	5	1	../Public/Config/RandShop/shide.ini	0	1	0	96	97	98	100	200	300	400	500	0			100	100		0			100	100		0			100	100		0			100	100		0			100	100		0			100	100		0			100	100		0			100	100		0			100	100		0			100	100		0			100	100		0			100	100		0			100	100		0			100	100		0			100	100		0			100	100		0			100	100		0			100	100		0			100	100		0			100	100		0			100	100		0			100	100		0			100	100		0			100	100		0			100	100		0			100	100		0			100	100		0			100	100		0			100	100		0			100	100		0			100	100		0			100	100		0			100	100		0			100	100		0			100	100		0			100	100		0			100	100		0			100	100		0			100	100		0			100	100		0			100	100		0			100	100		0			100	100		0			100	100		0			100	100		0			100	100		0			100	100		0			100	100		0	1	-1	100	100		0	1	-1	100	100	
107	40	0	1	9	1	1	1	0	1	7200000	50	0		0	0	0	96	97	98	100	200	300	400	500	20308005	1	1	100	100		20308015	1	1	100	100		20308025	1	1	100	100		20308035	1	1	100	100		20308045	1	1	100	100		20308055	1	1	100	100		20308065	1	1	100	100		20308075	1	1	100	100		20308085	1	1	100	100		20308095	1	1	100	100		20308105	1	1	100	100		20308115	1	1	100	100		20308125	1	1	100	100		20308135	1	1	100	100		20308145	1	1	100	100		20308155	1	1	100	100		0	-1	-1	100	100		0	-1	-1	100	100		0	-1	-1	100	100		0	-1	-1	100	100		0	-1	-1	100	100		0	-1	-1	100	100		0	1	-1	100	100		0	1	-1	100	100		0	1	-1	100	100		0	1	-1	100	100		0	1	-1	100	100		0	1	-1	100	100		0	1	-1	100	100		0	1	-1	100	100		0	1	-1	100	100		0	1	-1	100	100		0	1	-1	100	100		0	1	-1	100	100		0	1	-1	100	100		0	1	-1	100	100		0	1	-1	100	100		0	1	-1	100	100		0	1	-1	100	100		0	1	-1	100	100		0	1	-1	100	100		0	1	-1	100	100		0	1	-1	100	100		0	1	-1	100	100		0	1	-1	100	100		0	1	-1	100	100		0	1	-1	100	100		0	1	-1	100	100		0	1	-1	100	100		0	1	-1	100	100	
108	40	0	1	9	1	1	1	0	1	7200000	50	0		0	0	0	96	97	98	100	200	300	400	500	20308006	1	1	100	100		20308016	1	1	100	100		20308026	1	1	100	100		20308036	1	1	100	100		20308046	1	1	100	100		20308056	1	1	100	100		20308066	1	1	100	100		20308076	1	1	100	100		20308086	1	1	100	100		20308096	1	1	100	100		20308106	1	1	100	100		20308116	1	1	100	100		20308126	1	1	100	100		20308136	1	1	100	100		20308146	1	1	100	100		20308156	1	1	100	100		0	-1	-1	100	100		0	-1	-1	100	100		0	-1	-1	100	100		0	-1	-1	100	100		0	-1	-1	100	100		0	-1	-1	100	100		0	1	-1	100	100		0	1	-1	100	100		0	1	-1	100	100		0	1	-1	100	100		0	1	-1	100	100		0	1	-1	100	100		0	1	-1	100	100		0	1	-1	100	100		0	1	-1	100	100		0	1	-1	100	100		0	1	-1	100	100		0	1	-1	100	100		0	1	-1	100	100		0	1	-1	100	100		0	1	-1	100	100		0	1	-1	100	100		0	1	-1	100	100		0	1	-1	100	100		0	1	-1	100	100		0	1	-1	100	100		0	1	-1	100	100		0	1	-1	100	100		0	1	-1	100	100		0	1	-1	100	100		0	1	-1	100	100		0	1	-1	100	100		0	1	-1	100	100		0	1	-1	100	100	
109	40	0	1	9	1	1	1	0	1	7200000	3	1	../Public/Config/RandShop/miaojiang_randgemshop.ini	0	0	0	96	97	98	100	200	300	400	500	0	1	4	100	100		0	1	4	100	100		0	1	4	100	100		0	1	4	100	100		0	1	4	100	100		0	1	-1	100	100		0	1	-1	100	100		0	1	-1	100	100		0	1	-1	100	100		0	1	-1	100	100		0	1	-1	100	100		0	1	-1	100	100		0	1	-1	100	100		0	1	-1	100	100		0	1	-1	100	100		0	1	-1	100	100		0	1	-1	100	100		0	1	-1	100	100		0	1	-1	100	100		0	1	-1	100	100		0	1	-1	100	100		0	1	-1	100	100		0	1	-1	100	100		0	1	-1	100	100		0	1	-1	100	100		0	1	-1	100	100		0	1	-1	100	100		0	1	-1	100	100		0	1	-1	100	100		0	1	-1	100	100		0	1	-1	100	100		0	1	-1	100	100		0	1	-1	100	100		0	1	-1	100	100		0	1	-1	100	100		0	1	-1	100	100		0	1	-1	100	100		0	1	-1	100	100		0	1	-1	100	100		0	1	-1	100	100		0	1	-1	100	100		0	1	-1	100	100		0	1	-1	100	100		0	1	-1	100	100		0	1	-1	100	100		0	1	-1	100	100		0	1	-1	100	100		0	1	-1	100	100		0	1	-1	100	100		0	1	-1	100	100	
110	40	0	1	9	1	1	1	0	1	7200000	3	1	../Public/Config/RandShop/qiongzhou_randgemshop.ini	0	0	0	96	97	98	100	200	300	400	500	0	1	4	100	100		0	1	4	100	100		0	1	4	100	100		0	1	4	100	100		0	1	4	100	100		0	1	4	100	100		0	1	4	100	100		0	1	4	100	100		0	1	4	100	100		0	1	-1	100	100		0	1	-1	100	100		0	1	-1	100	100		0	1	-1	100	100		0	1	-1	100	100		0	1	-1	100	100		0	1	-1	100	100		0	1	-1	100	100		0	1	-1	100	100		0	1	-1	100	100		0	1	-1	100	100		0	1	-1	100	100		0	1	-1	100	100		0	1	-1	100	100		0	1	-1	100	100		0	1	-1	100	100		0	1	-1	100	100		0	1	-1	100	100		0	1	-1	100	100		0	1	-1	100	100		0	1	-1	100	100		0	1	-1	100	100		0	1	-1	100	100		0	1	-1	100	100		0	1	-1	100	100		0	1	-1	100	100		0	1	-1	100	100		0	1	-1	100	100		0	1	-1	100	100		0	1	-1	100	100		0	1	-1	100	100		0	1	-1	100	100		0	1	-1	100	100		0	1	-1	100	100		0	1	-1	100	100		0	1	-1	100	100		0	1	-1	100	100		0	1	-1	100	100		0	1	-1	100	100		0	1	-1	100	100		0	1	-1	100	100	
111	40	0	1	9	1	1	1	0	1	7200000	3	1	../Public/Config/RandShop/huanglong_randgemshop.ini	0	0	0	96	97	98	100	200	300	400		0	1	4	100	100		0	1	4	100	100		0	1	4	100	100		0	1	4	100	100		0	1	4	100	100		0	1	4	100	100		0	1	4	100	100		0	1	4	100	100		0	1	4	100	100		0	1	-1	100	100		0	1	-1	100	100		0	1	-1	100	100		0	1	-1	100	100		0	1	-1	100	100		0	1	-1	100	100		0	1	-1	100	100		0	1	-1	100	100		0	1	-1	100	100		0	1	-1	100	100		0	1	-1	100	100		0	1	-1	100	100		0	1	-1	100	100		0	1	-1	100	100		0	1	-1	100	100		0	1	-1	100	100		0	1	-1	100	100		0	1	-1	100	100		0	1	-1	100	100		0	1	-1	100	100		0	1	-1	100	100		0	1	-1	100	100		0	1	-1	100	100		0	1	-1	100	100		0	1	-1	100	100		0	1	-1	100	100		0	1	-1	100	100		0	1	-1	100	100		0	1	-1	100	100		0	1	-1	100	100		0	1	-1	100	100		0	1	-1	100	100		0	1	-1	100	100		0	1	-1	100	100		0	1	-1	100	100		0	1	-1	100	100		0	1	-1	100	100		0	1	-1	100	100		0	1	-1	100	100		0	1	-1	100	100		0	1	-1	100	100	
120	40	0	1	8	1	1	6	0	1	600000	50	0		0	0	0	96	97	98	100	200	300	400		10124000	1	-1	1	100	#G	10124001	1	-1	1	100	#G	10124002	1	-1	1	100	#G	10124003	1	-1	1	100	#G	10124004	1	-1	1	100	#G	10124005	1	-1	1	100	#G	10124006	1	-1	1	100	#G	10124007	1	-1	1	100	#G	10124008	1	-1	1	100	#G	10124074	1	-1	1	100	#G	10124119	1	-1	1	100	#G	10124943	1	-1	1	100	#G	10124009	1	-1	1	100	#G	10124010	1	-1	1	100	#G	10124011	1	-1	1	100	#G	10124012	1	-1	1	100	#G	10124013	1	-1	1	100	#G	10124014	1	-1	1	100	#G	10124015	1	-1	1	100	#G	10124016	1	-1	1	100	#G	10124017	1	-1	1	100	#G	10124075	1	-1	1	100	#G	10124120	1	-1	1	100	#G	10124901	1	-1	1	100	#G	10124057	1	-1	1	100	#G	10124058	1	-1	1	100	#G	10124059	1	-1	1	100	#G	10124060	1	-1	1	100	#G	10124054	1	-1	1	100	#G	10124053	1	-1	1	100	#G	10124055	1	-1	1	100	#G	10124056	1	-1	1	100	#G	10124061	1	-1	1	100	#G	10124076	1	-1	1	100	#G	10124121	1	-1	1	100	#G	10124902	1	-1	1	100	#G	0	1	-1	1	100	#G	10124093	1	-1	1	100	#G	10124094	1	-1	1	100	#G	10124095	1	-1	1	100	#G	10124096	1	-1	1	100	#G	10124097	1	-1	1	100	#G	10124098	1	-1	1	100	#G	10124099	1	-1	1	100	#G	10124100	1	-1	1	100	#G	10124101	1	-1	1	100	#G	10124102	1	-1	1	100	#G	10124122	1	-1	1	100	#G	10124904	1	-1	1	100	#G																																																							
121	40	0	1	8	1	1	6	0	1	600000	50	0		0	0	0	96	97	98	100	200	300	400	500	10124062	1	-1	1	100	#G	10124067	1	-1	1	100	#G	10124069	1	-1	1	100	#G	10124070	1	-1	1	100	#G	10124071	1	-1	1	100	#G	10124072	1	-1	1	100	#G	10124077	1	-1	1	100	#G	10124078	1	-1	1	100	#G	10124079	1	-1	1	100	#G	10124080	1	-1	1	100	#G	10124081	1	-1	1	100	#G	10124082	1	-1	1	100	#G	10124083	1	-1	1	100	#G	10124084	1	-1	1	100	#G	10124085	1	-1	1	100	#G	10124086	1	-1	1	100	#G	10124087	1	-1	1	100	#G	10124088	1	-1	1	100	#G	10124089	1	-1	1	100	#G	10124090	1	-1	1	100	#G	10124091	1	-1	1	100	#G	10124092	1	-1	1	100	#G	10124103	1	-1	1	100	#G	10124104	1	-1	1	100	#G	10124105	1	-1	1	100	#G	10124109	1	-1	1	100	#G	10124110	1	-1	1	100		10125018	1	-1	1	100		10124022	1	-1	1	100	#G	10124023	1	-1	1	100	#G	10124024	1	-1	1	100	#G	10124025	1	-1	1	100	#G	10124034	1	-1	1	100	#G	10124035	1	-1	1	100	#G	10124036	1	-1	1	100	#G	10124037	1	-1	1	100	#G	10124038	1	-1	1	100	#G	10124039	1	-1	1	100	#G	10124040	1	-1	1	100	#G	10124041	1	-1	1	100	#G	10124043	1	-1	1	100	#G	10124046	1	-1	1	100	#G	10124048	1	-1	1	100	#G	10124051	1	-1	1	100	#G	10124164	1	-1	1	100																																																																								
122	40	0	1	8	1	1	6	0	1	600000	50	0		0	0	0	96	97	98	100	200	300	400	500	20108001	1	-1	2	100		20108013	1	-1	2	100		20108025	1	-1	2	100		20108037	1	-1	2	100		20108049	1	-1	2	100		20108061	1	-1	2	100		20107001	1	-1	2	100		20108109	1	-1	2	100		20108085	1	-1	2	100		20108097	1	-1	2	100		20108073	1	-1	2	100		20108121	1	-1	2	100		20108133	1	-1	2	100		20108145	1	-1	2	100		20108157	1	-1	2	100		20108169	1	-1	2	100		20106001	1	-1	2	100		20107002	1	-1	2	100		0	1	-1	100	100																																																																																																																																																																																											
123	40	0	1	8	1	1	6	0	1	600000	50	0		0	0	0	96	97	98	100	200	300	400	500	20108002	1	-1	2	100		20108014	1	-1	2	100		20108026	1	-1	2	100		20108038	1	-1	2	100		20108050	1	-1	2	100		20108062	1	-1	2	100		20107003	1	-1	2	100		20108110	1	-1	2	100		20108086	1	-1	2	100		20108098	1	-1	2	100		20108074	1	-1	2	100		20108122	1	-1	2	100		20108134	1	-1	2	100		20108146	1	-1	2	100		20108158	1	-1	2	100		20108170	1	-1	2	100		20106002	1	-1	2	100		20107004	1	-1	2	100		0	1	-1	100	100																																																																																																																																																																																											
124	40	0	1	8	1	1	6	0	1	600000	50	0		0	0	0	96	97	98	100	200	300	400	500	20108003	1	-1	2	100		20108015	1	-1	2	100		20108027	1	-1	2	100		20108039	1	-1	2	100		20108051	1	-1	2	100		20108063	1	-1	2	100		20107005	1	-1	2	100		20108111	1	-1	2	100		20108087	1	-1	2	100		20108099	1	-1	2	100		20108075	1	-1	2	100		20108123	1	-1	2	100		20108135	1	-1	2	100		20108147	1	-1	2	100		20108159	1	-1	2	100		20108171	1	-1	2	100		20106003	1	-1	2	100		20107006	1	-1	2	100																																																																																																																																																																																																	
125	40	0	1	8	1	1	6	0	1	600000	50	0		0	0	0	96	97	98	100	200	300	400	500	20108004	1	-1	3	100		20108016	1	-1	3	100		20108028	1	-1	3	100		20108040	1	-1	3	100		20108052	1	-1	3	100		20108064	1	-1	3	100		20107007	1	-1	3	100		20108112	1	-1	3	100		20108088	1	-1	3	100		20108100	1	-1	3	100		20108076	1	-1	3	100		20108124	1	-1	3	100		20108136	1	-1	3	100		20108148	1	-1	3	100		20108160	1	-1	3	100		20108172	1	-1	3	100		20106004	1	-1	3	100		20107008	1	-1	3	100		0	1	-1	100	100																																																																																																																																																																																											
126	40	0	1	8	1	1	6	0	1	600000	50	0		0	0	0	96	97	98	100	200	300	400	500	20108005	1	-1	3	100		20108017	1	-1	3	100		20108029	1	-1	3	100		20108041	1	-1	3	100		20108053	1	-1	3	100		20108065	1	-1	3	100		20107009	1	-1	3	100		20108113	1	-1	3	100		20108089	1	-1	3	100		20108101	1	-1	3	100		20108077	1	-1	3	100		20108125	1	-1	3	100		20108137	1	-1	3	100		20108149	1	-1	3	100		20108161	1	-1	3	100		20108173	1	-1	3	100		20106005	1	-1	3	100		20107010	1	-1	3	100																																																																																																																																																																																																	
127	40	0	1	8	1	1	6	0	1	600000	50	0		0	0	0	96	97	98	100	200	300	400	500	20108006	1	-1	3	100		20108018	1	-1	3	100		20108030	1	-1	3	100		20108042	1	-1	3	100		20108054	1	-1	3	100		20108066	1	-1	3	100		20107011	1	-1	3	100		20108114	1	-1	3	100		20108090	1	-1	3	100		20108102	1	-1	3	100		20108078	1	-1	3	100		20108126	1	-1	3	100		20108138	1	-1	3	100		20108150	1	-1	3	100		20108162	1	-1	3	100		20108174	1	-1	3	100		20106006	1	-1	3	100		20107012	1	-1	3	100																																																																																																																																																																																																	
128	40	0	1	8	1	1	6	0	1	600000	50	0		0	0	0	96	97	98	100	200	300	400	500	20108007	1	-1	4	100		20108019	1	-1	4	100		20108031	1	-1	4	100		20108043	1	-1	4	100		20108055	1	-1	4	100		20108067	1	-1	4	100		20107013	1	-1	4	100		20108115	1	-1	4	100		20108091	1	-1	4	100		20108103	1	-1	4	100		20108079	1	-1	4	100		20108127	1	-1	4	100		20108139	1	-1	4	100		20108151	1	-1	4	100		20108163	1	-1	4	100		20108175	1	-1	4	100		20106007	1	-1	4	100		20107014	1	-1	4	100		0	1	-1	100	100																																																																																																																																																																																											
129	40	0	1	8	1	1	6	0	1	600000	50	0		0	0	0	96	97	98	100	200	300	400	500	20108008	1	-1	4	100		20108020	1	-1	4	100		20108032	1	-1	4	100		20108044	1	-1	4	100		20108056	1	-1	4	100		20108068	1	-1	4	100		20107015	1	-1	4	100		20108116	1	-1	4	100		20108092	1	-1	4	100		20108104	1	-1	4	100		20108080	1	-1	4	100		20108128	1	-1	4	100		20108140	1	-1	4	100		20108152	1	-1	4	100		20108164	1	-1	4	100		20108176	1	-1	4	100		20106008	1	-1	4	100		20107016	1	-1	4	100																																																																																																																																																																																																	
130	40	0	1	8	1	1	6	0	1	600000	50	0		0	0	0	96	97	98	100	200	300	400	500	20108009	1	-1	6	100		20108021	1	-1	6	100		20108033	1	-1	6	100		20108045	1	-1	6	100		20108057	1	-1	6	100		20108069	1	-1	6	100		20107017	1	-1	6	100		20108117	1	-1	6	100		20108093	1	-1	6	100		20108105	1	-1	6	100		20108081	1	-1	6	100		20108129	1	-1	6	100		20108141	1	-1	6	100		20108153	1	-1	6	100		20108165	1	-1	6	100		20108177	1	-1	6	100		20106009	1	-1	6	100																																																																																																																																																																																																							
131	40	0	1	8	1	1	6	0	1	600000	50	0		0	0	0	96	97	98	100	200	300	400	500	20108010	1	-1	6	100		20108022	1	-1	6	100		20108034	1	-1	6	100		20108046	1	-1	6	100		20108058	1	-1	6	100		20108070	1	-1	6	100		20107018	1	-1	6	100		20108118	1	-1	6	100		20108094	1	-1	6	100		20108106	1	-1	6	100		20108082	1	-1	6	100		20108130	1	-1	6	100		20108142	1	-1	6	100		20108154	1	-1	6	100		20108166	1	-1	6	100		20108178	1	-1	6	100		20106010	1	-1	6	100																																																																																																																																																																																																							
#宝宝商店132 133 134 135																																																																																																																																																																																																																																																																																																																																				
132	40	0	1	8	1	1	5	0	1	600000	50	0		0	0	0	96	97	98	100	200	300	400	500	30309017	1	-1	200	100		30309034	1	-1	20000	100	#G	30309035	1	-1	20000	100	#G	30309036	1	-1	20000	100	#G	30309054	1	-1	2000	100	#G	30309055	1	-1	2000	100		30309606	1	-1	20000	100		30309613	1	-1	20000	100		30309620	1	-1	20000	100		30309627	1	-1	20000	100		30309634	1	-1	20000	100		30309641	1	-1	20000	100		30309648	1	-1	20000	100		30309655	1	-1	20000	100		30309662	1	-1	20000	100		30309669	1	-1	20000	100	#G	30309683	1	-1	20000	100	#G	30309669	1	-1	20000	100	#G	30309690	1	-1	20000	100	#G	30309697	1	-1	20000	100		30309704	1	-1	20000	100		30309711	1	-1	20000	100		30309718	1	-1	20000	100		30309725	1	-1	20000	100		30309732	1	-1	20000	100		30309733	1	-1	20000	100		30309734	1	-1	20000	100		30309740	1	-1	20000	100		30309747	1	-1	20000	100		30309754	1	-1	20000	100	#G	30309755	1	-1	20000	100	#G	30309756	1	-1	20000	100																																																																																																													
133	40	0	1	8	1	1	5	0	1	600000	50	0		0	0	0	96	97	98	100	200	300	400	500	30402025	1	-1	20000	100		30402096	1	-1	5000	100	#G	30402097	1	-1	5000	100	#G	30402098	1	-1	5000	100	#G	30402099	1	-1	5000	100	#G	30402029	1	-1	20000	100		30402035	1	-1	20000	100		30402045	1	-1	20000	100		30402091	1	-1	20000	100		30402093	1	-1	20000	100		30402051	1	-1	20000	100		30402052	1	-1	20000	100		30402053	1	-1	20000	100		30402054	1	-1	20000	100		30402033	1	-1	20000	100		30402037	1	-1	20000	100		30402039	1	-1	20000	100		30402041	1	-1	20000	100		30402043	1	-1	20000	100		30402081	1	-1	20000	100		30402082	1	-1	20000	100		30402083	1	-1	20000	100		30402084	1	-1	20000	100		30402085	1	-1	20000	100		30402086	1	-1	20000	100		30402055	1	-1	5000	100		30402059	1	-1	5000	100		30402047	1	-1	20000	100		30402049	1	-1	20000	100		30402061	1	-1	5000	100		30402063	1	-1	5000	100		30402065	1	-1	5000	100		30402067	1	-1	5000	100		30402069	1	-1	5000	100		30402073	1	-1	5000	100		30402075	1	-1	20000	100		30402077	1	-1	20000	100		30402079	1	-1	20000	100																																																																																																																		
134	40	0	1	8	1	1	5	0	1	600000	60	0		0	0	0	96	97	98	100	200	300	400	500	30402095	1	-1	10000	100		30402087	1	-1	10000	100		30402088	1	-1	10000	100		30402089	1	-1	10000	100		30402090	1	-1	10000	100		30402026	1	-1	50000	100		30402030	1	-1	50000	100		30402034	1	-1	50000	100		30402036	1	-1	50000	100		30402046	1	-1	50000	100		30402038	1	-1	50000	100		30402040	1	-1	50000	100		30402042	1	-1	50000	100		30402044	1	-1	50000	100		30402092	1	-1	50000	100		30402094	1	-1	50000	100		30402072	1	-1	50000	100		30402048	1	-1	50000	100		30402050	1	-1	50000	100		30402012	1	-1	5000	100		30402014	1	-1	5000	100		30402016	1	-1	5000	100		30402018	1	-1	5000	100		30402020	1	-1	5000	100		30402056	1	-1	5000	100		30402060	1	-1	5000	100		30402062	1	-1	5000	100		30402064	1	-1	5000	100		30402066	1	-1	5000	100		30402068	1	-1	5000	100		30402070	1	-1	5000	100		30402074	1	-1	5000	100		30402076	1	-1	50000	100		30402078	1	-1	50000	100		30402080	1	-1	50000	100																																																																																																																																				
135	40	0	1	8	1	1	6	0	1	600000	50	0		0	0	0	96	97	98	100	200	300	400	500	30504019	1	-1	200	100	 	30008002	1	-1	10	100	 	30008003	1	-1	5	100	 	30008016	1	-1	1	100	 	30503017	1	-1	1	100	 	30503018	1	-1	10	100	 	30503019	1	-1	100	100	 	30503020	1	-1	1000	100	 	30503012	1	-1	1	100	 	30607000	1	-1	20	100	 	30607001	1	-1	50	100	 	30606002	1	-1	30	100	 	30502000	10	-1	240	100	 	30502001	10	-1	320	100	 	30502002	10	-1	400	100	 	30503021	1	-1	500	100	 	30502003	1	-1	2000	100	 												 																																																																																																																																																																																																																																			
#期货店136 137																																																																																																																																																																																																																																																																																																																																				
136	40	0	1	8	1	1	6	0	1	600000	50	0		0	0	0	96	97	98	100	200	300	400	500	30008002	1	-1	200	100		30008003	1	-1	200	100		30008016	1	-1	50	100		30008005	1	-1	1000	100		30008004	1	-1	5000	100		31000000	1	-1	2000	100		31000002	1	-1	2000	100		31000001	1	-1	5000	100		31000003	1	-1	5000	100		30503116	1	-1	100	100		30008017	1	-1	500	100		10155001	1	-1	1000	100		10304000	1	-1	2000	100		10304005	1	-1	10000	100		10300000	1	-1	2000	100		10300005	1	-1	10000	100		10302000	1	-1	2000	100		10302005	1	-1	10000	100		10305000	1	-1	2000	100		10305005	1	-1	10000	100		10306000	1	-1	2000	100		10306005	1	-1	10000	100		10307000	1	-1	2000	100		10307005	1	-1	10000	100																																																																																																																																																																																																						
137	40	0	1	8	1	1	6	0	1	600000	50	0		0	0	0	96	97	98	100	200	300	400	500	30504026	1	-1	2000	100		30504046	1	-1	1325	100		30700203	1	-1	1325	100		30700203	10	-1	13325	100		30504006	1	-1	9999999	100		30700204	1	-1	9822	100	#G	30501358	1	-1	150	100	#G	30501356	1	-1	150	100	#G	30501167	1	-1	150	100	#G	10141040	1	-1	8000000	100	#G	10141030	1	-1	8000000	100	#G	30008048	1	-1	8000	100	#G	30008034	1	-1	800	100	#G	30900005	1	-1	1	100		30900045	1	-1	550	100		30900013	1	-1	500	100		30008013	1	-1	15000	100		30008007	1	-1	500	100		30900007	1	-1	300	100		30900000	1	-1	900	100		30008006	1	-1	240	100		30008021	1	-1	1	100	#G	30008025	1	-1	1	100	#G	30008024	1	-1	1	100		30008023	1	-1	1	100		30008022	1	-1	1	100		30008009	1	-1	1000	100	#G	30008033	1	-1	1000	100	#G																																																																																																																																																																													
138	40	0	1	9	1	1	1	0	1	7200000	50	0		0	0	0	96	97	98	100	200	300	400	500	10141003	1	1	100	100		30308023	1	-1	100	100		0	1	-1	100	100		0	1	-1	100	100		0	1	-1	100	100		0	1	-1	100	100		0	1	-1	100	100		0	1	-1	100	100		0	1	-1	100	100		0	1	-1	100	100		0	1	-1	100	100		0	1	-1	100	100		0	1	-1	100	100		0	1	-1	100	100		0	1	-1	100	100		0	1	-1	100	100		0	1	-1	100	100		0	1	-1	100	100		0	1	-1	100	100		0	1	-1	100	100		0	1	-1	100	100		0	1	-1	100	100		0	1	-1	100	100		0	1	-1	100	100		0	1	-1	100	100		0	1	-1	100	100		0	1	-1	100	100		0	1	-1	100	100		0	1	-1	100	100		0	1	-1	100	100		0	1	-1	100	100		0	1	-1	100	100		0	1	-1	100	100		0	1	-1	100	100		0	1	-1	100	100		0	1	-1	100	100		0	1	-1	100	100		0	1	-1	100	100		0	1	-1	100	100		0	1	-1	100	100		0	1	-1	100	100		0	1	-1	100	100		0	1	-1	100	100		0	1	-1	100	100		0	1	-1	100	100		0	1	-1	100	100		0	1	-1	100	100		0	1	-1	100	100		0	1	-1	100	100							
139	40	0	1	9	1	1	1	0	1	6600000	50	0		0	0	0	96	97	98	100	200	300	400	500	30505054	1	20	100	100		30505055	1	20	100	100		30505056	1	20	100	100		30508041	1	20	100	100		30508051	1	20	100	100		30508061	1	20	100	100		30505041	1	20	100	100		30505051	1	20	100	100		30505061	1	20	100	100		30507041	1	20	100	100		30507051	1	20	100	100		30507061	1	20	100	100		0	1	20	100	100		0	1	20	100	100		0	1	20	100	100		0	1	20	100	100		0	1	20	100	100		0	1	20	100	100		0	1	20	100	100		0	1	20	100	100		0	1	20	100	100		0	1	20	100	100		0	1	20	100	100		0	1	20	100	100		0	1	-1	100	100		0	1	-1	100	100		0	1	-1	100	100		0	1	-1	100	100		0	1	-1	100	100		0	1	-1	100	100		0	1	-1	100	100		0	1	-1	100	100		0	1	-1	100	100		0	1	-1	100	100		0	1	-1	100	100		0	1	-1	100	100		0	1	-1	100	100		0	1	-1	100	100		0	1	-1	100	100		0	1	-1	100	100		0	1	-1	100	100		0	1	-1	100	100		0	1	-1	100	100		0	1	-1	100	100		0	1	-1	100	100		0	1	-1	100	100		0	1	-1	100	100		0	1	-1	100	100		0	1	-1	100	100		0	1	-1	100	100	
140	40	0	1	9	1	1	1	0	1	7000000	50	0		0	0	0	96	97	98	100	200	300	400	500	30505054	1	20	100	100		30505055	1	20	100	100		30505056	1	20	100	100		30505057	1	20	100	100		30508041	1	20	100	100		30508051	1	20	100	100		30508061	1	20	100	100		30508071	1	20	100	100		30505041	1	20	100	100		30505051	1	20	100	100		30505061	1	20	100	100		30505071	1	20	100	100		30507041	1	20	100	100		30507051	1	20	100	100		30507061	1	20	100	100		30507071	1	20	100	100		0	1	20	100	100		0	1	20	100	100		0	1	20	100	100		0	1	20	100	100		0	1	20	100	100		0	1	20	100	100		0	1	20	100	100		0	1	20	100	100		0	1	-1	100	100		0	1	-1	100	100		0	1	-1	100	100		0	1	-1	100	100		0	1	-1	100	100		0	1	-1	100	100		0	1	-1	100	100		0	1	-1	100	100		0	1	-1	100	100		0	1	-1	100	100		0	1	-1	100	100		0	1	-1	100	100		0	1	-1	100	100		0	1	-1	100	100		0	1	-1	100	100		0	1	-1	100	100		0	1	-1	100	100		0	1	-1	100	100		0	1	-1	100	100		0	1	-1	100	100		0	1	-1	100	100		0	1	-1	100	100		0	1	-1	100	100		0	1	-1	100	100		0	1	-1	100	100		0	1	-1	100	100	
141	40	0	1	9	1	1	1	0	1	7200000	50	0		0	0	0	96	97	98	100	200	300	400	500	30505056	1	20	100	100		30505057	1	20	100	100		30505058	1	20	100	100		30505059	1	20	100	100		30508061	1	20	100	100		30508071	1	20	100	100		30508081	1	20	100	100		30508091	1	20	100	100		30505061	1	20	100	100		30505071	1	20	100	100		30505081	1	20	100	100		30505091	1	20	100	100		30507061	1	20	100	100		30507071	1	20	100	100		30507081	1	20	100	100		30507091	1	20	100	100		0	1	20	100	100		0	1	20	100	100		0	1	20	100	100		0	1	20	100	100		0	1	20	100	100		0	1	20	100	100		0	1	20	100	100		0	1	20	100	100		0	1	-1	100	100		0	1	-1	100	100		0	1	-1	100	100		0	1	-1	100	100		0	1	-1	100	100		0	1	-1	100	100		0	1	-1	100	100		0	1	-1	100	100		0	1	-1	100	100		0	1	-1	100	100		0	1	-1	100	100		0	1	-1	100	100		0	1	-1	100	100		0	1	-1	100	100		0	1	-1	100	100		0	1	-1	100	100		0	1	-1	100	100		0	1	-1	100	100		0	1	-1	100	100		0	1	-1	100	100		0	1	-1	100	100		0	1	-1	100	100		0	1	-1	100	100		0	1	-1	100	100		0	1	-1	100	100		0	1	-1	100	100	
142	40	120	1	9	1	1	1	1	1	100000	50	0		0	0	0	96	97	98	100	200	300	400	500	10124000	1	-1	100	100		10124001	1	-1	100	100		10124002	1	-1	100	100		10124003	1	-1	100	100		10124004	1	-1	100	100		10124005	1	-1	100	100		10124006	1	-1	100	100		10124007	1	-1	100	100		10124008	1	-1	100	100		0	1	-1	100	100		0	1	20	100	100		0	1	-1	100	100		0	1	20	100	100		0	1	20	100	100		0	1	20	100	100		0	1	20	100	100		0	1	20	100	100		0	1	20	100	100		0	1	20	100	100		0	1	20	100	100		0	1	20	100	100		0	1	20	100	100		0	1	20	100	100		0	1	20	100	100		0	1	-1	100	100		0	1	-1	100	100		0	1	-1	100	100		0	1	-1	100	100		0	1	-1	100	100		0	1	-1	100	100		0	1	-1	100	100		0	1	-1	100	100		0	1	-1	100	100		0	1	-1	100	100		0	1	-1	100	100		0	1	-1	100	100		0	1	-1	100	100		0	1	-1	100	100		0	1	-1	100	100		0	1	-1	100	100		0	1	-1	100	100		0	1	-1	100	100		0	1	-1	100	100		0	1	-1	100	100		0	1	-1	100	100		0	1	-1	100	100		0	1	-1	100	100		0	1	-1	100	100		0	1	-1	100	100		0	1	-1	100	100	
143	40	120	1	9	1	1	1	1	1	100000	50	0		0	0	0	96	97	98	100	200	300	400	500	30001003	1	-1	100	100		30101034	1	-1	100	100		30101035	1	-1	100	100		30101036	1	-1	100	100		30101037	1	-1	100	100		30101038	1	-1	100	100		30101039	1	-1	100	100		30101040	1	-1	100	100		30002003	1	-1	100	100		30101044	1	-1	100	100		30101045	1	20	100	100		30101046	1	-1	100	100		30101047	1	20	100	100		30101048	1	20	100	100		30101049	1	20	100	100		30101050	1	20	100	100		0	1	-1	100	100																																																																																																																																																																																																							
#期货店144																																																																																																																																																																																																																																																																																																																																				
144	40	0	1	8	1	1	6	0	1	600000	50	0		0	0	0	96	97	98	100	200	300	400	500	30505053	10	-1	1	100		30505054	10	-1	1	100		30505055	10	-1	1	100		30505056	10	-1	1	100		30505057	10	-1	1	100		30505058	10	-1	72	100		30505059	10	-1	80	100	#G	30501037	1	-1	2000	100	#G	30501038	1	-1	2000	100	#G	30501039	1	-1	2000	100	#G	30501040	1	-1	2000	100	#G	30501041	1	-1	2000	100	#G	30501042	1	-1	2000	100	#G																																																																																																																																																																																																																																																																							
145	40	0	1	8	1	1	5	0	1	600000	50	0		0	0	0	96	97	98	100	200	300	400	500	20307001	1	-1	1	100		20307125	1	-1	1	100		20307126	1	-1	1	100		20307127	1	-1	1	100		20307121	1	-1	1	100		20307122	1	-1	1	100		20307123	1	-1	1	100		20307124	1	-1	1	100		20307128	1	-1	1	100	#G	20307129	1	-1	1	100	#G	20307130	1	-1	1	100	#G	20307119	1	-1	1	100		20307120	1	-1	1	100		20307114	1	-1	1	100		20307112	1	-1	1	100		20307111	1	-1	1	100		20307115	1	-1	1	100		20307118	1	-1	1	100		20307116	1	-1	1	100		20307117	1	-1	1	100		20307102	1	-1	1	100		20307103	1	-1	1	100		20307104	1	-1	1	100		20307105	1	-1	198	100		20307106	1	-1	1	100		20307107	1	-1	1	100		20307108	1	-1	1	100		20307109	1	-1	198	100		20307110	1	-1	1	100		20307101	1	-1	1	100		20307113	1	-1	1	100		20307133	1	-1	1	100	#G	20307135	1	-1	1	100																																																																																																							
#武功146																																																																																																																																																																																																																																																																																																																																				
###146	40	0	1	8	1	1	5	0	1	600000	60	0		0	0	0	96	97	98	100	200	300	400	500	30308002	1	-1	5000	100	 	30308003	1	-1	5000	100	 	30308004	1	-1	5000	100	 	30308005	1	-1	5000	100	 	30308006	1	-1	5000	100	 	30308007	1	-1	5000	100	 	30308008	1	-1	5000	100	 	30308009	1	-1	5000	100	 	30308010	1	-1	5000	100	 	30307211	1	-1	1000	100	 	30308001	1	-1	5000	100	 	30308000	1	-1	5000	100	 	30308011	1	-1	5000	100	 	30307212	1	-1	1000	100	 	30307213	1	-1	1000	100	 	30307214	1	-1	1000	100	 	30307215	1	-1	1000	100	 	30307216	1	-1	1000	100	 	30307217	1	-1	1000	100	 	30307218	1	-1	1000	100	 	30307219	1	-1	1000	100	 	30307200	1	-1	1000	100	 	30307201	1	-1	1000	100	 	30307202	1	-1	1000	100	 	30307203	1	-1	1000	100	 	30307204	1	-1	1000	100	 	30307205	1	-1	1000	100	 	30307206	1	-1	1000	100	 	30307207	1	-1	1000	100	 	30307208	1	-1	1000	100	 	30307222	1	-1	1000	100	 	30307223	1	-1	1000	100	 	30307224	1	-1	1000	100	 	30307225	1	-1	1000	100	 	30307226	1	-1	1000	100	 	30307227	1	-1	1000	100	 	30307228	1	-1	1000	100	 	30307229	1	-1	1000	100	 	30307230	1	-1	1000	100	 	30307220	1	-1	1000	100	 	30307221	1	-1	1000	100	 	30307209	1	-1	1000	100	 	30307210	1	-1	1000	100	 	30307231	1	-1	1000	100	 	30307232	1	-1	1000	100	 	30308136	1	-1	1000	100	 	30308135	1	-1	1000	100	 	30308137	1	-1	1000	100	 												
146	40	0	1	8	1	1	5	0	1	600000	60	0		0	0	0	96	97	98	100	200	300	400	500	0	1	-1	2000	100	#G	30308002	1	-1	5000	100	 	30308003	1	-1	5000	100	 	30308004	1	-1	5000	100	 	30308005	1	-1	5000	100	 	30308006	1	-1	5000	100	 	30308007	1	-1	5000	100	 	30308008	1	-1	5000	100	 	30308009	1	-1	5000	100	 	30308010	1	-1	5000	100	 	30307211	1	-1	1000	100	 	30308001	1	-1	5000	100	 	30308000	1	-1	5000	100	 	30308011	1	-1	5000	100	 	30307212	1	-1	1000	100	 	30307213	1	-1	1000	100	 	30307214	1	-1	1000	100	 	30307215	1	-1	1000	100	 	30307216	1	-1	1000	100	 	30307217	1	-1	1000	100	 	30307218	1	-1	1000	100	 	0	1	-1	1000	100	 	30307200	1	-1	1000	100	 	30307201	1	-1	1000	100	 	30307202	1	-1	1000	100	 	30307203	1	-1	1000	100	 	30307204	1	-1	1000	100	 	30307205	1	-1	1000	100	 	30307206	1	-1	1000	100	 	30307207	1	-1	1000	100	 	30307208	1	-1	1000	100	 	30307222	1	-1	1000	100	 	30307223	1	-1	1000	100	 	30307224	1	-1	1000	100	 	30307225	1	-1	1000	100	 	30307226	1	-1	1000	100	 	30307227	1	-1	1000	100	 	30307228	1	-1	1000	100	 	30307229	1	-1	1000	100	 	30307230	1	-1	1000	100	 	30307220	1	-1	1000	100	 	30307221	1	-1	1000	100	 	30307209	1	-1	1000	100	 	30307210	1	-1	1000	100	 	30307231	1	-1	1000	100	 	30307232	1	-1	1000	100	 	30308136	1	-1	1000	100	 	30308135	1	-1	1000	100	 	30308137	1	-1	1000	100	 																																															
147	40	120	1	9	1	1	1	1	1	600000	50	0		0	0	0	96	97	98	100	200	300	400	500	30302004	1	20	100	100		30302014	1	20	100	100		30302024	1	20	100	100		30301004	1	20	100	100		30301014	1	20	100	100		30301024	1	20	100	100		30301034	1	20	100	100		30301044	1	20	100	100		30301054	1	20	100	100		30301064	1	20	100	100		30301074	1	20	100	100		30301084	1	20	100	100		30301094	1	20	100	100		30301104	1	20	100	100		30301114	1	20	100	100		30301124	1	20	100	100		30301134	1	20	100	100		30301144	1	20	100	100		30300004	1	20	100	100		30300014	1	20	100	100		30300024	1	20	100	100		30300034	1	20	100	100		30300044	1	20	100	100		30300054	1	20	100	100		0	1	-1	100	100		0	1	-1	100	100		0	1	-1	100	100		0	1	-1	100	100		0	1	-1	100	100		0	1	-1	100	100		0	1	-1	100	100		0	1	-1	100	100		0	1	-1	100	100		0	1	-1	100	100		0	1	-1	100	100		0	1	-1	100	100		0	1	-1	100	100		0	1	-1	100	100		0	1	-1	100	100		0	1	-1	100	100		0	1	-1	100	100		0	1	-1	100	100		0	1	-1	100	100		0	1	-1	100	100		0	1	-1	100	100		0	1	-1	100	100		0	1	-1	100	100		0	1	-1	100	100		0	1	-1	100	100		0	1	-1	100	100	
148	40	120	1	9	1	1	1	1	1	600000	50	0		0	0	0	96	97	98	100	200	300	400	500	30302005	1	20	100	100		30302015	1	20	100	100		30302025	1	20	100	100		30301005	1	20	100	100		30301015	1	20	100	100		30301025	1	20	100	100		30301035	1	20	100	100		30301045	1	20	100	100		30301055	1	20	100	100		30301065	1	20	100	100		30301075	1	20	100	100		30301085	1	20	100	100		30301095	1	20	100	100		30301105	1	20	100	100		30301115	1	20	100	100		30301125	1	20	100	100		30301135	1	20	100	100		30301145	1	20	100	100		30300005	1	20	100	100		30300015	1	20	100	100		30300025	1	20	100	100		30300035	1	20	100	100		30300045	1	20	100	100		30300055	1	20	100	100		0	1	-1	100	100		0	1	-1	100	100		0	1	-1	100	100		0	1	-1	100	100		0	1	-1	100	100		0	1	-1	100	100		0	1	-1	100	100		0	1	-1	100	100		0	1	-1	100	100		0	1	-1	100	100		0	1	-1	100	100		0	1	-1	100	100		0	1	-1	100	100		0	1	-1	100	100		0	1	-1	100	100		0	1	-1	100	100		0	1	-1	100	100		0	1	-1	100	100		0	1	-1	100	100		0	1	-1	100	100		0	1	-1	100	100		0	1	-1	100	100		0	1	-1	100	100		0	1	-1	100	100		0	1	-1	100	100		0	1	-1	100	100	
149	40	0	1	8	1	1	5	0	1	600000	50	0		0	0	0	96	97	98	100	200	300	400		50101001	1	-1	1	100		50101002	1	-1	1	100		50102001	1	-1	1	100		50102002	1	-1	1	100		50102003	1	-1	1	100		50102004	1	-1	1	100		50103001	1	-1	1	100		50104002	1	-1	1	100		50111001	1	-1	1	100		50111002	1	-1	1	100		50112001	1	-1	1	100		50112002	1	-1	1	100		50112003	1	-1	1	100		50112004	1	-1	1	100		50113001	1	-1	1	100		50113002	1	-1	1	100		50113003	1	-1	1	100		50113004	1	-1	1	100		50113005	1	-1	1	100		50114001	1	-1	1	100																																																																																																																																																																																					
#宝石点150  到 155																																																																																																																																																																																																																																																																																																																																				
150	40	0	1	8	1	1	6	0	1	600000	50	0		0	0	0	96	97	98	100	200	300	400	500	50421001	1	-1	1200	100	#G	50421002	1	-1	1200	100	#G	50421003	1	-1	1200	100	#G	50421004	1	-1	1200	100		50401001	1	-1	400	100	#G	50401002	1	-1	400	100	#G	50402005	1	-1	400	100	#G	50402006	1	-1	400	100	#G	50402007	1	-1	400	100	#G	50402008	1	-1	400	100	#G	50412005	1	-1	400	100	#G	50412006	1	-1	400	100	#G	50412007	1	-1	400	100	#G	50412008	1	-1	400	100	#G	50414001	1	-1	400	100	#G	50413006	1	-1	400	100	#G	50413005	1	-1	400	100	#G	50413004	1	-1	400	100	#G	50413003	1	-1	400	100	#G	50413002	1	-1	400	100	#G	50413001	1	-1	400	100	#G	50403001	1	-1	400	100	#G	50404002	1	-1	400	100		50411001	1	-1	400	100		50411002	1	-1	400	100																																																																																																																																																																																																																								
151	40	0	1	8	1	1	5	0	1	600000	50	0		0	0	0	96	97	98	100	200	300	400	500	50621001	1	-1	30000	100	#G	50621002	1	-1	30000	100	#G	50621003	1	-1	30000	100	#G	50621004	1	-1	30000	100		50601001	1	-1	10000	100	#G	50601002	1	-1	10000	100	#G	50602005	1	-1	10000	100	#G	50602006	1	-1	10000	100	#G	50602007	1	-1	10000	100	#G	50602008	1	-1	10000	100	#G	50612005	1	-1	10000	100	#G	50612006	1	-1	10000	100	#G	50612007	1	-1	10000	100	#G	50612008	1	-1	10000	100	#G	50613001	1	-1	10000	100	#G	50613002	1	-1	10000	100	#G	50613003	1	-1	10000	100	#G	50613004	1	-1	10000	100	#G	50613005	1	-1	10000	100	#G	50613006	1	-1	10000	100	#G	50603001	1	-1	10000	100	#G	50604002	1	-1	10000	100	#G	50614001	1	-1	10000	100	#G	50611001	1	-1	10000	100	#G	50611002	1	-1	10000	100	#G																																																																																																																																																																																																																																																																																									
##151	40	0	1	8	1	1	5	0	1	600000	50	0		0	0	0	96	97	98	100	200	300	400	500	0	1	-1	3000	100	#G	50521002	1	-1	3000	100	#G	50521003	1	-1	3000	100	#G	50521004	1	-1	3000	100		50501001	1	-1	1000	100	#G	50501002	1	-1	1000	100	#G	50502005	1	-1	3000	100	#G	50502006	1	-1	1000	100	#G	50502007	1	-1	1000	100	#G	50502008	1	-1	1000	100	#G	50512005	1	-1	1000	100	#G	50512006	1	-1	1000	100	#G	50512007	1	-1	1000	100	#G	50512008	1	-1	1000	100	#G	50513001	1	-1	1000	100	#G	50513002	1	-1	1000	100	#G	50513003	1	-1	1000	100	#G	50513004	1	-1	1000	100	#G	50513005	1	-1	1000	100	#G	50513006	1	-1	1000	100	#G	50503001	1	-1	1000	100	#G	50504002	1	-1	1000	100	#G	50514001	1	-1	1000	100	#G	50511001	1	-1	1000	100	#G	50511002	1	-1	1000	100	#G																																																																																																																																																																																																																													
###152	40	0	1	8	1	1	5	0	1	600000	50	0		0	0	0	96	97	98	100	200	300	400	500	50721107	1	-1	1000	100	#G	50721207	1	-1	1000	100	#G	50721307	1	-1	1000	100	#G	50721407	1	-1	1000	100	#G	50711001	1	-1	1000	100	#G	50711002	1	-1	1000	100	#G	50701001	1	-1	500	100	 	50701002	1	-1	500	100	 	50702005	1	-1	500	100	 	50702006	1	-1	500	100	 	50702007	1	-1	500	100	 	50702008	1	-1	500	100	 	50712005	1	-1	500	100	 	50712006	1	-1	500	100	 	50712007	1	-1	500	100	 	50712008	1	-1	500	100	 	50713001	1	-1	500	100	 	50713002	1	-1	500	100	 	50713003	1	-1	500	100	 	50713004	1	-1	500	100	 	50713005	1	-1	500	100	 	50713006	1	-1	500	100	 	50703001	1	-1	500	100	 	50704002	1	-1	500	100	 	50714001	1	-1	500	100	 	50721001	1	-1	1500	100		50721002	1	-1	1500	100		50721003	1	-1	1500	100		50721004	1	-1	1500	100																																																																																																																																																																																																																									
152	40	0	1	8	1	1	6	0	1	600000	50	0		0	0	0	96	97	98	100	200	300	400	500	30501225	1	-1	5000	100	#G	30501216	1	-1	5000	100	#G	30501234	1	-1	5000	100	#G	30501243	1	-1	5000	100	#G																																																																																																																																																																																																																																																																																																																													
153	40	0	1	8	1	1	6	0	1	600000	50	0		0	0	0	96	97	98	100	200	300	400	500	30900010	1	-1	98	100	#G	30900044	1	-1	98	100	#G	20109101	1	-1	2000	100	#G	30900029	1	-1	4000	100	#G	30900030	1	-1	5000	100	#G	30900031	1	-1	6000	100	#G	30900032	1	-1	7000	100	#G	30900056	1	-1	500	100	#G	30900015	1	-1	500	100	#G																																																																																																																																																																																																																																																																																															
154	40	0	1	8	1	1	6	0	1	600000	60	0		0	0	0	96	97	98	100	200	300	400	500	20500003	10	-1	100	100		20500004	10	-1	500	100		20501003	10	-1	100	100		20501004	10	-1	500	100		20502003	10	-1	100	100		20502004	10	-1	500	100																																																																																																																																																																																																																																																																																																																																																																		
155	40	0	1	8	1	1	5	0	1	600000	60	0		0	0	0	96	97	98	100	200	300	400	500	30503134	1	-1	2000	100	#G	30503135	1	-1	2000	100	#G	30503136	1	-1	2000	100	#G	30503137	1	-1	2000	100	#G	50431001	1	-1	15000	100	#G	50432001	1	-1	15000	100	#G	50433001	1	-1	15000	100	#G	50431002	1	-1	15000	100	#G	50432002	1	-1	15000	100	#G	50433002	1	-1	15000	100	#G	50431003	1	-1	15000	100	#G	50432003	1	-1	15000	100	#G	50433003	1	-1	15000	100	#G	50431004	1	-1	15000	100	#G	50432004	1	-1	15000	100	#G	50433004	1	-1	15000	100	#G	50431005	1	-1	15000	100	#G	50432005	1	-1	15000	100	#G	50433005	1	-1	15000	100	#G	50431006	1	-1	15000	100	#G	50432006	1	-1	15000	100	#G	50433006	1	-1	15000	100	#G	50431007	1	-1	15000	100	#G	50432007	1	-1	15000	100	#G	50433007	1	-1	15000	100	#G	50431008	1	-1	15000	100	#G	50432008	1	-1	15000	100	#G	50433008	1	-1	15000	100	#G	50431009	1	-1	15000	100	#G	50432009	1	-1	15000	100	#G	50433009	1	-1	15000	100	#G	50431010	1	-1	15000	100	#G	50432010	1	-1	15000	100	#G	50433010	1	-1	15000	100	#G																																																																																																																																									
#打造图																																																																																																																																																																																																																																																																																																																																				
156	40	0	1	8	1	1	6	0	1	600000	60	0		0	0	0	96	97	98	100	200	300	400	500	20308001	10	-1	40	100		20308011	10	-1	40	100		20308002	10	-1	60	100		20308012	10	-1	60	100		20308003	10	-1	80	100		20308013	10	-1	80	100		20308004	10	-1	100	100		20308014	10	-1	100	100		20308005	10	-1	120	100		20308015	10	-1	120	100		20308006	10	-1	140	100		20308016	10	-1	140	100		20308007	10	-1	160	100		20308017	10	-1	160	100		20308008	10	-1	180	100		20308018	10	-1	180	100		20308009	10	-1	200	100		20308019	10	-1	200	100		20308010	10	-1	220	100		20308020	10	-1	220	100																																																																																																																																																																																					
157	40	0	1	8	1	1	6	0	1	600000	60	0		0	0	0	96	97	98	100	200	300	400	500	20308021	10	-1	40	100		20308031	10	-1	40	100		20308022	10	-1	60	100		20308032	10	-1	60	100		20308023	10	-1	80	100		20308033	10	-1	80	100		20308024	10	-1	100	100		20308034	10	-1	100	100		20308025	10	-1	120	100		20308035	10	-1	120	100		20308026	10	-1	140	100		20308036	10	-1	140	100		20308027	10	-1	160	100		20308037	10	-1	160	100		20308028	10	-1	180	100		20308038	10	-1	180	100		20308029	10	-1	200	100		20308039	10	-1	200	100		20308030	10	-1	220	100		20308040	10	-1	220	100																																																																																																																																																																																					
158	40	0	1	8	1	1	6	0	1	600000	60	0		0	0	0	96	97	98	100	200	300	400	500	20308041	10	-1	40	100	 	20308051	10	-1	40	100	 	20308193	10	-1	40	100	 	20308205	10	-1	40	100	 	20308042	10	-1	60	100	 	20308052	10	-1	60	100	 	20308194	10	-1	60	100	 	20308206	10	-1	60	100	 	20308043	10	-1	80	100	 	20308053	10	-1	80	100	 	20308195	10	-1	80	100	 	20308207	10	-1	80	100	 	20308044	10	-1	100	100	 	20308054	10	-1	100	100	 	20308196	10	-1	100	100	 	20308208	10	-1	100	100	 	20308045	10	-1	120	100	 	20308055	10	-1	120	100	 	20308197	10	-1	120	100	 	20308209	10	-1	120	100	 	20308046	10	-1	140	100	 	20308056	10	-1	140	100	 	20308198	10	-1	140	100	 	20308210	10	-1	140	100	 	20308047	10	-1	160	100	 	20308057	10	-1	160	100	 	20308199	10	-1	160	100	 	20308211	10	-1	160	100	 	20308048	10	-1	180	100	 	20308058	10	-1	180	100	 	20308200	10	-1	180	100	 	20308212	10	-1	180	100	 	20308049	10	-1	200	100	 	20308059	10	-1	200	100	 	20308201	10	-1	200	100	 	20308213	10	-1	200	100	 	20308050	10	-1	220	100	 	20308060	10	-1	220	100	 	20308202	10	-1	220	100	 	20308214	10	-1	220	100	 																																																												
159	40	0	1	8	1	1	6	0	1	600000	60	0		0	0	0	96	97	98	100	200	300	400	500	20308061	10	-1	1	100		20308071	10	-1	1	100		20308062	10	-1	1	100		20308072	10	-1	1	100		20308063	10	-1	1	100		20308073	10	-1	1	100		20308064	10	-1	1	100		20308074	10	-1	1	100		20308065	10	-1	1	100		20308075	10	-1	1	100		20308066	10	-1	1	100		20308076	10	-1	1	100		20308067	10	-1	1	100		20308077	10	-1	1	100		20308068	10	-1	1	100		20308078	10	-1	1	100		20308069	10	-1	200	100		20308079	10	-1	200	100		20308070	10	-1	220	100		20308080	10	-1	220	100																																																																																																																																																																																					
160	40	0	1	8	1	1	6	0	1	600000	60	0		0	0	0	96	97	98	100	200	300	400	500	20308081	10	-1	1	100		20308091	10	-1	1	100		20308082	10	-1	1	100		20308092	10	-1	1	100		20308083	10	-1	1	100		20308093	10	-1	1	100		20308084	10	-1	1	100		20308094	10	-1	1	100		20308085	10	-1	1	100		20308095	10	-1	1	100		20308086	10	-1	1	100		20308096	10	-1	1	100		20308087	10	-1	1	100		20308097	10	-1	1	100		20308088	10	-1	1	100		20308098	10	-1	1	100		20308089	10	-1	200	100		20308099	10	-1	200	100		20308090	10	-1	220	100		20308100	10	-1	220	100							
161	40	0	1	8	1	1	6	0	1	600000	60	0		0	0	0	96	97	98	100	200	300	400	500	20308131	10	-1	1	100		20308141	10	-1	1	100		20308132	10	-1	1	100		20308142	10	-1	1	100		20308133	10	-1	1	100		20308143	10	-1	1	100		20308134	10	-1	1	100		20308144	10	-1	1	100		20308135	10	-1	1	100		20308145	10	-1	1	100		20308136	10	-1	1	100		20308146	10	-1	1	100		20308137	10	-1	1	100		20308147	10	-1	1	100		20308138	10	-1	1	100		20308148	10	-1	1	100		20308139	10	-1	200	100		20308149	10	-1	200	100		20308140	10	-1	220	100		20308150	10	-1	220	100																																																																																																																																																																																					
162	40	0	1	8	1	1	6	0	1	600000	60	0		0	0	0	96	97	98	100	200	300	400	500	20308151	10	-1	1	100		20308101	10	-1	1	100		20308152	10	-1	1	100		20308102	10	-1	1	100		20308153	10	-1	1	100		20308103	10	-1	1	100		20308154	10	-1	1	100		20308104	10	-1	1	100		20308155	10	-1	1	100		20308105	10	-1	1	100		20308156	10	-1	1	100		20308106	10	-1	1	100		20308157	10	-1	1	100		20308107	10	-1	1	100		20308158	10	-1	1	100		20308108	10	-1	1	100		20308159	10	-1	200	100		20308109	10	-1	200	100		20308160	10	-1	220	100		20308110	10	-1	220	100																																																																																																																																																																																					
163	40	0	1	8	1	1	6	0	1	600000	60	0		0	0	0	96	97	98	100	200	300	400	500	20308111	10	-1	1	100		20308121	10	-1	1	100		20308112	10	-1	1	100		20308122	10	-1	1	100		20308113	10	-1	1	100		20308123	10	-1	1	100		20308114	10	-1	1	100		20308124	10	-1	1	100		20308115	10	-1	1	100		20308125	10	-1	1	100		20308116	10	-1	1	100		20308126	10	-1	1	100		20308117	10	-1	1	100		20308127	10	-1	1	100		20308118	10	-1	1	100		20308128	10	-1	1	100		20308119	10	-1	200	100		20308129	10	-1	200	100		20308120	10	-1	220	100		20308130	10	-1	220	100																																																																																																																																																																																					
#武功164																																																																																																																																																																																																																																																																																																																																				
164	40	0	1	8	1	1	5	0	1	600000	60	0		0	0	0	96	97	98	100	200	300	400	500																																																																																																																																																																																																																																																																																																																																																					
#变身																																																																																																																																																																																																																																																																																																																																				
165	40	0	1	8	1	1	5	0	1	600000	50	0		0	0	0	96	97	98	100	200	300	400	#G	10124300	1	-1	1000	100	#G	10124310	1	-1	1000	100	#G	10124320	1	-1	1000	100	#G	10124330	1	-1	1000	100	#G	10124340	1	-1	1000	100	#G	10124350	1	-1	1000	100	#G	10124360	1	-1	1000	100	#G	10124370	1	-1	1000	100	#G	10124380	1	-1	1000	100	#G	10124390	1	-1	1000	100	#G	10124400	1	-1	1000	100	#G	10124410	1	-1	1000	100	#G	10124420	1	-1	1000	100	#G	10124430	1	-1	1000	100	#G	10124440	1	-1	1000	100	#G	10124450	1	-1	1000	100	#G	10124460	1	-1	1000	100	#G	10124470	1	-1	1000	100	#G	10124480	1	-1	1000	100	#G	10124490	1	-1	1000	100	#G	10124500	1	-1	1000	100	#G	10124510	1	-1	1000	100	#G	10124520	1	-1	1000	100	#G	10124530	1	-1	1000	100	#G	10124540	1	-1	1000	100	#G	10124550	1	-1	1000	100	#G	10124560	1	-1	1000	100	#G	10124570	1	-1	1000	100	#G	10124580	1	-1	1000	100	#G	10124590	1	-1	1000	100	#G	10124600	1	-1	1000	100	#G	10124610	1	-1	1000	100	#G	30503140	1	-1	500	100	#G	20307001	1	-1	1	100	#G	20307103	1	-1	1	100	#G	30008039	1	-1	1	100	#G	30008020	1	-1	1	100	#G	30503024	1	-1	1	100	#G	30503022	1	-1	1	100	#G	30501134	1	-1	1	100	#G	30501135	1	-1	1	100	#G	30501133	1	-1	1	100	#G	30501132	1	-1	1	100	#G	30501153	1	-1	1	100	#G	30501152	1	-1	1	100	#G	30501151	1	-1	1	100	#G	30501144	1	-1	1	100	#G	30501137	1	-1	1	100	#G	30501113	1	-1	1	100	#G						
166	40	120	1	9	1	1	1	1	1	7200000	50	0		0	0	0	96	97	98	100	200	300	400	500	30003100	1	10	100	100		30003101	1	10	100	100		30501106	1	-1	100	100		0	1	-1	100	100		0	1	-1	100	100		0	1	-1	100	100		0	1	-1	100	100		0	1	-1	100	100		0	1	-1	100	100		0	1	-1	100	100		0	1	-1	100	100		0	1	-1	100	100		0	1	-1	100	100		0	1	-1	100	100		0	1	-1	100	100		0	1	-1	100	100		0	1	-1	100	100		0	1	-1	100	100		0	1	-1	100	100		0	1	-1	100	100		0	1	-1	100	100		0	1	-1	100	100		0	1	-1	100	100		0	1	-1	100	100		0	1	-1	100	100		0	1	-1	100	100		0	1	-1	100	100		0	1	-1	100	100		0	1	-1	100	100		0	1	-1	100	100		0	1	-1	100	100		0	1	-1	100	100		0	1	-1	100	100		0	1	-1	100	100		0	1	-1	100	100		0	1	-1	100	100		0	1	-1	100	100		0	1	-1	100	100		0	1	-1	100	100		0	1	-1	100	100		0	1	-1	100	100		0	1	-1	100	100		0	1	-1	100	100		0	1	-1	100	100		0	1	-1	100	100		0	1	-1	100	100		0	1	-1	100	100		0	1	-1	100	100		0	1	-1	100	100		0	1	-1	100	100	
167	40	120	1	9	1	1	1	1	1	600000	50	0		0	0	0	96	97	98	100	200	300	400	500	30307163	1	-1	100	100		30307164	1	-1	100	100		30307165	1	-1	100	100		30307166	1	-1	100	100		30307170	1	-1	100	100		30307167	1	-1	100	100		30307168	1	-1	100	100		30307169	1	-1	100	100		30307171	1	-1	100	100		30307172	1	-1	100	100		30307173	1	-1	100	100		30307174	1	-1	100	100		30307175	1	-1	100	100		30307176	1	-1	100	100		0	1	-1	100	100		0	1	-1	100	100		0	1	-1	100	100		0	1	-1	100	100		0	1	-1	100	100		0	1	-1	100	100		0	1	-1	100	100		0	1	-1	100	100		0	1	-1	100	100		0	1	-1	100	100		0	1	-1	100	100		0	1	-1	100	100		0	1	-1	100	100		0	1	-1	100	100		0	1	-1	100	100		0	1	-1	100	100		0	1	-1	100	100		0	1	-1	100	100		0	1	-1	100	100		0	1	-1	100	100		0	1	-1	100	100		0	1	-1	100	100		0	1	-1	100	100		0	1	-1	100	100		0	1	-1	100	100		0	1	-1	100	100		0	1	-1	100	100		0	1	-1	100	100		0	1	-1	100	100		0	1	-1	100	100		0	1	-1	100	100		0	1	-1	100	100		0	1	-1	100	100		0	1	-1	100	100		0	1	-1	100	100		0	1	-1	100	100	
168	40	0	1	8	1	1	1	0	1	600000	50	0		0	0	0	96	97	98	100	200	300	400	500	30304000	1	-1	100	100		30304001	1	-1	100	100		30304002	1	-1	100	100		30304003	1	-1	100	100		30307177	1	-1	100	100		30307178	1	-1	100	100		30307179	1	-1	100	100		30307180	1	-1	100	100		30307181	1	-1	100	100		30307182	1	-1	100	100		0	1	-1	100	100		0	1	-1	100	100		0	1	-1	100	100		0	1	-1	100	100		0	1	-1	100	100		0	1	-1	100	100		0	1	-1	100	100		0	1	-1	100	100		0	1	-1	100	100		0	1	-1	100	100		0	1	-1	100	100		0	1	-1	100	100		0	1	-1	100	100		0	1	-1	100	100		0	1	-1	100	100		0	1	-1	100	100		0	1	-1	100	100		0	1	-1	100	100		0	1	-1	100	100		0	1	-1	100	100		0	1	-1	100	100		0	1	-1	100	100		0	1	-1	100	100		0	1	-1	100	100		0	1	-1	100	100		0	1	-1	100	100		0	1	-1	100	100		0	1	-1	100	100		0	1	-1	100	100		0	1	-1	100	100		0	1	-1	100	100		0	1	-1	100	100		0	1	-1	100	100		0	1	-1	100	100		0	1	-1	100	100		0	1	-1	100	100		0	1	-1	100	100		0	1	-1	100	100		0	1	-1	100	100		0	1	-1	100	100	
169	40	0	1	8	1	1	7	0	1	600000	50	0		0	0	0	96	97	98	100	200	300	400	500	30300002	1	-1	16	100		30300012	1	-1	16	100		30300022	1	-1	16	100		30300032	1	-1	16	100		30300042	1	-1	16	100		30300052	1	-1	16	100		30301002	1	-1	16	100		30301012	1	-1	16	100		30301022	1	-1	16	100		30301032	1	-1	16	100		30301042	1	-1	16	100		30301052	1	-1	16	100		30301062	1	-1	16	100		30301072	1	-1	16	100		30301082	1	-1	16	100		30301092	1	-1	16	100		30301102	1	-1	16	100		30301112	1	-1	16	100		30301122	1	-1	16	100		30301132	1	-1	16	100		30301142	1	-1	16	100		30302002	1	-1	16	100		30302012	1	-1	16	100		30302022	1	-1	16	100																																																																																																																																																													
170	40	0	1	8	1	1	7	0	1	600000	50	0		0	0	0	96	97	98	100	200	300	400	500	30300003	1	-1	20	100		30300013	1	-1	20	100		30300023	1	-1	20	100		30300033	1	-1	20	100		30300043	1	-1	20	100		30300053	1	-1	20	100		30301003	1	-1	20	100		30301013	1	-1	20	100		30301023	1	-1	20	100		30301033	1	-1	20	100		30301043	1	-1	20	100		30301053	1	-1	20	100		30301063	1	-1	20	100		30301073	1	-1	20	100		30301083	1	-1	20	100		30301093	1	-1	20	100		30301103	1	-1	20	100		30301113	1	-1	20	100		30301123	1	-1	20	100		30301133	1	-1	20	100		30301143	1	-1	20	100		30302003	1	-1	20	100		30302013	1	-1	20	100		30302023	1	-1	20	100		0	1	-1	100	100		0	1	-1	100	100		0	1	-1	100	100		0	1	-1	100	100		0	1	-1	100	100		0	1	-1	100	100		0	1	-1	100	100		0	1	-1	100	100		0	1	-1	100	100		0	1	-1	100	100		0	1	-1	100	100		0	1	-1	100	100		0	1	-1	100	100		0	1	-1	100	100		0	1	-1	100	100		0	1	-1	100	100		0	1	-1	100	100		0	1	-1	100	100		0	1	-1	100	100		0	1	-1	100	100		0	1	-1	100	100		0	1	-1	100	100		0	1	-1	100	100		0	1	-1	100	100		0	1	-1	100	100		0	1	-1	100	100	
171	40	0	1	8	1	1	7	0	1	600000	50	0		0	0	0	96	97	98	100	200	300	400	500	30300004	1	-1	23	100		30300014	1	-1	23	100		30300024	1	-1	23	100		30300034	1	-1	23	100		30300044	1	-1	23	100		30300054	1	-1	23	100		30301004	1	-1	23	100		30301014	1	-1	23	100		30301024	1	-1	23	100		30301034	1	-1	23	100		30301044	1	-1	23	100		30301054	1	-1	23	100		30301064	1	-1	23	100		30301074	1	-1	23	100		30301084	1	-1	23	100		30301094	1	-1	23	100		30301104	1	-1	23	100		30301114	1	-1	23	100		30301124	1	-1	23	100		30301134	1	-1	23	100		30301144	1	-1	23	100		30302004	1	-1	23	100		30302014	1	-1	23	100		30302024	1	-1	23	100																																																																																																																																																													
172	40	0	1	8	1	1	7	0	1	600000	50	0		0	0	0	96	97	98	100	200	300	400	500	30300005	1	-1	26	100		30300015	1	-1	26	100		30300025	1	-1	26	100		30300035	1	-1	26	100		30300045	1	-1	26	100		30300055	1	-1	26	100		30301005	1	-1	26	100		30301015	1	-1	26	100		30301025	1	-1	26	100		30301035	1	-1	26	100		30301045	1	-1	26	100		30301055	1	-1	26	100		30301065	1	-1	26	100		30301075	1	-1	26	100		30301085	1	-1	26	100		30301095	1	-1	26	100		30301105	1	-1	26	100		30301115	1	-1	26	100		30301125	1	-1	26	100		30301135	1	-1	26	100		30301145	1	-1	26	100		30302005	1	-1	26	100		30302015	1	-1	26	100		30302025	1	-1	26	100		0	1	-1	100	100																																																																																																																																																							
173	40	0	1	8	1	1	7	0	1	600000	50	0		0	0	0	96	97	98	100	200	300	400	500	30300006	1	-1	30	100		30300016	1	-1	30	100		30300026	1	-1	30	100		30300036	1	-1	30	100		30300046	1	-1	30	100		30300056	1	-1	30	100		30301006	1	-1	30	100		30301016	1	-1	30	100		30301026	1	-1	30	100		30301036	1	-1	30	100		30301046	1	-1	30	100		30301056	1	-1	30	100		30301066	1	-1	30	100		30301076	1	-1	30	100		30301086	1	-1	30	100		30301096	1	-1	30	100		30301106	1	-1	30	100		30301116	1	-1	30	100		30301126	1	-1	30	100		30301136	1	-1	30	100		30301146	1	-1	30	100		30302006	1	-1	30	100		30302016	1	-1	30	100		30302026	1	-1	30	100		0	1	-1	100	100																																																																																																																																																							
174	40	0	1	8	1	1	7	0	1	600000	50	0		0	0	0	96	97	98	100	200	300	400	500	30300007	1	-1	50	100		30300017	1	-1	50	100		30300027	1	-1	50	100		30300037	1	-1	50	100		30300047	1	-1	50	100		30300057	1	-1	50	100		30301007	1	-1	50	100		30301017	1	-1	50	100		30301027	1	-1	50	100		30301037	1	-1	50	100		30301047	1	-1	50	100		30301057	1	-1	50	100		30301067	1	-1	50	100		30301077	1	-1	50	100		30301087	1	-1	50	100		30301097	1	-1	50	100		30301107	1	-1	50	100		30301117	1	-1	50	100		30301127	1	-1	50	100		30301137	1	-1	50	100		30301147	1	-1	50	100		30302007	1	-1	50	100		30302017	1	-1	50	100		30302027	1	-1	50	100																																																																																																																																																													
175	40	0	1	8	1	1	7	0	1	600000	50	0		0	0	0	96	97	98	100	200	300	400	500	30300008	1	-1	55	100		30300018	1	-1	55	100		30300028	1	-1	55	100		30300038	1	-1	55	100		30300048	1	-1	55	100		30300058	1	-1	55	100		30301008	1	-1	55	100		30301018	1	-1	55	100		30301028	1	-1	55	100		30301038	1	-1	55	100		30301048	1	-1	55	100		30301058	1	-1	55	100		30301068	1	-1	55	100		30301078	1	-1	55	100		30301088	1	-1	55	100		30301098	1	-1	55	100		30301108	1	-1	55	100		30301118	1	-1	55	100		30301128	1	-1	55	100		30301138	1	-1	55	100		30301148	1	-1	55	100		30302008	1	-1	55	100		30302018	1	-1	55	100		30302028	1	-1	55	100		30302109	1	-1	55	100		30302110	1	-1	55	100		30302115	1	-1	55	100		30302116	1	-1	55	100																																																																																																																																					
176	40	0	1	8	1	1	7	0	1	600000	50	0		0	0	0	96	97	98	100	200	300	400	500	30300009	1	-1	120	100		30300019	1	-1	120	100		30300029	1	-1	120	100		30300039	1	-1	120	100		30300049	1	-1	120	100		30300059	1	-1	120	100		30301009	1	-1	120	100		30301019	1	-1	120	100		30301029	1	-1	120	100		30301039	1	-1	120	100		30301049	1	-1	120	100		30301059	1	-1	120	100		30301069	1	-1	120	100		30301079	1	-1	120	100		30301089	1	-1	120	100		30301099	1	-1	120	100		30301109	1	-1	120	100		30301119	1	-1	120	100		30301129	1	-1	120	100		30301139	1	-1	120	100		30301149	1	-1	120	100		30302009	1	-1	120	100		30302019	1	-1	120	100		30302029	1	-1	120	100		30302111	1	-1	120	100		30302112	1	-1	120	100		30302117	1	-1	120	100		30302118	1	-1	120	100																																																																																																																																					
177	40	0	1	8	1	1	7	0	1	600000	50	0		0	0	0	96	97	98	100	200	300	400	500	30300010	1	-1	130	100		30300020	1	-1	130	100		30300030	1	-1	130	100		30300040	1	-1	130	100		30300050	1	-1	130	100		30300060	1	-1	130	100		30301010	1	-1	130	100		30301020	1	-1	130	100		30301030	1	-1	130	100		30301040	1	-1	130	100		30301050	1	-1	130	100		30301060	1	-1	130	100		30301070	1	-1	130	100		30301080	1	-1	130	100		30301090	1	-1	130	100		30301100	1	-1	130	100		30301110	1	-1	130	100		30301120	1	-1	130	100		30301130	1	-1	130	100		30301140	1	-1	130	100		30301150	1	-1	130	100		30302010	1	-1	130	100		30302020	1	-1	130	100		30302030	1	-1	130	100		30302113	1	-1	130	100		30302114	1	-1	130	100		30302119	1	-1	130	100		30302120	1	-1	130	100		0	1	-1	100	100																																																																																																																															
#发型178																																																																																																																																																																																																																																																																																																																																				
178	40	0	1	8	1	1	6	0	1	600000	50	0		0	0	0	96	97	98	100	200	300	400	500	10141001	1	-1	1	100	#G	10141019	1	-1	1	100	#G	10141002	1	-1	1	100	#G	10141004	1	-1	1	100	#G	10141005	1	-1	1	100	#G	10141006	1	-1	1	100	#G	10141007	1	-1	1	100	#G	10141008	1	-1	1	100	#G	10141009	1	-1	1	100	#G	10141084	1	-1	1	100	#G	10141150	1	-1	1	100	#G	10141194	1	-1	1	100	#G	10141010	1	-1	1	100	#G	10141011	1	-1	1	100	#G	10141013	1	-1	1	100	#G	10141014	1	-1	1	100	#G	10141015	1	-1	1	100	#G	10141016	1	-1	1	100	#G	10141017	1	-1	1	100	#G	10141018	1	-1	1	100	#G	10141020	1	-1	1	100	#G	10141085	1	-1	1	100	#G	10141151	1	-1	1	100	#G	10141195	1	-1	1	100	#G	10141071	1	-1	1	100	#G	10141072	1	-1	1	100	#G	10141073	1	-1	1	100	#G	10141074	1	-1	1	100	#G	10141075	1	-1	1	100	#G	10141076	1	-1	1	100	#G	10141077	1	-1	1	100	#G	10141078	1	-1	1	100	#G	10141079	1	-1	1	100	#G	10141086	1	-1	1	100	#G	10141152	1	-1	1	100	#G	10141196	1	-1	1	100	#G																																																																																																																													
179	40	120	1	9	1	1	8	1	1	100000	50	0		1	0	0	96	97	98	100	200	300	400	500	30101115	1	-1	100	100		30101116	1	-1	100	100		30101117	1	-1	100	100		30101118	1	-1	100	100		30101119	1	-1	100	100		30101120	1	-1	100	100		30101121	1	-1	100	100		30101122	1	-1	100	100		30101123	1	-1	100	100		30101124	1	-1	100	100		30101125	1	-1	100	100		30101126	1	-1	100	100		30101127	1	-1	100	100		30101128	1	-1	100	100		30101129	1	-1	100	100		30101130	1	-1	100	100		30101131	1	-1	100	100		30101132	1	-1	100	100		30101133	1	-1	100	100		30101134	1	-1	100	100		30001016	1	-1	100	100		30001017	1	-1	100	100		30001018	1	-1	100	100		30002016	1	-1	100	100		30002017	1	-1	100	100		30002018	1	-1	100	100		30003021	1	-1	100	100		30003022	1	-1	100	100		30003023	1	-1	100	100		0	1	-1	100	100																																																																																																																									
#新品上架 180 到 182																																																																																																																																																																																																																																																																																																																																				
#180	40	0	1	8	1	1	5	0	1	600000	50	0		0	0	0	96	97	98	100	200	300	400	500	38010001	1	-1	2000	100	#G	30505105	1	-1	5000	100	#G	30008105	1	-1	2000000	100	#G	30900048	1	-1	2000000	100	#G	30502003	1	-1	5000	100	#G	30505107	1	-1	4000	100	#G	30505107	11	-1	40000	100	#G	30008029	1	-1	100	100	#G	30503115	1	-1	50	100	#G	30503118	1	-1	50	100	#G	30503120	1	-1	100	100	#G	39910007	1	-1	5000	100	#G	30008019	1	-1	1000	100	#G	30505079	1	-1	39600	100	#G	38000571	1	-1	500	100	#G	38000571	10	-1	5000	100	#G				
180	40	0	1	8	1	1	5	0	1	600000	50	0		0	0	0	96	97	98	100	200	300	400	500	30008121	1	-1	5000	100	#G	30008122	1	-1	100	100	#G	38010001	1	-1	2000	100	#G	30505105	1	-1	5000	100	#G	30505107	1	-1	500	100	#G	30505107	11	-1	5000	100	#G	30008029	1	-1	100	100	#G	30008029	11	-1	1000	100	#G	39910007	1	-1	5000	100	#G	30505205	1	-1	3000	100	#G	30008018	1	-1	2000	100	#G	30008019	1	-1	7000	100	#G	30505079	1	-1	39600	100	#G	30103042	1	-1	500	100	 	30008014	1	-1	200	100	 	30008015	1	-1	200	100	 	30503117	1	-1	200	100	 	30008030	1	-1	200	100		31000100	1	-1	2000	100		30900014	1	-1	2000	100		30900049	1	-1	100	100		30900057	1	-1	1000	100	#G	20310111	1	-1	3000	100	#G	30900200	1	-1	2000	100	#G	30503185	1	-1	5000	100	#G	39910001	1	-1	1000	100	#G	39910002	1	-1	2000	100	#G	39910003	1	-1	5000	100	#G	39910004	1	-1	10000	100	#G	39910005	1	-1	50000	100	#G	39910006	1	-1	100000	100	#G	39900000	1	-1	200000	100	#G																																																																																																																																																																																																																																																																													
#181	40	0	1	8	1	1	5	0	1	600000	50	0		0	0	0	96	97	98	100	200	300	400	500	30103042	1	-1	500	100	 	30008014	1	-1	200	100	 	30008015	1	-1	200	100	 	30008002	1	-1	10	100	 	30008003	1	-1	10	100	 	30008034	1	-1	80	100	 	30008048	1	-1	800	100	 	30900010	1	-1	98	100	 	30501170	1	-1	1000	100	 	30900006	1	-1	50	100	 	30900045	1	-1	550	100	 	30008018	1	-1	600	100	 	30008007	1	-1	20	100	 	30008030	1	-1	200	100	 																																																																																																																																																																																																																								
181	40	0	1	8	1	1	5	0	1	600000	50	0		0	0	0	96	97	98	100	200	300	400	500	38000529	1	-1	1000	100	#G	38000529	10	-1	10000	100	#G	38000531	1	-1	1200	100	#G	30503118	1	-1	10	100	#G	30503119	1	-1	20	100	#G	30503120	1	-1	30	100	#G	30503115	1	-1	50	100	#G	30503121	1	-1	2000	100	#G	30501122	1	-1	1000	100	#G	30308055	1	-1	10000	100	#G	30308059	1	-1	5000	100	#G	30600084	1	-1	2100	100	#G	30600084	10	-1	21000	100	#G	38001021	1	-1	1000	100	#G	38001021	5	-1	5000	100	#G	38000397	1	-1	2100	100	#G	38000397	10	-1	21000	100	#G	38000400	1	-1	3000	100	#G	38000400	10	-1	30000	100	#G	38001455	1	-1	20000	100	#G																																																																																																																																																																																																																																																																																																																																																					
#182	40	0	1	8	1	1	5	0	1	600000	50	0		0	0	0	96	97	98	100	200	300	400	500	30505816	1	-1	4000	100	#G	30505817	1	-1	2000	100	#G	30505817	10	-1	20000	100	#G	30505818	1	-1	2000	100	#G	30505818	10	-1	20000	100	#G	30505819	1	-1	2000	100	#G	30505819	10	-1	20000	100	#G	30505815	1	-1	2000	100	#G	30505815	10	-1	20000	100	#G	30505814	1	-1	4000	100	#G	30505814	10	-1	40000	100	#G	30505813	1	-1	5000	100	#G	30600084	20	-1	50000	100	#G	38001599	1	-1	1000	100	#G	10300000	1	-1	1	100	#G	10302000	1	-1	1	100	#G	10304000	1	-1	1	100	#G	10305000	1	-1	1	100	#G	10306000	1	-1	1	100	#G	10307000	1	-1	1	100	#G																																																																																																																																																																																				
182	40	0	1	8	1	1	5	0	1	600000	50	0		0	0	0	96	97	98	100	200	300	400	500	30505816	1	-1	4000	100	#G	30505817	1	-1	500	100	#G	30505817	11	-1	5000	100	#G	30505818	1	-1	700	100	#G	30505818	11	-1	7000	100	#G	30505819	1	-1	1000	100	#G	30505819	11	-1	10000	100	#G	30505815	1	-1	1200	100	#G	30505815	11	-1	12000	100	#G	30505814	1	-1	1500	100	#G	30505814	11	-1	15000	100	#G	30505813	1	-1	2500	100	#G	30505806	1	-1	1000	100	#G																																																																																																																																																																																																																																																																																																																																									
183	40	0	1	9	1	1	1	1	1	600000	50	0		0	0	0	96	97	98	100	200	300	400	500	30302500	1	-1	100	100		30302501	1	-1	100	100		30302502	1	-1	100	100		30302503	1	-1	100	100		30302504	1	-1	100	100		30302505	1	-1	100	100		30302505	1	-1	100	100		30302507	1	-1	100	100		30302508	1	-1	100	100		30302508	1	-1	100	100		30302510	1	-1	100	100		30302511	1	-1	100	100		30302512	1	-1	100	100		30302513	1	-1	100	100		30302514	1	-1	100	100		30302515	1	-1	100	100		30302516	1	-1	100	100		30302517	1	-1	100	100		30302518	1	-1	100	100		30302519	1	-1	100	100		30302520	1	-1	100	100		30302521	1	-1	100	100		30302522	1	-1	100	100		30302523	1	-1	100	100		30302524	1	-1	100	100		30302525	1	-1	100	100		30302526	1	-1	100	100		30302582	1	-1	100	100		30302583	1	-1	100	100		30302584	1	-1	100	100		30302591	1	-1	100	100		30302592	1	-1	100	100		30302593	1	-1	100	100		30302573	1	-1	100	100		30302574	1	-1	100	100		30302575	1	-1	100	100		0	1	-1	100	100		0	1	-1	100	100		0	1	-1	100	100		0	1	-1	100	100		0	1	-1	100	100		0	1	-1	100	100		0	1	-1	100	100		0	1	-1	100	100		0	1	-1	100	100		0	1	-1	100	100		0	1	-1	100	100		0	1	-1	100	100		0	1	-1	100	100		0	1	-1	100	100	
184	40	0	1	9	1	1	1	1	1	600000	50	0		0	0	0	96	97	98	100	200	300	400	500	30302527	1	-1	100	100		30302528	1	-1	100	100		30302529	1	-1	100	100		30302530	1	-1	100	100		30302531	1	-1	100	100		30302532	1	-1	100	100		30302533	1	-1	100	100		30302534	1	-1	100	100		30302535	1	-1	100	100		30302536	1	-1	100	100		30302537	1	-1	100	100		30302538	1	-1	100	100		30302539	1	-1	100	100		30302540	1	-1	100	100		30302541	1	-1	100	100		30302542	1	-1	100	100		30302543	1	-1	100	100		30302544	1	-1	100	100		30302545	1	-1	100	100		30302546	1	-1	100	100		30302547	1	-1	100	100		30302548	1	-1	100	100		30302549	1	-1	100	100		30302550	1	-1	100	100		30302551	1	-1	100	100		30302552	1	-1	100	100		30302553	1	-1	100	100		30302554	1	-1	100	100		30302555	1	-1	100	100		30302556	1	-1	100	100		30302557	1	-1	100	100		30302558	1	-1	100	100		30302559	1	-1	100	100		30302560	1	-1	100	100		30302561	1	-1	100	100		30302562	1	-1	100	100		30302563	1	-1	100	100		30302564	1	-1	100	100		30302565	1	-1	100	100		30302566	1	-1	100	100		30302567	1	-1	100	100		30302568	1	-1	100	100		30302569	1	-1	100	100		30302570	1	-1	100	100		30302571	1	-1	100	100		0	1	-1	100	100		0	1	-1	100	100		0	1	-1	100	100		0	1	-1	100	100		0	1	-1	100	100	
185	40	0	1	9	1	1	1	0	1	7200000	50	0		0	0	0	96	97	98	100	200	300	400	500	10141012	1	-1	100	100		30308061	1	1	100	100		0	1	-1	100	100		0	1	-1	100	100		0	1	-1	100	100		0	1	-1	100	100		0	1	-1	100	100		0	1	-1	100	100		0	1	-1	100	100		0	1	-1	100	100		0	1	-1	100	100		0	1	-1	100	100		0	1	-1	100	100		0	1	-1	100	100		0	1	-1	100	100		0	1	-1	100	100		0	1	-1	100	100		0	1	-1	100	100		0	1	-1	100	100		0	1	-1	100	100		0	1	-1	100	100		0	1	-1	100	100		0	1	-1	100	100		0	1	-1	100	100		0	1	-1	100	100		0	1	-1	100	100		0	1	-1	100	100		0	1	-1	100	100		0	1	-1	100	100		0	1	-1	100	100		0	1	-1	100	100		0	1	-1	100	100		0	1	-1	100	100		0	1	-1	100	100		0	1	-1	100	100		0	1	-1	100	100		0	1	-1	100	100		0	1	-1	100	100		0	1	-1	100	100		0	1	-1	100	100		0	1	-1	100	100		0	1	-1	100	100		0	1	-1	100	100		0	1	-1	100	100		0	1	-1	100	100		0	1	-1	100	100		0	1	-1	100	100		0	1	-1	100	100		0	1	-1	100	100		0	1	-1	100	100	
186	40	0	1	9	1	1	1	0	1	7200000	2	1	../Public/Config/RandShop/shuhe_randgemshop.ini	0	1	0	96	97	98	100	200	300	400	500	0			100	100		0			100	100		0			100	100		0			100	100		0			100	100		0			100	100		0			100	100		0			100	100		0			100	100		0			100	100		0			100	100		0			100	100		0			100	100		0			100	100		0			100	100		0			100	100		0			100	100		0			100	100		0			100	100		0			100	100		0			100	100		0			100	100		0			100	100		0			100	100		0			100	100		0			100	100		0			100	100		0			100	100		0			100	100		0			100	100		0			100	100		0			100	100		0			100	100		0			100	100		0			100	100		0			100	100		0			100	100		0			100	100		0			100	100		0			100	100		0			100	100		0			100	100		0			100	100		0			100	100		0			100	100		0			100	100		0			100	100		0			100	100		0	1	-1	100	100		0	1	-1	100	100	
187	40	120	1	9	1	1	1	1	1	7200000	50	0		0	0	0	96	97	98	100	200	300	400	500	30505056	1	20	100	100		30505057	1	20	100	100		30505058	1	20	100	100		30505059	1	20	100	100		30508061	1	20	100	100		30508071	1	20	100	100		30508081	1	20	100	100		30508091	1	20	100	100		30507061	1	20	100	100		30507071	1	20	100	100		30507081	1	20	100	100		30507091	1	20	100	100		0	1	-1	100	100																																																																																																																																																																																																																															
#坐骑188 189																																																																																																																																																																																																																																																																																																																																				
188	40	0	1	8	1	1	6	0	1	600000	50	0		0	0	0	96	97	98	100	200	300	400	500	10141000	1	1	1	100		10141003	1	1	1	100		10141012	1	1	1	100		10141041	1	1	1	100		10141042	1	1	1	100		10141043	1	1	1	100		10141044	1	1	1	100		10141045	1	1	1	100		10141046	1	1	1	100		10141047	1	1	1	100		10141048	1	1	1	100		10141049	1	1	1	100		10141052	1	1	1	100		10141053	1	1	1	100		10141054	1	1	1	100		10141055	1	1	1	100		10141056	1	1	1	100		10141057	1	1	1	100		10141058	1	1	1	100		10141060	1	1	1	100		10141062	1	1	1	100		10141063	1	1	1	100		10141064	1	1	1	100		10141065	1	1	1	100		10141066	1	1	1	100		10141067	1	1	1	100		10141068	1	1	1	100		10141069	1	1	1	100		10141070	1	1	1	100		10141080	1	-1	1	100		10141081	1	-1	1	100		10141082	1	-1	1	100		10141083	1	-1	1	100		10141087	1	-1	1	100		10141088	1	-1	1	100		10141089	1	-1	1	100		10141090	1	-1	1	100		10141091	1	-1	1	100		10141092	1	-1	1	100		10141093	1	-1	1	100		10141094	-1	-1	1	100		10141095	1	-1	1	100		10141102	1	-1	1	100		10141104	1	-1	1	100		10141105	1	-1	1	100		10141106	1	-1	1	100		10141107	1	-1	1	100		10141108	1	-1	1	100		10141109	1	-1	1	100		10141110	1	-1	1	100		10141111	1	-1	1	100		10141112	1	-1	1	100		10141113	1	-1	1	100		10141114	1	-1	1	100		10141115	1	-1	1	100		10141116	1	-1	1	100		10141117	1	-1	1	100
189	40	0	1	8	1	1	6	0	1	600000	50	0		0	0	0	96	97	98	100	200	300	400	500	10141118	1	-1	1	100		10141120	1	-1	1	100		10141122	1	-1	1	100		10141123	1	-1	1	100		10141124	1	-1	1	100		10141126	1	-1	1	100		10141127	1	-1	1	100		10141128	1	-1	1	100		10141132	1	-1	1	100		10141133	1	-1	1	100		10141134	1	-1	1	100		10141135	1	-1	1	100		10141136	1	-1	1	100		10141137	1	-1	1	100		10141138	1	-1	1	100		10141139	1	-1	1	100		10141140	1	-1	1	100		10141141	1	-1	1	100		10141142	1	-1	1	100		10141143	1	-1	1	100		10141144	1	-1	1	100		10141145	1	-1	1	100		10141146	1	-1	1	100		10141147	1	-1	1	100		10141148	1	-1	1	100		10141149	1	-1	1	100		10141153	1	-1	1	100		10141154	1	-1	1	100		10141155	1	-1	1	100		10141156	1	-1	1	100		10141157	1	-1	1	100		10141158	1	-1	1	100		10141159	1	-1	1	100		10141160	1	-1	1	100		10141161	1	-1	1	100																																																																																																																																				
#烟花 190 到 193																																																																																																																																																																																																																																																																																																																																				
190	40	0	1	8	1	1	5	0	1	600000	50	0		0	0	0	96	97	98	100	200	300	400	500	30509023	1	-1	2000	100		30509021	1	-1	2000	100		30509024	1	-1	2000	100		30509016	1	-1	2000	100		30509020	1	-1	2000	100		30509015	1	-1	2000	100		30509017	1	-1	2000	100		30509018	1	-1	2000	100		30509019	1	-1	2000	100		30505040	1	-1	2000	100		30505035	1	-1	2000	100		30505036	1	-1	2000	100		30505037	1	-1	2000	100		30505038	1	-1	2000	100		30505039	1	-1	2000	100		30505034	1	-1	2000	100		30505041	1	-1	2000	100																																																																																																																																																																																																																																																
191	40	0	1	8	1	1	5	0	1	600000	50	0		0	0	0	96	97	98	100	200	300	400	500	30509085	1	-1	4000	100	#G	30509057	1	-1	4000	100	#G	30509058	1	-1	4000	100	#G	30509026	1	-1	4000	100		30509025	1	-1	4000	100		30509063	1	-1	4000	100	#G	30509064	1	-1	4000	100	#G	30509065	1	-1	4000	100	#G	30509067	1	-1	4000	100	#G	30509068	1	-1	4000	100	#G	30509069	1	-1	4000	100	#G	30509039	1	-1	4000	100		30509041	1	-1	4000	100		30509051	1	-1	4000	100	#G	30509042	1	-1	4000	100		30509043	1	-1	4000	100		30509044	1	-1	4000	100		30509045	1	-1	4000	100		30509046	1	-1	4000	100																																																																																																																																																																																																																																										
192	40	0	1	8	1	1	5	0	1	600000	50	0		0	0	0	96	97	98	100	200	300	400	500	30509012	1	-1	10000	100		30509071	1	-1	10000	100	#G	30509052	1	-1	10000	100	#G	30509029	1	-1	10000	100	#G	30509030	1	-1	10000	100		30509032	1	-1	10000	100		30509036	1	-1	10000	100		30509033	1	-1	10000	100		30509066	1	-1	10000	100	#G	30509031	1	-1	10000	100		30509035	1	-1	10000	100																																																																																																																																																																																																																																																																																				
193	40	0	1	8	1	1	5	0	1	600000	50	0		0	0	0	96	97	98	100	200	300	400	500	30509008	1	-1	20	100	 	30509013	1	-1	200	100	 	30509011	1	-1	20000	100	 	38000494	1	-1	40	100	 	38000495	1	-1	400	100	 	38000497	1	-1	40000	100	 																																																																																																																																																																																																																																																																																																																																																											
194	40	0	1	8	1	1	5	0	1	600000	50	0		0	0	0	96	97	98	100	200	300	400	500	10124285	1	-1	4200	100	#G	10124294	1	-1	4200	100	#G	10124303	1	-1	4200	100	#G	10124312	1	-1	4200	100	#G	10124321	1	-1	4200	100		10124330	1	-1	4200	100		10124345	1	-1	4200	100		10124355	1	-1	4200	100		10124365	1	-1	4200	100		10124375	1	-1	4200	100	#G	10124385	1	-1	4200	100		10124393	1	-1	4200	100	#G	10124401	1	-1	4200	100	#G	10124409	1	-1	4200	100	#G	10124417	1	-1	4200	100		10124425	1	-1	4200	100		10124433	1	-1	4200	100		10124442	1	-1	4200	100		10124451	1	-1	4200	100		10124460	1	-1	4200	100		10124469	1	-1	4200	100		10124478	1	-1	4200	100		10124487	1	-1	4200	100		10124496	1	-1	4200	100		10124505	1	-1	4200	100		10124514	1	-1	4200	100		10124523	1	-1	4200	100																																																																																																																																											
195	40	0	1	8	1	1	5	0	1	600000	50	0		0	0	0	96	97	98	100	200	300	400	500	30008002	1	-1	1	100		30008003	1	-1	1	50		30008016	1	-1	1	60		30503017	1	-1	1	100		30503018	1	-1	1	100		30503019	1	-1	1	100		30503020	1	-1	1	100	#G	30503012	1	-1	1	20		30607000	1	-1	1	50		30607001	1	-1	1	50		30606002	1	-1	30	100		30502000	10	-1	240	100		30502001	10	-1	320	100		30502002	10	-1	400	100		30503021	1	-1	500	30		30508501	1	-1	2400	50		30508502	1	-1	3200	50		30508503	1	-1	4000	100																																																																																																																																																																																																	
196	40	0	1	8	1	1	1	0	1	600000	50	0		0	0	0	96	97	98	100	200	300	400	500	0	1	-1	100	100		30302122	1	-1	100	100		30302123	1	-1	100	100		30302124	1	-1	100	100		30302125	1	-1	100	100		30302126	1	-1	100	100		30302127	1	-1	100	100		30302128	1	-1	100	100		30302129	1	-1	100	100		30302130	1	-1	100	100		30302131	1	-1	100	100		30302132	1	-1	100	100		0	1	-1	100	100		0	1	-1	100	100		0	1	-1	100	100		0	1	-1	100	100		0	1	-1	100	100		0	1	-1	100	100		0	1	-1	100	100		0	1	-1	100	100		0	1	-1	100	100		0	1	-1	100	100	#G	0	1	-1	100	100	#G	0	1	-1	100	100		0	1	-1	100	100		0	1	-1	100	84		0	1	-1	100	100		0	1	-1	100	100		0	1	-1	100	100		0	1	-1	100	100		0	1	-1	100	100		0	1	-1	100	100		0	1	-1	100	100		0	1	-1	100	100		0	1	-1	100	100		0	1	-1	100	100		0	1	-1	100	100		0	1	-1	100	100		0	1	-1	100	100		0	1	-1	100	100		0	1	-1	100	100		0	1	-1	100	100		0	1	-1	100	100		0	1	-1	100	100		0	1	-1	100	100		0	1	-1	100	100		0	1	-1	100	100		0	1	-1	100	100		0	1	-1	100	100		0	1	-1	100	100	
197	40	0	1	8	1	1	5	0	1	600000	50	0		0	0	0	96	97	98	100	200	300	400		30308320	1	-1	100	100		0	1	-1	100	100		0	1	-1	100	100		0	1	-1	100	100		0	1	-1	100	100		0	1	-1	100	100		0	1	-1	100	100		0	1	-1	100	100		0	1	-1	100	100		0	1	-1	100	100		0	1	-1	100	100		0	1	-1	100	100		0	1	-1	100	100		0	1	-1	100	100		0	1	-1	100	100		0	1	-1	100	100		0	1	-1	100	100		0	1	-1	100	100		0	1	-1	100	100		0	1	-1	100	100		0	1	-1	100	100		0	1	-1	100	100		0	1	-1	100	100		0	1	-1	100	100		0	1	-1	100	100		0	1	-1	100	100		0	1	-1	100	100		0	1	-1	100	100		0	1	-1	100	100		0	1	-1	100	100		0	1	-1	100	100		0	1	-1	100	100		0	1	-1	100	100		0	1	-1	100	100		0	1	-1	100	100		0	1	-1	100	100		0	1	-1	100	100		0	1	-1	100	100		0	1	-1	100	100		0	1	-1	100	100		0	1	-1	100	100		0	1	-1	100	100		0	1	-1	100	100		0	1	-1	100	100		0	1	-1	100	100		0	1	-1	100	100		0	1	-1	100	100		0	1	-1	100	100		0	1	-1	100	100		0	1	-1	100	100	
198	40	0	1	8	1	1	5	0	1	600000	50	0		0	0	0	96	97	98	100	200	300	400	500	30501187	1	-1	230	100	#G	30501196	1	-1	230	100	#G	30501205	1	-1	230	100	#G	30501214	1	-1	230	100	#G	30501223	1	-1	230	100	#G	30501232	1	-1	230	100	#G	30501241	1	-1	230	100	#G	30501179	1	-1	1200	100	#G	30501188	1	-1	1200	100	#G	30501197	1	-1	1200	100	#G	30501206	1	-1	1200	100	#G	30501215	1	-1	1200	100	#G	30501224	1	-1	1200	100	#G	30501233	1	-1	1200	100	#G	30501242	1	-1	1200	100	#G	30501180	1	-1	6000	100	#G	30501189	1	-1	6000	100	#G	30501198	1	-1	6000	100	#G	30501207	1	-1	6000	100	#G	30501216	1	-1	6000	100	#G	30501225	1	-1	6000	100	#G	30501234	1	-1	6000	100	#G	30501243	1	-1	6000	100																																																																																																																																																																			
199	40	120	1	9	1	1	1	1	1	100000	50	0		0	0	0	96	97	98	100	200	300	400	500	0	1	-1	100	100		30300011	1	-1	100	100		30300021	1	-1	100	100		30300031	1	-1	100	100		30300041	1	-1	100	100		30300051	1	-1	100	100		30300002	1	-1	100	100		30300012	1	-1	100	100		30300022	1	-1	100	100		30300032	1	-1	100	100		30300042	1	-1	100	100		30300052	1	-1	100	100		30300003	1	-1	100	100		30300013	1	-1	100	100		30300023	1	-1	100	100		30300033	1	-1	100	100		30300043	1	-1	100	100		30300053	1	-1	100	100		30302572	1	-1	100	100		0	1	-1	100	100		0	1	-1	100	100		0	1	-1	100	100		0	1	-1	100	100		0	1	-1	100	100		0	1	-1	100	100		0	1	-1	100	100		0	1	-1	100	100		0	1	-1	100	100		0	1	-1	100	100		0	1	-1	100	100		0	1	-1	100	100		0	1	-1	100	100		0	1	-1	100	100		0	1	-1	100	100		0	1	-1	100	100		0	1	-1	100	100		0	1	-1	100	100		0	1	-1	100	100		0	1	-1	100	100		0	1	-1	100	100		0	1	-1	100	100		0	1	-1	100	100		0	1	-1	100	100		0	1	-1	100	100		0	1	-1	100	100		0	1	-1	100	100		0	1	-1	100	100		0	1	-1	100	100		0	1	-1	100	100		0	1	-1	100	100	
200	40	120	1	9	1	1	1	1	1	100000	50	0		0	0	0	96	97	98	100	200	300	400	500	0	1	-1	100	100		30301011	1	-1	100	100		30301021	1	-1	100	100		30301031	1	-1	100	100		30301071	1	-1	100	100		30301081	1	-1	100	100		30301091	1	-1	100	100		30301101	1	-1	100	100		30301111	1	-1	100	100		30301121	1	-1	100	100		30301131	1	-1	100	100		30301141	1	-1	100	100		30301061	1	-1	100	100		30301041	1	-1	100	100		30301051	1	-1	100	100		30301002	1	-1	100	100		30301012	1	-1	100	100		30301022	1	-1	100	100		30301032	1	-1	100	100		30301072	1	-1	100	100		30301082	1	-1	100	100		30301092	1	-1	100	100		30301102	1	-1	100	100		30301112	1	-1	100	100		30301122	1	-1	100	100		30301132	1	-1	100	100		30301142	1	-1	100	100		30301062	1	-1	100	100		30301042	1	-1	100	100		30301052	1	-1	100	100		30301003	1	-1	100	100		30301013	1	-1	100	100		30301023	1	-1	100	100		30301033	1	-1	100	100		30301073	1	-1	100	100		30301083	1	-1	100	100		30301093	1	-1	100	100		30301103	1	-1	100	100		30301113	1	-1	100	100		30301123	1	-1	100	100		30301133	1	-1	100	100		30301143	1	-1	100	100		30301063	1	-1	100	100		30301043	1	-1	100	100		30301053	1	-1	100	100		0	1	-1	100	100		0	1	-1	100	100		0	1	-1	100	100		0	1	-1	100	100		0	1	-1	100	100	
201	40	120	1	9	1	1	1	1	1	100000	50	0		0	0	0	96	97	98	100	200	300	400	500	0	1	-1	100	100		30302011	1	-1	100	100		30302021	1	-1	100	100		30302002	1	-1	100	100		30302012	1	-1	100	100		30302022	1	-1	100	100		30302003	1	-1	100	100		30302013	1	-1	100	100		30302023	1	-1	100	100		0	1	-1	100	100		0	1	-1	100	100		0	1	-1	100	100		0	1	-1	100	100		0	1	-1	100	100		0	1	-1	100	100		0	1	-1	100	100		0	1	-1	100	100		0	1	-1	100	100		0	1	-1	100	100		0	1	-1	100	100		0	1	-1	100	100		0	1	-1	100	100		0	1	-1	100	100		0	1	-1	100	100		0	1	-1	100	100		0	1	-1	100	100		0	1	-1	100	100		0	1	-1	100	100		0	1	-1	100	100		0	1	-1	100	100		0	1	-1	100	100		0	1	-1	100	100		0	1	-1	100	100		0	1	-1	100	100		0	1	-1	100	100		0	1	-1	100	100		0	1	-1	100	100		0	1	-1	100	100		0	1	-1	100	100		0	1	-1	100	100		0	1	-1	100	100		0	1	-1	100	100		0	1	-1	100	100		0	1	-1	100	100		0	1	-1	100	100		0	1	-1	100	100		0	1	-1	100	100		0	1	-1	100	100		0	1	-1	100	100		0	1	-1	100	100	
202	40	120	1	9	1	1	1	1	1	100000	50	0		0	0	0	96	97	98	100	200	300	400	500	0	1	-1	100	100		30300022	1	-1	100	100		30300032	1	-1	100	100		30300042	1	-1	100	100		30300052	1	-1	100	100		30300003	1	-1	100	100		30300013	1	-1	100	100		30300023	1	-1	100	100		30300033	1	-1	100	100		30300043	1	-1	100	100		30300053	1	-1	100	100		30300004	1	-1	100	100		30300014	1	-1	100	100		30300024	1	-1	100	100		30300034	1	-1	100	100		30300044	1	-1	100	100		30300054	1	-1	100	100		0	1	-1	100	100																																																																																																																																																																																																	
203	40	120	1	9	1	1	1	1	1	100000	50	0		0	0	0	96	97	98	100	200	300	400	500	0	1	-1	100	100		30301012	1	-1	100	100		30301022	1	-1	100	100		30301032	1	-1	100	100		30301072	1	-1	100	100		30301082	1	-1	100	100		30301092	1	-1	100	100		30301102	1	-1	100	100		30301112	1	-1	100	100		30301122	1	-1	100	100		30301132	1	-1	100	100		30301142	1	-1	100	100		30301062	1	-1	100	100		30301042	1	-1	100	100		30301052	1	-1	100	100		30301003	1	-1	100	100		30301013	1	-1	100	100		30301023	1	-1	100	100		30301033	1	-1	100	100		30301073	1	-1	100	100		30301083	1	-1	100	100		30301093	1	-1	100	100		30301103	1	-1	100	100		30301113	1	-1	100	100		30301123	1	-1	100	100		30301133	1	-1	100	100		30301143	1	-1	100	100		30301063	1	-1	100	100		30301043	1	-1	100	100		30301053	1	-1	100	100		30301004	1	-1	100	100		30301014	1	-1	100	100		30301024	1	-1	100	100		30301034	1	-1	100	100		30301074	1	-1	100	100		30301084	1	-1	100	100		30301094	1	-1	100	100		30301104	1	-1	100	100		30301114	1	-1	100	100		30301124	1	-1	100	100		30301134	1	-1	100	100		30301144	1	-1	100	100		30301064	1	-1	100	100		30301044	1	-1	100	100		30301054	1	-1	100	100		0	1	-1	100	100		0	1	-1	100	100		0	1	-1	100	100		0	1	-1	100	100		0	1	-1	100	100	
204	40	120	1	9	1	1	1	1	1	100000	50	0		0	0	0	96	97	98	100	200	300	400		30302012	1	-1	100	100		30302022	1	-1	100	100		30302003	1	-1	100	100		30302013	1	-1	100	100		30302023	1	-1	100	100		30302004	1	-1	100	100		30302014	1	-1	100	100		30302024	1	-1	100	100		0	1	-1	100	100																																																																																																																																																																																																																																																							
205	40	120	1	9	1	1	1	1	1	100000	50	0		0	0	0	96	97	98	100	200	300	400	500	0	1	-1	100	100		20308002	1	-1	100	100		20308003	1	-1	100	100		20308004	1	-1	100	100		20308011	1	-1	100	100		20308012	1	-1	100	100		20308013	1	-1	100	100		20308014	1	-1	100	100		20308021	1	-1	100	100		20308022	1	-1	100	100		20308023	1	-1	100	100		20308024	1	-1	100	100		20308031	1	-1	100	100		20308032	1	-1	100	100		20308033	1	-1	100	100		20308034	1	-1	100	100		20308041	1	-1	100	100		20308042	1	-1	100	100		20308043	1	-1	100	100		20308044	1	-1	100	100		20308051	1	-1	100	100		20308052	1	-1	100	100		20308053	1	-1	100	100		20308054	1	-1	100	100		0	1	-1	100	100		0	1	-1	100	100		0	1	-1	100	100		0	1	-1	100	100		0	1	-1	100	100		0	1	-1	100	100		0	1	-1	100	100		0	1	-1	100	100		0	1	-1	100	100		0	1	-1	100	100		0	1	-1	100	100		0	1	-1	100	100		0	1	-1	100	100		0	1	-1	100	100		0	1	-1	100	100		0	1	-1	100	100		0	1	-1	100	100		0	1	-1	100	100		0	1	-1	100	100		0	1	-1	100	100		0	1	-1	100	100		0	1	-1	100	100		0	1	-1	100	100		0	1	-1	100	100		0	1	-1	100	100		0	1	-1	100	100	
206	40	120	1	9	1	1	1	1	1	100000	50	0		0	0	0	96	97	98	100	200	300	400		20308062	1	-1	100	100		20308063	1	-1	100	100		20308064	1	-1	100	100		20308071	1	-1	100	100		20308072	1	-1	100	100		20308073	1	-1	100	100		20308074	1	-1	100	100		20308081	1	-1	100	100		20308082	1	-1	100	100		20308083	1	-1	100	100		20308084	1	-1	100	100		20308091	1	-1	100	100		20308092	1	-1	100	100		20308093	1	-1	100	100		20308094	1	-1	100	100		20308131	1	-1	100	100		20308132	1	-1	100	100		20308133	1	-1	100	100		20308134	1	-1	100	100		20308141	1	-1	100	100		20308142	1	-1	100	100		20308143	1	-1	100	100		20308144	1	-1	100	100		20308151	1	-1	100	100		20308152	1	-1	100	100		20308153	1	-1	100	100		20308154	1	-1	100	100																																																																																																																																											
207	40	120	1	9	1	1	1	1	1	100000	50	0		0	0	0	96	97	98	100	200	300	400		20308103	1	-1	100	100		20308104	1	-1	100	100		20308111	1	-1	100	100		20308112	1	-1	100	100		20308113	1	-1	100	100		20308114	1	-1	100	100		20308121	1	-1	100	100		20308122	1	-1	100	100		20308123	1	-1	100	100		20308124	1	-1	100	100																																																																																																																																																																																																																																																	
208	40	0	1	8	1	1	5	0	1	600000	50	0		0	0	0	96	97	98	100	200	300	400		30308320	1	-1	100	100		0	1	-1	100	100		0	1	-1	100	100		0	1	-1	100	100		0	1	-1	100	100		0	1	-1	100	100		0	1	-1	100	100		0	1	-1	100	100		0	1	-1	100	100		0	1	-1	100	100		0	1	-1	100	100		0	1	-1	100	100		0	1	-1	100	100		0	1	-1	100	100		0	1	-1	100	100		0	1	-1	100	100		0	1	-1	100	100		0	1	-1	100	100		0	1	-1	100	100		0	1	-1	100	100		0	1	-1	100	100		0	1	-1	100	100		0	1	-1	100	100		0	1	-1	100	100		0	1	-1	100	100		0	1	-1	100	100		0	1	-1	100	100		0	1	-1	100	100		0	1	-1	100	100		0	1	-1	100	100		0	1	-1	100	100		0	1	-1	100	100		0	1	-1	100	100		0	1	-1	100	100		0	1	-1	100	100		0	1	-1	100	100		0	1	-1	100	100		0	1	-1	100	100		0	1	-1	100	100		0	1	-1	100	100		0	1	-1	100	100		0	1	-1	100	100		0	1	-1	100	100		0	1	-1	100	100		0	1	-1	100	100		0	1	-1	100	100		0	1	-1	100	100		0	1	-1	100	100		0	1	-1	100	100		0	1	-1	100	100	
209	40	0	1	8	1	1	5	0	1	600000	60	0		0	0	0	96	97	98	100	200	300	400		20501001	10	-1	1000	100		20501002	10	-1	1000	100		20501003	10	-1	1000	100		20502001	10	-1	1000	100		20502002	10	-1	1000	100		20502003	10	-1	1000	100																																																																																																																																																																																																																																																																									
210	40	0	1	8	1	1	5	0	1	600000	60	0		0	0	0	96	97	98	100	200	300	400		0	1	-1	100	100		0	1	-1	100	100		0	1	-1	100	100		0	1	-1	100	100		0	1	-1	100	100		0	1	-1	100	100		0	1	-1	100	100		0	1	-1	100	100		0	1	-1	100	100		0	1	-1	100	100		0	1	-1	100	100		0	1	-1	100	100		0	1	-1	100	100		0	1	-1	100	100		0	1	-1	100	100		0	1	-1	100	100		0	1	-1	100	100		0	1	-1	100	100		0	1	-1	100	100		0	1	-1	100	100		0	1	-1	100	100		0	1	-1	100	100		0	1	-1	100	100		0	1	-1	100	100		0	1	-1	100	100		0	1	-1	100	100		0	1	-1	100	100		0	1	-1	100	100		0	1	-1	100	100		0	1	-1	100	100		0	1	-1	100	100		0	1	-1	100	100		0	1	-1	100	100		0	1	-1	100	100		0	1	-1	100	100		0	1	-1	100	100		0	1	-1	100	100		0	1	-1	100	100		0	1	-1	100	100		0	1	-1	100	100		0	1	-1	100	100		0	1	-1	100	100		0	1	-1	100	100		0	1	-1	100	100		0	1	-1	100	100		0	1	-1	100	100		0	1	-1	100	100		0	1	-1	100	100		0	1	-1	100	100		0	1	-1	100	100	
##211	40	0	1	8	1	1	5	0	1	600000	50	0		0	0	0	96	97	98	100	200	300	400	500	38000396	1	-1	100	80	#G	38000397	1	-1	500	80	#G	38000398	1	-1	2500	80	#G	38000399	1	-1	200	80	#G	38000400	1	-1	2000	80	#G	38000401	1	-1	20000	80	#G	10157001	1	-1	50000	80	#G	30000002	1	-1	90000	100	#G	38000529	1	-1	1000	100	#G	38000531	1	-1	100000	80	#G	38001103	1	-1	1000	100		38001104	1	-1	1500	100																																																																																																																																																																																																																																					
211	40	0	1	8	1	1	5	0	1	600000	50	0		0	0	0	96	97	98	100	200	300	400	500	0	1	-1	100	80	#G	38000397	1	-1	500	80	#G	38000398	1	-1	2500	80	#G	38000399	1	-1	200	80	#G	38000400	1	-1	2000	80	#G	38000401	1	-1	20000	80	#G	10157001	1	-1	50000	80	#G	30000002	1	-1	90000	100	#G	38000529	1	-1	1000	100	#G	38000531	1	-1	100000	80	#G	38001103	1	-1	1000	100		38001104	1	-1	1500	100																																																																																																																																																																																																																																					
##212	40	0	1	8	1	1	5	0	1	600000	50	0		0	0	0	96	97	98	100	200	300	400		10553108	1	-1	200000	100	#B	39901012	1	-1	200000	100		38001105	1	-1	2000	100		38001106	1	-1	2500	100																																																																																																																																																																																																																																																																																					
212	40	0	1	8	1	1	5	0	1	600000	50	0		0	0	0	96	97	98	100	200	300	400		0	1	-1	200000	100	#B	39901012	1	-1	200000	100		38001105	1	-1	2000	100		38001106	1	-1	2500	100																																																																																																																																																																																																																																																																																					
##213	40	0	1	8	1	1	5	0	1	600000	50	0		0	0	0	96	97	98	100	200	300	400		38001111	1	1	100000	100		10553113	1	1	200000	100		10553114	1	1	200000	100		38001107	1	-1	3000	100		38001108	1	-1	3500	100																																																																																																																																																																																																																																																																															
213	40	0	1	8	1	1	5	0	1	600000	50	0		0	0	0	96	97	98	100	200	300	400		0	1	1	100000	100		10553113	1	1	200000	100		10553114	1	1	200000	100		38001107	1	-1	3000	100		38001108	1	-1	3500	100																																																																																																																																																																																																																																																																															
##214	40	0	1	8	1	1	5	0	1	600000	50	0		0	0	0	96	97	98	100	200	300	400		10553112	1	1	200000	100	 	20301010	1	-1	200000	100	 	38001109	1	-1	4000	100		38001110	1	-1	4500	100																																																																																																																																																																																																																																																																																					
214	40	0	1	8	1	1	5	0	1	600000	50	0		0	0	0	96	97	98	100	200	300	400		0	1	1	200000	100	 	20301010	1	-1	200000	100	 	38001109	1	-1	4000	100		38001110	1	-1	4500	100																																																																																																																																																																																																																																																																																					
#215	40	0	1	8	1	1	5	0	1	600000	50	0		0	0	0	96	97	98	100	200	300	400		20310181	1	-1	500	100	#G	20310181	10	-1	5000	100	#G	20310182	1	-1	500	100	#G	20310182	10	-1	5000	100	#G	20310183	1	-1	500	100	#G	20310183	10	-1	5000	100	#G	38000184	1	-1	500	100	#G	38000185	1	-1	1000	100	#G	38000186	1	-1	2500	100	#G	20310180	1	-1	3000	100	#G	38000947	1	-1	1000	100	#G	38000951	1	-1	5000	100	#G	38001020	1	-1	5000	100	#G	38001021	1	-1	1000	100	#G	38001000	1	-1	2000	100	#G	38001001	1	-1	2000	100	#G	38001002	1	-1	2000	100	#G	38001003	1	-1	2000	100	#G	38001004	1	-1	2000	100	#G	38001005	1	-1	2000	100	#G	38001006	1	-1	2000	100	#G	38001007	1	-1	2000	100	#G	38001008	1	-1	2000	100	#G	38001009	1	-1	2000	100	#G	38001010	1	-1	2000	100	#G	38001011	1	-1	2000	100	#G	38001012	1	-1	2000	100	#G	38001013	1	-1	2000	100	#G	38001014	1	-1	2000	100	#G	38001015	1	-1	2000	100	#G	38001016	1	-1	2000	100	#G	38001017	1	-1	2000	100	#G	38001018	1	-1	2000	100	#G	38001019	1	-1	2000	100	#G																																																																																																
215	40	0	1	8	1	1	5	0	1	600000	50	0		0	0	0	96	97	98	100	200	300	400		10157001	1	-1	1000	100	#G	38000184	1	-1	500	100	#G	38000185	1	-1	1000	100	#G	38000186	1	-1	2500	100	#G	20310180	1	-1	300	100	#G	20310180	11	-1	3000	100	#G	38001020	1	-1	5000	100	#G	38001003	1	-1	2000	100	#G	38001000	1	-1	2000	100	#G	38001001	1	-1	2000	100	#G	38001002	1	-1	2000	100	#G	38001004	1	-1	2000	100	#G	38001005	1	-1	2000	100	#G	38001006	1	-1	2000	100	#G	38001007	1	-1	2000	100	#G	38001008	1	-1	2000	100	#G	38001009	1	-1	2000	100	#G	38001010	1	-1	2000	100	#G	38001011	1	-1	2000	100	#G	38001012	1	-1	2000	100	#G	38001013	1	-1	2000	100	#G	38001014	1	-1	2000	100	#G	38001015	1	-1	2000	100	#G	38001016	1	-1	2000	100	#G	38001017	1	-1	2000	100	#G	38001018	1	-1	2000	100	#G	38001019	1	-1	2000	100	#G																																																																																																																																																																																																																																																																							
#216	40	0	1	8	1	1	5	0	1	600000	50	0		0	0	0	96	97	98	100	200	300	400		20310122	1	-1	40	100	#G	20310124	1	-1	200	100	#G	20310126	1	-1	1000	100	#G	20310128	1	-1	5000	100	#G	20310131	1	-1	40	100	#G	20310133	1	-1	200	100	#G	20310135	1	-1	1000	100	#G	20310137	1	-1	5000	100	#G	20310140	1	-1	40	100	#G	20310142	1	-1	200	100	#G	20310144	1	-1	1000	100	#G	20310146	1	-1	5000	100	#G	20310149	1	-1	40	100	#G	20310151	1	-1	200	100	#G	20310153	1	-1	1000	100	#G	20310155	1	-1	5000	100	#G	20310159	1	-1	1000	100	#G	20309101	1	-1	40	100	#G	20309103	1	-1	200	100	#G	20309105	1	-1	1000	100	#G	30700213	1	-1	40	100	#G	30700214	1	-1	1000	100	#G	30700215	1	-1	1000	100	#G	30700216	1	-1	1000	100	#G	30700217	1	-1	1000	100	#G	30700218	1	-1	1000	100	#G	30700219	1	-1	1000	100	#G	30700220	1	-1	1000	100	#G	30700221	1	-1	1000	100	#G	30700222	1	-1	1000	100	#G	30700223	1	-1	1000	100	#G	30700224	1	-1	1000	100	#G	30700225	1	-1	1000	100	#G	30700226	1	-1	1000	100	#G	30700227	1	-1	1000	100	#G	30700228	1	-1	1000	100	#G	30700229	1	-1	1000	100	#G																																																																														
216	40	0	1	8	1	1	5	0	1	600000	50	0		0	0	0	96	97	98	100	200	300	400		10156100	1	-1	1000	100	#G	10156200	1	-1	1000	100	#G	30700233	1	-1	10000	100	#G	20310159	1	-1	1000	100	#G	20309101	1	-1	40	100	#G	30700213	1	-1	40	100	#G	30700214	1	-1	30000	100	#G	30700215	1	-1	30000	100	#G	30700216	1	-1	30000	100	#G	30700217	1	-1	30000	100	#G	30700218	1	-1	30000	100	#G	30700219	1	-1	30000	100	#G	30700220	1	-1	30000	100	#G	30700221	1	-1	30000	100	#G	30700222	1	-1	30000	100	#G	30700223	1	-1	30000	100	#G	30700224	1	-1	30000	100	#G	30700225	1	-1	30000	100	#G	0	1	-1	30000	100	#G	0	1	-1	30000	100	#G	0	1	-1	30000	100	#G	0	1	-1	30000	100	#G																																																																																																																																																																																																																																																																																																																																									
#217	40	0	1	8	1	1	5	0	1	600000	50	0		0	0	0	96	97	98	100	200	300	400		30120001	1	-1	1000	100	#G	30120002	1	-1	1000	100	#G	30120003	1	-1	1000	100	#G	30120016	1	-1	1000	100	#G	30120004	1	-1	1000	100	#G	30120005	1	-1	1000	100	#G	30120006	1	-1	1000	100	#G	30120007	1	-1	1000	100	#G	30120008	1	-1	1000	100	#G	30120009	1	-1	1000	100	#G	30120010	1	-1	1000	100	#G	30120011	1	-1	1000	100	#G	30120012	1	-1	2500	100	#G	30120013	1	-1	2500	100	#G	30120014	1	-1	2500	100	#G	30120015	1	-1	2500	100	#G	30120017	1	-1	2500	100	#G	30120018	1	-1	2500	100	#G	30120019	1	-1	2500	100	#G	30120020	1	-1	2500	100	#G	30121001	1	-1	5000	100	 	30121002	1	-1	5000	100	 	20310168	1	-1	1000	100	 	20310168	11	-1	10000	100	 	20502009	10	-1	1	100	 	20310173	10	-1	20	100	 																																																																																																																																																
217	40	0	1	8	1	1	5	0	1	600000	50	0		0	0	0	96	97	98	100	200	300	400		30121001	1	-1	5000	100	#G	30121002	1	-1	5000	100	#G	20502009	20	-1	1000	100	 	20310173	20	-1	1000	100	 	0	1	-1	50	100	 	0	20	-1	1000	100	 																																																																																																																																																																																																																																																																																																																																																																																																																																									
218	40	0	1	8	1	1	5	0	1	600000	50	0		0	0	0	96	97	98	100	200	300	400		30309757	1	-1	20000	100		30309758	1	-1	20000	100		30309759	1	-1	20000	100		30309760	1	-1	20000	100		30309761	1	-1	20000	100		30309762	1	-1	20000	100		30309763	1	-1	20000	100		30309764	1	-1	20000	100		30309765	1	-1	20000	100		30309767	1	-1	20000	100		30309768	1	-1	20000	100		30309769	1	-1	20000	100		30309770	1	-1	20000	100		30309771	1	-1	20000	100		30309772	1	-1	20000	100		30309773	1	-1	20000	100		30309777	1	-1	20000	100		30309778	1	-1	20000	100		30309779	1	-1	20000	100		30309780	1	-1	20000	100		30309782	1	-1	20000	100		30309783	1	-1	20000	100		30309784	1	-1	20000	100		30309785	1	-1	20000	100		30309786	1	-1	20000	100		30309787	1	-1	20000	100		30309788	1	-1	20000	100		30309789	1	-1	20000	100		30309790	1	-1	20000	100		30309791	1	-1	20000	100		30309792	1	-1	20000	100		30309793	1	-1	20000	100		30309794	1	-1	20000	100		30309795	1	-1	20000	100		30309796	1	-1	20000	100		30309797	1	-1	20000	100		30309798	1	-1	20000	100		30309799	1	-1	20000	100		30309800	1	-1	20000	100		30309801	1	-1	20000	100		30309802	1	-1	20000	100		30309803	1	-1	20000	100		30309804	1	-1	20000	100		30309805	1	-1	20000	100		30309806	1	-1	20000	100																															
219	40	0	1	8	1	1	5	0	1	600000	50	0		0	0	0	96	97	98	100	200	300	400		30309807	1	-1	20000	100	 	30309808	1	-1	20000	100	 	30309809	1	-1	20000	100	 	30309810	1	-1	20000	100	 	30309811	1	-1	20000	100	 	30309812	1	-1	20000	100	 	30309813	1	-1	20000	100	 	30309814	1	-1	20000	100	 	30309815	1	-1	20000	100	 	30309816	1	-1	20000	100	 	30309817	1	-1	20000	100	 	30309818	1	-1	20000	100	 	30309819	1	-1	20000	100	 	30309820	1	-1	20000	100	 	30309821	1	-1	20000	100	 	30309822	1	-1	20000	100	 	30309823	1	-1	20000	100	 	30309824	1	-1	20000	100	 	30309825	1	-1	20000	100	 	30309826	1	-1	20000	100	 	30309827	1	-1	20000	100	 	30309828	1	-1	20000	100	 	30309829	1	-1	20000	100	 	30309830	1	-1	20000	100	 	30309831	1	-1	20000	100	 	30309832	1	-1	20000	100	 	30309833	1	-1	20000	100	 	30309834	1	-1	20000	100	 	30309835	1	-1	20000	100	 	30309836	1	-1	20000	100	 	30309837	1	-1	20000	100	 	30309838	1	-1	20000	100	 	30309839	1	-1	20000	100	 	30309840	1	-1	20000	100	 	30309841	1	-1	20000	100	 	30309842	1	-1	20000	100	 	30309843	1	-1	20000	100	 	30309844	1	-1	20000	100	 	30309845	1	-1	20000	100	 	30309846	1	-1	20000	100	 	30309847	1	-1	20000	100	 	30309848	1	-1	20000	100	 	30309849	1	-1	20000	100	 	30309850	1	-1	20000	100	 	30309851	1	-1	20000	100	 	30309852	1	-1	20000	100	 	30309853	1	-1	20000	100	 	30309859	1	-1	20000	100	 	30309856	1	-1	20000	100	 	30309857	1	-1	20000	100	 
220	40	0	1	8	1	1	6	0	1	600000	50	0		0	0	0	96	97	98	100	200	300	400		10124111	1	-1	1	100	#G	10124112	1	-1	1	100	#G	10124113	1	-1	1	100	#G	10124115	1	-1	1	100	#G	10124116	1	-1	1	100	#G	10124117	1	-1	1	100	#G	10124118	1	-1	1	100	#G	10124123	1	-1	1	100	#G	10124124	1	-1	1	100	#G	10124126	1	-1	1	100	#G	10124128	1	-1	1	100	#G	10124133	1	-1	1	100	#G	10124139	1	-1	1	100	#G	10124141	1	-1	1	100	#G	10124142	1	-1	1	100	#G	10124143	1	-1	1	100	#G	10124145	1	-1	1	100	#G	10124149	1	-1	1	100	#G	10124150	1	-1	1	100	#G	10124151	1	-1	1	100	#G	10124152	1	-1	1	100	#G	10124153	1	-1	1	100	#G	10124154	1	-1	1	100	#G	10124155	1	-1	1	100	#G	10124158	1	-1	1	100	#G	10124160	1	-1	1	100	#G	10124161	1	-1	1	100	#G	10124159	1	-1	1	100	#G	10124147	1	-1	1	100	#G	10124146	1	-1	1	100	#G	10124134	1	-1	1	100	#G	10124167	1	-1	1	100	#G	10124166	1	-1	1	100	#G																																																																																																																																															
221	40	0	1	8	1	1	5	0	1	600000	50	0		0	0	0	96	97	98	100	200	300	400		10141125	1	-1	1000	100		10141103	1	-1	1000	100		10141129	1	-1	1000	100		10141130	1	-1	1000	100		10141131	1	-1	1000	100		10141168	1	-1	1000	100		10141169	1	-1	1000	100		10141170	1	-1	1000	100		10141162	1	-1	1000	100		10141163	1	-1	1000	100		10141164	1	-1	1000	100		10141165	1	-1	1000	100		10141166	1	-1	1000	100		10141167	1	-1	1000	100		10141171	1	-1	1000	100		10141172	1	-1	1000	100		10141173	1	-1	1000	100		10141174	1	-1	1000	100		10141175	1	-1	1000	100		10141176	1	-1	1000	100		10141177	1	-1	1000	100		10141178	1	-1	1000	100		10141180	1	1	1000	100	 	10141181	1	1	1000	100	 	10141182	1	1	1000	100	 	10141183	1	1	1000	100	 	10141184	1	1	1000	100	 	10141185	1	1	1000	100	 	10141186	1	1	1000	100	 	10141187	1	1	1000	100	 	10141188	1	1	1000	100	 	10141189	1	1	1	100	 	10141190	1	1	1000	100	 	10141191	1	1	1000	100	 	10141192	1	1	1000	100	 	10141193	1	1	1000	100																																																																																																																														
#222	40	0	1	8	1	1	5	0	1	600000	50	0		0	0	0	96	97	98	100	200	300	400		38001094	1	-1	20	100	#G	38001095	1	-1	50	100	#G	38001096	1	-1	100	100	#G	38001097	1	-1	1000	100	#G	38001098	1	-1	2000	100	#G	38001099	1	-1	10000	100	#G	38001091	1	-1	1000	100	#G	38001093	20	-1	100000	100	#G	38001454	1	-1	10000	100	#G	20800033	20	-1	100000	100	#G	38000527	10	-1	10000	100	#G																																																																																																																																																																																																																																										
222	40	0	1	8	1	1	5	0	1	600000	50	0		0	0	0	96	97	98	100	200	300	400		38001100	1	-1	10000	100	#G	38001091	1	-1	5000	100	#G	38001093	20	-1	100000	100	#G																																																																																																																																																																																																																																																																																																																																																																																																																																																											
#223	40	0	1	8	1	1	5	0	1	600000	50	0		0	0	0	96	97	98	100	200	300	400		30308200	1	-1	5000	100	#G	30308210	1	-1	5000	100	#G	30308220	1	-1	5000	100	#G	30308230	1	-1	5000	100	#G	30308240	1	-1	5000	100	#G	30308250	1	-1	5000	100	#G	30308260	1	-1	5000	100	#G	30308270	1	-1	5000	100	#G	30308280	1	-1	5000	100	#G	30308290	1	-1	5000	100	#G	30308300	1	-1	5000	100	#G	30308310	1	-1	5000	100	#G	30308201	1	-1	20000	100	#G	30308211	1	-1	20000	100	#G	30308221	1	-1	20000	100	#G	30308231	1	-1	20000	100	#G	30308241	1	-1	20000	100	#G	30308251	1	-1	20000	100	#G	30308261	1	-1	20000	100	#G	30308271	1	-1	20000	100	#G	30308281	1	-1	20000	100	#G	30308291	1	-1	20000	100	#G	30308301	1	-1	20000	100	#G	30308311	1	-1	20000	100	#G																																																																																																																																																																																																					
223	40	0	1	8	1	1	5	0	1	600000	50	0		0	0	0	96	97	98	100	200	300	400		30308200	1	-1	5000	100	#G	30308210	1	-1	5000	100	#G	30308220	1	-1	5000	100	#G	30308230	1	-1	5000	100	#G	30308240	1	-1	5000	100	#G	30308250	1	-1	5000	100	#G	30308260	1	-1	5000	100	#G	30308270	1	-1	5000	100	#G	30308280	1	-1	5000	100	#G	30308290	1	-1	5000	100	#G	30308300	1	-1	5000	100	#G	30308310	1	-1	5000	100	#G	0	1	-1	500000	100	 	30308201	1	-1	20000	100	#G	30308211	1	-1	20000	100	#G	30308221	1	-1	20000	100	#G	30308231	1	-1	20000	100	#G	30308241	1	-1	20000	100	#G	30308251	1	-1	20000	100	#G	30308261	1	-1	20000	100	#G	30308271	1	-1	20000	100	#G	30308281	1	-1	20000	100	#G	30308291	1	-1	20000	100	#G	30308301	1	-1	20000	100	#G	30308311	1	-1	20000	100	#G																																																																																																																																																																																																											
224	40	0	1	8	1	1	5	0	1	600000	50	0		0	0	0	96	97	98	100	200	300	400		30308202	1	-1	80000	100	#G	30308212	1	-1	80000	100	#G	30308222	1	-1	80000	100	#G	30308232	1	-1	80000	100	#G	30308242	1	-1	80000	100	#G	30308252	1	-1	80000	100	#G	30308262	1	-1	80000	100	#G	30308272	1	-1	80000	100	#G	30308282	1	-1	80000	100	#G	30308292	1	-1	80000	100	#G	30308302	1	-1	80000	100	#G	30308312	1	-1	80000	100	#G	30308203	1	-1	80000	100	#G	30308213	1	-1	80000	100	#G	30308223	1	-1	80000	100	#G	30308233	1	-1	80000	100	#G	30308243	1	-1	80000	100	#G	30308253	1	-1	80000	100	#G	30308263	1	-1	80000	100	#G	30308273	1	-1	80000	100	#G	30308283	1	-1	80000	100	#G	30308293	1	-1	80000	100	#G	30308303	1	-1	80000	100	#G	30308313	1	-1	80000	100	#G	30308204	1	-1	80000	100	#G	30308214	1	-1	80000	100	#G	30308224	1	-1	80000	100	#G	30308234	1	-1	80000	100	#G	30308244	1	-1	80000	100	#G	30308254	1	-1	80000	100	#G	30308264	1	-1	80000	100	#G	30308274	1	-1	80000	100	#G	30308284	1	-1	80000	100	#G	30308294	1	-1	80000	100	#G	30308304	1	-1	80000	100	#G	30308314	1	-1	80000	100	#G																																																																																				
225	40	0	1	9	1	1	8	1	1	100000	50	0		1	0	0	96	97	98	100	200	300	400	500	30602001	1	-1	100	100		30602002	1	-1	100	100		30602003	1	-1	100	100		30602004	1	-1	100	100		30603001	1	-1	100	100		30603002	1	-1	100	100		30603003	1	-1	100	100		30603004	1	-1	100	100		30604001	1	-1	100	100		30604002	1	-1	100	100		30604003	1	-1	100	100		30604004	1	-1	100	100		30605001	1	-1	100	100		30605002	1	-1	100	100		30605003	1	-1	100	100		30605004	1	-1	100	100		30601001	1	-1	100	100		30601004	1	-1	100	100		0	1	-1	100	100		0	1	-1	100	100		0	1	-1	100	100		0	1	-1	100	100		0	1	-1	100	100		0	1	-1	100	100		0	1	-1	100	100		0	1	-1	100	100		0	1	-1	100	100		0	1	-1	100	100		0	1	-1	100	100		0	1	-1	100	100		0	1	-1	100	100		0	1	-1	100	100		0	1	-1	100	100		0	1	-1	100	100		0	1	-1	100	100		0	1	-1	100	100		0	1	-1	100	100		0	1	-1	100	100		0	1	-1	100	100		0	1	-1	100	100		0	1	-1	100	100		0	1	-1	100	100		0	1	-1	100	100		0	1	-1	100	100		0	1	-1	100	100		0	1	-1	100	100		0	1	-1	100	100		0	1	-1	100	100		0	1	-1	100	100		0	1	-1	100	100	
##226	40	0	1	8	1	1	5	0	1	600000	50	0		0	0	0	96	97	98	100	200	300	400		50914001	1	-1	100000	100		50913006	1	-1	100000	100		50913005	1	-1	100000	100		50913004	1	-1	100000	100		50913003	1	-1	100000	100		50913002	1	-1	100000	100		50913001	1	-1	100000	100		50912004	1	-1	100000	100		50912003	1	-1	100000	100		50912002	1	-1	100000	100		50912001	1	-1	100000	100		50911002	1	-1	100000	100		50911001	1	-1	100000	100		50904002	1	-1	100000	100		50903001	1	-1	100000	100		50902004	1	-1	100000	100		50902003	1	-1	100000	100		50902002	1	-1	100000	100		50902001	1	-1	100000	100		50901002	1	-1	100000	100		50901001	1	-1	100000	100																																																																																																																																																																															
226	40	0	1	8	1	1	7	0	1	600000	50	0		0	0	0	96	97	98	100	200	300	400		39901003	1	-1	1000	100	#G	30505167	5	-1	1000	100	#G	30505168	5	-1	500	100	#G																																																																																																																																																																																																																																																																																																																																																																																																																																																																	
227	40	0	1	8	1	1	7	0	1	600000	50	0		0	0	0	96	97	98	100	200	300	400		10156100	1	-1	1000	100		10156200	1	-1	1000	100		10157001	1	-1	1000	100		20310168	10	-1	2000	100		20700063	1	-1	500	100		20700063	10	-1	5000	100		30501173	1	-1	100	100		30503177	1	-1	10000	100		30505107	1	-1	1500	100		30900014	1	-1	2000	100			1	-1	1500	100																																																																																																																																																																																																																																																							
228	40	0	1	8	1	1	5	0	1	600000	50	0		0	0	0	96	97	98	100	200	300	400		30308320	1	-1	500000	80	#G	30308321	1	-1	500000	80	#G	30308322	1	-1	500000	80	#G	30308323	1	-1	500000	80	#G	30308324	1	-1	500000	80	#G	30308325	1	-1	500000	80	#G	30308326	1	-1	500000	80	#G	30308327	1	-1	500000	80	#G	30308328	1	-1	500000	80	#G	30308329	1	-1	500000	80	#G	30308330	1	-1	500000	80	#G	30308331	1	-1	500000	80	#G	30308332	1	-1	500000	80	#G	30308333	1	-1	500000	80	#G	30308334	1	-1	500000	80	#G	30308335	1	-1	500000	80	#G	30308336	1	-1	500000	80	#G	30308337	1	-1	500000	80	#G	30308338	1	-1	500000	80	#G	30308339	1	-1	500000	80	#G	30308340	1	-1	500000	80	#G	30308341	1	-1	500000	80	#G	30308342	1	-1	500000	80	#G	30308343	1	-1	500000	80	#G	30308350	1	-1	500000	80	#G	30308351	1	-1	500000	80	#G	30308352	1	-1	500000	80	#G	30308353	1	-1	500000	80	#G	30308354	1	-1	500000	80	#G	30308355	1	-1	500000	80	#G	30308356	1	-1	500000	80	#G	30308357	1	-1	500000	80	#G	30308358	1	-1	500000	80	#G	30308359	1	-1	500000	80	#G	30308360	1	-1	500000	80	#G	30308361	1	-1	500000	80	#G	30308362	1	-1	500000	80	#G	30308363	1	-1	500000	80	#G	30308364	1	-1	500000	80	#G	30308365	1	-1	500000	80	#G	30308366	1	-1	500000	80	#G	30308367	1	-1	500000	80	#G	30308368	1	-1	500000	80	#G	30308369	1	-1	500000	80	#G	30308370	1	-1	500000	80	#G	30308371	1	-1	500000	80	#G	30308372	1	-1	500000	80	#G	30308373	1	-1	500000	80	#G												
#229	40	0	1	8	1	1	5	0	1	600000	50	0		0	0	0	96	97	98	100	200	300	400		30308320	1	-1	100	100		0	1	-1	100	100		0	1	-1	100	100		0	1	-1	100	100		0	1	-1	100	100		0	1	-1	100	100		0	1	-1	100	100		0	1	-1	100	100		0	1	-1	100	100		0	1	-1	100	100		0	1	-1	100	100		0	1	-1	100	100		0	1	-1	100	100		0	1	-1	100	100		0	1	-1	100	100		0	1	-1	100	100		0	1	-1	100	100		0	1	-1	100	100		0	1	-1	100	100		0	1	-1	100	100		0	1	-1	100	100		0	1	-1	100	100		0	1	-1	100	100		0	1	-1	100	100		0	1	-1	100	100		0	1	-1	100	100		0	1	-1	100	100		0	1	-1	100	100		0	1	-1	100	100		0	1	-1	100	100		0	1	-1	100	100		0	1	-1	100	100		0	1	-1	100	100		0	1	-1	100	100		0	1	-1	100	100		0	1	-1	100	100		0	1	-1	100	100		0	1	-1	100	100		0	1	-1	100	100		0	1	-1	100	100		0	1	-1	100	100		0	1	-1	100	100		0	1	-1	100	100		0	1	-1	100	100		0	1	-1	100	100		0	1	-1	100	100		0	1	-1	100	100		0	1	-1	100	100		0	1	-1	100	100		0	1	-1	100	100	
229	40	0	1	8	1	1	5	0	1	600000	50	0		0	0	0	96	97	98	100	200	300	400		40004286	1	1	500	100		40004285	1	1	500	100		40004284	1	1	500	100		40004268	1	1	500	100		40004269	1	1	500	100		40004270	1	1	500	100		40004271	1	1	500	100		40004272	1	1	500	100		40004273	1	1	500	100		40004274	1	1	500	100		40004275	1	1	500	100		40004276	1	1	500	100		40004277	1	1	500	100		40004278	1	1	500	100		40004279	1	1	500	100		40004280	1	1	500	100		40004281	1	1	500	100		40004282	1	1	500	100		40004283	1	1	500	100																																																																																																																																																																																																																																																																																																														
#260	40	0	1	9	1	1	5	1	1	100000	50	0		1	0	0	96	97	98	100	200	300	400	500	30503025	1	-1	50	100	 	30503026	1	-1	250	100	 	30503027	1	-1	750	100	 	30503028	1	-1	3000	100	 	30503029	1	-1	12000	100	 	30503030	1	-1	36000	100	 	30503031	1	-1	108000	100	 	30503032	1	-1	324000	100	 	30503033	1	-1	972000	100	 	30503034	1	-1	50	100	 	30503035	1	-1	250	100	 	30503036	1	-1	750	100	 	30503037	1	-1	3000	100	 	30503038	1	-1	12000	100	 	30503039	1	-1	36000	100	 	30503040	1	-1	108000	100	 	30503041	1	-1	324000	100	 	30503042	1	-1	972000	100	 	30503043	1	-1	50	100	 	30503044	1	-1	250	100	 	30503045	1	-1	750	100	 	30503046	1	-1	3000	100	 	30503047	1	-1	12000	100	 	30503048	1	-1	36000	100	 	30503049	1	-1	108000	100	 	30503050	1	-1	324000	100	 	30503051	1	-1	972000	100	 	30503052	1	-1	50	100	 	30503053	1	-1	250	100	 	30503054	1	-1	750	100	 	30503055	1	-1	3000	100	 	30503056	1	-1	12000	100	 	30503057	1	-1	36000	100	 	30503058	1	-1	108000	100	 	30503059	1	-1	324000	100	 	30503060	1	-1	972000	100	 	30503061	1	-1	50	100	 	30503062	1	-1	250	100	 	30503063	1	-1	750	100	 	30503064	1	-1	3000	100	 	30503065	1	-1	12000	100	 	30503066	1	-1	36000	100	 	30503067	1	-1	108000	100	 	30503068	1	-1	324000	100	 	30503069	1	-1	972000	100	 	0	1	-1	200000	100
260	40	0	1	9	1	1	5	1	1	100000	50	0		1	0	0	96	97	98	100	200	300	400	500	30503025	1	-1	50	100	 	30503026	1	-1	250	100	 	30503027	1	-1	750	100	 	30503028	1	-1	3000	100	 	30503029	1	-1	12000	100	 	30503030	1	-1	36000	100	 	30503034	1	-1	50	100	 	30503035	1	-1	250	100	 	30503036	1	-1	750	100	 	30503037	1	-1	3000	100	 	30503038	1	-1	12000	100	 	30503039	1	-1	36000	100	 	30503043	1	-1	50	100	 	30503044	1	-1	250	100	 	30503045	1	-1	750	100	 	30503046	1	-1	3000	100	 	30503047	1	-1	12000	100	 	30503048	1	-1	36000	100	 	30503052	1	-1	50	100	 	30503053	1	-1	250	100	 	30503054	1	-1	750	100	 	30503055	1	-1	3000	100	 	30503056	1	-1	12000	100	 	30503057	1	-1	36000	100	 	30503061	1	-1	50	100	 	30503062	1	-1	250	100	 	30503063	1	-1	750	100	 	30503064	1	-1	3000	100	 	30503065	1	-1	12000	100	 	30503066	1	-1	36000	100	 																																																																																																																																																																	
261	40	0	1	9	1	1	1	1	1	100000	50	0		1	0	0	96	97	98	100	200	300	400	500	20103005	1	-1	200000	100		20103006	1	-1	200000	100		20103007	1	-1	200000	100		20103008	1	-1	200000	100		20103009	1	-1	200000	100		20103010	1	-1	200000	100		20103077	1	-1	200000	100		20103078	1	-1	200000	100		20103079	1	-1	200000	100		20103080	1	-1	200000	100		20103081	1	-1	200000	100		20103082	1	-1	200000	100		20103089	1	-1	200000	100		20103090	1	-1	200000	100		20103091	1	-1	200000	100		20103092	1	-1	200000	100		20103093	1	-1	200000	100		20103094	1	-1	200000	100		20105005	1	-1	200000	100		20105006	1	-1	200000	100		20105007	1	-1	200000	100		20105008	1	-1	200000	100		20105009	1	-1	200000	100		20105010	1	-1	200000	100		20103100	1	-1	200000	100		20103101	1	-1	200000	100		20103102	1	-1	200000	100		20103103	1	-1	200000	100		20103104	1	-1	200000	100		20103105	1	-1	200000	100		20103112	1	-1	200000	100		20103113	1	-1	200000	100		20103114	1	-1	200000	100		20103115	1	-1	200000	100		20103116	1	-1	200000	100		20103117	1	-1	200000	100		0	1	-1	200000	100	
268	40	0	1	9	1	1	1	1	1	100000	50	0		1	0	0	96	97	98	100	200	300	400	500	30005021	1	-1	200000	100		30005022	1	-1	200000	100		30005023	1	-1	200000	100		30005024	1	-1	200000	100		30005029	1	-1	200000	100		30005030	1	-1	200000	100		30005031	1	-1	200000	100		30005032	1	-1	200000	100		30201001	1	-1	200000	100		30201002	1	-1	200000	100		30201003	1	-1	200000	100		30202004	1	-1	200000	100		30202005	1	-1	200000	100		30202010	1	-1	200000	100		30202011	1	-1	200000	100		30202022	1	-1	200000	100		30202023	1	-1	200000	100		30202046	1	-1	200000	100		30202047	1	-1	200000	100		30202070	1	-1	200000	100		30202071	1	-1	200000	100		30203001	1	-1	200000	100		30203002	1	-1	200000	100		30203022	1	-1	200000	100		30203023	1	-1	200000	100		30203034	1	-1	200000	100		30203035	1	-1	200000	100		30203045	1	-1	200000	100		30203046	1	-1	200000	100		0	1	-1	200000	100	
269	40	0	1	9	1	1	1	1	1	100000	50	0		1	0	0	96	97	98	100	200	300	400	500	30102001	1	-1	200000	100		30102002	1	-1	200000	100		30102003	1	-1	200000	100		30102004	1	-1	200000	100		30102005	1	-1	200000	100		30102011	1	-1	200000	100		30102012	1	-1	200000	100		30102013	1	-1	200000	100		30102014	1	-1	200000	100		30102015	1	-1	200000	100		30103002	1	-1	200000	100		30103003	1	-1	200000	100		30103004	1	-1	200000	100		30103005	1	-1	200000	100		30103010	1	-1	200000	100		30103011	1	-1	200000	100		30103012	1	-1	200000	100		30103013	1	-1	200000	100		0	1	-1	200000	100																																																																																																																																																																																											
#270	40	120	1	9	1	1	5	0	1	100000	50	0		0	0	0	96	97	98	100	200	300	400	500	31001475	1	-1	1000	100	#G	31001476	1	-1	1000	100	#G	31001470	1	-1	1000	100	#G	31001471	1	-1	1000	100	#G	31001472	1	-1	1000	100	#G	31001473	1	-1	1000	100	#G	31001474	1	-1	1000	100	#G	31001469	1	-1	20000	100	#G	31001465	1	-1	2000	100	#G	31001466	1	-1	2000	100	#G	31001467	1	-1	500	100	#G	31001468	1	-1	1000	100	#G	31001111	1	-1	1000	100	#G	31001121	1	-1	1000	100	#G	31001131	1	-1	1000	100	#G	31001141	1	-1	1000	100	#G	31001151	1	-1	1000	100	#G	31001161	1	-1	1000	100		31001211	1	-1	1000	100	#G	31001221	1	-1	1000	100	#G	31001231	1	-1	1000	100	#G	31001241	1	-1	1000	100	#G	31001251	1	-1	1000	100	#G	31001261	1	-1	1000	100	#G	31001311	1	-1	1000	100	#G	31001321	1	-1	1000	100	#G	31001331	1	-1	1000	100	#G	31001341	1	-1	1000	100	#G	31001351	1	-1	1000	100	#G	31001361	1	-1	1000	100	#G	31001411	1	-1	1000	100	#G	31001421	1	-1	1000	100	#G	31001431	1	-1	1000	100	#G	31001441	1	-1	1000	100	#G	31001451	1	-1	1000	100	#G	31001461	1	-1	1000	100	#G	30008401	1	-1	4000	100	#G	30008402	1	-1	4000	100	#G	30008403	1	-1	4000	100	#G	30008404	1	-1	4000	100	#G	30008405	1	-1	4000	100	#G	30008406	1	-1	4000	100	#G	30008407	1	-1	4000	100	#G																																										
##270	40	120	1	9	1	1	5	0	1	100000	50	0		0	0	0	96	97	98	100	200	300	400	500	31001475	1	-1	1000	100	#G	31001476	1	-1	1000	100	#G	31001470	1	-1	1000	100	#G	31001471	1	-1	1000	100	#G	31001472	1	-1	1000	100	#G	31001473	1	-1	1000	100	#G	31001474	1	-1	1000	100	#G	31001469	1	-1	20000	100	#G	31001465	1	-1	2000	100	#G	31001467	1	-1	500	100	#G	31001468	1	-1	1000	100	#G	31001466	1	-1	2000	100	#G	31001111	1	-1	1000	100	#G	31001121	1	-1	1000	100	#G	31001131	1	-1	1000	100	#G	31001141	1	-1	1000	100	#G	31001151	1	-1	1000	100	#G	31001161	1	-1	1000	100		31001211	1	-1	1000	100	#G	31001221	1	-1	1000	100	#G	31001231	1	-1	1000	100	#G	31001241	1	-1	1000	100	#G	31001251	1	-1	1000	100	#G	31001261	1	-1	1000	100	#G	31001311	1	-1	1000	100	#G	31001321	1	-1	1000	100	#G	31001331	1	-1	1000	100	#G	31001341	1	-1	1000	100	#G	31001351	1	-1	1000	100	#G	31001361	1	-1	1000	100	#G	31001411	1	-1	1000	100	#G	31001421	1	-1	1000	100	#G	31001431	1	-1	1000	100	#G	31001441	1	-1	1000	100	#G	31001451	1	-1	1000	100	#G	31001461	1	-1	1000	100	#G	30008401	1	-1	40000	100	#G	30008402	1	-1	40000	100	#G	30008403	1	-1	40000	100	#G	30008404	1	-1	40000	100	#G	30008405	1	-1	40000	100	#G	30008406	1	-1	40000	100	#G	30008407	1	-1	40000	100	#G																																																																																																					
270	40	120	1	9	1	1	5	0	1	100000	50	0		0	0	0	96	97	98	100	200	300	400	500																																																																																																																																																																																																																																																																																																																																																																																																																																			
