INT	INT	INT	INT	INT	INT	INT	INT	INT	INT	INT	INT	INT	INT	INT	INT	INT	INT	INT	INT	INT	INT	INT	INT	INT	INT	INT	INT	INT	INT
ID(怪物编号)	Mvalue(怪物价值)	怪物掉落类型	DID1(掉落包编号)	DID2	DID3	DID4	DID5	DID6	DID7	DID8	DID9	DID10	DID11	DID12	DID13	DID14	DID15	DID16	DID17	DID18	DID19	DID20							
523	400	1	313	-1	-1	-1	-1	-1	-1	-1	-1	-1	-1	-1	-1	-1	-1	-1	-1	-1	-1	-1							
527	400	1	314	-1	-1	-1	-1	-1	-1	-1	-1	-1	-1	-1	-1	-1	-1	-1	-1	-1	-1	-1							
650	100	1	50004	50015																									
651	100	1	50004	50016																									
700	4	0	680	660	620	35	24	400	610	401	501	12	55	-1	-1	-1	-1	-1	-1	-1	-1	-1							
701	4	0	680	660	620	35	24	400	610	401	501	12	55	-1	-1	-1	-1	-1	-1	-1	-1	-1							
702	4	0	680	660	620	35	24	400	610	405	505	12	55	-1	-1	-1	-1	-1	-1	-1	-1	-1							
703	4	0	680	660	620	35	24	400	610	407	507	12	55	-1	-1	-1	-1	-1	-1	-1	-1	-1							
704	10	1	682	662	622	37	26	602	612	427	527	2	81	3050	3051	3000	-1	-1	-1	-1	-1	-1							
705	10	1	684	664	624	39	28	604	614	447	547	4	83	3050	3051	3000	-1	-1	-1	-1	-1	-1							
706	10	1	686	666	626	41	30	606	616	467	567	6	85	3050	3051	3000	-1	-1	-1	-1	-1	-1							
707	10	1	688	668	628	43	32	608	618	487	587	8	87	3050	3051	3000	-1	-1	-1	-1	-1	-1							
708	18	1	680	660	620	35	24	400	610	403	503	79	308	311	-1	-1	-1	-1	-1	-1	-1	-1							
709	18	1	680	660	620	35	24	400	610	404	504	79	300	-1	-1	-1	-1	-1	-1	-1	-1	-1							
710	18	1	680	660	620	35	24	400	610	405	505	79	308	311	-1	-1	-1	-1	-1	-1	-1	-1							
711	18	1	680	660	620	35	24	400	610	406	506	79	301	-1	-1	-1	-1	-1	-1	-1	-1	-1							
712	18	1	680	660	620	35	24	400	610	407	507	79	309	311	-1	-1	-1	-1	-1	-1	-1	-1							
713	18	1	680	660	620	35	24	400	610	408	508	79	302	-1	-1	-1	-1	-1	-1	-1	-1	-1							
714	18	1	681	661	621	36	25	601	611	409	509	1	80	309	311	-1	-1	-1	-1	-1	-1	-1							
715	22	1	681	661	621	36	25	601	611	410	510	1	80	303	-1	-1	-1	-1	-1	-1	-1	-1							
716	22	1	681	661	621	36	25	601	611	411	511	13	56	-1	-1	-1	-1	-1	-1	-1	-1	-1							
717	22	1	681	661	621	36	25	601	611	412	512	13	56	-1	-1	-1	-1	-1	-1	-1	-1	-1							
718	18	1	680	660	620	35	24	400	610	403	503	79	308	311	-1	-1	-1	-1	-1	-1	-1	-1							
719	18	1	680	660	620	35	24	400	610	404	504	79	304	-1	-1	-1	-1	-1	-1	-1	-1	-1							
720	18	1	680	660	620	35	24	400	610	405	505	79	308	311	-1	-1	-1	-1	-1	-1	-1	-1							
721	18	1	680	660	620	35	24	400	610	406	506	79	305	-1	-1	-1	-1	-1	-1	-1	-1	-1							
722	18	1	680	660	620	35	24	400	610	407	507	12	55	309	311	-1	-1	-1	-1	-1	-1	-1							
723	18	1	680	660	620	35	24	400	610	408	508	12	55	306	-1	-1	-1	-1	-1	-1	-1	-1							
724	18	1	681	661	621	36	25	601	611	409	509	56	68	309	311	-1	-1	-1	-1	-1	-1	-1							
725	22	1	681	661	621	36	25	601	611	410	510	56	68	307	-1	-1	-1	-1	-1	-1	-1	-1							
726	22	1	681	661	621	36	25	601	611	411	511	13	56	-1	-1	-1	-1	-1	-1	-1	-1	-1							
727	22	1	681	661	621	36	25	601	611	412	512	13	56	-1	-1	-1	-1	-1	-1	-1	-1	-1							
728	18	1	681	25	410	510	1	80	1423	611	36	621	661	-1	-1	-1	-1	-1	-1	-1	-1	-1							
729	18	1	681	25	411	511	13	56	1423	611	36	621	661	-1	-1	-1	-1	-1	-1	-1	-1	-1							
730	18	1	681	25	412	512	1	80	1423	611	36	621	661	-1	-1	-1	-1	-1	-1	-1	-1	-1							
731	18	1	681	25	413	513	56	68	1423	611	36	621	661	-1	-1	-1	-1	-1	-1	-1	-1	-1							
732	22	1	681	25	414	514	1	80	1423	611	36	621	661	1351	-1	-1	-1	-1	-1	-1	-1	-1							
733	18	1	681	25	410	510	56	68	1423	611	36	621	661	-1	-1	-1	-1	-1	-1	-1	-1	-1							
734	18	1	681	25	411	511	1	80	1423	611	36	621	661	-1	-1	-1	-1	-1	-1	-1	-1	-1							
735	18	1	681	25	412	512	1	80	1423	611	36	621	661	-1	-1	-1	-1	-1	-1	-1	-1	-1							
736	18	1	681	25	413	513	68	80	1423	611	36	621	661	-1	-1	-1	-1	-1	-1	-1	-1	-1							
737	22	1	681	25	414	514	68	80	1423	611	36	621	661	1351	-1	-1	-1	-1	-1	-1	-1	-1							
738	22	1	681	25	415	515	1	80	1423	611	36	621	661	1351	-1	-1	-1	-1	-1	-1	-1	-1							
739	22	1	681	25	416	516	13	56	1423	611	36	621	661	1351	-1	-1	-1	-1	-1	-1	-1	-1							
740	22	1	681	25	417	517	1	80	1423	611	36	621	661	1351	-1	-1	-1	-1	-1	-1	-1	-1							
741	22	1	681	25	418	518	13	56	1423	611	36	621	661	1351	-1	-1	-1	-1	-1	-1	-1	-1							
742	22	1	682	26	419	519	14	57	1424	612	37	622	662	1351	-1	-1	-1	-1	-1	-1	-1	-1							
743	22	1	681	25	415	515	1	80	1423	611	36	621	661	1351	-1	-1	-1	-1	-1	-1	-1	-1							
744	22	1	681	25	416	516	1	80	1423	611	36	621	661	1351	-1	-1	-1	-1	-1	-1	-1	-1							
745	22	1	681	25	417	517	13	56	1423	611	36	621	661	1351	-1	-1	-1	-1	-1	-1	-1	-1							
746	22	1	681	25	418	518	56	68	1423	611	36	621	661	1351	-1	-1	-1	-1	-1	-1	-1	-1							
747	22	1	682	26	419	519	57	69	1424	612	37	622	662	1351	-1	-1	-1	-1	-1	-1	-1	-1							
748	22	1	682	26	419	519	2	81	1424	612	37	622	662	1351	-1	-1	-1	-1	-1	-1	-1	-1							
749	22	1	682	26	420	520	57	69	1424	612	37	622	662	1351	-1	-1	-1	-1	-1	-1	-1	-1							
750	22	1	682	26	421	521	69	81	1424	612	37	622	662	1351	-1	-1	-1	-1	-1	-1	-1	-1							
751	22	1	682	26	422	522	69	81	1424	612	37	622	662	1351	-1	-1	-1	-1	-1	-1	-1	-1							
752	22	1	682	26	423	523	57	69	1424	612	37	622	662	1351	-1	-1	-1	-1	-1	-1	-1	-1							
753	26	1	682	26	424	524	57	69	1424	612	37	622	662	1352	-1	-1	-1	-1	-1	-1	-1	-1							
754	26	1	682	26	424	524	2	81	1424	612	37	622	662	1352	-1	-1	-1	-1	-1	-1	-1	-1							
755	26	1	682	26	425	525	57	69	1424	612	37	622	662	1352	-1	-1	-1	-1	-1	-1	-1	-1							
756	26	1	682	26	426	526	57	69	1424	612	37	622	662	1352	-1	-1	-1	-1	-1	-1	-1	-1							
757	26	1	682	26	427	527	2	81	1424	612	37	622	662	1352	-1	-1	-1	-1	-1	-1	-1	-1							
758	26	1	682	26	428	528	57	69	1424	612	37	622	662	1352	-1	-1	-1	-1	-1	-1	-1	-1							
759	26	1	683	27	429	529	58	70	1425	613	38	623	663	1352	-1	-1	-1	-1	-1	-1	-1	-1							
760	26	1	683	27	429	529	3	82	1425	613	38	623	663	1352	-1	-1	-1	-1	-1	-1	-1	-1							
761	26	1	683	27	430	530	3	82	1425	613	38	623	663	1352	-1	-1	-1	-1	-1	-1	-1	-1							
762	26	1	683	27	431	531	3	82	1425	613	38	623	663	1352	-1	-1	-1	-1	-1	-1	-1	-1							
763	26	1	683	27	432	532	58	70	1425	613	38	623	663	1352	-1	-1	-1	-1	-1	-1	-1	-1							
764	26	1	683	27	433	533	58	70	1425	613	38	623	663	1352	-1	-1	-1	-1	-1	-1	-1	-1							
765	32	1	683	27	434	534	58	70	1425	613	38	623	663	1353	-1	-1	-1	-1	-1	-1	-1	-1							
766	32	1	683	27	434	534	3	82	1425	613	38	623	663	1353	-1	-1	-1	-1	-1	-1	-1	-1							
767	32	1	683	27	435	535	58	70	1425	613	38	623	663	1353	-1	-1	-1	-1	-1	-1	-1	-1							
768	32	1	683	27	436	536	58	70	1425	613	38	623	663	1353	-1	-1	-1	-1	-1	-1	-1	-1							
769	32	1	683	27	437	537	58	70	1425	613	38	623	663	1353	-1	-1	-1	-1	-1	-1	-1	-1							
770	32	1	683	27	438	538	58	70	1425	613	38	623	663	1353	-1	-1	-1	-1	-1	-1	-1	-1							
771	32	1	684	28	439	539	59	71	1426	614	39	624	664	1353	-1	-1	-1	-1	-1	-1	-1	-1							
772	32	1	684	28	441	541	59	71	1426	614	39	624	664	1353	-1	-1	-1	-1	-1	-1	-1	-1							
773	32	1	684	28	440	540	4	83	1426	614	39	624	664	1353	-1	-1	-1	-1	-1	-1	-1	-1							
774	32	1	684	28	439	539	59	71	1426	614	39	624	664	1353	-1	-1	-1	-1	-1	-1	-1	-1							
775	32	1	684	28	442	542	59	71	1426	614	39	624	664	1353	-1	-1	-1	-1	-1	-1	-1	-1							
776	32	1	684	28	443	543	59	71	1426	614	39	624	664	1353	-1	-1	-1	-1	-1	-1	-1	-1							
777	41	1	684	28	444	544	59	71	1426	614	39	624	664	1354	-1	-1	-1	-1	-1	-1	-1	-1							
778	41	1	684	28	444	544	4	83	1426	614	39	624	664	1354	-1	-1	-1	-1	-1	-1	-1	-1							
779	41	1	684	28	445	545	4	83	1426	614	39	624	664	1354	-1	-1	-1	-1	-1	-1	-1	-1							
780	41	1	684	28	446	546	59	71	1426	614	39	624	664	1354	-1	-1	-1	-1	-1	-1	-1	-1							
781	41	1	684	28	447	547	59	71	1426	614	39	624	664	1354	-1	-1	-1	-1	-1	-1	-1	-1							
782	41	1	684	28	448	548	59	71	1426	614	39	624	664	1354	-1	-1	-1	-1	-1	-1	-1	-1							
783	41	1	685	29	449	549	60	72	1427	615	40	625	665	1354	-1	-1	-1	-1	-1	-1	-1	-1							
784	41	1	685	29	449	549	5	84	1427	615	40	625	665	1354	-1	-1	-1	-1	-1	-1	-1	-1							
785	41	1	685	29	450	550	5	84	1427	615	40	625	665	1354	-1	-1	-1	-1	-1	-1	-1	-1							
786	41	1	685	29	451	551	60	72	1427	615	40	625	665	1354	-1	-1	-1	-1	-1	-1	-1	-1							
787	41	1	685	29	452	552	60	72	1427	615	40	625	665	1354	-1	-1	-1	-1	-1	-1	-1	-1							
788	41	1	685	29	453	553	60	72	1427	615	40	625	665	1354	-1	-1	-1	-1	-1	-1	-1	-1							
789	52	1	685	29	454	554	60	72	1427	615	40	625	665	1355	-1	-1	-1	-1	-1	-1	-1	-1							
790	52	1	685	29	454	554	5	84	1427	615	40	625	665	1355	-1	-1	-1	-1	-1	-1	-1	-1							
791	52	1	685	29	455	555	5	84	1427	615	40	625	665	1355	-1	-1	-1	-1	-1	-1	-1	-1							
792	52	1	685	29	456	556	17	60	1427	615	40	625	665	1355	-1	-1	-1	-1	-1	-1	-1	-1							
793	52	1	685	29	457	557	17	60	1427	615	40	625	665	1355	-1	-1	-1	-1	-1	-1	-1	-1							
794	52	1	685	29	458	558	17	60	1427	615	40	625	665	1355	-1	-1	-1	-1	-1	-1	-1	-1							
795	66	1	686	30	459	559	18	61	1428	616	41	626	666	1355	-1	-1	-1	-1	-1	-1	-1	-1							
796	66	1	686	30	459	559	6	85	1428	616	41	626	666	1355	-1	-1	-1	-1	-1	-1	-1	-1							
797	66	1	686	30	460	560	6	85	1428	616	41	626	666	1355	-1	-1	-1	-1	-1	-1	-1	-1							
798	66	1	686	30	461	561	61	73	1428	616	41	626	666	1355	-1	-1	-1	-1	-1	-1	-1	-1							
799	66	1	686	30	462	562	61	73	1428	616	41	626	666	1355	-1	-1	-1	-1	-1	-1	-1	-1							
800	66	1	686	30	463	563	61	73	1428	616	41	626	666	1355	-1	-1	-1	-1	-1	-1	-1	-1							
801	84	1	686	30	464	564	61	73	1428	616	41	626	666	1356	-1	-1	-1	-1	-1	-1	-1	-1							
802	84	1	686	30	464	564	6	85	1428	616	41	626	666	1356	-1	-1	-1	-1	-1	-1	-1	-1							
803	84	1	686	30	465	565	61	73	1428	616	41	626	666	1356	-1	-1	-1	-1	-1	-1	-1	-1							
804	84	1	686	30	466	566	61	73	1428	616	41	626	666	1356	-1	-1	-1	-1	-1	-1	-1	-1							
805	84	1	686	30	467	567	61	73	1428	616	41	626	666	1356	-1	-1	-1	-1	-1	-1	-1	-1							
806	84	1	686	30	468	568	61	73	1428	616	41	626	666	1356	-1	-1	-1	-1	-1	-1	-1	-1							
807	107	1	687	31	469	569	62	74	1429	617	42	627	667	1356	-1	-1	-1	-1	-1	-1	-1	-1							
808	107	1	687	31	469	569	7	86	1429	617	42	627	667	1356	-1	-1	-1	-1	-1	-1	-1	-1							
809	107	1	687	31	470	570	19	62	1429	617	42	627	667	1356	-1	-1	-1	-1	-1	-1	-1	-1							
810	107	1	687	31	471	571	19	62	1429	617	42	627	667	1356	-1	-1	-1	-1	-1	-1	-1	-1							
811	107	1	687	31	472	572	19	62	1429	617	42	627	667	1356	-1	-1	-1	-1	-1	-1	-1	-1							
812	107	1	687	31	473	573	19	62	1429	617	42	627	667	1356	-1	-1	-1	-1	-1	-1	-1	-1							
813	134	1	687	31	474	574	19	62	1429	617	42	627	667	1517	-1	-1	-1	-1	-1	-1	-1	-1							
814	134	1	687	31	474	574	7	86	1429	617	42	627	667	1517	-1	-1	-1	-1	-1	-1	-1	-1							
815	134	1	687	31	475	575	7	86	1429	617	42	627	667	1517	-1	-1	-1	-1	-1	-1	-1	-1							
816	134	1	687	31	476	576	62	74	1429	617	42	627	667	1517	-1	-1	-1	-1	-1	-1	-1	-1							
817	134	1	687	31	477	577	62	74	1429	617	42	627	667	1517	-1	-1	-1	-1	-1	-1	-1	-1							
818	134	1	687	31	478	578	62	74	1429	617	42	627	667	1517	-1	-1	-1	-1	-1	-1	-1	-1							
819	166	1	688	32	479	579	63	87	1430	618	43	628	668	1518	-1	-1	-1	-1	-1	-1	-1	-1							
820	166	1	688	32	479	579	8	87	1430	618	43	628	668	1518	-1	-1	-1	-1	-1	-1	-1	-1							
821	166	1	688	32	480	580	63	75	1430	618	43	628	668	1518	-1	-1	-1	-1	-1	-1	-1	-1							
822	166	1	688	32	481	581	20	63	1430	618	43	628	668	1518	-1	-1	-1	-1	-1	-1	-1	-1							
823	166	1	688	32	482	582	63	75	1430	618	43	628	668	1518	-1	-1	-1	-1	-1	-1	-1	-1							
824	166	1	688	32	483	583	63	75	1430	618	43	628	668	1518	-1	-1	-1	-1	-1	-1	-1	-1							
825	166	1	688	32	483	583	8	87	1430	618	43	628	668	1518	-1	-1	-1	-1	-1	-1	-1	-1							
826	204	1	688	32	484	584	8	87	1430	618	43	628	668	-1	-1	-1	-1	-1	-1	-1	-1	-1							
827	204	1	688	32	485	585	63	75	1430	618	43	628	668	-1	-1	-1	-1	-1	-1	-1	-1	-1							
828	204	1	688	32	486	586	63	75	1430	618	43	628	668	-1	-1	-1	-1	-1	-1	-1	-1	-1							
829	204	1	688	32	487	587	63	75	1430	618	43	628	668	-1	-1	-1	-1	-1	-1	-1	-1	-1							
830	247	1	689	33	489	589	9	88	1431	44	629	669	-1	-1	-1	-1	-1	-1	-1	-1	-1	-1							
831	204	1	688	32	487	587	8	87	1430	618	43	628	668	-1	-1	-1	-1	-1	-1	-1	-1	-1							
832	204	1	688	32	488	588	75	87	1430	618	43	628	668	-1	-1	-1	-1	-1	-1	-1	-1	-1							
833	247	1	689	33	490	590	76	88	1431	44	629	669	-1	-1	-1	-1	-1	-1	-1	-1	-1	-1							
834	247	1	689	33	491	591	76	88	1431	44	629	669	-1	-1	-1	-1	-1	-1	-1	-1	-1	-1							
835	247	1	689	33	491	591	9	88	1431	44	629	669	-1	-1	-1	-1	-1	-1	-1	-1	-1	-1							
836	247	1	689	33	492	592	64	76	1431	44	629	669	-1	-1	-1	-1	-1	-1	-1	-1	-1	-1							
837	247	1	689	33	493	593	64	76	1431	44	629	669	-1	-1	-1	-1	-1	-1	-1	-1	-1	-1							
838	297	1	689	33	494	594	64	76	1431	44	629	669	-1	-1	-1	-1	-1	-1	-1	-1	-1	-1							
839	297	1	689	33	495	595	64	76	1431	44	629	669	-1	-1	-1	-1	-1	-1	-1	-1	-1	-1							
840	297	1	689	33	495	595	9	88	1431	44	629	669	-1	-1	-1	-1	-1	-1	-1	-1	-1	-1							
841	10	1	-1	-1	-1	-1	-1	-1	-1	-1	-1	-1	-1	-1	-1	-1	-1	-1	-1	-1	-1	-1							
842	10	1	-1	-1	-1	-1	-1	-1	-1	-1	-1	-1	-1	-1	-1	-1	-1	-1	-1	-1	-1	-1							
843	10	1	-1	-1	-1	-1	-1	-1	-1	-1	-1	-1	-1	-1	-1	-1	-1	-1	-1	-1	-1	-1							
844	10	1	-1	-1	-1	-1	-1	-1	-1	-1	-1	-1	-1	-1	-1	-1	-1	-1	-1	-1	-1	-1							
845	354	1	689	34	499	599	10	89	1431	44	629	669	-1	-1	-1	-1	-1	-1	-1	-1	-1	-1							
846	354	1	689	34	499	599	65	89	1431	44	629	669	-1	-1	-1	-1	-1	-1	-1	-1	-1	-1							
847	354	1	689	34	499	599	10	89	1431	44	629	669	-1	-1	-1	-1	-1	-1	-1	-1	-1	-1							
848	354	1	689	34	499	599	65	89	1431	44	629	669	-1	-1	-1	-1	-1	-1	-1	-1	-1	-1							
849	354	1	689	34	499	599	65	89	1431	44	629	669	-1	-1	-1	-1	-1	-1	-1	-1	-1	-1							
850	26	1	26	57	69	622	670	674	90019	-1	-1	-1	-1	-1	-1	-1	-1	-1	-1	-1	-1	-1							
851	32	1	27	58	70	90014	671	675	90021	-1	-1	-1	-1	-1	-1	-1	-1	-1	-1	-1	-1	-1							
852	52	1	665	29	60	72	625	672	676	90023	-1	-1	-1	-1	-1	-1	-1	-1	-1	-1	-1	-1							
853	41	1	664	28	59	71	624	673	677	90022	-1	-1	-1	-1	-1	-1	-1	-1	-1	-1	-1	-1							
854	22	1	25	416	516	56	68	1423	611	36	621	661	681	1311	1312	-1	-1	-1	-1	-1	-1	-1							
855	22	1	25	56	68	621	1311	1312	90018	-1	-1	-1	-1	-1	-1	-1	-1	-1	-1	-1	-1	-1							
856	22	1	26	419	519	57	69	1424	612	37	622	662	682	1311	1312	-1	-1	-1	-1	-1	-1	-1							
857	22	1	26	57	69	622	1311	1312	90018	-1	-1	-1	-1	-1	-1	-1	-1	-1	-1	-1	-1	-1							
858	22	1	26	422	522	14	57	1424	612	37	622	662	682	1311	1312	1313	-1	-1	-1	-1	-1	-1							
859	22	1	26	14	57	622	1311	1312	1313	90018	-1	-1	-1	-1	-1	-1	-1	-1	-1	-1	-1	-1							
860	26	1	26	425	525	57	69	1424	612	37	622	662	682	1311	1312	1313	-1	-1	-1	-1	-1	-1							
861	26	1	26	57	69	622	1311	1312	1313	90019	-1	-1	-1	-1	-1	-1	-1	-1	-1	-1	-1	-1							
862	26	1	26	428	528	14	57	1424	612	37	622	662	682	1311	1312	1313	-1	-1	-1	-1	-1	-1							
863	26	1	27	15	58	90014	1311	1312	1313	90019	-1	-1	-1	-1	-1	-1	-1	-1	-1	-1	-1	-1							
864	22	1	25	1	80	621	3034	90018	-1	-1	-1	-1	-1	-1	-1	-1	-1	-1	-1	-1	-1	-1							
865	22	1	26	2	81	622	3034	90018	-1	-1	-1	-1	-1	-1	-1	-1	-1	-1	-1	-1	-1	-1							
866	26	1	26	2	81	622	1317	1318	1319	3034	90019	-1	-1	-1	-1	-1	-1	-1	-1	-1	-1	-1							
867	26	1	26	2	81	622	1317	1318	1319	3034	90019	-1	-1	-1	-1	-1	-1	-1	-1	-1	-1	-1							
868	26	1	27	3	82	90014	1317	1318	1319	1335	1481	1721	3034	90019	-1	-1	-1	-1	-1	-1	-1	-1							
869	6	1	778	779	781	790	791	26	422	522	2	81	1464	1856	37	622	662	682	1350	1712	-1	-1							
870	6	1	778	779	782	790	791	27	432	532	3	82	1465	1857	38	623	663	683	1350	1713	-1	-1							
871	6	1	778	779	783	790	791	28	442	542	59	71	1466	1858	39	624	664	684	1350	1714	-1	-1							
872	6	1	778	779	784	790	791	29	452	552	17	60	1467	615	40	625	665	685	1350	1715	-1	-1							
873	6	1	778	779	785	790	791	30	462	562	6	85	1468	616	41	626	666	686	1350	1716	-1	-1							
874	6	1	778	779	786	790	791	31	472	572	74	86	1469	617	42	627	667	687	1350	1717	-1	-1							
875	6	1	778	779	787	790	791	32	482	582	75	87	1470	618	43	628	668	688	1350	1718	-1	-1							
876	6	1	778	779	788	790	791	33	492	592	21	64	1471	44	629	669	689	1350	1719	-1	-1	-1							
877	6	1	778	779	789	790	791	34	499	599	22	65	1471	44	629	669	689	1350	-1	-1	-1	-1							
878	27	1	1407	1408	1409	1410	1411	1469	1708	1907	-1	-1	-1	-1	-1	-1	-1	-1	-1	-1	-1	-1							
879	27	1	1407	1408	1571	1410	1411	1572	3001	3005	3007	3034	90020	-1	-1	-1	-1	-1	-1	-1	-1	-1							
880	90	1	50025	50009	50016	90007	70006	90025	3005	50006	50030	50046	50047	50048	1923	50034	-1	-1	-1	-1	-1	-1							
882	90	1	-1	-1	-1	-1	-1	-1	-1	-1	-1	-1	-1	-1	-1	-1	-1	-1	-1	-1	-1	-1							
883	90	1	-1	-1	-1	-1	-1	-1	-1	-1	-1	-1	-1	-1	-1	-1	-1	-1	-1	-1	-1	-1							
#Boss KH																												
884	90	1	50025	50009	50016	50023	70006	-1	-1	-1	-1	-1	-1	-1	-1	-1	-1	-1	-1	-1	-1	-1							
885	90	1	50025	50009	50016	50023	70006	-1	-1	-1	-1	-1	-1	-1	-1	-1	-1	-1	-1	-1	-1	-1							
886	50	1	-1	-1	-1	-1	-1	-1	-1	-1	-1	-1	-1	-1	-1	-1	-1	-1	-1	-1	-1	-1							
887	50	1	-1	-1	-1	-1	-1	-1	-1	-1	-1	-1	-1	-1	-1	-1	-1	-1	-1	-1	-1	-1							
888	50	1	-1	-1	-1	-1	-1	-1	-1	-1	-1	-1	-1	-1	-1	-1	-1	-1	-1	-1	-1	-1							
889	50	1	-1	-1	-1	-1	-1	-1	-1	-1	-1	-1	-1	-1	-1	-1	-1	-1	-1	-1	-1	-1							
890	26	1	1220	1230	1240	1280	1200	1570	-1	-1	-1	-1	-1	-1	-1	-1	-1	-1	-1	-1	-1	-1							
900	4	0	1340	680	660	620	35	24	610	400	500	79	-1	-1	-1	-1	-1	-1	-1	-1	-1	-1							
901	4	0	1340	680	660	620	35	24	610	401	501	79	-1	-1	-1	-1	-1	-1	-1	-1	-1	-1							
902	4	0	1340	680	660	620	35	24	610	402	502	79	-1	-1	-1	-1	-1	-1	-1	-1	-1	-1							
903	4	0	1340	680	660	620	35	24	610	403	503	79	-1	-1	-1	-1	-1	-1	-1	-1	-1	-1							
904	4	0	1340	680	660	620	35	24	610	404	504	79	-1	-1	-1	-1	-1	-1	-1	-1	-1	-1							
905	4	0	1340	680	660	620	35	24	610	405	505	79	-1	-1	-1	-1	-1	-1	-1	-1	-1	-1							
906	4	0	1340	680	660	620	35	24	610	406	506	79	-1	-1	-1	-1	-1	-1	-1	-1	-1	-1							
907	4	0	1340	680	660	620	35	24	610	407	507	79	-1	-1	-1	-1	-1	-1	-1	-1	-1	-1							
908	4	0	1340	680	660	620	35	24	610	408	508	12	55	-1	-1	-1	-1	-1	-1	-1	-1	-1							
909	5	0	1341	681	661	621	36	25	601	611	409	509	13	56	1110	1503	-1	-1	-1	-1	-1	-1							
910	4	0	1340	680	660	620	35	24	610	400	500	79	-1	-1	-1	-1	-1	-1	-1	-1	-1	-1							
911	4	0	1340	680	660	620	35	24	610	401	501	79	-1	-1	-1	-1	-1	-1	-1	-1	-1	-1							
912	4	0	1340	680	660	620	35	24	610	402	502	79	-1	-1	-1	-1	-1	-1	-1	-1	-1	-1							
913	4	0	1340	680	660	620	35	24	610	403	503	79	-1	-1	-1	-1	-1	-1	-1	-1	-1	-1							
914	4	0	1340	680	660	620	35	24	610	404	504	12	55	-1	-1	-1	-1	-1	-1	-1	-1	-1							
915	4	0	1340	680	660	620	35	24	610	405	505	12	55	-1	-1	-1	-1	-1	-1	-1	-1	-1							
916	4	0	1340	680	660	620	35	24	610	406	506	55	67	-1	-1	-1	-1	-1	-1	-1	-1	-1							
917	4	0	1340	680	660	620	35	24	610	407	507	55	67	-1	-1	-1	-1	-1	-1	-1	-1	-1							
918	4	0	1340	680	660	620	35	24	610	408	508	12	55	-1	-1	-1	-1	-1	-1	-1	-1	-1							
919	5	0	1341	681	661	621	36	25	601	611	409	509	13	56	1110	1503	-1	-1	-1	-1	-1	-1							
920	5	0	1341	681	661	621	36	25	601	611	410	510	1	80	1111	1484	1503	-1	-1	-1	-1	-1							
921	5	0	1341	681	661	621	36	25	601	611	411	511	1	80	1112	1484	1503	-1	-1	-1	-1	-1							
922	5	0	1341	681	661	621	36	25	601	611	411	511	13	56	1112	1484	1503	-1	-1	-1	-1	-1							
923	5	0	1341	681	661	621	36	25	601	611	412	512	13	56	1113	1484	1503	-1	-1	-1	-1	-1							
924	5	0	1341	681	661	621	36	25	601	611	412	512	1	80	1113	1484	1503	-1	-1	-1	-1	-1							
925	5	0	1341	681	661	621	36	25	601	611	413	513	1	80	1114	1484	1503	-1	-1	-1	-1	-1							
926	5	0	1341	681	661	621	36	25	601	611	413	513	56	68	1114	1484	1503	-1	-1	-1	-1	-1							
927	5	0	1341	681	661	621	36	25	601	611	414	514	56	68	1115	1484	1503	-1	-1	-1	-1	-1							
928	5	0	1341	681	661	621	36	25	601	611	414	514	1	80	1115	1484	1503	-1	-1	-1	-1	-1							
929	5	0	1341	681	661	621	36	25	601	611	415	515	1	80	1116	1484	1503	-1	-1	-1	-1	-1							
930	5	0	1341	681	661	621	36	25	601	611	410	510	56	68	1111	1484	1503	-1	-1	-1	-1	-1							
931	5	0	1341	681	661	621	36	25	601	611	411	511	56	68	1112	1484	1503	-1	-1	-1	-1	-1							
932	5	0	1341	681	661	621	36	25	601	611	411	511	1	80	1112	1484	1503	-1	-1	-1	-1	-1							
933	5	0	1341	681	661	621	36	25	601	611	412	512	1	80	1113	1484	1503	-1	-1	-1	-1	-1							
934	5	0	1341	681	661	621	36	25	601	611	412	512	1	80	1113	1484	1503	-1	-1	-1	-1	-1							
935	5	0	1341	681	661	621	36	25	601	611	413	513	1	80	1114	1484	1503	-1	-1	-1	-1	-1							
936	5	0	1341	681	661	621	36	25	601	611	413	513	68	80	1114	1484	1503	-1	-1	-1	-1	-1							
937	5	0	1341	681	661	621	36	25	601	611	414	514	68	80	1115	1484	1503	-1	-1	-1	-1	-1							
938	5	0	1341	681	661	621	36	25	601	611	414	514	68	80	1115	1484	1503	-1	-1	-1	-1	-1							
939	5	0	1341	681	661	621	36	25	601	611	415	515	68	80	1116	1484	1503	-1	-1	-1	-1	-1							
940	5	0	1341	681	661	621	36	25	601	611	415	515	1	80	1116	1484	1503	-1	-1	-1	-1	-1							
941	5	0	1341	681	661	621	36	25	601	611	416	516	1	80	1117	1484	1503	-1	-1	-1	-1	-1							
942	5	0	1341	681	661	621	36	25	601	611	416	516	13	56	1117	1484	1503	-1	-1	-1	-1	-1							
943	5	0	1341	681	661	621	36	25	601	611	417	517	13	56	1118	1484	1503	-1	-1	-1	-1	-1							
944	5	0	1341	681	661	621	36	25	601	611	417	517	1	80	1118	1484	1503	-1	-1	-1	-1	-1							
945	5	0	1341	681	661	621	36	25	601	611	418	518	1	80	1119	1484	1503	-1	-1	-1	-1	-1							
946	5	0	1341	681	661	621	36	25	601	611	418	518	13	56	1119	1484	1503	-1	-1	-1	-1	-1							
947	6	0	1342	682	662	622	37	26	602	612	419	519	14	57	920	1020	1120	1485	1504	2000	-1	-1							
948	6	0	1342	682	662	622	37	26	602	612	419	519	14	57	920	1020	1120	1485	1504	2000	-1	-1							
949	6	0	1342	682	662	622	37	26	602	612	420	520	14	57	921	1021	1121	1485	1504	2000	-1	-1							
950	5	0	1341	681	661	621	36	25	601	611	415	515	1	80	1116	1484	1503	-1	-1	-1	-1	-1							
951	5	0	1341	681	661	621	36	25	601	611	416	516	1	80	1117	1484	1503	-1	-1	-1	-1	-1							
952	5	0	1341	681	661	621	36	25	601	611	416	516	1	80	1117	1484	1503	-1	-1	-1	-1	-1							
953	5	0	1341	681	661	621	36	25	601	611	417	517	1	80	1118	1484	1503	-1	-1	-1	-1	-1							
954	5	0	1341	681	661	621	36	25	601	611	417	517	13	56	1118	1484	1503	-1	-1	-1	-1	-1							
955	5	0	1341	681	661	621	36	25	601	611	418	518	13	56	1119	1484	1503	-1	-1	-1	-1	-1							
956	5	0	1341	681	661	621	36	25	601	611	418	518	56	68	1119	1484	1503	-1	-1	-1	-1	-1							
957	6	0	1342	682	662	622	37	26	602	612	419	519	57	69	920	1020	1120	1485	1504	2000	-1	-1							
958	6	0	1342	682	662	622	37	26	602	612	419	519	57	69	920	1020	1120	1485	1504	2000	-1	-1							
959	6	0	1342	682	662	622	37	26	602	612	420	520	57	69	921	1021	1121	1485	1504	2000	-1	-1							
960	6	0	1342	682	662	622	37	26	602	612	419	519	2	81	920	1020	1120	1485	1504	2000	-1	-1							
961	6	0	1342	682	662	622	37	26	602	612	420	520	2	81	921	1021	1121	1485	1504	2000	-1	-1							
962	6	0	1342	682	662	622	37	26	602	612	420	520	57	69	921	1021	1121	1485	1504	2000	-1	-1							
963	6	0	1342	682	662	622	37	26	602	612	421	521	57	69	922	1022	1122	1485	1504	2000	-1	-1							
964	6	0	1342	682	662	622	37	26	602	612	421	521	69	81	922	1022	1122	1485	1504	2000	-1	-1							
965	6	0	1342	682	662	622	37	26	602	612	422	522	69	81	923	1023	1123	1485	1504	2000	-1	-1							
966	6	0	1342	682	662	622	37	26	602	612	422	522	69	81	923	1023	1123	1485	1504	2000	-1	-1							
967	6	0	1342	682	662	622	37	26	602	612	423	523	69	81	924	1024	1124	1485	1504	2000	-1	-1							
968	6	0	1342	682	662	622	37	26	602	612	423	523	57	69	924	1024	1124	1485	1504	2000	-1	-1							
969	6	0	1342	682	662	622	37	26	602	612	424	524	57	69	925	1025	1125	1485	1504	2000	-1	-1							
970	6	0	1342	682	662	622	37	26	602	612	424	524	57	69	925	1025	1125	1485	1504	2000	-1	-1							
971	6	0	1342	682	662	622	37	26	602	612	425	525	57	69	926	1026	1126	1485	1504	2000	-1	-1							
972	6	0	1342	682	662	622	37	26	602	612	424	524	2	81	925	1025	1125	1485	1504	2000	-1	-1							
973	6	0	1342	682	662	622	37	26	602	612	425	525	2	81	926	1026	1126	1485	1504	2000	-1	-1							
974	6	0	1342	682	662	622	37	26	602	612	425	525	57	69	926	1026	1126	1485	1504	2000	-1	-1							
975	6	0	1342	682	662	622	37	26	602	612	426	526	57	69	927	1027	1127	1485	1504	2000	-1	-1							
976	6	0	1342	682	662	622	37	26	602	612	426	526	57	69	927	1027	1127	1485	1504	2000	-1	-1							
977	6	0	1342	682	662	622	37	26	602	612	427	527	57	69	928	1028	1128	1485	1504	2000	-1	-1							
978	6	0	1342	682	662	622	37	26	602	612	427	527	2	81	928	1028	1128	1485	1504	2000	-1	-1							
979	6	0	1342	682	662	622	37	26	602	612	428	528	2	81	929	1029	1129	1485	1504	2000	-1	-1							
980	6	0	1342	682	662	622	37	26	602	612	428	528	57	69	929	1029	1129	1485	1504	2000	-1	-1							
981	8	0	1343	683	663	623	38	27	603	613	429	529	58	70	930	1030	1130	1486	1505	2000	-1	-1							
982	8	0	1343	683	663	623	38	27	603	613	429	529	58	70	930	1030	1130	1486	1505	2000	-1	-1							
983	8	0	1343	683	663	623	38	27	603	613	430	530	58	70	931	1031	1131	1486	1505	2000	-1	-1							
984	8	0	1343	683	663	623	38	27	603	613	429	529	3	82	930	1030	1130	1486	1505	2000	-1	-1							
985	8	0	1343	683	663	623	38	27	603	613	430	530	3	82	931	1031	1131	1486	1505	2000	-1	-1							
986	8	0	1343	683	663	623	38	27	603	613	430	530	3	82	931	1031	1131	1486	1505	2000	-1	-1							
987	8	0	1343	683	663	623	38	27	603	613	431	531	3	82	932	1032	1132	1486	1505	2000	-1	-1							
988	8	0	1343	683	663	623	38	27	603	613	431	531	3	82	932	1032	1132	1486	1505	2000	-1	-1							
989	8	0	1343	683	663	623	38	27	603	613	432	532	3	82	933	1033	1133	1486	1505	2000	-1	-1							
990	8	0	1343	683	663	623	38	27	603	613	432	532	58	70	933	1033	1133	1486	1505	2000	-1	-1							
991	8	0	1343	683	663	623	38	27	603	613	433	533	58	70	934	1034	1134	1486	1505	2000	-1	-1							
992	8	0	1343	683	663	623	38	27	603	613	433	533	58	70	934	1034	1134	1486	1505	2000	-1	-1							
993	8	0	1343	683	663	623	38	27	603	613	434	534	58	70	935	1035	1135	1486	1505	2000	-1	-1							
994	8	0	1343	683	663	623	38	27	603	613	434	534	58	70	935	1035	1135	1486	1505	2000	-1	-1							
995	8	0	1343	683	663	623	38	27	603	613	435	535	58	70	936	1036	1136	1486	1505	2000	-1	-1							
996	8	0	1343	683	663	623	38	27	603	613	434	534	3	82	935	1035	1135	1486	1505	2000	-1	-1							
997	8	0	1343	683	663	623	38	27	603	613	435	535	3	82	936	1036	1136	1486	1505	2000	-1	-1							
998	8	0	1343	683	663	623	38	27	603	613	435	535	58	70	936	1036	1136	1486	1505	2000	-1	-1							
999	8	0	1343	683	663	623	38	27	603	613	436	536	58	70	937	1037	1137	1486	1505	2000	-1	-1							
1000	8	0	1343	683	663	623	38	27	603	613	436	536	58	70	937	1037	1137	1486	1505	2000	-1	-1							
1001	8	0	1343	683	663	623	38	27	603	613	437	537	58	70	938	1038	1138	1486	1505	2000	-1	-1							
1002	8	0	1343	683	663	623	38	27	603	613	437	537	58	70	938	1038	1138	1486	1505	2000	-1	-1							
1003	8	0	1343	683	663	623	38	27	603	613	438	538	58	70	939	1039	1139	1486	1505	2000	-1	-1							
1004	8	0	1343	683	663	623	38	27	603	613	438	538	58	70	939	1039	1139	1486	1505	2000	-1	-1							
1005	10	0	1344	684	664	624	39	28	604	614	439	539	59	71	940	1040	1140	1487	1506	2000	-1	-1							
1006	10	0	1344	684	664	624	39	28	604	614	439	539	59	71	940	1040	1140	1487	1506	2000	-1	-1							
1007	10	0	1344	684	664	624	39	28	604	614	440	540	59	71	941	1041	1141	1487	1506	2000	-1	-1							
1008	10	0	1344	684	664	624	39	28	604	614	439	539	59	71	942	1042	1142	1487	1506	2000	-1	-1							
1009	10	0	1344	684	664	624	39	28	604	614	440	540	59	71	943	1043	1143	1487	1506	2000	-1	-1							
1010	10	0	1344	684	664	624	39	28	604	614	440	540	4	83	941	1041	1141	1487	1506	2000	-1	-1							
1011	10	0	1344	684	664	624	39	28	604	614	441	541	4	83	942	1042	1142	1487	1506	2000	-1	-1							
1012	10	0	1344	684	664	624	39	28	604	614	441	541	59	71	940	1040	1140	1487	1506	2000	-1	-1							
1013	10	0	1344	684	664	624	39	28	604	614	442	542	59	71	941	1041	1141	1487	1506	2000	-1	-1							
1014	10	0	1344	684	664	624	39	28	604	614	442	542	59	71	943	1043	1143	1487	1506	2000	-1	-1							
1015	10	0	1344	684	664	624	39	28	604	614	443	543	59	71	944	1044	1144	1487	1506	2000	-1	-1							
1016	10	0	1344	684	664	624	39	28	604	614	443	543	59	71	944	1044	1144	1487	1506	2000	-1	-1							
1017	10	0	1344	684	664	624	39	28	604	614	444	544	59	71	945	1045	1145	1487	1506	2000	-1	-1							
1018	10	0	1344	684	664	624	39	28	604	614	444	544	59	71	945	1045	1145	1487	1506	2000	-1	-1							
1019	10	0	1344	684	664	624	39	28	604	614	445	545	59	71	946	1046	1146	1487	1506	2000	-1	-1							
1020	10	0	1344	684	664	624	39	28	604	614	444	544	4	83	945	1045	1145	1487	1506	2000	-1	-1							
1021	10	0	1344	684	664	624	39	28	604	614	445	545	4	83	946	1046	1146	1487	1506	2000	-1	-1							
1022	10	0	1344	684	664	624	39	28	604	614	445	545	4	83	946	1046	1146	1487	1506	2000	-1	-1							
1023	10	0	1344	684	664	624	39	28	604	614	446	546	4	83	947	1047	1147	1487	1506	2000	-1	-1							
1024	10	0	1344	684	664	624	39	28	604	614	446	546	59	71	947	1047	1147	1487	1506	2000	-1	-1							
1025	10	0	1344	684	664	624	39	28	604	614	447	547	59	71	948	1048	1148	1487	1506	2000	-1	-1							
1026	10	0	1344	684	664	624	39	28	604	614	447	547	59	71	948	1048	1148	1487	1506	2000	-1	-1							
1027	10	0	1344	684	664	624	39	28	604	614	448	548	59	71	949	1049	1149	1487	1506	2000	-1	-1							
1028	10	0	1344	684	664	624	39	28	604	614	448	548	59	71	949	1049	1149	1487	1506	2000	-1	-1							
1029	13	0	1345	685	665	625	40	29	605	615	449	549	60	72	950	1050	1150	1488	1507	2000	-1	-1							
1030	13	0	1345	685	665	625	40	29	605	615	449	549	60	72	950	1050	1150	1488	1507	2000	-1	-1							
1031	13	0	1345	685	665	625	40	29	605	615	450	550	60	72	951	1051	1151	1488	1507	2000	-1	-1							
1032	13	0	1345	685	665	625	40	29	605	615	449	549	5	84	950	1050	1150	1488	1507	2000	-1	-1							
1033	13	0	1345	685	665	625	40	29	605	615	450	550	5	84	951	1051	1151	1488	1507	2000	-1	-1							
1034	13	0	1345	685	665	625	40	29	605	615	450	550	5	84	951	1051	1151	1488	1507	2000	-1	-1							
1035	13	0	1345	685	665	625	40	29	605	615	451	551	5	84	952	1052	1152	1488	1507	2000	-1	-1							
1036	13	0	1345	685	665	625	40	29	605	615	451	551	60	72	952	1052	1152	1488	1507	2000	-1	-1							
1037	13	0	1345	685	665	625	40	29	605	615	452	552	60	72	953	1053	1153	1488	1507	2000	-1	-1							
1038	13	0	1345	685	665	625	40	29	605	615	452	552	60	72	953	1053	1153	1488	1507	2000	-1	-1							
1039	13	0	1345	685	665	625	40	29	605	615	453	553	60	72	954	1054	1154	1488	1507	2000	-1	-1							
1040	13	0	1345	685	665	625	40	29	605	615	453	553	60	72	954	1054	1154	1488	1507	2000	-1	-1							
1041	13	0	1345	685	665	625	40	29	605	615	454	554	60	72	955	1055	1155	1488	1507	2000	-1	-1							
1042	13	0	1345	685	665	625	40	29	605	615	454	554	60	72	955	1055	1155	1488	1507	2000	-1	-1							
1043	13	0	1345	685	665	625	40	29	605	615	455	555	60	72	956	1056	1156	1488	1507	2000	-1	-1							
1044	13	0	1345	685	665	625	40	29	605	615	454	554	5	84	955	1055	1155	1488	1507	2000	-1	-1							
1045	13	0	1345	685	665	625	40	29	605	615	455	555	5	84	956	1056	1156	1488	1507	2000	-1	-1							
1046	13	0	1345	685	665	625	40	29	605	615	455	555	5	84	956	1056	1156	1488	1507	2000	-1	-1							
1047	13	0	1345	685	665	625	40	29	605	615	456	556	5	84	957	1057	1157	1488	1507	2000	-1	-1							
1048	13	0	1345	685	665	625	40	29	605	615	456	556	17	60	957	1057	1157	1488	1507	2000	-1	-1							
1049	13	0	1345	685	665	625	40	29	605	615	457	557	17	60	958	1058	1158	1488	1507	2000	-1	-1							
1050	13	0	1345	685	665	625	40	29	605	615	457	557	17	60	958	1058	1158	1488	1507	2000	-1	-1							
1051	13	0	1345	685	665	625	40	29	605	615	458	558	17	60	959	1059	1159	1488	1507	2000	-1	-1							
1052	13	0	1345	685	665	625	40	29	605	615	458	558	17	60	959	1059	1159	1488	1507	2000	-1	-1							
1053	21	0	1346	686	666	626	41	30	606	616	459	559	18	61	960	1060	1160	1489	1508	2000	-1	-1							
1054	21	0	1346	686	666	626	41	30	606	616	459	559	18	61	960	1060	1160	1489	1508	2000	-1	-1							
1055	21	0	1346	686	666	626	41	30	606	616	460	560	18	61	961	1061	1161	1489	1508	2000	-1	-1							
1056	21	0	1346	686	666	626	41	30	606	616	459	559	6	85	960	1060	1160	1489	1508	2000	-1	-1							
1057	21	0	1346	686	666	626	41	30	606	616	460	560	6	85	961	1061	1161	1489	1508	2000	-1	-1							
1058	21	0	1346	686	666	626	41	30	606	616	460	560	6	85	961	1061	1161	1489	1508	2000	-1	-1							
1059	21	0	1346	686	666	626	41	30	606	616	461	561	6	85	962	1062	1162	1489	1508	2000	-1	-1							
1060	21	0	1346	686	666	626	41	30	606	616	461	561	61	73	962	1062	1162	1489	1508	2000	-1	-1							
1061	21	0	1346	686	666	626	41	30	606	616	462	562	61	73	963	1063	1163	1489	1508	2000	-1	-1							
1062	21	0	1346	686	666	626	41	30	606	616	462	562	61	73	963	1063	1163	1489	1508	2000	-1	-1							
1063	21	0	1346	686	666	626	41	30	606	616	463	563	61	73	964	1064	1164	1489	1508	2000	-1	-1							
1064	21	0	1346	686	666	626	41	30	606	616	463	563	61	73	964	1064	1164	1489	1508	2000	-1	-1							
1065	21	0	1346	686	666	626	41	30	606	616	464	564	61	73	965	1065	1165	1489	1508	2000	-1	-1							
1066	21	0	1346	686	666	626	41	30	606	616	464	564	61	73	965	1065	1165	1489	1508	2000	-1	-1							
1067	21	0	1346	686	666	626	41	30	606	616	465	565	61	73	966	1066	1166	1489	1508	2000	-1	-1							
1068	21	0	1346	686	666	626	41	30	606	616	464	564	6	85	965	1065	1165	1489	1508	2000	-1	-1							
1069	21	0	1346	686	666	626	41	30	606	616	465	565	6	85	966	1066	1166	1489	1508	2000	-1	-1							
1070	21	0	1346	686	666	626	41	30	606	616	465	565	61	73	966	1066	1166	1489	1508	2000	-1	-1							
1071	21	0	1346	686	666	626	41	30	606	616	466	566	61	73	967	1067	1167	1489	1508	2000	-1	-1							
1072	21	0	1346	686	666	626	41	30	606	616	466	566	61	73	967	1067	1167	1489	1508	2000	-1	-1							
1073	21	0	1346	686	666	626	41	30	606	616	467	567	61	73	968	1068	1168	1489	1508	2000	-1	-1							
1074	21	0	1346	686	666	626	41	30	606	616	467	567	61	73	968	1068	1168	1489	1508	2000	-1	-1							
1075	21	0	1346	686	666	626	41	30	606	616	468	568	61	73	969	1069	1169	1489	1508	2000	-1	-1							
1076	21	0	1346	686	666	626	41	30	606	616	468	568	61	73	969	1069	1169	1489	1508	2000	-1	-1							
1077	33	0	1347	687	667	627	42	31	607	617	469	569	62	74	970	1070	1170	1490	1509	2000	-1	-1							
1078	33	0	1347	687	667	627	42	31	607	617	469	569	62	74	970	1070	1170	1490	1509	2000	-1	-1							
1079	33	0	1347	687	667	627	42	31	607	617	470	570	62	74	971	1071	1171	1490	1509	2000	-1	-1							
1080	33	0	1347	687	667	627	42	31	607	617	469	569	7	86	970	1070	1170	1490	1509	2000	-1	-1							
1081	33	0	1347	687	667	627	42	31	607	617	470	570	7	86	971	1071	1171	1490	1509	2000	-1	-1							
1082	33	0	1347	687	667	627	42	31	607	617	470	570	19	62	971	1071	1171	1490	1509	2000	-1	-1							
1083	33	0	1347	687	667	627	42	31	607	617	471	571	19	62	972	1072	1172	1490	1509	2000	-1	-1							
1084	33	0	1347	687	667	627	42	31	607	617	471	571	19	62	972	1072	1172	1490	1509	2000	-1	-1							
1085	33	0	1347	687	667	627	42	31	607	617	472	572	19	62	973	1073	1173	1490	1509	2000	-1	-1							
1086	33	0	1347	687	667	627	42	31	607	617	472	572	19	62	973	1073	1173	1490	1509	2000	-1	-1							
1087	33	0	1347	687	667	627	42	31	607	617	473	573	19	62	974	1074	1174	1490	1509	2000	-1	-1							
1088	33	0	1347	687	667	627	42	31	607	617	473	573	19	62	974	1074	1174	1490	1509	2000	-1	-1							
1089	33	0	1347	687	667	627	42	31	607	617	474	574	19	62	975	1075	1175	1490	1509	2000	-1	-1							
1090	33	0	1347	687	667	627	42	31	607	617	474	574	19	62	975	1075	1175	1490	1509	2000	-1	-1							
1091	33	0	1347	687	667	627	42	31	607	617	475	575	19	62	976	1076	1176	1490	1509	2000	-1	-1							
1092	33	0	1347	687	667	627	42	31	607	617	474	574	7	86	975	1075	1175	1490	1509	2000	-1	-1							
1093	33	0	1347	687	667	627	42	31	607	617	475	575	7	86	976	1076	1176	1490	1509	2000	-1	-1							
1094	33	0	1347	687	667	627	42	31	607	617	475	575	7	86	976	1076	1176	1490	1509	2000	-1	-1							
1095	33	0	1347	687	667	627	42	31	607	617	476	576	7	86	977	1077	1177	1490	1509	2000	-1	-1							
1096	33	0	1347	687	667	627	42	31	607	617	476	576	62	74	977	1077	1177	1490	1509	2000	-1	-1							
1097	33	0	1347	687	667	627	42	31	607	617	477	577	62	74	978	1078	1178	1490	1509	2000	-1	-1							
1098	33	0	1347	687	667	627	42	31	607	617	477	577	62	74	978	1078	1178	1490	1509	2000	-1	-1							
1099	33	0	1347	687	667	627	42	31	607	617	478	578	62	74	979	1079	1179	1490	1509	2000	-1	-1							
1100	33	0	1347	687	667	627	42	31	607	617	478	578	62	74	979	1079	1179	1490	1509	2000	-1	-1							
1101	51	0	1348	688	668	628	43	32	608	618	479	579	63	75	980	1080	1180	1491	1510	2000	-1	-1							
1102	51	0	1348	688	668	628	43	32	608	618	479	579	63	87	980	1080	1180	1491	1510	2000	-1	-1							
1103	51	0	1348	688	668	628	43	32	608	618	480	580	63	87	981	1081	1181	1491	1510	2000	-1	-1							
1104	51	0	1348	688	668	628	43	32	608	618	479	579	8	87	980	1080	1180	1491	1510	2000	-1	-1							
1105	51	0	1348	688	668	628	43	32	608	618	480	580	8	87	981	1081	1181	1491	1510	2000	-1	-1							
1106	51	0	1348	688	668	628	43	32	608	618	480	580	63	75	981	1081	1181	1491	1510	2000	-1	-1							
1107	51	0	1348	688	668	628	43	32	608	618	481	581	63	75	982	1082	1182	1491	1510	2000	-1	-1							
1108	51	0	1348	688	668	628	43	32	608	618	481	581	20	63	982	1082	1182	1491	1510	2000	-1	-1							
1109	51	0	1348	688	668	628	43	32	608	618	482	582	20	63	983	1083	1183	1491	1510	2000	-1	-1							
1110	51	0	1348	688	668	628	43	32	608	618	482	582	63	75	983	1083	1183	1491	1510	2000	-1	-1							
1111	51	0	1348	688	668	628	43	32	608	618	483	583	63	75	984	1084	1184	1491	1510	2000	-1	-1							
1112	51	0	1348	688	668	628	43	32	608	618	483	583	63	75	984	1084	1184	1491	1510	2000	-1	-1							
1113	51	0	1348	688	668	628	43	32	608	618	484	584	63	75	985	1085	1185	1491	1510	2000	-1	-1							
1114	51	0	1348	688	668	628	43	32	608	618	483	583	8	87	984	1084	1184	1491	1510	2000	-1	-1							
1115	51	0	1348	688	668	628	43	32	608	618	484	584	8	87	985	1085	1185	1491	1510	2000	-1	-1							
1116	51	0	1348	688	668	628	43	32	608	618	484	584	8	87	985	1085	1185	1491	1510	2000	-1	-1							
1117	51	0	1348	688	668	628	43	32	608	618	485	585	8	87	986	1086	1186	1491	1510	2000	-1	-1							
1118	51	0	1348	688	668	628	43	32	608	618	485	585	63	75	986	1086	1186	1491	1510	2000	-1	-1							
1119	51	0	1348	688	668	628	43	32	608	618	486	586	63	75	987	1087	1187	1491	1510	2000	-1	-1							
1120	51	0	1348	688	668	628	43	32	608	618	486	586	63	75	987	1087	1187	1491	1510	2000	-1	-1							
1121	51	0	1348	688	668	628	43	32	608	618	487	587	63	75	988	1088	1188	1491	1510	2000	-1	-1							
1122	51	0	1348	688	668	628	43	32	608	618	487	587	63	75	988	1088	1188	1491	1510	2000	-1	-1							
1123	51	0	1348	688	668	628	43	32	608	618	488	588	63	75	989	1089	1189	1491	1510	2000	-1	-1							
1124	61	0	1349	33	489	589	9	88	609	44	629	669	689	990	1090	1190	1492	1511	2000	-1	-1	-1							
1125	61	0	1349	33	490	590	9	88	609	44	629	669	689	991	1091	1191	1492	1511	2000	-1	-1	-1							
1126	51	0	1348	32	487	587	8	87	608	618	43	628	668	688	988	1088	1188	1491	1510	2000	-1	-1							
1127	51	0	1348	32	488	588	8	87	608	618	43	628	668	688	989	1089	1189	1491	1510	2000	-1	-1							
1128	51	0	1348	32	488	588	75	87	608	618	43	628	668	688	989	1089	1189	1491	1510	2000	-1	-1							
1129	61	0	1349	33	489	589	76	88	609	44	629	669	689	990	1090	1190	1492	1511	2000	-1	-1	-1							
1130	61	0	1349	689	669	629	44	33	609	490	590	76	88	991	1091	1191	1492	1511	2000	-1	-1	-1							
1131	61	0	1349	689	669	629	44	33	609	491	591	76	88	992	1092	1192	1492	1511	2000	-1	-1	-1							
1132	61	0	1349	689	669	629	44	33	609	491	591	76	88	992	1092	1192	1492	1511	2000	-1	-1	-1							
1133	61	0	1349	689	669	629	44	33	609	492	592	76	88	993	1093	1193	1492	1511	2000	-1	-1	-1							
1134	61	0	1349	689	669	629	44	33	609	491	591	9	88	992	1092	1192	1492	1511	2000	-1	-1	-1							
1135	61	0	1349	689	669	629	44	33	609	492	592	9	88	993	1093	1193	1492	1511	2000	-1	-1	-1							
1136	61	0	1349	689	669	629	44	33	609	492	592	64	76	993	1093	1193	1492	1511	2000	-1	-1	-1							
1137	61	0	1349	689	669	629	44	33	609	493	593	64	76	994	1094	1194	1492	1511	2000	-1	-1	-1							
1138	61	0	1349	689	669	629	44	33	609	493	593	64	76	994	1094	1194	1492	1511	2000	-1	-1	-1							
1139	61	0	1349	689	669	629	44	33	609	494	594	64	76	995	1095	1195	1492	1511	2000	-1	-1	-1							
1140	61	0	1349	689	669	629	44	33	609	494	594	64	76	995	1095	1195	1492	1511	2000	-1	-1	-1							
1141	61	0	1349	689	669	629	44	33	609	495	595	64	76	996	1096	1196	1492	1511	2000	-1	-1	-1							
1142	61	0	1349	689	669	629	44	33	609	495	595	64	76	996	1096	1196	1492	1511	2000	-1	-1	-1							
1143	61	0	1349	689	669	629	44	33	609	496	596	64	76	997	1097	1197	1492	1511	2000	-1	-1	-1							
1144	61	0	1349	689	669	629	44	33	609	495	595	9	88	996	1096	1196	1492	1511	2000	-1	-1	-1							
1145	61	0	1349	689	669	629	44	33	609	496	596	9	88	997	1097	1197	1492	1511	2000	-1	-1	-1							
1146	61	0	1349	689	669	629	44	33	609	496	596	21	88	997	1097	1197	1492	1511	2000	-1	-1	-1							
1147	61	0	1349	689	669	629	44	33	609	497	597	21	88	998	1098	1198	1492	1511	2000	-1	-1	-1							
1148	61	0	1349	689	669	629	44	33	609	497	597	21	88	998	1098	1198	1492	1511	2000	-1	-1	-1							
1149	61	0	1349	689	669	629	44	33	609	498	598	21	88	999	1099	1199	1492	1511	2000	-1	-1	-1							
1150	61	0	1349	689	669	629	44	33	609	498	598	21	88	999	1099	1199	1492	1511	2000	-1	-1	-1							
1151	88	0	1349	689	669	629	44	34	609	499	599	22	89	999	1099	1199	1493	1512	2000	-1	-1	-1							
1152	88	0	1349	689	669	629	44	34	609	499	599	22	89	999	1099	1199	1493	1512	2000	-1	-1	-1							
1153	88	0	1349	689	669	629	44	34	609	499	599	22	89	999	1099	1199	1493	1512	2000	-1	-1	-1							
1154	88	0	1349	689	669	629	44	34	609	499	599	10	89	999	1099	1199	1493	1512	2000	-1	-1	-1							
1155	88	0	1349	689	669	629	44	34	609	499	599	10	89	999	1099	1199	1493	1512	2000	-1	-1	-1							
1156	88	0	1349	689	669	629	44	34	609	499	599	65	89	999	1099	1199	1493	1512	2000	-1	-1	-1							
1157	88	0	1349	689	669	629	44	34	609	499	599	65	89	999	1099	1199	1493	1512	2000	-1	-1	-1							
1158	88	0	1349	689	669	629	44	34	609	499	599	10	89	999	1099	1199	1493	1512	2000	-1	-1	-1							
1159	88	0	1349	689	669	629	44	34	609	499	599	10	89	999	1099	1199	1493	1512	2000	-1	-1	-1							
1160	88	0	1349	689	669	629	44	34	609	499	599	65	89	999	1099	1199	1493	1512	2000	-1	-1	-1							
1161	88	0	1349	689	669	629	44	34	609	499	599	65	89	999	1099	1199	1493	1512	2000	-1	-1	-1							
1162	88	0	1349	689	669	629	44	34	609	499	599	65	89	999	1099	1199	1493	1512	2000	-1	-1	-1							
1163	88	0	1349	689	669	629	44	34	609	499	599	65	89	999	1099	1199	1493	1512	2000	-1	-1	-1							
1166	5	0	25	414	514	56	68	601	611	36	621	661	681	1115	1314	1315	1484	-1	-1	-1	-1	-1							
1167	5	0	25	415	515	56	68	601	611	36	621	661	681	1116	1314	1315	1484	-1	-1	-1	-1	-1							
1168	5	0	25	416	516	56	68	601	611	36	621	661	681	1117	1314	1315	1484	-1	-1	-1	-1	-1							
1169	5	0	25	417	517	56	68	601	611	36	621	661	681	1118	1314	1315	1484	-1	-1	-1	-1	-1							
1170	5	0	25	418	518	56	68	601	611	36	621	661	681	1119	1314	1315	1484	-1	-1	-1	-1	-1							
1171	5	0	26	419	519	57	69	602	612	37	622	662	682	920	1020	1120	1314	1315	2000	-1	-1	-1							
1172	5	0	26	420	520	14	57	602	612	37	622	662	682	921	1021	1121	1314	1315	1316	1484	2000	-1							
1173	5	0	26	421	521	14	57	602	612	37	622	662	682	922	1022	1122	1314	1315	1316	1484	2000	-1							
1174	5	0	26	422	522	14	57	602	612	37	622	662	682	923	1023	1123	1314	1315	1316	1484	2000	-1							
1175	5	0	26	423	523	57	69	602	612	37	622	662	682	924	1024	1124	1314	1315	1316	1484	2000	-1							
1176	6	0	26	424	524	57	69	602	612	37	622	662	682	925	1025	1125	1314	1315	1316	1485	2000	-1							
1177	6	0	26	425	525	57	69	602	612	37	622	662	682	926	1026	1126	1314	1315	1316	1485	2000	-1							
1178	6	0	26	426	526	14	57	602	612	37	622	662	682	927	1027	1127	1314	1315	1316	1480	1485	2000							
1179	6	0	26	427	527	14	57	602	612	37	622	662	682	928	1028	1128	1314	1315	1316	1480	1485	2000							
1180	6	0	26	428	528	14	57	602	612	37	622	662	682	929	1029	1129	1314	1315	1316	1480	1485	2000							
1181	4	0	25	410	510	1	80	601	611	36	621	661	681	1111	1290	-1	-1	-1	-1	-1	-1	-1							
1182	4	0	25	411	511	1	80	601	611	36	621	661	681	1112	1290	-1	-1	-1	-1	-1	-1	-1							
1183	4	0	25	412	512	1	80	601	611	36	621	661	681	1113	1290	-1	-1	-1	-1	-1	-1	-1							
1184	4	0	25	413	513	1	80	601	611	36	621	661	681	1114	1290	-1	-1	-1	-1	-1	-1	-1							
1185	5	0	25	414	514	1	80	601	611	36	621	661	681	1115	1290	-1	-1	-1	-1	-1	-1	-1							
1186	5	0	25	415	515	1	80	601	611	36	621	661	681	1116	1290	-1	-1	-1	-1	-1	-1	-1							
1187	5	0	25	416	516	1	80	601	611	36	621	661	681	1117	1290	-1	-1	-1	-1	-1	-1	-1							
1188	5	0	25	417	517	1	80	601	611	36	621	661	681	1118	1290	-1	-1	-1	-1	-1	-1	-1							
1189	5	0	25	418	518	1	80	601	611	36	621	661	681	1119	1290	-1	-1	-1	-1	-1	-1	-1							
1190	5	0	26	419	519	2	81	602	612	37	622	662	682	920	1020	1120	1290	1484	2000	-1	-1	-1							
1191	5	0	26	420	520	2	81	602	612	37	622	662	682	921	1021	1121	1290	1484	2000	-1	-1	-1							
1192	5	0	26	421	521	2	81	602	612	37	622	662	682	922	1022	1122	1290	1484	2000	-1	-1	-1							
1193	5	0	26	422	522	2	81	602	612	37	622	662	682	923	1023	1123	1290	1484	2000	-1	-1	-1							
1194	5	0	26	423	523	2	81	602	612	37	622	662	682	924	1024	1124	1290	1484	2000	-1	-1	-1							
1195	6	0	26	424	524	2	81	602	612	37	622	662	682	925	1025	1125	1290	1485	2000	-1	-1	-1							
1196	6	0	26	425	525	2	81	602	612	37	622	662	682	926	1026	1126	1290	1485	2000	-1	-1	-1							
1197	6	0	26	426	526	2	81	602	612	37	622	662	682	927	1027	1127	1290	1485	2000	-1	-1	-1							
1198	6	0	26	427	527	2	81	602	612	37	622	662	682	928	1028	1128	1290	1485	2000	-1	-1	-1							
1199	6	0	26	428	528	2	81	602	612	37	622	662	682	929	1029	1129	1290	1485	2000	-1	-1	-1							
1200	6	0	27	429	529	3	82	603	613	38	623	663	683	930	1030	1130	1290	1485	2000	-1	-1	-1							
1201	6	0	27	430	530	58	70	603	613	38	623	663	683	931	1031	1131	1290	1485	2000	-1	-1	-1							
1202	6	0	27	431	531	58	70	603	613	38	623	663	683	932	1032	1132	1290	1485	2000	-1	-1	-1							
1203	6	0	27	432	532	58	70	603	613	38	623	663	683	933	1033	1133	1290	1485	2000	-1	-1	-1							
1204	6	0	27	433	533	58	70	603	613	38	623	663	683	934	1034	1134	1290	1485	2000	-1	-1	-1							
1205	8	0	27	434	534	58	70	603	613	38	623	663	683	935	1035	1135	1290	1486	2000	-1	-1	-1							
1206	8	0	27	435	535	58	70	603	613	38	623	663	683	936	1036	1136	1290	1486	2000	-1	-1	-1							
1207	8	0	27	436	536	58	70	603	613	38	623	663	683	937	1037	1137	1290	1486	2000	-1	-1	-1							
1208	8	0	27	437	537	58	70	603	613	38	623	663	683	938	1038	1138	1290	1486	2000	-1	-1	-1							
1209	8	0	27	438	538	58	70	603	613	38	623	663	683	939	1039	1139	1290	1486	2000	-1	-1	-1							
1210	8	0	28	439	539	59	71	604	614	39	624	664	684	940	1040	1140	1290	1486	2000	-1	-1	-1							
1211	8	0	28	440	540	16	59	604	614	39	624	664	684	941	1041	1141	1290	1486	2000	-1	-1	-1							
1212	8	0	28	441	541	16	59	604	614	39	624	664	684	942	1042	1142	1290	1486	2000	-1	-1	-1							
1213	8	0	28	442	542	16	59	604	614	39	624	664	684	943	1043	1143	1290	1486	2000	-1	-1	-1							
1214	8	0	28	443	543	16	59	604	614	39	624	664	684	944	1044	1144	1290	1486	2000	-1	-1	-1							
1215	10	0	28	444	544	16	59	604	614	39	624	664	684	945	1045	1145	1290	1487	2000	-1	-1	-1							
1216	10	0	28	445	545	16	59	604	614	39	624	664	684	946	1046	1146	1290	1487	2000	-1	-1	-1							
1217	10	0	28	446	546	16	59	604	614	39	624	664	684	947	1047	1147	1290	1487	2000	-1	-1	-1							
1218	10	0	28	447	547	16	59	604	614	39	624	664	684	948	1048	1148	1290	1487	2000	-1	-1	-1							
1219	10	0	28	448	548	16	59	604	614	39	624	664	684	949	1049	1149	1290	1487	2000	-1	-1	-1							
1220	10	0	29	449	549	17	60	605	615	40	625	665	685	950	1050	1150	1290	1487	2000	-1	-1	-1							
1221	10	0	29	450	550	5	84	605	615	40	625	665	685	951	1051	1151	1290	1487	2000	-1	-1	-1							
1222	10	0	29	451	551	5	84	605	615	40	625	665	685	952	1052	1152	1290	1487	2000	-1	-1	-1							
1223	10	0	29	452	552	5	84	605	615	40	625	665	685	953	1053	1153	1290	1487	2000	-1	-1	-1							
1224	10	0	29	453	553	5	84	605	615	40	625	665	685	954	1054	1154	1290	1487	2000	-1	-1	-1							
1225	13	0	29	454	554	5	84	605	615	40	625	665	685	955	1055	1155	1290	1488	2000	-1	-1	-1							
1226	13	0	29	455	555	5	84	605	615	40	625	665	685	956	1056	1156	1290	1488	2000	-1	-1	-1							
1227	13	0	29	456	556	5	84	605	615	40	625	665	685	957	1057	1157	1290	1488	2000	-1	-1	-1							
1228	13	0	29	457	557	5	84	605	615	40	625	665	685	958	1058	1158	1290	1488	2000	-1	-1	-1							
1229	13	0	29	458	558	5	84	605	615	40	625	665	685	959	1059	1159	1290	1488	2000	-1	-1	-1							
1230	16	0	30	459	559	6	85	606	616	41	626	666	686	960	1060	1160	1290	2000	-1	-1	-1	-1							
1231	16	0	30	460	560	73	85	606	616	41	626	666	686	961	1061	1161	1290	2000	-1	-1	-1	-1							
1232	16	0	30	461	561	73	85	606	616	41	626	666	686	962	1062	1162	1290	2000	-1	-1	-1	-1							
1233	16	0	30	462	562	73	85	606	616	41	626	666	686	963	1063	1163	1290	2000	-1	-1	-1	-1							
1234	16	0	30	463	563	73	85	606	616	41	626	666	686	964	1064	1164	1290	2000	-1	-1	-1	-1							
1235	21	0	30	464	564	73	85	606	616	41	626	666	686	965	1065	1165	1290	1489	2000	-1	-1	-1							
1236	21	0	30	465	565	73	85	606	616	41	626	666	686	966	1066	1166	1290	1489	2000	-1	-1	-1							
1237	21	0	30	466	566	73	85	606	616	41	626	666	686	967	1067	1167	1290	1489	2000	-1	-1	-1							
1238	21	0	30	467	567	73	85	606	616	41	626	666	686	968	1068	1168	1290	1489	2000	-1	-1	-1							
1239	21	0	30	468	568	73	85	606	616	41	626	666	686	969	1069	1169	1290	1489	2000	-1	-1	-1							
1240	26	0	31	469	569	74	86	607	617	42	627	667	687	970	1070	1170	1290	2000	-1	-1	-1	-1							
1241	26	0	31	470	570	74	86	607	617	42	627	667	687	971	1071	1171	1290	2000	-1	-1	-1	-1							
1242	26	0	31	471	571	74	86	607	617	42	627	667	687	972	1072	1172	1290	2000	-1	-1	-1	-1							
1243	26	0	31	472	572	74	86	607	617	42	627	667	687	973	1073	1173	1290	2000	-1	-1	-1	-1							
1244	26	0	31	473	573	74	86	607	617	42	627	667	687	974	1074	1174	1290	2000	-1	-1	-1	-1							
1245	33	0	31	474	574	74	86	607	617	42	627	667	687	975	1075	1175	1290	1490	2000	-1	-1	-1							
1246	33	0	31	475	575	74	86	607	617	42	627	667	687	976	1076	1176	1290	1490	2000	-1	-1	-1							
1247	33	0	31	476	576	74	86	607	617	42	627	667	687	977	1077	1177	1290	1490	2000	-1	-1	-1							
1248	33	0	31	477	577	74	86	607	617	42	627	667	687	978	1078	1178	1290	1490	2000	-1	-1	-1							
1249	33	0	31	478	578	74	86	607	617	42	627	667	687	979	1079	1179	1290	1490	2000	-1	-1	-1							
1250	41	0	32	479	579	75	87	608	618	43	628	668	688	980	1080	1180	1290	2000	-1	-1	-1	-1							
1251	41	0	32	480	580	20	63	608	618	43	628	668	688	981	1081	1181	1290	2000	-1	-1	-1	-1							
1252	41	0	32	481	581	20	63	608	618	43	628	668	688	982	1082	1182	1290	2000	-1	-1	-1	-1							
1253	41	0	32	482	582	20	63	608	618	43	628	668	688	983	1083	1183	1290	2000	-1	-1	-1	-1							
1254	41	0	32	483	583	20	63	608	618	43	628	668	688	984	1084	1184	1290	2000	-1	-1	-1	-1							
1255	51	0	32	484	584	20	63	608	618	43	628	668	688	985	1085	1185	1290	1491	2000	-1	-1	-1							
1256	51	0	32	485	585	20	63	608	618	43	628	668	688	986	1086	1186	1290	1491	2000	-1	-1	-1							
1257	51	0	32	486	586	20	63	608	618	43	628	668	688	987	1087	1187	1290	1491	2000	-1	-1	-1							
1258	51	0	32	487	587	20	63	608	618	43	628	668	688	988	1088	1188	1290	1491	2000	-1	-1	-1							
1259	51	0	32	488	588	20	63	608	618	43	628	668	688	989	1089	1189	1290	1491	2000	-1	-1	-1							
1260	61	0	33	489	589	21	64	609	44	629	669	689	990	1090	1190	1290	1492	2000	-1	-1	-1	-1							
1261	61	0	33	490	590	21	64	609	44	629	669	689	991	1091	1191	1290	1492	2000	-1	-1	-1	-1							
1262	61	0	33	491	591	21	64	609	44	629	669	689	992	1092	1192	1290	1492	2000	-1	-1	-1	-1							
1263	61	0	33	492	592	21	64	609	44	629	669	689	993	1093	1193	1290	1492	2000	-1	-1	-1	-1							
1264	61	0	33	493	593	21	64	609	44	629	669	689	994	1094	1194	1290	1492	2000	-1	-1	-1	-1							
1265	74	0	33	494	594	21	64	609	44	629	669	689	995	1095	1195	1290	2000	-1	-1	-1	-1	-1							
1266	74	0	33	495	595	21	64	609	44	629	669	689	996	1096	1196	1290	2000	-1	-1	-1	-1	-1							
1267	74	0	33	496	596	21	64	609	44	629	669	689	997	1097	1197	1290	2000	-1	-1	-1	-1	-1							
1268	74	0	33	497	597	21	64	609	44	629	669	689	998	1098	1198	1290	2000	-1	-1	-1	-1	-1							
1269	74	0	33	498	598	21	64	609	44	629	669	689	999	1099	1199	1290	2000	-1	-1	-1	-1	-1							
1270	88	0	34	499	599	22	65	609	44	629	669	689	999	1099	1199	1290	1493	2000	-1	-1	-1	-1							
1271	22	1	25	414	514	1	80	601	611	36	621	661	681	1115	-1	-1	-1	-1	-1	-1	-1	-1							
1272	22	1	25	417	517	1	80	601	611	36	621	661	681	1118	-1	-1	-1	-1	-1	-1	-1	-1							
1273	22	1	26	421	521	2	81	602	612	37	622	662	682	922	1022	1122	2000	-1	-1	-1	-1	-1							
1274	26	1	26	424	524	2	81	602	612	37	622	662	682	925	1025	1125	2000	-1	-1	-1	-1	-1							
1275	26	1	26	427	527	2	81	602	612	37	622	662	682	928	1028	1128	2000	-1	-1	-1	-1	-1							
1276	26	1	27	431	531	3	82	603	613	38	623	663	683	932	1032	1132	2000	-1	-1	-1	-1	-1							
1277	26	1	27	433	533	58	70	603	613	38	623	663	683	934	1034	1134	2000	-1	-1	-1	-1	-1							
1278	32	1	27	436	536	58	70	603	613	38	623	663	683	937	1037	1137	2000	-1	-1	-1	-1	-1							
1279	32	1	28	440	540	59	71	604	614	39	624	664	684	941	1041	1141	2000	-1	-1	-1	-1	-1							
1280	32	1	28	443	543	16	59	604	614	39	624	664	684	944	1044	1144	2000	-1	-1	-1	-1	-1							
1281	41	1	28	446	546	16	59	604	614	39	624	664	684	947	1047	1147	2000	-1	-1	-1	-1	-1							
1282	41	1	29	450	550	17	60	605	615	40	625	665	685	951	1051	1151	2000	-1	-1	-1	-1	-1							
1283	41	1	29	453	553	5	84	605	615	40	625	665	685	954	1054	1154	2000	-1	-1	-1	-1	-1							
1284	52	1	29	456	556	5	84	605	615	40	625	665	685	957	1057	1157	2000	-1	-1	-1	-1	-1							
1285	66	1	30	460	560	6	85	606	616	41	626	666	686	961	1061	1161	2000	-1	-1	-1	-1	-1							
1286	66	1	30	463	563	73	85	606	616	41	626	666	686	964	1064	1164	2000	-1	-1	-1	-1	-1							
1287	84	1	30	466	566	73	85	606	616	41	626	666	686	967	1067	1167	2000	-1	-1	-1	-1	-1							
1288	107	1	31	470	570	74	86	607	617	42	627	667	687	971	1071	1171	2000	-1	-1	-1	-1	-1							
1289	107	1	31	473	573	74	86	607	617	42	627	667	687	974	1074	1174	2000	-1	-1	-1	-1	-1							
1290	134	1	31	476	576	74	86	607	617	42	627	667	687	977	1077	1177	2000	-1	-1	-1	-1	-1							
1291	166	1	32	480	580	75	87	608	618	43	628	668	688	981	1081	1181	2000	-1	-1	-1	-1	-1							
1292	166	1	32	483	583	20	63	608	618	43	628	668	688	984	1084	1184	2000	-1	-1	-1	-1	-1							
1293	204	1	32	486	586	20	63	608	618	43	628	668	688	987	1087	1187	2000	-1	-1	-1	-1	-1							
1294	247	1	33	490	590	21	64	609	44	629	669	689	991	1091	1191	2000	-1	-1	-1	-1	-1	-1							
1295	247	1	33	493	593	21	64	609	44	629	669	689	994	1094	1194	2000	-1	-1	-1	-1	-1	-1							
1296	297	1	33	496	596	21	64	609	44	629	669	689	997	1097	1197	2000	-1	-1	-1	-1	-1	-1							
1297	354	1	34	499	599	22	65	609	44	629	669	689	999	1099	1199	2000	-1	-1	-1	-1	-1	-1							
1346	13	0	685	665	625	29	605	615	450	550	1324	1362	1520	1674	-1	-1	-1	-1	-1	-1	-1	-1							
1347	13	0	685	665	625	29	605	615	450	550	1324	1362	1520	1674	-1	-1	-1	-1	-1	-1	-1	-1							
#boss YVCM 1-9																													
1348	90	1	50016	50022	50052	50053	50054	90025	3005	50006	50030	50046	50047	50048	1923	50034	-1	-1	-1	-1	-1	-1							
1349	13	0	685	665	625	29	605	615	450	550	1324	1362	1520	1674	-1	-1	-1	-1	-1	-1	-1	-1							
1350	13	0	685	665	625	29	605	615	450	550	1324	1362	1520	1674	-1	-1	-1	-1	-1	-1	-1	-1							
1351	90	1	50016	50022	50052	50053	50054	90025	3005	50006	50030	50046	50047	50048	1923	50034	-1	-1	-1	-1	-1	-1							
1352	13	0	685	665	625	29	605	615	450	550	1324	1362	1520	1674	-1	-1	-1	-1	-1	-1	-1	-1							
1353	13	0	685	665	625	29	605	615	450	550	1324	1362	1520	1674	-1	-1	-1	-1	-1	-1	-1	-1							
1354	90	1	50016	50022	50052	50053	50054	90025	3005	50006	50030	50046	50047	50048	1923	50034	-1	-1	-1	-1	-1	-1							
1355	13	0	685	665	625	29	605	615	450	550	1330	1362	1363	1521	1674	-1	-1	-1	-1	-1	-1	-1							
1356	21	0	686	666	626	30	606	616	460	560	1330	1362	1363	1521	1675	-1	-1	-1	-1	-1	-1	-1							
1357	90	1	50016	50022	50052	50053	50054	90025	3005	50006	50030	50046	50047	50048	1923	50034	-1	-1	-1	-1	-1	-1							
1358	21	0	686	666	626	30	606	616	460	560	1325	1363	1521	1675	-1	-1	-1	-1	-1	-1	-1	-1							
1359	21	0	686	666	626	30	606	616	460	560	1325	1363	1521	1675	-1	-1	-1	-1	-1	-1	-1	-1							
1360	90	1	50016	50022	50052	50053	50054	90025	3005	50006	50030	50046	50047	50048	1923	50034	-1	-1	-1	-1	-1	-1							
1361	21	0	686	666	626	30	606	616	460	560	1325	1363	1521	1675	-1	-1	-1	-1	-1	-1	-1	-1							
1362	21	0	686	666	626	30	606	616	460	560	1325	1363	1521	1675	-1	-1	-1	-1	-1	-1	-1	-1							
1363	90	1	50016	50022	50052	50053	50054	90025	3005	50006	50030	50046	50047	50048	1923	50034	-1	-1	-1	-1	-1	-1							
1364	21	0	686	666	626	30	606	616	460	560	1326	1363	1522	1675	-1	-1	-1	-1	-1	-1	-1	-1							
1365	21	0	686	666	626	30	606	616	460	560	1326	1363	1522	1675	-1	-1	-1	-1	-1	-1	-1	-1							
1366	90	1	50016	50022	50052	50053	50054	90025	3005	50006	50030	50046	50047	50048	1923	50034	-1	-1	-1	-1	-1	-1							
1367	33	0	687	667	627	31	607	617	470	570	1331	1364	1522	1676	-1	-1	-1	-1	-1	-1	-1	-1							
1368	33	0	687	667	627	31	607	617	470	570	1331	1364	1522	1676	-1	-1	-1	-1	-1	-1	-1	-1							
1369	90	1	50016	50022	50052	50053	50054	90025	3005	50006	50030	50046	50047	50048	1923	50034	-1	-1	-1	-1	-1	-1							
1370	33	0	687	667	627	31	607	617	470	570	1327	1328	1329	1364	1522	1676	-1	-1	-1	-1	-1	-1							
1371	33	0	687	667	627	31	607	617	470	570	1327	1328	1329	1364	1522	1676	-1	-1	-1	-1	-1	-1							
1372	90	1	50016	50022	50052	50053	50054	90025	3005	50006	50030	50046	50047	50048	1923	50034	-1	-1	-1	-1	-1	-1							
1373	90	1	90025	3005	50006	50030	50046	50047	50048	1923	50034	-1	-1	-1	-1	-1	-1	-1	-1	-1	-1	-1							
1374	90	1	90025	3005	50006	50030	50046	50047	50048	1923	50034	-1	-1	-1	-1	-1	-1	-1	-1	-1	-1	-1							
1375	90	1	50002	50016	50022	50052	50053	50054	-1	-1	-1	-1	-1	-1	-1	-1	-1	-1	-1	-1	-1	-1							
1383	21	0	73	61	-1	-1	-1	-1	-1	-1	-1	-1	-1	-1	-1	-1	-1	-1	-1	-1	-1	-1							
1384	21	0	73	61	-1	-1	-1	-1	-1	-1	-1	-1	-1	-1	-1	-1	-1	-1	-1	-1	-1	-1							
1385	21	0	73	61	-1	-1	-1	-1	-1	-1	-1	-1	-1	-1	-1	-1	-1	-1	-1	-1	-1	-1							
1386	21	0	73	61	-1	-1	-1	-1	-1	-1	-1	-1	-1	-1	-1	-1	-1	-1	-1	-1	-1	-1							
1387	10	1	-1	-1	-1	-1	-1	-1	-1	-1	-1	-1	-1	-1	-1	-1	-1	-1	-1	-1	-1	-1							
1388	10	1	-1	-1	-1	-1	-1	-1	-1	-1	-1	-1	-1	-1	-1	-1	-1	-1	-1	-1	-1	-1							
#boss THDC1-3																													
1389	90	1	50016	50022	50052	50053	50054	90025	3005	50006	50030	50046	50047	50048	1923	50034	-1	-1	-1	-1	-1	-1							
1390	10	1	-1	-1	-1	-1	-1	-1	-1	-1	-1	-1	-1	-1	-1	-1	-1	-1	-1	-1	-1	-1							
1391	10	1	-1	-1	-1	-1	-1	-1	-1	-1	-1	-1	-1	-1	-1	-1	-1	-1	-1	-1	-1	-1							
1392	10	1	-1	-1	-1	-1	-1	-1	-1	-1	-1	-1	-1	-1	-1	-1	-1	-1	-1	-1	-1	-1							
1393	10	1	-1	-1	-1	-1	-1	-1	-1	-1	-1	-1	-1	-1	-1	-1	-1	-1	-1	-1	-1	-1							
1394	10	1	-1	-1	-1	-1	-1	-1	-1	-1	-1	-1	-1	-1	-1	-1	-1	-1	-1	-1	-1	-1							
1395	10	1	-1	-1	-1	-1	-1	-1	-1	-1	-1	-1	-1	-1	-1	-1	-1	-1	-1	-1									
1396	90	1	50016	50022	50052	50053	50054	90025	3005	50006	50030	50046	50047	50048	1923	50034	-1	-1	-1	-1	-1	-1							
1397	10	1	-1	-1	-1	-1	-1	-1	-1	-1	-1	-1	-1	-1	-1	-1	-1	-1	-1	-1									
1398	10	1	-1	-1	-1	-1	-1	-1	-1	-1	-1	-1	-1	-1	-1	-1	-1	-1	-1	-1									
1399	10	1	-1	-1	-1	-1	-1	-1	-1	-1	-1	-1	-1	-1	-1	-1	-1	-1	-1	-1									
1400	10	1	-1	-1	-1	-1	-1	-1	-1	-1	-1	-1	-1	-1	-1	-1	-1	-1	-1	-1									
1401	10	1	-1	-1	-1	-1	-1	-1	-1	-1	-1	-1	-1	-1	-1	-1	-1	-1	-1	-1									
1402	10	1	-1	-1	-1	-1	-1	-1	-1	-1	-1	-1	-1	-1	-1	-1	-1	-1	-1	-1									
1403	90	1	50016	50022	50052	50053	50054	90025	3005	50006	50030	50046	50047	50048	1923	50034	-1	-1	-1	-1	-1	-1							
1435	10	1	-1	-1	-1	-1	-1	-1	-1	-1	-1	-1	-1	-1	-1	-1	-1	-1	-1	-1									
1436	10	1	-1	-1	-1	-1	-1	-1	-1	-1	-1	-1	-1	-1	-1	-1	-1	-1	-1	-1									
1437	10	1	-1	-1	-1	-1	-1	-1	-1	-1	-1	-1	-1	-1	-1	-1	-1	-1	-1	-1									
1438	10	1	-1	-1	-1	-1	-1	-1	-1	-1	-1	-1	-1	-1	-1	-1	-1	-1	-1	-1									
1439	10	1	-1	-1	-1	-1	-1	-1	-1	-1	-1	-1	-1	-1	-1	-1	-1	-1	-1	-1									
1440	10	1	-1	-1	-1	-1	-1	-1	-1	-1	-1	-1	-1	-1	-1	-1	-1	-1	-1	-1									
1450	500	0	-1	-1	-1	-1	-1	-1	-1	-1	-1	-1	-1	-1	-1	-1	-1	-1	-1	-1									
1455	88	0	3022	-1	-1	-1	-1	-1	-1	-1	-1	-1	-1	-1	-1	-1	-1	-1	-1	-1	-1	-1							
1458	88	0	3022	-1	-1	-1	-1	-1	-1	-1	-1	-1	-1	-1	-1	-1	-1	-1	-1	-1	-1	-1							
1500	4	0	681	661	621	36	25	601	611	409	509	13	56	-1	-1	-1	-1	-1	-1	-1	-1	-1							
1501	5	0	682	662	622	37	26	602	612	419	519	14	57	-1	-1	-1	-1	-1	-1	-1	-1	-1							
1502	6	0	683	663	623	38	27	603	613	429	529	15	58	-1	-1	-1	-1	-1	-1	-1	-1	-1							
1503	8	0	684	664	624	39	28	604	614	439	539	16	59	-1	-1	-1	-1	-1	-1	-1	-1	-1							
1504	10	0	685	665	625	40	29	605	615	449	549	17	60	-1	-1	-1	-1	-1	-1	-1	-1	-1							
1505	16	0	686	666	626	41	30	606	616	459	559	18	61	-1	-1	-1	-1	-1	-1	-1	-1	-1							
1506	26	0	687	667	627	42	31	607	617	469	569	19	62	-1	-1	-1	-1	-1	-1	-1	-1	-1							
1507	41	0	688	668	628	43	32	608	618	479	579	20	63	-1	-1	-1	-1	-1	-1	-1	-1	-1							
1508	61	0	689	669	629	44	33	609	489	589	21	64	-1	-1	-1	-1	-1	-1	-1	-1	-1	-1							
1509	88	0	689	669	629	34	499	599	22	65	-1	-1	-1	-1	-1	-1	-1	-1	-1	-1	-1	-1							
1510	4	0	681	661	621	36	25	601	611	409	509	56	68	-1	-1	-1	-1	-1	-1	-1	-1	-1							
1511	5	0	682	662	622	37	26	602	612	419	519	57	69	-1	-1	-1	-1	-1	-1	-1	-1	-1							
1512	6	0	683	663	623	38	27	603	613	429	529	58	70	-1	-1	-1	-1	-1	-1	-1	-1	-1							
1513	8	0	684	664	624	39	28	604	614	439	539	59	71	-1	-1	-1	-1	-1	-1	-1	-1	-1							
1514	10	0	685	665	625	40	29	605	615	449	549	60	72	-1	-1	-1	-1	-1	-1	-1	-1	-1							
1515	16	0	686	666	626	41	30	606	616	459	559	61	73	-1	-1	-1	-1	-1	-1	-1	-1	-1							
1516	26	0	687	667	627	42	31	607	617	469	569	62	74	-1	-1	-1	-1	-1	-1	-1	-1	-1							
1517	41	0	688	668	628	43	32	608	618	479	579	63	75	-1	-1	-1	-1	-1	-1	-1	-1	-1							
1518	61	0	689	669	629	44	33	609	489	589	64	76	-1	-1	-1	-1	-1	-1	-1	-1	-1	-1							
1519	88	0	689	669	629	34	499	599	65	77	-1	-1	-1	-1	-1	-1	-1	-1	-1	-1	-1	-1							
1520	4	0	681	661	621	36	25	601	611	409	509	1	80	-1	-1	-1	-1	-1	-1	-1	-1	-1							
1521	5	0	682	662	622	37	26	602	612	419	519	2	81	-1	-1	-1	-1	-1	-1	-1	-1	-1							
1522	6	0	683	663	623	38	27	603	613	429	529	3	82	-1	-1	-1	-1	-1	-1	-1	-1	-1							
1523	8	0	684	664	624	39	28	604	614	439	539	4	83	-1	-1	-1	-1	-1	-1	-1	-1	-1							
1524	10	0	685	665	625	40	29	605	615	449	549	5	84	-1	-1	-1	-1	-1	-1	-1	-1	-1							
1525	16	0	686	666	626	41	30	606	616	459	559	6	85	-1	-1	-1	-1	-1	-1	-1	-1	-1							
1526	26	0	687	667	627	42	31	607	617	469	569	7	86	-1	-1	-1	-1	-1	-1	-1	-1	-1							
1527	41	0	688	668	628	43	32	608	618	479	579	8	87	-1	-1	-1	-1	-1	-1	-1	-1	-1							
1528	61	0	689	669	629	44	33	609	489	589	9	88	-1	-1	-1	-1	-1	-1	-1	-1	-1	-1							
1529	88	0	689	669	629	34	499	599	10	89	-1	-1	-1	-1	-1	-1	-1	-1	-1	-1	-1	-1							
1530	4	0	681	661	621	36	25	601	611	409	509	68	80	-1	-1	-1	-1	-1	-1	-1	-1	-1							
1531	5	0	682	662	622	37	26	602	612	419	519	69	81	-1	-1	-1	-1	-1	-1	-1	-1	-1							
1532	6	0	683	663	623	38	27	603	613	429	529	70	82	-1	-1	-1	-1	-1	-1	-1	-1	-1							
1533	8	0	684	664	624	39	28	604	614	439	539	71	83	-1	-1	-1	-1	-1	-1	-1	-1	-1							
1534	10	0	685	665	625	40	29	605	615	449	549	72	84	-1	-1	-1	-1	-1	-1	-1	-1	-1							
1535	16	0	686	666	626	41	30	606	616	459	559	73	85	-1	-1	-1	-1	-1	-1	-1	-1	-1							
1536	26	0	687	667	627	42	31	607	617	469	569	74	86	-1	-1	-1	-1	-1	-1	-1	-1	-1							
1537	41	0	688	668	628	43	32	608	618	479	579	75	87	-1	-1	-1	-1	-1	-1	-1	-1	-1							
1538	61	0	689	669	629	44	33	609	489	589	76	88	-1	-1	-1	-1	-1	-1	-1	-1	-1	-1							
1539	88	0	689	669	629	34	499	599	77	89	-1	-1	-1	-1	-1	-1	-1	-1	-1	-1	-1	-1							
1540	4	0	681	661	621	36	25	601	611	409	509	1	80	-1	-1	-1	-1	-1	-1	-1	-1	-1							
1541	5	0	682	662	622	37	26	602	612	419	519	2	81	-1	-1	-1	-1	-1	-1	-1	-1	-1							
1542	6	0	683	663	623	38	27	603	613	429	529	3	82	-1	-1	-1	-1	-1	-1	-1	-1	-1							
1543	8	0	684	664	624	39	28	604	614	439	539	4	83	-1	-1	-1	-1	-1	-1	-1	-1	-1							
1544	10	0	685	665	625	40	29	605	615	449	549	5	84	-1	-1	-1	-1	-1	-1	-1	-1	-1							
1545	16	0	686	666	626	41	30	606	616	459	559	6	85	-1	-1	-1	-1	-1	-1	-1	-1	-1							
1546	26	0	687	667	627	42	31	607	617	469	569	7	86	-1	-1	-1	-1	-1	-1	-1	-1	-1							
1547	41	0	688	668	628	43	32	608	618	479	579	8	87	-1	-1	-1	-1	-1	-1	-1	-1	-1							
1548	61	0	689	669	629	44	33	609	489	589	9	88	-1	-1	-1	-1	-1	-1	-1	-1	-1	-1							
1549	88	0	689	669	629	34	499	599	10	89	-1	-1	-1	-1	-1	-1	-1	-1	-1	-1	-1	-1							
1550	4	0	681	661	621	36	25	601	611	409	509	1	80	-1	-1	-1	-1	-1	-1	-1	-1	-1							
1551	5	0	682	662	622	37	26	602	612	419	519	2	81	-1	-1	-1	-1	-1	-1	-1	-1	-1							
1552	6	0	683	663	623	38	27	603	613	429	529	3	82	-1	-1	-1	-1	-1	-1	-1	-1	-1							
1553	8	0	684	664	624	39	28	604	614	439	539	4	83	-1	-1	-1	-1	-1	-1	-1	-1	-1							
1554	10	0	685	665	625	40	29	605	615	449	549	5	84	-1	-1	-1	-1	-1	-1	-1	-1	-1							
1555	16	0	686	666	626	41	30	606	616	459	559	6	85	-1	-1	-1	-1	-1	-1	-1	-1	-1							
1556	26	0	687	667	627	42	31	607	617	469	569	7	86	-1	-1	-1	-1	-1	-1	-1	-1	-1							
1557	41	0	688	668	628	43	32	608	618	479	579	8	87	-1	-1	-1	-1	-1	-1	-1	-1	-1							
1558	61	0	689	669	629	44	33	609	489	589	9	88	-1	-1	-1	-1	-1	-1	-1	-1	-1	-1							
1559	88	0	689	669	629	34	499	599	10	89	-1	-1	-1	-1	-1	-1	-1	-1	-1	-1	-1	-1							
1560	4	0	681	661	621	36	25	601	611	409	509	13	56	-1	-1	-1	-1	-1	-1	-1	-1	-1							
1561	5	0	682	662	622	37	26	602	612	419	519	14	57	-1	-1	-1	-1	-1	-1	-1	-1	-1							
1562	6	0	683	663	623	38	27	603	613	429	529	15	58	-1	-1	-1	-1	-1	-1	-1	-1	-1							
1563	8	0	684	664	624	39	28	604	614	439	539	16	59	-1	-1	-1	-1	-1	-1	-1	-1	-1							
1564	10	0	685	665	625	40	29	605	615	449	549	17	60	-1	-1	-1	-1	-1	-1	-1	-1	-1							
1565	16	0	686	666	626	41	30	606	616	459	559	18	61	-1	-1	-1	-1	-1	-1	-1	-1	-1							
1566	26	0	687	667	627	42	31	607	617	469	569	19	62	-1	-1	-1	-1	-1	-1	-1	-1	-1							
1567	41	0	688	668	628	43	32	608	618	479	579	20	63	-1	-1	-1	-1	-1	-1	-1	-1	-1							
1568	61	0	689	669	629	44	33	609	489	589	21	64	-1	-1	-1	-1	-1	-1	-1	-1	-1	-1							
1569	88	0	689	669	629	34	499	599	22	65	-1	-1	-1	-1	-1	-1	-1	-1	-1	-1	-1	-1							
1570	4	0	681	661	621	36	25	601	611	409	509	68	80	-1	-1	-1	-1	-1	-1	-1	-1	-1							
1571	5	0	682	662	622	37	26	602	612	419	519	69	81	-1	-1	-1	-1	-1	-1	-1	-1	-1							
1572	6	0	683	663	623	38	27	603	613	429	529	70	82	-1	-1	-1	-1	-1	-1	-1	-1	-1							
1573	8	0	684	664	624	39	28	604	614	439	539	71	83	-1	-1	-1	-1	-1	-1	-1	-1	-1							
1574	10	0	685	665	625	40	29	605	615	449	549	72	84	-1	-1	-1	-1	-1	-1	-1	-1	-1							
1575	16	0	686	666	626	41	30	606	616	459	559	73	85	-1	-1	-1	-1	-1	-1	-1	-1	-1							
1576	26	0	687	667	627	42	31	607	617	469	569	74	86	-1	-1	-1	-1	-1	-1	-1	-1	-1							
1577	41	0	688	668	628	43	32	608	618	479	579	75	87	-1	-1	-1	-1	-1	-1	-1	-1	-1							
1578	61	0	689	669	629	44	33	609	489	589	76	88	-1	-1	-1	-1	-1	-1	-1	-1	-1	-1							
1579	88	0	689	669	629	34	499	599	77	89	-1	-1	-1	-1	-1	-1	-1	-1	-1	-1	-1	-1							
1580	4	0	681	661	621	36	25	601	611	409	509	13	56	-1	-1	-1	-1	-1	-1	-1	-1	-1							
1581	5	0	682	662	622	37	26	602	612	419	519	14	57	-1	-1	-1	-1	-1	-1	-1	-1	-1							
1582	6	0	683	663	623	38	27	603	613	429	529	15	58	-1	-1	-1	-1	-1	-1	-1	-1	-1							
1583	8	0	684	664	624	39	28	604	614	439	539	16	59	-1	-1	-1	-1	-1	-1	-1	-1	-1							
1584	10	0	685	665	625	40	29	605	615	449	549	17	60	-1	-1	-1	-1	-1	-1	-1	-1	-1							
1585	16	0	686	666	626	41	30	606	616	459	559	18	61	-1	-1	-1	-1	-1	-1	-1	-1	-1							
1586	26	0	687	667	627	42	31	607	617	469	569	19	62	-1	-1	-1	-1	-1	-1	-1	-1	-1							
1587	41	0	688	668	628	43	32	608	618	479	579	20	63	-1	-1	-1	-1	-1	-1	-1	-1	-1							
1588	61	0	689	669	629	44	33	609	489	589	21	64	-1	-1	-1	-1	-1	-1	-1	-1	-1	-1							
1589	88	0	689	669	629	34	499	599	22	65	-1	-1	-1	-1	-1	-1	-1	-1	-1	-1	-1	-1							
1590	5	0	681	661	621	36	25	601	611	414	514	13	56	-1	-1	-1	-1	-1	-1	-1	-1	-1							
1591	6	0	682	662	622	37	26	602	612	424	524	14	57	-1	-1	-1	-1	-1	-1	-1	-1	-1							
1592	8	0	683	663	623	38	27	603	613	434	534	15	58	-1	-1	-1	-1	-1	-1	-1	-1	-1							
1593	10	0	684	664	624	39	28	604	614	444	544	16	59	-1	-1	-1	-1	-1	-1	-1	-1	-1							
1594	13	0	685	665	625	40	29	605	615	454	554	17	60	-1	-1	-1	-1	-1	-1	-1	-1	-1							
1595	21	0	686	666	626	41	30	606	616	464	564	18	61	-1	-1	-1	-1	-1	-1	-1	-1	-1							
1596	33	0	687	667	627	42	31	607	617	474	574	19	62	-1	-1	-1	-1	-1	-1	-1	-1	-1							
1597	51	0	688	668	628	43	32	608	618	484	584	20	63	-1	-1	-1	-1	-1	-1	-1	-1	-1							
1598	74	0	689	669	629	44	33	609	494	594	21	64	-1	-1	-1	-1	-1	-1	-1	-1	-1	-1							
1599	88	0	689	669	629	34	499	599	22	65	-1	-1	-1	-1	-1	-1	-1	-1	-1	-1	-1	-1							
1600	5	0	681	661	621	36	25	601	611	414	514	13	56	-1	-1	-1	-1	-1	-1	-1	-1	-1							
1601	6	0	682	662	622	37	26	602	612	424	524	14	57	-1	-1	-1	-1	-1	-1	-1	-1	-1							
1602	8	0	683	663	623	38	27	603	613	434	534	15	58	-1	-1	-1	-1	-1	-1	-1	-1	-1							
1603	10	0	684	664	624	39	28	604	614	444	544	16	59	-1	-1	-1	-1	-1	-1	-1	-1	-1							
1604	13	0	685	665	625	40	29	605	615	454	554	17	60	-1	-1	-1	-1	-1	-1	-1	-1	-1							
1605	21	0	686	666	626	41	30	606	616	464	564	18	61	-1	-1	-1	-1	-1	-1	-1	-1	-1							
1606	33	0	687	667	627	42	31	607	617	474	574	19	62	-1	-1	-1	-1	-1	-1	-1	-1	-1							
1607	51	0	688	668	628	43	32	608	618	484	584	20	63	-1	-1	-1	-1	-1	-1	-1	-1	-1							
1608	74	0	689	669	629	44	33	609	494	594	21	64	-1	-1	-1	-1	-1	-1	-1	-1	-1	-1							
1609	88	0	689	669	629	34	499	599	22	65	-1	-1	-1	-1	-1	-1	-1	-1	-1	-1	-1	-1							
1610	22	1	681	661	621	36	25	601	611	414	514	13	56	-1	-1	-1	-1	-1	-1	-1	-1	-1							
1611	26	1	682	662	622	37	26	602	612	424	524	14	57	-1	-1	-1	-1	-1	-1	-1	-1	-1							
1612	32	1	683	663	623	38	27	603	613	434	534	15	58	-1	-1	-1	-1	-1	-1	-1	-1	-1							
1613	41	1	684	664	624	39	28	604	614	444	544	16	59	-1	-1	-1	-1	-1	-1	-1	-1	-1							
1614	52	1	685	665	625	40	29	605	615	454	554	17	60	-1	-1	-1	-1	-1	-1	-1	-1	-1							
1615	84	1	686	666	626	41	30	606	616	464	564	18	61	-1	-1	-1	-1	-1	-1	-1	-1	-1							
1616	134	1	687	667	627	42	31	607	617	474	574	19	62	-1	-1	-1	-1	-1	-1	-1	-1	-1							
1617	204	1	688	668	628	43	32	608	618	484	584	20	63	-1	-1	-1	-1	-1	-1	-1	-1	-1							
1618	297	1	689	669	629	44	33	609	494	594	21	64	-1	-1	-1	-1	-1	-1	-1	-1	-1	-1							
1619	354	1	689	669	629	34	499	599	22	65	-1	-1	-1	-1	-1	-1	-1	-1	-1	-1	-1	-1							
1620	22	1	681	661	621	36	25	601	611	414	514	13	56	-1	-1	-1	-1	-1	-1	-1	-1	-1							
1621	26	1	682	662	622	37	26	602	612	424	524	14	57	-1	-1	-1	-1	-1	-1	-1	-1	-1							
1622	32	1	683	663	623	38	27	603	613	434	534	15	58	-1	-1	-1	-1	-1	-1	-1	-1	-1							
1623	41	1	684	664	624	39	28	604	614	444	544	16	59	-1	-1	-1	-1	-1	-1	-1	-1	-1							
1624	52	1	685	665	625	40	29	605	615	454	554	17	60	-1	-1	-1	-1	-1	-1	-1	-1	-1							
1625	84	1	686	666	626	41	30	606	616	464	564	18	61	-1	-1	-1	-1	-1	-1	-1	-1	-1							
1626	134	1	687	667	627	42	31	607	617	474	574	19	62	-1	-1	-1	-1	-1	-1	-1	-1	-1							
1627	204	1	688	668	628	43	32	608	618	484	584	20	63	-1	-1	-1	-1	-1	-1	-1	-1	-1							
1628	297	1	689	669	629	44	33	609	494	594	21	64	-1	-1	-1	-1	-1	-1	-1	-1	-1	-1							
1629	354	1	689	669	629	34	499	599	22	65	-1	-1	-1	-1	-1	-1	-1	-1	-1	-1	-1	-1							
1630	22	1	681	661	621	36	25	601	611	414	514	13	56	-1	-1	-1	-1	-1	-1	-1	-1	-1							
1631	26	1	682	662	622	37	26	602	612	424	524	14	57	-1	-1	-1	-1	-1	-1	-1	-1	-1							
1632	32	1	683	663	623	38	27	603	613	434	534	15	58	-1	-1	-1	-1	-1	-1	-1	-1	-1							
1633	41	1	684	664	624	39	28	604	614	444	544	16	59	-1	-1	-1	-1	-1	-1	-1	-1	-1							
1634	52	1	685	665	625	40	29	605	615	454	554	17	60	-1	-1	-1	-1	-1	-1	-1	-1	-1							
1635	84	1	686	666	626	41	30	606	616	464	564	18	61	-1	-1	-1	-1	-1	-1	-1	-1	-1							
1636	134	1	687	667	627	42	31	607	617	474	574	19	62	-1	-1	-1	-1	-1	-1	-1	-1	-1							
1637	204	1	688	668	628	43	32	608	618	484	584	20	63	-1	-1	-1	-1	-1	-1	-1	-1	-1							
1638	297	1	689	669	629	44	33	609	494	594	21	64	-1	-1	-1	-1	-1	-1	-1	-1	-1	-1							
1639	354	1	689	669	629	34	499	599	22	65	-1	-1	-1	-1	-1	-1	-1	-1	-1	-1	-1	-1							
1640	18	1	682	662	622	37	26	602	612	420	520	14	57	-1	-1	-1	-1	-1	-1	-1	-1	-1							
1641	22	1	683	663	623	38	27	603	613	430	530	15	58	-1	-1	-1	-1	-1	-1	-1	-1	-1							
1642	26	1	684	664	624	39	28	604	614	440	540	16	59	-1	-1	-1	-1	-1	-1	-1	-1	-1							
1643	32	1	685	665	625	40	29	605	615	450	550	17	60	-1	-1	-1	-1	-1	-1	-1	-1	-1							
1644	41	1	686	666	626	41	30	606	616	460	560	18	61	-1	-1	-1	-1	-1	-1	-1	-1	-1							
1645	66	1	687	667	627	42	31	607	617	470	570	19	62	-1	-1	-1	-1	-1	-1	-1	-1	-1							
1646	107	1	688	668	628	43	32	608	618	480	580	20	63	-1	-1	-1	-1	-1	-1	-1	-1	-1							
1647	166	1	689	669	629	44	33	609	490	590	21	64	-1	-1	-1	-1	-1	-1	-1	-1	-1	-1							
1648	247	1	689	669	629	34	499	599	22	65	-1	-1	-1	-1	-1	-1	-1	-1	-1	-1	-1	-1							
1649	354	1	689	669	629	499	599	22	65	-1	-1	-1	-1	-1	-1	-1	-1	-1	-1	-1	-1	-1							
1650	22	1	708	708	708	824	1442	-1	-1	-1	-1	-1	-1	-1	-1	-1	-1	-1	-1	-1	-1	-1							
1651	26	1	709	709	709	825	1443	-1	-1	-1	-1	-1	-1	-1	-1	-1	-1	-1	-1	-1	-1	-1							
1652	32	1	710	710	710	826	1444	-1	-1	-1	-1	-1	-1	-1	-1	-1	-1	-1	-1	-1	-1	-1							
1653	41	1	711	711	711	827	1445	-1	-1	-1	-1	-1	-1	-1	-1	-1	-1	-1	-1	-1	-1	-1							
1654	52	1	712	712	712	828	1446	-1	-1	-1	-1	-1	-1	-1	-1	-1	-1	-1	-1	-1	-1	-1							
1655	84	1	713	713	713	829	1447	-1	-1	-1	-1	-1	-1	-1	-1	-1	-1	-1	-1	-1	-1	-1							
1656	134	1	714	714	714	830	1448	-1	-1	-1	-1	-1	-1	-1	-1	-1	-1	-1	-1	-1	-1	-1							
1657	204	1	715	715	715	831	1449	-1	-1	-1	-1	-1	-1	-1	-1	-1	-1	-1	-1	-1	-1	-1							
1658	297	1	716	716	716	832	1450	-1	-1	-1	-1	-1	-1	-1	-1	-1	-1	-1	-1	-1	-1	-1							
1659	354	1	717	717	717	833	1451	-1	-1	-1	-1	-1	-1	-1	-1	-1	-1	-1	-1	-1	-1	-1							
1660	22	1	708	708	708	824	1442	-1	-1	-1	-1	-1	-1	-1	-1	-1	-1	-1	-1	-1	-1	-1							
1661	26	1	709	709	709	825	1443	-1	-1	-1	-1	-1	-1	-1	-1	-1	-1	-1	-1	-1	-1	-1							
1662	32	1	710	710	710	826	1444	-1	-1	-1	-1	-1	-1	-1	-1	-1	-1	-1	-1	-1	-1	-1							
1663	41	1	711	711	711	827	1445	-1	-1	-1	-1	-1	-1	-1	-1	-1	-1	-1	-1	-1	-1	-1							
1664	52	1	712	712	712	828	1446	-1	-1	-1	-1	-1	-1	-1	-1	-1	-1	-1	-1	-1	-1	-1							
1665	84	1	713	713	713	829	1447	-1	-1	-1	-1	-1	-1	-1	-1	-1	-1	-1	-1	-1	-1	-1							
1666	134	1	714	714	714	830	1448	-1	-1	-1	-1	-1	-1	-1	-1	-1	-1	-1	-1	-1	-1	-1							
1667	204	1	715	715	715	831	1449	-1	-1	-1	-1	-1	-1	-1	-1	-1	-1	-1	-1	-1	-1	-1							
1668	297	1	716	716	716	832	1450	-1	-1	-1	-1	-1	-1	-1	-1	-1	-1	-1	-1	-1	-1	-1							
1669	354	1	717	717	717	833	1451	-1	-1	-1	-1	-1	-1	-1	-1	-1	-1	-1	-1	-1	-1	-1							
1670	22	1	708	708	708	824	1442	-1	-1	-1	-1	-1	-1	-1	-1	-1	-1	-1	-1	-1	-1	-1							
1671	26	1	709	709	709	825	1443	-1	-1	-1	-1	-1	-1	-1	-1	-1	-1	-1	-1	-1	-1	-1							
1672	32	1	710	710	710	826	1444	-1	-1	-1	-1	-1	-1	-1	-1	-1	-1	-1	-1	-1	-1	-1							
1673	41	1	711	711	711	827	1445	-1	-1	-1	-1	-1	-1	-1	-1	-1	-1	-1	-1	-1	-1	-1							
1674	52	1	712	712	712	828	1446	-1	-1	-1	-1	-1	-1	-1	-1	-1	-1	-1	-1	-1	-1	-1							
1675	84	1	713	713	713	829	1447	-1	-1	-1	-1	-1	-1	-1	-1	-1	-1	-1	-1	-1	-1	-1							
1676	134	1	714	714	714	830	1448	-1	-1	-1	-1	-1	-1	-1	-1	-1	-1	-1	-1	-1	-1	-1							
1677	204	1	715	715	715	831	1449	-1	-1	-1	-1	-1	-1	-1	-1	-1	-1	-1	-1	-1	-1	-1							
1678	297	1	716	716	716	832	1450	-1	-1	-1	-1	-1	-1	-1	-1	-1	-1	-1	-1	-1	-1	-1							
1679	354	1	717	717	717	833	1451	-1	-1	-1	-1	-1	-1	-1	-1	-1	-1	-1	-1	-1	-1	-1							
1680	22	1	708	708	708	824	1442	-1	-1	-1	-1	-1	-1	-1	-1	-1	-1	-1	-1	-1	-1	-1							
1681	26	1	709	709	709	825	1443	-1	-1	-1	-1	-1	-1	-1	-1	-1	-1	-1	-1	-1	-1	-1							
1682	32	1	710	710	710	826	1444	-1	-1	-1	-1	-1	-1	-1	-1	-1	-1	-1	-1	-1	-1	-1							
1683	41	1	711	711	711	827	1445	-1	-1	-1	-1	-1	-1	-1	-1	-1	-1	-1	-1	-1	-1	-1							
1684	52	1	712	712	712	828	1446	-1	-1	-1	-1	-1	-1	-1	-1	-1	-1	-1	-1	-1	-1	-1							
1685	84	1	713	713	713	829	1447	-1	-1	-1	-1	-1	-1	-1	-1	-1	-1	-1	-1	-1	-1	-1							
1686	134	1	714	714	714	830	1448	-1	-1	-1	-1	-1	-1	-1	-1	-1	-1	-1	-1	-1	-1	-1							
1687	204	1	715	715	715	831	1449	-1	-1	-1	-1	-1	-1	-1	-1	-1	-1	-1	-1	-1	-1	-1							
1688	297	1	716	716	716	832	1450	-1	-1	-1	-1	-1	-1	-1	-1	-1	-1	-1	-1	-1	-1	-1							
1689	354	1	717	717	717	833	1451	-1	-1	-1	-1	-1	-1	-1	-1	-1	-1	-1	-1	-1	-1	-1							
1690	22	1	708	708	708	824	1442	-1	-1	-1	-1	-1	-1	-1	-1	-1	-1	-1	-1	-1	-1	-1							
1691	26	1	709	709	709	825	1443	-1	-1	-1	-1	-1	-1	-1	-1	-1	-1	-1	-1	-1	-1	-1							
1692	32	1	710	710	710	826	1444	-1	-1	-1	-1	-1	-1	-1	-1	-1	-1	-1	-1	-1	-1	-1							
1693	41	1	711	711	711	827	1445	-1	-1	-1	-1	-1	-1	-1	-1	-1	-1	-1	-1	-1	-1	-1							
1694	52	1	712	712	712	828	1446	-1	-1	-1	-1	-1	-1	-1	-1	-1	-1	-1	-1	-1	-1	-1							
1695	84	1	713	713	713	829	1447	-1	-1	-1	-1	-1	-1	-1	-1	-1	-1	-1	-1	-1	-1	-1							
1696	134	1	714	714	714	830	1448	-1	-1	-1	-1	-1	-1	-1	-1	-1	-1	-1	-1	-1	-1	-1							
1697	204	1	715	715	715	831	1449	-1	-1	-1	-1	-1	-1	-1	-1	-1	-1	-1	-1	-1	-1	-1							
1698	297	1	716	716	716	832	1450	-1	-1	-1	-1	-1	-1	-1	-1	-1	-1	-1	-1	-1	-1	-1							
1699	354	1	717	717	717	833	1451	-1	-1	-1	-1	-1	-1	-1	-1	-1	-1	-1	-1	-1	-1	-1							
1700	22	1	708	708	708	824	1442	-1	-1	-1	-1	-1	-1	-1	-1	-1	-1	-1	-1	-1	-1	-1							
1701	26	1	709	709	709	825	1443	-1	-1	-1	-1	-1	-1	-1	-1	-1	-1	-1	-1	-1	-1	-1							
1702	32	1	710	710	710	826	1444	-1	-1	-1	-1	-1	-1	-1	-1	-1	-1	-1	-1	-1	-1	-1							
1703	41	1	711	711	711	827	1445	-1	-1	-1	-1	-1	-1	-1	-1	-1	-1	-1	-1	-1	-1	-1							
1704	52	1	712	712	712	828	1446	-1	-1	-1	-1	-1	-1	-1	-1	-1	-1	-1	-1	-1	-1	-1							
1705	84	1	713	713	713	829	1447	-1	-1	-1	-1	-1	-1	-1	-1	-1	-1	-1	-1	-1	-1	-1							
1706	134	1	714	714	714	830	1448	-1	-1	-1	-1	-1	-1	-1	-1	-1	-1	-1	-1	-1	-1	-1							
1707	204	1	715	715	715	831	1449	-1	-1	-1	-1	-1	-1	-1	-1	-1	-1	-1	-1	-1	-1	-1							
1708	297	1	716	716	716	832	1450	-1	-1	-1	-1	-1	-1	-1	-1	-1	-1	-1	-1	-1	-1	-1							
1709	354	1	717	717	717	833	1451	-1	-1	-1	-1	-1	-1	-1	-1	-1	-1	-1	-1	-1	-1	-1							
1710	22	1	708	708	708	824	1442	-1	-1	-1	-1	-1	-1	-1	-1	-1	-1	-1	-1	-1	-1	-1							
1711	26	1	709	709	709	825	1443	-1	-1	-1	-1	-1	-1	-1	-1	-1	-1	-1	-1	-1	-1	-1							
1712	32	1	710	710	710	826	1444	-1	-1	-1	-1	-1	-1	-1	-1	-1	-1	-1	-1	-1	-1	-1							
1713	41	1	711	711	711	827	1445	-1	-1	-1	-1	-1	-1	-1	-1	-1	-1	-1	-1	-1	-1	-1							
1714	52	1	712	712	712	828	1446	-1	-1	-1	-1	-1	-1	-1	-1	-1	-1	-1	-1	-1	-1	-1							
1715	84	1	713	713	713	829	1447	-1	-1	-1	-1	-1	-1	-1	-1	-1	-1	-1	-1	-1	-1	-1							
1716	134	1	714	714	714	830	1448	-1	-1	-1	-1	-1	-1	-1	-1	-1	-1	-1	-1	-1	-1	-1							
1717	204	1	715	715	715	831	1449	-1	-1	-1	-1	-1	-1	-1	-1	-1	-1	-1	-1	-1	-1	-1							
1718	297	1	716	716	716	832	1450	-1	-1	-1	-1	-1	-1	-1	-1	-1	-1	-1	-1	-1	-1	-1							
1719	354	1	717	717	717	833	1451	-1	-1	-1	-1	-1	-1	-1	-1	-1	-1	-1	-1	-1	-1	-1							
1720	22	1	708	708	708	824	1442	-1	-1	-1	-1	-1	-1	-1	-1	-1	-1	-1	-1	-1	-1	-1							
1721	26	1	709	709	709	825	1443	-1	-1	-1	-1	-1	-1	-1	-1	-1	-1	-1	-1	-1	-1	-1							
1722	32	1	710	710	710	826	1444	-1	-1	-1	-1	-1	-1	-1	-1	-1	-1	-1	-1	-1	-1	-1							
1723	41	1	711	711	711	827	1445	-1	-1	-1	-1	-1	-1	-1	-1	-1	-1	-1	-1	-1	-1	-1							
1724	52	1	712	712	712	828	1446	-1	-1	-1	-1	-1	-1	-1	-1	-1	-1	-1	-1	-1	-1	-1							
1725	84	1	713	713	713	829	1447	-1	-1	-1	-1	-1	-1	-1	-1	-1	-1	-1	-1	-1	-1	-1							
1726	134	1	714	714	714	830	1448	-1	-1	-1	-1	-1	-1	-1	-1	-1	-1	-1	-1	-1	-1	-1							
1727	204	1	715	715	715	831	1449	-1	-1	-1	-1	-1	-1	-1	-1	-1	-1	-1	-1	-1	-1	-1							
1728	297	1	716	716	716	832	1450	-1	-1	-1	-1	-1	-1	-1	-1	-1	-1	-1	-1	-1	-1	-1							
1729	354	1	717	717	717	833	1451	-1	-1	-1	-1	-1	-1	-1	-1	-1	-1	-1	-1	-1	-1	-1							
1730	22	1	708	708	708	824	1442	-1	-1	-1	-1	-1	-1	-1	-1	-1	-1	-1	-1	-1	-1	-1							
1731	26	1	709	709	709	825	1443	-1	-1	-1	-1	-1	-1	-1	-1	-1	-1	-1	-1	-1	-1	-1							
1732	32	1	710	710	710	826	1444	-1	-1	-1	-1	-1	-1	-1	-1	-1	-1	-1	-1	-1	-1	-1							
1733	41	1	711	711	711	827	1445	-1	-1	-1	-1	-1	-1	-1	-1	-1	-1	-1	-1	-1	-1	-1							
1734	52	1	712	712	712	828	1446	-1	-1	-1	-1	-1	-1	-1	-1	-1	-1	-1	-1	-1	-1	-1							
1735	84	1	713	713	713	829	1447	-1	-1	-1	-1	-1	-1	-1	-1	-1	-1	-1	-1	-1	-1	-1							
1736	134	1	714	714	714	830	1448	-1	-1	-1	-1	-1	-1	-1	-1	-1	-1	-1	-1	-1	-1	-1							
1737	204	1	715	715	715	831	1449	-1	-1	-1	-1	-1	-1	-1	-1	-1	-1	-1	-1	-1	-1	-1							
1738	297	1	716	716	716	832	1450	-1	-1	-1	-1	-1	-1	-1	-1	-1	-1	-1	-1	-1	-1	-1							
1739	354	1	717	717	717	833	1451	-1	-1	-1	-1	-1	-1	-1	-1	-1	-1	-1	-1	-1	-1	-1							
1740	22	1	708	708	708	824	1442	-1	-1	-1	-1	-1	-1	-1	-1	-1	-1	-1	-1	-1	-1	-1							
1741	26	1	709	709	709	825	1443	-1	-1	-1	-1	-1	-1	-1	-1	-1	-1	-1	-1	-1	-1	-1							
1742	32	1	710	710	710	826	1444	-1	-1	-1	-1	-1	-1	-1	-1	-1	-1	-1	-1	-1	-1	-1							
1743	41	1	711	711	711	827	1445	-1	-1	-1	-1	-1	-1	-1	-1	-1	-1	-1	-1	-1	-1	-1							
1744	52	1	712	712	712	828	1446	-1	-1	-1	-1	-1	-1	-1	-1	-1	-1	-1	-1	-1	-1	-1							
1745	84	1	713	713	713	829	1447	-1	-1	-1	-1	-1	-1	-1	-1	-1	-1	-1	-1	-1	-1	-1							
1746	134	1	714	714	714	830	1448	-1	-1	-1	-1	-1	-1	-1	-1	-1	-1	-1	-1	-1	-1	-1							
1747	204	1	715	715	715	831	1449	-1	-1	-1	-1	-1	-1	-1	-1	-1	-1	-1	-1	-1	-1	-1							
1748	297	1	716	716	716	832	1450	-1	-1	-1	-1	-1	-1	-1	-1	-1	-1	-1	-1	-1	-1	-1							
1749	354	1	717	717	717	833	1451	-1	-1	-1	-1	-1	-1	-1	-1	-1	-1	-1	-1	-1	-1	-1							
1750	22	1	708	708	708	824	1442	-1	-1	-1	-1	-1	-1	-1	-1	-1	-1	-1	-1	-1	-1	-1							
1751	26	1	709	709	709	825	1443	-1	-1	-1	-1	-1	-1	-1	-1	-1	-1	-1	-1	-1	-1	-1							
1752	32	1	710	710	710	826	1444	-1	-1	-1	-1	-1	-1	-1	-1	-1	-1	-1	-1	-1	-1	-1							
1753	41	1	711	711	711	827	1445	-1	-1	-1	-1	-1	-1	-1	-1	-1	-1	-1	-1	-1	-1	-1							
1754	52	1	712	712	712	828	1446	-1	-1	-1	-1	-1	-1	-1	-1	-1	-1	-1	-1	-1	-1	-1							
1755	84	1	713	713	713	829	1447	-1	-1	-1	-1	-1	-1	-1	-1	-1	-1	-1	-1	-1	-1	-1							
1756	134	1	714	714	714	830	1448	-1	-1	-1	-1	-1	-1	-1	-1	-1	-1	-1	-1	-1	-1	-1							
1757	204	1	715	715	715	831	1449	-1	-1	-1	-1	-1	-1	-1	-1	-1	-1	-1	-1	-1	-1	-1							
1758	297	1	716	716	716	832	1450	-1	-1	-1	-1	-1	-1	-1	-1	-1	-1	-1	-1	-1	-1	-1							
1759	354	1	717	717	717	833	1451	-1	-1	-1	-1	-1	-1	-1	-1	-1	-1	-1	-1	-1	-1	-1							
1760	22	1	708	708	708	824	1442	-1	-1	-1	-1	-1	-1	-1	-1	-1	-1	-1	-1	-1	-1	-1							
1761	26	1	709	709	709	825	1443	-1	-1	-1	-1	-1	-1	-1	-1	-1	-1	-1	-1	-1	-1	-1							
1762	32	1	710	710	710	826	1444	-1	-1	-1	-1	-1	-1	-1	-1	-1	-1	-1	-1	-1	-1	-1							
1763	41	1	711	711	711	827	1445	-1	-1	-1	-1	-1	-1	-1	-1	-1	-1	-1	-1	-1	-1	-1							
1764	52	1	712	712	712	828	1446	-1	-1	-1	-1	-1	-1	-1	-1	-1	-1	-1	-1	-1	-1	-1							
1765	84	1	713	713	713	829	1447	-1	-1	-1	-1	-1	-1	-1	-1	-1	-1	-1	-1	-1	-1	-1							
1766	134	1	714	714	714	830	1448	-1	-1	-1	-1	-1	-1	-1	-1	-1	-1	-1	-1	-1	-1	-1							
1767	204	1	715	715	715	831	1449	-1	-1	-1	-1	-1	-1	-1	-1	-1	-1	-1	-1	-1	-1	-1							
1768	297	1	716	716	716	832	1450	-1	-1	-1	-1	-1	-1	-1	-1	-1	-1	-1	-1	-1	-1	-1							
1769	354	1	717	717	717	833	1451	-1	-1	-1	-1	-1	-1	-1	-1	-1	-1	-1	-1	-1	-1	-1							
1770	4	0	681	661	621	36	25	601	611	410	510	13	56	-1	-1	-1	-1	-1	-1	-1	-1	-1							
1771	5	0	682	662	622	37	26	602	612	420	520	14	57	-1	-1	-1	-1	-1	-1	-1	-1	-1							
1772	6	0	683	663	623	38	27	603	613	430	530	15	58	-1	-1	-1	-1	-1	-1	-1	-1	-1							
1773	8	0	684	664	624	39	28	604	614	440	540	16	59	-1	-1	-1	-1	-1	-1	-1	-1	-1							
1774	10	0	685	665	625	40	29	605	615	450	550	17	60	-1	-1	-1	-1	-1	-1	-1	-1	-1							
1775	16	0	686	666	626	41	30	606	616	460	560	18	61	-1	-1	-1	-1	-1	-1	-1	-1	-1							
1776	26	0	687	667	627	42	31	607	617	470	570	19	62	-1	-1	-1	-1	-1	-1	-1	-1	-1							
1777	41	0	688	668	628	43	32	608	618	480	580	20	63	-1	-1	-1	-1	-1	-1	-1	-1	-1							
1778	61	0	689	669	629	44	33	609	490	590	21	64	-1	-1	-1	-1	-1	-1	-1	-1	-1	-1							
1779	88	0	689	669	629	34	499	599	22	65	-1	-1	-1	-1	-1	-1	-1	-1	-1	-1	-1	-1							
1780	4	0	681	661	621	36	25	601	611	410	510	13	56	-1	-1	-1	-1	-1	-1	-1	-1	-1							
1781	5	0	682	662	622	37	26	602	612	420	520	14	57	-1	-1	-1	-1	-1	-1	-1	-1	-1							
1782	6	0	683	663	623	38	27	603	613	430	530	15	58	-1	-1	-1	-1	-1	-1	-1	-1	-1							
1783	8	0	684	664	624	39	28	604	614	440	540	16	59	-1	-1	-1	-1	-1	-1	-1	-1	-1							
1784	10	0	685	665	625	40	29	605	615	450	550	17	60	-1	-1	-1	-1	-1	-1	-1	-1	-1							
1785	16	0	686	666	626	41	30	606	616	460	560	18	61	-1	-1	-1	-1	-1	-1	-1	-1	-1							
1786	26	0	687	667	627	42	31	607	617	470	570	19	62	-1	-1	-1	-1	-1	-1	-1	-1	-1							
1787	41	0	688	668	628	43	32	608	618	480	580	20	63	-1	-1	-1	-1	-1	-1	-1	-1	-1							
1788	61	0	689	669	629	44	33	609	490	590	21	64	-1	-1	-1	-1	-1	-1	-1	-1	-1	-1							
1789	88	0	689	669	629	34	499	599	22	65	-1	-1	-1	-1	-1	-1	-1	-1	-1	-1	-1	-1							
1790	4	0	681	661	621	36	25	601	611	410	510	13	56	-1	-1	-1	-1	-1	-1	-1	-1	-1							
1791	5	0	682	662	622	37	26	602	612	420	520	14	57	-1	-1	-1	-1	-1	-1	-1	-1	-1							
1792	6	0	683	663	623	38	27	603	613	430	530	15	58	-1	-1	-1	-1	-1	-1	-1	-1	-1							
1793	8	0	684	664	624	39	28	604	614	440	540	16	59	-1	-1	-1	-1	-1	-1	-1	-1	-1							
1794	10	0	685	665	625	40	29	605	615	450	550	17	60	-1	-1	-1	-1	-1	-1	-1	-1	-1							
1795	16	0	686	666	626	41	30	606	616	460	560	18	61	-1	-1	-1	-1	-1	-1	-1	-1	-1							
1796	26	0	687	667	627	42	31	607	617	470	570	19	62	-1	-1	-1	-1	-1	-1	-1	-1	-1							
1797	41	0	688	668	628	43	32	608	618	480	580	20	63	-1	-1	-1	-1	-1	-1	-1	-1	-1							
1798	61	0	689	669	629	44	33	609	490	590	21	64	-1	-1	-1	-1	-1	-1	-1	-1	-1	-1							
1799	88	0	689	669	629	34	499	599	22	65	-1	-1	-1	-1	-1	-1	-1	-1	-1	-1	-1	-1							
1800	4	0	681	661	621	36	25	601	611	410	510	13	56	-1	-1	-1	-1	-1	-1	-1	-1	-1							
1801	5	0	682	662	622	37	26	602	612	420	520	14	57	-1	-1	-1	-1	-1	-1	-1	-1	-1							
1802	6	0	683	663	623	38	27	603	613	430	530	15	58	-1	-1	-1	-1	-1	-1	-1	-1	-1							
1803	8	0	684	664	624	39	28	604	614	440	540	16	59	-1	-1	-1	-1	-1	-1	-1	-1	-1							
1804	10	0	685	665	625	40	29	605	615	450	550	17	60	-1	-1	-1	-1	-1	-1	-1	-1	-1							
1805	16	0	686	666	626	41	30	606	616	460	560	18	61	-1	-1	-1	-1	-1	-1	-1	-1	-1							
1806	26	0	687	667	627	42	31	607	617	470	570	19	62	-1	-1	-1	-1	-1	-1	-1	-1	-1							
1807	41	0	688	668	628	43	32	608	618	480	580	20	63	-1	-1	-1	-1	-1	-1	-1	-1	-1							
1808	61	0	689	669	629	44	33	609	490	590	21	64	-1	-1	-1	-1	-1	-1	-1	-1	-1	-1							
1809	88	0	689	669	629	34	499	599	22	65	-1	-1	-1	-1	-1	-1	-1	-1	-1	-1	-1	-1							
1810	18	1	681	661	621	36	25	601	611	414	514	13	56	-1	-1	-1	-1	-1	-1	-1	-1	-1							
1811	22	1	682	662	622	37	26	602	612	424	524	14	57	-1	-1	-1	-1	-1	-1	-1	-1	-1							
1812	26	1	683	663	623	38	27	603	613	434	534	15	58	-1	-1	-1	-1	-1	-1	-1	-1	-1							
1813	32	1	684	664	624	39	28	604	614	444	544	16	59	-1	-1	-1	-1	-1	-1	-1	-1	-1							
1814	41	1	685	665	625	40	29	605	615	454	554	17	60	-1	-1	-1	-1	-1	-1	-1	-1	-1							
1815	66	1	686	666	626	41	30	606	616	464	564	18	61	-1	-1	-1	-1	-1	-1	-1	-1	-1							
1816	107	1	687	667	627	42	31	607	617	474	574	19	62	-1	-1	-1	-1	-1	-1	-1	-1	-1							
1817	166	1	688	668	628	43	32	608	618	484	584	20	63	-1	-1	-1	-1	-1	-1	-1	-1	-1							
1818	247	1	689	669	629	44	33	609	494	594	21	64	-1	-1	-1	-1	-1	-1	-1	-1	-1	-1							
1819	354	1	689	669	629	34	499	599	22	65	-1	-1	-1	-1	-1	-1	-1	-1	-1	-1	-1	-1							
1820	18	1	681	661	621	36	25	601	611	414	514	13	56	-1	-1	-1	-1	-1	-1	-1	-1	-1							
1821	22	1	682	662	622	37	26	602	612	424	524	14	57	-1	-1	-1	-1	-1	-1	-1	-1	-1							
1822	26	1	683	663	623	38	27	603	613	434	534	15	58	-1	-1	-1	-1	-1	-1	-1	-1	-1							
1823	32	1	684	664	624	39	28	604	614	444	544	16	59	-1	-1	-1	-1	-1	-1	-1	-1	-1							
1824	41	1	685	665	625	40	29	605	615	454	554	17	60	-1	-1	-1	-1	-1	-1	-1	-1	-1							
1825	66	1	686	666	626	41	30	606	616	464	564	18	61	-1	-1	-1	-1	-1	-1	-1	-1	-1							
1826	107	1	687	667	627	42	31	607	617	474	574	19	62	-1	-1	-1	-1	-1	-1	-1	-1	-1							
1827	166	1	688	668	628	43	32	608	618	484	584	20	63	-1	-1	-1	-1	-1	-1	-1	-1	-1							
1828	247	1	689	669	629	44	33	609	494	594	21	64	-1	-1	-1	-1	-1	-1	-1	-1	-1	-1							
1829	354	1	689	669	629	34	499	599	22	65	-1	-1	-1	-1	-1	-1	-1	-1	-1	-1	-1	-1							
1830	18	1	681	661	621	36	25	601	611	414	514	13	56	-1	-1	-1	-1	-1	-1	-1	-1	-1							
1831	22	1	682	662	622	37	26	602	612	424	524	14	57	-1	-1	-1	-1	-1	-1	-1	-1	-1							
1832	26	1	683	663	623	38	27	603	613	434	534	15	58	-1	-1	-1	-1	-1	-1	-1	-1	-1							
1833	32	1	684	664	624	39	28	604	614	444	544	16	59	-1	-1	-1	-1	-1	-1	-1	-1	-1							
1834	41	1	685	665	625	40	29	605	615	454	554	17	60	-1	-1	-1	-1	-1	-1	-1	-1	-1							
1835	66	1	686	666	626	41	30	606	616	464	564	18	61	-1	-1	-1	-1	-1	-1	-1	-1	-1							
1836	107	1	687	667	627	42	31	607	617	474	574	19	62	-1	-1	-1	-1	-1	-1	-1	-1	-1							
1837	166	1	688	668	628	43	32	608	618	484	584	20	63	-1	-1	-1	-1	-1	-1	-1	-1	-1							
1838	247	1	689	669	629	44	33	609	494	594	21	64	-1	-1	-1	-1	-1	-1	-1	-1	-1	-1							
1839	354	1	689	669	629	34	499	599	22	65	-1	-1	-1	-1	-1	-1	-1	-1	-1	-1	-1	-1							
1840	18	1	681	661	621	36	25	601	611	414	514	13	56	-1	-1	-1	-1	-1	-1	-1	-1	-1							
1841	22	1	682	662	622	37	26	602	612	424	524	14	57	-1	-1	-1	-1	-1	-1	-1	-1	-1							
1842	26	1	683	663	623	38	27	603	613	434	534	15	58	-1	-1	-1	-1	-1	-1	-1	-1	-1							
1843	32	1	684	664	624	39	28	604	614	444	544	16	59	-1	-1	-1	-1	-1	-1	-1	-1	-1							
1844	41	1	685	665	625	40	29	605	615	454	554	17	60	-1	-1	-1	-1	-1	-1	-1	-1	-1							
1845	66	1	686	666	626	41	30	606	616	464	564	18	61	-1	-1	-1	-1	-1	-1	-1	-1	-1							
1846	107	1	687	667	627	42	31	607	617	474	574	19	62	-1	-1	-1	-1	-1	-1	-1	-1	-1							
1847	166	1	688	668	628	43	32	608	618	484	584	20	63	-1	-1	-1	-1	-1	-1	-1	-1	-1							
1848	247	1	689	669	629	44	33	609	494	594	21	64	-1	-1	-1	-1	-1	-1	-1	-1	-1	-1							
1849	354	1	689	669	629	34	499	599	22	65	-1	-1	-1	-1	-1	-1	-1	-1	-1	-1	-1	-1							
#Danh co																													
1850	10	1	50030	50009	50004	50045	49999	50008	50024	50025	85020	-1																	
1851	10	1	50030	50009	50004	50045	49999	50008	50024	50025	85020	-1																	
1852	10	1	50030	50009	50004	50045	49999	50008	50024	50025	85020	-1																	
1853	10	1	50030	50009	50004	50045	49999	50008	50024	50025	85020	-1																	
1854	10	1	50030	50009	50004	50045	49999	50008	50024	50025	85020	-1																	
1855	10	1	50030	50009	50004	50045	49999	50008	50024	50025	85020	-1																	
1856	10	1	50030	50009	50004	50045	49999	50008	50024	50025	85020	-1																	
1857	60	1	50030	50009	50004	50045	49999	50008	50024	50025	85020	-1																	
1858	60	1	50030	50009	50004	50045	49999	50008	50024	50025	85020	-1																	
1859	60	1	50030	50009	50004	50045	49999	50008	50024	50025	85020	-1	-1																
1860	4	0	681	661	621	36	25	601	611	410	510	56	68	-1	-1	-1	-1	-1	-1	-1	-1	-1							
1861	5	0	682	662	622	37	26	602	612	420	520	57	69	-1	-1	-1	-1	-1	-1	-1	-1	-1							
1862	6	0	683	663	623	38	27	603	613	430	530	58	70	-1	-1	-1	-1	-1	-1	-1	-1	-1							
1863	8	0	684	664	624	39	28	604	614	440	540	59	71	-1	-1	-1	-1	-1	-1	-1	-1	-1							
1864	10	0	685	665	625	40	29	605	615	450	550	60	72	-1	-1	-1	-1	-1	-1	-1	-1	-1							
1865	16	0	686	666	626	41	30	606	616	460	560	61	73	-1	-1	-1	-1	-1	-1	-1	-1	-1							
1866	26	0	687	667	627	42	31	607	617	470	570	62	74	-1	-1	-1	-1	-1	-1	-1	-1	-1							
1867	41	0	688	668	628	43	32	608	618	480	580	63	75	-1	-1	-1	-1	-1	-1	-1	-1	-1							
1868	61	0	689	669	629	44	33	609	490	590	64	76	-1	-1	-1	-1	-1	-1	-1	-1	-1	-1							
1869	88	0	689	669	629	34	499	599	65	77	-1	-1	-1	-1	-1	-1	-1	-1	-1	-1	-1	-1							
1870	18	1	681	661	621	36	25	1442	611	414	514	56	68	312	-1	-1	-1	-1	-1	-1	-1	-1							
1871	22	1	682	662	622	37	26	1443	612	424	524	57	69	312	-1	-1	-1	-1	-1	-1	-1	-1							
1872	26	1	683	663	623	38	27	1444	613	434	534	58	70	312	-1	-1	-1	-1	-1	-1	-1	-1							
1873	32	1	684	664	624	39	28	1445	614	444	544	59	71	312	-1	-1	-1	-1	-1	-1	-1	-1							
1874	41	1	685	665	625	40	29	1446	615	454	554	60	72	312	-1	-1	-1	-1	-1	-1	-1	-1							
1875	66	1	686	666	626	41	30	1447	616	464	564	61	73	312	-1	-1	-1	-1	-1	-1	-1	-1							
1876	107	1	687	667	627	42	31	1448	617	474	574	62	74	312	-1	-1	-1	-1	-1	-1	-1	-1							
1877	166	1	688	668	628	43	32	1449	618	484	584	63	75	312	-1	-1	-1	-1	-1	-1	-1	-1							
1878	247	1	689	669	629	44	33	1450	494	594	64	76	312	-1	-1	-1	-1	-1	-1	-1	-1	-1							
1879	354	1	689	669	629	34	1451	499	599	65	77	312	-1	-1	-1	-1	-1	-1	-1	-1	-1	-1							
1880	0	0	680	660	620	35	-1	-1	-1	-1	-1	-1	-1	-1	-1	-1	-1	-1	-1	-1	-1	-1							
1881	0	0	680	660	620	35	-1	-1	-1	-1	-1	-1	-1	-1	-1	-1	-1	-1	-1	-1	-1	-1							
1882	0	0	680	660	620	35	-1	-1	-1	-1	-1	-1	-1	-1	-1	-1	-1	-1	-1	-1	-1	-1							
1883	0	0	680	660	620	35	-1	-1	-1	-1	-1	-1	-1	-1	-1	-1	-1	-1	-1	-1	-1	-1							
1884	0	0	680	660	620	35	-1	-1	-1	-1	-1	-1	-1	-1	-1	-1	-1	-1	-1	-1	-1	-1							
1885	0	0	680	660	620	35	-1	-1	-1	-1	-1	-1	-1	-1	-1	-1	-1	-1	-1	-1	-1	-1							
1886	0	0	680	660	620	35	-1	-1	-1	-1	-1	-1	-1	-1	-1	-1	-1	-1	-1	-1	-1	-1							
1887	0	0	680	660	620	35	-1	-1	-1	-1	-1	-1	-1	-1	-1	-1	-1	-1	-1	-1	-1	-1							
1888	0	0	680	660	620	35	-1	-1	-1	-1	-1	-1	-1	-1	-1	-1	-1	-1	-1	-1	-1	-1							
1889	0	0	680	660	620	35	-1	-1	-1	-1	-1	-1	-1	-1	-1	-1	-1	-1	-1	-1	-1	-1							
1890	0	0	680	660	620	35	-1	-1	-1	-1	-1	-1	-1	-1	-1	-1	-1	-1	-1	-1	-1	-1							
1891	0	0	680	660	620	35	-1	-1	-1	-1	-1	-1	-1	-1	-1	-1	-1	-1	-1	-1	-1	-1							
1892	0	0	680	660	620	35	-1	-1	-1	-1	-1	-1	-1	-1	-1	-1	-1	-1	-1	-1	-1	-1							
1893	0	0	680	660	620	35	-1	-1	-1	-1	-1	-1	-1	-1	-1	-1	-1	-1	-1	-1	-1	-1							
1894	0	0	680	660	620	35	-1	-1	-1	-1	-1	-1	-1	-1	-1	-1	-1	-1	-1	-1	-1	-1							
1895	0	0	680	660	620	35	-1	-1	-1	-1	-1	-1	-1	-1	-1	-1	-1	-1	-1	-1	-1	-1							
1896	0	0	680	660	620	35	-1	-1	-1	-1	-1	-1	-1	-1	-1	-1	-1	-1	-1	-1	-1	-1							
1897	0	0	680	660	620	35	-1	-1	-1	-1	-1	-1	-1	-1	-1	-1	-1	-1	-1	-1	-1	-1							
1898	0	0	680	660	620	35	-1	-1	-1	-1	-1	-1	-1	-1	-1	-1	-1	-1	-1	-1	-1	-1							
1899	0	0	680	660	620	35	-1	-1	-1	-1	-1	-1	-1	-1	-1	-1	-1	-1	-1	-1	-1	-1							
2390	1	1	12	-1	-1	-1	-1	-1	-1	-1	-1	-1	-1	-1	-1	-1	-1	-1	-1	-1	-1	-1							
2391	2	1	13	-1	-1	-1	-1	-1	-1	-1	-1	-1	-1	-1	-1	-1	-1	-1	-1	-1	-1	-1							
2392	3	1	14	-1	-1	-1	-1	-1	-1	-1	-1	-1	-1	-1	-1	-1	-1	-1	-1	-1	-1	-1							
2393	4	1	15	-1	-1	-1	-1	-1	-1	-1	-1	-1	-1	-1	-1	-1	-1	-1	-1	-1	-1	-1							
2394	5	1	16	-1	-1	-1	-1	-1	-1	-1	-1	-1	-1	-1	-1	-1	-1	-1	-1	-1	-1	-1							
2395	6	1	17	-1	-1	-1	-1	-1	-1	-1	-1	-1	-1	-1	-1	-1	-1	-1	-1	-1	-1	-1							
2396	7	1	18	-1	-1	-1	-1	-1	-1	-1	-1	-1	-1	-1	-1	-1	-1	-1	-1	-1	-1	-1							
2397	8	1	19	-1	-1	-1	-1	-1	-1	-1	-1	-1	-1	-1	-1	-1	-1	-1	-1	-1	-1	-1							
2398	9	1	20	-1	-1	-1	-1	-1	-1	-1	-1	-1	-1	-1	-1	-1	-1	-1	-1	-1	-1	-1							
2399	10	1	21	-1	-1	-1	-1	-1	-1	-1	-1	-1	-1	-1	-1	-1	-1	-1	-1	-1	-1	-1							
2490	22	1	708	-1	-1	-1	-1	-1	-1	-1	-1	-1	-1	-1	-1	-1	-1	-1	-1	-1	-1	-1							
2491	26	1	709	-1	-1	-1	-1	-1	-1	-1	-1	-1	-1	-1	-1	-1	-1	-1	-1	-1	-1	-1							
2492	32	1	710	-1	-1	-1	-1	-1	-1	-1	-1	-1	-1	-1	-1	-1	-1	-1	-1	-1	-1	-1							
2493	41	1	711	-1	-1	-1	-1	-1	-1	-1	-1	-1	-1	-1	-1	-1	-1	-1	-1	-1	-1	-1							
2494	52	1	712	-1	-1	-1	-1	-1	-1	-1	-1	-1	-1	-1	-1	-1	-1	-1	-1	-1	-1	-1							
2495	84	1	713	-1	-1	-1	-1	-1	-1	-1	-1	-1	-1	-1	-1	-1	-1	-1	-1	-1	-1	-1							
2496	134	1	714	-1	-1	-1	-1	-1	-1	-1	-1	-1	-1	-1	-1	-1	-1	-1	-1	-1	-1	-1							
2497	204	1	715	-1	-1	-1	-1	-1	-1	-1	-1	-1	-1	-1	-1	-1	-1	-1	-1	-1	-1	-1							
2498	297	1	716	-1	-1	-1	-1	-1	-1	-1	-1	-1	-1	-1	-1	-1	-1	-1	-1	-1	-1	-1							
2499	354	1	717	-1	-1	-1	-1	-1	-1	-1	-1	-1	-1	-1	-1	-1	-1	-1	-1	-1	-1	-1							
2510	22	0	681	661	621	36	25	601	611	410	510	13	56	-1	-1	-1	-1	-1	-1	-1	-1	-1							
2511	26	0	682	662	622	37	26	602	612	420	520	14	57	-1	-1	-1	-1	-1	-1	-1	-1	-1							
2512	32	0	683	663	623	38	27	603	613	430	530	15	58	-1	-1	-1	-1	-1	-1	-1	-1	-1							
2513	41	0	684	664	624	39	28	604	614	440	540	16	59	-1	-1	-1	-1	-1	-1	-1	-1	-1							
2514	52	0	685	665	625	40	29	605	615	450	550	17	60	-1	-1	-1	-1	-1	-1	-1	-1	-1							
2515	84	0	686	666	626	41	30	606	616	460	560	18	61	-1	-1	-1	-1	-1	-1	-1	-1	-1							
2516	134	0	687	667	627	42	31	607	617	470	570	19	62	-1	-1	-1	-1	-1	-1	-1	-1	-1							
2517	204	0	688	668	628	43	32	608	618	480	580	20	63	-1	-1	-1	-1	-1	-1	-1	-1	-1							
2518	297	0	689	669	629	44	33	609	490	590	21	64	-1	-1	-1	-1	-1	-1	-1	-1	-1	-1							
2519	354	0	689	669	629	34	499	599	22	65	-1	-1	-1	-1	-1	-1	-1	-1	-1	-1	-1	-1							
2520	22	1	681	661	621	36	25	601	611	410	510	13	56	-1	-1	-1	-1	-1	-1	-1	-1	-1							
2521	26	1	682	662	622	37	26	602	612	420	520	14	57	-1	-1	-1	-1	-1	-1	-1	-1	-1							
2522	32	1	683	663	623	38	27	603	613	430	530	15	58	-1	-1	-1	-1	-1	-1	-1	-1	-1							
2523	41	1	684	664	624	39	28	604	614	440	540	16	59	-1	-1	-1	-1	-1	-1	-1	-1	-1							
2524	52	1	685	665	625	40	29	605	615	450	550	17	60	-1	-1	-1	-1	-1	-1	-1	-1	-1							
2525	84	1	686	666	626	41	30	606	616	460	560	18	61	-1	-1	-1	-1	-1	-1	-1	-1	-1							
2526	134	1	687	667	627	42	31	607	617	470	570	19	62	-1	-1	-1	-1	-1	-1	-1	-1	-1							
2527	204	1	688	668	628	43	32	608	618	480	580	20	63	-1	-1	-1	-1	-1	-1	-1	-1	-1							
2528	297	1	689	669	629	44	33	609	490	590	21	64	-1	-1	-1	-1	-1	-1	-1	-1	-1	-1							
2529	354	1	689	669	629	34	499	599	22	65	-1	-1	-1	-1	-1	-1	-1	-1	-1	-1	-1	-1							
2530	10	1	792	803	813	823	1442	-1	-1	-1	-1	-1	-1	-1	-1	-1	-1	-1	-1	-1	-1	-1							
2531	10	1	792	804	814	823	1443	-1	-1	-1	-1	-1	-1	-1	-1	-1	-1	-1	-1	-1	-1	-1							
2532	10	1	792	805	815	823	1444	-1	-1	-1	-1	-1	-1	-1	-1	-1	-1	-1	-1	-1	-1	-1							
#Kinh ho phi thuy dau linh
2533	10	1	792	806	816	823	1445	1705	50024	50025	50030	50004	-1	-1	-1	-1	-1	-1	-1	-1	-1	-1							
2534	10	1	792	807	817	823	1446	1706	50024	50025	50030	50004	-1	-1	-1	-1	-1	-1	-1	-1	-1	-1							
2535	10	1	792	808	818	823	1447	1707	50024	50025	50030	50004	-1	-1	-1	-1	-1	-1	-1	-1	-1	-1							
2536	10	1	792	809	819	823	1448	1708	50024	50025	50030	50004	-1	-1	-1	-1	-1	-1	-1	-1	-1	-1							
2537	10	1	792	810	820	823	1449	1709	50024	50025	50030	50004	-1	-1	-1	-1	-1	-1	-1	-1	-1	-1							
2538	10	1	792	811	821	823	1450	1710	50024	50025	50030	50004	-1	-1	-1	-1	-1	-1	-1	-1	-1	-1							
2539	50	1	792	812	822	823	1451	1704	50024	50025	50030	50004	-1	-1	-1	-1	-1	-1	-1	-1	-1	-1							
2561	100	1	90026	3005	50006	50030	50046	50047	50048	1923	50034	-1	-1	-1	-1	-1	-1	-1	-1	-1	-1	-1							
3000	5	0	1220	1230	1240	1280	1200	-1	-1	-1	-1	-1	-1	-1	-1	-1	-1	-1	-1	-1	-1	-1							
3001	5	0	1220	1230	1240	1280	1200	-1	-1	-1	-1	-1	-1	-1	-1	-1	-1	-1	-1	-1	-1	-1							
3009	5	0	1220	1230	1240	1280	1200	-1	-1	-1	-1	-1	-1	-1	-1	-1	-1	-1	-1	-1	-1	-1							
3010	5	0	1220	1230	1240	1280	1200	-1	-1	-1	-1	-1	-1	-1	-1	-1	-1	-1	-1	-1	-1	-1							
3011	5	0	1220	1230	1240	1280	1200	-1	-1	-1	-1	-1	-1	-1	-1	-1	-1	-1	-1	-1	-1	-1							
3019	5	0	1220	1230	1240	1280	1200	-1	-1	-1	-1	-1	-1	-1	-1	-1	-1	-1	-1	-1	-1	-1							
3020	5	0	1220	1230	1240	1280	1200	-1	-1	-1	-1	-1	-1	-1	-1	-1	-1	-1	-1	-1	-1	-1							
3021	5	0	1220	1230	1240	1280	1200	-1	-1	-1	-1	-1	-1	-1	-1	-1	-1	-1	-1	-1	-1	-1							
3029	5	0	1220	1230	1240	1280	1200	-1	-1	-1	-1	-1	-1	-1	-1	-1	-1	-1	-1	-1	-1	-1							
3030	15	0	1221	1231	1241	1251	1271	1281	1200	-1	-1	-1	-1	-1	-1	-1	-1	-1	-1	-1	-1	-1							
3031	15	0	1221	1231	1241	1251	1271	1281	1200	-1	-1	-1	-1	-1	-1	-1	-1	-1	-1	-1	-1	-1							
3039	15	0	1221	1231	1241	1251	1271	1281	1200	-1	-1	-1	-1	-1	-1	-1	-1	-1	-1	-1	-1	-1							
3040	15	0	1221	1231	1241	1251	1271	1281	1200	-1	-1	-1	-1	-1	-1	-1	-1	-1	-1	-1	-1	-1							
3041	15	0	1221	1231	1241	1251	1271	1281	1200	-1	-1	-1	-1	-1	-1	-1	-1	-1	-1	-1	-1	-1							
3049	15	0	1221	1231	1241	1251	1271	1281	1200	-1	-1	-1	-1	-1	-1	-1	-1	-1	-1	-1	-1	-1							
3050	15	0	1221	1231	1241	1251	1271	1281	1200	-1	-1	-1	-1	-1	-1	-1	-1	-1	-1	-1	-1	-1							
3051	15	0	1221	1231	1241	1251	1271	1281	1200	-1	-1	-1	-1	-1	-1	-1	-1	-1	-1	-1	-1	-1							
3059	15	0	1221	1231	1241	1251	1271	1281	1200	-1	-1	-1	-1	-1	-1	-1	-1	-1	-1	-1	-1	-1							
3060	25	0	1222	1232	1242	1252	1272	1282	-1	-1	-1	-1	-1	-1	-1	-1	-1	-1	-1	-1	-1	-1							
3061	25	0	1222	1232	1242	1252	1272	1282	-1	-1	-1	-1	-1	-1	-1	-1	-1	-1	-1	-1	-1	-1							
3062	25	0	1222	1232	1242	1252	1272	1282	-1	-1	-1	-1	-1	-1	-1	-1	-1	-1	-1	-1	-1	-1							
3069	25	0	1222	1232	1242	1252	1272	1282	-1	-1	-1	-1	-1	-1	-1	-1	-1	-1	-1	-1	-1	-1							
3070	25	0	1222	1232	1242	1252	1272	1282	-1	-1	-1	-1	-1	-1	-1	-1	-1	-1	-1	-1	-1	-1							
3071	25	0	1222	1232	1242	1252	1272	1282	-1	-1	-1	-1	-1	-1	-1	-1	-1	-1	-1	-1	-1	-1							
3072	25	0	1222	1232	1242	1252	1272	1282	-1	-1	-1	-1	-1	-1	-1	-1	-1	-1	-1	-1	-1	-1							
3079	25	0	1222	1232	1242	1252	1272	1282	-1	-1	-1	-1	-1	-1	-1	-1	-1	-1	-1	-1	-1	-1							
3080	25	0	1222	1232	1242	1252	1272	1282	-1	-1	-1	-1	-1	-1	-1	-1	-1	-1	-1	-1	-1	-1							
3081	25	0	1222	1232	1242	1252	1272	1282	-1	-1	-1	-1	-1	-1	-1	-1	-1	-1	-1	-1	-1	-1							
3082	25	0	1222	1232	1242	1252	1272	1282	-1	-1	-1	-1	-1	-1	-1	-1	-1	-1	-1	-1	-1	-1							
3089	25	0	1222	1232	1242	1252	1272	1282	-1	-1	-1	-1	-1	-1	-1	-1	-1	-1	-1	-1	-1	-1							
3090	35	0	1223	1233	1243	1253	1273	1283	-1	-1	-1	-1	-1	-1	-1	-1	-1	-1	-1	-1	-1	-1							
3091	35	0	1223	1233	1243	1253	1273	1283	-1	-1	-1	-1	-1	-1	-1	-1	-1	-1	-1	-1	-1	-1							
3092	35	0	1223	1233	1243	1253	1273	1283	-1	-1	-1	-1	-1	-1	-1	-1	-1	-1	-1	-1	-1	-1							
3099	35	0	1223	1233	1243	1253	1273	1283	-1	-1	-1	-1	-1	-1	-1	-1	-1	-1	-1	-1	-1	-1							
3100	35	0	1223	1233	1243	1253	1273	1283	-1	-1	-1	-1	-1	-1	-1	-1	-1	-1	-1	-1	-1	-1							
3101	35	0	1223	1233	1243	1253	1273	1283	-1	-1	-1	-1	-1	-1	-1	-1	-1	-1	-1	-1	-1	-1							
3102	35	0	1223	1233	1243	1253	1273	1283	-1	-1	-1	-1	-1	-1	-1	-1	-1	-1	-1	-1	-1	-1							
3109	35	0	1223	1233	1243	1253	1273	1283	-1	-1	-1	-1	-1	-1	-1	-1	-1	-1	-1	-1	-1	-1							
3110	35	0	1223	1233	1243	1253	1273	1283	-1	-1	-1	-1	-1	-1	-1	-1	-1	-1	-1	-1	-1	-1							
3111	35	0	1223	1233	1243	1253	1273	1283	-1	-1	-1	-1	-1	-1	-1	-1	-1	-1	-1	-1	-1	-1							
3112	35	0	1223	1233	1243	1253	1273	1283	-1	-1	-1	-1	-1	-1	-1	-1	-1	-1	-1	-1	-1	-1							
3119	35	0	1223	1233	1243	1253	1273	1283	-1	-1	-1	-1	-1	-1	-1	-1	-1	-1	-1	-1	-1	-1							
3120	35	0	1223	1233	1243	1253	1273	1283	-1	-1	-1	-1	-1	-1	-1	-1	-1	-1	-1	-1	-1	-1							
3121	35	0	1223	1233	1243	1253	1273	1283	-1	-1	-1	-1	-1	-1	-1	-1	-1	-1	-1	-1	-1	-1							
3122	35	0	1223	1233	1243	1253	1273	1283	-1	-1	-1	-1	-1	-1	-1	-1	-1	-1	-1	-1	-1	-1							
3129	35	0	1223	1233	1243	1253	1273	1283	-1	-1	-1	-1	-1	-1	-1	-1	-1	-1	-1	-1	-1	-1							
3130	45	0	1224	1234	1244	1254	1274	1284	-1	-1	-1	-1	-1	-1	-1	-1	-1	-1	-1	-1	-1	-1							
3131	45	0	1224	1234	1244	1254	1274	1284	-1	-1	-1	-1	-1	-1	-1	-1	-1	-1	-1	-1	-1	-1							
3132	45	0	1224	1234	1244	1254	1274	1284	-1	-1	-1	-1	-1	-1	-1	-1	-1	-1	-1	-1	-1	-1							
3133	45	0	1224	1234	1244	1254	1274	1284	-1	-1	-1	-1	-1	-1	-1	-1	-1	-1	-1	-1	-1	-1							
3139	45	0	1224	1234	1244	1254	1274	1284	-1	-1	-1	-1	-1	-1	-1	-1	-1	-1	-1	-1	-1	-1							
3140	45	0	1224	1234	1244	1254	1274	1284	-1	-1	-1	-1	-1	-1	-1	-1	-1	-1	-1	-1	-1	-1							
3141	45	0	1224	1234	1244	1254	1274	1284	-1	-1	-1	-1	-1	-1	-1	-1	-1	-1	-1	-1	-1	-1							
3142	45	0	1224	1234	1244	1254	1274	1284	-1	-1	-1	-1	-1	-1	-1	-1	-1	-1	-1	-1	-1	-1							
3143	45	0	1224	1234	1244	1254	1274	1284	-1	-1	-1	-1	-1	-1	-1	-1	-1	-1	-1	-1	-1	-1							
3149	45	0	1224	1234	1244	1254	1274	1284	-1	-1	-1	-1	-1	-1	-1	-1	-1	-1	-1	-1	-1	-1							
3150	45	0	1224	1234	1244	1254	1274	1284	-1	-1	-1	-1	-1	-1	-1	-1	-1	-1	-1	-1	-1	-1							
3151	45	0	1224	1234	1244	1254	1274	1284	-1	-1	-1	-1	-1	-1	-1	-1	-1	-1	-1	-1	-1	-1							
3152	45	0	1224	1234	1244	1254	1274	1284	-1	-1	-1	-1	-1	-1	-1	-1	-1	-1	-1	-1	-1	-1							
3153	45	0	1224	1234	1244	1254	1274	1284	-1	-1	-1	-1	-1	-1	-1	-1	-1	-1	-1	-1	-1	-1							
3159	45	0	1224	1234	1244	1254	1274	1284	-1	-1	-1	-1	-1	-1	-1	-1	-1	-1	-1	-1	-1	-1							
3160	45	0	1224	1234	1244	1254	1274	1284	-1	-1	-1	-1	-1	-1	-1	-1	-1	-1	-1	-1	-1	-1							
3161	45	0	1224	1234	1244	1254	1274	1284	-1	-1	-1	-1	-1	-1	-1	-1	-1	-1	-1	-1	-1	-1							
3162	45	0	1224	1234	1244	1254	1274	1284	-1	-1	-1	-1	-1	-1	-1	-1	-1	-1	-1	-1	-1	-1							
3163	45	0	1224	1234	1244	1254	1274	1284	-1	-1	-1	-1	-1	-1	-1	-1	-1	-1	-1	-1	-1	-1							
3169	45	0	1224	1234	1244	1254	1274	1284	-1	-1	-1	-1	-1	-1	-1	-1	-1	-1	-1	-1	-1	-1							
3170	55	0	1225	1235	1245	1255	1265	1275	1285	1878	-1	-1	-1	-1	-1	-1	-1	-1	-1	-1	-1	-1							
3171	55	0	1225	1235	1245	1255	1265	1275	1285	1878	-1	-1	-1	-1	-1	-1	-1	-1	-1	-1	-1	-1							
3172	55	0	1225	1235	1245	1255	1265	1275	1285	1878	-1	-1	-1	-1	-1	-1	-1	-1	-1	-1	-1	-1							
3173	55	0	1225	1235	1245	1255	1265	1275	1285	1878	-1	-1	-1	-1	-1	-1	-1	-1	-1	-1	-1	-1							
3174	55	0	1225	1235	1245	1255	1265	1275	1285	1878	-1	-1	-1	-1	-1	-1	-1	-1	-1	-1	-1	-1							
3179	55	0	1225	1235	1245	1255	1265	1275	1285	1878	-1	-1	-1	-1	-1	-1	-1	-1	-1	-1	-1	-1							
3180	55	0	1225	1235	1245	1255	1265	1275	1285	1878	-1	-1	-1	-1	-1	-1	-1	-1	-1	-1	-1	-1							
3181	55	0	1225	1235	1245	1255	1265	1275	1285	1878	-1	-1	-1	-1	-1	-1	-1	-1	-1	-1	-1	-1							
3182	55	0	1225	1235	1245	1255	1265	1275	1285	1878	-1	-1	-1	-1	-1	-1	-1	-1	-1	-1	-1	-1							
3183	55	0	1225	1235	1245	1255	1265	1275	1285	1878	-1	-1	-1	-1	-1	-1	-1	-1	-1	-1	-1	-1							
3184	55	0	1225	1235	1245	1255	1265	1275	1285	1878	-1	-1	-1	-1	-1	-1	-1	-1	-1	-1	-1	-1							
3189	55	0	1225	1235	1245	1255	1265	1275	1285	1878	-1	-1	-1	-1	-1	-1	-1	-1	-1	-1	-1	-1							
3190	55	0	1225	1235	1245	1255	1265	1275	1285	1878	-1	-1	-1	-1	-1	-1	-1	-1	-1	-1	-1	-1							
3191	55	0	1225	1235	1245	1255	1265	1275	1285	1878	-1	-1	-1	-1	-1	-1	-1	-1	-1	-1	-1	-1							
3192	55	0	1225	1235	1245	1255	1265	1275	1285	1878	-1	-1	-1	-1	-1	-1	-1	-1	-1	-1	-1	-1							
3193	55	0	1225	1235	1245	1255	1265	1275	1285	1878	-1	-1	-1	-1	-1	-1	-1	-1	-1	-1	-1	-1							
3194	55	0	1225	1235	1245	1255	1265	1275	1285	1878	-1	-1	-1	-1	-1	-1	-1	-1	-1	-1	-1	-1							
3199	55	0	1225	1235	1245	1255	1265	1275	1285	1878	-1	-1	-1	-1	-1	-1	-1	-1	-1	-1	-1	-1							
3200	55	0	1225	1235	1245	1255	1265	1275	1285	1878	-1	-1	-1	-1	-1	-1	-1	-1	-1	-1	-1	-1							
3201	55	0	1225	1235	1245	1255	1265	1275	1285	1878	-1	-1	-1	-1	-1	-1	-1	-1	-1	-1	-1	-1							
3202	55	0	1225	1235	1245	1255	1265	1275	1285	1878	-1	-1	-1	-1	-1	-1	-1	-1	-1	-1	-1	-1							
3203	55	0	1225	1235	1245	1255	1265	1275	1285	1878	-1	-1	-1	-1	-1	-1	-1	-1	-1	-1	-1	-1							
3204	55	0	1225	1235	1245	1255	1265	1275	1285	1878	-1	-1	-1	-1	-1	-1	-1	-1	-1	-1	-1	-1							
3209	55	0	1225	1235	1245	1255	1265	1275	1285	1878	-1	-1	-1	-1	-1	-1	-1	-1	-1	-1	-1	-1							
3210	65	0	1226	1236	1246	1256	1266	1276	1286	1879	-1	-1	-1	-1	-1	-1	-1	-1	-1	-1	-1	-1							
3211	65	0	1226	1236	1246	1256	1266	1276	1286	1879	-1	-1	-1	-1	-1	-1	-1	-1	-1	-1	-1	-1							
3212	65	0	1226	1236	1246	1256	1266	1276	1286	1879	-1	-1	-1	-1	-1	-1	-1	-1	-1	-1	-1	-1							
3213	65	0	1226	1236	1246	1256	1266	1276	1286	1879	-1	-1	-1	-1	-1	-1	-1	-1	-1	-1	-1	-1							
3214	65	0	1226	1236	1246	1256	1266	1276	1286	1879	-1	-1	-1	-1	-1	-1	-1	-1	-1	-1	-1	-1							
3215	65	0	1226	1236	1246	1256	1266	1276	1286	1879	-1	-1	-1	-1	-1	-1	-1	-1	-1	-1	-1	-1							
3219	65	0	1226	1236	1246	1256	1266	1276	1286	1879	-1	-1	-1	-1	-1	-1	-1	-1	-1	-1	-1	-1							
3220	65	0	1226	1236	1246	1256	1266	1276	1286	1879	-1	-1	-1	-1	-1	-1	-1	-1	-1	-1	-1	-1							
3221	65	0	1226	1236	1246	1256	1266	1276	1286	1879	-1	-1	-1	-1	-1	-1	-1	-1	-1	-1	-1	-1							
3222	65	0	1226	1236	1246	1256	1266	1276	1286	1879	-1	-1	-1	-1	-1	-1	-1	-1	-1	-1	-1	-1							
3223	65	0	1226	1236	1246	1256	1266	1276	1286	1879	-1	-1	-1	-1	-1	-1	-1	-1	-1	-1	-1	-1							
3224	65	0	1226	1236	1246	1256	1266	1276	1286	1879	-1	-1	-1	-1	-1	-1	-1	-1	-1	-1	-1	-1							
3225	65	0	1226	1236	1246	1256	1266	1276	1286	1879	-1	-1	-1	-1	-1	-1	-1	-1	-1	-1	-1	-1							
3229	65	0	1226	1236	1246	1256	1266	1276	1286	1879	-1	-1	-1	-1	-1	-1	-1	-1	-1	-1	-1	-1							
3230	65	0	1226	1236	1246	1256	1266	1276	1286	1879	-1	-1	-1	-1	-1	-1	-1	-1	-1	-1	-1	-1							
3231	65	0	1226	1236	1246	1256	1266	1276	1286	1879	-1	-1	-1	-1	-1	-1	-1	-1	-1	-1	-1	-1							
3232	65	0	1226	1236	1246	1256	1266	1276	1286	1879	-1	-1	-1	-1	-1	-1	-1	-1	-1	-1	-1	-1							
3233	65	0	1226	1236	1246	1256	1266	1276	1286	1879	-1	-1	-1	-1	-1	-1	-1	-1	-1	-1	-1	-1							
3234	65	0	1226	1236	1246	1256	1266	1276	1286	1879	-1	-1	-1	-1	-1	-1	-1	-1	-1	-1	-1	-1							
3235	65	0	1226	1236	1246	1256	1266	1276	1286	1879	-1	-1	-1	-1	-1	-1	-1	-1	-1	-1	-1	-1							
3239	65	0	1226	1236	1246	1256	1266	1276	1286	1879	-1	-1	-1	-1	-1	-1	-1	-1	-1	-1	-1	-1							
3240	65	0	1226	1236	1246	1256	1266	1276	1286	1879	-1	-1	-1	-1	-1	-1	-1	-1	-1	-1	-1	-1							
3241	65	0	1226	1236	1246	1256	1266	1276	1286	1879	-1	-1	-1	-1	-1	-1	-1	-1	-1	-1	-1	-1							
3242	65	0	1226	1236	1246	1256	1266	1276	1286	1879	-1	-1	-1	-1	-1	-1	-1	-1	-1	-1	-1	-1							
3243	65	0	1226	1236	1246	1256	1266	1276	1286	1879	-1	-1	-1	-1	-1	-1	-1	-1	-1	-1	-1	-1							
3244	65	0	1226	1236	1246	1256	1266	1276	1286	1879	-1	-1	-1	-1	-1	-1	-1	-1	-1	-1	-1	-1							
3245	65	0	1226	1236	1246	1256	1266	1276	1286	1879	-1	-1	-1	-1	-1	-1	-1	-1	-1	-1	-1	-1							
3249	65	0	1226	1236	1246	1256	1266	1276	1286	1879	-1	-1	-1	-1	-1	-1	-1	-1	-1	-1	-1	-1							
3250	75	0	1227	1237	1247	1257	1267	1277	1287	1880	-1	-1	-1	-1	-1	-1	-1	-1	-1	-1	-1	-1							
3251	75	0	1227	1237	1247	1257	1267	1277	1287	1880	-1	-1	-1	-1	-1	-1	-1	-1	-1	-1	-1	-1							
3252	75	0	1227	1237	1247	1257	1267	1277	1287	1880	-1	-1	-1	-1	-1	-1	-1	-1	-1	-1	-1	-1							
3253	75	0	1227	1237	1247	1257	1267	1277	1287	1880	-1	-1	-1	-1	-1	-1	-1	-1	-1	-1	-1	-1							
3254	75	0	1227	1237	1247	1257	1267	1277	1287	1880	-1	-1	-1	-1	-1	-1	-1	-1	-1	-1	-1	-1							
3255	75	0	1227	1237	1247	1257	1267	1277	1287	1880	-1	-1	-1	-1	-1	-1	-1	-1	-1	-1	-1	-1							
3256	75	0	1227	1237	1247	1257	1267	1277	1287	1880	-1	-1	-1	-1	-1	-1	-1	-1	-1	-1	-1	-1							
3259	75	0	1227	1237	1247	1257	1267	1277	1287	1880	-1	-1	-1	-1	-1	-1	-1	-1	-1	-1	-1	-1							
3260	75	0	1227	1237	1247	1257	1267	1277	1287	1880	-1	-1	-1	-1	-1	-1	-1	-1	-1	-1	-1	-1							
3261	75	0	1227	1237	1247	1257	1267	1277	1287	1880	-1	-1	-1	-1	-1	-1	-1	-1	-1	-1	-1	-1							
3262	75	0	1227	1237	1247	1257	1267	1277	1287	1880	-1	-1	-1	-1	-1	-1	-1	-1	-1	-1	-1	-1							
3263	75	0	1227	1237	1247	1257	1267	1277	1287	1880	-1	-1	-1	-1	-1	-1	-1	-1	-1	-1	-1	-1							
3264	75	0	1227	1237	1247	1257	1267	1277	1287	1880	-1	-1	-1	-1	-1	-1	-1	-1	-1	-1	-1	-1							
3265	75	0	1227	1237	1247	1257	1267	1277	1287	1880	-1	-1	-1	-1	-1	-1	-1	-1	-1	-1	-1	-1							
3266	75	0	1227	1237	1247	1257	1267	1277	1287	1880	-1	-1	-1	-1	-1	-1	-1	-1	-1	-1	-1	-1							
3269	75	0	1227	1237	1247	1257	1267	1277	1287	1880	-1	-1	-1	-1	-1	-1	-1	-1	-1	-1	-1	-1							
3270	75	0	1227	1237	1247	1257	1267	1277	1287	1880	-1	-1	-1	-1	-1	-1	-1	-1	-1	-1	-1	-1							
3271	75	0	1227	1237	1247	1257	1267	1277	1287	1880	-1	-1	-1	-1	-1	-1	-1	-1	-1	-1	-1	-1							
3272	75	0	1227	1237	1247	1257	1267	1277	1287	1880	-1	-1	-1	-1	-1	-1	-1	-1	-1	-1	-1	-1							
3273	75	0	1227	1237	1247	1257	1267	1277	1287	1880	-1	-1	-1	-1	-1	-1	-1	-1	-1	-1	-1	-1							
3274	75	0	1227	1237	1247	1257	1267	1277	1287	1880	-1	-1	-1	-1	-1	-1	-1	-1	-1	-1	-1	-1							
3275	75	0	1227	1237	1247	1257	1267	1277	1287	1880	-1	-1	-1	-1	-1	-1	-1	-1	-1	-1	-1	-1							
3276	75	0	1227	1237	1247	1257	1267	1277	1287	1880	-1	-1	-1	-1	-1	-1	-1	-1	-1	-1	-1	-1							
3279	75	0	1227	1237	1247	1257	1267	1277	1287	1880	-1	-1	-1	-1	-1	-1	-1	-1	-1	-1	-1	-1							
3280	75	0	1227	1237	1247	1257	1267	1277	1287	1880	-1	-1	-1	-1	-1	-1	-1	-1	-1	-1	-1	-1							
3281	75	0	1227	1237	1247	1257	1267	1277	1287	1880	-1	-1	-1	-1	-1	-1	-1	-1	-1	-1	-1	-1							
3282	75	0	1227	1237	1247	1257	1267	1277	1287	1880	-1	-1	-1	-1	-1	-1	-1	-1	-1	-1	-1	-1							
3283	75	0	1227	1237	1247	1257	1267	1277	1287	1880	-1	-1	-1	-1	-1	-1	-1	-1	-1	-1	-1	-1							
3284	75	0	1227	1237	1247	1257	1267	1277	1287	1880	-1	-1	-1	-1	-1	-1	-1	-1	-1	-1	-1	-1							
3285	75	0	1227	1237	1247	1257	1267	1277	1287	1880	-1	-1	-1	-1	-1	-1	-1	-1	-1	-1	-1	-1							
3286	75	0	1227	1237	1247	1257	1267	1277	1287	1880	-1	-1	-1	-1	-1	-1	-1	-1	-1	-1	-1	-1							
3289	75	0	1227	1237	1247	1257	1267	1277	1287	1880	-1	-1	-1	-1	-1	-1	-1	-1	-1	-1	-1	-1							
3290	85	0	1228	1238	1248	1258	1268	1278	1288	1881	-1	-1	-1	-1	-1	-1	-1	-1	-1	-1	-1	-1							
3291	85	0	1228	1238	1248	1258	1268	1278	1288	1881	-1	-1	-1	-1	-1	-1	-1	-1	-1	-1	-1	-1							
3292	85	0	1228	1238	1248	1258	1268	1278	1288	1881	-1	-1	-1	-1	-1	-1	-1	-1	-1	-1	-1	-1							
3293	85	0	1228	1238	1248	1258	1268	1278	1288	1881	-1	-1	-1	-1	-1	-1	-1	-1	-1	-1	-1	-1							
3294	85	0	1228	1238	1248	1258	1268	1278	1288	1881	-1	-1	-1	-1	-1	-1	-1	-1	-1	-1	-1	-1							
3295	85	0	1228	1238	1248	1258	1268	1278	1288	1881	-1	-1	-1	-1	-1	-1	-1	-1	-1	-1	-1	-1							
3296	85	0	1228	1238	1248	1258	1268	1278	1288	1881	-1	-1	-1	-1	-1	-1	-1	-1	-1	-1	-1	-1							
3297	85	0	1228	1238	1248	1258	1268	1278	1288	1881	-1	-1	-1	-1	-1	-1	-1	-1	-1	-1	-1	-1							
3299	85	0	1228	1238	1248	1258	1268	1278	1288	1881	-1	-1	-1	-1	-1	-1	-1	-1	-1	-1	-1	-1							
3300	85	0	1228	1238	1248	1258	1268	1278	1288	1881	-1	-1	-1	-1	-1	-1	-1	-1	-1	-1	-1	-1							
3301	85	0	1228	1238	1248	1258	1268	1278	1288	1881	-1	-1	-1	-1	-1	-1	-1	-1	-1	-1	-1	-1							
3302	85	0	1228	1238	1248	1258	1268	1278	1288	1881	-1	-1	-1	-1	-1	-1	-1	-1	-1	-1	-1	-1							
3303	85	0	1228	1238	1248	1258	1268	1278	1288	1881	-1	-1	-1	-1	-1	-1	-1	-1	-1	-1	-1	-1							
3304	85	0	1228	1238	1248	1258	1268	1278	1288	1881	-1	-1	-1	-1	-1	-1	-1	-1	-1	-1	-1	-1							
3305	85	0	1228	1238	1248	1258	1268	1278	1288	1881	-1	-1	-1	-1	-1	-1	-1	-1	-1	-1	-1	-1							
3306	85	0	1228	1238	1248	1258	1268	1278	1288	1881	-1	-1	-1	-1	-1	-1	-1	-1	-1	-1	-1	-1							
3307	85	0	1228	1238	1248	1258	1268	1278	1288	1881	-1	-1	-1	-1	-1	-1	-1	-1	-1	-1	-1	-1							
3309	85	0	1228	1238	1248	1258	1268	1278	1288	1881	-1	-1	-1	-1	-1	-1	-1	-1	-1	-1	-1	-1							
3310	85	0	1228	1238	1248	1258	1268	1278	1288	1881	-1	-1	-1	-1	-1	-1	-1	-1	-1	-1	-1	-1							
3311	85	0	1228	1238	1248	1258	1268	1278	1288	1881	-1	-1	-1	-1	-1	-1	-1	-1	-1	-1	-1	-1							
3312	85	0	1228	1238	1248	1258	1268	1278	1288	1881	-1	-1	-1	-1	-1	-1	-1	-1	-1	-1	-1	-1							
3313	85	0	1228	1238	1248	1258	1268	1278	1288	1881	-1	-1	-1	-1	-1	-1	-1	-1	-1	-1	-1	-1							
3314	85	0	1228	1238	1248	1258	1268	1278	1288	1881	-1	-1	-1	-1	-1	-1	-1	-1	-1	-1	-1	-1							
3315	85	0	1228	1238	1248	1258	1268	1278	1288	1881	-1	-1	-1	-1	-1	-1	-1	-1	-1	-1	-1	-1							
3316	85	0	1228	1238	1248	1258	1268	1278	1288	1881	-1	-1	-1	-1	-1	-1	-1	-1	-1	-1	-1	-1							
3317	85	0	1228	1238	1248	1258	1268	1278	1288	1881	-1	-1	-1	-1	-1	-1	-1	-1	-1	-1	-1	-1							
3319	85	0	1228	1238	1248	1258	1268	1278	1288	1881	-1	-1	-1	-1	-1	-1	-1	-1	-1	-1	-1	-1							
3320	85	0	1228	1238	1248	1258	1268	1278	1288	1881	-1	-1	-1	-1	-1	-1	-1	-1	-1	-1	-1	-1							
3321	85	0	1228	1238	1248	1258	1268	1278	1288	1881	-1	-1	-1	-1	-1	-1	-1	-1	-1	-1	-1	-1							
3322	85	0	1228	1238	1248	1258	1268	1278	1288	1881	-1	-1	-1	-1	-1	-1	-1	-1	-1	-1	-1	-1							
3323	85	0	1228	1238	1248	1258	1268	1278	1288	1881	-1	-1	-1	-1	-1	-1	-1	-1	-1	-1	-1	-1							
3324	85	0	1228	1238	1248	1258	1268	1278	1288	1881	-1	-1	-1	-1	-1	-1	-1	-1	-1	-1	-1	-1							
3325	85	0	1228	1238	1248	1258	1268	1278	1288	1881	-1	-1	-1	-1	-1	-1	-1	-1	-1	-1	-1	-1							
3326	85	0	1228	1238	1248	1258	1268	1278	1288	1881	-1	-1	-1	-1	-1	-1	-1	-1	-1	-1	-1	-1							
3327	85	0	1228	1238	1248	1258	1268	1278	1288	1881	-1	-1	-1	-1	-1	-1	-1	-1	-1	-1	-1	-1							
3329	85	0	1228	1238	1248	1258	1268	1278	1288	1881	-1	-1	-1	-1	-1	-1	-1	-1	-1	-1	-1	-1							
3330	95	0	1229	1239	1249	1259	1269	1279	1289	1882	-1	-1	-1	-1	-1	-1	-1	-1	-1	-1	-1	-1							
3331	95	0	1229	1239	1249	1259	1269	1279	1289	1882	-1	-1	-1	-1	-1	-1	-1	-1	-1	-1	-1	-1							
3332	95	0	1229	1239	1249	1259	1269	1279	1289	1882	-1	-1	-1	-1	-1	-1	-1	-1	-1	-1	-1	-1							
3333	95	0	1229	1239	1249	1259	1269	1279	1289	1882	-1	-1	-1	-1	-1	-1	-1	-1	-1	-1	-1	-1							
3334	95	0	1229	1239	1249	1259	1269	1279	1289	1882	-1	-1	-1	-1	-1	-1	-1	-1	-1	-1	-1	-1							
3335	95	0	1229	1239	1249	1259	1269	1279	1289	1882	-1	-1	-1	-1	-1	-1	-1	-1	-1	-1	-1	-1							
3336	95	0	1229	1239	1249	1259	1269	1279	1289	1882	-1	-1	-1	-1	-1	-1	-1	-1	-1	-1	-1	-1							
3337	95	0	1229	1239	1249	1259	1269	1279	1289	1882	-1	-1	-1	-1	-1	-1	-1	-1	-1	-1	-1	-1							
3338	95	0	1229	1239	1249	1259	1269	1279	1289	1882	-1	-1	-1	-1	-1	-1	-1	-1	-1	-1	-1	-1							
3339	95	0	1229	1239	1249	1259	1269	1279	1289	1882	-1	-1	-1	-1	-1	-1	-1	-1	-1	-1	-1	-1							
3340	95	0	1229	1239	1249	1259	1269	1279	1289	1882	-1	-1	-1	-1	-1	-1	-1	-1	-1	-1	-1	-1							
3341	95	0	1229	1239	1249	1259	1269	1279	1289	1882	-1	-1	-1	-1	-1	-1	-1	-1	-1	-1	-1	-1							
3342	95	0	1229	1239	1249	1259	1269	1279	1289	1882	-1	-1	-1	-1	-1	-1	-1	-1	-1	-1	-1	-1							
3343	95	0	1229	1239	1249	1259	1269	1279	1289	1882	-1	-1	-1	-1	-1	-1	-1	-1	-1	-1	-1	-1							
3344	95	0	1229	1239	1249	1259	1269	1279	1289	1882	-1	-1	-1	-1	-1	-1	-1	-1	-1	-1	-1	-1							
3345	95	0	1229	1239	1249	1259	1269	1279	1289	1882	-1	-1	-1	-1	-1	-1	-1	-1	-1	-1	-1	-1							
3346	95	0	1229	1239	1249	1259	1269	1279	1289	1882	-1	-1	-1	-1	-1	-1	-1	-1	-1	-1	-1	-1							
3347	95	0	1229	1239	1249	1259	1269	1279	1289	1882	-1	-1	-1	-1	-1	-1	-1	-1	-1	-1	-1	-1							
3348	95	0	1229	1239	1249	1259	1269	1279	1289	1882	-1	-1	-1	-1	-1	-1	-1	-1	-1	-1	-1	-1							
3349	95	0	1229	1239	1249	1259	1269	1279	1289	1882	-1	-1	-1	-1	-1	-1	-1	-1	-1	-1	-1	-1							
3350	5	0	1220	1230	1240	1280	-1	-1	-1	-1	-1	-1	-1	-1	-1	-1	-1	-1	-1	-1	-1	-1							
3351	5	0	1220	1230	1240	1280	-1	-1	-1	-1	-1	-1	-1	-1	-1	-1	-1	-1	-1	-1	-1	-1							
3352	5	0	1220	1230	1240	1280	-1	-1	-1	-1	-1	-1	-1	-1	-1	-1	-1	-1	-1	-1	-1	-1							
3359	5	0	1220	1230	1240	1280	-1	-1	-1	-1	-1	-1	-1	-1	-1	-1	-1	-1	-1	-1	-1	-1							
3360	5	0	1220	1230	1240	1280	-1	-1	-1	-1	-1	-1	-1	-1	-1	-1	-1	-1	-1	-1	-1	-1							
3361	5	0	1220	1230	1240	1280	-1	-1	-1	-1	-1	-1	-1	-1	-1	-1	-1	-1	-1	-1	-1	-1							
3362	5	0	1220	1230	1240	1280	-1	-1	-1	-1	-1	-1	-1	-1	-1	-1	-1	-1	-1	-1	-1	-1							
3369	5	0	1220	1230	1240	1280	-1	-1	-1	-1	-1	-1	-1	-1	-1	-1	-1	-1	-1	-1	-1	-1							
3370	5	0	1220	1230	1240	1280	-1	-1	-1	-1	-1	-1	-1	-1	-1	-1	-1	-1	-1	-1	-1	-1							
3371	5	0	1220	1230	1240	1280	-1	-1	-1	-1	-1	-1	-1	-1	-1	-1	-1	-1	-1	-1	-1	-1							
3372	5	0	1220	1230	1240	1280	-1	-1	-1	-1	-1	-1	-1	-1	-1	-1	-1	-1	-1	-1	-1	-1							
3379	5	0	1220	1230	1240	1280	-1	-1	-1	-1	-1	-1	-1	-1	-1	-1	-1	-1	-1	-1	-1	-1							
3380	5	0	1220	1230	1240	1280	-1	-1	-1	-1	-1	-1	-1	-1	-1	-1	-1	-1	-1	-1	-1	-1							
3381	5	0	1220	1230	1240	1280	-1	-1	-1	-1	-1	-1	-1	-1	-1	-1	-1	-1	-1	-1	-1	-1							
3382	5	0	1220	1230	1240	1280	-1	-1	-1	-1	-1	-1	-1	-1	-1	-1	-1	-1	-1	-1	-1	-1							
3389	5	0	1220	1230	1240	1280	-1	-1	-1	-1	-1	-1	-1	-1	-1	-1	-1	-1	-1	-1	-1	-1							
3390	5	0	1220	1230	1240	1280	-1	-1	-1	-1	-1	-1	-1	-1	-1	-1	-1	-1	-1	-1	-1	-1							
3391	5	0	1220	1230	1240	1280	-1	-1	-1	-1	-1	-1	-1	-1	-1	-1	-1	-1	-1	-1	-1	-1							
3392	5	0	1220	1230	1240	1280	-1	-1	-1	-1	-1	-1	-1	-1	-1	-1	-1	-1	-1	-1	-1	-1							
3399	5	0	1220	1230	1240	1280	-1	-1	-1	-1	-1	-1	-1	-1	-1	-1	-1	-1	-1	-1	-1	-1							
3400	5	0	1220	1230	1240	1280	-1	-1	-1	-1	-1	-1	-1	-1	-1	-1	-1	-1	-1	-1	-1	-1							
3401	5	0	1220	1230	1240	1280	-1	-1	-1	-1	-1	-1	-1	-1	-1	-1	-1	-1	-1	-1	-1	-1							
3402	5	0	1220	1230	1240	1280	-1	-1	-1	-1	-1	-1	-1	-1	-1	-1	-1	-1	-1	-1	-1	-1							
3409	5	0	1220	1230	1240	1280	-1	-1	-1	-1	-1	-1	-1	-1	-1	-1	-1	-1	-1	-1	-1	-1							
3410	5	0	1220	1230	1240	1280	-1	-1	-1	-1	-1	-1	-1	-1	-1	-1	-1	-1	-1	-1	-1	-1							
3411	5	0	1220	1230	1240	1280	-1	-1	-1	-1	-1	-1	-1	-1	-1	-1	-1	-1	-1	-1	-1	-1							
3412	5	0	1220	1230	1240	1280	-1	-1	-1	-1	-1	-1	-1	-1	-1	-1	-1	-1	-1	-1	-1	-1							
3419	5	0	1220	1230	1240	1280	-1	-1	-1	-1	-1	-1	-1	-1	-1	-1	-1	-1	-1	-1	-1	-1							
3420	35	0	1223	1233	1243	1253	1273	1283	-1	-1	-1	-1	-1	-1	-1	-1	-1	-1	-1	-1	-1	-1							
3421	35	0	1223	1233	1243	1253	1273	1283	-1	-1	-1	-1	-1	-1	-1	-1	-1	-1	-1	-1	-1	-1							
3422	35	0	1223	1233	1243	1253	1273	1283	-1	-1	-1	-1	-1	-1	-1	-1	-1	-1	-1	-1	-1	-1							
3429	35	0	1223	1233	1243	1253	1273	1283	-1	-1	-1	-1	-1	-1	-1	-1	-1	-1	-1	-1	-1	-1							
3430	75	0	1227	1237	1247	1257	1267	1277	1287	1880	-1	-1	-1	-1	-1	-1	-1	-1	-1	-1	-1	-1							
3431	75	0	1227	1237	1247	1257	1267	1277	1287	1880	-1	-1	-1	-1	-1	-1	-1	-1	-1	-1	-1	-1							
3432	75	0	1227	1237	1247	1257	1267	1277	1287	1880	-1	-1	-1	-1	-1	-1	-1	-1	-1	-1	-1	-1							
3439	5	0	1220	1230	1240	1280	-1	-1	-1	-1	-1	-1	-1	-1	-1	-1	-1	-1	-1	-1	-1	-1							
3440	5	0	1220	1230	1240	1280	-1	-1	-1	-1	-1	-1	-1	-1	-1	-1	-1	-1	-1	-1	-1	-1							
3441	5	0	1220	1230	1240	1280	-1	-1	-1	-1	-1	-1	-1	-1	-1	-1	-1	-1	-1	-1	-1	-1							
3442	5	0	1220	1230	1240	1280	-1	-1	-1	-1	-1	-1	-1	-1	-1	-1	-1	-1	-1	-1	-1	-1							
3449	5	0	1220	1230	1240	1280	-1	-1	-1	-1	-1	-1	-1	-1	-1	-1	-1	-1	-1	-1	-1	-1							
3450	5	0	1220	1230	1240	1280	-1	-1	-1	-1	-1	-1	-1	-1	-1	-1	-1	-1	-1	-1	-1	-1							
3451	5	0	1220	1230	1240	1280	-1	-1	-1	-1	-1	-1	-1	-1	-1	-1	-1	-1	-1	-1	-1	-1							
3459	5	0	1220	1230	1240	1280	-1	-1	-1	-1	-1	-1	-1	-1	-1	-1	-1	-1	-1	-1	-1	-1							
3460	5	0	1220	1230	1240	1280	-1	-1	-1	-1	-1	-1	-1	-1	-1	-1	-1	-1	-1	-1	-1	-1							
3461	5	0	1220	1230	1240	1280	-1	-1	-1	-1	-1	-1	-1	-1	-1	-1	-1	-1	-1	-1	-1	-1							
3469	5	0	1220	1230	1240	1280	-1	-1	-1	-1	-1	-1	-1	-1	-1	-1	-1	-1	-1	-1	-1	-1							
3470	75	0	1227	1237	1247	1257	1267	1277	1287	-1	-1	-1	-1	-1	-1	-1	-1	-1	-1	-1	-1	-1							
3471	75	0	1227	1237	1247	1257	1267	1277	1287	-1	-1	-1	-1	-1	-1	-1	-1	-1	-1	-1	-1	-1							
3479	75	0	1227	1237	1247	1257	1267	1277	1287	-1	-1	-1	-1	-1	-1	-1	-1	-1	-1	-1	-1	-1							
3480	5	0	1220	1230	1240	1280	-1	-1	-1	-1	-1	-1	-1	-1	-1	-1	-1	-1	-1	-1	-1	-1							
3481	5	0	1220	1230	1240	1280	-1	-1	-1	-1	-1	-1	-1	-1	-1	-1	-1	-1	-1	-1	-1	-1							
3489	5	0	1220	1230	1240	1280	-1	-1	-1	-1	-1	-1	-1	-1	-1	-1	-1	-1	-1	-1	-1	-1							
3490	25	0	1222	1232	1242	1252	1272	1282	-1	-1	-1	-1	-1	-1	-1	-1	-1	-1	-1	-1	-1	-1							
3491	25	0	1222	1232	1242	1252	1272	1282	-1	-1	-1	-1	-1	-1	-1	-1	-1	-1	-1	-1	-1	-1							
3492	25	0	1222	1232	1242	1252	1272	1282	-1	-1	-1	-1	-1	-1	-1	-1	-1	-1	-1	-1	-1	-1							
3499	25	0	1222	1232	1242	1252	1272	1282	-1	-1	-1	-1	-1	-1	-1	-1	-1	-1	-1	-1	-1	-1							
3500	10	0	1222	-1	-1	-1	-1	-1	-1	-1	-1	-1	-1	-1	-1	-1	-1	-1	-1	-1	-1	-1							
3501	10	0	1222	-1	-1	-1	-1	-1	-1	-1	-1	-1	-1	-1	-1	-1	-1	-1	-1	-1	-1	-1							
3502	10	0	1222	-1	-1	-1	-1	-1	-1	-1	-1	-1	-1	-1	-1	-1	-1	-1	-1	-1	-1	-1							
3503	10	0	1222	-1	-1	-1	-1	-1	-1	-1	-1	-1	-1	-1	-1	-1	-1	-1	-1	-1	-1	-1							
3504	10	0	1222	-1	-1	-1	-1	-1	-1	-1	-1	-1	-1	-1	-1	-1	-1	-1	-1	-1	-1	-1							
3505	10	0	1222	-1	-1	-1	-1	-1	-1	-1	-1	-1	-1	-1	-1	-1	-1	-1	-1	-1	-1	-1							
3506	10	0	1222	-1	-1	-1	-1	-1	-1	-1	-1	-1	-1	-1	-1	-1	-1	-1	-1	-1	-1	-1							
3507	10	0	1222	-1	-1	-1	-1	-1	-1	-1	-1	-1	-1	-1	-1	-1	-1	-1	-1	-1	-1	-1							
3508	10	0	1222	-1	-1	-1	-1	-1	-1	-1	-1	-1	-1	-1	-1	-1	-1	-1	-1	-1	-1	-1							
3509	10	0	1222	-1	-1	-1	-1	-1	-1	-1	-1	-1	-1	-1	-1	-1	-1	-1	-1	-1	-1	-1							
#doat bao ma tac																													
3510	10	1	50004	50004	50010	50011	50021	50022	-1	-1	-1	-1	-1	-1	-1	-1	-1	-1	-1	-1	-1	-1							
3511	10	1	50004	50004	50010	50011	50021	50022	-1	-1	-1	-1	-1	-1	-1	-1	-1	-1	-1	-1	-1	-1							
3512	10	1	50004	50004	50010	50011	50021	50022	-1	-1	-1	-1	-1	-1	-1	-1	-1	-1	-1	-1	-1	-1							
3513	10	1	50004	50004	50010	50011	50021	50022	-1	-1	-1	-1	-1	-1	-1	-1	-1	-1	-1	-1	-1	-1							
3514	10	1	50004	50004	50010	50011	50021	50022	-1	-1	-1	-1	-1	-1	-1	-1	-1	-1	-1	-1	-1	-1							
3515	10	1	50004	50004	50010	50011	50021	50022	-1	-1	-1	-1	-1	-1	-1	-1	-1	-1	-1	-1	-1	-1							
3516	10	1	50004	50004	50010	50011	50021	50022	-1	-1	-1	-1	-1	-1	-1	-1	-1	-1	-1	-1	-1	-1							
3517	10	1	50004	50004	50010	50011	50021	50022	-1	-1	-1	-1	-1	-1	-1	-1	-1	-1	-1	-1	-1	-1							
3518	10	1	50004	50004	50010	50011	50021	50022	-1	-1	-1	-1	-1	-1	-1	-1	-1	-1	-1	-1	-1	-1							
3519	10	1	50004	50004	50010	50011	50021	50022	-1	-1	-1	-1	-1	-1	-1	-1	-1	-1	-1	-1	-1	-1							
3520	18	1	681	661	621	36	25	601	611	412	512	56	68	-1	-1	-1	-1	-1	-1	-1	-1	-1							
3521	22	1	682	662	622	37	26	602	612	422	522	57	69	-1	-1	-1	-1	-1	-1	-1	-1	-1							
3522	26	1	683	663	623	38	27	603	613	432	532	58	70	-1	-1	-1	-1	-1	-1	-1	-1	-1							
3523	32	1	684	664	624	39	28	604	614	442	542	59	71	-1	-1	-1	-1	-1	-1	-1	-1	-1							
3524	41	1	685	665	625	40	29	605	615	452	552	60	72	-1	-1	-1	-1	-1	-1	-1	-1	-1							
3525	66	1	686	666	626	41	30	606	616	462	562	61	73	-1	-1	-1	-1	-1	-1	-1	-1	-1							
3526	107	1	687	667	627	42	31	607	617	472	572	62	74	-1	-1	-1	-1	-1	-1	-1	-1	-1							
3527	166	1	688	668	628	43	32	608	618	482	582	63	75	-1	-1	-1	-1	-1	-1	-1	-1	-1							
3528	247	1	689	669	629	44	33	609	492	592	64	76	-1	-1	-1	-1	-1	-1	-1	-1	-1	-1							
3529	354	1	689	669	629	34	499	599	65	77	-1	-1	-1	-1	-1	-1	-1	-1	-1	-1	-1	-1							
3530	0	0	680	34	-1	-1	-1	-1	-1	-1	-1	-1	-1	-1	-1	-1	-1	-1	-1	-1	-1	-1							
3531	0	0	680	34	-1	-1	-1	-1	-1	-1	-1	-1	-1	-1	-1	-1	-1	-1	-1	-1	-1	-1							
3532	0	0	680	34	-1	-1	-1	-1	-1	-1	-1	-1	-1	-1	-1	-1	-1	-1	-1	-1	-1	-1							
3533	0	0	680	34	-1	-1	-1	-1	-1	-1	-1	-1	-1	-1	-1	-1	-1	-1	-1	-1	-1	-1							
3534	0	0	680	34	-1	-1	-1	-1	-1	-1	-1	-1	-1	-1	-1	-1	-1	-1	-1	-1	-1	-1							
3535	0	0	680	34	-1	-1	-1	-1	-1	-1	-1	-1	-1	-1	-1	-1	-1	-1	-1	-1	-1	-1							
3536	0	0	680	34	-1	-1	-1	-1	-1	-1	-1	-1	-1	-1	-1	-1	-1	-1	-1	-1	-1	-1							
3537	0	0	680	34	-1	-1	-1	-1	-1	-1	-1	-1	-1	-1	-1	-1	-1	-1	-1	-1	-1	-1							
3538	0	0	680	34	-1	-1	-1	-1	-1	-1	-1	-1	-1	-1	-1	-1	-1	-1	-1	-1	-1	-1							
3539	0	0	680	34	-1	-1	-1	-1	-1	-1	-1	-1	-1	-1	-1	-1	-1	-1	-1	-1	-1	-1							
3540	0	0	680	34	-1	-1	-1	-1	-1	-1	-1	-1	-1	-1	-1	-1	-1	-1	-1	-1	-1	-1							
3541	0	0	680	34	-1	-1	-1	-1	-1	-1	-1	-1	-1	-1	-1	-1	-1	-1	-1	-1	-1	-1							
3542	0	0	680	34	-1	-1	-1	-1	-1	-1	-1	-1	-1	-1	-1	-1	-1	-1	-1	-1	-1	-1							
3543	0	0	680	34	-1	-1	-1	-1	-1	-1	-1	-1	-1	-1	-1	-1	-1	-1	-1	-1	-1	-1							
3544	0	0	680	34	-1	-1	-1	-1	-1	-1	-1	-1	-1	-1	-1	-1	-1	-1	-1	-1	-1	-1							
3545	0	0	680	34	-1	-1	-1	-1	-1	-1	-1	-1	-1	-1	-1	-1	-1	-1	-1	-1	-1	-1							
3546	0	0	680	34	-1	-1	-1	-1	-1	-1	-1	-1	-1	-1	-1	-1	-1	-1	-1	-1	-1	-1							
3547	0	0	680	34	-1	-1	-1	-1	-1	-1	-1	-1	-1	-1	-1	-1	-1	-1	-1	-1	-1	-1							
3548	0	0	680	34	-1	-1	-1	-1	-1	-1	-1	-1	-1	-1	-1	-1	-1	-1	-1	-1	-1	-1							
3549	0	0	680	34	-1	-1	-1	-1	-1	-1	-1	-1	-1	-1	-1	-1	-1	-1	-1	-1	-1	-1							
#lau la va ac tac
3640	20	1	60083	60084	-1	-1	-1	-1	-1	-1	-1	-1	-1	-1	-1	-1	-1	-1	-1	-1	-1	-1							
3641	20	1	60083	60084	-1	-1	-1	-1	-1	-1	-1	-1	-1	-1	-1	-1	-1	-1	-1	-1	-1	-1							
3642	20	1	60083	60084	-1	-1	-1	-1	-1	-1	-1	-1	-1	-1	-1	-1	-1	-1	-1	-1	-1	-1							
3643	20	1	60083	60084	-1	-1	-1	-1	-1	-1	-1	-1	-1	-1	-1	-1	-1	-1	-1	-1	-1	-1							
3644	20	1	60083	60084	-1	-1	-1	-1	-1	-1	-1	-1	-1	-1	-1	-1	-1	-1	-1	-1	-1	-1							
3645	20	1	60083	60084	-1	-1	-1	-1	-1	-1	-1	-1	-1	-1	-1	-1	-1	-1	-1	-1	-1	-1							
3646	20	1	60083	60084	-1	-1	-1	-1	-1	-1	-1	-1	-1	-1	-1	-1	-1	-1	-1	-1	-1	-1							
3647	20	1	60083	60084	-1	-1	-1	-1	-1	-1	-1	-1	-1	-1	-1	-1	-1	-1	-1	-1	-1	-1							
3648	20	1	60083	60084	-1	-1	-1	-1	-1	-1	-1	-1	-1	-1	-1	-1	-1	-1	-1	-1	-1	-1							
3649	20	1	60083	60084	-1	-1	-1	-1	-1	-1	-1	-1	-1	-1	-1	-1	-1	-1	-1	-1	-1	-1							
3650	50	1	50024	50025	49999	3063	1299	-1	-1	-1	-1	-1	-1	-1	-1	-1	-1	-1	-1	-1	-1	-1							
3651	50	1	50024	50025	49999	3063	1299	-1	-1	-1	-1	-1	-1	-1	-1	-1	-1	-1	-1	-1	-1	-1							
3652	50	1	50024	50025	49999	3063	1299	-1	-1	-1	-1	-1	-1	-1	-1	-1	-1	-1	-1	-1	-1	-1							
3653	50	1	50024	50025	49999	3063	1299	-1	-1	-1	-1	-1	-1	-1	-1	-1	-1	-1	-1	-1	-1	-1							
3654	50	1	50024	50025	49999	3063	1299	-1	-1	-1	-1	-1	-1	-1	-1	-1	-1	-1	-1	-1	-1	-1							
3655	50	1	50024	50025	49999	3063	1299	-1	-1	-1	-1	-1	-1	-1	-1	-1	-1	-1	-1	-1	-1	-1							
3656	50	1	50024	50025	49999	3063	1299	-1	-1	-1	-1	-1	-1	-1	-1	-1	-1	-1	-1	-1	-1	-1							
3657	50	1	50024	50025	49999	3063	1299	-1	-1	-1	-1	-1	-1	-1	-1	-1	-1	-1	-1	-1	-1	-1							
3658	50	1	50024	50025	49999	3063	1299	-1	-1	-1	-1	-1	-1	-1	-1	-1	-1	-1	-1	-1	-1	-1							
3659	50	1	50024	50025	49999	3063	1299	-1	-1	-1	-1	-1	-1	-1	-1	-1	-1	-1	-1	-1	-1	-1							
#lau la va ac ba
3660	20	1	3028	3029	60085	60086	1333	-1	-1	-1	-1	-1	-1	-1	-1	-1	-1	-1	-1	-1	-1	-1							
3661	20	1	3028	3029	60085	60086	1333	-1	-1	-1	-1	-1	-1	-1	-1	-1	-1	-1	-1	-1	-1	-1							
3662	20	1	3028	3029	60085	60086	1333	-1	-1	-1	-1	-1	-1	-1	-1	-1	-1	-1	-1	-1	-1	-1							
3663	20	1	3028	3029	60085	60086	1333	-1	-1	-1	-1	-1	-1	-1	-1	-1	-1	-1	-1	-1	-1	-1							
3664	20	1	3028	3029	60085	60086	1333	-1	-1	-1	-1	-1	-1	-1	-1	-1	-1	-1	-1	-1	-1	-1							
3665	20	1	3028	3029	60085	60086	1333	-1	-1	-1	-1	-1	-1	-1	-1	-1	-1	-1	-1	-1	-1	-1							
3666	20	1	3028	3029	60085	60086	1333	-1	-1	-1	-1	-1	-1	-1	-1	-1	-1	-1	-1	-1	-1	-1							
3667	20	1	3028	3029	60085	60086	1333	-1	-1	-1	-1	-1	-1	-1	-1	-1	-1	-1	-1	-1	-1	-1							
3668	20	1	3028	3029	60085	60086	1333	-1	-1	-1	-1	-1	-1	-1	-1	-1	-1	-1	-1	-1	-1	-1							
3669	20	1	3028	3029	60085	60086	1333	-1	-1	-1	-1	-1	-1	-1	-1	-1	-1	-1	-1	-1	-1	-1							
3670	50	1	3028	3029	1333	49999	50024	50025	-1	-1	-1	-1	-1	-1	-1	-1	-1	-1	-1	-1	-1	-1							
3671	50	1	3028	3029	1333	49999	50024	50025	-1	-1	-1	-1	-1	-1	-1	-1	-1	-1	-1	-1	-1	-1							
3672	50	1	3028	3029	1333	49999	50024	50025	-1	-1	-1	-1	-1	-1	-1	-1	-1	-1	-1	-1	-1	-1							
3673	50	1	3028	3029	1333	49999	50024	50025	-1	-1	-1	-1	-1	-1	-1	-1	-1	-1	-1	-1	-1	-1							
3674	50	1	3028	3029	1333	49999	50024	50025	-1	-1	-1	-1	-1	-1	-1	-1	-1	-1	-1	-1	-1	-1							
3675	50	1	3028	3029	1333	49999	50024	50025	-1	-1	-1	-1	-1	-1	-1	-1	-1	-1	-1	-1	-1	-1							
3676	50	1	3028	3029	1333	49999	50024	50025	-1	-1	-1	-1	-1	-1	-1	-1	-1	-1	-1	-1	-1	-1							
3677	50	1	3028	3029	1333	49999	50024	50025	-1	-1	-1	-1	-1	-1	-1	-1	-1	-1	-1	-1	-1	-1							
3678	50	1	3028	3029	1333	49999	50024	50025	-1	-1	-1	-1	-1	-1	-1	-1	-1	-1	-1	-1	-1	-1							
3679	50	1	3028	3029	1333	49999	50024	50025	-1	-1	-1	-1	-1	-1	-1	-1	-1	-1	-1	-1	-1	-1							
#
3680	1	0	1817	-1	-1	-1	-1	-1	-1	-1	-1	-1	-1	-1	-1	-1	-1	-1	-1	-1	-1	-1							
3681	2	0	1817	-1	-1	-1	-1	-1	-1	-1	-1	-1	-1	-1	-1	-1	-1	-1	-1	-1	-1	-1							
3682	17	0	1817	-1	-1	-1	-1	-1	-1	-1	-1	-1	-1	-1	-1	-1	-1	-1	-1	-1	-1	-1							
3683	23	0	1817	-1	-1	-1	-1	-1	-1	-1	-1	-1	-1	-1	-1	-1	-1	-1	-1	-1	-1	-1							
3684	28	0	1817	-1	-1	-1	-1	-1	-1	-1	-1	-1	-1	-1	-1	-1	-1	-1	-1	-1	-1	-1							
3685	34	0	1817	-1	-1	-1	-1	-1	-1	-1	-1	-1	-1	-1	-1	-1	-1	-1	-1	-1	-1	-1							
3686	39	0	1817	-1	-1	-1	-1	-1	-1	-1	-1	-1	-1	-1	-1	-1	-1	-1	-1	-1	-1	-1							
3687	45	0	1817	-1	-1	-1	-1	-1	-1	-1	-1	-1	-1	-1	-1	-1	-1	-1	-1	-1	-1	-1							
3688	50	0	1817	-1	-1	-1	-1	-1	-1	-1	-1	-1	-1	-1	-1	-1	-1	-1	-1	-1	-1	-1							
3689	56	0	1817	-1	-1	-1	-1	-1	-1	-1	-1	-1	-1	-1	-1	-1	-1	-1	-1	-1	-1	-1							
3690	1	0	1817	-1	-1	-1	-1	-1	-1	-1	-1	-1	-1	-1	-1	-1	-1	-1	-1	-1	-1	-1							
3691	2	0	1817	-1	-1	-1	-1	-1	-1	-1	-1	-1	-1	-1	-1	-1	-1	-1	-1	-1	-1	-1							
3692	17	0	1817	-1	-1	-1	-1	-1	-1	-1	-1	-1	-1	-1	-1	-1	-1	-1	-1	-1	-1	-1							
3693	23	0	1817	-1	-1	-1	-1	-1	-1	-1	-1	-1	-1	-1	-1	-1	-1	-1	-1	-1	-1	-1							
3694	28	0	1817	-1	-1	-1	-1	-1	-1	-1	-1	-1	-1	-1	-1	-1	-1	-1	-1	-1	-1	-1							
3695	34	0	1817	-1	-1	-1	-1	-1	-1	-1	-1	-1	-1	-1	-1	-1	-1	-1	-1	-1	-1	-1							
3696	39	0	1817	-1	-1	-1	-1	-1	-1	-1	-1	-1	-1	-1	-1	-1	-1	-1	-1	-1	-1	-1							
3697	45	0	1817	-1	-1	-1	-1	-1	-1	-1	-1	-1	-1	-1	-1	-1	-1	-1	-1	-1	-1	-1							
3698	50	0	1817	-1	-1	-1	-1	-1	-1	-1	-1	-1	-1	-1	-1	-1	-1	-1	-1	-1	-1	-1							
3699	56	0	1817	-1	-1	-1	-1	-1	-1	-1	-1	-1	-1	-1	-1	-1	-1	-1	-1	-1	-1	-1							
3700	1	0	1817	-1	-1	-1	-1	-1	-1	-1	-1	-1	-1	-1	-1	-1	-1	-1	-1	-1	-1	-1							
3701	2	0	1817	-1	-1	-1	-1	-1	-1	-1	-1	-1	-1	-1	-1	-1	-1	-1	-1	-1	-1	-1							
3702	17	0	1817	-1	-1	-1	-1	-1	-1	-1	-1	-1	-1	-1	-1	-1	-1	-1	-1	-1	-1	-1							
3703	23	0	1817	-1	-1	-1	-1	-1	-1	-1	-1	-1	-1	-1	-1	-1	-1	-1	-1	-1	-1	-1							
3704	28	0	1817	-1	-1	-1	-1	-1	-1	-1	-1	-1	-1	-1	-1	-1	-1	-1	-1	-1	-1	-1							
3705	34	0	1817	-1	-1	-1	-1	-1	-1	-1	-1	-1	-1	-1	-1	-1	-1	-1	-1	-1	-1	-1							
3706	39	0	1817	-1	-1	-1	-1	-1	-1	-1	-1	-1	-1	-1	-1	-1	-1	-1	-1	-1	-1	-1							
3707	45	0	1817	-1	-1	-1	-1	-1	-1	-1	-1	-1	-1	-1	-1	-1	-1	-1	-1	-1	-1	-1							
3708	50	0	1817	-1	-1	-1	-1	-1	-1	-1	-1	-1	-1	-1	-1	-1	-1	-1	-1	-1	-1	-1							
3709	56	0	1817	-1	-1	-1	-1	-1	-1	-1	-1	-1	-1	-1	-1	-1	-1	-1	-1	-1	-1	-1							
3710	1	0	1817	-1	-1	-1	-1	-1	-1	-1	-1	-1	-1	-1	-1	-1	-1	-1	-1	-1	-1	-1							
3711	2	0	1817	-1	-1	-1	-1	-1	-1	-1	-1	-1	-1	-1	-1	-1	-1	-1	-1	-1	-1	-1							
3712	17	0	1817	-1	-1	-1	-1	-1	-1	-1	-1	-1	-1	-1	-1	-1	-1	-1	-1	-1	-1	-1							
3713	23	0	1817	-1	-1	-1	-1	-1	-1	-1	-1	-1	-1	-1	-1	-1	-1	-1	-1	-1	-1	-1							
3714	28	0	1817	-1	-1	-1	-1	-1	-1	-1	-1	-1	-1	-1	-1	-1	-1	-1	-1	-1	-1	-1							
3715	34	0	1817	-1	-1	-1	-1	-1	-1	-1	-1	-1	-1	-1	-1	-1	-1	-1	-1	-1	-1	-1							
3716	39	0	1817	-1	-1	-1	-1	-1	-1	-1	-1	-1	-1	-1	-1	-1	-1	-1	-1	-1	-1	-1							
3717	45	0	1817	-1	-1	-1	-1	-1	-1	-1	-1	-1	-1	-1	-1	-1	-1	-1	-1	-1	-1	-1							
3718	50	0	1817	-1	-1	-1	-1	-1	-1	-1	-1	-1	-1	-1	-1	-1	-1	-1	-1	-1	-1	-1							
3719	56	0	1817	-1	-1	-1	-1	-1	-1	-1	-1	-1	-1	-1	-1	-1	-1	-1	-1	-1	-1	-1							
#tuc cau 1																													
3720	80	1	50024	50025	50030	50049	49999	50004	-1	-1	-1	-1	-1	-1	-1	-1	-1	-1	-1	-1	-1	-1							
3721	80	1	50024	50025	50030	50049	49999	50004	-1	-1	-1	-1	-1	-1	-1	-1	-1	-1	-1	-1	-1	-1							
3722	80	1	50024	50025	50030	50049	49999	50004	-1	-1	-1	-1	-1	-1	-1	-1	-1	-1	-1	-1	-1	-1							
3723	80	1	50024	50025	50030	50049	1705	49999	50004	-1	-1	-1	-1	-1	-1	-1	-1	-1	-1	-1	-1	-1							
3724	80	1	50024	50025	50030	50049	1706	49999	50004	-1	-1	-1	-1	-1	-1	-1	-1	-1	-1	-1	-1	-1							
3725	80	1	50024	50025	50030	50049	1707	49999	50004	-1	-1	-1	-1	-1	-1	-1	-1	-1	-1	-1	-1	-1							
3726	80	1	50024	50025	50030	50049	1708	50009	49999	50004	-1	-1	-1	-1	-1	-1	-1	-1	-1	-1	-1	-1							
3727	80	1	50024	50025	50030	50049	1709	50009	49999	50004	-1	-1	-1	-1	-1	-1	-1	-1	-1	-1	-1	-1							
3728	80	1	50024	50025	50030	50049	1710	50009	49999	50004	85020	-1	-1	-1	-1	-1	-1	-1	-1	-1	-1	-1							
3729	80	1	50024	50025	50030	50049	1704	50009	49999	50004	85020	-1	-1	-1	-1	-1	-1	-1	-1	-1	-1	-1							
3780	4	0	25	409	509	56	68	601	36	621	661	681	-1	-1	-1	-1	-1	-1	-1	-1	-1	-1							
3781	5	0	26	419	519	57	69	602	37	622	662	682	-1	-1	-1	-1	-1	-1	-1	-1	-1	-1							
3782	6	0	27	429	529	58	70	603	38	623	663	683	-1	-1	-1	-1	-1	-1	-1	-1	-1	-1							
3783	8	0	28	439	539	59	71	604	39	624	664	684	1593	-1	-1	-1	-1	-1	-1	-1	-1	-1							
3784	10	0	29	449	549	60	72	605	40	625	665	685	1594	-1	-1	-1	-1	-1	-1	-1	-1	-1							
3785	16	0	30	459	559	61	73	606	41	626	666	686	1595	-1	-1	-1	-1	-1	-1	-1	-1	-1							
3786	26	0	31	469	569	62	74	607	42	627	667	687	1596	-1	-1	-1	-1	-1	-1	-1	-1	-1							
3787	41	0	32	479	579	63	75	608	43	628	668	688	1597	-1	-1	-1	-1	-1	-1	-1	-1	-1							
3788	61	0	33	489	589	64	76	609	44	629	669	689	1598	-1	-1	-1	-1	-1	-1	-1	-1	-1							
3789	88	0	34	499	599	65	77	629	669	689	1599	-1	-1	-1	-1	-1	-1	-1	-1	-1	-1	-1							
3790	2	0	-1	-1	-1	-1	-1	-1	-1	-1	-1	-1	-1	-1	-1	-1	-1	-1	-1	-1	-1	-1							
3791	2	0	-1	-1	-1	-1	-1	-1	-1	-1	-1	-1	-1	-1	-1	-1	-1	-1	-1	-1	-1	-1							
3792	2	0	-1	-1	-1	-1	-1	-1	-1	-1	-1	-1	-1	-1	-1	-1	-1	-1	-1	-1	-1	-1							
3793	2	0	1607	-1	-1	-1	-1	-1	-1	-1	-1	-1	-1	-1	-1	-1	-1	-1	-1	-1	-1	-1							
3794	2	0	1608	-1	-1	-1	-1	-1	-1	-1	-1	-1	-1	-1	-1	-1	-1	-1	-1	-1	-1	-1							
3795	2	0	1609	-1	-1	-1	-1	-1	-1	-1	-1	-1	-1	-1	-1	-1	-1	-1	-1	-1	-1	-1							
3796	2	0	1610	-1	-1	-1	-1	-1	-1	-1	-1	-1	-1	-1	-1	-1	-1	-1	-1	-1	-1	-1							
3797	2	0	1611	-1	-1	-1	-1	-1	-1	-1	-1	-1	-1	-1	-1	-1	-1	-1	-1	-1	-1	-1							
3798	2	0	1612	-1	-1	-1	-1	-1	-1	-1	-1	-1	-1	-1	-1	-1	-1	-1	-1	-1	-1	-1							
3799	2	0	1613	-1	-1	-1	-1	-1	-1	-1	-1	-1	-1	-1	-1	-1	-1	-1	-1	-1	-1	-1							
3800	10	1	3001	3027	3030	-1	-1	-1	-1	-1	-1	-1	-1	-1	-1	-1	-1	-1	-1	-1	-1	-1							
3801	10	1	3001	3027	3030	-1	-1	-1	-1	-1	-1	-1	-1	-1	-1	-1	-1	-1	-1	-1	-1	-1							
3802	10	1	3001	3027	3030	-1	-1	-1	-1	-1	-1	-1	-1	-1	-1	-1	-1	-1	-1	-1	-1	-1							
3803	10	1	3001	3027	3030	-1	-1	-1	-1	-1	-1	-1	-1	-1	-1	-1	-1	-1	-1	-1	-1	-1							
3804	10	1	3001	3027	3030	-1	-1	-1	-1	-1	-1	-1	-1	-1	-1	-1	-1	-1	-1	-1	-1	-1							
3805	10	1	3001	3027	3030	-1	-1	-1	-1	-1	-1	-1	-1	-1	-1	-1	-1	-1	-1	-1	-1	-1							
3806	10	1	3001	3027	3030	-1	-1	-1	-1	-1	-1	-1	-1	-1	-1	-1	-1	-1	-1	-1	-1	-1							
3807	10	1	3001	3027	3030	-1	-1	-1	-1	-1	-1	-1	-1	-1	-1	-1	-1	-1	-1	-1	-1	-1							
3808	10	1	3001	3027	3030	-1	-1	-1	-1	-1	-1	-1	-1	-1	-1	-1	-1	-1	-1	-1	-1	-1							
3809	10	1	3001	3027	3030	-1	-1	-1	-1	-1	-1	-1	-1	-1	-1	-1	-1	-1	-1	-1	-1	-1							
3810	10	1	3001	3027	3030	50027	-1	-1	-1	-1	-1	-1	-1	-1	-1	-1	-1	-1	-1	-1	-1	-1							
3811	10	1	3001	3027	3030	50027	-1	-1	-1	-1	-1	-1	-1	-1	-1	-1	-1	-1	-1	-1	-1	-1							
3812	10	1	3001	3027	3030	50027	-1	-1	-1	-1	-1	-1	-1	-1	-1	-1	-1	-1	-1	-1	-1	-1							
3813	10	1	3001	3027	3030	50027	-1	-1	-1	-1	-1	-1	-1	-1	-1	-1	-1	-1	-1	-1	-1	-1							
3814	10	1	3001	3027	3030	50027	-1	-1	-1	-1	-1	-1	-1	-1	-1	-1	-1	-1	-1	-1	-1	-1							
3815	10	1	3001	3027	3030	50027	-1	-1	-1	-1	-1	-1	-1	-1	-1	-1	-1	-1	-1	-1	-1	-1							
3816	10	1	3001	3027	3030	50027	-1	-1	-1	-1	-1	-1	-1	-1	-1	-1	-1	-1	-1	-1	-1	-1							
3817	10	1	3001	3027	3030	50027	-1	-1	-1	-1	-1	-1	-1	-1	-1	-1	-1	-1	-1	-1	-1	-1							
3818	10	1	3001	3027	3030	50027	-1	-1	-1	-1	-1	-1	-1	-1	-1	-1	-1	-1	-1	-1	-1	-1							
3819	10	1	3001	3027	3030	50027	-1	-1	-1	-1	-1	-1	-1	-1	-1	-1	-1	-1	-1	-1	-1	-1							
3820	10	1	3001	3027	3030	3041	3032	3048	3035	3049	3052	-1	-1	-1	-1	-1	-1	-1	-1	-1	-1	-1							
#nhan nam cuong bao long																													
3829	100	1	50031	85002	85023	-1	-1	-1	-1	-1	-1	-1	-1	-1	-1	-1	-1	-1	-1	-1	-1	-1							
#vo dich phi thien mieu
3830	100	1	50031	85003	85024	-1	-1	-1	-1	-1	-1	-1	-1	-1	-1	-1	-1	-1	-1	-1	-1	-1							
3831	100	1	50031	85003	85024	-1	-1	-1	-1	-1	-1	-1	-1	-1	-1	-1	-1	-1	-1	-1	-1	-1							
3832	100	1	50031	85003	85024	-1	-1	-1	-1	-1	-1	-1	-1	-1	-1	-1	-1	-1	-1	-1	-1	-1							
3835	10	1	686	666	626	41	30	606	616	459	559	3052	85	626	626	3050	3051	3000	-1	-1	-1	-1							
3836	10	1	682	662	622	37	26	602	612	419	519	3052	81	622	622	3050	3051	3000	-1	-1	-1	-1							
3837	10	1	684	664	624	39	28	604	614	439	539	3052	83	624	624	3050	3051	3000	-1	-1	-1	-1							
3838	10	1	686	666	626	41	30	606	616	459	559	3052	85	626	626	3050	3051	3000	-1	-1	-1	-1							
3839	10	1	682	662	622	37	26	602	612	419	519	3052	81	622	622	3050	3051	3000	-1	-1	-1	-1							
3840	10	1	684	664	624	39	28	604	614	439	539	3052	83	624	624	3050	3051	3000	-1	-1	-1	-1							
3841	10	1	686	666	626	41	30	606	616	459	559	3052	85	626	626	3050	3051	3000	-1	-1	-1	-1							
3842	10	1	682	662	622	37	26	602	612	419	519	3052	81	622	622	3050	3051	3000	-1	-1	-1	-1							
3843	10	1	684	664	624	39	28	604	614	439	539	3052	83	624	624	3050	3051	3000	-1	-1	-1	-1							
3844	10	1	686	666	626	41	30	606	616	459	559	3052	85	626	626	3050	3051	3000	-1	-1	-1	-1							
3845	100	0	1844	1845	-1	-1	-1	-1	-1	-1	-1	-1	-1	-1	-1	-1	-1	-1	-1	-1	-1	-1							
3846	100	0	1844	1845	-1	-1	-1	-1	-1	-1	-1	-1	-1	-1	-1	-1	-1	-1	-1	-1	-1	-1							
3847	100	0	1844	1845	-1	-1	-1	-1	-1	-1	-1	-1	-1	-1	-1	-1	-1	-1	-1	-1	-1	-1							
3848	100	0	1844	1845	-1	-1	-1	-1	-1	-1	-1	-1	-1	-1	-1	-1	-1	-1	-1	-1	-1	-1							
3850	4	0	25	409	509	56	68	601	36	621	661	681	-1	-1	-1	-1	-1	-1	-1	-1	-1	-1							
3851	5	0	26	419	519	57	69	602	37	622	662	682	-1	-1	-1	-1	-1	-1	-1	-1	-1	-1							
3852	6	0	27	429	529	58	70	603	38	623	663	683	-1	-1	-1	-1	-1	-1	-1	-1	-1	-1							
3853	8	0	28	439	539	59	71	604	39	624	664	684	1593	-1	-1	-1	-1	-1	-1	-1	-1	-1							
3854	10	0	29	449	549	60	72	605	40	625	665	685	1594	-1	-1	-1	-1	-1	-1	-1	-1	-1							
3855	16	0	30	459	559	61	73	606	41	626	666	686	1595	-1	-1	-1	-1	-1	-1	-1	-1	-1							
3856	26	0	31	469	569	62	74	607	42	627	667	687	1596	-1	-1	-1	-1	-1	-1	-1	-1	-1							
3857	41	0	32	479	579	63	75	608	43	628	668	688	1597	-1	-1	-1	-1	-1	-1	-1	-1	-1							
3858	61	0	33	489	589	64	76	609	44	629	669	689	1598	-1	-1	-1	-1	-1	-1	-1	-1	-1							
3859	88	0	34	499	599	65	77	629	669	689	1599	-1	-1	-1	-1	-1	-1	-1	-1	-1	-1	-1							
3860	4	0	25	409	509	56	68	601	36	621	661	681	-1	-1	-1	-1	-1	-1	-1	-1	-1	-1							
3861	5	0	26	419	519	57	69	602	37	622	662	682	-1	-1	-1	-1	-1	-1	-1	-1	-1	-1							
3862	6	0	27	429	529	58	70	603	38	623	663	683	-1	-1	-1	-1	-1	-1	-1	-1	-1	-1							
3863	8	0	28	439	539	59	71	604	39	624	664	684	1593	-1	-1	-1	-1	-1	-1	-1	-1	-1							
3864	10	0	29	449	549	60	72	605	40	625	665	685	1594	-1	-1	-1	-1	-1	-1	-1	-1	-1							
3865	16	0	30	459	559	61	73	606	41	626	666	686	1595	-1	-1	-1	-1	-1	-1	-1	-1	-1							
3866	26	0	31	469	569	62	74	607	42	627	667	687	1596	-1	-1	-1	-1	-1	-1	-1	-1	-1							
3867	41	0	32	479	579	63	75	608	43	628	668	688	1597	-1	-1	-1	-1	-1	-1	-1	-1	-1							
3868	61	0	33	489	589	64	76	609	44	629	669	689	1598	-1	-1	-1	-1	-1	-1	-1	-1	-1							
3869	88	0	34	499	599	65	77	629	669	689	1599	-1	-1	-1	-1	-1	-1	-1	-1	-1	-1	-1							
3883	10	0	1932	-1	-1	-1	-1	-1	-1	-1	-1	-1	-1	-1	-1	-1	-1	-1	-1	-1	-1	-1							
3884	10	0	1933	-1	-1	-1	-1	-1	-1	-1	-1	-1	-1	-1	-1	-1	-1	-1	-1	-1	-1	-1							
3885	10	0	1934	-1	-1	-1	-1	-1	-1	-1	-1	-1	-1	-1	-1	-1	-1	-1	-1	-1	-1	-1							
#企鹅王																													
3888	100	0	-1	-1	-1	-1	-1	-1	-1	-1	-1	-1	-1	-1	-1	-1	-1	-1	-1	-1	-1	-1							
3897	30	0	-1	-1	-1	-1	-1	-1	-1	-1	-1	-1	-1	-1	-1	-1	-1	-1	-1	-1	-1	-1							
3901	100	0	-1	-1	-1	-1	-1	-1	-1	-1	-1	-1	-1	-1	-1	-1	-1	-1	-1	-1	-1	-1							
3902	100	0	-1	-1	-1	-1	-1	-1	-1	-1	-1	-1	-1	-1	-1	-1	-1	-1	-1	-1	-1	-1							
3931	100	0	-1	-1																									
3938	100	0	-1	-1	-1	-1	-1	-1	-1	-1	-1	-1	-1	-1	-1	-1	-1	-1	-1	-1	-1	-1							
4000	4	0	681	25	409	509	56	68	400	610	35	620	660	-1	-1	-1	-1	-1	-1	-1	-1	-1							
4001	5	0	682	26	419	519	57	69	601	611	36	621	661	-1	-1	-1	-1	-1	-1	-1	-1	-1							
4002	6	0	683	27	429	529	58	70	602	612	37	622	662	-1	-1	-1	-1	-1	-1	-1	-1	-1							
4003	8	0	684	28	439	539	59	71	603	613	38	623	663	-1	-1	-1	-1	-1	-1	-1	-1	-1							
4004	10	0	685	29	449	549	60	72	604	614	39	624	664	-1	-1	-1	-1	-1	-1	-1	-1	-1							
4005	16	0	686	30	459	559	61	73	605	615	40	625	665	-1	-1	-1	-1	-1	-1	-1	-1	-1							
4006	26	0	687	31	469	569	62	74	606	616	41	626	666	-1	-1	-1	-1	-1	-1	-1	-1	-1							
4007	41	0	688	32	479	579	63	75	607	617	42	627	667	-1	-1	-1	-1	-1	-1	-1	-1	-1							
4008	61	0	689	33	489	589	64	76	608	618	43	628	668	-1	-1	-1	-1	-1	-1	-1	-1	-1							
4009	88	0	689	33	499	599	65	77	609	44	629	669	-1	-1	-1	-1	-1	-1	-1	-1	-1	-1							
4010	18	1	681	25	409	509	56	68	400	610	35	620	660	-1	-1	-1	-1	-1	-1	-1	-1	-1							
4011	22	1	682	26	419	519	57	69	601	611	36	621	661	-1	-1	-1	-1	-1	-1	-1	-1	-1							
4012	26	1	683	27	429	529	58	70	602	612	37	622	662	-1	-1	-1	-1	-1	-1	-1	-1	-1							
4013	32	1	684	28	439	539	59	71	603	613	38	623	663	-1	-1	-1	-1	-1	-1	-1	-1	-1							
4014	41	1	685	29	449	549	60	72	604	614	39	624	664	-1	-1	-1	-1	-1	-1	-1	-1	-1							
4015	66	1	686	30	459	559	61	73	605	615	40	625	665	-1	-1	-1	-1	-1	-1	-1	-1	-1							
4016	107	1	687	31	469	569	62	74	606	616	41	626	666	-1	-1	-1	-1	-1	-1	-1	-1	-1							
4017	166	1	688	32	479	579	63	75	607	617	42	627	667	-1	-1	-1	-1	-1	-1	-1	-1	-1							
4018	247	1	689	33	489	589	64	76	608	618	43	628	668	-1	-1	-1	-1	-1	-1	-1	-1	-1							
4019	354	1	689	33	499	599	65	77	609	44	629	669	-1	-1	-1	-1	-1	-1	-1	-1	-1	-1							
4020	18	1	681	25	409	509	56	68	400	610	35	620	660	-1	-1	-1	-1	-1	-1	-1	-1	-1							
4021	22	1	682	26	419	519	57	69	601	611	36	621	661	-1	-1	-1	-1	-1	-1	-1	-1	-1							
4022	26	1	683	27	429	529	58	70	602	612	37	622	662	-1	-1	-1	-1	-1	-1	-1	-1	-1							
4023	32	1	684	28	439	539	59	71	603	613	38	623	663	-1	-1	-1	-1	-1	-1	-1	-1	-1							
4024	41	1	685	29	449	549	60	72	604	614	39	624	664	-1	-1	-1	-1	-1	-1	-1	-1	-1							
4025	66	1	686	30	459	559	61	73	605	615	40	625	665	-1	-1	-1	-1	-1	-1	-1	-1	-1							
4026	107	1	687	31	469	569	62	74	606	616	41	626	666	-1	-1	-1	-1	-1	-1	-1	-1	-1							
4027	166	1	688	32	479	579	63	75	607	617	42	627	667	-1	-1	-1	-1	-1	-1	-1	-1	-1							
4028	247	1	689	33	489	589	64	76	608	618	43	628	668	-1	-1	-1	-1	-1	-1	-1	-1	-1							
4029	354	1	689	33	499	599	65	77	609	44	629	669	-1	-1	-1	-1	-1	-1	-1	-1	-1	-1							
4030	18	1	681	25	409	509	56	68	400	610	35	620	660	-1	-1	-1	-1	-1	-1	-1	-1	-1							
4031	22	1	682	26	419	519	57	69	601	611	36	621	661	-1	-1	-1	-1	-1	-1	-1	-1	-1							
4032	26	1	683	27	429	529	58	70	602	612	37	622	662	-1	-1	-1	-1	-1	-1	-1	-1	-1							
4033	32	1	684	28	439	539	59	71	603	613	38	623	663	-1	-1	-1	-1	-1	-1	-1	-1	-1							
4034	41	1	685	29	449	549	60	72	604	614	39	624	664	-1	-1	-1	-1	-1	-1	-1	-1	-1							
4035	66	1	686	30	459	559	61	73	605	615	40	625	665	-1	-1	-1	-1	-1	-1	-1	-1	-1							
4036	107	1	687	31	469	569	62	74	606	616	41	626	666	-1	-1	-1	-1	-1	-1	-1	-1	-1							
4037	166	1	688	32	479	579	63	75	607	617	42	627	667	-1	-1	-1	-1	-1	-1	-1	-1	-1							
4038	247	1	689	33	489	589	64	76	608	618	43	628	668	-1	-1	-1	-1	-1	-1	-1	-1	-1							
4039	354	1	689	33	499	599	65	77	609	44	629	669	-1	-1	-1	-1	-1	-1	-1	-1	-1	-1							
4040	18	1	681	25	409	509	56	68	400	610	35	620	660	-1	-1	-1	-1	-1	-1	-1	-1	-1							
4041	22	1	682	26	419	519	57	69	601	611	36	621	661	-1	-1	-1	-1	-1	-1	-1	-1	-1							
4042	26	1	683	27	429	529	58	70	602	612	37	622	662	-1	-1	-1	-1	-1	-1	-1	-1	-1							
4043	32	1	684	28	439	539	59	71	603	613	38	623	663	-1	-1	-1	-1	-1	-1	-1	-1	-1							
4044	41	1	685	29	449	549	60	72	604	614	39	624	664	-1	-1	-1	-1	-1	-1	-1	-1	-1							
4045	66	1	686	30	459	559	61	73	605	615	40	625	665	-1	-1	-1	-1	-1	-1	-1	-1	-1							
4046	107	1	687	31	469	569	62	74	606	616	41	626	666	-1	-1	-1	-1	-1	-1	-1	-1	-1							
4047	166	1	688	32	479	579	63	75	607	617	42	627	667	-1	-1	-1	-1	-1	-1	-1	-1	-1							
4048	247	1	689	33	489	589	64	76	608	618	43	628	668	-1	-1	-1	-1	-1	-1	-1	-1	-1							
4049	354	1	689	33	499	599	65	77	609	44	629	669	-1	-1	-1	-1	-1	-1	-1	-1	-1	-1							
4060	4	0	681	661	621	36	25	601	611	410	510	13	56	-1	-1	-1	-1	-1	-1	-1	-1	-1							
4061	5	0	682	662	622	37	26	602	612	420	520	14	57	-1	-1	-1	-1	-1	-1	-1	-1	-1							
4062	6	0	683	663	623	38	27	603	613	430	530	15	58	-1	-1	-1	-1	-1	-1	-1	-1	-1							
4063	8	0	684	664	624	39	28	604	614	440	540	16	59	-1	-1	-1	-1	-1	-1	-1	-1	-1							
4064	10	0	685	665	625	40	29	605	615	450	550	17	60	-1	-1	-1	-1	-1	-1	-1	-1	-1							
4065	16	0	686	666	626	41	30	606	616	460	560	18	61	-1	-1	-1	-1	-1	-1	-1	-1	-1							
4066	26	0	687	667	627	42	31	607	617	470	570	19	62	-1	-1	-1	-1	-1	-1	-1	-1	-1							
4067	41	0	688	668	628	43	32	608	618	480	580	20	63	-1	-1	-1	-1	-1	-1	-1	-1	-1							
4068	61	0	689	669	629	44	33	609	490	590	21	64	-1	-1	-1	-1	-1	-1	-1	-1	-1	-1							
4069	88	0	689	669	629	34	499	599	22	65	-1	-1	-1	-1	-1	-1	-1	-1	-1	-1	-1	-1							
4070	4	0	681	661	621	36	25	601	611	410	510	13	56	-1	-1	-1	-1	-1	-1	-1	-1	-1							
4071	5	0	682	662	622	37	26	602	612	420	520	14	57	-1	-1	-1	-1	-1	-1	-1	-1	-1							
4072	6	0	683	663	623	38	27	603	613	430	530	15	58	-1	-1	-1	-1	-1	-1	-1	-1	-1							
4073	8	0	684	664	624	39	28	604	614	440	540	16	59	-1	-1	-1	-1	-1	-1	-1	-1	-1							
4074	10	0	685	665	625	40	29	605	615	450	550	17	60	-1	-1	-1	-1	-1	-1	-1	-1	-1							
4075	16	0	686	666	626	41	30	606	616	460	560	18	61	-1	-1	-1	-1	-1	-1	-1	-1	-1							
4076	26	0	687	667	627	42	31	607	617	470	570	19	62	-1	-1	-1	-1	-1	-1	-1	-1	-1							
4077	41	0	688	668	628	43	32	608	618	480	580	20	63	-1	-1	-1	-1	-1	-1	-1	-1	-1							
4078	61	0	689	669	629	44	33	609	490	590	21	64	-1	-1	-1	-1	-1	-1	-1	-1	-1	-1							
4079	88	0	689	669	629	34	499	599	22	65	-1	-1	-1	-1	-1	-1	-1	-1	-1	-1	-1	-1							
4080	4	1	681	661	621	36	25	1442	611	410	510	13	56	3052	-1	-1	-1	-1	-1	-1	-1	-1							
4081	5	1	682	662	622	37	26	1443	612	420	520	14	57	3052	-1	-1	-1	-1	-1	-1	-1	-1							
4082	6	1	683	663	623	38	27	1444	613	430	530	15	58	3052	-1	-1	-1	-1	-1	-1	-1	-1							
4083	8	1	684	664	624	39	28	1445	614	440	540	16	59	3052	-1	-1	-1	-1	-1	-1	-1	-1							
4084	10	1	685	665	625	40	29	1446	615	450	550	17	60	3052	-1	-1	-1	-1	-1	-1	-1	-1							
4085	16	1	686	666	626	41	30	1447	616	460	560	18	61	3052	-1	-1	-1	-1	-1	-1	-1	-1							
4086	26	1	687	667	627	42	31	1448	617	470	570	19	62	3052	-1	-1	-1	-1	-1	-1	-1	-1							
4087	41	1	688	668	628	43	32	1449	618	480	580	20	63	3052	-1	-1	-1	-1	-1	-1	-1	-1							
4088	61	1	689	669	629	44	33	1450	490	590	21	64	3052	-1	-1	-1	-1	-1	-1	-1	-1	-1							
4089	88	1	689	669	629	34	1451	499	599	22	65	3052	-1	-1	-1	-1	-1	-1	-1	-1	-1	-1							
4090	4	1	50028	-1	-1	-1	-1	-1	-1	-1	-1	-1	-1	-1	-1	-1	-1	-1	-1	-1	-1	-1							
4091	5	1	50028	-1	-1	-1	-1	-1	-1	-1	-1	-1	-1	-1	-1	-1	-1	-1	-1	-1	-1	-1							
4092	6	1	50028	-1	-1	-1	-1	-1	-1	-1	-1	-1	-1	-1	-1	-1	-1	-1	-1	-1	-1	-1							
4093	8	1	50028	-1	-1	-1	-1	-1	-1	-1	-1	-1	-1	-1	-1	-1	-1	-1	-1	-1	-1	-1							
4094	10	1	50028	-1	-1	-1	-1	-1	-1	-1	-1	-1	-1	-1	-1	-1	-1	-1	-1	-1	-1	-1							
4095	16	1	50028	-1	-1	-1	-1	-1	-1	-1	-1	-1	-1	-1	-1	-1	-1	-1	-1	-1	-1	-1							
4096	26	1	50028	-1	-1	-1	-1	-1	-1	-1	-1	-1	-1	-1	-1	-1	-1	-1	-1	-1	-1	-1							
4097	41	1	50028	-1	-1	-1	-1	-1	-1	-1	-1	-1	-1	-1	-1	-1	-1	-1	-1	-1	-1	-1							
4098	61	1	50028	-1	-1	-1	-1	-1	-1	-1	-1	-1	-1	-1	-1	-1	-1	-1	-1	-1	-1	-1							
4099	88	1	50028	-1	-1	-1	-1	-1	-1	-1	-1	-1	-1	-1	-1	-1	-1	-1	-1	-1	-1	-1							
##boss q1 to chau
4100	50	1	50028	-1	-1	-1	-1	-1	-1	-1	-1	-1	-1	-1	-1	-1	-1	-1	-1	-1	-1	-1							
4101	50	1	50028	-1	-1	-1	-1	-1	-1	-1	-1	-1	-1	-1	-1	-1	-1	-1	-1	-1	-1	-1							
4102	50	1	50028	-1	-1	-1	-1	-1	-1	-1	-1	-1	-1	-1	-1	-1	-1	-1	-1	-1	-1	-1							
4103	50	1	50028	-1	-1	-1	-1	-1	-1	-1	-1	-1	-1	-1	-1	-1	-1	-1	-1	-1	-1	-1							
4104	50	1	50028	-1	-1	-1	-1	-1	-1	-1	-1	-1	-1	-1	-1	-1	-1	-1	-1	-1	-1	-1							
4105	60	1	50028	51001	-1	-1	-1	-1	-1	-1	-1	-1	-1	-1	-1	-1	-1	-1	-1	-1	-1	-1							
4106	60	1	50028	51001	-1	-1	-1	-1	-1	-1	-1	-1	-1	-1	-1	-1	-1	-1	-1	-1	-1	-1							
4107	60	1	50028	51001	-1	-1	-1	-1	-1	-1	-1	-1	-1	-1	-1	-1	-1	-1	-1	-1	-1	-1							
4108	60	1	50028	51001	-1	-1	-1	-1	-1	-1	-1	-1	-1	-1	-1	-1	-1	-1	-1	-1	-1	-1							
4109	60	1	50028	51001	-1	-1	-1	-1	-1	-1	-1	-1	-1	-1	-1	-1	-1	-1	-1	-1	-1	-1							
4110	4	0	681	661	621	36	25	601	611	409	509	1	80	3052	-1	-1	-1	-1	-1	-1	-1	-1							
4111	5	0	682	662	622	37	26	602	612	419	519	2	81	3052	-1	-1	-1	-1	-1	-1	-1	-1							
4112	6	0	683	663	623	38	27	603	613	429	529	3	82	3052	-1	-1	-1	-1	-1	-1	-1	-1							
4113	8	0	684	664	624	39	28	604	614	439	539	4	83	3052	-1	-1	-1	-1	-1	-1	-1	-1							
4114	10	0	685	665	625	40	29	605	615	449	549	5	84	3052	-1	-1	-1	-1	-1	-1	-1	-1							
4115	16	0	686	666	626	41	30	606	616	459	559	6	85	3052	-1	-1	-1	-1	-1	-1	-1	-1							
4116	26	0	687	667	627	42	31	607	617	469	569	7	86	3052	-1	-1	-1	-1	-1	-1	-1	-1							
4117	41	0	688	668	628	43	32	608	618	479	579	8	87	3052	-1	-1	-1	-1	-1	-1	-1	-1							
4118	61	0	689	669	629	44	33	609	489	589	9	88	-1	3052	-1	-1	-1	-1	-1	-1	-1	-1							
4119	88	0	689	669	629	34	499	599	10	89	3052	-1	-1	-1	-1	-1	-1	-1	-1	-1	-1	-1							
##boss q2 to chau
4120	10	1	50028	51001	-1	-1	-1	-1	-1	-1	-1	-1	-1	-1	-1	-1	-1	-1	-1	-1	-1	-1							
4121	10	1	50028	51001	-1	-1	-1	-1	-1	-1	-1	-1	-1	-1	-1	-1	-1	-1	-1	-1	-1	-1							
4122	10	1	50028	51001	-1	-1	-1	-1	-1	-1	-1	-1	-1	-1	-1	-1	-1	-1	-1	-1	-1	-1							
4123	10	1	50028	51001	-1	-1	-1	-1	-1	-1	-1	-1	-1	-1	-1	-1	-1	-1	-1	-1	-1	-1							
4124	10	1	50028	51001	-1	-1	-1	-1	-1	-1	-1	-1	-1	-1	-1	-1	-1	-1	-1	-1	-1	-1							
4125	60	1	50028	51001	-1	-1	-1	-1	-1	-1	-1	-1	-1	-1	-1	-1	-1	-1	-1	-1	-1	-1							
4126	60	1	50028	51001	-1	-1	-1	-1	-1	-1	-1	-1	-1	-1	-1	-1	-1	-1	-1	-1	-1	-1							
4127	60	1	50028	51001	-1	-1	-1	-1	-1	-1	-1	-1	-1	-1	-1	-1	-1	-1	-1	-1	-1	-1							
4128	60	1	50028	51001	-1	-1	-1	-1	-1	-1	-1	-1	-1	-1	-1	-1	-1	-1	-1	-1	-1	-1							
4129	60	1	50028	51001	-1	-1	-1	-1	-1	-1	-1	-1	-1	-1	-1	-1	-1	-1	-1	-1	-1	-1							
4130	50	1	50028	-1	-1	-1	-1	-1	-1	-1	-1	-1	-1	-1	-1	-1	-1	-1	-1	-1	-1	-1							
4131	50	1	50028	-1	-1	-1	-1	-1	-1	-1	-1	-1	-1	-1	-1	-1	-1	-1	-1	-1	-1	-1							
4132	50	1	50028	-1	-1	-1	-1	-1	-1	-1	-1	-1	-1	-1	-1	-1	-1	-1	-1	-1	-1	-1							
##boos q3 to chau
4133	50	1	50028	1698	-1	-1	-1	-1	-1	-1	-1	-1	-1	-1	-1	-1	-1	-1	-1	-1	-1	-1							
4134	50	1	50028	1699	-1	-1	-1	-1	-1	-1	-1	-1	-1	-1	-1	-1	-1	-1	-1	-1	-1	-1							
4135	50	1	50028	1700	-1	-1	-1	-1	-1	-1	-1	-1	-1	-1	-1	-1	-1	-1	-1	-1	-1	-1							
4136	60	1	50028	1701	51001	50001	-1	-1	-1	-1	-1	-1	-1	-1	-1	-1	-1	-1	-1	-1	-1	-1							
4137	60	1	50028	1702	51001	50001	-1	-1	-1	-1	-1	-1	-1	-1	-1	-1	-1	-1	-1	-1	-1	-1							
4138	60	1	50028	1703	51001	50001	-1	-1	-1	-1	-1	-1	-1	-1	-1	-1	-1	-1	-1	-1	-1	-1							
4139	60	1	50028	1704	51001	50001	-1	-1	-1	-1	-1	-1	-1	-1	-1	-1	-1	-1	-1	-1	-1	-1							
4140	4	0	681	661	621	36	25	601	611	410	510	13	56	-1	-1	-1	-1	-1	-1	-1	-1	-1							
4141	5	0	682	662	622	37	26	602	612	420	520	14	57	-1	-1	-1	-1	-1	-1	-1	-1	-1							
4142	6	0	683	663	623	38	27	603	613	430	530	15	58	-1	-1	-1	-1	-1	-1	-1	-1	-1							
4143	8	0	684	664	624	39	28	604	614	440	540	16	59	-1	-1	-1	-1	-1	-1	-1	-1	-1							
4144	10	0	685	665	625	40	29	605	615	450	550	17	60	-1	-1	-1	-1	-1	-1	-1	-1	-1							
4145	16	0	686	666	626	41	30	606	616	460	560	18	61	-1	-1	-1	-1	-1	-1	-1	-1	-1							
4146	26	0	687	667	627	42	31	607	617	470	570	19	62	-1	-1	-1	-1	-1	-1	-1	-1	-1							
4147	41	0	688	668	628	43	32	608	618	480	580	20	63	-1	-1	-1	-1	-1	-1	-1	-1	-1							
4148	61	0	689	669	629	44	33	609	490	590	21	64	-1	-1	-1	-1	-1	-1	-1	-1	-1	-1							
4149	88	0	689	669	629	34	499	599	22	65	-1	-1	-1	-1	-1	-1	-1	-1	-1	-1	-1	-1							
4150	4	0	681	661	621	36	25	601	611	410	510	13	56	-1	-1	-1	-1	-1	-1	-1	-1	-1							
4151	5	0	682	662	622	37	26	602	612	420	520	14	57	-1	-1	-1	-1	-1	-1	-1	-1	-1							
4152	6	0	683	663	623	38	27	603	613	430	530	15	58	-1	-1	-1	-1	-1	-1	-1	-1	-1							
4153	8	0	684	664	624	39	28	604	614	440	540	16	59	-1	-1	-1	-1	-1	-1	-1	-1	-1							
4154	10	0	685	665	625	40	29	605	615	450	550	17	60	-1	-1	-1	-1	-1	-1	-1	-1	-1							
4155	16	0	686	666	626	41	30	606	616	460	560	18	61	-1	-1	-1	-1	-1	-1	-1	-1	-1							
4156	26	0	687	667	627	42	31	607	617	470	570	19	62	-1	-1	-1	-1	-1	-1	-1	-1	-1							
4157	41	0	688	668	628	43	32	608	618	480	580	20	63	-1	-1	-1	-1	-1	-1	-1	-1	-1							
4158	61	0	689	669	629	44	33	609	490	590	21	64	-1	-1	-1	-1	-1	-1	-1	-1	-1	-1							
4159	88	0	689	669	629	34	499	599	22	65	-1	-1	-1	-1	-1	-1	-1	-1	-1	-1	-1	-1							
4160	4	0	681	661	621	36	25	601	611	410	510	13	56	-1	-1	-1	-1	-1	-1	-1	-1	-1							
4161	5	0	682	662	622	37	26	602	612	420	520	14	57	-1	-1	-1	-1	-1	-1	-1	-1	-1							
4162	6	0	683	663	623	38	27	603	613	430	530	15	58	-1	-1	-1	-1	-1	-1	-1	-1	-1							
4163	8	0	684	664	624	39	28	604	614	440	540	16	59	-1	-1	-1	-1	-1	-1	-1	-1	-1							
4164	10	0	685	665	625	40	29	605	615	450	550	17	60	-1	-1	-1	-1	-1	-1	-1	-1	-1							
4165	16	0	686	666	626	41	30	606	616	460	560	18	61	-1	-1	-1	-1	-1	-1	-1	-1	-1							
4166	26	0	687	667	627	42	31	607	617	470	570	19	62	-1	-1	-1	-1	-1	-1	-1	-1	-1							
4167	41	0	688	668	628	43	32	608	618	480	580	20	63	-1	-1	-1	-1	-1	-1	-1	-1	-1							
4168	61	0	689	669	629	44	33	609	490	590	21	64	-1	-1	-1	-1	-1	-1	-1	-1	-1	-1							
4169	88	0	689	669	629	34	499	599	22	65	-1	-1	-1	-1	-1	-1	-1	-1	-1	-1	-1	-1							
4170	4	0	681	661	621	36	25	601	611	410	510	13	56	-1	-1	-1	-1	-1	-1	-1	-1	-1							
4171	5	0	682	662	622	37	26	602	612	420	520	14	57	-1	-1	-1	-1	-1	-1	-1	-1	-1							
4172	6	0	683	663	623	38	27	603	613	430	530	15	58	-1	-1	-1	-1	-1	-1	-1	-1	-1							
4173	8	0	684	664	624	39	28	604	614	440	540	16	59	-1	-1	-1	-1	-1	-1	-1	-1	-1							
4174	10	0	685	665	625	40	29	605	615	450	550	17	60	-1	-1	-1	-1	-1	-1	-1	-1	-1							
4175	16	0	686	666	626	41	30	606	616	460	560	18	61	-1	-1	-1	-1	-1	-1	-1	-1	-1							
4176	26	0	687	667	627	42	31	607	617	470	570	19	62	-1	-1	-1	-1	-1	-1	-1	-1	-1							
4177	41	0	688	668	628	43	32	608	618	480	580	20	63	-1	-1	-1	-1	-1	-1	-1	-1	-1							
4178	61	0	689	669	629	44	33	609	490	590	21	64	-1	-1	-1	-1	-1	-1	-1	-1	-1	-1							
4179	88	0	689	669	629	34	499	599	22	65	-1	-1	-1	-1	-1	-1	-1	-1	-1	-1	-1	-1							
6570	45	0	1224	1234	1244	1254	1274	1284	-1	-1	-1	-1	-1	-1	-1	-1	-1	-1	-1	-1	-1	-1							
6571	45	0	1224	1234	1244	1254	1274	1284	-1	-1	-1	-1	-1	-1	-1	-1	-1	-1	-1	-1	-1	-1							
6572	45	0	1224	1234	1244	1254	1274	1284	-1	-1	-1	-1	-1	-1	-1	-1	-1	-1	-1	-1	-1	-1							
6573	45	0	1224	1234	1244	1254	1274	1284	-1	-1	-1	-1	-1	-1	-1	-1	-1	-1	-1	-1	-1	-1							
6579	45	0	1224	1234	1244	1254	1274	1284	-1	-1	-1	-1	-1	-1	-1	-1	-1	-1	-1	-1	-1	-1							
6580	55	0	1225	1235	1245	1255	1265	1275	1285	1878	-1	-1	-1	-1	-1	-1	-1	-1	-1	-1	-1	-1							
6581	55	0	1225	1235	1245	1255	1265	1275	1285	1878	-1	-1	-1	-1	-1	-1	-1	-1	-1	-1	-1	-1							
6582	55	0	1225	1235	1245	1255	1265	1275	1285	1878	-1	-1	-1	-1	-1	-1	-1	-1	-1	-1	-1	-1							
6583	55	0	1225	1235	1245	1255	1265	1275	1285	1878	-1	-1	-1	-1	-1	-1	-1	-1	-1	-1	-1	-1							
6584	55	0	1225	1235	1245	1255	1265	1275	1285	1878	-1	-1	-1	-1	-1	-1	-1	-1	-1	-1	-1	-1							
6589	55	0	1225	1235	1245	1255	1265	1275	1285	1878	-1	-1	-1	-1	-1	-1	-1	-1	-1	-1	-1	-1							
6590	65	0	1226	1236	1246	1256	1266	1276	1286	1879	-1	-1	-1	-1	-1	-1	-1	-1	-1	-1	-1	-1							
6591	65	0	1226	1236	1246	1256	1266	1276	1286	1879	-1	-1	-1	-1	-1	-1	-1	-1	-1	-1	-1	-1							
6592	65	0	1226	1236	1246	1256	1266	1276	1286	1879	-1	-1	-1	-1	-1	-1	-1	-1	-1	-1	-1	-1							
6593	65	0	1226	1236	1246	1256	1266	1276	1286	1879	-1	-1	-1	-1	-1	-1	-1	-1	-1	-1	-1	-1							
6594	65	0	1226	1236	1246	1256	1266	1276	1286	1879	-1	-1	-1	-1	-1	-1	-1	-1	-1	-1	-1	-1							
6595	65	0	1226	1236	1246	1256	1266	1276	1286	1879	-1	-1	-1	-1	-1	-1	-1	-1	-1	-1	-1	-1							
6599	65	0	1226	1236	1246	1256	1266	1276	1286	1879	-1	-1	-1	-1	-1	-1	-1	-1	-1	-1	-1	-1							
6600	55	0	1225	1235	1245	1275	1786	-1	-1	-1	-1	-1	-1	-1	-1	-1	-1	-1	-1	-1	-1	-1							
6610	75	0	1227	1237	1247	1277	1788	-1	-1	-1	-1	-1	-1	-1	-1	-1	-1	-1	-1	-1	-1	-1							
6620	65	0	1226	1236	1246	1276	1787	-1	-1	-1	-1	-1	-1	-1	-1	-1	-1	-1	-1	-1	-1	-1							
6630	75	0	1227	1237	1247	1277	1788	-1	-1	-1	-1	-1	-1	-1	-1	-1	-1	-1	-1	-1	-1	-1							
7638	10	0	-1	-1	-1	-1	-1	-1	-1	-1	-1	-1	-1	-1	-1	-1	-1	-1	-1										
9001	51	0	1348	688	668	628	43	32	608	618	484	584	8	87	985	1085	1185	1491	1510	2000	-1	-1							
9002	51	0	1348	688	668	628	43	32	608	618	484	584	8	87	985	1085	1185	1491	1510	2000	-1	-1							
9003	51	0	1348	688	668	628	43	32	608	618	485	585	8	87	986	1086	1186	1491	1510	2000	-1	-1							
9004	51	0	1348	688	668	628	43	32	608	618	486	586	63	75	987	1087	1187	1491	1510	2000	-1	-1							
9005	51	0	1348	688	668	628	43	32	608	618	486	586	63	75	987	1087	1187	1491	1510	2000	-1	-1							
9006	51	0	1348	688	668	628	43	32	608	618	486	586	63	75	987	1087	1187	1491	1510	2000	-1	-1							
9007	51	0	1348	688	668	628	43	32	608	618	487	587	63	75	988	1088	1188	1491	1510	2000	-1	-1							
9008	51	0	1348	688	668	628	43	32	608	618	487	587	63	75	988	1088	1188	1491	1510	2000	-1	-1							
9009	51	0	1348	688	668	628	43	32	608	618	488	588	63	75	989	1089	1189	1491	1510	2000	-1	-1							
9010	51	0	1348	688	668	628	43	32	608	618	488	588	63	75	989	1089	1189	1491	1510	2000	-1	-1							
9011	204	1	688	32	484	584	8	87	1430	618	43	628	668	-1	-1	-1	-1	-1	-1	-1	-1	-1							
9012	204	1	688	32	484	584	8	87	1430	618	43	628	668	-1	-1	-1	-1	-1	-1	-1	-1	-1							
9013	204	1	32	486	586	20	63	608	618	43	628	668	688	987	1087	1187	2000	-1	-1	-1	-1	-1							
9014	204	1	688	32	487	587	63	75	1430	618	43	628	668	-1	-1	-1	-1	-1	-1	-1	-1	-1							
9015	204	1	688	32	488	588	75	1430	618	43	628	668	63	-1	-1	-1	-1	-1	-1	-1	-1	-1							
9016	204	1	688	32	488	588	75	1430	618	43	628	668	63	-1	-1	-1	-1	-1	-1	-1	-1	-1							
#四大场景																													
#coc huyen vu dao			phieu knb	yq45	longvan-vohon	tmtbp	nl trung lau																												
9100	100	1	50001	50001	1704	50024	50025	70001	50010	50051	50051	-1	-1	-1	-1	-1	-1	-1	-1	-1	-1	-1							
9101	80	1	50001	50004	1704	50024	50025	70001	50010	50051	50051	-1	-1	-1	-1	-1	-1	-1	-1	-1	-1	-1							
9102	80	1	50001	50004	1704	50024	50025	70001	50010	50051	50051	-1	-1	-1	-1	-1	-1	-1	-1	-1	-1	-1							
9103	80	1	50001	50004	1704	50024	50025	70001	50010	50051	50051	-1	-1	-1	-1	-1	-1	-1	-1	-1	-1	-1							
9104	80	1	50001	50004	1704	50024	50025	70001	50010	50051	50051	-1	-1	-1	-1	-1	-1	-1	-1	-1	-1	-1							
9105	80	1	50001	50004	1704	50024	50025	70001	50010	50051	50051	-1	-1	-1	-1	-1	-1	-1	-1	-1	-1	-1							
9106	80	1	50001	50004	1704	50024	50025	70001	50010	50051	50051	-1	-1	-1	-1	-1	-1	-1	-1	-1	-1	-1							
9107	80	1	50001	50004	1704	50024	50025	70001	50010	50051	50051	-1	-1	-1	-1	-1	-1	-1	-1	-1	-1	-1							
9108	80	1	50001	50004	1704	50024	50025	70001	50010	50051	50051	-1	-1	-1	-1	-1	-1	-1	-1	-1	-1	-1							
9109	80	1	50001	50004	1704	50024	50025	70001	50010	50051	50051	-1	-1	-1	-1	-1	-1	-1	-1	-1	-1	-1							
#thuong son																													
9110	100	1	50001	50001	1704	50024	50025	70002	50010	50051	50051	70007	-1	-1	-1	-1	-1	-1	-1	-1	-1	-1							
9111	80	1	50001	50004	1704	50024	50025	70002	50010	50051	50051	70007	-1	-1	-1	-1	-1	-1	-1	-1	-1	-1							
9112	80	1	50001	50004	1704	50024	50025	70002	50010	50051	50051	70007	-1	-1	-1	-1	-1	-1	-1	-1	-1	-1							
9113	80	1	50001	50004	1704	50024	50025	70002	50010	50051	50051	70007	-1	-1	-1	-1	-1	-1	-1	-1	-1	-1							
9114	80	1	50001	50004	1704	50024	50025	70002	50010	50051	50051	70007	-1	-1	-1	-1	-1	-1	-1	-1	-1	-1							
9115	80	1	50001	50004	1704	50024	50025	70002	50010	50051	50051	70007	-1	-1	-1	-1	-1	-1	-1	-1	-1	-1							
9116	80	1	50001	50004	1704	50024	50025	70002	50010	50051	50051	70007	-1	-1	-1	-1	-1	-1	-1	-1	-1	-1							
9117	80	1	50001	50004	1704	50024	50025	70002	50010	50051	50051	70007	-1	-1	-1	-1	-1	-1	-1	-1	-1	-1							
9118	80	1	50001	50004	1704	50024	50025	70002	50010	50051	50051	70007	-1	-1	-1	-1	-1	-1	-1	-1	-1	-1							
9119	80	1	50001	50004	1704	50024	50025	70002	50010	50051	50051	70007	-1	-1	-1	-1	-1	-1	-1	-1	-1	-1							
#vo di																													
9120	100	1	50001	50001	1704	50024	50025	70003	50010	50051	50051	-1	-1	-1	-1	-1	-1	-1	-1	-1	-1	-1							
9121	80	1	50001	50004	1704	50024	50025	70003	50010	50051	50051	-1	-1	-1	-1	-1	-1	-1	-1	-1	-1	-1							
9122	80	1	50001	50004	1704	50024	50025	70003	50010	50051	50051	-1	-1	-1	-1	-1	-1	-1	-1	-1	-1	-1							
9123	80	1	50001	50004	1704	50024	50025	70003	50010	50051	50051	-1	-1	-1	-1	-1	-1	-1	-1	-1	-1	-1							
9124	80	1	50001	50004	1704	50024	50025	70003	50010	50051	50051	-1	-1	-1	-1	-1	-1	-1	-1	-1	-1	-1							
9125	80	1	50001	50004	1704	50024	50025	70003	50010	50051	50051	-1	-1	-1	-1	-1	-1	-1	-1	-1	-1	-1							
9126	80	1	50001	50004	1704	50024	50025	70003	50010	50051	50051	-1	-1	-1	-1	-1	-1	-1	-1	-1	-1	-1							
9127	80	1	50001	50004	1704	50024	50025	70003	50010	50051	50051	-1	-1	-1	-1	-1	-1	-1	-1	-1	-1	-1							
9128	80	1	50001	50004	1704	50024	50025	70003	50010	50051	50051	-1	-1	-1	-1	-1	-1	-1	-1	-1	-1	-1							
9129	80	1	50001	50004	1704	50024	50025	70003	50010	50051	50051	-1	-1	-1	-1	-1	-1	-1	-1	-1	-1	-1							
#thao nguyen																													
9130	90	1	50001	50001	1704	50024	50025	70004	50010	50051	50051	-1	-1	-1	-1	-1	-1	-1	-1	-1	-1	-1							
9131	80	1	50001	50004	1704	50024	50025	70004	50010	50051	50051	-1	-1	-1	-1	-1	-1	-1	-1	-1	-1	-1							
9132	80	1	50001	50004	1704	50024	50025	70004	50010	50051	50051	-1	-1	-1	-1	-1	-1	-1	-1	-1	-1	-1							
9133	80	1	50001	50004	1704	50024	50025	70004	50010	50051	50051	-1	-1	-1	-1	-1	-1	-1	-1	-1	-1	-1							
9134	80	1	50001	50004	1704	50024	50025	70004	50010	50051	50051	-1	-1	-1	-1	-1	-1	-1	-1	-1	-1	-1							
9135	80	1	50001	50004	1704	50024	50025	70004	50010	50051	50051	-1	-1	-1	-1	-1	-1	-1	-1	-1	-1	-1							
9136	80	1	50001	50004	1704	50024	50025	70004	50010	50051	50051	-1	-1	-1	-1	-1	-1	-1	-1	-1	-1	-1							
9137	80	1	50001	50004	1704	50024	50025	70004	50010	50051	50051	-1	-1	-1	-1	-1	-1	-1	-1	-1	-1	-1							
9138	80	1	50001	50004	1704	50024	50025	70004	50010	50051	50051	-1	-1	-1	-1	-1	-1	-1	-1	-1	-1	-1							
9139	80	1	50001	50004	1704	50024	50025	70004	50010	50051	50051	-1	-1	-1	-1	-1	-1	-1	-1	-1	-1	-1							
#燕子坞副本																													
9240	10	1	1854	-1	-1	-1	-1	-1	-1	-1	-1	-1	-1	-1	-1	-1	-1	-1	-1	-1	-1	-1							
9241	10	1	1854	-1	-1	-1	-1	-1	-1	-1	-1	-1	-1	-1	-1	-1	-1	-1	-1	-1	-1	-1							
9242	10	1	1854	-1	-1	-1	-1	-1	-1	-1	-1	-1	-1	-1	-1	-1	-1	-1	-1	-1	-1	-1							
9243	10	1	1854	-1	-1	-1	-1	-1	-1	-1	-1	-1	-1	-1	-1	-1	-1	-1	-1	-1	-1	-1							
9244	10	1	1854	-1	-1	-1	-1	-1	-1	-1	-1	-1	-1	-1	-1	-1	-1	-1	-1	-1	-1	-1							
9245	10	1	1854	-1	-1	-1	-1	-1	-1	-1	-1	-1	-1	-1	-1	-1	-1	-1	-1	-1	-1	-1							
9246	10	1	1854	-1	-1	-1	-1	-1	-1	-1	-1	-1	-1	-1	-1	-1	-1	-1	-1	-1	-1	-1							
9247	10	1	1854	-1	-1	-1	-1	-1	-1	-1	-1	-1	-1	-1	-1	-1	-1	-1	-1	-1	-1	-1							
9248	10	1	1854	-1	-1	-1	-1	-1	-1	-1	-1	-1	-1	-1	-1	-1	-1	-1	-1	-1	-1	-1							
9249	10	1	1854	-1	-1	-1	-1	-1	-1	-1	-1	-1	-1	-1	-1	-1	-1	-1	-1	-1	-1	-1							
9250	10	1	1855	-1	-1	-1	-1	-1	-1	-1	-1	-1	-1	-1	-1	-1	-1	-1	-1	-1	-1	-1							
9251	10	1	1855	-1	-1	-1	-1	-1	-1	-1	-1	-1	-1	-1	-1	-1	-1	-1	-1	-1	-1	-1							
9252	10	1	1855	-1	-1	-1	-1	-1	-1	-1	-1	-1	-1	-1	-1	-1	-1	-1	-1	-1	-1	-1							
9253	10	1	1855	-1	-1	-1	-1	-1	-1	-1	-1	-1	-1	-1	-1	-1	-1	-1	-1	-1	-1	-1							
9254	10	1	1855	-1	-1	-1	-1	-1	-1	-1	-1	-1	-1	-1	-1	-1	-1	-1	-1	-1	-1	-1							
9255	10	1	1855	-1	-1	-1	-1	-1	-1	-1	-1	-1	-1	-1	-1	-1	-1	-1	-1	-1	-1	-1							
9256	10	1	1855	-1	-1	-1	-1	-1	-1	-1	-1	-1	-1	-1	-1	-1	-1	-1	-1	-1	-1	-1							
9257	10	1	1855	-1	-1	-1	-1	-1	-1	-1	-1	-1	-1	-1	-1	-1	-1	-1	-1	-1	-1	-1							
9258	10	1	1855	-1	-1	-1	-1	-1	-1	-1	-1	-1	-1	-1	-1	-1	-1	-1	-1	-1	-1	-1							
9259	10	1	1855	-1	-1	-1	-1	-1	-1	-1	-1	-1	-1	-1	-1	-1	-1	-1	-1	-1	-1	-1							
9260	10	1	1855	-1	-1	-1	-1	-1	-1	-1	-1	-1	-1	-1	-1	-1	-1	-1	-1	-1	-1	-1							
9261	10	1	1855	-1	-1	-1	-1	-1	-1	-1	-1	-1	-1	-1	-1	-1	-1	-1	-1	-1	-1	-1							
9262	10	1	1855	-1	-1	-1	-1	-1	-1	-1	-1	-1	-1	-1	-1	-1	-1	-1	-1	-1	-1	-1							
9263	10	1	1855	-1	-1	-1	-1	-1	-1	-1	-1	-1	-1	-1	-1	-1	-1	-1	-1	-1	-1	-1							
9264	10	1	1855	-1	-1	-1	-1	-1	-1	-1	-1	-1	-1	-1	-1	-1	-1	-1	-1	-1	-1	-1							
9265	10	1	1855	-1	-1	-1	-1	-1	-1	-1	-1	-1	-1	-1	-1	-1	-1	-1	-1	-1	-1	-1							
9266	10	1	1855	-1	-1	-1	-1	-1	-1	-1	-1	-1	-1	-1	-1	-1	-1	-1	-1	-1	-1	-1							
9267	10	1	1855	-1	-1	-1	-1	-1	-1	-1	-1	-1	-1	-1	-1	-1	-1	-1	-1	-1	-1	-1							
9268	10	1	1855	-1	-1	-1	-1	-1	-1	-1	-1	-1	-1	-1	-1	-1	-1	-1	-1	-1	-1	-1							
9269	10	1	1855	-1	-1	-1	-1	-1	-1	-1	-1	-1	-1	-1	-1	-1	-1	-1	-1	-1	-1	-1							
9320	10	1	3005	3021	-1	-1	-1	-1	-1	-1	-1	-1	-1	-1	-1	-1	-1	-1	-1	-1	-1	-1							
9321	10	1	3005	3021	-1	-1	-1	-1	-1	-1	-1	-1	-1	-1	-1	-1	-1	-1	-1	-1	-1	-1							
9322	10	1	3005	3021	-1	-1	-1	-1	-1	-1	-1	-1	-1	-1	-1	-1	-1	-1	-1	-1	-1	-1							
9323	10	1	3005	3021	-1	-1	-1	-1	-1	-1	-1	-1	-1	-1	-1	-1	-1	-1	-1	-1	-1	-1							
9324	10	1	3005	3021	-1	-1	-1	-1	-1	-1	-1	-1	-1	-1	-1	-1	-1	-1	-1	-1	-1	-1							
9325	10	1	3005	3021	-1	-1	-1	-1	-1	-1	-1	-1	-1	-1	-1	-1	-1	-1	-1	-1	-1	-1							
9326	10	1	3005	3021	-1	-1	-1	-1	-1	-1	-1	-1	-1	-1	-1	-1	-1	-1	-1	-1	-1	-1							
9327	10	1	3005	3021	-1	-1	-1	-1	-1	-1	-1	-1	-1	-1	-1	-1	-1	-1	-1	-1	-1	-1							
9328	10	1	3005	3021	-1	-1	-1	-1	-1	-1	-1	-1	-1	-1	-1	-1	-1	-1	-1	-1	-1	-1							
9329	10	1	3005	3021	-1	-1	-1	-1	-1	-1	-1	-1	-1	-1	-1	-1	-1	-1	-1	-1	-1	-1							
9335	10	1	1810	1813	1813	1813	1814	1814	1814	1847	1861	3005	-1	-1	-1	-1	-1	-1	-1	-1	-1	-1							
9336	10	1	1811	1813	1813	1813	1814	1814	1814	1847	1861	3005	-1	-1	-1	-1	-1	-1	-1	-1	-1	-1							
9337	10	1	1812	1813	1813	1813	1814	1814	1814	1847	1861	3005	-1	-1	-1	-1	-1	-1	-1	-1	-1	-1							
9338	10	1	1812	1813	1813	1813	1814	1814	1814	1847	1861	3005	-1	-1	-1	-1	-1	-1	-1	-1	-1	-1							
9339	10	1	1812	1813	1813	1813	1814	1814	1814	1847	1861	3005	-1	-1	-1	-1	-1	-1	-1	-1	-1	-1							
9345	10	1	1810	1813	1813	1813	1814	1814	1814	1846	1861	3005	-1	-1	-1	-1	-1	-1	-1	-1	-1	-1							
9346	10	1	1811	1813	1813	1813	1814	1814	1814	1846	1861	3005	-1	-1	-1	-1	-1	-1	-1	-1	-1	-1							
9347	10	1	1812	1813	1813	1813	1814	1814	1814	1846	1861	3005	-1	-1	-1	-1	-1	-1	-1	-1	-1	-1							
9348	10	1	1812	1813	1813	1813	1814	1814	1814	1846	1861	3005	-1	-1	-1	-1	-1	-1	-1	-1	-1	-1							
9349	10	1	1812	1813	1813	1813	1814	1814	1814	1846	1861	3005	-1	-1	-1	-1	-1	-1	-1	-1	-1	-1							
9355	10	1	1810	1813	1813	1813	1814	1814	1814	1848	1861	3005	-1	-1	-1	-1	-1	-1	-1	-1	-1	-1							
9356	10	1	1811	1813	1813	1813	1814	1814	1814	1848	1861	3005	-1	-1	-1	-1	-1	-1	-1	-1	-1	-1							
9357	10	1	1812	1813	1813	1813	1814	1814	1814	1848	1861	3005	-1	-1	-1	-1	-1	-1	-1	-1	-1	-1							
9358	10	1	1812	1813	1813	1813	1814	1814	1814	1848	1861	3005	-1	-1	-1	-1	-1	-1	-1	-1	-1	-1							
9359	10	1	1812	1813	1813	1813	1814	1814	1814	1848	1861	3005	-1	-1	-1	-1	-1	-1	-1	-1	-1	-1							
9365	10	1	1810	1813	1813	1813	1814	1814	1814	3005	-1	-1	-1	-1	-1	-1	-1	-1	-1	-1	-1	-1							
9366	10	1	1811	1813	1813	1813	1814	1814	1814	3005	-1	-1	-1	-1	-1	-1	-1	-1	-1	-1	-1	-1							
9367	10	1	1812	1813	1813	1813	1814	1814	1814	3005	-1	-1	-1	-1	-1	-1	-1	-1	-1	-1	-1	-1							
9368	10	1	1812	1813	1813	1813	1814	1814	1814	3005	-1	-1	-1	-1	-1	-1	-1	-1	-1	-1	-1	-1							
9369	10	1	1812	1813	1813	1813	1814	1814	1814	3005	-1	-1	-1	-1	-1	-1	-1	-1	-1	-1	-1	-1							
9375	10	1	1810	1813	1813	1813	1814	1814	1814	3005	-1	-1	-1	-1	-1	-1	-1	-1	-1	-1	-1	-1							
9376	10	1	1811	1813	1813	1813	1814	1814	1814	3005	-1	-1	-1	-1	-1	-1	-1	-1	-1	-1	-1	-1							
9377	10	1	1812	1813	1813	1813	1814	1814	1814	3005	-1	-1	-1	-1	-1	-1	-1	-1	-1	-1	-1	-1							
9378	10	1	1812	1813	1813	1813	1814	1814	1814	3005	-1	-1	-1	-1	-1	-1	-1	-1	-1	-1	-1	-1							
9379	10	1	1812	1813	1813	1813	1814	1814	1814	3005	-1	-1	-1	-1	-1	-1	-1	-1	-1	-1	-1	-1							
9380	10	1	3005	3052	-1	-1	-1	-1	-1	-1	-1	-1	-1	-1	-1	-1	-1	-1	-1	-1	-1	-1							
9381	10	1	3005	3052	-1	-1	-1	-1	-1	-1	-1	-1	-1	-1	-1	-1	-1	-1	-1	-1	-1	-1							
9382	10	1	3005	3052	-1	-1	-1	-1	-1	-1	-1	-1	-1	-1	-1	-1	-1	-1	-1	-1	-1	-1							
9383	10	1	3005	3052	-1	-1	-1	-1	-1	-1	-1	-1	-1	-1	-1	-1	-1	-1	-1	-1	-1	-1							
9384	10	1	3005	3052	-1	-1	-1	-1	-1	-1	-1	-1	-1	-1	-1	-1	-1	-1	-1	-1	-1	-1							
9385	10	1	3005	3052	-1	-1	-1	-1	-1	-1	-1	-1	-1	-1	-1	-1	-1	-1	-1	-1	-1	-1							
9386	10	1	3005	3052	-1	-1	-1	-1	-1	-1	-1	-1	-1	-1	-1	-1	-1	-1	-1	-1	-1	-1							
9387	10	1	3005	3052	-1	-1	-1	-1	-1	-1	-1	-1	-1	-1	-1	-1	-1	-1	-1	-1	-1	-1							
9388	10	1	3005	3052	-1	-1	-1	-1	-1	-1	-1	-1	-1	-1	-1	-1	-1	-1	-1	-1	-1	-1							
9389	10	1	3005	3052	-1	-1	-1	-1	-1	-1	-1	-1	-1	-1	-1	-1	-1	-1	-1	-1	-1	-1							
9395	10	1	1810	1813	1813	1813	1814	1814	1814	3005	3052	-1	-1	-1	-1	-1	-1	-1	-1	-1	-1	-1							
9396	10	1	1811	1813	1813	1813	1814	1814	1814	3005	3052	-1	-1	-1	-1	-1	-1	-1	-1	-1	-1	-1							
9397	10	1	1812	1813	1813	1813	1814	1814	1814	3005	3052	-1	-1	-1	-1	-1	-1	-1	-1	-1	-1	-1							
9398	10	1	1812	1813	1813	1813	1814	1814	1814	3005	3052	-1	-1	-1	-1	-1	-1	-1	-1	-1	-1	-1							
9399	10	1	1812	1813	1813	1813	1814	1814	1814	3005	3052	-1	-1	-1	-1	-1	-1	-1	-1	-1	-1	-1							
9405	10	1	1810	1813	1813	1813	1814	1814	1814	3005	3052	-1	-1	-1	-1	-1	-1	-1	-1	-1	-1	-1							
9406	10	1	1811	1813	1813	1813	1814	1814	1814	3005	3052	-1	-1	-1	-1	-1	-1	-1	-1	-1	-1	-1							
9407	10	1	1812	1813	1813	1813	1814	1814	1814	3005	3052	-1	-1	-1	-1	-1	-1	-1	-1	-1	-1	-1							
9408	10	1	1812	1813	1813	1813	1814	1814	1814	3005	3052	-1	-1	-1	-1	-1	-1	-1	-1	-1	-1	-1							
9409	10	1	1812	1813	1813	1813	1814	1814	1814	3005	3052	-1	-1	-1	-1	-1	-1	-1	-1	-1	-1	-1							
9415	10	1	1810	1813	1813	1813	1814	1814	1814	3005	3052	-1	-1	-1	-1	-1	-1	-1	-1	-1	-1	-1							
9416	10	1	1811	1813	1813	1813	1814	1814	1814	3005	3052	-1	-1	-1	-1	-1	-1	-1	-1	-1	-1	-1							
9417	10	1	1812	1813	1813	1813	1814	1814	1814	3005	3052	-1	-1	-1	-1	-1	-1	-1	-1	-1	-1	-1							
9418	10	1	1812	1813	1813	1813	1814	1814	1814	3005	3052	-1	-1	-1	-1	-1	-1	-1	-1	-1	-1	-1							
9419	10	1	1812	1813	1813	1813	1814	1814	1814	3005	3052	-1	-1	-1	-1	-1	-1	-1	-1	-1	-1	-1							
9425	10	1	1810	1813	1813	1813	1814	1814	1814	3005	3052	-1	-1	-1	-1	-1	-1	-1	-1	-1	-1	-1							
9426	10	1	1811	1813	1813	1813	1814	1814	1814	3005	3052	-1	-1	-1	-1	-1	-1	-1	-1	-1	-1	-1							
9427	10	1	1812	1813	1813	1813	1814	1814	1814	3005	3052	-1	-1	-1	-1	-1	-1	-1	-1	-1	-1	-1							
9428	10	1	1812	1813	1813	1813	1814	1814	1814	3005	3052	-1	-1	-1	-1	-1	-1	-1	-1	-1	-1	-1							
9429	10	1	1812	1813	1813	1813	1814	1814	1814	3005	3052	-1	-1	-1	-1	-1	-1	-1	-1	-1	-1	-1							
#yen tu o			精铁秘银等																										
9430	10	0	3005	1923	50030	50001	50034	50044	50006	50046	50047	50048	-1	-1	-1	-1	-1	-1	-1	-1	-1	-1							
9431	10	0	3005	1923	50030	50001	50034	50044	50006	50046	50047	50048	-1	-1	-1	-1	-1	-1	-1	-1	-1	-1							
9432	10	0	3005	1923	50030	50001	50034	50044	50006	50046	50047	50048	-1	-1	-1	-1	-1	-1	-1	-1	-1	-1							
9433	10	0	3005	1923	50030	50001	50034	50044	50006	50046	50047	50048	-1	-1	-1	-1	-1	-1	-1	-1	-1	-1							
9434	10	0	3005	1923	50030	50001	50034	50044	50006	50046	50047	50048	-1	-1	-1	-1	-1	-1	-1	-1	-1	-1							
9435	20	0	3005	1923	50030	50001	50034	50044	50006	50046	50047	50048	-1	-1	-1	-1	-1	-1	-1	-1	-1	-1							
9436	20	0	3005	1923	50030	50001	50034	50044	50006	50046	50047	50048	-1	-1	-1	-1	-1	-1	-1	-1	-1	-1							
9437	30	0	3005	50046	1923	50030	50001	50034	50044	50006	50046	50047	50048	-1	-1	-1	-1	-1	-1	-1	-1	-1							
9438	40	0	3005	50047	1923	50030	50001	50034	50044	50006	50046	50047	50048	-1	-1	-1	-1	-1	-1	-1	-1	-1							
9439	50	0	3005	50048	1923	50030	50001	50034	50044	50006	50046	50047	50048	-1	-1	-1	-1	-1	-1	-1	-1	-1							
9440	10	1	1853	1861	-1	-1	-1	-1	-1	-1	-1	-1	-1	-1	-1	-1	-1	-1	-1	-1	-1	-1							
9441	10	1	1853	1861	-1	-1	-1	-1	-1	-1	-1	-1	-1	-1	-1	-1	-1	-1	-1	-1	-1	-1							
9442	10	1	1853	1861	-1	-1	-1	-1	-1	-1	-1	-1	-1	-1	-1	-1	-1	-1	-1	-1	-1	-1							
9443	10	1	1853	1861	-1	-1	-1	-1	-1	-1	-1	-1	-1	-1	-1	-1	-1	-1	-1	-1	-1	-1							
9444	10	1	1853	1861	-1	-1	-1	-1	-1	-1	-1	-1	-1	-1	-1	-1	-1	-1	-1	-1	-1	-1							
9445	10	1	1853	1861	-1	-1	-1	-1	-1	-1	-1	-1	-1	-1	-1	-1	-1	-1	-1	-1	-1	-1							
9446	10	1	1853	1861	-1	-1	-1	-1	-1	-1	-1	-1	-1	-1	-1	-1	-1	-1	-1	-1	-1	-1							
9447	10	1	1853	1861	-1	-1	-1	-1	-1	-1	-1	-1	-1	-1	-1	-1	-1	-1	-1	-1	-1	-1							
9448	10	1	1853	1861	-1	-1	-1	-1	-1	-1	-1	-1	-1	-1	-1	-1	-1	-1	-1	-1	-1	-1							
9449	10	1	1853	1861	-1	-1	-1	-1	-1	-1	-1	-1	-1	-1	-1	-1	-1	-1	-1	-1	-1	-1							
9450	10	1	1852	1861	-1	-1	-1	-1	-1	-1	-1	-1	-1	-1	-1	-1	-1	-1	-1	-1	-1	-1							
9451	10	1	1852	1861	-1	-1	-1	-1	-1	-1	-1	-1	-1	-1	-1	-1	-1	-1	-1	-1	-1	-1							
9452	10	1	1852	1861	-1	-1	-1	-1	-1	-1	-1	-1	-1	-1	-1	-1	-1	-1	-1	-1	-1	-1							
9453	10	1	1852	1861	-1	-1	-1	-1	-1	-1	-1	-1	-1	-1	-1	-1	-1	-1	-1	-1	-1	-1							
9454	10	1	1852	1861	-1	-1	-1	-1	-1	-1	-1	-1	-1	-1	-1	-1	-1	-1	-1	-1	-1	-1							
9455	10	1	1852	1861	-1	-1	-1	-1	-1	-1	-1	-1	-1	-1	-1	-1	-1	-1	-1	-1	-1	-1							
9456	10	1	1852	1861	-1	-1	-1	-1	-1	-1	-1	-1	-1	-1	-1	-1	-1	-1	-1	-1	-1	-1							
9457	10	1	1852	1861	-1	-1	-1	-1	-1	-1	-1	-1	-1	-1	-1	-1	-1	-1	-1	-1	-1	-1							
9458	10	1	1852	1861	-1	-1	-1	-1	-1	-1	-1	-1	-1	-1	-1	-1	-1	-1	-1	-1	-1	-1							
9459	10	1	1852	1861	-1	-1	-1	-1	-1	-1	-1	-1	-1	-1	-1	-1	-1	-1	-1	-1	-1	-1							
9530	10	0	1777	1855	-1	-1	-1	-1	-1	-1	-1	-1	-1	-1	-1	-1	-1	-1	-1	-1	-1	-1							
9531	10	0	1777	1855	-1	-1	-1	-1	-1	-1	-1	-1	-1	-1	-1	-1	-1	-1	-1	-1	-1	-1							
9532	10	0	1777	1855	-1	-1	-1	-1	-1	-1	-1	-1	-1	-1	-1	-1	-1	-1	-1	-1	-1	-1							
9533	10	0	1777	1855	-1	-1	-1	-1	-1	-1	-1	-1	-1	-1	-1	-1	-1	-1	-1	-1	-1	-1							
9534	10	0	1777	1855	-1	-1	-1	-1	-1	-1	-1	-1	-1	-1	-1	-1	-1	-1	-1	-1	-1	-1							
9535	10	0	1777	1855	-1	-1	-1	-1	-1	-1	-1	-1	-1	-1	-1	-1	-1	-1	-1	-1	-1	-1							
9536	10	0	1777	1855	-1	-1	-1	-1	-1	-1	-1	-1	-1	-1	-1	-1	-1	-1	-1	-1	-1	-1							
9537	10	0	1777	1855	-1	-1	-1	-1	-1	-1	-1	-1	-1	-1	-1	-1	-1	-1	-1	-1	-1	-1							
9538	10	0	1777	1855	-1	-1	-1	-1	-1	-1	-1	-1	-1	-1	-1	-1	-1	-1	-1	-1	-1	-1							
9539	10	0	1777	1855	-1	-1	-1	-1	-1	-1	-1	-1	-1	-1	-1	-1	-1	-1	-1	-1	-1	-1							
#Phieu mieu phong- so cap																													
9540	60	1	90002	50020	52001	90001	-1	-1	-1	-1	-1	-1	-1	-1	-1	-1	-1	-1	-1	-1	-1	-1							
9541	60	1	90002	50020	52001	90001	-1	-1	-1	-1	-1	-1	-1	-1	-1	-1	-1	-1	-1	-1	-1	-1							
9543	60	1	90002	50020	52001	90001	-1	-1	-1	-1	-1	-1	-1	-1	-1	-1	-1	-1	-1	-1	-1	-1							
9544	60	1	90002	50020	52001	90001	-1	-1	-1	-1	-1	-1	-1	-1	-1	-1	-1	-1	-1	-1	-1	-1							
9545	60	1	90002	50020	90001	-1	-1	-1	-1	-1	-1	-1	-1	-1	-1	-1	-1	-1	-1	-1	-1	-1							
9546	60	1	90002	50020	52001	52002	52003	-1	-1	-1	-1	-1	-1	-1	-1	-1	-1	-1	-1	-1	-1	-1																																			
9547	60	1	90002	50020	52001	90001	-1	-1	-1	-1	-1	-1	-1	-1	-1	-1	-1	-1	-1	-1	-1	-1							
9548	60	1	90002	50020	52001	90001	-1	-1	-1	-1	-1	-1	-1	-1	-1	-1	-1	-1	-1	-1	-1	-1							
9549	60	1	90002	50020	52001	90001	-1	-1	-1	-1	-1	-1	-1	-1	-1	-1	-1	-1	-1	-1	-1	-1							
9550	60	1	90002	50020	52001	90001	-1	-1	-1	-1	-1	-1	-1	-1	-1	-1	-1	-1	-1	-1	-1	-1							
9551	60	1	90002	50020	52001	90001	-1	-1	-1	-1	-1	-1	-1	-1	-1	-1	-1	-1	-1	-1	-1	-1							
9552	100	1	90026	3005	50006	50030	50046	50047	50048	1923	50034	-1	-1	-1	-1	-1	-1	-1	-1	-1	-1	-1							
9560	10	0	-1	-1	-1	-1	-1	-1	-1	-1	-1	-1	-1	-1	-1	-1	-1	-1	-1	-1	-1	-1							
9561	10	0	-1	-1	-1	-1	-1	-1	-1	-1	-1	-1	-1	-1	-1	-1	-1	-1	-1	-1	-1	-1							
9562	10	0	-1	-1	-1	-1	-1	-1	-1	-1	-1	-1	-1	-1	-1	-1	-1	-1	-1	-1	-1	-1							
9563	10	0	-1	-1	-1	-1	-1	-1	-1	-1	-1	-1	-1	-1	-1	-1	-1	-1	-1	-1	-1	-1							
9564	10	0	-1	-1	-1	-1	-1	-1	-1	-1	-1	-1	-1	-1	-1	-1	-1	-1	-1	-1	-1	-1							
9565	10	0	-1	-1	-1	-1	-1	-1	-1	-1	-1	-1	-1	-1	-1	-1	-1	-1	-1	-1	-1	-1							
9566	10	0	-1	-1	-1	-1	-1	-1	-1	-1	-1	-1	-1	-1	-1	-1	-1	-1	-1	-1	-1	-1							
9567	10	0	-1	-1	-1	-1	-1	-1	-1	-1	-1	-1	-1	-1	-1	-1	-1	-1	-1	-1	-1	-1							
9568	10	0	-1	-1	-1	-1	-1	-1	-1	-1	-1	-1	-1	-1	-1	-1	-1	-1	-1	-1	-1	-1							
9569	10	0	-1	-1	-1	-1	-1	-1	-1	-1	-1	-1	-1	-1	-1	-1	-1	-1	-1	-1	-1	-1							
9570	10	0	-1	-1	-1	-1	-1	-1	-1	-1	-1	-1	-1	-1	-1	-1	-1	-1	-1	-1	-1	-1							
9571	10	0	-1	-1	-1	-1	-1	-1	-1	-1	-1	-1	-1	-1	-1	-1	-1	-1	-1	-1	-1	-1							
9572	10	0	-1	-1	-1	-1	-1	-1	-1	-1	-1	-1	-1	-1	-1	-1	-1	-1	-1	-1	-1	-1							
9573	10	0	-1	-1	-1	-1	-1	-1	-1	-1	-1	-1	-1	-1	-1	-1	-1	-1	-1	-1	-1	-1							
9574	10	0	-1	-1	-1	-1	-1	-1	-1	-1	-1	-1	-1	-1	-1	-1	-1	-1	-1	-1	-1	-1							
9575	10	0	-1	-1	-1	-1	-1	-1	-1	-1	-1	-1	-1	-1	-1	-1	-1	-1	-1	-1	-1	-1							
9576	10	0	-1	-1	-1	-1	-1	-1	-1	-1	-1	-1	-1	-1	-1	-1	-1	-1	-1	-1	-1	-1							
9577	10	0	-1	-1	-1	-1	-1	-1	-1	-1	-1	-1	-1	-1	-1	-1	-1	-1	-1	-1	-1	-1							
9578	10	0	-1	-1	-1	-1	-1	-1	-1	-1	-1	-1	-1	-1	-1	-1	-1	-1	-1	-1	-1	-1							
9579	10	0	-1	-1	-1	-1	-1	-1	-1	-1	-1	-1	-1	-1	-1	-1	-1	-1	-1	-1	-1	-1							
9580	10	0	-1	-1	-1	-1	-1	-1	-1	-1	-1	-1	-1	-1	-1	-1	-1	-1	-1	-1	-1	-1							
9581	10	0	-1	-1	-1	-1	-1	-1	-1	-1	-1	-1	-1	-1	-1	-1	-1	-1	-1	-1	-1	-1							
9582	10	0	-1	-1	-1	-1	-1	-1	-1	-1	-1	-1	-1	-1	-1	-1	-1	-1	-1	-1	-1	-1							
9583	10	0	-1	-1	-1	-1	-1	-1	-1	-1	-1	-1	-1	-1	-1	-1	-1	-1	-1	-1	-1	-1							
9584	10	0	-1	-1	-1	-1	-1	-1	-1	-1	-1	-1	-1	-1	-1	-1	-1	-1	-1	-1	-1	-1							
9585	10	0	-1	-1	-1	-1	-1	-1	-1	-1	-1	-1	-1	-1	-1	-1	-1	-1	-1	-1	-1	-1							
9586	10	0	-1	-1	-1	-1	-1	-1	-1	-1	-1	-1	-1	-1	-1	-1	-1	-1	-1	-1	-1	-1							
9587	10	0	-1	-1	-1	-1	-1	-1	-1	-1	-1	-1	-1	-1	-1	-1	-1	-1	-1	-1	-1	-1							
9588	10	0	-1	-1	-1	-1	-1	-1	-1	-1	-1	-1	-1	-1	-1	-1	-1	-1	-1	-1	-1	-1							
9589	10	0	-1	-1	-1	-1	-1	-1	-1	-1	-1	-1	-1	-1	-1	-1	-1	-1	-1	-1	-1	-1							
9590	10	0	-1	-1	-1	-1	-1	-1	-1	-1	-1	-1	-1	-1	-1	-1	-1	-1	-1	-1	-1	-1							
9591	10	0	-1	-1	-1	-1	-1	-1	-1	-1	-1	-1	-1	-1	-1	-1	-1	-1	-1	-1	-1	-1							
9592	10	0	-1	-1	-1	-1	-1	-1	-1	-1	-1	-1	-1	-1	-1	-1	-1	-1	-1	-1	-1	-1							
9593	10	0	-1	-1	-1	-1	-1	-1	-1	-1	-1	-1	-1	-1	-1	-1	-1	-1	-1	-1	-1	-1							
9594	10	0	-1	-1	-1	-1	-1	-1	-1	-1	-1	-1	-1	-1	-1	-1	-1	-1	-1	-1	-1	-1							
9595	10	0	-1	-1	-1	-1	-1	-1	-1	-1	-1	-1	-1	-1	-1	-1	-1	-1	-1	-1	-1	-1							
9596	10	0	-1	-1	-1	-1	-1	-1	-1	-1	-1	-1	-1	-1	-1	-1	-1	-1	-1	-1	-1	-1							
9597	10	0	-1	-1	-1	-1	-1	-1	-1	-1	-1	-1	-1	-1	-1	-1	-1	-1	-1	-1	-1	-1							
9598	10	0	-1	-1	-1	-1	-1	-1	-1	-1	-1	-1	-1	-1	-1	-1	-1	-1	-1	-1	-1	-1							
9599	10	0	-1	-1	-1	-1	-1	-1	-1	-1	-1	-1	-1	-1	-1	-1	-1	-1	-1	-1	-1	-1							
9600	10	0	-1	-1	-1	-1	-1	-1	-1	-1	-1	-1	-1	-1	-1	-1	-1	-1	-1	-1	-1	-1							
9601	10	0	-1	-1	-1	-1	-1	-1	-1	-1	-1	-1	-1	-1	-1	-1	-1	-1	-1	-1	-1	-1							
9602	10	0	-1	-1	-1	-1	-1	-1	-1	-1	-1	-1	-1	-1	-1	-1	-1	-1	-1	-1	-1	-1							
9603	10	0	-1	-1	-1	-1	-1	-1	-1	-1	-1	-1	-1	-1	-1	-1	-1	-1	-1	-1	-1	-1							
9604	10	0	-1	-1	-1	-1	-1	-1	-1	-1	-1	-1	-1	-1	-1	-1	-1	-1	-1	-1	-1	-1							
9605	10	0	-1	-1	-1	-1	-1	-1	-1	-1	-1	-1	-1	-1	-1	-1	-1	-1	-1	-1	-1	-1							
9606	10	0	-1	-1	-1	-1	-1	-1	-1	-1	-1	-1	-1	-1	-1	-1	-1	-1	-1	-1	-1	-1							
9607	10	0	-1	-1	-1	-1	-1	-1	-1	-1	-1	-1	-1	-1	-1	-1	-1	-1	-1	-1	-1	-1							
9608	10	0	-1	-1	-1	-1	-1	-1	-1	-1	-1	-1	-1	-1	-1	-1	-1	-1	-1	-1	-1	-1							
9609	10	0	-1	-1	-1	-1	-1	-1	-1	-1	-1	-1	-1	-1	-1	-1	-1	-1	-1	-1	-1	-1							
9610	10	0	-1	-1	-1	-1	-1	-1	-1	-1	-1	-1	-1	-1	-1	-1	-1	-1	-1	-1	-1	-1							
9611	10	0	-1	-1	-1	-1	-1	-1	-1	-1	-1	-1	-1	-1	-1	-1	-1	-1	-1	-1	-1	-1							
9612	10	0	-1	-1	-1	-1	-1	-1	-1	-1	-1	-1	-1	-1	-1	-1	-1	-1	-1	-1	-1	-1							
9613	10	0	-1	-1	-1	-1	-1	-1	-1	-1	-1	-1	-1	-1	-1	-1	-1	-1	-1	-1	-1	-1							
9614	10	0	-1	-1	-1	-1	-1	-1	-1	-1	-1	-1	-1	-1	-1	-1	-1	-1	-1	-1	-1	-1							
9615	10	0	-1	-1	-1	-1	-1	-1	-1	-1	-1	-1	-1	-1	-1	-1	-1	-1	-1	-1	-1	-1							
9616	10	0	-1	-1	-1	-1	-1	-1	-1	-1	-1	-1	-1	-1	-1	-1	-1	-1	-1	-1	-1	-1							
9617	10	0	-1	-1	-1	-1	-1	-1	-1	-1	-1	-1	-1	-1	-1	-1	-1	-1	-1	-1	-1	-1							
9618	10	0	-1	-1	-1	-1	-1	-1	-1	-1	-1	-1	-1	-1	-1	-1	-1	-1	-1	-1	-1	-1							
9619	10	0	-1	-1	-1	-1	-1	-1	-1	-1	-1	-1	-1	-1	-1	-1	-1	-1	-1	-1	-1	-1							
9620	10	0	-1	-1	-1	-1	-1	-1	-1	-1	-1	-1	-1	-1	-1	-1	-1	-1	-1	-1	-1	-1							
#	PMP																												
9621	41	0	688	668	628	43	32	608	618	480	580	20	63	-1	-1	-1	-1	-1	-1	-1	-1	-1							
9622	61	0	689	669	629	44	33	609	490	590	21	64	-1	-1	-1	-1	-1	-1	-1	-1	-1	-1							
9623	88	0	689	669	629	34	499	599	22	65	-1	-1	-1	-1	-1	-1	-1	-1	-1	-1	-1	-1							
9624	108	0	689	669	629	499	599	23	66	-1	-1	-1	-1	-1	-1	-1	-1	-1	-1	-1	-1	-1							
9625	108	0	689	669	629	499	599	23	66	-1	-1	-1	-1	-1	-1	-1	-1	-1	-1	-1	-1	-1							
9626	41	1	688	668	628	43	32	608	618	480	580	20	63	-1	-1	-1	-1	-1	-1	-1	-1	-1							
9627	61	1	689	669	629	44	33	609	490	590	21	64	-1	-1	-1	-1	-1	-1	-1	-1	-1	-1							
9628	88	1	689	669	629	34	499	599	22	65	-1	-1	-1	-1	-1	-1	-1	-1	-1	-1	-1	-1							
9629	108	1	689	669	629	499	599	23	66	-1	-1	-1	-1	-1	-1	-1	-1	-1	-1	-1	-1	-1							
9630	108	1	689	669	629	499	599	23	66	-1	-1	-1	-1	-1	-1	-1	-1	-1	-1	-1	-1	-1							
9631	82	1	688	668	628	43	32	608	618	480	580	20	63	-1	-1	-1	-1	-1	-1	-1	-1	-1							
9632	122	1	689	669	629	44	33	609	490	590	21	64	-1	-1	-1	-1	-1	-1	-1	-1	-1	-1							
9633	176	1	689	669	629	34	499	599	22	65	-1	-1	-1	-1	-1	-1	-1	-1	-1	-1	-1	-1							
9634	216	1	689	669	629	499	599	23	66	-1	-1	-1	-1	-1	-1	-1	-1	-1	-1	-1	-1	-1							
9635	216	1	689	669	629	499	599	23	66	-1	-1	-1	-1	-1	-1	-1	-1	-1	-1	-1	-1	-1							
9636	216	1	689	669	629	499	599	23	66	-1	-1	-1	-1	-1	-1	-1	-1	-1	-1	-1	-1	-1							
9637	216	1	689	669	629	499	599	23	66	-1	-1	-1	-1	-1	-1	-1	-1	-1	-1	-1	-1	-1							
#Phieu mieu phong -cao cap
9638	70	1	50006	50020	52001	-1	-1	-1	-1	-1	-1	-1	-1	-1	-1	-1	-1	-1	-1	-1	-1	-1							
9639	70	1	50006	50020	52001	-1	-1	-1	-1	-1	-1	-1	-1	-1	-1	-1	-1	-1	-1	-1	-1	-1							
9640	70	1	50006	50020	52001	-1	-1	-1	-1	-1	-1	-1	-1	-1	-1	-1	-1	-1	-1	-1	-1	-1							
9641	70	1	50006	50020	52001	-1	-1	-1	-1	-1	-1	-1	-1	-1	-1	-1	-1	-1	-1	-1	-1	-1							
9642	70	1	50006	50020	-1	-1	-1	-1	-1	-1	-1	-1	-1	-1	-1	-1	-1	-1	-1	-1	-1	-1							
9643	70	1	50006	50020	-1	-1	-1	-1	-1	-1	-1	-1	-1	-1	-1	-1	-1	-1	-1	-1	-1	-1							
9644	70	1	50006	50020	52001	52002	52003	50001	-1	-1	-1	-1	-1	-1	-1	-1	-1	-1	-1	-1	-1	-1							
9645	70	1	50006	50020	52001	-1	-1	-1	-1	-1	-1	-1	-1	-1	-1	-1	-1	-1	-1	-1	-1	-1							
9646	70	1	50006	50020	52001	-1	-1	-1	-1	-1	-1	-1	-1	-1	-1	-1	-1	-1	-1	-1	-1	-1							
9647	70	1	50006	50020	52001	-1	-1	-1	-1	-1	-1	-1	-1	-1	-1	-1	-1	-1	-1	-1	-1	-1							
9648	70	1	50006	50020	52001	-1	-1	-1	-1	-1	-1	-1	-1	-1	-1	-1	-1	-1	-1	-1	-1	-1							
9649	70	1	50006	50020	52001	-1	-1	-1	-1	-1	-1	-1	-1	-1	-1	-1	-1	-1	-1	-1	-1	-1							
#缥缈峰简单																													
9660	60	1	90002	50020	50022	90017	3005	50006	50030	50046	50047	50048	1923	50034	-1	-1	-1	-1	-1	-1	-1	-1							
9661	60	1	90002	50020	50022	50000	90017	3005	50006	50030	50046	50047	50048	1923	50034	-1	-1	-1	-1	-1	-1	-1							
9663	60	1	90002	50020	50022	90017	3005	50006	50030	50046	50047	50048	1923	50034	-1	-1	-1	-1	-1	-1	-1	-1							
9664	100	1	50016	90026	3005	50006	50030	50046	50047	50048	1923	50034	-1	-1	-1	-1	-1	-1	-1	-1	-1	-1							
9665	100	1	50015	90026	-1	-1	-1	-1	-1	-1	-1	-1	-1	-1	-1	-1	-1	-1	-1	-1	-1	-1							
9666	60	1	90002	50009	50020	50022	50029	90008	90017	3005	50006	50030	50046	50047	50048	1923	50034	-1	-1	-1	-1	-1							
9667	100	1	50000	50015	90007	90026	-1	-1	-1	-1	-1	-1	-1	-1	-1	-1	-1	-1	-1	-1	-1	-1							
9668	100	1	90002	50020	50022	90026	-1	-1	-1	-1	-1	-1	-1	-1	-1	-1	-1	-1	-1	-1	-1	-1							
9669	100	1	50000	90002	50020	50022	90008	90026	-1	-1	-1	-1	-1	-1	-1	-1	-1	-1	-1	-1	-1	-1							
9670	100	1	50000	90002	50022	90026	-1	-1	-1	-1	-1	-1	-1	-1	-1	-1	-1	-1	-1	-1	-1	-1							
9671	100	1	90002	50000	50022	90026	-1	-1	-1	-1	-1	-1	-1	-1	-1	-1	-1	-1	-1	-1	-1	-1							
9672	100	1	90026	3005	50006	50030	50046	50047	50048	1923	50034	-1	-1	-1	-1	-1	-1	-1	-1	-1	-1	-1							
10900	4	0	680	660	1940	35	24	1950	400	500	79	-1	-1	-1	-1	-1	-1	-1	-1	-1	-1	-1							
10901	4	0	680	660	1940	35	24	1950	401	501	79	-1	-1	-1	-1	-1	-1	-1	-1	-1	-1	-1							
10902	4	0	680	660	1940	35	24	1950	402	502	79	-1	-1	-1	-1	-1	-1	-1	-1	-1	-1	-1							
10903	4	0	680	660	1940	35	24	1950	403	503	79	-1	-1	-1	-1	-1	-1	-1	-1	-1	-1	-1							
10904	4	0	680	660	1940	35	24	1950	404	504	79	-1	-1	-1	-1	-1	-1	-1	-1	-1	-1	-1							
10905	4	0	680	660	1940	35	24	1950	405	505	79	-1	-1	-1	-1	-1	-1	-1	-1	-1	-1	-1							
10906	4	0	680	660	1940	35	24	1950	406	506	79	-1	-1	-1	-1	-1	-1	-1	-1	-1	-1	-1							
10907	4	0	680	660	1940	35	24	1950	407	507	79	-1	-1	-1	-1	-1	-1	-1	-1	-1	-1	-1							
10908	4	0	680	660	1940	35	24	1950	408	508	12	55	-1	-1	-1	-1	-1	-1	-1	-1	-1	-1							
10909	5	0	681	661	1941	36	25	1423	1951	409	509	13	56	1110	1503	-1	-1	-1	-1	-1	-1	-1							
10910	4	0	680	660	1940	35	24	1950	400	500	79	-1	-1	-1	-1	-1	-1	-1	-1	-1	-1	-1							
10911	4	0	680	660	1940	35	24	1950	401	501	79	-1	-1	-1	-1	-1	-1	-1	-1	-1	-1	-1							
10912	4	0	680	660	1940	35	24	1950	402	502	79	-1	-1	-1	-1	-1	-1	-1	-1	-1	-1	-1							
10913	4	0	680	660	1940	35	24	1950	403	503	79	-1	-1	-1	-1	-1	-1	-1	-1	-1	-1	-1							
10914	4	0	680	660	1940	35	24	1950	404	504	12	55	-1	-1	-1	-1	-1	-1	-1	-1	-1	-1							
10915	4	0	680	660	1940	35	24	1950	405	505	12	55	-1	-1	-1	-1	-1	-1	-1	-1	-1	-1							
10916	4	0	680	660	1940	35	24	1950	406	506	55	67	-1	-1	-1	-1	-1	-1	-1	-1	-1	-1							
10917	4	0	680	660	1940	35	24	1950	407	507	55	67	-1	-1	-1	-1	-1	-1	-1	-1	-1	-1							
10918	4	0	680	660	1940	35	24	1950	408	508	12	55	-1	-1	-1	-1	-1	-1	-1	-1	-1	-1							
10919	5	0	681	661	1941	36	25	1423	1951	409	509	13	56	1110	1503	-1	-1	-1	-1	-1	-1	-1							
10920	5	0	681	661	1941	36	25	1423	1951	410	510	1	80	1111	1484	1503	-1	-1	-1	-1	-1	-1							
10921	5	0	681	661	1941	36	25	1423	1951	411	511	1	80	1112	1484	1503	-1	-1	-1	-1	-1	-1							
10922	5	0	681	661	1941	36	25	1423	1951	411	511	13	56	1112	1484	1503	-1	-1	-1	-1	-1	-1							
10923	5	0	681	661	1941	36	25	1423	1951	412	512	13	56	1113	1484	1503	-1	-1	-1	-1	-1	-1							
10924	5	0	681	661	1941	36	25	1423	1951	412	512	1	80	1113	1484	1503	-1	-1	-1	-1	-1	-1							
10925	5	0	681	661	1941	36	25	1423	1951	413	513	1	80	1114	1484	1503	-1	-1	-1	-1	-1	-1							
10926	5	0	681	661	1941	36	25	1423	1951	413	513	56	68	1114	1484	1503	-1	-1	-1	-1	-1	-1							
10927	5	0	681	661	1941	36	25	1423	1951	414	514	56	68	1115	1484	1503	-1	-1	-1	-1	-1	-1							
10928	5	0	681	661	1941	36	25	1423	1951	414	514	1	80	1115	1484	1503	-1	-1	-1	-1	-1	-1							
10929	5	0	681	661	1941	36	25	1423	1951	415	515	1	80	1116	1484	1503	-1	-1	-1	-1	-1	-1							
10930	5	0	681	661	1941	36	25	1423	1951	410	510	56	68	1111	1484	1503	-1	-1	-1	-1	-1	-1							
10931	5	0	681	661	1941	36	25	1423	1951	411	511	56	68	1112	1484	1503	-1	-1	-1	-1	-1	-1							
10932	5	0	681	661	1941	36	25	1423	1951	411	511	1	80	1112	1484	1503	-1	-1	-1	-1	-1	-1							
10933	5	0	681	661	1941	36	25	1423	1951	412	512	1	80	1113	1484	1503	-1	-1	-1	-1	-1	-1							
10934	5	0	681	661	1941	36	25	1423	1951	412	512	1	80	1113	1484	1503	-1	-1	-1	-1	-1	-1							
10935	5	0	681	661	1941	36	25	1423	1951	413	513	1	80	1114	1484	1503	-1	-1	-1	-1	-1	-1							
10936	5	0	681	661	1941	36	25	1423	1951	413	513	68	80	1114	1484	1503	-1	-1	-1	-1	-1	-1							
10937	5	0	681	661	1941	36	25	1423	1951	414	514	68	80	1115	1484	1503	-1	-1	-1	-1	-1	-1							
10938	5	0	681	661	1941	36	25	1423	1951	414	514	68	80	1115	1484	1503	-1	-1	-1	-1	-1	-1							
10939	5	0	681	661	1941	36	25	1423	1951	415	515	68	80	1116	1484	1503	-1	-1	-1	-1	-1	-1							
10940	5	0	681	661	1941	36	25	1423	1951	415	515	1	80	1116	1484	1503	-1	-1	-1	-1	-1	-1							
10941	5	0	681	661	1941	36	25	1423	1951	416	516	1	80	1117	1484	1503	-1	-1	-1	-1	-1	-1							
10942	5	0	681	661	1941	36	25	1423	1951	416	516	13	56	1117	1484	1503	-1	-1	-1	-1	-1	-1							
10943	5	0	681	661	1941	36	25	1423	1951	417	517	13	56	1118	1484	1503	-1	-1	-1	-1	-1	-1							
10944	5	0	681	661	1941	36	25	1423	1951	417	517	1	80	1118	1484	1503	-1	-1	-1	-1	-1	-1							
10945	5	0	681	661	1941	36	25	1423	1951	418	518	1	80	1119	1484	1503	-1	-1	-1	-1	-1	-1							
10946	5	0	681	661	1941	36	25	1423	1951	418	518	13	56	1119	1484	1503	-1	-1	-1	-1	-1	-1							
10947	6	0	682	662	1942	37	26	1424	1952	419	519	14	57	920	1020	1120	848	1485	1504	2000	-1	-1							
10948	6	0	682	662	1942	37	26	1424	1952	419	519	14	57	920	1020	1120	848	1485	1504	2000	-1	-1							
10949	6	0	682	662	1942	37	26	1424	1952	420	520	14	57	921	1021	1121	848	1485	1504	2000	-1	-1							
10950	5	0	681	661	1941	36	25	1423	1951	415	515	1	80	1116	1484	1503	-1	-1	-1	-1	-1	-1							
10951	5	0	681	661	1941	36	25	1423	1951	416	516	1	80	1117	1484	1503	-1	-1	-1	-1	-1	-1							
10952	5	0	681	661	1941	36	25	1423	1951	416	516	1	80	1117	1484	1503	-1	-1	-1	-1	-1	-1							
10953	5	0	681	661	1941	36	25	1423	1951	417	517	1	80	1118	1484	1503	-1	-1	-1	-1	-1	-1							
10954	5	0	681	661	1941	36	25	1423	1951	417	517	13	56	1118	1484	1503	-1	-1	-1	-1	-1	-1							
10955	5	0	681	661	1941	36	25	1423	1951	418	518	13	56	1119	1484	1503	-1	-1	-1	-1	-1	-1							
10956	5	0	681	661	1941	36	25	1423	1951	418	518	56	68	1119	1484	1503	-1	-1	-1	-1	-1	-1							
10957	6	0	682	662	1942	37	26	1424	1952	419	519	57	69	920	1020	1120	848	1485	1504	2000	-1	-1							
10958	6	0	682	662	1942	37	26	1424	1952	419	519	57	69	920	1020	1120	848	1485	1504	2000	-1	-1							
10959	6	0	682	662	1942	37	26	1424	1952	420	520	57	69	921	1021	1121	848	1485	1504	2000	-1	-1							
10960	6	0	682	662	1942	37	26	1424	1952	419	519	2	81	920	1020	1120	848	1485	1504	2000	-1	-1							
10961	6	0	682	662	1942	37	26	1424	1952	420	520	2	81	921	1021	1121	848	1485	1504	2000	-1	-1							
10962	6	0	682	662	1942	37	26	1424	1952	420	520	57	69	921	1021	1121	848	1485	1504	2000	-1	-1							
10963	6	0	682	662	1942	37	26	1424	1952	421	521	57	69	922	1022	1122	848	1485	1504	2000	-1	-1							
10964	6	0	682	662	1942	37	26	1424	1952	421	521	69	81	922	1022	1122	848	1485	1504	2000	-1	-1							
10965	6	0	682	662	1942	37	26	1424	1952	422	522	69	81	923	1023	1123	848	1485	1504	2000	-1	-1							
10966	6	0	682	662	1942	37	26	1424	1952	422	522	69	81	923	1023	1123	848	1485	1504	2000	-1	-1							
10967	6	0	682	662	1942	37	26	1424	1952	423	523	69	81	924	1024	1124	848	1485	1504	2000	-1	-1							
10968	6	0	682	662	1942	37	26	1424	1952	423	523	57	69	924	1024	1124	848	1485	1504	2000	-1	-1							
10969	6	0	682	662	1942	37	26	1424	1952	424	524	57	69	925	1025	1125	848	1485	1504	2000	-1	-1							
10970	6	0	682	662	1942	37	26	1424	1952	424	524	57	69	925	1025	1125	848	1485	1504	2000	-1	-1							
10971	6	0	682	662	1942	37	26	1424	1952	425	525	57	69	926	1026	1126	848	1485	1504	2000	-1	-1							
10972	6	0	682	662	1942	37	26	1424	1952	424	524	2	81	925	1025	1125	848	1485	1504	2000	-1	-1							
10973	6	0	682	662	1942	37	26	1424	1952	425	525	2	81	926	1026	1126	848	1485	1504	2000	-1	-1							
10974	6	0	682	662	1942	37	26	1424	1952	425	525	57	69	926	1026	1126	848	1485	1504	2000	-1	-1							
10975	6	0	682	662	1942	37	26	1424	1952	426	526	57	69	927	1027	1127	848	1485	1504	2000	-1	-1							
10976	6	0	682	662	1942	37	26	1424	1952	426	526	57	69	927	1027	1127	848	1485	1504	2000	-1	-1							
10977	6	0	682	662	1942	37	26	1424	1952	427	527	57	69	928	1028	1128	848	1485	1504	2000	-1	-1							
10978	6	0	682	662	1942	37	26	1424	1952	427	527	2	81	928	1028	1128	848	1485	1504	2000	-1	-1							
10979	6	0	682	662	1942	37	26	1424	1952	428	528	2	81	929	1029	1129	848	1485	1504	2000	-1	-1							
10980	6	0	682	662	1942	37	26	1424	1952	428	528	57	69	929	1029	1129	848	1485	1504	2000	-1	-1							
10981	8	0	683	663	1943	38	27	1425	1953	429	529	58	70	930	1030	1130	849	1486	1505	2000	-1	-1							
10982	8	0	683	663	1943	38	27	1425	1953	429	529	58	70	930	1030	1130	849	1486	1505	2000	-1	-1							
10983	8	0	683	663	1943	38	27	1425	1953	430	530	58	70	931	1031	1131	849	1486	1505	2000	-1	-1							
10984	8	0	683	663	1943	38	27	1425	1953	429	529	58	70	930	1030	1130	849	1486	1505	2000	-1	-1							
10985	8	0	683	663	1943	38	27	1425	1953	430	530	58	70	931	1031	1131	849	1486	1505	2000	-1	-1							
10986	8	0	683	663	1943	38	27	1425	1953	430	530	58	70	931	1031	1131	849	1486	1505	2000	-1	-1							
10987	8	0	683	663	1943	38	27	1425	1953	431	531	58	70	932	1032	1132	849	1486	1505	2000	-1	-1							
10988	8	0	683	663	1943	38	27	1425	1953	431	531	58	70	932	1032	1132	849	1486	1505	2000	-1	-1							
10989	8	0	683	663	1943	38	27	1425	1953	432	532	58	70	933	1033	1133	849	1486	1505	2000	-1	-1							
10990	8	0	683	663	1943	38	27	1425	1953	432	532	58	70	933	1033	1133	849	1486	1505	2000	-1	-1							
10991	8	0	683	663	1943	38	27	1425	1953	433	533	58	70	934	1034	1134	849	1486	1505	2000	-1	-1							
10992	8	0	683	663	1943	38	27	1425	1953	433	533	58	70	934	1034	1134	849	1486	1505	2000	-1	-1							
10993	8	0	683	663	1943	38	27	1425	1953	434	534	58	70	935	1035	1135	849	1486	1505	2000	-1	-1							
10994	8	0	683	663	1943	38	27	1425	1953	434	534	58	70	935	1035	1135	849	1486	1505	2000	-1	-1							
10995	8	0	683	663	1943	38	27	1425	1953	435	535	58	70	936	1036	1136	849	1486	1505	2000	-1	-1							
10996	8	0	683	663	1943	38	27	1425	1953	434	534	3	82	935	1035	1135	849	1486	1505	2000	-1	-1							
10997	8	0	683	663	1943	38	27	1425	1953	435	535	3	82	936	1036	1136	849	1486	1505	2000	-1	-1							
10998	8	0	683	663	1943	38	27	1425	1953	435	535	58	70	936	1036	1136	849	1486	1505	2000	-1	-1							
10999	8	0	683	663	1943	38	27	1425	1953	436	536	58	70	937	1037	1137	849	1486	1505	2000	-1	-1							
11000	8	0	683	663	1943	38	27	1425	1953	436	536	58	70	937	1037	1137	849	1486	1505	2000	-1	-1							
11001	8	0	683	663	1943	38	27	1425	1953	437	537	58	70	938	1038	1138	849	1486	1505	2000	-1	-1							
11002	8	0	683	663	1943	38	27	1425	1953	437	537	58	70	938	1038	1138	849	1486	1505	2000	-1	-1							
11003	8	0	683	663	1943	38	27	1425	1953	438	538	58	70	939	1039	1139	849	1486	1505	2000	-1	-1							
11004	8	0	683	663	1943	38	27	1425	1953	438	538	58	70	939	1039	1139	849	1486	1505	2000	-1	-1							
11005	10	0	684	664	1944	39	28	1426	1954	439	539	59	71	940	1040	1140	850	1487	1506	2000	-1	-1							
11006	10	0	684	664	1944	39	28	1426	1954	439	539	59	71	940	1040	1140	850	1487	1506	2000	-1	-1							
11007	10	0	684	664	1944	39	28	1426	1954	440	540	59	71	941	1041	1141	850	1487	1506	2000	-1	-1							
11008	10	0	684	664	1944	39	28	1426	1954	439	539	59	71	942	1042	1142	850	1487	1506	2000	-1	-1							
11009	10	0	684	664	1944	39	28	1426	1954	440	540	59	71	943	1043	1143	850	1487	1506	2000	-1	-1							
11010	10	0	684	664	1944	39	28	1426	1954	440	540	4	83	941	1041	1141	850	1487	1506	2000	-1	-1							
11011	10	0	684	664	1944	39	28	1426	1954	441	541	4	83	942	1042	1142	850	1487	1506	2000	-1	-1							
11012	10	0	684	664	1944	39	28	1426	1954	441	541	59	71	940	1040	1140	850	1487	1506	2000	-1	-1							
11013	10	0	684	664	1944	39	28	1426	1954	442	542	59	71	941	1041	1141	850	1487	1506	2000	-1	-1							
11014	10	0	684	664	1944	39	28	1426	1954	442	542	59	71	943	1043	1143	850	1487	1506	2000	-1	-1							
11015	10	0	684	664	1944	39	28	1426	1954	443	543	59	71	944	1044	1144	850	1487	1506	2000	-1	-1							
11016	10	0	684	664	1944	39	28	1426	1954	443	543	59	71	944	1044	1144	850	1487	1506	2000	-1	-1							
11017	10	0	684	664	1944	39	28	1426	1954	444	544	59	71	945	1045	1145	850	1487	1506	2000	-1	-1							
11018	10	0	684	664	1944	39	28	1426	1954	444	544	59	71	945	1045	1145	850	1487	1506	2000	-1	-1							
11019	10	0	684	664	1944	39	28	1426	1954	445	545	59	71	946	1046	1146	850	1487	1506	2000	-1	-1							
11020	10	0	684	664	1944	39	28	1426	1954	444	544	4	83	945	1045	1145	850	1487	1506	2000	-1	-1							
11021	10	0	684	664	1944	39	28	1426	1954	445	545	4	83	946	1046	1146	850	1487	1506	2000	-1	-1							
11022	10	0	684	664	1944	39	28	1426	1954	445	545	4	83	946	1046	1146	850	1487	1506	2000	-1	-1							
11023	10	0	684	664	1944	39	28	1426	1954	446	546	4	83	947	1047	1147	850	1487	1506	2000	-1	-1							
11024	10	0	684	664	1944	39	28	1426	1954	446	546	59	71	947	1047	1147	850	1487	1506	2000	-1	-1							
11025	10	0	684	664	1944	39	28	1426	1954	447	547	59	71	948	1048	1148	850	1487	1506	2000	-1	-1							
11026	10	0	684	664	1944	39	28	1426	1954	447	547	59	71	948	1048	1148	850	1487	1506	2000	-1	-1							
11027	10	0	684	664	1944	39	28	1426	1954	448	548	59	71	949	1049	1149	850	1487	1506	2000	-1	-1							
11028	10	0	684	664	1944	39	28	1426	1954	448	548	59	71	949	1049	1149	850	1487	1506	2000	-1	-1							
11029	13	0	685	665	1945	40	29	1427	1955	449	549	60	72	950	1050	1150	851	1488	1507	2000	-1	-1							
11030	13	0	685	665	1945	40	29	1427	1955	449	549	60	72	950	1050	1150	851	1488	1507	2000	-1	-1							
11031	13	0	685	665	1945	40	29	1427	1955	450	550	60	72	951	1051	1151	851	1488	1507	2000	-1	-1							
11032	13	0	685	665	1945	40	29	1427	1955	449	549	5	84	950	1050	1150	851	1488	1507	2000	-1	-1							
11033	13	0	685	665	1945	40	29	1427	1955	450	550	5	84	951	1051	1151	851	1488	1507	2000	-1	-1							
11034	13	0	685	665	1945	40	29	1427	1955	450	550	5	84	951	1051	1151	851	1488	1507	2000	-1	-1							
11035	13	0	685	665	1945	40	29	1427	1955	451	551	5	84	952	1052	1152	851	1488	1507	2000	-1	-1							
11036	13	0	685	665	1945	40	29	1427	1955	451	551	60	72	952	1052	1152	851	1488	1507	2000	-1	-1							
11037	13	0	685	665	1945	40	29	1427	1955	452	552	60	72	953	1053	1153	851	1488	1507	2000	-1	-1							
11038	13	0	685	665	1945	40	29	1427	1955	452	552	60	72	953	1053	1153	851	1488	1507	2000	-1	-1							
11039	13	0	685	665	1945	40	29	1427	1955	453	553	60	72	954	1054	1154	851	1488	1507	2000	-1	-1							
11040	13	0	685	665	1945	40	29	1427	1955	453	553	60	72	954	1054	1154	851	1488	1507	2000	-1	-1							
11041	13	0	685	665	1945	40	29	1427	1955	454	554	60	72	955	1055	1155	851	1488	1507	2000	-1	-1							
11042	13	0	685	665	1945	40	29	1427	1955	454	554	60	72	955	1055	1155	851	1488	1507	2000	-1	-1							
11043	13	0	685	665	1945	40	29	1427	1955	455	555	60	72	956	1056	1156	851	1488	1507	2000	-1	-1							
11044	13	0	685	665	1945	40	29	1427	1955	454	554	5	84	955	1055	1155	851	1488	1507	2000	-1	-1							
11045	13	0	685	665	1945	40	29	1427	1955	455	555	5	84	956	1056	1156	851	1488	1507	2000	-1	-1							
11046	13	0	685	665	1945	40	29	1427	1955	455	555	5	84	956	1056	1156	851	1488	1507	2000	-1	-1							
11047	13	0	685	665	1945	40	29	1427	1955	456	556	5	84	957	1057	1157	851	1488	1507	2000	-1	-1							
11048	13	0	685	665	1945	40	29	1427	1955	456	556	17	60	957	1057	1157	851	1488	1507	2000	-1	-1							
11049	13	0	685	665	1945	40	29	1427	1955	457	557	17	60	958	1058	1158	851	1488	1507	2000	-1	-1							
11050	13	0	685	665	1945	40	29	1427	1955	457	557	17	60	958	1058	1158	851	1488	1507	2000	-1	-1							
11051	13	0	685	665	1945	40	29	1427	1955	458	558	17	60	959	1059	1159	851	1488	1507	2000	-1	-1							
11052	13	0	685	665	1945	40	29	1427	1955	458	558	17	60	959	1059	1159	851	1488	1507	2000	-1	-1							
11053	21	0	686	666	1946	41	30	1428	1956	459	559	18	61	960	1060	1160	852	1489	1508	2000	-1	-1							
11054	21	0	686	666	1946	41	30	1428	1956	459	559	18	61	960	1060	1160	852	1489	1508	2000	-1	-1							
11055	21	0	686	666	1946	41	30	1428	1956	460	560	18	61	961	1061	1161	852	1489	1508	2000	-1	-1							
11056	21	0	686	666	1946	41	30	1428	1956	459	559	6	85	960	1060	1160	852	1489	1508	2000	-1	-1							
11057	21	0	686	666	1946	41	30	1428	1956	460	560	6	85	961	1061	1161	852	1489	1508	2000	-1	-1							
11058	21	0	686	666	1946	41	30	1428	1956	460	560	6	85	961	1061	1161	852	1489	1508	2000	-1	-1							
11059	21	0	686	666	1946	41	30	1428	1956	461	561	6	85	962	1062	1162	852	1489	1508	2000	-1	-1							
11060	21	0	686	666	1946	41	30	1428	1956	461	561	61	73	962	1062	1162	852	1489	1508	2000	-1	-1							
11061	21	0	686	666	1946	41	30	1428	1956	462	562	61	73	963	1063	1163	852	1489	1508	2000	-1	-1							
11062	21	0	686	666	1946	41	30	1428	1956	462	562	61	73	963	1063	1163	852	1489	1508	2000	-1	-1							
11063	21	0	686	666	1946	41	30	1428	1956	463	563	61	73	964	1064	1164	852	1489	1508	2000	-1	-1							
11064	21	0	686	666	1946	41	30	1428	1956	463	563	61	73	964	1064	1164	852	1489	1508	2000	-1	-1							
11065	21	0	686	666	1946	41	30	1428	1956	464	564	61	73	965	1065	1165	852	1489	1508	2000	-1	-1							
11066	21	0	686	666	1946	41	30	1428	1956	464	564	61	73	965	1065	1165	852	1489	1508	2000	-1	-1							
11067	21	0	686	666	1946	41	30	1428	1956	465	565	61	73	966	1066	1166	852	1489	1508	2000	-1	-1							
11068	21	0	686	666	1946	41	30	1428	1956	464	564	6	85	965	1065	1165	852	1489	1508	2000	-1	-1							
11069	21	0	686	666	1946	41	30	1428	1956	465	565	6	85	966	1066	1166	852	1489	1508	2000	-1	-1							
11070	21	0	686	666	1946	41	30	1428	1956	465	565	61	73	966	1066	1166	852	1489	1508	2000	-1	-1							
11071	21	0	686	666	1946	41	30	1428	1956	466	566	61	73	967	1067	1167	852	1489	1508	2000	-1	-1							
11072	21	0	686	666	1946	41	30	1428	1956	466	566	61	73	967	1067	1167	852	1489	1508	2000	-1	-1							
11073	21	0	686	666	1946	41	30	1428	1956	467	567	61	73	968	1068	1168	852	1489	1508	2000	-1	-1							
11074	21	0	686	666	1946	41	30	1428	1956	467	567	61	73	968	1068	1168	852	1489	1508	2000	-1	-1							
11075	21	0	686	666	1946	41	30	1428	1956	468	568	61	73	969	1069	1169	852	1489	1508	2000	-1	-1							
11076	21	0	686	666	1946	41	30	1428	1956	468	568	61	73	969	1069	1169	852	1489	1508	2000	-1	-1							
11077	33	0	687	667	1947	42	31	1429	1957	469	569	62	74	970	1070	1170	853	1490	1509	2000	-1	-1							
11078	33	0	687	667	1947	42	31	1429	1957	469	569	62	74	970	1070	1170	853	1490	1509	2000	-1	-1							
11079	33	0	687	667	1947	42	31	1429	1957	470	570	62	74	971	1071	1171	853	1490	1509	2000	-1	-1							
11080	33	0	687	667	1947	42	31	1429	1957	469	569	7	86	970	1070	1170	853	1490	1509	2000	-1	-1							
11081	33	0	687	667	1947	42	31	1429	1957	470	570	7	86	971	1071	1171	853	1490	1509	2000	-1	-1							
11082	33	0	687	667	1947	42	31	1429	1957	470	570	19	62	971	1071	1171	853	1490	1509	2000	-1	-1							
11083	33	0	687	667	1947	42	31	1429	1957	471	571	19	62	972	1072	1172	853	1490	1509	2000	-1	-1							
11084	33	0	687	667	1947	42	31	1429	1957	471	571	19	62	972	1072	1172	853	1490	1509	2000	-1	-1							
11085	33	0	687	667	1947	42	31	1429	1957	472	572	19	62	973	1073	1173	853	1490	1509	2000	-1	-1							
11086	33	0	687	667	1947	42	31	1429	1957	472	572	19	62	973	1073	1173	853	1490	1509	2000	-1	-1							
11087	33	0	687	667	1947	42	31	1429	1957	473	573	19	62	974	1074	1174	853	1490	1509	2000	-1	-1							
11088	33	0	687	667	1947	42	31	1429	1957	473	573	19	62	974	1074	1174	853	1490	1509	2000	-1	-1							
11089	33	0	687	667	1947	42	31	1429	1957	474	574	19	62	975	1075	1175	853	1490	1509	2000	-1	-1							
11090	33	0	687	667	1947	42	31	1429	1957	474	574	19	62	975	1075	1175	853	1490	1509	2000	-1	-1							
11091	33	0	687	667	1947	42	31	1429	1957	475	575	19	62	976	1076	1176	853	1490	1509	2000	-1	-1							
11092	33	0	687	667	1947	42	31	1429	1957	474	574	7	86	975	1075	1175	853	1490	1509	2000	-1	-1							
11093	33	0	687	667	1947	42	31	1429	1957	475	575	7	86	976	1076	1176	853	1490	1509	2000	-1	-1							
11094	33	0	687	667	1947	42	31	1429	1957	475	575	7	86	976	1076	1176	853	1490	1509	2000	-1	-1							
11095	33	0	687	667	1947	42	31	1429	1957	476	576	7	86	977	1077	1177	853	1490	1509	2000	-1	-1							
11096	33	0	687	667	1947	42	31	1429	1957	476	576	62	74	977	1077	1177	853	1490	1509	2000	-1	-1							
11097	33	0	687	667	1947	42	31	1429	1957	477	577	62	74	978	1078	1178	853	1490	1509	2000	-1	-1							
11098	33	0	687	667	1947	42	31	1429	1957	477	577	62	74	978	1078	1178	853	1490	1509	2000	-1	-1							
11099	33	0	687	667	1947	42	31	1429	1957	478	578	62	74	979	1079	1179	853	1490	1509	2000	-1	-1							
11100	33	0	687	667	1947	42	31	1429	1957	478	578	62	74	979	1079	1179	853	1490	1509	2000	-1	-1							
11101	51	0	688	668	1948	43	32	1430	1958	479	579	63	75	980	1080	1180	854	1491	1510	2000	-1	-1							
11102	51	0	688	668	1948	43	32	1430	1958	479	579	63	87	980	1080	1180	854	1491	1510	2000	-1	-1							
11103	51	0	688	668	1948	43	32	1430	1958	480	580	63	87	981	1081	1181	854	1491	1510	2000	-1	-1							
11104	51	0	688	668	1948	43	32	1430	1958	479	579	8	87	980	1080	1180	854	1491	1510	2000	-1	-1							
11105	51	0	688	668	1948	43	32	1430	1958	480	580	8	87	981	1081	1181	854	1491	1510	2000	-1	-1							
11106	51	0	688	668	1948	43	32	1430	1958	480	580	63	75	981	1081	1181	854	1491	1510	2000	-1	-1							
11107	51	0	688	668	1948	43	32	1430	1958	481	581	63	75	982	1082	1182	854	1491	1510	2000	-1	-1							
11108	51	0	688	668	1948	43	32	1430	1958	481	581	20	63	982	1082	1182	854	1491	1510	2000	-1	-1							
11109	51	0	688	668	1948	43	32	1430	1958	482	582	20	63	983	1083	1183	854	1491	1510	2000	-1	-1							
11110	51	0	688	668	1948	43	32	1430	1958	482	582	63	75	983	1083	1183	854	1491	1510	2000	-1	-1							
11111	51	0	688	668	1948	43	32	1430	1958	483	583	63	75	984	1084	1184	854	1491	1510	2000	-1	-1							
11112	51	0	688	668	1948	43	32	1430	1958	483	583	63	75	984	1084	1184	854	1491	1510	2000	-1	-1							
11113	51	0	688	668	1948	43	32	1430	1958	484	584	63	75	985	1085	1185	854	1491	1510	2000	-1	-1							
11114	51	0	688	668	1948	43	32	1430	1958	483	583	8	87	984	1084	1184	854	1491	1510	2000	-1	-1							
11115	51	0	688	668	1948	43	32	1430	1958	484	584	8	87	985	1085	1185	854	1491	1510	2000	-1	-1							
11116	51	0	688	668	1948	43	32	1430	1958	484	584	8	87	985	1085	1185	854	1491	1510	2000	-1	-1							
11117	51	0	688	668	1948	43	32	1430	1958	485	585	8	87	986	1086	1186	854	1491	1510	2000	-1	-1							
11118	51	0	688	668	1948	43	32	1430	1958	485	585	63	75	986	1086	1186	854	1491	1510	2000	-1	-1							
11119	51	0	688	668	1948	43	32	1430	1958	486	586	63	75	987	1087	1187	854	1491	1510	2000	-1	-1							
11120	51	0	688	668	1948	43	32	1430	1958	486	586	63	75	987	1087	1187	854	1491	1510	2000	-1	-1							
11121	51	0	688	668	1948	43	32	1430	1958	487	587	63	75	988	1088	1188	854	1491	1510	2000	-1	-1							
11122	51	0	688	668	1948	43	32	1430	1958	487	587	63	75	988	1088	1188	854	1491	1510	2000	-1	-1							
11123	51	0	688	668	1948	43	32	1430	1958	488	588	63	75	989	1089	1189	854	1491	1510	2000	-1	-1							
11124	61	0	33	489	589	9	88	1431	44	1949	669	689	990	1090	1190	855	1492	1511	2000	-1	-1	-1							
11125	61	0	33	490	590	9	88	1431	44	1949	669	689	991	1091	1191	855	1492	1511	2000	-1	-1	-1							
11126	51	0	32	487	587	8	87	1430	1958	43	1948	668	688	988	1088	1188	854	1491	1510	2000	-1	-1							
11127	51	0	32	488	588	8	87	1430	1958	43	1948	668	688	989	1089	1189	854	1491	1510	2000	-1	-1							
11128	51	0	32	488	588	75	87	1430	1958	43	1948	668	688	989	1089	1189	854	1491	1510	2000	-1	-1							
11129	61	0	33	489	589	76	88	1431	44	1949	669	689	990	1090	1190	855	1492	1511	2000	-1	-1	-1							
11130	61	0	689	669	1949	44	33	1431	490	590	76	88	991	1091	1191	855	1492	1511	2000	-1	-1	-1							
11131	61	0	689	669	1949	44	33	1431	491	591	76	88	992	1092	1192	855	1492	1511	2000	-1	-1	-1							
11132	61	0	689	669	1949	44	33	1431	491	591	76	88	992	1092	1192	855	1492	1511	2000	-1	-1	-1							
11133	61	0	689	669	1949	44	33	1431	492	592	76	88	993	1093	1193	855	1492	1511	2000	-1	-1	-1							
11134	61	0	689	669	1949	44	33	1431	491	591	9	88	992	1092	1192	855	1492	1511	2000	-1	-1	-1							
11135	61	0	689	669	1949	44	33	1431	492	592	9	88	993	1093	1193	855	1492	1511	2000	-1	-1	-1							
11136	61	0	689	669	1949	44	33	1431	492	592	64	76	993	1093	1193	855	1492	1511	2000	-1	-1	-1							
11137	61	0	689	669	1949	44	33	1431	493	593	64	76	994	1094	1194	855	1492	1511	2000	-1	-1	-1							
11138	61	0	689	669	1949	44	33	1431	493	593	64	76	994	1094	1194	855	1492	1511	2000	-1	-1	-1							
11139	61	0	689	669	1949	44	33	1431	494	594	64	76	995	1095	1195	855	1492	1511	2000	-1	-1	-1							
11140	61	0	689	669	1949	44	33	1431	494	594	64	76	995	1095	1195	855	1492	1511	2000	-1	-1	-1							
11141	61	0	689	669	1949	44	33	1431	495	595	64	76	996	1096	1196	855	1492	1511	2000	-1	-1	-1							
11142	61	0	689	669	1949	44	33	1431	495	595	64	76	996	1096	1196	855	1492	1511	2000	-1	-1	-1							
11143	61	0	689	669	1949	44	33	1431	496	596	64	76	997	1097	1197	855	1492	1511	2000	-1	-1	-1							
11144	61	0	689	669	1949	44	33	1431	495	595	9	88	996	1096	1196	855	1492	1511	2000	-1	-1	-1							
11145	61	0	689	669	1949	44	33	1431	496	596	9	88	997	1097	1197	855	1492	1511	2000	-1	-1	-1							
11146	61	0	689	669	1949	44	33	1431	496	596	21	88	997	1097	1197	855	1492	1511	2000	-1	-1	-1							
11147	61	0	689	669	1949	44	33	1431	497	597	21	88	998	1098	1198	855	1492	1511	2000	-1	-1	-1							
11148	61	0	689	669	1949	44	33	1431	497	597	21	88	998	1098	1198	855	1492	1511	2000	-1	-1	-1							
11149	61	0	689	669	1949	44	33	1431	498	598	21	88	999	1099	1199	855	1492	1511	2000	-1	-1	-1							
11150	61	0	689	669	1949	44	33	1431	498	598	21	88	999	1099	1199	855	1492	1511	2000	-1	-1	-1							
11151	88	0	689	669	1949	44	34	1431	499	599	22	89	999	1099	1199	855	1493	1512	2000	-1	-1	-1							
11152	88	0	689	669	1949	44	34	1431	499	599	22	89	999	1099	1199	855	1493	1512	2000	-1	-1	-1							
11153	88	0	689	669	1949	44	34	1431	499	599	22	89	999	1099	1199	855	1493	1512	2000	-1	-1	-1							
11154	88	0	689	669	1949	44	34	1431	499	599	10	89	999	1099	1199	855	1493	1512	2000	-1	-1	-1							
11155	88	0	689	669	1949	44	34	1431	499	599	10	89	999	1099	1199	855	1493	1512	2000	-1	-1	-1							
11156	88	0	689	669	1949	44	34	1431	499	599	65	89	999	1099	1199	855	1493	1512	2000	-1	-1	-1							
11157	88	0	689	669	1949	44	34	1431	499	599	65	89	999	1099	1199	855	1493	1512	2000	-1	-1	-1							
11158	88	0	689	669	1949	44	34	1431	499	599	10	89	999	1099	1199	855	1493	1512	2000	-1	-1	-1							
11159	88	0	689	669	1949	44	34	1431	499	599	10	89	999	1099	1199	855	1493	1512	2000	-1	-1	-1							
11160	88	0	689	669	1949	44	34	1431	499	599	65	89	999	1099	1199	855	1493	1512	2000	-1	-1	-1							
11161	88	0	689	669	1949	44	34	1431	499	599	65	89	999	1099	1199	855	1493	1512	2000	-1	-1	-1							
11162	88	0	689	669	1949	44	34	1431	499	599	65	89	999	1099	1199	855	1493	1512	2000	-1	-1	-1							
11163	88	0	689	669	1949	44	34	1431	499	599	65	89	999	1099	1199	855	1493	1512	2000	-1	-1	-1							
11172	18	1	680	660	1940	35	24	400	1950	403	503	79	308	311	-1	-1	-1	-1	-1	-1	-1	-1							
11173	18	1	680	660	1940	35	24	400	1950	403	503	79	308	311	-1	-1	-1	-1	-1	-1	-1	-1							
11174	18	1	680	660	1940	35	24	400	1950	405	505	79	308	311	-1	-1	-1	-1	-1	-1	-1	-1							
11175	18	1	680	660	1940	35	24	400	1950	407	507	79	309	311	-1	-1	-1	-1	-1	-1	-1	-1							
11176	18	1	681	661	1941	36	25	1423	1951	409	509	1	80	309	311	-1	-1	-1	-1	-1	-1	-1							
11177	22	1	681	661	1941	36	25	1423	1951	411	511	13	56	-1	-1	-1	-1	-1	-1	-1	-1	-1							
11178	18	1	680	660	1940	35	24	400	1950	403	503	79	308	311	-1	-1	-1	-1	-1	-1	-1	-1							
11179	18	1	680	660	1940	35	24	400	1950	405	505	79	308	311	-1	-1	-1	-1	-1	-1	-1	-1							
11180	18	1	680	660	1940	35	24	400	1950	407	507	12	55	309	311	-1	-1	-1	-1	-1	-1	-1							
11181	18	1	681	661	1941	36	25	1423	1951	409	509	56	68	309	311	-1	-1	-1	-1	-1	-1	-1							
11182	22	1	681	661	1941	36	25	1423	1951	411	511	13	56	-1	-1	-1	-1	-1	-1	-1	-1	-1							
11183	18	1	681	25	410	510	1	80	1423	1951	36	1941	661	-1	-1	-1	-1	-1	-1	-1	-1	-1							
11184	18	1	681	25	411	511	13	56	1423	1951	36	1941	661	-1	-1	-1	-1	-1	-1	-1	-1	-1							
11185	18	1	681	25	412	512	1	80	1423	1951	36	1941	661	-1	-1	-1	-1	-1	-1	-1	-1	-1							
11186	18	1	681	25	413	513	56	68	1423	1951	36	1941	661	-1	-1	-1	-1	-1	-1	-1	-1	-1							
11187	22	1	681	25	414	514	1	80	1423	1951	36	1941	661	-1	-1	-1	-1	-1	-1	-1	-1	-1							
11188	18	1	681	25	410	510	56	68	1423	1951	36	1941	661	-1	-1	-1	-1	-1	-1	-1	-1	-1							
11189	18	1	681	25	411	511	1	80	1423	1951	36	1941	661	1351	-1	-1	-1	-1	-1	-1	-1	-1							
11190	18	1	681	25	412	512	1	80	1423	1951	36	1941	661	1351	-1	-1	-1	-1	-1	-1	-1	-1							
11191	18	1	681	25	413	513	68	80	1423	1951	36	1941	661	1351	-1	-1	-1	-1	-1	-1	-1	-1							
11192	22	1	681	25	414	514	68	80	1423	1951	36	1941	661	1351	-1	-1	-1	-1	-1	-1	-1	-1							
11193	22	1	681	25	415	515	1	80	1423	1951	36	1941	661	1351	-1	-1	-1	-1	-1	-1	-1	-1							
11194	22	1	681	25	416	516	13	56	1423	1951	36	1941	661	1351	-1	-1	-1	-1	-1	-1	-1	-1							
11195	22	1	681	25	417	517	1	80	1423	1951	36	1941	661	1351	-1	-1	-1	-1	-1	-1	-1	-1							
11196	22	1	681	25	418	518	13	56	1423	1951	36	1941	661	1351	-1	-1	-1	-1	-1	-1	-1	-1							
11197	22	1	682	26	419	519	14	57	1424	1952	37	1942	662	1351	-1	-1	-1	-1	-1	-1	-1	-1							
11198	22	1	681	25	415	515	1	80	1423	1951	36	1941	661	1351	-1	-1	-1	-1	-1	-1	-1	-1							
11199	22	1	681	25	416	516	1	80	1423	1951	36	1941	661	1351	-1	-1	-1	-1	-1	-1	-1	-1							
11200	22	1	681	25	417	517	13	56	1423	1951	36	1941	661	1351	-1	-1	-1	-1	-1	-1	-1	-1							
11201	22	1	681	25	418	518	56	68	1423	1951	36	1941	661	1351	-1	-1	-1	-1	-1	-1	-1	-1							
11202	22	1	682	26	419	519	2	81	1424	1952	37	1942	662	1351	-1	-1	-1	-1	-1	-1	-1	-1							
11203	22	1	682	26	420	520	57	69	1424	1952	37	1942	662	1351	-1	-1	-1	-1	-1	-1	-1	-1							
11204	22	1	682	26	421	521	69	81	1424	1952	37	1942	662	1351	-1	-1	-1	-1	-1	-1	-1	-1							
11205	22	1	682	26	422	522	69	81	1424	1952	37	1942	662	1351	-1	-1	-1	-1	-1	-1	-1	-1							
11206	22	1	682	26	423	523	57	69	1424	1952	37	1942	662	1351	-1	-1	-1	-1	-1	-1	-1	-1							
11207	26	1	682	26	424	524	57	69	1424	1952	37	1942	662	1352	-1	-1	-1	-1	-1	-1	-1	-1							
11208	26	1	682	26	424	524	2	81	1424	1952	37	1942	662	1352	-1	-1	-1	-1	-1	-1	-1	-1							
11209	26	1	682	26	425	525	57	69	1424	1952	37	1942	662	1352	-1	-1	-1	-1	-1	-1	-1	-1							
11210	26	1	682	26	426	526	57	69	1424	1952	37	1942	662	1352	-1	-1	-1	-1	-1	-1	-1	-1							
11211	26	1	682	26	427	527	2	81	1424	1952	37	1942	662	1352	-1	-1	-1	-1	-1	-1	-1	-1							
11212	26	1	682	26	428	528	57	69	1424	1952	37	1942	662	1352	-1	-1	-1	-1	-1	-1	-1	-1							
11213	26	1	683	27	429	529	58	70	1425	1953	38	1943	663	1352	-1	-1	-1	-1	-1	-1	-1	-1							
11214	26	1	683	27	429	529	58	70	1425	1953	38	1943	663	1352	-1	-1	-1	-1	-1	-1	-1	-1							
11215	26	1	683	27	430	530	58	70	1425	1953	38	1943	663	1352	-1	-1	-1	-1	-1	-1	-1	-1							
11216	26	1	683	27	431	531	58	70	1425	1953	38	1943	663	1352	-1	-1	-1	-1	-1	-1	-1	-1							
11217	26	1	683	27	432	532	58	70	1425	1953	38	1943	663	1352	-1	-1	-1	-1	-1	-1	-1	-1							
11218	26	1	683	27	433	533	58	70	1425	1953	38	1943	663	1352	-1	-1	-1	-1	-1	-1	-1	-1							
11219	32	1	683	27	434	534	58	70	1425	1953	38	1943	663	1353	-1	-1	-1	-1	-1	-1	-1	-1							
11220	32	1	683	27	434	534	3	82	1425	1953	38	1943	663	1353	-1	-1	-1	-1	-1	-1	-1	-1							
11221	32	1	683	27	435	535	58	70	1425	1953	38	1943	663	1353	-1	-1	-1	-1	-1	-1	-1	-1							
11222	32	1	683	27	436	536	58	70	1425	1953	38	1943	663	1353	-1	-1	-1	-1	-1	-1	-1	-1							
11223	32	1	683	27	437	537	58	70	1425	1953	38	1943	663	1353	-1	-1	-1	-1	-1	-1	-1	-1							
11224	32	1	683	27	438	538	58	70	1425	1953	38	1943	663	1353	-1	-1	-1	-1	-1	-1	-1	-1							
11225	32	1	684	28	439	539	59	71	1426	1954	39	1944	664	1353	-1	-1	-1	-1	-1	-1	-1	-1							
11226	32	1	684	28	441	541	59	71	1426	1954	39	1944	664	1353	-1	-1	-1	-1	-1	-1	-1	-1							
11227	32	1	684	28	440	540	4	83	1426	1954	39	1944	664	1353	-1	-1	-1	-1	-1	-1	-1	-1							
11228	32	1	684	28	439	539	59	71	1426	1954	39	1944	664	1353	-1	-1	-1	-1	-1	-1	-1	-1							
11229	32	1	684	28	442	542	59	71	1426	1954	39	1944	664	1353	-1	-1	-1	-1	-1	-1	-1	-1							
11230	32	1	684	28	443	543	59	71	1426	1954	39	1944	664	1353	-1	-1	-1	-1	-1	-1	-1	-1							
11231	41	1	684	28	444	544	59	71	1426	1954	39	1944	664	1354	-1	-1	-1	-1	-1	-1	-1	-1							
11232	41	1	684	28	444	544	4	83	1426	1954	39	1944	664	1354	-1	-1	-1	-1	-1	-1	-1	-1							
11233	41	1	684	28	445	545	4	83	1426	1954	39	1944	664	1354	-1	-1	-1	-1	-1	-1	-1	-1							
11234	41	1	684	28	446	546	59	71	1426	1954	39	1944	664	1354	-1	-1	-1	-1	-1	-1	-1	-1							
11235	41	1	684	28	447	547	59	71	1426	1954	39	1944	664	1354	-1	-1	-1	-1	-1	-1	-1	-1							
11236	41	1	684	28	448	548	59	71	1426	1954	39	1944	664	1354	-1	-1	-1	-1	-1	-1	-1	-1							
11237	41	1	685	29	449	549	60	72	1427	1955	40	1945	665	1354	-1	-1	-1	-1	-1	-1	-1	-1							
11238	41	1	685	29	449	549	5	84	1427	1955	40	1945	665	1354	-1	-1	-1	-1	-1	-1	-1	-1							
11239	41	1	685	29	450	550	5	84	1427	1955	40	1945	665	1354	-1	-1	-1	-1	-1	-1	-1	-1							
11240	41	1	685	29	451	551	60	72	1427	1955	40	1945	665	1354	-1	-1	-1	-1	-1	-1	-1	-1							
11241	41	1	685	29	452	552	60	72	1427	1955	40	1945	665	1354	-1	-1	-1	-1	-1	-1	-1	-1							
11242	41	1	685	29	453	553	60	72	1427	1955	40	1945	665	1354	-1	-1	-1	-1	-1	-1	-1	-1							
11243	52	1	685	29	454	554	60	72	1427	1955	40	1945	665	1355	-1	-1	-1	-1	-1	-1	-1	-1							
11244	52	1	685	29	454	554	5	84	1427	1955	40	1945	665	1355	-1	-1	-1	-1	-1	-1	-1	-1							
11245	52	1	685	29	455	555	5	84	1427	1955	40	1945	665	1355	-1	-1	-1	-1	-1	-1	-1	-1							
11246	52	1	685	29	456	556	17	60	1427	1955	40	1945	665	1355	-1	-1	-1	-1	-1	-1	-1	-1							
11247	52	1	685	29	457	557	17	60	1427	1955	40	1945	665	1355	-1	-1	-1	-1	-1	-1	-1	-1							
11248	52	1	685	29	458	558	17	60	1427	1955	40	1945	665	1355	-1	-1	-1	-1	-1	-1	-1	-1							
11249	66	1	686	30	459	559	18	61	1428	1956	41	1946	666	1355	-1	-1	-1	-1	-1	-1	-1	-1							
11250	66	1	686	30	459	559	6	85	1428	1956	41	1946	666	1355	-1	-1	-1	-1	-1	-1	-1	-1							
11251	66	1	686	30	460	560	6	85	1428	1956	41	1946	666	1355	-1	-1	-1	-1	-1	-1	-1	-1							
11252	66	1	686	30	461	561	61	73	1428	1956	41	1946	666	1355	-1	-1	-1	-1	-1	-1	-1	-1							
11253	66	1	686	30	462	562	61	73	1428	1956	41	1946	666	1355	-1	-1	-1	-1	-1	-1	-1	-1							
11254	66	1	686	30	463	563	61	73	1428	1956	41	1946	666	1355	-1	-1	-1	-1	-1	-1	-1	-1							
11255	84	1	686	30	464	564	61	73	1428	1956	41	1946	666	1356	-1	-1	-1	-1	-1	-1	-1	-1							
11256	84	1	686	30	464	564	6	85	1428	1956	41	1946	666	1356	-1	-1	-1	-1	-1	-1	-1	-1							
11257	84	1	686	30	465	565	61	73	1428	1956	41	1946	666	1356	-1	-1	-1	-1	-1	-1	-1	-1							
11258	84	1	686	30	466	566	61	73	1428	1956	41	1946	666	1356	-1	-1	-1	-1	-1	-1	-1	-1							
11259	84	1	686	30	467	567	61	73	1428	1956	41	1946	666	1356	-1	-1	-1	-1	-1	-1	-1	-1							
11260	84	1	686	30	468	568	61	73	1428	1956	41	1946	666	1356	-1	-1	-1	-1	-1	-1	-1	-1							
11261	107	1	687	31	469	569	62	74	1429	1957	42	1947	667	1356	-1	-1	-1	-1	-1	-1	-1	-1							
11262	107	1	687	31	469	569	7	86	1429	1957	42	1947	667	1356	-1	-1	-1	-1	-1	-1	-1	-1							
11263	107	1	687	31	470	570	19	62	1429	1957	42	1947	667	1356	-1	-1	-1	-1	-1	-1	-1	-1							
11264	107	1	687	31	471	571	19	62	1429	1957	42	1947	667	1356	-1	-1	-1	-1	-1	-1	-1	-1							
11265	107	1	687	31	472	572	19	62	1429	1957	42	1947	667	1356	-1	-1	-1	-1	-1	-1	-1	-1							
11266	107	1	687	31	473	573	19	62	1429	1957	42	1947	667	1356	-1	-1	-1	-1	-1	-1	-1	-1							
11267	134	1	687	31	474	574	19	62	1429	1957	42	1947	667	1517	-1	-1	-1	-1	-1	-1	-1	-1							
11268	134	1	687	31	474	574	7	86	1429	1957	42	1947	667	1517	-1	-1	-1	-1	-1	-1	-1	-1							
11269	134	1	687	31	475	575	7	86	1429	1957	42	1947	667	1517	-1	-1	-1	-1	-1	-1	-1	-1							
11270	134	1	687	31	476	576	62	74	1429	1957	42	1947	667	1517	-1	-1	-1	-1	-1	-1	-1	-1							
11271	134	1	687	31	477	577	62	74	1429	1957	42	1947	667	1517	-1	-1	-1	-1	-1	-1	-1	-1							
11272	134	1	687	31	478	578	62	74	1429	1957	42	1947	667	1517	-1	-1	-1	-1	-1	-1	-1	-1							
11273	166	1	688	32	479	579	63	87	1430	1958	43	1948	668	1518	-1	-1	-1	-1	-1	-1	-1	-1							
11274	166	1	688	32	479	579	8	87	1430	1958	43	1948	668	1518	-1	-1	-1	-1	-1	-1	-1	-1							
11275	166	1	688	32	480	580	63	75	1430	1958	43	1948	668	1518	-1	-1	-1	-1	-1	-1	-1	-1							
11276	166	1	688	32	481	581	20	63	1430	1958	43	1948	668	1518	-1	-1	-1	-1	-1	-1	-1	-1							
11277	166	1	688	32	482	582	63	75	1430	1958	43	1948	668	1518	-1	-1	-1	-1	-1	-1	-1	-1							
11278	166	1	688	32	483	583	63	75	1430	1958	43	1948	668	1518	-1	-1	-1	-1	-1	-1	-1	-1							
11279	166	1	688	32	483	583	8	87	1430	1958	43	1948	668	1518	-1	-1	-1	-1	-1	-1	-1	-1							
11280	204	1	688	32	484	584	8	87	1430	1958	43	1948	668	-1	-1	-1	-1	-1	-1	-1	-1	-1							
11281	204	1	688	32	485	585	63	75	1430	1958	43	1948	668	-1	-1	-1	-1	-1	-1	-1	-1	-1							
11282	204	1	688	32	486	586	63	75	1430	1958	43	1948	668	-1	-1	-1	-1	-1	-1	-1	-1	-1							
11283	204	1	688	32	487	587	63	75	1430	1958	43	1948	668	-1	-1	-1	-1	-1	-1	-1	-1	-1							
11284	247	1	689	33	489	589	9	88	1431	44	1949	669	-1	-1	-1	-1	-1	-1	-1	-1	-1	-1							
11285	204	1	688	32	487	587	8	87	1430	1958	43	1948	668	-1	-1	-1	-1	-1	-1	-1	-1	-1							
11286	204	1	688	32	488	588	75	87	1430	1958	43	1948	668	-1	-1	-1	-1	-1	-1	-1	-1	-1							
11287	247	1	689	33	490	590	76	88	1431	44	1949	669	-1	-1	-1	-1	-1	-1	-1	-1	-1	-1							
11288	247	1	689	33	491	591	76	88	1431	44	1949	669	-1	-1	-1	-1	-1	-1	-1	-1	-1	-1							
11289	247	1	689	33	491	591	9	88	1431	44	1949	669	-1	-1	-1	-1	-1	-1	-1	-1	-1	-1							
11290	247	1	689	33	492	592	64	76	1431	44	1949	669	-1	-1	-1	-1	-1	-1	-1	-1	-1	-1							
11291	247	1	689	33	493	593	64	76	1431	44	1949	669	-1	-1	-1	-1	-1	-1	-1	-1	-1	-1							
11292	297	1	689	33	494	594	64	76	1431	44	1949	669	-1	-1	-1	-1	-1	-1	-1	-1	-1	-1							
11293	297	1	689	33	495	595	64	76	1431	44	1949	669	-1	-1	-1	-1	-1	-1	-1	-1	-1	-1							
11294	297	1	689	33	495	595	9	88	1431	44	1949	669	-1	-1	-1	-1	-1	-1	-1	-1	-1	-1							
11295	297	1	689	33	496	596	21	88	1431	44	1949	669	-1	-1	-1	-1	-1	-1	-1	-1	-1	-1							
11296	297	1	689	33	497	597	21	88	1431	44	1949	669	-1	-1	-1	-1	-1	-1	-1	-1	-1	-1							
11297	297	1	689	33	498	598	21	88	1431	44	1949	669	-1	-1	-1	-1	-1	-1	-1	-1	-1	-1							
11298	354	1	689	34	499	599	22	89	1431	44	1949	669	-1	-1	-1	-1	-1	-1	-1	-1	-1	-1							
11299	354	1	689	34	499	599	10	89	1431	44	1949	669	-1	-1	-1	-1	-1	-1	-1	-1	-1	-1							
11300	354	1	689	34	499	599	65	89	1431	44	1949	669	-1	-1	-1	-1	-1	-1	-1	-1	-1	-1							
11301	354	1	689	34	499	599	10	89	1431	44	1949	669	-1	-1	-1	-1	-1	-1	-1	-1	-1	-1							
11302	354	1	689	34	499	599	65	89	1431	44	1949	669	-1	-1	-1	-1	-1	-1	-1	-1	-1	-1							
11303	354	1	689	34	499	599	65	89	1431	44	1949	669	-1	-1	-1	-1	-1	-1	-1	-1	-1	-1							
11307	33	0	687	667	627	42	31	1429	1957	474	574	19	62	975	1075	1175	853	1490	1509	1519	1542	2000							
11308	33	0	687	667	627	42	31	1429	1957	475	575	19	62	976	1076	1176	853	1490	1509	1519	1542	2000							
11309	33	0	687	667	627	42	31	1429	1957	476	576	62	74	977	1077	1177	853	1490	1509	1519	1542	2000							
11310	33	0	687	667	627	42	31	1429	1957	477	577	62	74	978	1078	1178	853	1490	1509	1519	1542	2000							
11311	51	0	688	668	628	43	32	1430	1958	479	579	63	87	980	1080	1180	854	1491	1510	1519	1542	2000							
11312	51	0	688	668	628	43	32	1430	1958	480	580	63	87	981	1081	1181	854	1491	1510	1519	1542	2000							
#xi nga vuong
11313	100	1	50031	85001	85021	90026	3005	50006	50030	50046	50047	50048	1923	50034	-1	-1	-1	-1	-1	-1	-1	-1							
11314	134	1	687	31	475	575	7	86	1429	1957	42	627	667	1517	1519	-1	-1	-1	-1	-1	-1	-1							
11315	134	1	687	31	477	577	62	74	1429	1957	42	627	667	1517	1519	-1	-1	-1	-1	-1	-1	-1							
11316	166	1	688	32	479	579	63	87	1430	1958	43	628	668	1518	1519	-1	-1	-1	-1	-1	-1	-1							
11317	61	0	689	669	1924	44	1926	1431	491	591	992	1092	1192	1492	1511	2000	-1	-1	-1	-1	-1	-1							
11318	61	0	689	669	1924	44	1926	1431	491	591	992	1092	1192	1492	1511	2000	-1	-1	-1	-1	-1	-1							
11319	61	0	689	669	1924	44	1926	1431	496	596	997	1097	1197	1492	1511	2000	-1	-1	-1	-1	-1	-1							
11320	61	0	689	669	1924	44	1926	1431	496	596	997	1097	1197	1492	1511	2000	-1	-1	-1	-1	-1	-1							
11321	61	0	689	669	1924	44	1926	1431	491	591	992	1092	1192	1492	1511	2000	-1	-1	-1	-1	-1	-1							
11322	61	0	689	669	1924	44	1926	1431	491	591	992	1092	1192	1492	1511	2000	-1	-1	-1	-1	-1	-1							
11323	61	0	689	669	1924	44	1926	1431	490	590	991	1091	1191	1492	1511	2000	-1	-1	-1	-1	-1	-1							
11324	61	0	689	669	1924	44	1926	1431	490	590	991	1091	1191	1492	1511	2000	-1	-1	-1	-1	-1	-1							
11325	61	0	689	669	1924	44	1926	1431	491	591	992	1092	1192	1492	1511	2000	-1	-1	-1	-1	-1	-1							
11326	61	0	689	669	1924	44	1926	1431	491	591	992	1092	1192	1492	1511	2000	-1	-1	-1	-1	-1	-1							
11327	61	0	689	669	1924	44	1926	1431	490	590	991	1091	1191	1492	1511	2000	-1	-1	-1	-1	-1	-1							
11328	61	0	689	669	1924	44	1926	1431	490	590	991	1091	1191	1492	1511	2000	-1	-1	-1	-1	-1	-1							
11329	247	1	689	1926	493	593	1431	44	1924	669	-1	-1	-1	-1	-1	-1	-1	-1	-1	-1	-1	-1							
11330	247	1	689	1926	495	595	1431	44	1924	669	-1	-1	-1	-1	-1	-1	-1	-1	-1	-1	-1	-1							
11331	247	1	689	1926	493	593	1431	44	1924	669	-1	-1	-1	-1	-1	-1	-1	-1	-1	-1	-1	-1							
11332	297	1	689	1926	490	590	1431	44	1924	669	-1	-1	-1	-1	-1	-1	-1	-1	-1	-1	-1	-1							
11333	247	1	689	1926	493	593	1431	44	1924	669	-1	-1	-1	-1	-1	-1	-1	-1	-1	-1	-1	-1							
11334	297	1	689	1926	490	590	1431	44	1924	669	-1	-1	-1	-1	-1	-1	-1	-1	-1	-1	-1	-1							
11335	61	0	689	669	1924	44	1926	1431	496	596	997	1097	1197	1492	1511	2000	-1	-1	-1	-1	-1	-1							
11336	61	0	689	669	1924	44	1926	1431	496	596	997	1097	1197	1492	1511	2000	-1	-1	-1	-1	-1	-1							
11337	61	0	689	669	1924	44	1926	1431	490	590	991	1091	1191	1492	1511	2000	-1	-1	-1	-1	-1	-1							
11338	61	0	689	669	1924	44	1926	1431	490	590	991	1091	1191	1492	1511	2000	-1	-1	-1	-1	-1	-1							
11339	61	0	689	669	1924	44	1926	1431	491	591	992	1092	1192	1492	1511	2000	-1	-1	-1	-1	-1	-1							
11340	61	0	689	669	1924	44	1926	1431	491	591	992	1092	1192	1492	1511	2000	-1	-1	-1	-1	-1	-1							
11341	61	0	689	669	1924	44	1926	1431	491	591	992	1092	1192	1492	1511	2000	-1	-1	-1	-1	-1	-1							
11342	61	0	689	669	1924	44	1926	1431	491	591	992	1092	1192	1492	1511	2000	-1	-1	-1	-1	-1	-1							
11343	61	0	689	669	1924	44	1926	1431	491	591	992	1092	1192	1492	1511	2000	-1	-1	-1	-1	-1	-1							
11344	61	0	689	669	1924	44	1926	1431	491	591	992	1092	1192	1492	1511	2000	-1	-1	-1	-1	-1	-1							
11345	61	0	689	669	1924	44	1926	1431	491	591	992	1092	1192	1492	1511	2000	-1	-1	-1	-1	-1	-1							
11346	88	0	689	669	1925	44	1927	1431	491	591	992	1092	1192	1492	1511	2000	-1	-1	-1	-1	-1	-1							
11347	297	1	689	1926	495	595	1431	44	1924	669	-1	-1	-1	-1	-1	-1	-1	-1	-1	-1	-1	-1							
11348	297	1	689	1926	490	590	1431	44	1924	669	-1	-1	-1	-1	-1	-1	-1	-1	-1	-1	-1	-1							
11349	354	1	689	1926	493	593	1431	44	1924	669	-1	-1	-1	-1	-1	-1	-1	-1	-1	-1	-1	-1							
11350	354	1	689	1926	493	593	1431	44	1924	669	-1	-1	-1	-1	-1	-1	-1	-1	-1	-1	-1	-1							
11351	354	1	689	1926	493	593	1431	44	1924	669	-1	-1	-1	-1	-1	-1	-1	-1	-1	-1	-1	-1							
11352	354	1	689	1927	493	593	1431	44	1925	669	-1	-1	-1	-1	-1	-1	-1	-1	-1	-1	-1	-1							
#long quy																													
11353	100	1	50031	85005	85022	-1	-1	-1	-1	-1	-1	-1	-1	-1	-1	-1	-1	-1	-1	-1	-1	-1							
11356	61	0	689	669	1924	44	1926	1431	491	591	992	1092	1192	1492	1511	855	2000	-1	-1	-1	-1	-1							
11357	61	0	689	669	1924	44	1926	1431	491	591	992	1092	1192	1492	1511	855	2000	-1	-1	-1	-1	-1							
11358	61	0	689	669	1924	44	1926	1431	496	596	997	1097	1197	1492	1511	855	2000	-1	-1	-1	-1	-1							
11359	61	0	689	669	1924	44	1926	1431	496	596	997	1097	1197	1492	1511	855	2000	-1	-1	-1	-1	-1							
11360	61	0	689	669	1924	44	1926	1431	491	591	992	1092	1192	1492	1511	855	2000	-1	-1	-1	-1	-1							
11361	61	0	689	669	1924	44	1926	1431	491	591	992	1092	1192	1492	1511	855	2000	-1	-1	-1	-1	-1							
11362	61	0	689	669	1924	44	1926	1431	490	590	991	1091	1191	1492	1511	855	2000	-1	-1	-1	-1	-1							
11363	61	0	689	669	1924	44	1926	1431	490	590	991	1091	1191	1492	1511	855	2000	-1	-1	-1	-1	-1							
11364	61	0	689	669	1924	44	1926	1431	491	591	992	1092	1192	1492	1511	855	2000	-1	-1	-1	-1	-1							
11365	61	0	689	669	1924	44	1926	1431	491	591	992	1092	1192	1492	1511	855	2000	-1	-1	-1	-1	-1							
11366	61	0	689	669	1924	44	1926	1431	490	590	991	1091	1191	1492	1511	855	2000	-1	-1	-1	-1	-1							
11367	61	0	689	669	1924	44	1926	1431	490	590	991	1091	1191	1492	1511	855	2000	-1	-1	-1	-1	-1							
11368	247	1	689	1926	493	593	1431	44	1924	669	-1	-1	-1	-1	-1	-1	-1	-1	-1	-1	-1	-1							
11369	247	1	689	1926	495	595	1431	44	1924	669	-1	-1	-1	-1	-1	-1	-1	-1	-1	-1	-1	-1							
11370	247	1	689	1926	493	593	1431	44	1924	669	-1	-1	-1	-1	-1	-1	-1	-1	-1	-1	-1	-1							
11371	297	1	689	1926	490	590	1431	44	1924	669	-1	-1	-1	-1	-1	-1	-1	-1	-1	-1	-1	-1							
11372	247	1	689	1926	493	593	1431	44	1924	669	-1	-1	-1	-1	-1	-1	-1	-1	-1	-1	-1	-1							
11373	297	1	689	1926	490	590	1431	44	1924	669	-1	-1	-1	-1	-1	-1	-1	-1	-1	-1	-1	-1							
11374	61	0	689	669	1924	44	1926	1431	496	596	997	1097	1197	1492	1511	855	2000	-1	-1	-1	-1	-1							
11375	61	0	689	669	1924	44	1926	1431	496	596	997	1097	1197	1492	1511	855	2000	-1	-1	-1	-1	-1							
11376	61	0	689	669	1924	44	1926	1431	490	590	991	1091	1191	1492	1511	855	2000	-1	-1	-1	-1	-1							
11377	61	0	689	669	1924	44	1926	1431	490	590	991	1091	1191	1492	1511	855	2000	-1	-1	-1	-1	-1							
11378	61	0	689	669	1924	44	1926	1431	491	591	992	1092	1192	1492	1511	855	2000	-1	-1	-1	-1	-1							
11379	61	0	689	669	1924	44	1926	1431	491	591	992	1092	1192	1492	1511	855	2000	-1	-1	-1	-1	-1							
11380	61	0	689	669	1924	44	1926	1431	491	591	992	1092	1192	1492	1511	855	2000	-1	-1	-1	-1	-1							
11381	61	0	689	669	1924	44	1926	1431	491	591	992	1092	1192	1492	1511	855	2000	-1	-1	-1	-1	-1							
11382	61	0	689	669	1924	44	1926	1431	491	591	992	1092	1192	1492	1511	855	2000	-1	-1	-1	-1	-1							
11383	61	0	689	669	1924	44	1926	1431	491	591	992	1092	1192	1492	1511	855	2000	-1	-1	-1	-1	-1							
11384	61	0	689	669	1924	44	1926	1431	491	591	992	1092	1192	1492	1511	855	2000	-1	-1	-1	-1	-1							
11385	88	0	689	669	1925	44	1927	1431	491	591	992	1092	1192	1492	1511	855	2000	-1	-1	-1	-1	-1							
11386	297	1	689	1926	495	595	1431	44	1924	669	-1	-1	-1	-1	-1	-1	-1	-1	-1	-1	-1	-1							
11387	297	1	689	1926	490	590	1431	44	1924	669	-1	-1	-1	-1	-1	-1	-1	-1	-1	-1	-1	-1							
11388	354	1	689	1926	493	593	1431	44	1924	669	-1	-1	-1	-1	-1	-1	-1	-1	-1	-1	-1	-1							
11389	354	1	689	1926	493	593	1431	44	1924	669	-1	-1	-1	-1	-1	-1	-1	-1	-1	-1	-1	-1							
11390	354	1	689	1926	493	593	1431	44	1924	669	-1	-1	-1	-1	-1	-1	-1	-1	-1	-1	-1	-1							
11391	354	1	689	1927	493	593	1431	44	1925	669	-1	-1	-1	-1	-1	-1	-1	-1	-1	-1	-1	-1							
11392	10	1	-1	-1	-1	-1	-1	-1	-1	-1	-1	-1	-1	-1	-1	-1	-1	-1	-1	-1	-1	-1							
11400	51	0	1348	688	668	1948	43	32	608	618	483	583	8	87	984	1084	1184	1491	1510	1935	2000	-1							
11401	51	0	1348	688	668	1948	43	32	608	618	484	584	8	87	985	1085	1185	1491	1510	1935	2000	-1							
11402	51	0	1348	688	668	1948	43	32	608	618	484	584	8	87	985	1085	1185	1491	1510	1935	2000	-1							
11403	51	0	1348	688	668	1948	43	32	608	618	485	585	8	87	986	1086	1186	1491	1510	1935	2000	-1							
11404	51	0	1348	688	668	1948	43	32	608	618	486	586	63	75	987	1087	1187	1491	1510	1935	2000	-1							
11405	51	0	1348	688	668	1948	43	32	608	618	486	586	63	75	987	1087	1187	1491	1510	1935	2000	-1							
11406	51	0	1348	688	668	1948	43	32	608	618	486	586	63	75	987	1087	1187	1491	1510	1935	2000	-1							
11407	51	0	1348	688	668	1948	43	32	608	618	487	587	63	75	988	1088	1188	1491	1510	1935	2000	-1							
11408	51	0	1348	688	668	1948	43	32	608	618	487	587	63	75	988	1088	1188	1491	1510	1935	2000	-1							
11409	51	0	1348	688	668	1948	43	32	608	618	488	588	63	75	989	1089	1189	1491	1510	1935	2000	-1							
11410	51	0	1348	688	668	1948	43	32	608	618	488	588	63	75	989	1089	1189	1491	1510	1935	2000	-1							
11411	204	1	688	32	484	584	8	87	1430	618	43	1948	668	-1	-1	-1	-1	-1	-1	-1	-1	-1							
11412	204	1	688	32	484	584	8	87	1430	618	43	1948	668	-1	-1	-1	-1	-1	-1	-1	-1	-1							
11413	204	1	32	486	586	20	63	608	618	43	1948	668	688	987	1087	1187	2000	-1	-1	-1	-1	-1							
11414	204	1	688	32	487	587	63	75	1430	618	43	1948	668	-1	-1	-1	-1	-1	-1	-1	-1	-1							
11415	204	1	688	32	488	588	75	1430	618	43	1948	668	63	-1	-1	-1	-1	-1	-1	-1	-1	-1							
11416	204	1	688	32	488	588	75	1430	618	43	1948	668	63	-1	-1	-1	-1	-1	-1	-1	-1	-1							
11417	88	0	1925	1927	496	596	1097	1493	1512	2000	-1	-1	-1	-1	-1	-1	-1	-1	-1	-1	-1	-1							
11418	88	0	1925	1927	496	596	1097	1493	1512	2000	-1	-1	-1	-1	-1	-1	-1	-1	-1	-1	-1	-1							
11419	88	0	1925	1927	490	590	1091	1493	1512	2000	-1	-1	-1	-1	-1	-1	-1	-1	-1	-1	-1	-1							
11420	88	0	1925	1927	490	590	1091	1493	1512	2000	-1	-1	-1	-1	-1	-1	-1	-1	-1	-1	-1	-1							
11421	88	0	1925	1927	491	591	1092	1493	1512	2000	-1	-1	-1	-1	-1	-1	-1	-1	-1	-1	-1	-1							
11422	88	0	1925	1927	491	591	1092	1493	1512	2000	-1	-1	-1	-1	-1	-1	-1	-1	-1	-1	-1	-1							
11423	88	0	1925	1927	496	596	1097	1493	1512	2000	-1	-1	-1	-1	-1	-1	-1	-1	-1	-1	-1	-1							
11424	88	0	1925	1927	496	596	1097	1493	1512	2000	-1	-1	-1	-1	-1	-1	-1	-1	-1	-1	-1	-1							
11425	88	0	1925	1927	491	591	1092	1493	1512	2000	-1	-1	-1	-1	-1	-1	-1	-1	-1	-1	-1	-1							
11426	88	0	1925	1927	491	591	1092	1493	1512	2000	-1	-1	-1	-1	-1	-1	-1	-1	-1	-1	-1	-1							
11427	88	0	1925	1927	491	591	1092	1493	1512	2000	-1	-1	-1	-1	-1	-1	-1	-1	-1	-1	-1	-1							
11428	88	0	1925	1927	491	591	1092	1493	1512	2000	-1	-1	-1	-1	-1	-1	-1	-1	-1	-1	-1	-1							
11429	354	1	1927	495	595	1925	-1	-1	-1	-1	-1	-1	-1	-1	-1	-1	-1	-1	-1	-1	-1	-1							
11430	354	1	1927	490	590	1925	-1	-1	-1	-1	-1	-1	-1	-1	-1	-1	-1	-1	-1	-1	-1	-1							
11431	354	1	1927	493	593	1925	-1	-1	-1	-1	-1	-1	-1	-1	-1	-1	-1	-1	-1	-1	-1	-1							
11432	354	1	1927	495	595	1925	-1	-1	-1	-1	-1	-1	-1	-1	-1	-1	-1	-1	-1	-1	-1	-1							
11433	354	1	1927	493	593	1925	-1	-1	-1	-1	-1	-1	-1	-1	-1	-1	-1	-1	-1	-1	-1	-1							
11434	354	1	1927	493	593	1925	-1	-1	-1	-1	-1	-1	-1	-1	-1	-1	-1	-1	-1	-1	-1	-1							
11435	88	0	1925	1927	496	596	1097	1493	1512	2000	-1	-1	-1	-1	-1	-1	-1	-1	-1	-1	-1	-1							
11436	88	0	1925	1927	496	596	1097	1493	1512	2000	-1	-1	-1	-1	-1	-1	-1	-1	-1	-1	-1	-1							
11437	88	0	1925	1927	490	590	1091	1493	1512	2000	-1	-1	-1	-1	-1	-1	-1	-1	-1	-1	-1	-1							
11438	88	0	1925	1927	490	590	1091	1493	1512	2000	-1	-1	-1	-1	-1	-1	-1	-1	-1	-1	-1	-1							
11439	88	0	1925	1927	491	591	1092	1493	1512	2000	-1	-1	-1	-1	-1	-1	-1	-1	-1	-1	-1	-1							
11440	88	0	1925	1927	491	591	1092	1493	1512	2000	-1	-1	-1	-1	-1	-1	-1	-1	-1	-1	-1	-1							
11441	88	0	1925	1927	496	596	1097	1493	1512	2000	-1	-1	-1	-1	-1	-1	-1	-1	-1	-1	-1	-1							
11442	88	0	1925	1927	496	596	1097	1493	1512	2000	-1	-1	-1	-1	-1	-1	-1	-1	-1	-1	-1	-1							
11443	88	0	1925	1927	491	591	1092	1493	1512	2000	-1	-1	-1	-1	-1	-1	-1	-1	-1	-1	-1	-1							
11444	88	0	1925	1927	491	591	1092	1493	1512	2000	-1	-1	-1	-1	-1	-1	-1	-1	-1	-1	-1	-1							
11445	88	0	1925	1927	491	591	1092	1493	1512	2000	-1	-1	-1	-1	-1	-1	-1	-1	-1	-1	-1	-1							
11446	88	0	1925	1927	491	591	1092	1493	1512	2000	-1	-1	-1	-1	-1	-1	-1	-1	-1	-1	-1	-1							
11447	354	1	1927	495	595	1925	-1	-1	-1	-1	-1	-1	-1	-1	-1	-1	-1	-1	-1	-1	-1	-1							
11448	354	1	1927	490	590	1925	-1	-1	-1	-1	-1	-1	-1	-1	-1	-1	-1	-1	-1	-1	-1	-1							
11449	354	1	1927	493	593	1925	-1	-1	-1	-1	-1	-1	-1	-1	-1	-1	-1	-1	-1	-1	-1	-1							
11450	354	1	1927	495	595	1925	-1	-1	-1	-1	-1	-1	-1	-1	-1	-1	-1	-1	-1	-1	-1	-1							
11451	354	1	1927	493	593	1925	-1	-1	-1	-1	-1	-1	-1	-1	-1	-1	-1	-1	-1	-1	-1	-1							
11452	354	1	1927	493	593	1925	-1	-1	-1	-1	-1	-1	-1	-1	-1	-1	-1	-1	-1	-1	-1	-1							
11454	88	0	1925	1927	496	596	1097	1493	1512	2000	-1	-1	-1	-1	-1	-1	-1	-1	-1	-1	-1	-1							
11455	88	0	1925	1927	496	596	1097	1493	1512	2000	-1	-1	-1	-1	-1	-1	-1	-1	-1	-1	-1	-1							
11456	88	0	1925	1927	491	591	1092	1493	1512	2000	-1	-1	-1	-1	-1	-1	-1	-1	-1	-1	-1	-1							
11457	88	0	1925	1927	491	591	1092	1493	1512	2000	-1	-1	-1	-1	-1	-1	-1	-1	-1	-1	-1	-1							
11458	88	0	1925	1927	491	591	1092	1493	1512	2000	-1	-1	-1	-1	-1	-1	-1	-1	-1	-1	-1	-1							
11459	88	0	1925	1927	491	591	1092	1493	1512	2000	-1	-1	-1	-1	-1	-1	-1	-1	-1	-1	-1	-1							
11460	88	0	1925	1927	491	591	1092	1493	1512	2000	-1	-1	-1	-1	-1	-1	-1	-1	-1	-1	-1	-1							
11461	88	0	1925	1927	491	591	1092	1493	1512	2000	-1	-1	-1	-1	-1	-1	-1	-1	-1	-1	-1	-1							
11462	354	1	1927	495	595	1925	-1	-1	-1	-1	-1	-1	-1	-1	-1	-1	-1	-1	-1	-1	-1	-1							
11463	354	1	1927	493	593	1925	-1	-1	-1	-1	-1	-1	-1	-1	-1	-1	-1	-1	-1	-1	-1	-1							
11464	354	1	1927	493	593	1925	-1	-1	-1	-1	-1	-1	-1	-1	-1	-1	-1	-1	-1	-1	-1	-1							
11465	354	1	1927	493	593	1925	-1	-1	-1	-1	-1	-1	-1	-1	-1	-1	-1	-1	-1	-1	-1	-1							
11466	88	0	1925	1927	496	596	1097	1493	1512	2000	-1	-1	-1	-1	-1	-1	-1	-1	-1	-1	-1	-1							
11467	88	0	1925	1927	496	596	1097	1493	1512	2000	-1	-1	-1	-1	-1	-1	-1	-1	-1	-1	-1	-1							
11468	88	0	1925	1927	491	591	1092	1493	1512	2000	-1	-1	-1	-1	-1	-1	-1	-1	-1	-1	-1	-1
#Hau Hoa Vien							
11469	30	1	50015	86000	86001	86002	86003	-1	-1	-1	-1	-1	-1	-1	-1	-1	-1	-1	-1	-1	-1	-1							
11470	88	0	1925	1927	491	591	1092	1493	1512	2000	-1	-1	-1	-1	-1	-1	-1	-1	-1	-1	-1	-1							
11471	88	0	1925	1927	491	591	1092	1493	1512	2000	-1	-1	-1	-1	-1	-1	-1	-1	-1	-1	-1	-1							
11472	88	0	1925	1927	491	591	1092	1493	1512	2000	-1	-1	-1	-1	-1	-1	-1	-1	-1	-1	-1	-1							
11473	88	0	1925	1927	491	591	1092	1493	1512	2000	-1	-1	-1	-1	-1	-1	-1	-1	-1	-1	-1	-1							
11474	88	0	1925	1927	491	591	1092	1493	1512	2000	-1	-1	-1	-1	-1	-1	-1	-1	-1	-1	-1	-1							
11475	88	0	1925	1927	491	591	1092	1493	1512	2000	-1	-1	-1	-1	-1	-1	-1	-1	-1	-1	-1	-1							
11476	354	1	1927	493	593	1925	-1	-1	-1	-1	-1	-1	-1	-1	-1	-1	-1	-1	-1	-1	-1	-1							
11477	88	0	1925	1927	491	591	1092	1493	1512	2000	-1	-1	-1	-1	-1	-1	-1	-1	-1	-1	-1	-1							
11478	88	0	1925	1927	491	591	1092	1493	1512	2000	-1	-1	-1	-1	-1	-1	-1	-1	-1	-1	-1	-1							
11495	88	0	3022	-1	-1	-1	-1	-1	-1	-1	-1	-1	-1	-1	-1	-1	-1	-1	-1	-1	-1	-1							
12000	4	0	681	661	621	36	25	601	611	410	510	13	56	-1	-1	-1	-1	-1	-1	-1	-1	-1							
12001	5	0	682	662	622	37	26	602	612	420	520	14	57	-1	-1	-1	-1	-1	-1	-1	-1	-1							
12002	6	0	683	663	623	38	27	603	613	430	530	15	58	-1	-1	-1	-1	-1	-1	-1	-1	-1							
12003	8	0	684	664	624	39	28	604	614	440	540	16	59	-1	-1	-1	-1	-1	-1	-1	-1	-1							
12004	10	0	685	665	625	40	29	605	615	450	550	17	60	-1	-1	-1	-1	-1	-1	-1	-1	-1							
12005	16	0	686	666	626	41	30	606	616	460	560	18	61	-1	-1	-1	-1	-1	-1	-1	-1	-1							
12006	26	0	687	667	627	42	31	607	617	470	570	19	62	-1	-1	-1	-1	-1	-1	-1	-1	-1							
12007	41	0	688	668	628	43	32	608	618	480	580	20	63	-1	-1	-1	-1	-1	-1	-1	-1	-1							
12008	61	0	689	669	629	44	33	609	490	590	21	64	-1	-1	-1	-1	-1	-1	-1	-1	-1	-1							
12009	88	0	689	669	629	34	499	599	22	65	-1	-1	-1	-1	-1	-1	-1	-1	-1	-1	-1	-1							
12010	4	0	681	661	621	36	25	601	611	410	510	13	56	-1	-1	-1	-1	-1	-1	-1	-1	-1							
12011	5	0	682	662	622	37	26	602	612	420	520	14	57	-1	-1	-1	-1	-1	-1	-1	-1	-1							
12012	6	0	683	663	623	38	27	603	613	430	530	15	58	-1	-1	-1	-1	-1	-1	-1	-1	-1							
12013	8	0	684	664	624	39	28	604	614	440	540	16	59	-1	-1	-1	-1	-1	-1	-1	-1	-1							
12014	10	0	685	665	625	40	29	605	615	450	550	17	60	-1	-1	-1	-1	-1	-1	-1	-1	-1							
12015	16	0	686	666	626	41	30	606	616	460	560	18	61	-1	-1	-1	-1	-1	-1	-1	-1	-1							
12016	26	0	687	667	627	42	31	607	617	470	570	19	62	-1	-1	-1	-1	-1	-1	-1	-1	-1							
12017	41	0	688	668	628	43	32	608	618	480	580	20	63	-1	-1	-1	-1	-1	-1	-1	-1	-1							
12018	61	0	689	669	629	44	33	609	490	590	21	64	-1	-1	-1	-1	-1	-1	-1	-1	-1	-1							
12019	88	0	689	669	629	34	499	599	22	65	-1	-1	-1	-1	-1	-1	-1	-1	-1	-1	-1	-1							
12020	4	0	681	661	621	36	25	601	611	410	510	13	56	-1	-1	-1	-1	-1	-1	-1	-1	-1							
12021	5	0	682	662	622	37	26	602	612	420	520	14	57	-1	-1	-1	-1	-1	-1	-1	-1	-1							
12022	6	0	683	663	623	38	27	603	613	430	530	15	58	-1	-1	-1	-1	-1	-1	-1	-1	-1							
12023	8	0	684	664	624	39	28	604	614	440	540	16	59	-1	-1	-1	-1	-1	-1	-1	-1	-1							
12024	10	0	685	665	625	40	29	605	615	450	550	17	60	-1	-1	-1	-1	-1	-1	-1	-1	-1							
12025	16	0	686	666	626	41	30	606	616	460	560	18	61	-1	-1	-1	-1	-1	-1	-1	-1	-1							
12026	26	0	687	667	627	42	31	607	617	470	570	19	62	-1	-1	-1	-1	-1	-1	-1	-1	-1							
12027	41	0	688	668	628	43	32	608	618	480	580	20	63	-1	-1	-1	-1	-1	-1	-1	-1	-1							
12028	61	0	689	669	629	44	33	609	490	590	21	64	-1	-1	-1	-1	-1	-1	-1	-1	-1	-1							
12029	88	0	689	669	629	34	499	599	22	65	-1	-1	-1	-1	-1	-1	-1	-1	-1	-1	-1	-1							
12030	4	0	681	661	621	36	25	601	611	410	510	13	56	-1	-1	-1	-1	-1	-1	-1	-1	-1							
12031	5	0	682	662	622	37	26	602	612	420	520	14	57	-1	-1	-1	-1	-1	-1	-1	-1	-1							
12032	6	0	683	663	623	38	27	603	613	430	530	15	58	-1	-1	-1	-1	-1	-1	-1	-1	-1							
12033	8	0	684	664	624	39	28	604	614	440	540	16	59	-1	-1	-1	-1	-1	-1	-1	-1	-1							
12034	10	0	685	665	625	40	29	605	615	450	550	17	60	-1	-1	-1	-1	-1	-1	-1	-1	-1							
12035	16	0	686	666	626	41	30	606	616	460	560	18	61	-1	-1	-1	-1	-1	-1	-1	-1	-1							
12036	26	0	687	667	627	42	31	607	617	470	570	19	62	-1	-1	-1	-1	-1	-1	-1	-1	-1							
12037	41	0	688	668	628	43	32	608	618	480	580	20	63	-1	-1	-1	-1	-1	-1	-1	-1	-1							
12038	61	0	689	669	629	44	33	609	490	590	21	64	-1	-1	-1	-1	-1	-1	-1	-1	-1	-1							
12039	88	0	689	669	629	34	499	599	22	65	-1	-1	-1	-1	-1	-1	-1	-1	-1	-1	-1	-1	
#boss danh co 2						
12040	10	1	792	803	814	1872	1442	3052	-1	-1	-1	-1	-1	-1	-1	-1	-1	-1	-1	-1	-1	-1							
12041	10	1	792	804	815	1872	1443	1905	3052	3052	-1	-1	-1	-1	-1	-1	-1	-1	-1	-1	-1	-1							
12042	10	1	792	805	816	1872	1444	1905	3052	-1	-1	-1	-1	-1	-1	-1	-1	-1	-1	-1	-1	-1							
12043	10	1	792	806	817	1872	1445	1905	3052	-1	-1	-1	-1	-1	-1	-1	-1	-1	-1	-1	-1	-1							
12044	10	1	792	807	818	1872	1446	1905	3052	-1	-1	-1	-1	-1	-1	-1	-1	-1	-1	-1	-1	-1							
12045	10	1	792	808	819	1872	1447	1905	3052	-1	-1	-1	-1	-1	-1	-1	-1	-1	-1	-1	-1	-1							
12046	10	1	792	809	820	1872	1448	1905	3052	-1	-1	-1	-1	-1	-1	-1	-1	-1	-1	-1	-1	-1							
12047	10	1	792	810	821	1872	1449	1905	3052	-1	-1	-1	-1	-1	-1	-1	-1	-1	-1	-1	-1	-1							
12048	10	1	792	811	822	1872	1450	1905	3052	-1	-1	-1	-1	-1	-1	-1	-1	-1	-1	-1	-1	-1							
12049	10	1	792	812	822	1872	1451	3052	-1	-1	-1	-1	-1	-1	-1	-1	-1	-1	-1	-1	-1	-1							
12050	4	0	681	661	621	36	25	601	611	410	510	13	56	-1	-1	-1	-1	-1	-1	-1	-1	-1							
12051	5	0	682	662	622	37	26	602	612	420	520	14	57	-1	-1	-1	-1	-1	-1	-1	-1	-1							
12052	6	0	683	663	623	38	27	603	613	430	530	15	58	-1	-1	-1	-1	-1	-1	-1	-1	-1							
12053	8	0	684	664	624	39	28	604	614	440	540	16	59	-1	-1	-1	-1	-1	-1	-1	-1	-1							
12054	10	0	685	665	625	40	29	605	615	450	550	17	60	-1	-1	-1	-1	-1	-1	-1	-1	-1							
12055	16	0	686	666	626	41	30	606	616	460	560	18	61	-1	-1	-1	-1	-1	-1	-1	-1	-1							
12056	26	0	687	667	627	42	31	607	617	470	570	19	62	-1	-1	-1	-1	-1	-1	-1	-1	-1							
12057	41	0	688	668	628	43	32	608	618	480	580	20	63	-1	-1	-1	-1	-1	-1	-1	-1	-1							
12058	61	0	689	669	629	44	33	609	490	590	21	64	-1	-1	-1	-1	-1	-1	-1	-1	-1	-1							
12059	88	0	689	669	629	34	499	599	22	65	-1	-1	-1	-1	-1	-1	-1	-1	-1	-1	-1	-1							
12060	4	0	681	661	621	36	25	601	611	410	510	13	56	-1	-1	-1	-1	-1	-1	-1	-1	-1							
12061	5	0	682	662	622	37	26	602	612	420	520	14	57	-1	-1	-1	-1	-1	-1	-1	-1	-1							
12062	6	0	683	663	623	38	27	603	613	430	530	15	58	-1	-1	-1	-1	-1	-1	-1	-1	-1							
12063	8	0	684	664	624	39	28	604	614	440	540	16	59	-1	-1	-1	-1	-1	-1	-1	-1	-1							
12064	10	0	685	665	625	40	29	605	615	450	550	17	60	-1	-1	-1	-1	-1	-1	-1	-1	-1							
12065	16	0	686	666	626	41	30	606	616	460	560	18	61	-1	-1	-1	-1	-1	-1	-1	-1	-1							
12066	26	0	687	667	627	42	31	607	617	470	570	19	62	-1	-1	-1	-1	-1	-1	-1	-1	-1							
12067	41	0	688	668	628	43	32	608	618	480	580	20	63	-1	-1	-1	-1	-1	-1	-1	-1	-1							
12068	61	0	689	669	629	44	33	609	490	590	21	64	-1	-1	-1	-1	-1	-1	-1	-1	-1	-1							
12069	88	0	689	669	629	34	499	599	22	65	-1	-1	-1	-1	-1	-1	-1	-1	-1	-1	-1	-1							
12070	4	0	681	661	621	36	25	601	611	410	510	13	56	-1	-1	-1	-1	-1	-1	-1	-1	-1							
12071	5	0	682	662	622	37	26	602	612	420	520	14	57	-1	-1	-1	-1	-1	-1	-1	-1	-1							
12072	6	0	683	663	623	38	27	603	613	430	530	15	58	-1	-1	-1	-1	-1	-1	-1	-1	-1							
12073	8	0	684	664	624	39	28	604	614	440	540	16	59	-1	-1	-1	-1	-1	-1	-1	-1	-1							
12074	10	0	685	665	625	40	29	605	615	450	550	17	60	-1	-1	-1	-1	-1	-1	-1	-1	-1							
12075	16	0	686	666	626	41	30	606	616	460	560	18	61	-1	-1	-1	-1	-1	-1	-1	-1	-1							
12076	26	0	687	667	627	42	31	607	617	470	570	19	62	-1	-1	-1	-1	-1	-1	-1	-1	-1							
12077	41	0	688	668	628	43	32	608	618	480	580	20	63	-1	-1	-1	-1	-1	-1	-1	-1	-1							
12078	61	0	689	669	629	44	33	609	490	590	21	64	-1	-1	-1	-1	-1	-1	-1	-1	-1	-1							
12079	88	0	689	669	629	34	499	599	22	65	-1	-1	-1	-1	-1	-1	-1	-1	-1	-1	-1	-1							
12080	4	0	681	661	621	36	25	601	611	410	510	13	56	-1	-1	-1	-1	-1	-1	-1	-1	-1							
12081	5	0	682	662	622	37	26	602	612	420	520	14	57	-1	-1	-1	-1	-1	-1	-1	-1	-1							
12082	6	0	683	663	623	38	27	603	613	430	530	15	58	-1	-1	-1	-1	-1	-1	-1	-1	-1							
12083	8	0	684	664	624	39	28	604	614	440	540	16	59	-1	-1	-1	-1	-1	-1	-1	-1	-1							
12084	10	0	685	665	625	40	29	605	615	450	550	17	60	-1	-1	-1	-1	-1	-1	-1	-1	-1							
12085	16	0	686	666	626	41	30	606	616	460	560	18	61	-1	-1	-1	-1	-1	-1	-1	-1	-1							
12086	26	0	687	667	627	42	31	607	617	470	570	19	62	-1	-1	-1	-1	-1	-1	-1	-1	-1							
12087	41	0	688	668	628	43	32	608	618	480	580	20	63	-1	-1	-1	-1	-1	-1	-1	-1	-1							
12088	61	0	689	669	629	44	33	609	490	590	21	64	-1	-1	-1	-1	-1	-1	-1	-1	-1	-1							
12089	88	0	689	669	629	34	499	599	22	65	-1	-1	-1	-1	-1	-1	-1	-1	-1	-1	-1	-1							
12090	10	1	792	803	814	1872	1442	2012	3052	49999	50024	50025	-1	-1	-1	-1	-1	-1	-1	-1	-1	-1							
12091	10	1	792	804	815	1872	1443	1905	2012	3052	49999	50024	50025	-1	-1	-1	-1	-1	-1	-1	-1	-1							
12092	10	1	792	805	816	1872	1444	1905	2012	3052	49999	50024	50025	-1	-1	-1	-1	-1	-1	-1	-1	-1							
12093	10	1	792	806	817	1872	1445	1905	2012	3052	49999	50024	50025	-1	-1	-1	-1	-1	-1	-1	-1	-1							
12094	10	1	792	807	818	1872	1446	1905	2012	3052	49999	50024	50025	-1	-1	-1	-1	-1	-1	-1	-1	-1							
12095	10	1	792	808	819	1872	1447	1905	2012	3052	49999	50024	50025	-1	-1	-1	-1	-1	-1	-1	-1	-1							
12096	10	1	792	809	820	1872	1448	1905	2012	3052	49999	50024	50025	-1	-1	-1	-1	-1	-1	-1	-1	-1							
12097	10	1	792	810	821	1872	1449	1905	2012	3052	49999	50024	50025	-1	-1	-1	-1	-1	-1	-1	-1	-1							
12098	10	1	792	811	822	1872	1450	1905	2012	3052	49999	50024	50025	-1	-1	-1	-1	-1	-1	-1	-1	-1							
12099	10	1	792	812	822	1872	1451	2012	3052	49999	50024	50025	-1	-1	-1	-1	-1	-1	-1	-1	-1	-1							
12100	51	0	1348	688	668	628	43	32	608	618	485	585	63	75	986	1086	1186	1491	1510	2000	-1	-1							
12101	51	0	1348	688	668	628	43	32	608	618	485	585	63	75	986	1086	1186	1491	1510	2000	-1	-1							
12102	10	0	-1	-1	-1	-1	-1	-1	-1	-1	-1	-1	-1	-1	-1	-1	-1	-1	-1	-1	-1	-1							
12103	10	0	-1	-1	-1	-1	-1	-1	-1	-1	-1	-1	-1	-1	-1	-1	-1	-1	-1	-1	-1	-1							
12104	10	0	-1	-1	-1	-1	-1	-1	-1	-1	-1	-1	-1	-1	-1	-1	-1	-1	-1	-1	-1	-1							
12105	10	0	-1	-1	-1	-1	-1	-1	-1	-1	-1	-1	-1	-1	-1	-1	-1	-1	-1	-1	-1	-1							
12106	10	0	-1	-1	-1	-1	-1	-1	-1	-1	-1	-1	-1	-1	-1	-1	-1	-1	-1	-1	-1	-1							
12107	10	0	-1	-1	-1	-1	-1	-1	-1	-1	-1	-1	-1	-1	-1	-1	-1	-1	-1	-1	-1	-1							
12108	10	0	-1	-1	-1	-1	-1	-1	-1	-1	-1	-1	-1	-1	-1	-1	-1	-1	-1	-1	-1	-1							
12109	10	0	-1	-1	-1	-1	-1	-1	-1	-1	-1	-1	-1	-1	-1	-1	-1	-1	-1	-1	-1	-1							
12110	10	0	-1	-1	-1	-1	-1	-1	-1	-1	-1	-1	-1	-1	-1	-1	-1	-1	-1	-1	-1	-1							
12111	10	0	-1	-1	-1	-1	-1	-1	-1	-1	-1	-1	-1	-1	-1	-1	-1	-1	-1	-1	-1	-1							
12112	10	0	-1	-1	-1	-1	-1	-1	-1	-1	-1	-1	-1	-1	-1	-1	-1	-1	-1	-1	-1	-1							
12113	10	0	-1	-1	-1	-1	-1	-1	-1	-1	-1	-1	-1	-1	-1	-1	-1	-1	-1	-1	-1	-1							
12114	10	0	-1	-1	-1	-1	-1	-1	-1	-1	-1	-1	-1	-1	-1	-1	-1	-1	-1	-1	-1	-1							
12115	10	0	-1	-1	-1	-1	-1	-1	-1	-1	-1	-1	-1	-1	-1	-1	-1	-1	-1	-1	-1	-1							
12116	10	0	-1	-1	-1	-1	-1	-1	-1	-1	-1	-1	-1	-1	-1	-1	-1	-1	-1	-1	-1	-1							
12117	10	0	-1	-1	-1	-1	-1	-1	-1	-1	-1	-1	-1	-1	-1	-1	-1	-1	-1	-1	-1	-1							
12118	10	0	-1	-1	-1	-1	-1	-1	-1	-1	-1	-1	-1	-1	-1	-1	-1	-1	-1	-1	-1	-1							
12119	10	0	-1	-1	-1	-1	-1	-1	-1	-1	-1	-1	-1	-1	-1	-1	-1	-1	-1	-1	-1	-1							
12120	10	0	-1	-1	-1	-1	-1	-1	-1	-1	-1	-1	-1	-1	-1	-1	-1	-1	-1	-1	-1	-1							
12121	10	0	-1	-1	-1	-1	-1	-1	-1	-1	-1	-1	-1	-1	-1	-1	-1	-1	-1	-1	-1	-1							
12122	10	0	-1	-1	-1	-1	-1	-1	-1	-1	-1	-1	-1	-1	-1	-1	-1	-1	-1	-1	-1	-1							
12123	10	0	-1	-1	-1	-1	-1	-1	-1	-1	-1	-1	-1	-1	-1	-1	-1	-1	-1	-1	-1	-1							
12124	10	0	-1	-1	-1	-1	-1	-1	-1	-1	-1	-1	-1	-1	-1	-1	-1	-1	-1	-1	-1	-1							
12125	10	0	-1	-1	-1	-1	-1	-1	-1	-1	-1	-1	-1	-1	-1	-1	-1	-1	-1	-1	-1	-1							
12126	10	0	-1	-1	-1	-1	-1	-1	-1	-1	-1	-1	-1	-1	-1	-1	-1	-1	-1	-1	-1	-1							
12127	10	0	-1	-1	-1	-1	-1	-1	-1	-1	-1	-1	-1	-1	-1	-1	-1	-1	-1	-1	-1	-1							
12128	10	0	-1	-1	-1	-1	-1	-1	-1	-1	-1	-1	-1	-1	-1	-1	-1	-1	-1	-1	-1	-1							
12129	10	0	-1	-1	-1	-1	-1	-1	-1	-1	-1	-1	-1	-1	-1	-1	-1	-1	-1	-1	-1	-1							
12130	10	0	-1	-1	-1	-1	-1	-1	-1	-1	-1	-1	-1	-1	-1	-1	-1	-1	-1	-1	-1	-1							
12131	10	0	-1	-1	-1	-1	-1	-1	-1	-1	-1	-1	-1	-1	-1	-1	-1	-1	-1	-1	-1	-1							
12132	10	0	-1	-1	-1	-1	-1	-1	-1	-1	-1	-1	-1	-1	-1	-1	-1	-1	-1	-1	-1	-1							
12133	10	0	-1	-1	-1	-1	-1	-1	-1	-1	-1	-1	-1	-1	-1	-1	-1	-1	-1	-1	-1	-1							
12134	10	0	-1	-1	-1	-1	-1	-1	-1	-1	-1	-1	-1	-1	-1	-1	-1	-1	-1	-1	-1	-1							
12135	10	0	-1	-1	-1	-1	-1	-1	-1	-1	-1	-1	-1	-1	-1	-1	-1	-1	-1	-1	-1	-1							
12136	10	0	-1	-1	-1	-1	-1	-1	-1	-1	-1	-1	-1	-1	-1	-1	-1	-1	-1	-1	-1	-1							
12137	10	0	-1	-1	-1	-1	-1	-1	-1	-1	-1	-1	-1	-1	-1	-1	-1	-1	-1	-1	-1	-1							
#lau lan tam bao																													
12138	80	1	3030	3031	3017	3052	3052	49999	50024	50025	50030	50001	-1	-1	-1	-1	-1	-1	-1	-1	-1	-1							
12139	80	1	3030	3031	3017	3052	3052	49999	50024	50025	50030	50001	-1	-1	-1	-1	-1	-1	-1	-1	-1	-1							
12140	80	1	3030	3031	3017	3052	3052	49999	50024	50025	50030	50001	-1	-1	-1	-1	-1	-1	-1	-1	-1	-1							
12141	80	1	3030	3031	3017	3052	3052	49999	50024	50025	50030	50001	-1	-1	-1	-1	-1	-1	-1	-1	-1	-1							
12142	80	1	3030	3031	3017	3052	3052	49999	50024	50025	50030	50001	-1	-1	-1	-1	-1	-1	-1	-1	-1	-1							
12143	80	1	3030	3031	3017	3052	3052	49999	50024	50025	50030	50001	-1	-1	-1	-1	-1	-1	-1	-1	-1	-1							
12144	80	1	3030	3031	3017	3052	3052	49999	50024	50025	50030	50001	-1	-1	-1	-1	-1	-1	-1	-1	-1	-1							
12145	80	1	3030	3031	3017	3052	3052	49999	50024	50025	50030	50001	-1	-1	-1	-1	-1	-1	-1	-1	-1	-1							
12146	80	1	3030	3031	3017	3052	3052	49999	50024	50025	50030	50001	-1	-1	-1	-1	-1	-1	-1	-1	-1	-1							
12200	100	0	-1	-1	-1	-1	-1	-1	-1	-1	-1	-1	-1	-1	-1	-1	-1	-1	-1	-1	-1	-1							
12201	100	0	-1	-1	-1	-1	-1	-1	-1	-1	-1	-1	-1	-1	-1	-1	-1	-1	-1	-1	-1	-1							
12202	100	0	-1	-1	-1	-1	-1	-1	-1	-1	-1	-1	-1	-1	-1	-1	-1	-1	-1	-1	-1	-1							
12203	100	0	-1	-1	-1	-1	-1	-1	-1	-1	-1	-1	-1	-1	-1	-1	-1	-1	-1	-1	-1	-1							
12204	100	0	-1	-1	-1	-1	-1	-1	-1	-1	-1	-1	-1	-1	-1	-1	-1	-1	-1	-1	-1	-1							
12205	100	0	-1	-1	-1	-1	-1	-1	-1	-1	-1	-1	-1	-1	-1	-1	-1	-1	-1	-1	-1	-1							
12206	100	0	-1	-1	-1	-1	-1	-1	-1	-1	-1	-1	-1	-1	-1	-1	-1	-1	-1	-1	-1	-1							
12207	100	0	-1	-1	-1	-1	-1	-1	-1	-1	-1	-1	-1	-1	-1	-1	-1	-1	-1	-1	-1	-1							
12208	100	0	-1	-1	-1	-1	-1	-1	-1	-1	-1	-1	-1	-1	-1	-1	-1	-1	-1	-1	-1	-1							
12209	100	0	-1	-1	-1	-1	-1	-1	-1	-1	-1	-1	-1	-1	-1	-1	-1	-1	-1	-1	-1	-1							
12210	100	0	-1	-1	-1	-1	-1	-1	-1	-1	-1	-1	-1	-1	-1	-1	-1	-1	-1	-1	-1	-1							
12211	100	0	-1	-1	-1	-1	-1	-1	-1	-1	-1	-1	-1	-1	-1	-1	-1	-1	-1	-1	-1	-1							
12212	100	0	-1	-1	-1	-1	-1	-1	-1	-1	-1	-1	-1	-1	-1	-1	-1	-1	-1	-1	-1	-1							
12213	100	0	-1	-1	-1	-1	-1	-1	-1	-1	-1	-1	-1	-1	-1	-1	-1	-1	-1	-1	-1	-1							
12214	100	0	-1	-1	-1	-1	-1	-1	-1	-1	-1	-1	-1	-1	-1	-1	-1	-1	-1	-1	-1	-1							
#没有																													
12300	100	0	-1	-1	-1	-1	-1	-1	-1	-1	-1	-1	-1	-1	-1	-1	-1	-1	-1	-1	-1	-1							
12301	100	0	-1	-1	-1	-1	-1	-1	-1	-1	-1	-1	-1	-1	-1	-1	-1	-1	-1	-1	-1	-1							
12302	100	0	-1	-1	-1	-1	-1	-1	-1	-1	-1	-1	-1	-1	-1	-1	-1	-1	-1	-1	-1	-1							
12303	100	0	-1	-1	-1	-1	-1	-1	-1	-1	-1	-1	-1	-1	-1	-1	-1	-1	-1	-1	-1	-1							
12304	100	0	-1	-1	-1	-1	-1	-1	-1	-1	-1	-1	-1	-1	-1	-1	-1	-1	-1	-1	-1	-1							
12305	100	0	-1	-1	-1	-1	-1	-1	-1	-1	-1	-1	-1	-1	-1	-1	-1	-1	-1	-1	-1	-1							
12306	100	0	-1	-1	-1	-1	-1	-1	-1	-1	-1	-1	-1	-1	-1	-1	-1	-1	-1	-1	-1	-1							
12307	100	0	-1	-1	-1	-1	-1	-1	-1	-1	-1	-1	-1	-1	-1	-1	-1	-1	-1	-1	-1	-1							
12308	100	0	-1	-1	-1	-1	-1	-1	-1	-1	-1	-1	-1	-1	-1	-1	-1	-1	-1	-1	-1	-1							
12309	100	0	-1	-1	-1	-1	-1	-1	-1	-1	-1	-1	-1	-1	-1	-1	-1	-1	-1	-1	-1	-1							
12310	100	0	-1	-1	-1	-1	-1	-1	-1	-1	-1	-1	-1	-1	-1	-1	-1	-1	-1	-1	-1	-1							
12311	100	0	-1	-1	-1	-1	-1	-1	-1	-1	-1	-1	-1	-1	-1	-1	-1	-1	-1	-1	-1	-1							
12312	100	0	-1	-1	-1	-1	-1	-1	-1	-1	-1	-1	-1	-1	-1	-1	-1	-1	-1	-1	-1	-1							
12313	100	0	-1	-1	-1	-1	-1	-1	-1	-1	-1	-1	-1	-1	-1	-1	-1	-1	-1	-1	-1	-1							
12314	100	0	-1	-1	-1	-1	-1	-1	-1	-1	-1	-1	-1	-1	-1	-1	-1	-1	-1	-1	-1	-1							
#Q1 Lau Lan																													
13000	10	1	16000	-1	-1	-1	-1	-1	-1	-1	-1	-1	-1	-1	-1	-1	-1	-1	-1	-1	-1	-1							
13001	10	1	16000	-1	-1	-1	-1	-1	-1	-1	-1	-1	-1	-1	-1	-1	-1	-1	-1	-1	-1	-1							
13002	10	1	16000	-1	-1	-1	-1	-1	-1	-1	-1	-1	-1	-1	-1	-1	-1	-1	-1	-1	-1	-1							
13003	10	1	16000	-1	-1	-1	-1	-1	-1	-1	-1	-1	-1	-1	-1	-1	-1	-1	-1	-1	-1	-1							
13004	10	1	16000	-1	-1	-1	-1	-1	-1	-1	-1	-1	-1	-1	-1	-1	-1	-1	-1	-1	-1	-1							
13005	10	1	16000	-1	-1	-1	-1	-1	-1	-1	-1	-1	-1	-1	-1	-1	-1	-1	-1	-1	-1	-1							
13006	10	1	16000	-1	-1	-1	-1	-1	-1	-1	-1	-1	-1	-1	-1	-1	-1	-1	-1	-1	-1	-1							
13007	10	1	16000	-1	-1	-1	-1	-1	-1	-1	-1	-1	-1	-1	-1	-1	-1	-1	-1	-1	-1	-1							
13008	10	1	16000	-1	-1	-1	-1	-1	-1	-1	-1	-1	-1	-1	-1	-1	-1	-1	-1	-1	-1	-1							
13009	10	1	16000	-1	-1	-1	-1	-1	-1	-1	-1	-1	-1	-1	-1	-1	-1	-1	-1	-1	-1	-1							
13020	10	1	16000	-1	-1	-1	-1	-1	-1	-1	-1	-1	-1	-1	-1	-1	-1	-1	-1	-1	-1	-1							
13021	60	1	90015	90016	3005	50006	50030	50046	50047	50048	1923	50034	-1	-1	-1	-1	-1	-1	-1	-1	-1	-1							
13022	10	1	16000	-1	-1	-1	-1	-1	-1	-1	-1	-1	-1	-1	-1	-1	-1	-1	-1	-1	-1	-1							
13023	10	1	16000	-1	-1	-1	-1	-1	-1	-1	-1	-1	-1	-1	-1	-1	-1	-1	-1	-1	-1	-1							
13024	10	1	16000	-1	-1	-1	-1	-1	-1	-1	-1	-1	-1	-1	-1	-1	-1	-1	-1	-1	-1	-1							
13025	10	1	16000	-1	-1	-1	-1	-1	-1	-1	-1	-1	-1	-1	-1	-1	-1	-1	-1	-1	-1	-1							
13026	10	1	16000	-1	-1	-1	-1	-1	-1	-1	-1	-1	-1	-1	-1	-1	-1	-1	-1	-1	-1	-1							
13027	10	1	16000	-1	-1	-1	-1	-1	-1	-1	-1	-1	-1	-1	-1	-1	-1	-1	-1	-1	-1	-1							
13028	10	1	16000	-1	-1	-1	-1	-1	-1	-1	-1	-1	-1	-1	-1	-1	-1	-1	-1	-1	-1	-1							
13029	10	1	16000	-1	-1	-1	-1	-1	-1	-1	-1	-1	-1	-1	-1	-1	-1	-1	-1	-1	-1	-1							
13040	10	1	16000	-1	-1	-1	-1	-1	-1	-1	-1	-1	-1	-1	-1	-1	-1	-1	-1	-1	-1	-1							
13041	60	1	90015	90016	3005	50006	50030	50046	50047	50048	1923	50034	-1	-1	-1	-1	-1	-1	-1	-1	-1	-1							
13042	10	1	16000	-1	-1	-1	-1	-1	-1	-1	-1	-1	-1	-1	-1	-1	-1	-1	-1	-1	-1	-1							
13043	10	1	16000	-1	-1	-1	-1	-1	-1	-1	-1	-1	-1	-1	-1	-1	-1	-1	-1	-1	-1	-1							
13044	10	1	16000	-1	-1	-1	-1	-1	-1	-1	-1	-1	-1	-1	-1	-1	-1	-1	-1	-1	-1	-1							
13045	10	1	16000	-1	-1	-1	-1	-1	-1	-1	-1	-1	-1	-1	-1	-1	-1	-1	-1	-1	-1	-1							
13046	10	1	16000	-1	-1	-1	-1	-1	-1	-1	-1	-1	-1	-1	-1	-1	-1	-1	-1	-1	-1	-1							
13047	10	1	16000	-1	-1	-1	-1	-1	-1	-1	-1	-1	-1	-1	-1	-1	-1	-1	-1	-1	-1	-1							
13048	10	1	16000	-1	-1	-1	-1	-1	-1	-1	-1	-1	-1	-1	-1	-1	-1	-1	-1	-1	-1	-1							
13049	10	1	16000	-1	-1	-1	-1	-1	-1	-1	-1	-1	-1	-1	-1	-1	-1	-1	-1	-1	-1	-1							
#BOSS Q1 laulan
13060	60	1	50025	16002	-1	-1	-1	-1	-1	-1	-1	-1	-1	-1	-1	-1	-1	-1	-1	-1	-1	-1							
13061	60	1	50025	16002	-1	-1	-1	-1	-1	-1	-1	-1	-1	-1	-1	-1	-1	-1	-1	-1	-1	-1							
13062	60	1	50025	16002	90001	3005	50006	50030	50046	50047	50048	1923	50034	-1	-1	-1	-1	-1	-1	-1	-1	-1							
13063	60	1	50025	16002	-1	-1	-1	-1	-1	-1	-1	-1	-1	-1	-1	-1	-1	-1	-1	-1	-1	-1							
13064	60	1	50025	16002	-1	-1	-1	-1	-1	-1	-1	-1	-1	-1	-1	-1	-1	-1	-1	-1	-1	-1							
13065	60	1	50025	16002	-1	-1	-1	-1	-1	-1	-1	-1	-1	-1	-1	-1	-1	-1	-1	-1	-1	-1							
13066	60	1	50025	16002	-1	-1	-1	-1	-1	-1	-1	-1	-1	-1	-1	-1	-1	-1	-1	-1	-1	-1							
13067	60	1	50025	16002	-1	-1	-1	-1	-1	-1	-1	-1	-1	-1	-1	-1	-1	-1	-1	-1	-1	-1							
13068	60	1	50025	16002	-1	-1	-1	-1	-1	-1	-1	-1	-1	-1	-1	-1	-1	-1	-1	-1	-1	-1							
13069	60	1	50025	16002	-1	-1	-1	-1	-1	-1	-1	-1	-1	-1	-1	-1	-1	-1	-1	-1	-1	-1							
#Q2 Lau Lan
13080	10	1	16001	-1	-1	-1	-1	-1	-1	-1	-1	-1	-1	-1	-1	-1	-1	-1	-1	-1	-1	-1							
13081	10	1	16001	-1	-1	-1	-1	-1	-1	-1	-1	-1	-1	-1	-1	-1	-1	-1	-1	-1	-1	-1							
13082	10	1	16001	-1	-1	-1	-1	-1	-1	-1	-1	-1	-1	-1	-1	-1	-1	-1	-1	-1	-1	-1							
13083	10	1	16001	-1	-1	-1	-1	-1	-1	-1	-1	-1	-1	-1	-1	-1	-1	-1	-1	-1	-1	-1							
13084	10	1	16001	-1	-1	-1	-1	-1	-1	-1	-1	-1	-1	-1	-1	-1	-1	-1	-1	-1	-1	-1							
13085	10	1	16001	-1	-1	-1	-1	-1	-1	-1	-1	-1	-1	-1	-1	-1	-1	-1	-1	-1	-1	-1							
13086	10	1	16001	-1	-1	-1	-1	-1	-1	-1	-1	-1	-1	-1	-1	-1	-1	-1	-1	-1	-1	-1							
13087	10	1	16001	-1	-1	-1	-1	-1	-1	-1	-1	-1	-1	-1	-1	-1	-1	-1	-1	-1	-1	-1							
13088	10	1	16001	-1	-1	-1	-1	-1	-1	-1	-1	-1	-1	-1	-1	-1	-1	-1	-1	-1	-1	-1							
13089	10	1	16001	-1	-1	-1	-1	-1	-1	-1	-1	-1	-1	-1	-1	-1	-1	-1	-1	-1	-1	-1							
13100	26	0	687	667	627	42	31	607	617	470	570	7	68	-1	-1	-1	-1	-1	-1	-1	-1	-1							
13101	26	0	688	668	628	43	32	608	618	480	580	8	87	-1	-1	-1	-1	-1	-1	-1	-1	-1							
13102	41	0	688	668	628	43	32	608	618	480	580	8	87	-1	-1	-1	-1	-1	-1	-1	-1	-1							
13103	41	0	689	669	629	44	33	609	490	590	9	88	-1	-1	-1	-1	-1	-1	-1	-1	-1	-1							
13104	41	0	689	669	629	44	33	609	490	590	9	88	-1	-1	-1	-1	-1	-1	-1	-1	-1	-1							
13105	88	0	689	669	629	34	499	599	10	89	-1	-1	-1	-1	-1	-1	-1	-1	-1	-1	-1	-1							
13106	88	0	689	669	629	34	499	599	10	89	-1	-1	-1	-1	-1	-1	-1	-1	-1	-1	-1	-1							
13107	88	0	689	669	629	499	599	11	90	-1	-1	-1	-1	-1	-1	-1	-1	-1	-1	-1	-1	-1							
13108	88	0	689	669	629	499	599	11	90	-1	-1	-1	-1	-1	-1	-1	-1	-1	-1	-1	-1	-1							
13109	88	0	689	669	629	499	599	11	90	-1	-1	-1	-1	-1	-1	-1	-1	-1	-1	-1	-1	-1							
13120	26	1	3025	667	627	42	31	607	617	470	570	19	62	3026	3052	-1	-1	-1	-1	-1	-1	-1							
13121	26	1	3025	668	628	43	32	608	618	480	580	20	63	3026	3052	-1	-1	-1	-1	-1	-1	-1							
13122	41	1	90009	628	32	618	3026	3052	90022	-1	-1	-1	-1	-1	-1	-1	-1	-1	-1	-1	-1	-1							
13123	41	1	3025	669	629	44	33	609	490	590	21	64	3026	3052	-1	-1	-1	-1	-1	-1	-1	-1							
13124	41	1	3025	669	629	44	33	609	490	590	21	64	3026	3052	-1	-1	-1	-1	-1	-1	-1	-1							
13125	88	1	3025	669	629	34	499	599	22	65	3026	3052	-1	-1	-1	-1	-1	-1	-1	-1	-1	-1							
13126	88	1	3025	669	629	34	499	599	22	65	3026	3052	-1	-1	-1	-1	-1	-1	-1	-1	-1	-1							
13127	88	1	3025	669	629	499	599	23	66	3026	3052	-1	-1	-1	-1	-1	-1	-1	-1	-1	-1	-1							
13128	88	1	3025	669	629	499	599	23	66	3026	3052	-1	-1	-1	-1	-1	-1	-1	-1	-1	-1	-1							
13129	88	1	3025	669	629	499	599	23	66	3026	3052	-1	-1	-1	-1	-1	-1	-1	-1	-1	-1	-1							
13140	26	1	3025	667	627	42	31	607	617	470	570	19	62	3026	3052	-1	-1	-1	-1	-1	-1	-1							
13141	26	1	3025	668	628	43	32	608	618	480	580	20	63	3026	3052	-1	-1	-1	-1	-1	-1	-1							
13142	41	1	90009	628	32	618	3026	3052	90022	-1	-1	-1	-1	-1	-1	-1	-1	-1	-1	-1	-1	-1							
13143	41	1	3025	669	629	44	33	609	490	590	21	64	3026	3052	-1	-1	-1	-1	-1	-1	-1	-1							
13144	41	1	3025	669	629	44	33	609	490	590	21	64	3026	3052	-1	-1	-1	-1	-1	-1	-1	-1							
13145	88	1	3025	669	629	34	499	599	22	65	3026	3052	-1	-1	-1	-1	-1	-1	-1	-1	-1	-1							
13146	88	1	3025	669	629	34	499	599	22	65	3026	3052	-1	-1	-1	-1	-1	-1	-1	-1	-1	-1							
13147	88	1	3025	669	629	499	599	23	66	3026	3052	-1	-1	-1	-1	-1	-1	-1	-1	-1	-1	-1							
13148	88	1	3025	669	629	499	599	23	66	3026	3052	-1	-1	-1	-1	-1	-1	-1	-1	-1	-1	-1							
13149	88	1	3025	669	629	499	599	23	66	3026	3052	-1	-1	-1	-1	-1	-1	-1	-1	-1	-1	-1							
13160	26	1	3025	667	627	42	31	607	617	470	570	19	62	3026	3052	-1	-1	-1	-1	-1	-1	-1							
13161	26	1	3025	668	628	43	32	608	618	480	580	20	63	3026	3052	-1	-1	-1	-1	-1	-1	-1							
13162	41	1	90009	628	32	618	3026	3052	90022	-1	-1	-1	-1	-1	-1	-1	-1	-1	-1	-1	-1	-1							
13163	41	1	3025	669	629	44	33	609	490	590	21	64	3026	3052	-1	-1	-1	-1	-1	-1	-1	-1							
13164	41	1	3025	669	629	44	33	609	490	590	21	64	3026	3052	-1	-1	-1	-1	-1	-1	-1	-1							
13165	88	1	3025	669	629	34	499	599	22	65	3026	3052	-1	-1	-1	-1	-1	-1	-1	-1	-1	-1							
13166	88	1	3025	669	629	34	499	599	22	65	3026	3052	-1	-1	-1	-1	-1	-1	-1	-1	-1	-1							
13167	88	1	3025	669	629	499	599	23	66	3026	3052	-1	-1	-1	-1	-1	-1	-1	-1	-1	-1	-1							
13168	88	1	3025	669	629	499	599	23	66	3026	3052	-1	-1	-1	-1	-1	-1	-1	-1	-1	-1	-1							
13169	88	1	3025	669	629	499	599	23	66	3026	3052	-1	-1	-1	-1	-1	-1	-1	-1	-1	-1	-1							
13180	26	1	3025	667	627	42	31	607	617	470	570	19	62	3026	3052	-1	-1	-1	-1	-1	-1	-1							
13181	26	1	3025	668	628	43	32	608	618	480	580	20	63	3026	3052	-1	-1	-1	-1	-1	-1	-1							
13182	41	1	90009	628	32	618	3026	3052	90022	-1	-1	-1	-1	-1	-1	-1	-1	-1	-1	-1	-1	-1							
13183	41	1	3025	669	629	44	33	609	490	590	21	64	3026	3052	-1	-1	-1	-1	-1	-1	-1	-1							
13184	41	1	3025	669	629	44	33	609	490	590	21	64	3026	3052	-1	-1	-1	-1	-1	-1	-1	-1							
13185	88	1	3025	669	629	34	499	599	22	65	3026	3052	-1	-1	-1	-1	-1	-1	-1	-1	-1	-1							
13186	88	1	3025	669	629	34	499	599	22	65	3026	3052	-1	-1	-1	-1	-1	-1	-1	-1	-1	-1							
13187	88	1	3025	669	629	499	599	23	66	3026	3052	-1	-1	-1	-1	-1	-1	-1	-1	-1	-1	-1							
13188	88	1	3025	669	629	499	599	23	66	3026	3052	-1	-1	-1	-1	-1	-1	-1	-1	-1	-1	-1							
13189	88	1	3025	669	629	499	599	23	66	3026	3052	-1	-1	-1	-1	-1	-1	-1	-1	-1	-1	-1							
13200	26	1	3025	667	627	42	31	607	617	470	570	19	62	3026	3052	-1	-1	-1	-1	-1	-1	-1							
13201	26	1	3025	668	628	43	32	608	618	480	580	20	63	3026	3052	-1	-1	-1	-1	-1	-1	-1							
13202	41	1	90009	628	32	618	3026	3052	90022	-1	-1	-1	-1	-1	-1	-1	-1	-1	-1	-1	-1	-1							
13203	41	1	3025	669	629	44	33	609	490	590	21	64	3026	3052	-1	-1	-1	-1	-1	-1	-1	-1							
13204	41	1	3025	669	629	44	33	609	490	590	21	64	3026	3052	-1	-1	-1	-1	-1	-1	-1	-1							
13205	88	1	3025	669	629	34	499	599	22	65	3026	3052	-1	-1	-1	-1	-1	-1	-1	-1	-1	-1							
13206	88	1	3025	669	629	34	499	599	22	65	3026	3052	-1	-1	-1	-1	-1	-1	-1	-1	-1	-1							
13207	88	1	3025	669	629	499	599	23	66	3026	3052	-1	-1	-1	-1	-1	-1	-1	-1	-1	-1	-1							
13208	88	1	3025	669	629	499	599	23	66	3026	3052	-1	-1	-1	-1	-1	-1	-1	-1	-1	-1	-1							
13209	88	1	3025	669	629	499	599	23	66	3026	3052	-1	-1	-1	-1	-1	-1	-1	-1	-1	-1	-1							
#Boss Q2 laulan new
13220	60	1	50025	16002	50001	-1	-1	-1	-1	-1	-1	-1	-1	-1	-1	-1	-1	-1	-1	-1	-1	-1							
13221	60	1	50025	16002	50001	-1	-1	-1	-1	-1	-1	-1	-1	-1	-1	-1	-1	-1	-1	-1	-1	-1							
13222	60	1	50025	16002	90001	3005	50006	50030	50046	50047	50048	1923	50034	-1	-1	-1	-1	-1	-1	-1	-1	-1							
13223	60	1	50025	16002	50001	-1	-1	-1	-1	-1	-1	-1	-1	-1	-1	-1	-1	-1	-1	-1	-1	-1							
13224	60	1	50025	16002	50001	-1	-1	-1	-1	-1	-1	-1	-1	-1	-1	-1	-1	-1	-1	-1	-1	-1							
13225	60	1	50025	16002	50001	-1	-1	-1	-1	-1	-1	-1	-1	-1	-1	-1	-1	-1	-1	-1	-1	-1							
13226	60	1	50025	16002	50001	-1	-1	-1	-1	-1	-1	-1	-1	-1	-1	-1	-1	-1	-1	-1	-1	-1							
13227	60	1	50025	16002	50001	-1	-1	-1	-1	-1	-1	-1	-1	-1	-1	-1	-1	-1	-1	-1	-1	-1							
13228	60	1	50025	16002	50001	-1	-1	-1	-1	-1	-1	-1	-1	-1	-1	-1	-1	-1	-1	-1	-1	-1							
13229	60	1	50025	16002	50001	-1	-1	-1	-1	-1	-1	-1	-1	-1	-1	-1	-1	-1	-1	-1	-1	-1							
13240	10	1	3025	669	629	-1	-1	-1	-1	-1	-1	-1	-1	-1	-1	-1	-1	-1	-1	-1	-1	-1							
13241	10	1	3025	669	629	-1	-1	-1	-1	-1	-1	-1	-1	-1	-1	-1	-1	-1	-1	-1	-1	-1							
13242	10	1	3025	669	629	-1	-1	-1	-1	-1	-1	-1	-1	-1	-1	-1	-1	-1	-1	-1	-1	-1							
13243	10	1	3025	669	629	-1	-1	-1	-1	-1	-1	-1	-1	-1	-1	-1	-1	-1	-1	-1	-1	-1							
13244	10	1	3025	669	629	-1	-1	-1	-1	-1	-1	-1	-1	-1	-1	-1	-1	-1	-1	-1	-1	-1							
13245	10	1	3025	669	629	-1	-1	-1	-1	-1	-1	-1	-1	-1	-1	-1	-1	-1	-1	-1	-1	-1							
13246	10	1	3025	669	629	-1	-1	-1	-1	-1	-1	-1	-1	-1	-1	-1	-1	-1	-1	-1	-1	-1							
13247	10	1	3025	669	629	-1	-1	-1	-1	-1	-1	-1	-1	-1	-1	-1	-1	-1	-1	-1	-1	-1							
13248	10	1	3025	669	629	-1	-1	-1	-1	-1	-1	-1	-1	-1	-1	-1	-1	-1	-1	-1	-1	-1							
13249	10	1	3025	669	629	-1	-1	-1	-1	-1	-1	-1	-1	-1	-1	-1	-1	-1	-1	-1	-1	-1							
#Boss Q3 laulan new
13260	60	1	50025	16002	50001	-1	-1	-1	-1	-1	-1	-1	-1	-1	-1	-1	-1	-1	-1	-1	-1	-1							
13261	60	1	50025	16002	50001	-1	-1	-1	-1	-1	-1	-1	-1	-1	-1	-1	-1	-1	-1	-1	-1	-1							
13262	60	1	50025	16002	50001	-1	-1	-1	-1	-1	-1	-1	-1	-1	-1	-1	-1	-1	-1	-1	-1	-1							
13263	60	1	50025	16002	50001	-1	-1	-1	-1	-1	-1	-1	-1	-1	-1	-1	-1	-1	-1	-1	-1	-1							
13264	60	1	50025	16002	90001	3005	50006	50030	50046	50047	50048	1923	50034	-1	-1	-1	-1	-1	-1	-1	-1	-1							
13265	60	1	50025	16002	50001	-1	-1	-1	-1	-1	-1	-1	-1	-1	-1	-1	-1	-1	-1	-1	-1	-1							
13266	60	1	50025	16002	50001	-1	-1	-1	-1	-1	-1	-1	-1	-1	-1	-1	-1	-1	-1	-1	-1	-1							
13267	60	1	50025	16002	50001	-1	-1	-1	-1	-1	-1	-1	-1	-1	-1	-1	-1	-1	-1	-1	-1	-1							
13268	60	1	50025	16002	50001	-1	-1	-1	-1	-1	-1	-1	-1	-1	-1	-1	-1	-1	-1	-1	-1	-1							
13269	60	1	50025	16002	50001	-1	-1	-1	-1	-1	-1	-1	-1	-1	-1	-1	-1	-1	-1	-1	-1	-1							
13280	85	0	8	87	-1	-1	-1	-1	-1	-1	-1	-1	-1	-1	-1	-1	-1	-1	-1	-1	-1	-1							
13281	85	0	8	87	-1	-1	-1	-1	-1	-1	-1	-1	-1	-1	-1	-1	-1	-1	-1	-1	-1	-1							
13282	85	0	8	87	3052	-1	-1	-1	-1	-1	-1	-1	-1	-1	-1	-1	-1	-1	-1	-1	-1	-1							
13283	85	0	8	87	3052	-1	-1	-1	-1	-1	-1	-1	-1	-1	-1	-1	-1	-1	-1	-1	-1	-1							
13284	85	0	8	87	3052	-1	-1	-1	-1	-1	-1	-1	-1	-1	-1	-1	-1	-1	-1	-1	-1	-1							
13285	85	0	8	87	3052	-1	-1	-1	-1	-1	-1	-1	-1	-1	-1	-1	-1	-1	-1	-1	-1	-1							
13286	10	1	8	87	3050	3051	3000	3052	-1	-1	-1	-1	-1	-1	-1	-1	-1	-1	-1	-1	-1	-1							
13287	10	1	8	87	3050	3051	3000	3052	-1	-1	-1	-1	-1	-1	-1	-1	-1	-1	-1	-1	-1	-1							
13400	26	1	683	632	432	532	-1	-1	-1	-1	-1	-1	-1	-1	-1	-1	-1	-1	-1	-1	-1	-1							
13401	26	1	683	632	432	532	-1	-1	-1	-1	-1	-1	-1	-1	-1	-1	-1	-1	-1	-1	-1	-1							
13402	107	1	-1	-1	-1	-1	-1	-1	-1	-1	-1	-1	-1	-1	-1	-1	-1	-1	-1	-1	-1	-1							
13403	107	1	-1	-1	-1	-1	-1	-1	-1	-1	-1	-1	-1	-1	-1	-1	-1	-1	-1	-1	-1	-1							
13404	26	1	682	26	424	524	1424	612	37	622	662	622	622	1909	-1	-1	-1	-1	-1	-1	-1	-1							
13405	41	1	684	28	444	544	1426	614	39	624	664	624	624	1910	-1	-1	-1	-1	-1	-1	-1	-1							
13406	84	1	686	30	464	564	616	41	626	666	626	626	1911	-1	-1	-1	-1	-1	-1	-1	-1	-1							
13407	5	0	682	662	622	37	26	602	612	419	519	2	81	622	622	-1	-1	-1	-1	-1	-1	-1							
13408	8	0	684	664	624	39	28	604	614	439	539	4	83	624	624	-1	-1	-1	-1	-1	-1	-1							
13409	16	0	686	666	626	41	30	606	616	459	559	6	85	626	626	-1	-1	-1	-1	-1	-1	-1							
13410	5	0	682	662	622	37	26	602	612	419	519	2	81	622	622	-1	-1	-1	-1	-1	-1	-1							
13411	8	0	684	664	624	39	28	604	614	439	539	4	83	624	624	-1	-1	-1	-1	-1	-1	-1							
13412	16	0	686	666	626	41	30	606	616	459	559	6	85	626	626	-1	-1	-1	-1	-1	-1	-1							
13413	5	0	682	662	622	37	26	602	612	419	519	2	81	622	622	-1	-1	-1	-1	-1	-1	-1							
13414	8	0	684	664	624	39	28	604	614	439	539	4	83	624	624	-1	-1	-1	-1	-1	-1	-1							
13415	16	0	686	666	626	41	30	606	616	459	559	6	85	626	626	-1	-1	-1	-1	-1	-1	-1							
13416	5	0	682	662	622	37	26	602	612	419	519	2	81	622	622	-1	-1	-1	-1	-1	-1	-1							
13417	8	0	684	664	624	39	28	604	614	439	539	4	83	624	624	-1	-1	-1	-1	-1	-1	-1							
13418	16	0	686	666	626	41	30	606	616	459	559	6	85	626	626	-1	-1	-1	-1	-1	-1	-1							
#sat tinh																													
13430	10	1	-1	-1	-1	-1	-1	-1	-1	-1	-1	-1	-1	-1	-1	-1	-1	-1	-1	-1	-1	-1							
13431	10	1	-1	-1	-1	-1	-1	-1	-1	-1	-1	-1	-1	-1	-1	-1	-1	-1	-1	-1	-1	-1							
13432	10	1	-1	-1	-1	-1	-1	-1	-1	-1	-1	-1	-1	-1	-1	-1	-1	-1	-1	-1	-1	-1							
13433	10	1	-1	-1	-1	-1	-1	-1	-1	-1	-1	-1	-1	-1	-1	-1	-1	-1	-1	-1	-1	-1							
13434	10	1	-1	-1	-1	-1	-1	-1	-1	-1	-1	-1	-1	-1	-1	-1	-1	-1	-1	-1	-1	-1							
13435	10	1	-1	-1	-1	-1	-1	-1	-1	-1	-1	-1	-1	-1	-1	-1	-1	-1	-1	-1	-1	-1							
13436	10	1	-1	-1	-1	-1	-1	-1	-1	-1	-1	-1	-1	-1	-1	-1	-1	-1	-1	-1	-1	-1							
13437	10	1	-1	-1	-1	-1	-1	-1	-1	-1	-1	-1	-1	-1	-1	-1	-1	-1	-1	-1	-1	-1							
13438	60	1	50031	53005	50026	50027	53004	-1	-1	-1	-1	-1	-1	-1	-1	-1	-1	-1	-1	-1	-1	-1							
13439	10	1	-1	-1	-1	-1	-1	-1	-1	-1	-1	-1	-1	-1	-1	-1	-1	-1	-1	-1	-1	-1							
13440	10	1	-1	-1	-1	-1	-1	-1	-1	-1	-1	-1	-1	-1	-1	-1	-1	-1	-1	-1	-1	-1							
13441	10	1	-1	-1	-1	-1	-1	-1	-1	-1	-1	-1	-1	-1	-1	-1	-1	-1	-1	-1	-1	-1							
13442	10	1	-1	-1	-1	-1	-1	-1	-1	-1	-1	-1	-1	-1	-1	-1	-1	-1	-1	-1	-1	-1							
13443	10	1	-1	-1	-1	-1	-1	-1	-1	-1	-1	-1	-1	-1	-1	-1	-1	-1	-1	-1	-1	-1							
13444	10	1	-1	-1	-1	-1	-1	-1	-1	-1	-1	-1	-1	-1	-1	-1	-1	-1	-1	-1	-1	-1							
13445	10	1	-1	-1	-1	-1	-1	-1	-1	-1	-1	-1	-1	-1	-1	-1	-1	-1	-1	-1	-1	-1							
13446	10	1	-1	-1	-1	-1	-1	-1	-1	-1	-1	-1	-1	-1	-1	-1	-1	-1	-1	-1	-1	-1							
13447	60	1	50031	53005	50026	50027	53004	90001	3005	50006	50030	50046	50047	50048	1923	50034	-1	-1	-1	-1	-1	-1							
13448	10	1	-1	-1	-1	-1	-1	-1	-1	-1	-1	-1	-1	-1	-1	-1	-1	-1	-1	-1	-1	-1							
13449	10	1	-1	-1	-1	-1	-1	-1	-1	-1	-1	-1	-1	-1	-1	-1	-1	-1	-1	-1	-1	-1							
13450	10	1	-1	-1	-1	-1	-1	-1	-1	-1	-1	-1	-1	-1	-1	-1	-1	-1	-1	-1	-1	-1							
13451	10	1	-1	-1	-1	-1	-1	-1	-1	-1	-1	-1	-1	-1	-1	-1	-1	-1	-1	-1	-1	-1							
13452	10	1	-1	-1	-1	-1	-1	-1	-1	-1	-1	-1	-1	-1	-1	-1	-1	-1	-1	-1	-1	-1							
13453	10	1	-1	-1	-1	-1	-1	-1	-1	-1	-1	-1	-1	-1	-1	-1	-1	-1	-1	-1	-1	-1							
13454	10	1	-1	-1	-1	-1	-1	-1	-1	-1	-1	-1	-1	-1	-1	-1	-1	-1	-1	-1	-1	-1							
13455	10	1	-1	-1	-1	-1	-1	-1	-1	-1	-1	-1	-1	-1	-1	-1	-1	-1	-1	-1	-1	-1							
13456	60	1	50031	53005	50026	50027	53004	90001	3005	50006	50030	50046	50047	50048	1923	50034	-1	-1	-1	-1	-1	-1							
13457	10	1	-1	-1	-1	-1	-1	-1	-1	-1	-1	-1	-1	-1	-1	-1	-1	-1	-1	-1	-1	-1							
13458	10	1	-1	-1	-1	-1	-1	-1	-1	-1	-1	-1	-1	-1	-1	-1	-1	-1	-1	-1	-1	-1							
13459	10	1	-1	-1	-1	-1	-1	-1	-1	-1	-1	-1	-1	-1	-1	-1	-1	-1	-1	-1	-1	-1							
13460	10	1	-1	-1	-1	-1	-1	-1	-1	-1	-1	-1	-1	-1	-1	-1	-1	-1	-1	-1	-1	-1							
13461	10	1	-1	-1	-1	-1	-1	-1	-1	-1	-1	-1	-1	-1	-1	-1	-1	-1	-1	-1	-1	-1							
13462	10	1	-1	-1	-1	-1	-1	-1	-1	-1	-1	-1	-1	-1	-1	-1	-1	-1	-1	-1	-1	-1							
13463	10	1	-1	-1	-1	-1	-1	-1	-1	-1	-1	-1	-1	-1	-1	-1	-1	-1	-1	-1	-1	-1							
13464	10	1	-1	-1	-1	-1	-1	-1	-1	-1	-1	-1	-1	-1	-1	-1	-1	-1	-1	-1	-1	-1							
13465	60	1	50031	53005	50026	50027	53004	90001	3005	50006	50030	50046	50047	50048	1923	50034	-1	-1	-1	-1	-1	-1							
13466	10	1	-1	-1	-1	-1	-1	-1	-1	-1	-1	-1	-1	-1	-1	-1	-1	-1	-1	-1	-1	-1							
13467	10	1	-1	-1	-1	-1	-1	-1	-1	-1	-1	-1	-1	-1	-1	-1	-1	-1	-1	-1	-1	-1							
13468	10	1	-1	-1	-1	-1	-1	-1	-1	-1	-1	-1	-1	-1	-1	-1	-1	-1	-1	-1	-1	-1							
13469	10	1	-1	-1	-1	-1	-1	-1	-1	-1	-1	-1	-1	-1	-1	-1	-1	-1	-1	-1	-1	-1							
13470	10	1	-1	-1	-1	-1	-1	-1	-1	-1	-1	-1	-1	-1	-1	-1	-1	-1	-1	-1	-1	-1							
13471	10	1	-1	-1	-1	-1	-1	-1	-1	-1	-1	-1	-1	-1	-1	-1	-1	-1	-1	-1	-1	-1							
13472	10	1	-1	-1	-1	-1	-1	-1	-1	-1	-1	-1	-1	-1	-1	-1	-1	-1	-1	-1	-1	-1							
13473	10	1	-1	-1	-1	-1	-1	-1	-1	-1	-1	-1	-1	-1	-1	-1	-1	-1	-1	-1	-1	-1							
13474	60	1	50031	53005	50026	50027	53004	90001	3005	50006	50030	50046	50047	50048	1923	50034	-1	-1	-1	-1	-1	-1							
13475	10	1	-1	-1	-1	-1	-1	-1	-1	-1	-1	-1	-1	-1	-1	-1	-1	-1	-1	-1	-1	-1							
13476	10	1	-1	-1	-1	-1	-1	-1	-1	-1	-1	-1	-1	-1	-1	-1	-1	-1	-1	-1	-1	-1							
13477	10	1	-1	-1	-1	-1	-1	-1	-1	-1	-1	-1	-1	-1	-1	-1	-1	-1	-1	-1	-1	-1							
13478	10	1	-1	-1	-1	-1	-1	-1	-1	-1	-1	-1	-1	-1	-1	-1	-1	-1	-1	-1	-1	-1							
13479	10	1	-1	-1	-1	-1	-1	-1	-1	-1	-1	-1	-1	-1	-1	-1	-1	-1	-1	-1	-1	-1							
13480	10	1	-1	-1	-1	-1	-1	-1	-1	-1	-1	-1	-1	-1	-1	-1	-1	-1	-1	-1	-1	-1							
13481	10	1	-1	-1	-1	-1	-1	-1	-1	-1	-1	-1	-1	-1	-1	-1	-1	-1	-1	-1	-1	-1							
13482	10	1	-1	-1	-1	-1	-1	-1	-1	-1	-1	-1	-1	-1	-1	-1	-1	-1	-1	-1	-1	-1							
13483	60	1	50031	53005	50026	50027	53004	90001	3005	50006	50030	50046	50047	50048	1923	50034	-1	-1	-1	-1	-1	-1							
13484	10	1	-1	-1	-1	-1	-1	-1	-1	-1	-1	-1	-1	-1	-1	-1	-1	-1	-1	-1	-1	-1							
13485	10	1	-1	-1	-1	-1	-1	-1	-1	-1	-1	-1	-1	-1	-1	-1	-1	-1	-1	-1	-1	-1							
13486	10	1	-1	-1	-1	-1	-1	-1	-1	-1	-1	-1	-1	-1	-1	-1	-1	-1	-1	-1	-1	-1							
13487	10	1	-1	-1	-1	-1	-1	-1	-1	-1	-1	-1	-1	-1	-1	-1	-1	-1	-1	-1	-1	-1							
13488	10	1	-1	-1	-1	-1	-1	-1	-1	-1	-1	-1	-1	-1	-1	-1	-1	-1	-1	-1	-1	-1							
13489	10	1	-1	-1	-1	-1	-1	-1	-1	-1	-1	-1	-1	-1	-1	-1	-1	-1	-1	-1	-1	-1							
13490	10	1	-1	-1	-1	-1	-1	-1	-1	-1	-1	-1	-1	-1	-1	-1	-1	-1	-1	-1	-1	-1							
13491	10	1	-1	-1	-1	-1	-1	-1	-1	-1	-1	-1	-1	-1	-1	-1	-1	-1	-1	-1	-1	-1							
13492	60	1	50031	53005	50026	50027	53004	90001	3005	50006	50030	50046	50047	50048	1923	50034	-1	-1	-1	-1	-1	-1							
13493	10	1	-1	-1	-1	-1	-1	-1	-1	-1	-1	-1	-1	-1	-1	-1	-1	-1	-1	-1	-1	-1							
13494	10	1	-1	-1	-1	-1	-1	-1	-1	-1	-1	-1	-1	-1	-1	-1	-1	-1	-1	-1	-1	-1							
13495	10	1	-1	-1	-1	-1	-1	-1	-1	-1	-1	-1	-1	-1	-1	-1	-1	-1	-1	-1	-1	-1							
13496	10	1	-1	-1	-1	-1	-1	-1	-1	-1	-1	-1	-1	-1	-1	-1	-1	-1	-1	-1	-1	-1							
13497	10	1	-1	-1	-1	-1	-1	-1	-1	-1	-1	-1	-1	-1	-1	-1	-1	-1	-1	-1	-1	-1							
13498	10	1	-1	-1	-1	-1	-1	-1	-1	-1	-1	-1	-1	-1	-1	-1	-1	-1	-1	-1	-1	-1							
13499	10	1	-1	-1	-1	-1	-1	-1	-1	-1	-1	-1	-1	-1	-1	-1	-1	-1	-1	-1	-1	-1							
13500	10	1	-1	-1	-1	-1	-1	-1	-1	-1	-1	-1	-1	-1	-1	-1	-1	-1	-1	-1	-1	-1							
13501	60	1	50031	53005	50026	50027	53004	90001	3005	50006	50030	50046	50047	50048	1923	50034	-1	-1	-1	-1	-1	-1							
13502	10	1	-1	-1	-1	-1	-1	-1	-1	-1	-1	-1	-1	-1	-1	-1	-1	-1	-1	-1	-1	-1							
13503	10	1	-1	-1	-1	-1	-1	-1	-1	-1	-1	-1	-1	-1	-1	-1	-1	-1	-1	-1	-1	-1							
13504	10	1	-1	-1	-1	-1	-1	-1	-1	-1	-1	-1	-1	-1	-1	-1	-1	-1	-1	-1	-1	-1							
13505	10	1	-1	-1	-1	-1	-1	-1	-1	-1	-1	-1	-1	-1	-1	-1	-1	-1	-1	-1	-1	-1							
13506	10	1	-1	-1	-1	-1	-1	-1	-1	-1	-1	-1	-1	-1	-1	-1	-1	-1	-1	-1	-1	-1							
13507	10	1	-1	-1	-1	-1	-1	-1	-1	-1	-1	-1	-1	-1	-1	-1	-1	-1	-1	-1	-1	-1							
13508	10	1	-1	-1	-1	-1	-1	-1	-1	-1	-1	-1	-1	-1	-1	-1	-1	-1	-1	-1	-1	-1							
13509	10	1	-1	-1	-1	-1	-1	-1	-1	-1	-1	-1	-1	-1	-1	-1	-1	-1	-1	-1	-1	-1							
13510	60	1	50031	53005	50026	50027	53004	90001	3005	50006	50030	50046	50047	50048	1923	50034	-1	-1	-1	-1	-1	-1							
13511	10	1	-1	-1	-1	-1	-1	-1	-1	-1	-1	-1	-1	-1	-1	-1	-1	-1	-1	-1	-1	-1							
13512	10	1	-1	-1	-1	-1	-1	-1	-1	-1	-1	-1	-1	-1	-1	-1	-1	-1	-1	-1	-1	-1							
13513	10	1	-1	-1	-1	-1	-1	-1	-1	-1	-1	-1	-1	-1	-1	-1	-1	-1	-1	-1	-1	-1							
13514	10	1	-1	-1	-1	-1	-1	-1	-1	-1	-1	-1	-1	-1	-1	-1	-1	-1	-1	-1	-1	-1							
13515	10	1	-1	-1	-1	-1	-1	-1	-1	-1	-1	-1	-1	-1	-1	-1	-1	-1	-1	-1	-1	-1							
13516	10	1	-1	-1	-1	-1	-1	-1	-1	-1	-1	-1	-1	-1	-1	-1	-1	-1	-1	-1	-1	-1							
13517	10	1	-1	-1	-1	-1	-1	-1	-1	-1	-1	-1	-1	-1	-1	-1	-1	-1	-1	-1	-1	-1							
13518	10	1	-1	-1	-1	-1	-1	-1	-1	-1	-1	-1	-1	-1	-1	-1	-1	-1	-1	-1	-1	-1							
13519	60	1	50031	53005	50026	50027	53004	90001	3005	50006	50030	50046	50047	50048	1923	50034	-1	-1	-1	-1	-1	-1							
13520	10	1	-1	-1	-1	-1	-1	-1	-1	-1	-1	-1	-1	-1	-1	-1	-1	-1	-1	-1	-1	-1							
13521	10	1	-1	-1	-1	-1	-1	-1	-1	-1	-1	-1	-1	-1	-1	-1	-1	-1	-1	-1	-1	-1							
13522	10	1	-1	-1	-1	-1	-1	-1	-1	-1	-1	-1	-1	-1	-1	-1	-1	-1	-1	-1	-1	-1							
13523	10	1	-1	-1	-1	-1	-1	-1	-1	-1	-1	-1	-1	-1	-1	-1	-1	-1	-1	-1	-1	-1							
13524	10	1	-1	-1	-1	-1	-1	-1	-1	-1	-1	-1	-1	-1	-1	-1	-1	-1	-1	-1	-1	-1							
13525	10	1	-1	-1	-1	-1	-1	-1	-1	-1	-1	-1	-1	-1	-1	-1	-1	-1	-1	-1	-1	-1							
13526	10	1	-1	-1	-1	-1	-1	-1	-1	-1	-1	-1	-1	-1	-1	-1	-1	-1	-1	-1	-1	-1							
13527	10	1	-1	-1	-1	-1	-1	-1	-1	-1	-1	-1	-1	-1	-1	-1	-1	-1	-1	-1	-1	-1							
13528	60	1	50031	53005	50026	50027	53004	90001	3005	50006	50030	50046	50047	50048	1923	50034	-1	-1	-1	-1	-1	-1							
13529	10	1	-1	-1	-1	-1	-1	-1	-1	-1	-1	-1	-1	-1	-1	-1	-1	-1	-1	-1	-1	-1							
13530	10	1	-1	-1	-1	-1	-1	-1	-1	-1	-1	-1	-1	-1	-1	-1	-1	-1	-1	-1	-1	-1							
13531	10	1	-1	-1	-1	-1	-1	-1	-1	-1	-1	-1	-1	-1	-1	-1	-1	-1	-1	-1	-1	-1							
13532	10	1	-1	-1	-1	-1	-1	-1	-1	-1	-1	-1	-1	-1	-1	-1	-1	-1	-1	-1	-1	-1							
13533	10	1	-1	-1	-1	-1	-1	-1	-1	-1	-1	-1	-1	-1	-1	-1	-1	-1	-1	-1	-1	-1							
13534	10	1	-1	-1	-1	-1	-1	-1	-1	-1	-1	-1	-1	-1	-1	-1	-1	-1	-1	-1	-1	-1							
13535	10	1	-1	-1	-1	-1	-1	-1	-1	-1	-1	-1	-1	-1	-1	-1	-1	-1	-1	-1	-1	-1							
13536	10	1	-1	-1	-1	-1	-1	-1	-1	-1	-1	-1	-1	-1	-1	-1	-1	-1	-1	-1	-1	-1							
13537	60	1	50031	53005	50026	50027	53004	90001	3005	50006	50030	50046	50047	50048	1923	50034	-1	-1	-1	-1	-1	-1							
#tang kinh cac																													
13592	60	1	50001	50024	70005	70008	50034	-1	-1	-1	-1	-1	-1	-1	-1	-1	-1	-1	-1	-1	-1	-1							
13593	60	1	50001	50024	70005	70008	50034	-1	-1	-1	-1	-1	-1	-1	-1	-1	-1	-1	-1	-1	-1	-1							
13594	60	1	50001	50024	70005	70008	50034	-1	-1	-1	-1	-1	-1	-1	-1	-1	-1	-1	-1	-1	-1	-1							
13595	60	1	50001	50024	70005	70008	50034	-1	-1	-1	-1	-1	-1	-1	-1	-1	-1	-1	-1	-1	-1	-1							
13596	60	1	50001	50024	70005	70008	50034	-1	-1	-1	-1	-1	-1	-1	-1	-1	-1	-1	-1	-1	-1	-1							
13597	60	1	50001	50024	70005	70008	50034	-1	-1	-1	-1	-1	-1	-1	-1	-1	-1	-1	-1	-1	-1	-1							
13598	60	1	50001	50024	70005	70008	50034	-1	-1	-1	-1	-1	-1	-1	-1	-1	-1	-1	-1	-1	-1	-1							
13599	60	1	50001	50024	70005	70008	50034	-1	-1	-1	-1	-1	-1	-1	-1	-1	-1	-1	-1	-1	-1	-1							
13600	60	1	50001	50024	70005	70008	50034	-1	-1	-1	-1	-1	-1	-1	-1	-1	-1	-1	-1	-1	-1	-1							
#Phuong Minh Vuong Lang chua co																											
13750	10	1	3001	3027	3030	3041	3049	-1	-1	-1	-1	-1	-1	-1	-1	-1	-1	-1	-1	-1	-1	-1							
13759	10	1	3001	3027	3030	3041	3032	3048	3035	3049	3052	-1	-1	-1	-1	-1	-1	-1	-1	-1	-1	-1							
#thien kiep lau:
13805	10	1	3053	-1	-1	-1	-1	-1	-1	-1	-1	-1	-1	-1	-1	-1	-1	-1	-1	-1	-1	-1							
#Q2 to chau- cu																													
13960	60	1	50028	-1	-1	-1	-1	-1	-1	-1	-1	-1	-1	-1	-1	-1	-1	-1	-1	-1	-1	-1							
13961	60	1	50028	50004	-1	-1	-1	-1	-1	-1	-1	-1	-1	-1	-1	-1	-1	-1	-1	-1	-1	-1							
13962	60	1	50028	50004	-1	-1	-1	-1	-1	-1	-1	-1	-1	-1	-1	-1	-1	-1	-1	-1	-1	-1							
13963	60	1	50028	50004	-1	-1	-1	-1	-1	-1	-1	-1	-1	-1	-1	-1	-1	-1	-1	-1	-1	-1							
13964	60	1	50028	50004	-1	-1	-1	-1	-1	-1	-1	-1	-1	-1	-1	-1	-1	-1	-1	-1	-1	-1							
13965	60	1	50028	50004	-1	-1	-1	-1	-1	-1	-1	-1	-1	-1	-1	-1	-1	-1	-1	-1	-1	-1							
13966	60	1	50028	50004	-1	-1	-1	-1	-1	-1	-1	-1	-1	-1	-1	-1	-1	-1	-1	-1	-1	-1							
13967	60	1	50028	50004	-1	-1	-1	-1	-1	-1	-1	-1	-1	-1	-1	-1	-1	-1	-1	-1	-1	-1							
13968	60	1	50028	50004	-1	-1	-1	-1	-1	-1	-1	-1	-1	-1	-1	-1	-1	-1	-1	-1	-1	-1							
13969	60	1	50028	50004	-1	-1	-1	-1	-1	-1	-1	-1	-1	-1	-1	-1	-1	-1	-1	-1	-1	-1							
13970	60	1	50028	50004	-1	-1	-1	-1	-1	-1	-1	-1	-1	-1	-1	-1	-1	-1	-1	-1	-1	-1							
13971	60	1	50028	50004	-1	-1	-1	-1	-1	-1	-1	-1	-1	-1	-1	-1	-1	-1	-1	-1	-1	-1							
13972	60	1	50028	50004	-1	-1	-1	-1	-1	-1	-1	-1	-1	-1	-1	-1	-1	-1	-1	-1	-1	-1							
13973	60	1	50028	50004	-1	-1	-1	-1	-1	-1	-1	-1	-1	-1	-1	-1	-1	-1	-1	-1	-1	-1							
13974	60	1	50028	50004	50004	-1	-1	-1	-1	-1	-1	-1	-1	-1	-1	-1	-1	-1	-1	-1	-1	-1							
13975	60	1	50028	-1	-1	-1	-1	-1	-1	-1	-1	-1	-1	-1	-1	-1	-1	-1	-1	-1	-1	-1							
13976	60	1	50028	-1	-1	-1	-1	-1	-1	-1	-1	-1	-1	-1	-1	-1	-1	-1	-1	-1	-1	-1							
13977	60	1	50028	-1	-1	-1	-1	-1	-1	-1	-1	-1	-1	-1	-1	-1	-1	-1	-1	-1	-1	-1							
13978	60	1	50028	-1	-1	-1	-1	-1	-1	-1	-1	-1	-1	-1	-1	-1	-1	-1	-1	-1	-1	-1							
13979	60	1	50028	-1	-1	-1	-1	-1	-1	-1	-1	-1	-1	-1	-1	-1	-1	-1	-1	-1	-1	-1							
13982	60	1	1698	50004	-1	-1	-1	-1	-1	-1	-1	-1	-1	-1	-1	-1	-1	-1	-1	-1	-1	-1							
13983	60	1	1698	50004	-1	-1	-1	-1	-1	-1	-1	-1	-1	-1	-1	-1	-1	-1	-1	-1	-1	-1							
13984	60	1	1699	50004	-1	-1	-1	-1	-1	-1	-1	-1	-1	-1	-1	-1	-1	-1	-1	-1	-1	-1							
13985	60	1	1700	50004	-1	-1	-1	-1	-1	-1	-1	-1	-1	-1	-1	-1	-1	-1	-1	-1	-1	-1							
13986	60	1	1701	50004	-1	-1	-1	-1	-1	-1	-1	-1	-1	-1	-1	-1	-1	-1	-1	-1	-1	-1							
13987	60	1	1702	50004	-1	-1	-1	-1	-1	-1	-1	-1	-1	-1	-1	-1	-1	-1	-1	-1	-1	-1							
13988	60	1	1703	50004	-1	-1	-1	-1	-1	-1	-1	-1	-1	-1	-1	-1	-1	-1	-1	-1	-1	-1							
13989	60	1	1704	50004	-1	-1	-1	-1	-1	-1	-1	-1	-1	-1	-1	-1	-1	-1	-1	-1	-1	-1							
13990	60	1	1704	50004	-1	-1	-1	-1	-1	-1	-1	-1	-1	-1	-1	-1	-1	-1	-1	-1	-1	-1							
#Tu Tuyet Trang
14101	60	1	50024	51003	50010	85020	-1	-1	-1	-1	-1	-1	-1	-1	-1	-1	-1	-1	-1	-1	-1	-1							
14102	60	1	50024	51003	50010	85020	-1	-1	-1	-1	-1	-1	-1	-1	-1	-1	-1	-1	-1	-1	-1	-1							
14103	60	1	50024	51003	50010	85020	-1	-1	-1	-1	-1	-1	-1	-1	-1	-1	-1	-1	-1	-1	-1	-1							
14104	60	1	50024	51003	50010	85020	-1	-1	-1	-1	-1	-1	-1	-1	-1	-1	-1	-1	-1	-1	-1	-1							
14105	60	1	50024	51003	50010	85020	-1	-1	-1	-1	-1	-1	-1	-1	-1	-1	-1	-1	-1	-1	-1	-1							
14106	60	1	50024	51003	90003	90004	90001	-1	-1	-1	-1	-1	-1	-1	-1	-1	-1	-1	-1	-1	-1	-1							
14120	60	1	50024	51003	50010	85020	-1	-1	-1	-1	-1	-1	-1	-1	-1	-1	-1	-1	-1	-1	-1	-1							
14121	60	1	50024	51003	50010	85020	-1	-1	-1	-1	-1	-1	-1	-1	-1	-1	-1	-1	-1	-1	-1	-1							
14122	60	1	50024	51003	50010	85020	-1	-1	-1	-1	-1	-1	-1	-1	-1	-1	-1	-1	-1	-1	-1	-1							
14123	60	1	50024	51003	50010	85020	-1	-1	-1	-1	-1	-1	-1	-1	-1	-1	-1	-1	-1	-1	-1	-1							
14124	60	1	50024	51003	50010	85020	-1	-1	-1	-1	-1	-1	-1	-1	-1	-1	-1	-1	-1	-1	-1	-1							
14125	60	1	50024	51003	90003	90004	90001	-1	-1	-1	-1	-1	-1	-1	-1	-1	-1	-1	-1	-1	-1	-1							
14127	60	1	50024	51003	50010	85020	-1	-1	-1	-1	-1	-1	-1	-1	-1	-1	-1	-1	-1	-1	-1	-1							
14128	60	1	50024	51003	50010	85020	-1	-1	-1	-1	-1	-1	-1	-1	-1	-1	-1	-1	-1	-1	-1	-1							
14129	60	1	50024	51003	50010	85020	-1	-1	-1	-1	-1	-1	-1	-1	-1	-1	-1	-1	-1	-1	-1	-1							
14130	60	1	50024	51003	50010	85020	-1	-1	-1	-1	-1	-1	-1	-1	-1	-1	-1	-1	-1	-1	-1	-1							
14131	60	1	50024	51003	50010	85020	-1	-1	-1	-1	-1	-1	-1	-1	-1	-1	-1	-1	-1	-1	-1	-1							
14132	60	1	50024	51003	90003	90004	90001	-1	-1	-1	-1	-1	-1	-1	-1	-1	-1	-1	-1	-1	-1	-1							
14140	60	1	50024	51003	90003	90004	90001	-1	-1	-1	-1	-1	-1	-1	-1	-1	-1	-1	-1	-1	-1	-1							
14141	60	1	50024	51003	50010	85020	50001	-1	-1	-1	-1	-1	-1	-1	-1	-1	-1	-1	-1	-1	-1	-1							
14142	60	1	50024	51003	50010	85020	50001	-1	-1	-1	-1	-1	-1	-1	-1	-1	-1	-1	-1	-1	-1	-1							
14143	60	1	50024	51003	50010	85020	50001	-1	-1	-1	-1	-1	-1	-1	-1	-1	-1	-1	-1	-1	-1	-1							
14144	60	1	50024	51003	50010	85020	50001	-1	-1	-1	-1	-1	-1	-1	-1	-1	-1	-1	-1	-1	-1	-1							
14145	60	1	50024	51003	90003	90004	90001	-1	-1	-1	-1	-1	-1	-1	-1	-1	-1	-1	-1	-1	-1	-1							
#bang ho																													
14199	30	1	50004	50009	-1	-1	-1	-1	-1	-1	-1	-1	-1	-1	-1	-1	-1	-1	-1	-1	-1	-1							
#thieu that son																													
14208	100	1	90026	3005	50006	50030	50046	50047	50048	1923	50034	-1	-1	-1	-1	-1	-1	-1	-1	-1	-1	-1							
14216	100	1	90026	3005	50006	50030	50046	50047	50048	1923	50034	-1	-1	-1	-1	-1	-1	-1	-1	-1	-1	-1							
14217	100	1	90026	3005	50006	50030	50046	50047	50048	1923	50034	-1	-1	-1	-1	-1	-1	-1	-1	-1	-1	-1							
14218	100	1	90026	3005	50006	50030	50046	50047	50048	1923	50034	-1	-1	-1	-1	-1	-1	-1	-1	-1	-1	-1							
14219	100	1	90026	3005	50006	50030	50046	50047	50048	1923	50034	-1	-1	-1	-1	-1	-1	-1	-1	-1	-1	-1							
14224	60	1	90003	90006	50032	50025	90004	90001	-1	-1	-1	-1	-1	-1	-1	-1	-1	-1	-1	-1	-1	-1							
14229	60	1	90003	90006	50032	50025	90001	-1	-1	-1	-1	-1	-1	-1	-1	-1	-1	-1	-1	-1	-1	-1							
14234	60	1	90003	90006	50032	50025	90004	90001	-1	-1	-1	-1	-1	-1	-1	-1	-1	-1	-1	-1	-1	-1							
14239	60	1	90003	90006	50032	50025	90004	90001	-1	-1	-1	-1	-1	-1	-1	-1	-1	-1	-1	-1	-1	-1							
14240	100	1	90026	3005	50006	50030	50046	50047	50048	1923	50034	-1	-1	-1	-1	-1	-1	-1	-1	-1	-1	-1							
14244	60	1	90003	90006	50032	50025	90004	90001	-1	-1	-1	-1	-1	-1	-1	-1	-1	-1	-1	-1	-1	-1							
14249	60	1	90003	90006	50032	50025	90004	90001	-1	-1	-1	-1	-1	-1	-1	-1	-1	-1	-1	-1	-1	-1							
14264	60	1	90003	90006	50032	50025	90004	90001	-1	-1	-1	-1	-1	-1	-1	-1	-1	-1	-1	-1	-1	-1							
#Binh thanh ky tran 1
14348	100	1	90026	3005	50006	50030	50046	50047	50048	1923	50034	-1	-1	-1	-1	-1	-1	-1	-1	-1	-1	-1							
15006	100	1	90026	3005	50006	50030	50046	50047	50048	1923	50034	-1	-1	-1	-1	-1	-1	-1	-1	-1	-1	-1							
15008	100	1	90026	3005	50006	50030	50046	50047	50048	1923	50034	-1	-1	-1	-1	-1	-1	-1	-1	-1	-1	-1							
15010	60	1	50010	50019	50015	51004	51005	51006	51007	51006	-1	-1	-1	-1	-1	-1	-1	-1	-1	-1	-1	-1							
15015	10	1	-1	-1	-1	-1	-1	-1	-1	-1	-1	-1	-1	-1	-1	-1	-1	-1	-1	-1	-1	-1							
15019	10	1	-1	-1	-1	-1	-1	-1	-1	-1	-1	-1	-1	-1	-1	-1	-1	-1	-1	-1	-1	-1							
15020	10	1	-1	-1	-1	-1	-1	-1	-1	-1	-1	-1	-1	-1	-1	-1	-1	-1	-1	-1	-1	-1							
15026	100	1	90026	3005	50006	50030	50046	50047	50048	1923	50034	-1	-1	-1	-1	-1	-1	-1	-1	-1	-1	-1							
15028	100	1	90026	3005	50006	50030	50046	50047	50048	1923	50034	-1	-1	-1	-1	-1	-1	-1	-1	-1	-1	-1							
15030	60	1	50010	50019	50015	51004	51005	51006	51007	51006	-1	-1	-1	-1	-1	-1	-1	-1	-1	-1	-1	-1							
15031	100	1	90026	3005	50006	50030	50046	50047	50048	1923	50034	-1	-1	-1	-1	-1	-1	-1	-1	-1	-1	-1							
15033	100	1	90026	3005	50006	50030	50046	50047	50048	1923	50034	-1	-1	-1	-1	-1	-1	-1	-1	-1	-1	-1							
15035	60	1	50010	50019	50015	51004	51005	51006	51007	51006	-1	-1	-1	-1	-1	-1	-1	-1	-1	-1	-1	-1							
15040	10	1	-1	-1	-1	-1	-1	-1	-1	-1	-1	-1	-1	-1	-1	-1	-1	-1	-1	-1	-1	-1							
15045	10	1	-1	-1	-1	-1	-1	-1	-1	-1	-1	-1	-1	-1	-1	-1	-1	-1	-1	-1	-1	-1							
15050	10	1	-1	-1	-1	-1	-1	-1	-1	-1	-1	-1	-1	-1	-1	-1	-1	-1	-1	-1	-1	-1							
15055	10	1	-1	-1	-1	-1	-1	-1	-1	-1	-1	-1	-1	-1	-1	-1	-1	-1	-1	-1	-1	-1							
15060	10	1	-1	-1	-1	-1	-1	-1	-1	-1	-1	-1	-1	-1	-1	-1	-1	-1	-1	-1	-1	-1							
15065	10	1	-1	-1	-1	-1	-1	-1	-1	-1	-1	-1	-1	-1	-1	-1	-1	-1	-1	-1	-1	-1							
15071	100	1	90026	3005	50006	50030	50046	50047	50048	1923	50034	-1	-1	-1	-1	-1	-1	-1	-1	-1	-1	-1							
15073	100	1	90026	3005	50006	50030	50046	50047	50048	1923	50034	-1	-1	-1	-1	-1	-1	-1	-1	-1	-1	-1							
15075	60	1	50010	50019	50015	51004	51005	51006	51007	51006	-1	-1	-1	-1	-1	-1	-1	-1	-1	-1	-1	-1							
15080	10	1	-1	-1	-1	-1	-1	-1	-1	-1	-1	-1	-1	-1	-1	-1	-1	-1	-1	-1	-1	-1							
15083	100	1	90026	3005	50006	50030	50046	50047	50048	1923	50034	-1	-1	-1	-1	-1	-1	-1	-1	-1	-1	-1							
15084	100	1	90026	3005	50006	50030	50046	50047	50048	1923	50034	-1	-1	-1	-1	-1	-1	-1	-1	-1	-1	-1							
15085	10	1	-1	-1	-1	-1	-1	-1	-1	-1	-1	-1	-1	-1	-1	-1	-1	-1	-1	-1	-1	-1							
15088	100	1	90026	3005	50006	50030	50046	50047	50048	1923	50034	-1	-1	-1	-1	-1	-1	-1	-1	-1	-1	-1							
15090	60	1	50010	50019	50015	51004	51005	51006	51007	50004	50009	50001	51006	-1	-1	-1	-1	-1	-1	-1	-1	-1							
15095	10	1	-1	-1	-1	-1	-1	-1	-1	-1	-1	-1	-1	-1	-1	-1	-1	-1	-1	-1	-1	-1							
#Binh thanh ky tran 2																												
15098	100	1	90026	3005	50006	50030	50046	50047	50048	1923	50034	-1	-1	-1	-1	-1	-1	-1	-1	-1	-1	-1							
15106	100	1	90026	3005	50006	50030	50046	50047	50048	1923	50034	-1	-1	-1	-1	-1	-1	-1	-1	-1	-1	-1							
15109	100	1	90026	3005	50006	50030	50046	50047	50048	1923	50034	-1	-1	-1	-1	-1	-1	-1	-1	-1	-1	-1							
15110	60	1	90003	50019	50015	90010	90011	90005	90012	90001	-1	-1	-1	-1	-1	-1	-1	-1	-1	-1	-1	-1							
15115	10	1	-1	-1	-1	-1	-1	-1	-1	-1	-1	-1	-1	-1	-1	-1	-1	-1	-1	-1	-1	-1							
15120	10	1	-1	-1	-1	-1	-1	-1	-1	-1	-1	-1	-1	-1	-1	-1	-1	-1	-1	-1	-1	-1							
15126	100	1	90026	3005	50006	50030	50046	50047	50048	1923	50034	-1	-1	-1	-1	-1	-1	-1	-1	-1	-1	-1							
15129	100	1	90026	3005	50006	50030	50046	50047	50048	1923	50034	-1	-1	-1	-1	-1	-1	-1	-1	-1	-1	-1							
15130	60	1	90003	50019	50015	90010	90011	90005	90012	90001	-1	-1	-1	-1	-1	-1	-1	-1	-1	-1	-1	-1							
15131	100	1	90026	3005	50006	50030	50046	50047	50048	1923	50034	-1	-1	-1	-1	-1	-1	-1	-1	-1	-1	-1							
15134	100	1	90026	3005	50006	50030	50046	50047	50048	1923	50034	-1	-1	-1	-1	-1	-1	-1	-1	-1	-1	-1							
15135	60	1	90003	50019	50015	90010	90011	90005	90012	90001	-1	-1	-1	-1	-1	-1	-1	-1	-1	-1	-1	-1							
15140	10	1	-1	-1	-1	-1	-1	-1	-1	-1	-1	-1	-1	-1	-1	-1	-1	-1	-1	-1	-1	-1							
15145	10	1	-1	-1	-1	-1	-1	-1	-1	-1	-1	-1	-1	-1	-1	-1	-1	-1	-1	-1	-1	-1							
15150	10	1	-1	-1	-1	-1	-1	-1	-1	-1	-1	-1	-1	-1	-1	-1	-1	-1	-1	-1	-1	-1							
15155	10	1	-1	-1	-1	-1	-1	-1	-1	-1	-1	-1	-1	-1	-1	-1	-1	-1	-1	-1	-1	-1							
15160	10	1	-1	-1	-1	-1	-1	-1	-1	-1	-1	-1	-1	-1	-1	-1	-1	-1	-1	-1	-1	-1							
15165	10	1	-1	-1	-1	-1	-1	-1	-1	-1	-1	-1	-1	-1	-1	-1	-1	-1	-1	-1	-1	-1							
15171	100	1	90026	3005	50006	50030	50046	50047	50048	1923	50034	-1	-1	-1	-1	-1	-1	-1	-1	-1	-1	-1							
15174	100	1	90026	3005	50006	50030	50046	50047	50048	1923	50034	-1	-1	-1	-1	-1	-1	-1	-1	-1	-1	-1							
15175	60	1	90003	50019	50015	90010	90011	90005	90012	90001	-1	-1	-1	-1	-1	-1	-1	-1	-1	-1	-1	-1							
15180	10	1	-1	-1	-1	-1	-1	-1	-1	-1	-1	-1	-1	-1	-1	-1	-1	-1	-1	-1	-1	-1							
15185	60	1	90016	3005	50006	50030	50046	50047	50048	1923	50034	-1	-1	-1	-1	-1	-1	-1	-1	-1	-1	-1							
15186	100	1	90026	3005	50006	50030	50046	50047	50048	1923	50034	-1	-1	-1	-1	-1	-1	-1	-1	-1	-1	-1							
15189	100	1	90026	3005	50006	50030	50046	50047	50048	1923	50034	-1	-1	-1	-1	-1	-1	-1	-1	-1	-1	-1							
15190	60	1	90003	50019	50015	90010	90011	90005	90012	50009	90001	-1	-1	-1	-1	-1	-1	-1	-1	-1	-1	-1							
15195	10	1	-1	-1	-1	-1	-1	-1	-1	-1	-1	-1	-1	-1	-1	-1	-1	-1	-1	-1	-1	-1							
15200	100	1	90026	3005	50006	50030	50046	50047	50048	1923	50034	-1	-1	-1	-1	-1	-1	-1	-1	-1	-1	-1							
15205	10	1	-1	-1	-1	-1	-1	-1	-1	-1	-1	-1	-1	-1	-1	-1	-1	-1	-1	-1	-1	-1							
15206	10	1	-1	-1	-1	-1	-1	-1	-1	-1	-1	-1	-1	-1	-1	-1	-1	-1	-1	-1	-1	-1							
#Vuong lang																													
15344	10	1	3033	3044	1836	50011	50010	50004	-1	-1	-1	-1	-1	-1	-1	-1	-1	-1	-1	-1	-1	-1							
15345	10	1	1836	3033	3044	50011	50010	50004	-1	-1	-1	-1	-1	-1	-1	-1	-1	-1	-1	-1	-1	-1							
15346	10	1	1836	3033	3044	50011	50010	50004	-1	-1	-1	-1	-1	-1	-1	-1	-1	-1	-1	-1	-1	-1							
15347	10	1	1836	3033	3044	50011	50010	50004	-1	-1	-1	-1	-1	-1	-1	-1	-1	-1	-1	-1	-1	-1							
15351	10	1	3046	3045	1537	50004	50011	50012	50013	50010	-1	-1	-1	-1	-1	-1	-1	-1	-1	-1	-1	-1							
15352	10	1	3046	3045	1537	50004	50011	50012	50013	50010	-1	-1	-1	-1	-1	-1	-1	-1	-1	-1	-1	-1							
15353	10	1	3046	3045	1537	50004	50011	50012	50013	50010	-1	-1	-1	-1	-1	-1	-1	-1	-1	-1	-1	-1							
#Boss Da ngoai nam hoai																													
15370	50	1	50040	50041	50043	50044	50045	50030	50004	-1	-1	-1	-1	-1	-1	-1	-1	-1	-1	-1	-1	-1							
15371	50	1	50040	50041	50043	50044	50045	50030	50004	-1	-1	-1	-1	-1	-1	-1	-1	-1	-1	-1	-1	-1							
15372	50	1	50040	50041	50043	50044	50045	50030	50004	-1	-1	-1	-1	-1	-1	-1	-1	-1	-1	-1	-1	-1							
#Thong thien thap																													
15433	200	1	50009	50022	90007	50024	50007	50030	90027	-1	-1	-1	-1	-1	-1	-1	-1	-1	-1	-1	-1	-1							
15436	200	1	50009	50022	90007	50024	50007	50030	90027	-1	-1	-1	-1	-1	-1	-1	-1	-1	-1	-1	-1	-1							
15439	200	1	50009	50022	90007	50024	50007	50030	90027	-1	-1	-1	-1	-1	-1	-1	-1	-1	-1	-1	-1	-1							
15442	200	1	50009	50022	90007	50024	50007	50030	90027	-1	-1	-1	-1	-1	-1	-1	-1	-1	-1	-1	-1	-1							
15445	3000	1	50009	50022	50007	50030	50017	90028	-1	-1	-1	-1	-1	-1	-1	-1	-1	-1	-1	-1	-1	-1							
#Huyen hai																													
15699	15	1	50014	50015	50015	-1	-1	-1	-1	-1	-1	-1	-1	-1	-1	-1	-1	-1	-1	-1	-1	-1							
15702	30	1	50004	50012	-1	-1	-1	-1	-1	-1	-1	-1	-1	-1	-1	-1	-1	-1	-1	-1	-1	-1							
15703	30	1	50004	50004	50004	50012	50013	-1	-1	-1	-1	-1	-1	-1	-1	-1	-1	-1	-1	-1	-1	-1							
15704	30	1	50004	50012	-1	-1	-1	-1	-1	-1	-1	-1	-1	-1	-1	-1	-1	-1	-1	-1	-1	-1							
15705	30	1	50004	50012	-1	-1	-1	-1	-1	-1	-1	-1	-1	-1	-1	-1	-1	-1	-1	-1	-1	-1							
15706	30	1	50004	50012	-1	-1	-1	-1	-1	-1	-1	-1	-1	-1	-1	-1	-1	-1	-1	-1	-1	-1							
15707	30	1	50004	50012	-1	-1	-1	-1	-1	-1	-1	-1	-1	-1	-1	-1	-1	-1	-1	-1	-1	-1							
15708	30	1	50004	50012	-1	-1	-1	-1	-1	-1	-1	-1	-1	-1	-1	-1	-1	-1	-1	-1	-1	-1							
15709	10	1	50004	50012	-1	-1	-1	-1	-1	-1	-1	-1	-1	-1	-1	-1	-1	-1	-1	-1	-1	-1							
#Thuy nguyet dong																													
15721	10	1	50015	50004	50015	-1	-1	-1	-1	-1	-1	-1	-1	-1	-1	-1	-1	-1	-1	-1	-1	-1							
15722	10	1	50015	50004	50015	-1	-1	-1	-1	-1	-1	-1	-1	-1	-1	-1	-1	-1	-1	-1	-1	-1							
15723	10	1	50015	50004	50015	-1	-1	-1	-1	-1	-1	-1	-1	-1	-1	-1	-1	-1	-1	-1	-1	-1							
15724	10	1	50015	50004	50015	-1	-1	-1	-1	-1	-1	-1	-1	-1	-1	-1	-1	-1	-1	-1	-1	-1							
15725	10	1	50015	50004	50015	-1	-1	-1	-1	-1	-1	-1	-1	-1	-1	-1	-1	-1	-1	-1	-1	-1							
#hu khong huyen canh																													
16303	50	1	50004	50009	50022	-1	-1	-1	-1	-1	-1	-1	-1	-1	-1	-1	-1	-1	-1	-1	-1	-1							
16304	50	1	50004	50009	50022	-1	-1	-1	-1	-1	-1	-1	-1	-1	-1	-1	-1	-1	-1	-1	-1	-1							
16305	50	1	50004	50009	50022	-1	-1	-1	-1	-1	-1	-1	-1	-1	-1	-1	-1	-1	-1	-1	-1	-1							
16306	50	1	50004	50009	50022	-1	-1	-1	-1	-1	-1	-1	-1	-1	-1	-1	-1	-1	-1	-1	-1	-1							
16307	50	1	50004	50009	50022	-1	-1	-1	-1	-1	-1	-1	-1	-1	-1	-1	-1	-1	-1	-1	-1	-1							
16308	50	1	50004	50009	50022	-1	-1	-1	-1	-1	-1	-1	-1	-1	-1	-1	-1	-1	-1	-1	-1	-1							
16309	50	1	50004	50009	50022	-1	-1	-1	-1	-1	-1	-1	-1	-1	-1	-1	-1	-1	-1	-1	-1	-1							
16310	50	1	50004	50009	50022	-1	-1	-1	-1	-1	-1	-1	-1	-1	-1	-1	-1	-1	-1	-1	-1	-1							
16311	50	1	50004	50009	50022	-1	-1	-1	-1	-1	-1	-1	-1	-1	-1	-1	-1	-1	-1	-1	-1	-1							
16312	50	1	50004	50009	50022	-1	-1	-1	-1	-1	-1	-1	-1	-1	-1	-1	-1	-1	-1	-1	-1	-1							
16313	50	1	50004	50009	50022	-1	-1	-1	-1	-1	-1	-1	-1	-1	-1	-1	-1	-1	-1	-1	-1	-1							
16314	50	1	50004	50009	50022	-1	-1	-1	-1	-1	-1	-1	-1	-1	-1	-1	-1	-1	-1	-1	-1	-1							
16315	50	1	50004	50009	50022	-1	-1	-1	-1	-1	-1	-1	-1	-1	-1	-1	-1	-1	-1	-1	-1	-1							
16316	50	1	50004	50009	50022	-1	-1	-1	-1	-1	-1	-1	-1	-1	-1	-1	-1	-1	-1	-1	-1	-1							
16317	50	1	50004	50009	50022	-1	-1	-1	-1	-1	-1	-1	-1	-1	-1	-1	-1	-1	-1	-1	-1	-1							
16318	50	1	50004	50009	50022	-1	-1	-1	-1	-1	-1	-1	-1	-1	-1	-1	-1	-1	-1	-1	-1	-1							
16319	50	1	50004	50009	50022	-1	-1	-1	-1	-1	-1	-1	-1	-1	-1	-1	-1	-1	-1	-1	-1	-1							
16320	50	1	50004	50009	50022	-1	-1	-1	-1	-1	-1	-1	-1	-1	-1	-1	-1	-1	-1	-1	-1	-1							
16321	50	1	50004	50009	50022	-1	-1	-1	-1	-1	-1	-1	-1	-1	-1	-1	-1	-1	-1	-1	-1	-1							
16322	50	1	50004	50009	50022	-1	-1	-1	-1	-1	-1	-1	-1	-1	-1	-1	-1	-1	-1	-1	-1	-1							
16323	50	1	50004	50009	50022	-1	-1	-1	-1	-1	-1	-1	-1	-1	-1	-1	-1	-1	-1	-1	-1	-1							
16324	50	1	50004	50009	50022	-1	-1	-1	-1	-1	-1	-1	-1	-1	-1	-1	-1	-1	-1	-1	-1	-1							
16325	50	1	50004	50009	50022	-1	-1	-1	-1	-1	-1	-1	-1	-1	-1	-1	-1	-1	-1	-1	-1	-1							
16326	50	1	50004	50009	50022	-1	-1	-1	-1	-1	-1	-1	-1	-1	-1	-1	-1	-1	-1	-1	-1	-1							
16327	50	1	50004	50009	50022	-1	-1	-1	-1	-1	-1	-1	-1	-1	-1	-1	-1	-1	-1	-1	-1	-1							
#danh co 2																													
16834	100	1	90026	3005	50006	50030	50046	50047	50048	1923	50034	-1	-1	-1	-1	-1	-1	-1	-1	-1	-1	-1							
31850	80	1	50030	50009	50004	50045	49999	50008	50024	50025	85020	-1	-1	-1	-1	-1	-1	-1	-1	-1	-1	-1							
31851	80	1	50030	50009	50004	50045	49999	50008	50024	50025	85020	-1	-1	-1	-1	-1	-1	-1	-1	-1	-1	-1							
31852	80	1	50030	50009	50004	50045	49999	50008	50024	50025	85020	-1	-1	-1	-1	-1	-1	-1	-1	-1	-1	-1							
31853	80	1	50030	50009	50004	50045	49999	50008	50024	50025	85020	-1	-1	-1	-1	-1	-1	-1	-1	-1	-1	-1							
31854	80	1	50030	50009	50004	50045	49999	50008	50024	50025	85020	-1	-1	-1	-1	-1	-1	-1	-1	-1	-1	-1							
31855	80	1	50030	50009	50004	50045	49999	50008	50024	50025	-1	-1	-1	-1	-1	-1	-1	-1	-1	-1	-1	-1							
31856	80	1	50030	50009	50004	50045	49999	50008	50024	50025	-1	-1	-1	-1	-1	-1	-1	-1	-1	-1	-1	-1							
31857	80	1	50030	50009	50004	50045	49999	50008	50024	50025	-1	-1	-1	-1	-1	-1	-1	-1	-1	-1	-1	-1							
31858	80	1	50030	50009	50004	50045	49999	50008	50024	50025	-1	-1	-1	-1	-1	-1	-1	-1	-1	-1	-1	-1							
31859	80	1	50030	50009	50004	50045	49999	50008	50024	50025	-1	-1	-1	-1	-1	-1	-1	-1	-1	-1	-1	-1							

#diet phi kinh ho																													
32530	50	1	792	812	822	823	1451	1704	50024	50025	50030	50004	-1	-1	-1	-1	-1	-1	-1	-1	-1	-1							
32531	50	1	792	812	822	823	1451	1704	50024	50025	50030	50004	-1	-1	-1	-1	-1	-1	-1	-1	-1	-1							
32532	50	1	792	812	822	823	1451	1704	50024	50025	50030	50004	-1	-1	-1	-1	-1	-1	-1	-1	-1	-1							
32533	50	1	792	812	822	823	1451	1704	50024	50025	50030	50004	-1	-1	-1	-1	-1	-1	-1	-1	-1	-1							
32534	50	1	792	812	822	823	1451	1704	50024	50025	50030	50004	-1	-1	-1	-1	-1	-1	-1	-1	-1	-1							
32535	50	1	792	812	822	823	1451	1704	50024	50025	50030	50004	-1	-1	-1	-1	-1	-1	-1	-1	-1	-1							
32536	50	1	792	812	822	823	1451	1704	50024	50025	50030	50004	-1	-1	-1	-1	-1	-1	-1	-1	-1	-1							
32537	50	1	792	812	822	823	1451	1704	50024	50025	50030	50004	-1	-1	-1	-1	-1	-1	-1	-1	-1	-1							
32538	50	1	792	812	822	823	1451	1704	50024	50025	50030	50004	-1	-1	-1	-1	-1	-1	-1	-1	-1	-1							
32539	50	1	792	812	822	823	1451	1704	50024	50025	50030	50004	-1	-1	-1	-1	-1	-1	-1	-1	-1	-1							
#doat bao ma tac																													
33510	10	1	50004	50004	50010	50011	50021	50022	50018	-1	-1	-1	-1	-1	-1	-1	-1	-1	-1	-1	-1	-1							
33511	10	1	50004	50004	50010	50011	50021	50022	50018	-1	-1	-1	-1	-1	-1	-1	-1	-1	-1	-1	-1	-1							
33512	10	1	50004	50004	50010	50011	50021	50022	50018	-1	-1	-1	-1	-1	-1	-1	-1	-1	-1	-1	-1	-1							
33513	10	1	50004	50004	50010	50011	50021	50022	50018	-1	-1	-1	-1	-1	-1	-1	-1	-1	-1	-1	-1	-1							
33514	10	1	50004	50004	50010	50011	50021	50022	50018	-1	-1	-1	-1	-1	-1	-1	-1	-1	-1	-1	-1	-1							
33515	10	1	50004	50004	50010	50011	50021	50022	50018	-1	-1	-1	-1	-1	-1	-1	-1	-1	-1	-1	-1	-1							
33516	10	1	50004	50004	50010	50011	50021	50022	50018	-1	-1	-1	-1	-1	-1	-1	-1	-1	-1	-1	-1	-1							
33517	10	1	50004	50004	50010	50011	50021	50022	50018	-1	-1	-1	-1	-1	-1	-1	-1	-1	-1	-1	-1	-1							
33518	10	1	50004	50004	50010	50011	50021	50022	50018	-1	-1	-1	-1	-1	-1	-1	-1	-1	-1	-1	-1	-1							
33519	10	1	50004	50004	50010	50011	50021	50022	50018	-1	-1	-1	-1	-1	-1	-1	-1	-1	-1	-1	-1	-1							
#ac tac 2																													
33650	40	1	50024	50025	49999	3063	1299	-1	-1	-1	-1	-1	-1	-1	-1	-1	-1	-1	-1	-1	-1	-1							
33651	40	1	50024	50025	49999	3063	1299	-1	-1	-1	-1	-1	-1	-1	-1	-1	-1	-1	-1	-1	-1	-1							
33652	40	1	50024	50025	49999	3063	1299	-1	-1	-1	-1	-1	-1	-1	-1	-1	-1	-1	-1	-1	-1	-1							
33653	40	1	50024	50025	49999	3063	1299	-1	-1	-1	-1	-1	-1	-1	-1	-1	-1	-1	-1	-1	-1	-1							
33654	40	1	50024	50025	49999	3063	1299	-1	-1	-1	-1	-1	-1	-1	-1	-1	-1	-1	-1	-1	-1	-1							
33655	40	1	60083	60084	49999	-1	-1	-1	-1	-1	-1	-1	-1	-1	-1	-1	-1	-1	-1	-1	-1	-1							
33656	40	1	60083	60084	49999	-1	-1	-1	-1	-1	-1	-1	-1	-1	-1	-1	-1	-1	-1	-1	-1	-1							
33657	40	1	60083	60084	49999	-1	-1	-1	-1	-1	-1	-1	-1	-1	-1	-1	-1	-1	-1	-1	-1	-1							
33658	40	1	60083	60084	49999	-1	-1	-1	-1	-1	-1	-1	-1	-1	-1	-1	-1	-1	-1	-1	-1	-1							
#ac ba 2																													
33670	40	1	3028	3029	1333	49999	50024	50025	-1	-1	-1	-1	-1	-1	-1	-1	-1	-1	-1	-1	-1	-1							
33671	40	1	3028	3029	1333	49999	50024	50025	-1	-1	-1	-1	-1	-1	-1	-1	-1	-1	-1	-1	-1	-1							
33672	40	1	3028	3029	1333	49999	50024	50025	-1	-1	-1	-1	-1	-1	-1	-1	-1	-1	-1	-1	-1	-1							
33673	40	1	3028	3029	49999	1333	3029	3052	-1	-1	-1	-1	-1	-1	-1	-1	-1	-1	-1	-1	-1	-1							
33674	40	1	3028	3029	49999	1333	3029	3052	-1	-1	-1	-1	-1	-1	-1	-1	-1	-1	-1	-1	-1	-1							
33675	40	1	3028	3029	49999	1333	3029	3052	-1	-1	-1	-1	-1	-1	-1	-1	-1	-1	-1	-1	-1	-1							
33676	40	1	3028	3029	49999	1333	3029	3052	-1	-1	-1	-1	-1	-1	-1	-1	-1	-1	-1	-1	-1	-1							
33677	40	1	3028	3029	49999	1333	3029	3052	-1	-1	-1	-1	-1	-1	-1	-1	-1	-1	-1	-1	-1	-1							
33678	40	1	3028	3029	49999	1333	3029	3052	-1	-1	-1	-1	-1	-1	-1	-1	-1	-1	-1	-1	-1	-1							
33679	40	1	3028	3029	49999	1333	3029	3052	-1	-1	-1	-1	-1	-1	-1	-1	-1	-1	-1	-1	-1	-1							
#boss tuc cau 2																													
33720	80	1	50024	50025	50030	50049	1704	50009	49999	50004	85020	-1	-1	-1	-1	-1	-1	-1	-1	-1	-1	-1							
33721	80	1	50024	50025	50030	50049	1704	50009	49999	50004	85020	-1	-1	-1	-1	-1	-1	-1	-1	-1	-1	-1							
33722	80	1	50024	50025	50030	50049	1704	50009	49999	50004	85020	-1	-1	-1	-1	-1	-1	-1	-1	-1	-1	-1							
33723	80	1	50024	50025	50030	50049	1704	50009	49999	50004	85020	-1	-1	-1	-1	-1	-1	-1	-1	-1	-1	-1							
33724	60	1	50024	50025	50030	50049	1704	50009	49999	50004	-1	-1	-1	-1	-1	-1	-1	-1	-1	-1	-1	-1							
33725	60	1	50024	50025	50030	50049	1704	50009	49999	50004	-1	-1	-1	-1	-1	-1	-1	-1	-1	-1	-1	-1							
33726	60	1	50024	50025	50030	50049	1704	50009	49999	50004	-1	-1	-1	-1	-1	-1	-1	-1	-1	-1	-1	-1							
33727	60	1	50024	50025	50030	50049	1704	50009	49999	50004	-1	-1	-1	-1	-1	-1	-1	-1	-1	-1	-1	-1							
33728	60	1	50024	50025	50030	50049	1704	50009	49999	50004	-1	-1	-1	-1	-1	-1	-1	-1	-1	-1	-1	-1							
33729	60	1	50024	50025	50030	50049	1704	50009	49999	50004	-1	-1	-1	-1	-1	-1	-1	-1	-1	-1	-1	-1							
#tru vuong 2																													
33810	10	1	50027	50030	49999	50033	50015	50004	50004	50004	50004	50004	-1	-1	-1	-1	-1	-1	-1	-1	-1	-1							
33811	10	1	50027	50030	49999	50033	50015	50004	50004	50004	50004	50004	-1	-1	-1	-1	-1	-1	-1	-1	-1	-1							
33812	10	1	50027	50030	49999	50033	50015	50004	50004	50004	50004	50004	-1	-1	-1	-1	-1	-1	-1	-1	-1	-1							
33813	10	1	50027	50030	49999	50033	50015	50004	50004	50004	50004	50004	-1	-1	-1	-1	-1	-1	-1	-1	-1	-1							
33814	10	1	50027	50030	49999	50033	50015	50004	50004	50004	50004	50004	-1	-1	-1	-1	-1	-1	-1	-1	-1	-1							
33815	10	1	50027	50030	49999	50033	50015	50004	50004	50004	50004	50004	-1	-1	-1	-1	-1	-1	-1	-1	-1	-1							
33816	10	1	50027	50030	49999	50033	50015	50004	50004	50004	50004	50004	-1	-1	-1	-1	-1	-1	-1	-1	-1	-1							
33817	10	1	50027	50030	49999	50033	50015	50004	50004	50004	50004	50004	-1	-1	-1	-1	-1	-1	-1	-1	-1	-1							
33818	10	1	50027	50030	49999	50033	50015	50004	50004	50004	50004	50004	-1	-1	-1	-1	-1	-1	-1	-1	-1	-1							
33819	10	1	50027	50030	49999	50033	50015	50004	50004	50004	50004	50004	-1	-1	-1	-1	-1	-1	-1	-1	-1	-1							
#q tc 2																													
34090	60	1	50028	-1	-1	-1	-1	-1	-1	-1	-1	-1	-1	-1	-1	-1	-1	-1	-1	-1	-1	-1							
34091	60	1	50028	-1	-1	-1	-1	-1	-1	-1	-1	-1	-1	-1	-1	-1	-1	-1	-1	-1	-1	-1							
34092	60	1	50028	-1	-1	-1	-1	-1	-1	-1	-1	-1	-1	-1	-1	-1	-1	-1	-1	-1	-1	-1							
34093	60	1	50028	-1	-1	-1	-1	-1	-1	-1	-1	-1	-1	-1	-1	-1	-1	-1	-1	-1	-1	-1							
34094	60	1	50028	-1	-1	-1	-1	-1	-1	-1	-1	-1	-1	-1	-1	-1	-1	-1	-1	-1	-1	-1							
34095	60	1	50028	-1	-1	-1	-1	-1	-1	-1	-1	-1	-1	-1	-1	-1	-1	-1	-1	-1	-1	-1							
34096	60	1	50028	-1	-1	-1	-1	-1	-1	-1	-1	-1	-1	-1	-1	-1	-1	-1	-1	-1	-1	-1							
34097	60	1	50028	-1	-1	-1	-1	-1	-1	-1	-1	-1	-1	-1	-1	-1	-1	-1	-1	-1	-1	-1							
34098	60	1	50028	-1	-1	-1	-1	-1	-1	-1	-1	-1	-1	-1	-1	-1	-1	-1	-1	-1	-1	-1							
34099	60	1	50028	-1	-1	-1	-1	-1	-1	-1	-1	-1	-1	-1	-1	-1	-1	-1	-1	-1	-1	-1							
34100	60	1	50028	50004	-1	-1	-1	-1	-1	-1	-1	-1	-1	-1	-1	-1	-1	-1	-1	-1	-1	-1							
34101	60	1	50028	50004	-1	-1	-1	-1	-1	-1	-1	-1	-1	-1	-1	-1	-1	-1	-1	-1	-1	-1							
34102	60	1	50028	50004	-1	-1	-1	-1	-1	-1	-1	-1	-1	-1	-1	-1	-1	-1	-1	-1	-1	-1							
34103	60	1	50028	50004	-1	-1	-1	-1	-1	-1	-1	-1	-1	-1	-1	-1	-1	-1	-1	-1	-1	-1							
34104	60	1	50028	50004	-1	-1	-1	-1	-1	-1	-1	-1	-1	-1	-1	-1	-1	-1	-1	-1	-1	-1							
34105	60	1	50028	50004	-1	-1	-1	-1	-1	-1	-1	-1	-1	-1	-1	-1	-1	-1	-1	-1	-1	-1							
34106	60	1	50028	-1	-1	-1	-1	-1	-1	-1	-1	-1	-1	-1	-1	-1	-1	-1	-1	-1	-1	-1							
34107	60	1	50028	-1	-1	-1	-1	-1	-1	-1	-1	-1	-1	-1	-1	-1	-1	-1	-1	-1	-1	-1							
34108	60	1	50028	-1	-1	-1	-1	-1	-1	-1	-1	-1	-1	-1	-1	-1	-1	-1	-1	-1	-1	-1							
34109	60	1	50028	-1	-1	-1	-1	-1	-1	-1	-1	-1	-1	-1	-1	-1	-1	-1	-1	-1	-1	-1							
34120	60	1	50028	-1	-1	-1	-1	-1	-1	-1	-1	-1	-1	-1	-1	-1	-1	-1	-1	-1	-1	-1							
34121	60	1	50028	-1	-1	-1	-1	-1	-1	-1	-1	-1	-1	-1	-1	-1	-1	-1	-1	-1	-1	-1							
34122	60	1	50028	-1	-1	-1	-1	-1	-1	-1	-1	-1	-1	-1	-1	-1	-1	-1	-1	-1	-1	-1							
34123	60	1	50028	-1	-1	-1	-1	-1	-1	-1	-1	-1	-1	-1	-1	-1	-1	-1	-1	-1	-1	-1							
34124	60	1	50028	-1	-1	-1	-1	-1	-1	-1	-1	-1	-1	-1	-1	-1	-1	-1	-1	-1	-1	-1							
34125	60	1	50028	-1	-1	-1	-1	-1	-1	-1	-1	-1	-1	-1	-1	-1	-1	-1	-1	-1	-1	-1							
34126	60	1	50028	-1	-1	-1	-1	-1	-1	-1	-1	-1	-1	-1	-1	-1	-1	-1	-1	-1	-1	-1							
34127	60	1	50028	-1	-1	-1	-1	-1	-1	-1	-1	-1	-1	-1	-1	-1	-1	-1	-1	-1	-1	-1							
34128	60	1	50028	-1	-1	-1	-1	-1	-1	-1	-1	-1	-1	-1	-1	-1	-1	-1	-1	-1	-1	-1							
34129	60	1	50028	-1	-1	-1	-1	-1	-1	-1	-1	-1	-1	-1	-1	-1	-1	-1	-1	-1	-1	-1							
34130	60	1	1704	50028	49999	50004	50004	50004	50004	-1	-1	-1	-1	-1	-1	-1	-1	-1	-1	-1	-1	-1							
34131	60	1	1704	50028	-1	-1	-1	-1	-1	-1	-1	-1	-1	-1	-1	-1	-1	-1	-1	-1	-1	-1							
34132	60	1	1704	50028	-1	-1	-1	-1	-1	-1	-1	-1	-1	-1	-1	-1	-1	-1	-1	-1	-1	-1							
34133	60	1	1704	50028	-1	-1	-1	-1	-1	-1	-1	-1	-1	-1	-1	-1	-1	-1	-1	-1	-1	-1							
34134	60	1	1704	50028	-1	-1	-1	-1	-1	-1	-1	-1	-1	-1	-1	-1	-1	-1	-1	-1	-1	-1							
39240	10	1	1854	-1	-1	-1	-1	-1	-1	-1	-1	-1	-1	-1	-1	-1	-1	-1	-1	-1	-1	-1							
39241	10	1	1854	-1	-1	-1	-1	-1	-1	-1	-1	-1	-1	-1	-1	-1	-1	-1	-1	-1	-1	-1							
39242	10	1	1854	-1	-1	-1	-1	-1	-1	-1	-1	-1	-1	-1	-1	-1	-1	-1	-1	-1	-1	-1							
39250	10	1	1855	-1	-1	-1	-1	-1	-1	-1	-1	-1	-1	-1	-1	-1	-1	-1	-1	-1	-1	-1							
39251	10	1	1855	-1	-1	-1	-1	-1	-1	-1	-1	-1	-1	-1	-1	-1	-1	-1	-1	-1	-1	-1							
39252	10	1	1855	-1	-1	-1	-1	-1	-1	-1	-1	-1	-1	-1	-1	-1	-1	-1	-1	-1	-1	-1							
39260	10	1	1855	-1	-1	-1	-1	-1	-1	-1	-1	-1	-1	-1	-1	-1	-1	-1	-1	-1	-1	-1							
39261	10	1	1855	-1	-1	-1	-1	-1	-1	-1	-1	-1	-1	-1	-1	-1	-1	-1	-1	-1	-1	-1							
39262	10	1	1855	-1	-1	-1	-1	-1	-1	-1	-1	-1	-1	-1	-1	-1	-1	-1	-1	-1	-1	-1							
39320	60	1	50004	50004	50009	50022	3005	3021	90001	-1	-1	-1	-1	-1	-1	-1	-1	-1	-1	-1	-1	-1							
39321	60	1	50004	50004	50009	50022	3005	3021	90001	-1	-1	-1	-1	-1	-1	-1	-1	-1	-1	-1	-1	-1							
39322	60	1	50004	50004	50009	50022	3005	3021	90001	-1	-1	-1	-1	-1	-1	-1	-1	-1	-1	-1	-1	-1							
39330	20	1	1812	1813	1813	1813	1814	1814	1814	1847	1861	3005	50004	50009	50022	-1	-1	-1	-1	-1	-1	-1							
39331	20	1	1812	1813	1813	1813	1814	1814	1814	1847	1861	3005	50004	50009	50022	-1	-1	-1	-1	-1	-1	-1							
39332	20	1	1812	1813	1813	1813	1814	1814	1814	1847	1861	3005	50004	50009	50022	-1	-1	-1	-1	-1	-1	-1							
39340	20	1	1812	1813	1813	1813	1814	1814	1814	1846	1861	3005	50004	50009	50022	-1	-1	-1	-1	-1	-1	-1							
39341	20	1	1812	1813	1813	1813	1814	1814	1814	1846	1861	3005	50004	50009	50022	-1	-1	-1	-1	-1	-1	-1							
39342	20	1	1812	1813	1813	1813	1814	1814	1814	1846	1861	3005	50004	50009	50022	-1	-1	-1	-1	-1	-1	-1							
39350	20	1	1812	1813	1813	1813	1814	1814	1814	1848	1861	3005	50004	50009	50022	-1	-1	-1	-1	-1	-1	-1							
39351	20	1	1812	1813	1813	1813	1814	1814	1814	1848	1861	3005	50004	50009	50022	-1	-1	-1	-1	-1	-1	-1							
39352	20	1	1812	1813	1813	1813	1814	1814	1814	1848	1861	3005	50004	50009	50022	-1	-1	-1	-1	-1	-1	-1							
39360	20	1	1812	1813	1813	1813	1814	1814	1814	3005	50004	50009	50022	-1	-1	-1	-1	-1	-1	-1	-1	-1							
39361	20	1	1812	1813	1813	1813	1814	1814	1814	3005	50004	50009	50022	-1	-1	-1	-1	-1	-1	-1	-1	-1							
39362	20	1	1812	1813	1813	1813	1814	1814	1814	3005	50004	50009	50022	-1	-1	-1	-1	-1	-1	-1	-1	-1							
39370	20	1	1812	1813	1813	1813	1814	1814	1814	3005	50004	50009	50022	-1	-1	-1	-1	-1	-1	-1	-1	-1							
39371	20	1	1812	1813	1813	1813	1814	1814	1814	3005	50004	50009	50022	-1	-1	-1	-1	-1	-1	-1	-1	-1							
39372	20	1	1812	1813	1813	1813	1814	1814	1814	3005	50004	50009	50022	-1	-1	-1	-1	-1	-1	-1	-1	-1							
39380	60	1	3005	3052	50004	50009	50022	90017	50006	50030	50046	50047	50048	1923	50034	-1	-1	-1	-1	-1	-1	-1							
39381	60	1	3005	3052	50004	50009	50022	90017	50006	50030	50046	50047	50048	1923	50034	-1	-1	-1	-1	-1	-1	-1							
39382	60	1	3005	3052	50004	50009	50022	90017	50006	50030	50046	50047	50048	1923	50034	-1	-1	-1	-1	-1	-1	-1							
39390	20	1	1812	1813	1813	1813	1814	1814	1814	3005	3052	50004	50009	50022	-1	-1	-1	-1	-1	-1	-1	-1							
39391	20	1	1812	1813	1813	1813	1814	1814	1814	3005	3052	50004	50009	50022	-1	-1	-1	-1	-1	-1	-1	-1							
39392	20	1	1812	1813	1813	1813	1814	1814	1814	3005	3052	50004	50009	50022	-1	-1	-1	-1	-1	-1	-1	-1							
39400	20	1	1812	1813	1813	1813	1814	1814	1814	3005	3052	50004	50009	50022	-1	-1	-1	-1	-1	-1	-1	-1							
39401	20	1	1812	1813	1813	1813	1814	1814	1814	3005	3052	50004	50009	50022	-1	-1	-1	-1	-1	-1	-1	-1							
39402	20	1	1812	1813	1813	1813	1814	1814	1814	3005	3052	50004	50009	50022	-1	-1	-1	-1	-1	-1	-1	-1							
39410	20	1	1812	1813	1813	1813	1814	1814	1814	3005	3052	50004	50009	50022	-1	-1	-1	-1	-1	-1	-1	-1							
39411	20	1	1812	1813	1813	1813	1814	1814	1814	3005	3052	50004	50009	50022	-1	-1	-1	-1	-1	-1	-1	-1							
39412	20	1	1812	1813	1813	1813	1814	1814	1814	3005	3052	50004	50009	50022	-1	-1	-1	-1	-1	-1	-1	-1							
39420	20	1	1812	1813	1813	1813	1814	1814	1814	3005	3052	50004	50009	50022	-1	-1	-1	-1	-1	-1	-1	-1							
39421	20	1	1812	1813	1813	1813	1814	1814	1814	3005	3052	50004	50009	50022	-1	-1	-1	-1	-1	-1	-1	-1							
39422	20	1	1812	1813	1813	1813	1814	1814	1814	3005	3052	50004	50009	50022	-1	-1	-1	-1	-1	-1	-1	-1							
39430	60	1	50004	50004	50009	50022	90017	3005	50006	50030	50046	50047	50048	1923	50034	-1	-1	-1	-1	-1	-1	-1							
#luc hop lenh bai																													
39431	60	1	50004	50004	50009	50022	90017	3005	50006	50030	50046	50047	50048	1923	50034	-1	-1	-1	-1	-1	-1	-1							
39432	60	1	50004	50004	50009	50022	90017	3005	50006	50030	50046	50047	50048	1923	50034	-1	-1	-1	-1	-1	-1	-1							
39530	10	0	1777	1855	-1	-1	-1	-1	-1	-1	-1	-1	-1	-1	-1	-1	-1	-1	-1	-1	-1	-1							
39531	10	0	1777	1855	-1	-1	-1	-1	-1	-1	-1	-1	-1	-1	-1	-1	-1	-1	-1	-1	-1	-1							
39532	10	0	1777	1855	-1	-1	-1	-1	-1	-1	-1	-1	-1	-1	-1	-1	-1	-1	-1	-1	-1	-1							
42100	90	1	50001	50007	50023	-1	-1	-1	-1	-1	-1	-1	-1	-1	-1	-1	-1	-1	-1	-1	-1	-1							
42101	90	1	50001	50007	50023	-1	-1	-1	-1	-1	-1	-1	-1	-1	-1	-1	-1	-1	-1	-1	-1	-1							
42102	90	1	50001	50007	50023	-1	-1	-1	-1	-1	-1	-1	-1	-1	-1	-1	-1	-1	-1	-1	-1	-1							
42103	90	1	50001	50007	50023	-1	-1	-1	-1	-1	-1	-1	-1	-1	-1	-1	-1	-1	-1	-1	-1	-1							
42104	90	1	50001	50007	50023	-1	-1	-1	-1	-1	-1	-1	-1	-1	-1	-1	-1	-1	-1	-1	-1	-1							
42105	90	1	50001	50007	50023	-1	-1	-1	-1	-1	-1	-1	-1	-1	-1	-1	-1	-1	-1	-1	-1	-1							
#ngu hanh ton gia																													
42106	90	1	50001	50007	50023	-1	-1	-1	-1	-1	-1	-1	-1	-1	-1	-1	-1	-1	-1	-1	-1	-1							
42107	90	1	50001	50007	50023	-1	-1	-1	-1	-1	-1	-1	-1	-1	-1	-1	-1	-1	-1	-1	-1	-1							
42108	90	1	50001	50007	50023	-1	-1	-1	-1	-1	-1	-1	-1	-1	-1	-1	-1	-1	-1	-1	-1	-1							
42109	90	1	50001	50007	50023	-1	-1	-1	-1	-1	-1	-1	-1	-1	-1	-1	-1	-1	-1	-1	-1	-1							
42110	90	1	50001	50007	50023	-1	-1	-1	-1	-1	-1	-1	-1	-1	-1	-1	-1	-1	-1	-1	-1	-1							
#tu tuyet trang lalalalalalala																													
42118	100	1	90026	3005	50006	50030	50046	50047	50048	1923	50034	-1	-1	-1	-1	-1	-1	-1	-1	-1	-1	-1							
42119	100	1	90026	3005	50006	50030	50046	50047	50048	1923	50034	-1	-1	-1	-1	-1	-1	-1	-1	-1	-1	-1							
42120	100	1	90026	3005	50006	50030	50046	50047	50048	1923	50034	-1	-1	-1	-1	-1	-1	-1	-1	-1	-1	-1							
42121	100	1	90026	3005	50006	50030	50046	50047	50048	1923	50034	-1	-1	-1	-1	-1	-1	-1	-1	-1	-1	-1							
42183	70	1	50004	50012	50015	-1	-1	-1	-1	-1	-1	-1	-1	-1	-1	-1	-1	-1	-1	-1	-1	-1							
42186	70	1	50004	50012	50015	-1	-1	-1	-1	-1	-1	-1	-1	-1	-1	-1	-1	-1	-1	-1	-1	-1							
42187	70	1	50004	50012	50015	-1	-1	-1	-1	-1	-1	-1	-1	-1	-1	-1	-1	-1	-1	-1	-1	-1							
42189	70	1	50004	50009	50012	50015	-1	-1	-1	-1	-1	-1	-1	-1	-1	-1	-1	-1	-1	-1	-1	-1							
42192	70	1	50004	50006	50020	50022	-1	-1	-1	-1	-1	-1	-1	-1	-1	-1	-1	-1	-1	-1	-1	-1							
42193	70	1	50022	50020	50000	50004	50006	-1	-1	-1	-1	-1	-1	-1	-1	-1	-1	-1	-1	-1	-1	-1							
42195	70	1	50000	50004	50006	50022	-1	-1	-1	-1	-1	-1	-1	-1	-1	-1	-1	-1	-1	-1	-1	-1							
42196	70	1	50000	50016	-1	-1	-1	-1	-1	-1	-1	-1	-1	-1	-1	-1	-1	-1	-1	-1	-1	-1							
42197	70	1	50004	50015	-1	-1	-1	-1	-1	-1	-1	-1	-1	-1	-1	-1	-1	-1	-1	-1	-1	-1							
42199	70	1	50000	50004	50015	50022	-1	-1	-1	-1	-1	-1	-1	-1	-1	-1	-1	-1	-1	-1	-1	-1							
42200	70	1	90002	50020	50022	90024	-1	-1	-1	-1	-1	-1	-1	-1	-1	-1	-1	-1	-1	-1	-1	-1							
42201	70	1	50000	90002	50020	50022	90024	-1	-1	-1	-1	-1	-1	-1	-1	-1	-1	-1	-1	-1	-1	-1							
42202	70	1	50000	90002	50022	90024	-1	-1	-1	-1	-1	-1	-1	-1	-1	-1	-1	-1	-1	-1	-1	-1							
42203	70	1	50000	90002	50022	90024	-1	-1	-1	-1	-1	-1	-1	-1	-1	-1	-1	-1	-1	-1	-1	-1							
#Boss MND:
42204	100	1	90026	3005	50006	50030	50046	50047	50048	1923	50034	-1	-1	-1	-1	-1	-1	-1	-1	-1	-1	-1							
42340	90	1	60086	70006	85007	85008	-1	-1	-1	-1	-1	-1	-1	-1	-1	-1	-1	-1	-1	-1	-1	-1							
42344	90	1	60086	70006	85007	85008	-1	-1	-1	-1	-1	-1	-1	-1	-1	-1	-1	-1	-1	-1	-1	-1							
42348	90	1	60086	70006	85007	85008	-1	-1	-1	-1	-1	-1	-1	-1	-1	-1	-1	-1	-1	-1	-1	-1							
42352	90	1	60086	70006	85007	85008	-1	-1	-1	-1	-1	-1	-1	-1	-1	-1	-1	-1	-1	-1	-1	-1							
42356	90	1	60086	70006	85007	85008	-1	-1	-1	-1	-1	-1	-1	-1	-1	-1	-1	-1	-1	-1	-1	-1							
42360	90	1	60086	70006	85007	85008	-1	-1	-1	-1	-1	-1	-1	-1	-1	-1	-1	-1	-1	-1	-1	-1							
42364	90	1	60086	70006	85007	85008	-1	-1	-1	-1	-1	-1	-1	-1	-1	-1	-1	-1	-1	-1	-1	-1							
42368	90	1	60086	70006	85007	85008	-1	-1	-1	-1	-1	-1	-1	-1	-1	-1	-1	-1	-1	-1	-1	-1							
42372	90	1	60086	70006	85007	85008	-1	-1	-1	-1	-1	-1	-1	-1	-1	-1	-1	-1	-1	-1	-1	-1
42376	90	1	60086	70006	85007	85008	-1	-1	-1	-1	-1	-1	-1	-1	-1	-1	-1	-1	-1	-1	-1	-1

#Bang xi bao ruong							
42911	90	1	50012	50004	50004	50030	50031	50032	-1	-1	-1	-1	-1	-1	-1	-1	-1	-1	-1	-1	-1	-1							
#tam than ao canh																													
42966	70	1	50033	50032	90003	50022	50049	90008	90013	90024	-1	-1	-1	-1	-1	-1	-1	-1	-1	-1	-1	-1							
42967	70	1	50033	50032	90003	50022	50049	90008	90013	90024	-1	-1	-1	-1	-1	-1	-1	-1	-1	-1	-1	-1							
42968	70	1	50033	50032	50010	50004	50022	50049	85007	85009	-1	-1	-1	-1	-1	-1	-1	-1	-1	-1	-1	-1							
42969	70	1	50033	50032	90003	50022	50049	90008	90013	90024	-1	-1	-1	-1	-1	-1	-1	-1	-1	-1	-1	-1							
42972	70	1	50033	50032	50010	50004	50022	50049	85007	85009	-1	-1	-1	-1	-1	-1	-1	-1	-1	-1	-1	-1							
42975	70	1	50033	50032	90003	50022	50049	90008	90013	90024	-1	-1	-1	-1	-1	-1	-1	-1	-1	-1	-1	-1							
42977	70	1	50033	50032	50010	50004	50022	50049	85007	85009	-1	-1	-1	-1	-1	-1	-1	-1	-1	-1	-1	-1							
42978	70	1	50033	50032	50010	50004	50022	50049	85007	85009	-1	-1	-1	-1	-1	-1	-1	-1	-1	-1	-1	-1							
42979	70	1	50033	50032	50010	50004	50022	50049	85007	85009	-1	-1	-1	-1	-1	-1	-1	-1	-1	-1	-1	-1							
42980	70	1	50033	50032	50010	50004	50022	50049	85007	85009	-1	-1	-1	-1	-1	-1	-1	-1	-1	-1	-1	-1							
42981	70	1	50033	50032	50010	50004	50022	50049	85007	85009	-1	-1	-1	-1	-1	-1	-1	-1	-1	-1	-1	-1							
42982	70	1	50033	50032	50010	50004	50022	50049	85007	85009	-1	-1	-1	-1	-1	-1	-1	-1	-1	-1	-1	-1							

# boss Vanphu
43316	100	1	90026	3005	50006	50030	50046	50047	50048	1923	50034	-1	-1	-1	-1	-1	-1	-1	-1	-1	-1	-1							
43960	90	1	60086	70006	85009	85010	-1	-1	-1	-1	-1	-1	-1	-1	-1	-1	-1	-1	-1	-1	-1	-1							
43961	90	1	60086	70006	85009	85010	-1	-1	-1	-1	-1	-1	-1	-1	-1	-1	-1	-1	-1	-1	-1	-1							
43962	90	1	60086	70006	85009	85010	-1	-1	-1	-1	-1	-1	-1	-1	-1	-1	-1	-1	-1	-1	-1	-1							
43963	90	1	60086	70006	85009	85010	-1	-1	-1	-1	-1	-1	-1	-1	-1	-1	-1	-1	-1	-1	-1	-1							
43965	90	1	60086	70006	85009	85010	-1	-1	-1	-1	-1	-1	-1	-1	-1	-1	-1	-1	-1	-1	-1	-1							
43966	90	1	60086	70006	85009	85010	-1	-1	-1	-1	-1	-1	-1	-1	-1	-1	-1	-1	-1	-1	-1	-1							
43968	90	1	60086	70006	85009	85010	-1	-1	-1	-1	-1	-1	-1	-1	-1	-1	-1	-1	-1	-1	-1	-1							
43969	90	1	60086	70006	85009	85010	-1	-1	-1	-1	-1	-1	-1	-1	-1	-1	-1	-1	-1	-1	-1	-1							


#Lang huyen phuc dia																													
43970	80	1	50003	50003	50024	50007	50009	50022	50045	50044	50043	50050	85007	85009	-1	-1	-1	-1	-1	-1	-1	-1							
43971	80	1	50003	50003	50024	50007	50009	50022	50045	50044	50043	50050	85007	85009	-1	-1	-1	-1	-1	-1	-1	-1							
43973	80	1	50003	50003	50024	50007	50009	50022	50045	50044	50043	50050	85007	85009	-1	-1	-1	-1	-1	-1	-1	-1							
43975	80	1	50003	50003	50024	50007	50009	50022	50045	50044	50043	50050	85007	85009	-1	-1	-1	-1	-1	-1	-1	-1							
#lang huyen phuc dia kho																													
43982	90	1	50030	50003	50003	50007	50009	50022	50045	50044	50043	50050	85007	85009	-1	-1	-1	-1	-1	-1	-1	-1							
43983	90	1	50030	50003	50003	50007	50009	50022	50045	50044	50043	50050	85007	85009	-1	-1	-1	-1	-1	-1	-1	-1							
43985	90	1	50030	50003	50003	50007	50009	50022	50045	50044	50043	50050	85007	85009	-1	-1	-1	-1	-1	-1	-1	-1							
43986	90	1	50030	50003	50003	50007	50009	50022	50045	50044	50043	50050	85007	85009	-1	-1	-1	-1	-1	-1	-1	-1							
#boss thuc ha co tran																													
44000	150	1	50030	50001	85006	-1	-1	-1	-1	-1	-1	-1	-1	-1	-1	-1	-1	-1	-1	-1	-1	-1							
#Huyet chien nhan mon quan																													
45410	100	1	90026	3005	50006	50030	50046	50047	50048	1923	50034	-1	-1	-1	-1	-1	-1	-1	-1	-1	-1	-1							
45414	90	1	50045	50044	50043	50030	50040	50041	90025	3005	50006	50046	50047	50048	1923	50034	-1	-1	-1	-1	-1	-1							
45415	90	1	50045	50044	50043	50030	50040	50041	90025	3005	50006	50046	50047	50048	1923	50034	-1	-1	-1	-1	-1	-1							
45416	90	1	50045	50044	50043	50030	50040	50041	90025	3005	50006	50046	50047	50048	1923	50034	-1	-1	-1	-1	-1	-1							
45417	90	1	50045	50044	50043	50030	50031	50032	50040	50041	90025	3005	50006	50046	50047	50048	1923	50034	-1	-1	-1	-1							
#nhiem vu hoa
47041	100	1	85011	-1	-1	-1	-1	-1	-1	-1	-1	-1	-1	-1	-1	-1	-1	-1	-1	-1	-1	-1							
47042	100	1	85012	-1	-1	-1	-1	-1	-1	-1	-1	-1	-1	-1	-1	-1	-1	-1	-1	-1	-1	-1							
47999	100	1	50045	-1	-1	-1	-1	-1	-1	-1	-1	-1	-1	-1	-1	-1	-1	-1	-1	-1	-1	-1							
