id	ten_client	ten_server	vi_tri	cap	so_dong_thuoc_tinh	loai_mo_ta	ghi_chu
10100011	Khổ Lực Đích Khảm Sài Đao	苦力的砍柴刀	Vũ khí	1	7-7	刀斧类	
10100014	130 Cấp Đao Phủ	130级刀斧	Vũ khí	130	0-0	刀斧类	
10100015	140 Cấp Đao Phủ	140级刀斧	Vũ khí	140	0-0	刀斧类	
10100016	150 Cấp Đao Phủ	150级刀斧	Vũ khí	150	0-0	刀斧类	
10100021	Nhâm Vụ Lâm Thì Chiêm Dụng	任务临时占用	Vũ khí	100	0-0	刀斧类	
10101013	130 Cấp Thương Bổng	130级枪棒	Vũ khí	130	0-0	枪棒类	
10101014	140 Cấp Thương Bổng	140级枪棒	Vũ khí	140	0-0	枪棒类	
10101015	150 Cấp Thương Bổng	150级枪棒	Vũ khí	150	0-0	枪棒类	
10102014	Tháp Cáp	塔哈	Vũ khí	110	0-0	单短类	
10102016	130 Cấp Đơn Đoản	130级单短	Vũ khí	130	0-0	单短类	
10102017	140 Cấp Đơn Đoản	140级单短	Vũ khí	140	0-0	单短类	
10102018	150 Cấp Đơn Đoản	150级单短	Vũ khí	150	0-0	单短类	
10103013	130 Cấp Song Đoản	130级双短	Vũ khí	130	0-0	双短类	
10103014	140 Cấp Song Đoản	140级双短	Vũ khí	140	0-0	双短类	
10103015	150 Cấp Song Đoản	150级双短	Vũ khí	150	0-0	双短类	
10104013	130 Cấp Phiến	130级扇	Vũ khí	130	0-0	扇类	
10104014	140 Cấp Phiến	140级扇	Vũ khí	140	0-0	扇类	
10104015	150 Cấp Phiến	150级扇	Vũ khí	150	0-0	扇类	
10105013	130 Cấp Hoàn	130级环	Vũ khí	130	0-0	环类	
10105014	140 Cấp Hoàn	140级环	Vũ khí	140	0-0	环类	
10105015	150 Cấp Hoàn	150级环	Vũ khí	150	0-0	环类	
10106000	Hoa Mộc Nỗ	桦木弩	Vũ khí	1	0-0	弩类	
10106001	Tùng Chi Nỗ	松枝弩	Vũ khí	10	0-0	弩类	
10106002	Đàn Mộc Nỗ	檀木弩	Vũ khí	20	0-0	弩类	
10106003	Đào Mộc Nỗ	桃木弩	Vũ khí	30	0-0	弩类	
10106004	Lê Hoa Nỗ	梨花弩	Vũ khí	40	0-0	弩类	
10106005	Đoán Thiết Nỗ	锻铁弩	Vũ khí	50	0-0	弩类	
10106006	Xích Đồng Nỗ	赤铜弩	Vũ khí	60	0-0	弩类	
10106007	Lưu Kim Nỗ	鎏金弩	Vũ khí	70	0-0	弩类	
10106008	Nhạn Linh Nỗ	雁翎弩	Vũ khí	80	0-0	弩类	
10106009	Vân Bối Nỗ	云背弩	Vũ khí	90	0-0	弩类	
10106010	Thủy Nguyệt Nỗ	水月弩	Vũ khí	100	0-0	弩类	
10106011	Vân Lộc Tấn Nỗ	云鹿迅弩	Vũ khí	110	0-0	弩类	
10106012	Khuynh Vân Lãng Nguyệt Nỗ	倾云朗月弩	Vũ khí	120	0-0	弩类	
10106013	130 Cấp Nỗ	130级弩	Vũ khí	130	0-0	弩类	
10106014	140 Cấp Nỗ	140级弩	Vũ khí	140	0-0	弩类	
10106015	150 Cấp Nỗ	150级弩	Vũ khí	150	0-0	弩类	
10106100	Tử Đằng Nỗ	紫藤弩	Vũ khí	1	0-0	弩类	
10107000	Hoa Mộc Trượng	桦木杖	Vũ khí	1	0-0	长杖类	
10107001	Tùng Chi Trượng	松枝杖	Vũ khí	10	0-0	长杖类	
10107002	Đào Văn Trượng	桃纹杖	Vũ khí	20	0-0	长杖类	
10107003	Hắc Đàn Trượng	黑檀杖	Vũ khí	30	0-0	长杖类	
10107004	Lê Hoa Trượng	梨花杖	Vũ khí	40	0-0	长杖类	
10107005	Kim Ti Trượng	金丝杖	Vũ khí	50	0-0	长杖类	
10107006	Hàn Thiết Trượng	寒铁杖	Vũ khí	60	0-0	长杖类	
10107007	Xích Đồng Trượng	赤铜杖	Vũ khí	70	0-0	长杖类	
10107008	Lượng Ngân Trượng	亮银杖	Vũ khí	80	0-0	长杖类	
10107009	Lưu Kim Trượng	鎏金杖	Vũ khí	90	0-0	长杖类	
10107010	Thủy Nguyệt Trượng	水月杖	Vũ khí	100	0-0	长杖类	
10107011	Phi Hoa Trượng	飞花杖	Vũ khí	110	0-0	长杖类	
10107012	Bích Hải Thanh Vân Trượng	碧海青云杖	Vũ khí	120	0-0	长杖类	
10107013	130 Cấp Trượng	130级杖	Vũ khí	130	0-0	长杖类	
10107014	140 Cấp Trượng	140级杖	Vũ khí	140	0-0	长杖类	
10107015	150 Cấp Trượng	150级杖	Vũ khí	150	0-0	长杖类	
10107100	Hồng Tùng Trượng	红松杖	Vũ khí	1	0-0	长杖类	
10110051	Mạc Sầu Mạo	莫愁帽	Mũ	102	0-0	帽子	
10110053	130 Cấp Mạo	130级帽	Mũ	122	0-0	帽子	
10110054	140 Cấp Mạo	140级帽	Mũ	132	0-0	帽子	
10110055	150 Cấp Mạo	150级帽	Mũ	142	0-0	帽子	
10111053	130 Cấp Ngoa	130级靴	Giày	124	0-0	鞋	
10111054	140 Cấp Ngoa	140级靴	Giày	134	0-0	鞋	
10111055	150 Cấp Ngoa	150级靴	Giày	144	0-0	鞋	
10112000	Khỏa Thủ	裹手	Bao tay	1	0-0	手套	
10112053	130 Cấp Thủ Sáo	130级手套	Bao tay	126	0-0	手套	
10112054	140 Cấp Thủ Sáo	140级手套	Bao tay	136	0-0	手套	
10112055	150 Cấp Thủ Sáo	150级手套	Bao tay	146	0-0	手套	
10113053	130 Cấp Hộ Giáp	130级护甲	Áo	128	0-0	衣服	
10113055	150 Cấp Hộ Giáp	150级护甲	Áo	148	0-0	衣服	
10114012	130 Cấp Hộ Oản	130级护腕	Hộ uyển	124	0-0	护腕	
10114013	140 Cấp Hộ Oản	140级护腕	Hộ uyển	134	0-0	护腕	
10114014	150 Cấp Hộ Oản	150级护腕	Hộ uyển	144	0-0	护腕	
10115012	130 Cấp Hộ Kiên	130级护肩	Hộ kiên	125	0-0	护肩	
10115013	140 Cấp Hộ Kiên	140级护肩	Hộ kiên	135	0-0	护肩	
10115014	150 Cấp Hộ Kiên	150级护肩	Hộ kiên	145	0-0	护肩	
10120013	130 Cấp Hạng Luyện	130级项炼	Hạng liên	128	0-0	项链	
10120014	140 Cấp Hạng Luyện	140级项炼	Hạng liên	138	0-0	项链	
10120015	150 Cấp Hạng Luyện	150级项炼	Hạng liên	148	0-0	项链	
10121013	130 Cấp Yêu Đái	130级腰带	Đai	122	0-0	腰带	
10121014	140 Cấp Yêu Đái	140级腰带	Đai	132	0-0	腰带	
10121015	150 Cấp Yêu Đái	150级腰带	Đai	142	0-0	腰带	
10122013	130 Cấp Giới Chỉ	130级戒指	Nhẫn	125	0-0	戒指	
10122014	140 Cấp Giới Chỉ	140级戒指	Nhẫn	135	0-0	戒指	
10122015	150 Cấp Giới Chỉ	150级戒指	Nhẫn	145	0-0	戒指	
10123013	130 Cấp Hộ Phù	130级护符	Hộ phù	125	0-0	护符	
10123014	140 Cấp Hộ Phù	140级护符	Hộ phù	135	0-0	护符	
10123015	150 Cấp Hộ Phù	150级护符	Hộ phù	145	0-0	护符	
10124019	Loan Phượng Hòa Minh	鸾凤和鸣	Thời trang	1	0-0	时装	
10124027	Tây Dương Phong Tình	西洋风情	Thời trang	1	0-0	时装	
10124028	Đại Nội Cung Phong	大内宫风	Thời trang	1	0-0	时装	
10124029	Cổ Hoặc Giang Hồ	蛊惑江湖	Thời trang	1	0-0	时装	
10124042	Tuyết Vũ Sương Y	雪羽霜衣	Thời trang	1	0-0	时装	
10124045	Hoan Nhạc Thánh Đản	欢乐圣诞	Thời trang	1	0-0	时装	
10124047	Vạn Tử Thiên Hồng	万紫千红	Thời trang	1	0-0	时装	
10124050	Thanh Phong Di Giang	清风怡江	Thời trang	1	0-0	时装	
10124052	Nghịch Kích Thanh Cương	逆戟青钢	Thời trang	1	0-0	时装	
10124064	Kích Tình Thánh Đản	激情圣诞	Thời trang	1	0-0	时装	
10124065	Xuân Phong Dư Tuyết	春风余雪	Thời trang	1	0-0	时装	
10124068	Tiên Vũ Ngưng Nguyệt	仙羽凝月	Thời trang	1	0-0	时装	
10124073	Lục Dã Tiên Tung	绿野仙踪	Thời trang	1	0-0	时装	
10124106	Tử Dật Sương Nhung	紫逸霜绒	Thời trang	1	0-0	时装	
10124107	Phi Long Thừa Vân	飞龙乘云	Thời trang	1	0-0	时装	
10124108	Thanh Hà Ngư Thiển	清荷鱼浅	Thời trang	1	0-0	时装	
10124125	Úc Hương Hinh Phương	郁香馨芳	Thời trang	1	0-0	时装	
10124129	Ngọc Cẩm Kim Sa	玉锦金纱	Thời trang	1	0-0	时装	
10124131	Dạ Cẩm Thiên Lan	夜锦天澜	Thời trang	1	0-0	时装	
10124132	Tố Vãn Huyền Thường	素挽玄裳	Thời trang	1	0-0	时装	
10124136	Vân Noãn Phương Hoa	云暖芳华	Thời trang	1	0-0	时装	
10124137	Long Phượng Trình Tường	龙凤呈祥	Thời trang	1	0-0	时装	
10124138	Ngọc Cẩm Hồi Phong	玉锦回枫	Thời trang	1	0-0	时装	
10124140	Phi Hồng Cẩm Trang	飞虹锦装	Thời trang	1	0-0	时装	
10124156	Bích Mộng Liên Hoa	碧梦莲华	Thời trang	1	0-0	时装	
10124157	Điệp Vũ Lưu Phương	蝶舞流芳	Thời trang	1	0-0	时装	
10124162	Mộ Dung Kiếm Phục	慕容剑服	Thời trang	1	0-0	时装	
10124163	Binh Trá	兵咤	Thời trang	1	0-0	时装	
10124165	Lôi Ti Dụ Hoặc Dục Y	蕾丝诱惑浴衣	Thời trang	1	0-0	时装	
10126000	Vị Sử Dụng	未使用	Long văn	1	0-0	预留2	
10141050	Ma Chế Nang	麻制囊	Nhẫn 2	4	0-0	行囊	
10141051	Du Mộc Tương	榆木箱	Hộ phù 2	4	0-0	格箱	
10146103	Tọa Kỵ: Linh Hồ	坐骑：灵狐	Cưỡi	40	1--1	坐骑	hieu ung 21
10146104	Tọa Kỵ: Xích Vĩ Hồ	坐骑：赤尾狐	Cưỡi	60	1--1	坐骑	hieu ung 21
10146108	Tọa Kỵ: Huyền Thiên Hồ	坐骑：玄天狐	Cưỡi	80	1--1	坐骑	hieu ung 21
10155012	Băng Phách Thần Châm	冰魄神针	Ám khí	70	5-5	暗器	
10155013	Băng Phách Thần Châm	冰魄神针	Ám khí	70	5-5	暗器	
10155014	Băng Phách Thần Châm	冰魄神针	Ám khí	70	5-5	暗器	
10155015	Băng Phách Thần Châm	冰魄神针	Ám khí	70	5-5	暗器	
10155016	Băng Phách Thần Châm	冰魄神针	Ám khí	70	5-5	暗器	
10155017	Băng Phách Thần Châm	冰魄神针	Ám khí	70	5-5	暗器	
10155018	Băng Phách Thần Châm	冰魄神针	Ám khí	70	5-5	暗器	
10155019	Băng Phách Thần Châm	冰魄神针	Ám khí	70	5-5	暗器	
10155101	Kim Sí Linh Vũ	金翅翎羽	Ám khí	90	5-5	暗器	hieu ung 7541
10155102	Kim Sí Linh Vũ	金翅翎羽	Ám khí	90	5-5	暗器	hieu ung 7542
10155103	Kim Sí Linh Vũ	金翅翎羽	Ám khí	90	5-5	暗器	hieu ung 7543
10155104	Kim Sí Linh Vũ	金翅翎羽	Ám khí	90	5-5	暗器	hieu ung 7544
10155105	Kim Sí Linh Vũ	金翅翎羽	Ám khí	90	5-5	暗器	hieu ung 7545
10155106	Kim Sí Linh Vũ	金翅翎羽	Ám khí	90	5-5	暗器	hieu ung 7546
10155107	Kim Sí Linh Vũ	金翅翎羽	Ám khí	90	5-5	暗器	hieu ung 7547
10155108	Kim Sí Linh Vũ	金翅翎羽	Ám khí	90	5-5	暗器	hieu ung 7548
10155111	Kim Sí Linh Vũ	金翅翎羽	Ám khí	90	5-5	暗器	hieu ung 7551
10155112	Kim Sí Linh Vũ	金翅翎羽	Ám khí	90	5-5	暗器	hieu ung 7552
10155113	Kim Sí Linh Vũ	金翅翎羽	Ám khí	90	5-5	暗器	hieu ung 7553
10155114	Kim Sí Linh Vũ	金翅翎羽	Ám khí	90	5-5	暗器	hieu ung 7554
10155115	Kim Sí Linh Vũ	金翅翎羽	Ám khí	90	5-5	暗器	hieu ung 7555
10155116	Kim Sí Linh Vũ	金翅翎羽	Ám khí	90	5-5	暗器	hieu ung 7556
10155117	Kim Sí Linh Vũ	金翅翎羽	Ám khí	90	5-5	暗器	hieu ung 7557
10155118	Kim Sí Linh Vũ	金翅翎羽	Ám khí	90	5-5	暗器	hieu ung 7558
10155121	Kim Sí Linh Vũ	金翅翎羽	Ám khí	90	5-5	暗器	hieu ung 7561
10155122	Kim Sí Linh Vũ	金翅翎羽	Ám khí	90	5-5	暗器	hieu ung 7562
10155123	Kim Sí Linh Vũ	金翅翎羽	Ám khí	90	5-5	暗器	hieu ung 7563
10155124	Kim Sí Linh Vũ	金翅翎羽	Ám khí	90	5-5	暗器	hieu ung 7564
10155125	Kim Sí Linh Vũ	金翅翎羽	Ám khí	90	5-5	暗器	hieu ung 7565
10155126	Kim Sí Linh Vũ	金翅翎羽	Ám khí	90	5-5	暗器	hieu ung 7566
10155127	Kim Sí Linh Vũ	金翅翎羽	Ám khí	90	5-5	暗器	hieu ung 7567
10155128	Kim Sí Linh Vũ	金翅翎羽	Ám khí	90	5-5	暗器	hieu ung 7568
10155131	Kim Sí Linh Vũ	金翅翎羽	Ám khí	90	5-5	暗器	hieu ung 7571
10155132	Kim Sí Linh Vũ	金翅翎羽	Ám khí	90	5-5	暗器	hieu ung 7572
10155133	Kim Sí Linh Vũ	金翅翎羽	Ám khí	90	5-5	暗器	hieu ung 7573
10155134	Kim Sí Linh Vũ	金翅翎羽	Ám khí	90	5-5	暗器	hieu ung 7574
10155135	Kim Sí Linh Vũ	金翅翎羽	Ám khí	90	5-5	暗器	hieu ung 7575
10155136	Kim Sí Linh Vũ	金翅翎羽	Ám khí	90	5-5	暗器	hieu ung 7576
10155137	Kim Sí Linh Vũ	金翅翎羽	Ám khí	90	5-5	暗器	hieu ung 7577
10156001	Pháp Bảo-Lưu Li Diễm	法宝·琉璃焰	Hộ phù 2	65	9-9	武魂	
10156002	Pháp Bảo-Ngự Dao Bàn	法宝·御瑶盘	Hộ phù 2	65	9-9	武魂	
10156005	Vũ Hồn Đãi Định	武魂待定	Hộ phù 2	65	0-0	武魂	
10156102	Ngự Dao Bàn	御瑶盘	Hộ phù 2	65	5-5	武魂	
10156103	Ngự Dao Bàn	御瑶盘	Hộ phù 2	65	5-5	武魂	
10156104	Ngự Dao Bàn	御瑶盘	Hộ phù 2	65	5-5	武魂	
10156105	Ngự Dao Bàn	御瑶盘	Hộ phù 2	65	5-5	武魂	
10156106	Ngự Dao Bàn	御瑶盘	Hộ phù 2	65	5-5	武魂	
10156107	Ngự Dao Bàn	御瑶盘	Hộ phù 2	65	5-5	武魂	
10156201	Lưu Li Diễm	琉璃焰	Hộ phù 2	65	5-5	武魂	
10156202	Lưu Li Diễm	琉璃焰	Hộ phù 2	65	5-5	武魂	
10156203	Lưu Li Diễm	琉璃焰	Hộ phù 2	65	5-5	武魂	
10156204	Lưu Li Diễm	琉璃焰	Hộ phù 2	65	5-5	武魂	
10156205	Lưu Li Diễm	琉璃焰	Hộ phù 2	65	5-5	武魂	
10156206	Lưu Li Diễm	琉璃焰	Hộ phù 2	65	5-5	武魂	
10156207	Lưu Li Diễm	琉璃焰	Hộ phù 2	65	5-5	武魂	
10158002	Kim Lan Lệnh	金兰令	Nhẫn 2	80	0-0	帮会令牌	
10158003	Tụ Nghĩa Lệnh	聚义令	Nhẫn 2	80	0-0	帮会令牌	
10158004	Sáp Huyết Lệnh	歃血令	Nhẫn 2	80	0-0	帮会令牌	
10159002	Thanh Long Hào Hiệp Ấn-Lưỡng Nghi	青龙豪侠印·两仪	diem 21	85	12-16	豪侠印	
10159003	Thanh Long Hào Hiệp Ấn-Tam Tài	青龙豪侠印·三才	diem 21	85	12-16	豪侠印	
10159004	Thanh Long Hào Hiệp Ấn-Tứ Tượng	青龙豪侠印·四象	diem 21	85	12-16	豪侠印	
10159005	Thanh Long Hào Hiệp Ấn-Ngũ Hành	青龙豪侠印·五行	diem 21	85	12-16	豪侠印	
10159006	Thanh Long Hào Hiệp Ấn-Lục Hợp	青龙豪侠印·六合	diem 21	85	12-16	豪侠印	
10159007	Thanh Long Hào Hiệp Ấn-Thất Tinh	青龙豪侠印·七星	diem 21	85	12-16	豪侠印	
10159008	Thanh Long Hào Hiệp Ấn-Bát Cực	青龙豪侠印·八极	diem 21	85	12-16	豪侠印	
10159012	Bạch Hổ Hào Hiệp Ấn-Lưỡng Nghi	白虎豪侠印·两仪	diem 21	85	12-16	豪侠印	
10159013	Bạch Hổ Hào Hiệp Ấn-Tam Tài	白虎豪侠印·三才	diem 21	85	12-16	豪侠印	
10159014	Bạch Hổ Hào Hiệp Ấn-Tứ Tượng	白虎豪侠印·四象	diem 21	85	12-16	豪侠印	
10159015	Bạch Hổ Hào Hiệp Ấn-Ngũ Hành	白虎豪侠印·五行	diem 21	85	12-16	豪侠印	
10159016	Bạch Hổ Hào Hiệp Ấn-Lục Hợp	白虎豪侠印·六合	diem 21	85	12-16	豪侠印	
10159017	Bạch Hổ Hào Hiệp Ấn-Thất Tinh	白虎豪侠印·七星	diem 21	85	12-16	豪侠印	
10159018	Bạch Hổ Hào Hiệp Ấn-Bát Cực	白虎豪侠印·八极	diem 21	85	12-16	豪侠印	
10159022	Chu Tước Hào Hiệp Ấn-Lưỡng Nghi	朱雀豪侠印·两仪	diem 21	85	12-16	豪侠印	
10159023	Chu Tước Hào Hiệp Ấn-Tam Tài	朱雀豪侠印·三才	diem 21	85	12-16	豪侠印	
10159024	Chu Tước Hào Hiệp Ấn-Tứ Tượng	朱雀豪侠印·四象	diem 21	85	12-16	豪侠印	
10159025	Chu Tước Hào Hiệp Ấn-Ngũ Hành	朱雀豪侠印·五行	diem 21	85	12-16	豪侠印	
10159026	Chu Tước Hào Hiệp Ấn-Lục Hợp	朱雀豪侠印·六合	diem 21	85	12-16	豪侠印	
10159027	Chu Tước Hào Hiệp Ấn-Thất Tinh	朱雀豪侠印·七星	diem 21	85	12-16	豪侠印	
10159028	Chu Tước Hào Hiệp Ấn-Bát Cực	朱雀豪侠印·八极	diem 21	85	12-16	豪侠印	
10159032	Huyền Vũ Hào Hiệp Ấn-Lưỡng Nghi	玄武豪侠印·两仪	diem 21	85	12-16	豪侠印	
10159033	Huyền Vũ Hào Hiệp Ấn-Tam Tài	玄武豪侠印·三才	diem 21	85	12-16	豪侠印	
10159034	Huyền Vũ Hào Hiệp Ấn-Tứ Tượng	玄武豪侠印·四象	diem 21	85	12-16	豪侠印	
10159035	Huyền Vũ Hào Hiệp Ấn-Ngũ Hành	玄武豪侠印·五行	diem 21	85	12-16	豪侠印	
10159036	Huyền Vũ Hào Hiệp Ấn-Lục Hợp	玄武豪侠印·六合	diem 21	85	12-16	豪侠印	
10159037	Huyền Vũ Hào Hiệp Ấn-Thất Tinh	玄武豪侠印·七星	diem 21	85	12-16	豪侠印	
10159038	Huyền Vũ Hào Hiệp Ấn-Bát Cực	玄武豪侠印·八极	diem 21	85	12-16	豪侠印	
10200021	Ô Mã Phủ	乌玛斧	Vũ khí	110	1-1	刀斧类	
10200022	Khảm Kim Minh Đầu Chuy	嵌金铭头锤	Vũ khí	120	2-2	刀斧类	
10200023	130 Điệu Lạc	130掉落	Vũ khí	130	2-3	刀斧类	
10200024	140 Điệu Lạc	140掉落	Vũ khí	140	3-4	刀斧类	
10200025	150 Điệu Lạc	150掉落	Vũ khí	150	3-5	刀斧类	
10200029	140 Chú Tạo	140铸造	Vũ khí	140	4-7	刀斧类	
10200030	150 Chú Tạo	150铸造	Vũ khí	150	4-7	刀斧类	
10201021	Ngao Hán	敖汉	Vũ khí	110	1-1	枪棒类	
10201022	Song Đồng	双瞳	Vũ khí	120	2-2	枪棒类	
10201023	130 Điệu Lạc	130掉落	Vũ khí	130	2-3	枪棒类	
10201024	140 Điệu Lạc	140掉落	Vũ khí	140	3-4	枪棒类	
10201025	150 Điệu Lạc	150掉落	Vũ khí	150	3-5	枪棒类	
10201029	140 Chú Tạo	140铸造	Vũ khí	140	4-7	枪棒类	
10201030	150 Chú Tạo	150铸造	Vũ khí	150	4-7	枪棒类	
10202021	Tháp Cáp	塔哈	Vũ khí	110	1-1	单短类	
10202022	Thạch Cốc	石谷	Vũ khí	120	2-2	单短类	
10202023	130 Điệu Lạc	130掉落	Vũ khí	130	2-3	单短类	
10202024	140 Điệu Lạc	140掉落	Vũ khí	140	3-4	单短类	
10202025	150 Điệu Lạc	150掉落	Vũ khí	150	3-5	单短类	
10202029	140 Chú Tạo	140铸造	Vũ khí	140	4-7	单短类	
10202030	150 Chú Tạo	150铸造	Vũ khí	150	4-7	单短类	
10203021	Nộ Cáp	怒哈	Vũ khí	110	1-1	双短类	
10203022	Nhã Tân	雅辛	Vũ khí	120	2-2	双短类	
10203023	130 Điệu Lạc	130掉落	Vũ khí	130	2-3	双短类	
10203024	140 Điệu Lạc	140掉落	Vũ khí	140	3-4	双短类	
10203025	150 Điệu Lạc	150掉落	Vũ khí	150	3-5	双短类	
10203029	140 Chú Tạo	140铸造	Vũ khí	140	4-7	双短类	
10203030	150 Chú Tạo	150铸造	Vũ khí	150	4-7	双短类	
10204021	Sa Khâu	沙丘	Vũ khí	110	1-1	扇类	
10204022	Tượng Huyết	象血	Vũ khí	120	2-2	扇类	
10204023	130 Điệu Lạc	130掉落	Vũ khí	130	2-3	扇类	
10204024	140 Điệu Lạc	140掉落	Vũ khí	140	3-4	扇类	
10204025	150 Điệu Lạc	150掉落	Vũ khí	150	3-5	扇类	
10204029	140 Chú Tạo	140铸造	Vũ khí	140	4-7	扇类	
10204030	150 Chú Tạo	150铸造	Vũ khí	150	4-7	扇类	
10205021	Hạ Phất Hoàn	夏弗环	Vũ khí	110	1-1	环类	
10205022	Tích Lan	锡兰	Vũ khí	120	2-2	环类	
10205023	130 Điệu Lạc	130掉落	Vũ khí	130	2-3	环类	
10205024	140 Điệu Lạc	140掉落	Vũ khí	140	3-4	环类	
10205025	150 Điệu Lạc	150掉落	Vũ khí	150	3-5	环类	
10205029	140 Chú Tạo	140铸造	Vũ khí	140	4-7	环类	
10205030	150 Chú Tạo	150铸造	Vũ khí	150	4-7	环类	
10207001	Liễu Mộc Trường Trượng	柳木长杖	Vũ khí	10	1-1	长杖类	
10207002	Tất Mộc Trường Trượng	漆木长杖	Vũ khí	20	1-2	长杖类	
10207003	Đoạn Mộc Trường Trượng	椴木长杖	Vũ khí	30	1-3	长杖类	
10207004	Đàn Hương Trường Trượng	檀香长杖	Vũ khí	40	2-4	长杖类	
10207005	Lưu Vân Chiến Trượng	流云战杖	Vũ khí	50	2-4	长杖类	
10207006	Kim Cương Chiến Trượng	金刚战杖	Vũ khí	60	2-5	长杖类	
10207007	Linh Tê Chiến Trượng	灵犀战杖	Vũ khí	70	3-5	长杖类	
10207008	Mẫu Lộc Linh Trượng	牡鹿灵杖	Vũ khí	80	3-6	长杖类	
10207009	Âm Dương Linh Trượng	阴阳灵杖	Vũ khí	90	4-6	长杖类	
10207010	Tứ Tượng Lê Hoa Trượng	四象梨花杖	Vũ khí	100	4-7	长杖类	
10207011	Lâu Lan Bát Bảo Trượng	楼兰八宝杖	Vũ khí	110	1-1	长杖类	
10207012	Phượng Dương Linh Ngô Trượng	凤阳灵梧杖	Vũ khí	120	2-2	长杖类	
10207013	130 Điệu Lạc	130掉落	Vũ khí	130	2-3	长杖类	
10207014	140 Điệu Lạc	140掉落	Vũ khí	140	3-4	长杖类	
10207015	150 Điệu Lạc	150掉落	Vũ khí	150	3-5	长杖类	
10207028	130 Chú Tạo	130铸造	Vũ khí	130	4-7	长杖类	
10207029	140 Chú Tạo	140铸造	Vũ khí	140	4-7	长杖类	
10207030	150 Chú Tạo	150铸造	Vũ khí	150	4-7	长杖类	
10210061	Mạc Sầu Mạo	莫愁帽	Mũ	102	5-9	帽子	
10210062	Thận Lâu Mạo	蜃楼帽	Mũ	112	5-9	帽子	
10210063	130_ Bố _ Điệu Lạc	130_布_掉落	Mũ	122	5-9	帽子	
10210064	140_ Bố _ Điệu Lạc	140_布_掉落	Mũ	132	5-9	帽子	
10210065	150_ Bố _ Điệu Lạc	150_布_掉落	Mũ	142	5-9	帽子	
10210069	140_ Bố _ Chú Tạo	140_布_铸造	Mũ	132	5-9	帽子	
10210070	150_ Bố _ Chú Tạo	150_布_铸造	Mũ	142	5-9	帽子	
10210071	Khai Nguyên Mạo	开源帽	Mũ	102	5-9	帽子	
10210072	Khổng Vũ Quan	孔羽冠	Mũ	112	5-9	帽子	
10210073	130_ Bì _ Điệu Lạc	130_皮_掉落	Mũ	122	5-9	帽子	
10210074	140_ Bì _ Điệu Lạc	140_皮_掉落	Mũ	132	5-9	帽子	
10210075	150_ Bì _ Điệu Lạc	150_皮_掉落	Mũ	142	5-9	帽子	
10210079	140_ Bì _ Chú Tạo	140_皮_铸造	Mũ	132	5-9	帽子	
10210080	150_ Bì _ Chú Tạo	150_皮_铸造	Mũ	142	5-9	帽子	
10210081	Lạc Hỏa Mạo	落火帽	Mũ	102	5-9	帽子	
10210082	Hung Nô Quan	匈奴冠	Mũ	112	5-9	帽子	
10210083	130_ Thiết _ Điệu Lạc	130_铁_掉落	Mũ	122	5-9	帽子	
10210084	140_ Thiết _ Điệu Lạc	140_铁_掉落	Mũ	132	5-9	帽子	
10210085	150_ Thiết _ Điệu Lạc	150_铁_掉落	Mũ	142	5-9	帽子	
10210089	140_ Thiết _ Chú Tạo	140_铁_铸造	Mũ	132	5-9	帽子	
10210090	150_ Thiết _ Chú Tạo	150_铁_铸造	Mũ	142	5-9	帽子	
10211061	Mạc Sầu Hài	莫愁鞋	Giày	104	5-9	鞋	
10211062	Thận Lâu Hài	蜃楼鞋	Giày	114	5-9	鞋	
10211063	130_ Bố _ Điệu Lạc	130_布_掉落	Giày	124	5-9	鞋	
10211064	140_ Bố _ Điệu Lạc	140_布_掉落	Giày	134	5-9	鞋	
10211065	150_ Bố _ Điệu Lạc	150_布_掉落	Giày	144	5-9	鞋	
10211069	140_ Bố _ Chú Tạo	140_布_铸造	Giày	134	5-9	鞋	
10211070	150_ Bố _ Chú Tạo	150_布_铸造	Giày	144	5-9	鞋	
10211071	Khai Nguyên Ngoa	开源靴	Giày	104	5-9	鞋	
10211072	Khổng Vũ Ngoa	孔羽靴	Giày	114	5-9	鞋	
10211073	130_ Bì _ Điệu Lạc	130_皮_掉落	Giày	124	5-9	鞋	
10211074	140_ Bì _ Điệu Lạc	140_皮_掉落	Giày	134	5-9	鞋	
10211075	150_ Bì _ Điệu Lạc	150_皮_掉落	Giày	144	5-9	鞋	
10211079	140_ Bì _ Chú Tạo	140_皮_铸造	Giày	134	5-9	鞋	
10211080	150_ Bì _ Chú Tạo	150_皮_铸造	Giày	144	5-9	鞋	
10211081	Lạc Hỏa Ngoa	落火靴	Giày	104	5-9	鞋	
10211082	Hung Nô Chiến Ngoa	匈奴战靴	Giày	114	5-9	鞋	
10211083	130_ Thiết _ Điệu Lạc	130_铁_掉落	Giày	124	5-9	鞋	
10211084	140_ Thiết _ Điệu Lạc	140_铁_掉落	Giày	134	5-9	鞋	
10211085	150_ Thiết _ Điệu Lạc	150_铁_掉落	Giày	144	5-9	鞋	
10211089	140_ Thiết _ Chú Tạo	140_铁_铸造	Giày	134	5-9	鞋	
10211090	150_ Thiết _ Chú Tạo	150_铁_铸造	Giày	144	5-9	鞋	
10212061	Mạc Sầu Hộ Thủ	莫愁护手	Bao tay	106	5-9	手套	
10212062	Thận Lâu Hộ Thủ	蜃楼护手	Bao tay	116	5-9	手套	
10212063	130_ Bố _ Điệu Lạc	130_布_掉落	Bao tay	126	5-9	手套	
10212064	140_ Bố _ Điệu Lạc	140_布_掉落	Bao tay	136	5-9	手套	
10212065	150_ Bố _ Điệu Lạc	150_布_掉落	Bao tay	146	5-9	手套	
10212069	140_ Bố _ Chú Tạo	140_布_铸造	Bao tay	136	5-9	手套	
10212070	150_ Bố _ Chú Tạo	150_布_铸造	Bao tay	146	5-9	手套	
10212071	Khai Nguyên Hộ Thủ	开源护手	Bao tay	106	5-9	手套	
10212072	Khổng Vũ Hộ Thủ	孔羽护手	Bao tay	116	5-9	手套	
10212073	130_ Bì _ Điệu Lạc	130_皮_掉落	Bao tay	126	5-9	手套	
10212074	140_ Bì _ Điệu Lạc	140_皮_掉落	Bao tay	136	5-9	手套	
10212075	150_ Bì _ Điệu Lạc	150_皮_掉落	Bao tay	146	5-9	手套	
10212079	140_ Bì _ Chú Tạo	140_皮_铸造	Bao tay	136	5-9	手套	
10212080	150_ Bì _ Chú Tạo	150_皮_铸造	Bao tay	146	5-9	手套	
10212081	Lạc Hỏa Hộ Thủ	落火护手	Bao tay	106	5-9	手套	
10212082	Hung Nô Hộ Thủ	匈奴护手	Bao tay	116	5-9	手套	
10212083	130_ Thiết _ Điệu Lạc	130_铁_掉落	Bao tay	126	5-9	手套	
10212084	140_ Thiết _ Điệu Lạc	140_铁_掉落	Bao tay	136	5-9	手套	
10212085	150_ Thiết _ Điệu Lạc	150_铁_掉落	Bao tay	146	5-9	手套	
10212089	140_ Thiết _ Chú Tạo	140_铁_铸造	Bao tay	136	5-9	手套	
10212090	150_ Thiết _ Chú Tạo	150_铁_铸造	Bao tay	146	5-9	手套	
10213061	Mạc Sầu Y	莫愁衣	Áo	108	5-9	衣服	
10213062	Thận Lâu Bào	蜃楼袍	Áo	118	5-9	衣服	
10213063	130_ Bố _ Điệu Lạc	130_布_掉落	Áo	128	5-9	衣服	
10213064	140_ Bố _ Điệu Lạc	140_布_掉落	Áo	138	5-9	衣服	
10213065	150_ Bố _ Điệu Lạc	150_布_掉落	Áo	148	5-9	衣服	
10213069	140_ Bố _ Chú Tạo	140_布_铸造	Áo	138	5-9	衣服	
10213070	150_ Bố _ Chú Tạo	150_布_铸造	Áo	148	5-9	衣服	
10213071	Khai Nguyên Cừu	开源裘	Áo	108	5-9	衣服	
10213072	Khổng Vũ Cừu	孔羽裘	Áo	118	5-9	衣服	
10213073	130_ Bì _ Điệu Lạc	130_皮_掉落	Áo	128	5-9	衣服	
10213074	140_ Bì _ Điệu Lạc	140_皮_掉落	Áo	138	5-9	衣服	
10213075	150_ Bì _ Điệu Lạc	150_皮_掉落	Áo	148	5-9	衣服	
10213079	140_ Bì _ Chú Tạo	140_皮_铸造	Áo	138	5-9	衣服	
10213080	150_ Bì _ Chú Tạo	150_皮_铸造	Áo	148	5-9	衣服	
10213081	Lạc Hỏa Khải	落火铠	Áo	108	5-9	衣服	
10213082	Hung Nô Khải	匈奴铠	Áo	118	5-9	衣服	
10213083	130_ Thiết _ Điệu Lạc	130_铁_掉落	Áo	128	5-9	衣服	
10213084	140_ Thiết _ Điệu Lạc	140_铁_掉落	Áo	138	5-9	衣服	
10213085	150_ Thiết _ Điệu Lạc	150_铁_掉落	Áo	148	5-9	衣服	
10213089	140_ Thiết _ Chú Tạo	140_铁_铸造	Áo	138	5-9	衣服	
10213090	150_ Thiết _ Chú Tạo	150_铁_铸造	Áo	148	5-9	衣服	
10214021	Lan Thấm Hộ Oản	兰沁护腕	Hộ uyển	106	5-9	护腕	
10214022	Như Cố Hộ Oản	如故护腕	Hộ uyển	116	5-9	护腕	
10214023	130 Điệu Lạc	130掉落	Hộ uyển	126	5-9	护腕	
10214024	140 Điệu Lạc	140掉落	Hộ uyển	136	5-9	护腕	
10214025	150 Điệu Lạc	150掉落	Hộ uyển	146	5-9	护腕	
10214029	140 Chú Tạo	140铸造	Hộ uyển	136	5-9	护腕	
10214030	150 Chú Tạo	150铸造	Hộ uyển	146	5-9	护腕	
10215021	Nạp Lâm Hộ Kiên	纳林护肩	Hộ kiên	108	5-9	护肩	
10215022	Thánh Linh Kiên	圣灵肩	Hộ kiên	118	5-9	护肩	
10215023	130 Điệu Lạc	130掉落	Hộ kiên	128	5-9	护肩	
10215024	140 Điệu Lạc	140掉落	Hộ kiên	138	5-9	护肩	
10215025	150 Điệu Lạc	150掉落	Hộ kiên	148	5-9	护肩	
10215029	140 Chú Tạo	140铸造	Hộ kiên	138	5-9	护肩	
10215030	150 Chú Tạo	150铸造	Hộ kiên	148	5-9	护肩	
10220021	Tịch Dạ	寂夜	Hạng liên	108	7-11	项链	
10220022	Thất Miên Liên	七眠链	Hạng liên	118	7-11	项链	
10220023	130 Điệu Lạc	130掉落	Hạng liên	128	7-11	项链	
10220024	140 Điệu Lạc	140掉落	Hạng liên	138	7-11	项链	
10220025	150 Điệu Lạc	150掉落	Hạng liên	148	7-11	项链	
10220029	140 Chú Tạo	140铸造	Hạng liên	138	7-11	项链	
10220030	150 Chú Tạo	150铸造	Hạng liên	148	7-11	项链	
10221021	Huyết Ngọc Đái	血玉带	Đai	102	5-9	腰带	
10221022	Tiên Vũ Đái	仙武带	Đai	112	5-9	腰带	
10221023	130 Điệu Lạc	130掉落	Đai	122	5-9	腰带	
10221024	140 Điệu Lạc	140掉落	Đai	132	5-9	腰带	
10221025	150 Điệu Lạc	150掉落	Đai	142	5-9	腰带	
10221029	140 Chú Tạo	140铸造	Đai	132	5-9	腰带	
10221030	150 Chú Tạo	150铸造	Đai	142	5-9	腰带	
10222021	An Tức Chỉ Hoàn	安息指环	Nhẫn	105	6-11	戒指	
10222022	Mạn Đà Giới Chỉ	曼陀戒指	Nhẫn	115	6-11	戒指	
10222023	130 Điệu Lạc	130掉落	Nhẫn	125	6-11	戒指	
10222024	140 Điệu Lạc	140掉落	Nhẫn	135	6-11	戒指	
10222025	150 Điệu Lạc	150掉落	Nhẫn	145	6-11	戒指	
10222029	140 Chú Tạo	140铸造	Nhẫn	135	6-11	戒指	
10222030	150 Chú Tạo	150铸造	Nhẫn	145	6-11	戒指	
10223021	Lưu Tinh	琉晶	Hộ phù	105	6-11	护符	
10223022	Bà Sa Văn Chương	婆娑纹章	Hộ phù	115	6-11	护符	
10223023	130 Điệu Lạc	130掉落	Hộ phù	125	6-11	护符	
10223024	140 Điệu Lạc	140掉落	Hộ phù	135	6-11	护符	
10223025	150 Điệu Lạc	150掉落	Hộ phù	145	6-11	护符	
10223029	140 Chú Tạo	140铸造	Hộ phù	135	6-11	护符	
10223030	150 Chú Tạo	150铸造	Hộ phù	145	6-11	护符	
10400001	Tam Đình Môn Phiến Đại Đao	三亭门扇大刀	Vũ khí	10	1-1	刀斧类	
10400002	Lượng Ngân Bát Phong Đại Đao	亮银泼风大刀	Vũ khí	20	1-1	刀斧类	
10400003	Bát Quái Phách Thủy Đại Đao	八卦劈水大刀	Vũ khí	30	1-1	刀斧类	
10400004	Lượng Ngân Uyên Ương Đại Phủ	亮银鸳鸯大斧	Vũ khí	40	2-2	刀斧类	
10400005	Ngũ Long Trục Nhật Đại Đao	五龙逐日大刀	Vũ khí	50	2-2	刀斧类	
10400006	Cứ Xỉ Lang Nha Bản Môn Đại Đao	锯齿狼牙板门大刀	Vũ khí	60	2-2	刀斧类	
10400007	Kim Tước Khai Sơn Đại Phủ	金雀开山大斧	Vũ khí	70	3-3	刀斧类	
10400008	Thần Mộc Nặc Nguyệt Đại Đao	神木匿月大刀	Vũ khí	80	3-3	刀斧类	
10400009	Cự Phật Thôn Nhật Đại Đao	巨佛吞日大刀	Vũ khí	90	4-4	刀斧类	
10400010	Kim Toản Xuyên Vân	金纂穿云	Vũ khí	100	4-4	刀斧类	
10400011	Nhâm Vụ Trang 1	任务装1	Vũ khí	10	3-3	刀斧类	
10400012	Thượng Huyền	上玄	Vũ khí	20	3-3	刀斧类	
10400013	Nhâm Vụ Trang 3	任务装3	Vũ khí	30	3-3	刀斧类	
10400014	Phạm Nhật	梵日	Vũ khí	40	4-4	刀斧类	
10400015	Nhâm Vụ Trang 5	任务装5	Vũ khí	50	4-4	刀斧类	
10400016	Nhâm Vụ Trang 6	任务装6	Vũ khí	60	4-4	刀斧类	
10400017	Nhâm Vụ Trang 7	任务装7	Vũ khí	70	4-4	刀斧类	
10400018	Nhâm Vụ Trang 8	任务装8	Vũ khí	80	4-4	刀斧类	
10400019	Nhâm Vụ Trang 9	任务装9	Vũ khí	90	4-4	刀斧类	
10400020	Nhâm Vụ Trang 10	任务装10	Vũ khí	100	4-4	刀斧类	
10400021	Tam Đình Môn Phiến Đại Đao	三亭门扇大刀	Vũ khí	10	1-1	刀斧类	
10400022	Lượng Ngân Bát Phong Đại Đao	亮银泼风大刀	Vũ khí	20	1-1	刀斧类	
10400023	Bát Quái Phách Thủy Đại Đao	八卦劈水大刀	Vũ khí	30	1-1	刀斧类	
10400024	Lượng Ngân Uyên Ương Đại Phủ	亮银鸳鸯大斧	Vũ khí	40	2-2	刀斧类	
10400025	Ngũ Long Trục Nhật Đại Đao	五龙逐日大刀	Vũ khí	50	2-2	刀斧类	
10400026	Cứ Xỉ Lang Nha Bản Môn Đại Đao	锯齿狼牙板门大刀	Vũ khí	60	2-2	刀斧类	
10400027	Kim Tước Khai Sơn Đại Phủ	金雀开山大斧	Vũ khí	70	3-3	刀斧类	
10400028	Thần Mộc Nặc Nguyệt Đại Đao	神木匿月大刀	Vũ khí	80	3-3	刀斧类	
10400029	Cự Phật Thôn Nhật Đại Đao	巨佛吞日大刀	Vũ khí	90	4-4	刀斧类	
10400030	Kim Toản Xuyên Vân	金纂穿云	Vũ khí	100	4-4	刀斧类	
10400031	Nhâm Vụ Trang 1	任务装1	Vũ khí	10	3-3	刀斧类	
10400032	Thượng Huyền	上玄	Vũ khí	20	3-3	刀斧类	
10400033	Nhâm Vụ Trang 3	任务装3	Vũ khí	30	3-3	刀斧类	
10400034	Phạm Nhật	梵日	Vũ khí	40	4-4	刀斧类	
10400035	Nhâm Vụ Trang 5	任务装5	Vũ khí	50	4-4	刀斧类	
10400036	Nhâm Vụ Trang 6	任务装6	Vũ khí	60	4-4	刀斧类	
10400037	Nhâm Vụ Trang 7	任务装7	Vũ khí	70	4-4	刀斧类	
10400038	Nhâm Vụ Trang 8	任务装8	Vũ khí	80	4-4	刀斧类	
10400039	Nhâm Vụ Trang 9	任务装9	Vũ khí	90	4-4	刀斧类	
10400040	Nhâm Vụ Trang 10	任务装10	Vũ khí	100	4-4	刀斧类	
10400041	Tam Đình Môn Phiến Đại Đao	三亭门扇大刀	Vũ khí	10	1-1	刀斧类	
10400042	Lượng Ngân Bát Phong Đại Đao	亮银泼风大刀	Vũ khí	20	1-1	刀斧类	
10400043	Bát Quái Phách Thủy Đại Đao	八卦劈水大刀	Vũ khí	30	1-1	刀斧类	
10400044	Lượng Ngân Uyên Ương Đại Phủ	亮银鸳鸯大斧	Vũ khí	40	2-2	刀斧类	
10400045	Ngũ Long Trục Nhật Đại Đao	五龙逐日大刀	Vũ khí	50	2-2	刀斧类	
10400046	Cứ Xỉ Lang Nha Bản Môn Đại Đao	锯齿狼牙板门大刀	Vũ khí	60	2-2	刀斧类	
10400047	Kim Tước Khai Sơn Đại Phủ	金雀开山大斧	Vũ khí	70	3-3	刀斧类	
10400048	Thần Mộc Nặc Nguyệt Đại Đao	神木匿月大刀	Vũ khí	80	3-3	刀斧类	
10400049	Cự Phật Thôn Nhật Đại Đao	巨佛吞日大刀	Vũ khí	90	4-4	刀斧类	
10400050	Kim Toản Xuyên Vân	金纂穿云	Vũ khí	100	4-4	刀斧类	
10400051	Nhâm Vụ Trang 1	任务装1	Vũ khí	10	3-3	刀斧类	
10400052	Thượng Huyền	上玄	Vũ khí	20	3-3	刀斧类	
10400053	Nhâm Vụ Trang 3	任务装3	Vũ khí	30	3-3	刀斧类	
10400054	Phạm Nhật	梵日	Vũ khí	40	4-4	刀斧类	
10400055	Nhâm Vụ Trang 5	任务装5	Vũ khí	50	4-4	刀斧类	
10400056	Nhâm Vụ Trang 6	任务装6	Vũ khí	60	4-4	刀斧类	
10400057	Nhâm Vụ Trang 7	任务装7	Vũ khí	70	4-4	刀斧类	
10400058	Nhâm Vụ Trang 8	任务装8	Vũ khí	80	4-4	刀斧类	
10400059	Phổ Nhị Đao	普洱刀	Vũ khí	35	1-1	刀斧类	
10400060	Viên Môn Vệ Sĩ Đại Đao	辕门卫士大刀	Vũ khí	1	1-1	刀斧类	
10400061	Kim Bối Khảm Sơn Đao	金背砍山刀	Vũ khí	13	2-2	刀斧类	
10400062	Tung Dương Nhạn Linh Đao	嵩阳雁翎刀	Vũ khí	18	2-2	刀斧类	
10400063	Quái Tử Thủ	刽子手	Vũ khí	30	2-2	刀斧类	
10400064	Lang Nhân Đoạt Lương Đao	狼人夺粮刀	Vũ khí	40	2-2	刀斧类	
10400065	Viên Nguyệt Loan Đao	圆月弯刀	Vũ khí	55	2-2	刀斧类	
10400066	Tùng Lâm Phách Sơn Phủ	丛林劈山斧	Vũ khí	67	1-1	刀斧类	
10400069	Phục Cừu Chi Nhận	复仇之刃	Vũ khí	82	2-2	刀斧类	
10400070	Cửu Phượng Triêu Dương Đao	九凤朝阳刀	Vũ khí	87	2-2	刀斧类	
10400071	Bát Quái Kim Toản Khai Sơn Việt	八卦金纂开山钺	Vũ khí	94	1-1	刀斧类	
10400072	Trầm Thủy Long Tước Đao	沉水龙雀刀	Vũ khí	98	2-2	刀斧类	
10400073	Chiến Thần	战神	Vũ khí	98	2-2	刀斧类	
10400074	Tần Vũ-Phần Thiên	秦武·焚天	Vũ khí	75	4-4	刀斧类	
10400075	Tần Hồn-Mạt Nhật	秦魂·末日	Vũ khí	85	4-4	刀斧类	
10401001	Minh Sa Trường Thương	鸣沙长枪	Vũ khí	15	3-3	枪棒类	
10401005	Bàn Long Đại Thương	盘龙大枪	Vũ khí	50	2-2	枪棒类	
10401006	Tam Cổ Kim Cương Mã Xoa	三股金刚马叉	Vũ khí	60	2-2	枪棒类	
10401007	Ngũ Cổ Liệt Diễm Mã Xoa	五股烈焰马叉	Vũ khí	70	3-3	枪棒类	
10401008	Thất Tinh Phệ Hồn Mã Xoa	七星噬魂马叉	Vũ khí	80	3-3	枪棒类	
10401009	Long Ngâm Phượng Khiếu Đại Thương	龙吟凤啸大枪	Vũ khí	90	4-4	枪棒类	
10401010	Phá Nguyệt Đại Thương	破月大枪	Vũ khí	100	4-4	枪棒类	
10401011	Vũ Lãng	舞浪	Vũ khí	10	3-3	枪棒类	
10401012	Nhâm Vụ Trang 2	任务装2	Vũ khí	20	3-3	枪棒类	
10401013	Đoạn Tương	断湘	Vũ khí	30	3-3	枪棒类	
10401014	Nhâm Vụ Trang 4	任务装4	Vũ khí	40	4-4	枪棒类	
10401015	Hàn Dương	寒炀	Vũ khí	50	4-4	枪棒类	
10401016	Nhâm Vụ Trang 6	任务装6	Vũ khí	60	4-4	枪棒类	
10401017	Nhâm Vụ Trang 7	任务装7	Vũ khí	70	4-4	枪棒类	
10401018	Nhâm Vụ Trang 8	任务装8	Vũ khí	80	4-4	枪棒类	
10401019	Cổ Thương	古苍	Vũ khí	90	4-4	枪棒类	
10401020	Nhâm Vụ Trang 10	任务装10	Vũ khí	100	4-4	枪棒类	
10401021	Tước Thiệt Đại Thương	雀舌大枪	Vũ khí	10	1-1	枪棒类	
10401022	Trúc Tiết Đại Thương	竹节大枪	Vũ khí	20	1-1	枪棒类	
10401023	Tố Anh Đại Thương	素缨大枪	Vũ khí	30	1-1	枪棒类	
10401024	Lục Hợp Đại Thương	六合大枪	Vũ khí	40	2-2	枪棒类	
10401025	Bàn Long Đại Thương	盘龙大枪	Vũ khí	50	2-2	枪棒类	
10401026	Tam Cổ Kim Cương Mã Xoa	三股金刚马叉	Vũ khí	60	2-2	枪棒类	
10401027	Ngũ Cổ Liệt Diễm Mã Xoa	五股烈焰马叉	Vũ khí	70	3-3	枪棒类	
10401028	Thất Tinh Phệ Hồn Mã Xoa	七星噬魂马叉	Vũ khí	80	3-3	枪棒类	
10401029	Long Ngâm Phượng Khiếu Đại Thương	龙吟凤啸大枪	Vũ khí	90	4-4	枪棒类	
10401030	Phá Nguyệt Đại Thương	破月大枪	Vũ khí	100	4-4	枪棒类	
10401032	Nhâm Vụ Trang 2	任务装2	Vũ khí	20	3-3	枪棒类	
10401033	Đoạn Tương	断湘	Vũ khí	30	3-3	枪棒类	
10401034	Nhâm Vụ Trang 4	任务装4	Vũ khí	40	4-4	枪棒类	
10401035	Hàn Dương	寒炀	Vũ khí	50	4-4	枪棒类	
10401036	Nhâm Vụ Trang 6	任务装6	Vũ khí	60	4-4	枪棒类	
10401037	Nhâm Vụ Trang 7	任务装7	Vũ khí	70	4-4	枪棒类	
10401038	Nhâm Vụ Trang 8	任务装8	Vũ khí	80	4-4	枪棒类	
10401039	Cổ Thương	古苍	Vũ khí	90	4-4	枪棒类	
10401040	Nhâm Vụ Trang 10	任务装10	Vũ khí	100	4-4	枪棒类	
10401041	Tước Thiệt Đại Thương	雀舌大枪	Vũ khí	10	1-1	枪棒类	
10401042	Trúc Tiết Đại Thương	竹节大枪	Vũ khí	20	1-1	枪棒类	
10401043	Tố Anh Đại Thương	素缨大枪	Vũ khí	30	1-1	枪棒类	
10401044	Lục Hợp Đại Thương	六合大枪	Vũ khí	40	2-2	枪棒类	
10401045	Bàn Long Đại Thương	盘龙大枪	Vũ khí	50	2-2	枪棒类	
10401046	Tam Cổ Kim Cương Mã Xoa	三股金刚马叉	Vũ khí	60	2-2	枪棒类	
10401047	Ngũ Cổ Liệt Diễm Mã Xoa	五股烈焰马叉	Vũ khí	70	3-3	枪棒类	
10401048	Thất Tinh Phệ Hồn Mã Xoa	七星噬魂马叉	Vũ khí	80	3-3	枪棒类	
10401049	Long Ngâm Phượng Khiếu Đại Thương	龙吟凤啸大枪	Vũ khí	90	4-4	枪棒类	
10401050	Phá Nguyệt Đại Thương	破月大枪	Vũ khí	100	4-4	枪棒类	
10401051	Vũ Lãng	舞浪	Vũ khí	10	3-3	枪棒类	
10401052	Nhâm Vụ Trang 2	任务装2	Vũ khí	20	3-3	枪棒类	
10401053	Đoạn Tương	断湘	Vũ khí	30	3-3	枪棒类	
10401054	Nhâm Vụ Trang 4	任务装4	Vũ khí	40	4-4	枪棒类	
10401055	Hàn Dương	寒炀	Vũ khí	50	4-4	枪棒类	
10401056	Nhâm Vụ Trang 6	任务装6	Vũ khí	60	4-4	枪棒类	
10401057	Nhâm Vụ Trang 7	任务装7	Vũ khí	70	4-4	枪棒类	
10401058	Nhâm Vụ Trang 8	任务装8	Vũ khí	80	4-4	枪棒类	
10401059	Cổ Thương	古苍	Vũ khí	90	4-4	枪棒类	
10401060	Nguyệt Ảnh Trượng	月影杖	Vũ khí	22	2-2	枪棒类	
10401061	Viên Môn Vệ Sĩ Trường Thương	辕门卫士长枪	Vũ khí	1	2-2	枪棒类	
10401062	Tung Dương Tề Mi Côn	嵩阳齐眉棍	Vũ khí	18	2-2	枪棒类	
10401063	Điển Ngục Quan	典狱官	Vũ khí	30	3-3	枪棒类	
10401064	Lang Nhân Cản Trư Thương	狼人赶猪枪	Vũ khí	40	3-3	枪棒类	
10401065	Hấp Thủy Đề Lô Thương	吸水提炉枪	Vũ khí	48	3-3	枪棒类	
10401066	Viên Nguyệt Đà Long Thương	圆月驼龙枪	Vũ khí	55	3-3	枪棒类	
10401068	Bát Bảo Lịch Tuyền Thương	八宝沥泉枪	Vũ khí	87	2-2	枪棒类	
10401069	Cửu Chuyển Bàn Long Lượng Ngân Thương	九转蟠龙亮银枪	Vũ khí	94	6-6	枪棒类	
10401070	Lạc Ảnh Truy Hồn Thương	落影追魂枪	Vũ khí	98	3-3	枪棒类	
10401071	Phách Vương	霸王	Vũ khí	99	2-2	枪棒类	
10402001	Thiên Long Tân Thủ Kiếm	天龙新手剑	Vũ khí	1	2-2	单短类	
10402002	Thái Khang Trường Kiếm	太康长剑	Vũ khí	20	1-1	单短类	
10402003	Thanh Minh Trường Kiếm	青冥长剑	Vũ khí	30	1-1	单短类	
10402004	Phi Nguyệt Trường Kiếm	飞月长剑	Vũ khí	40	2-2	单短类	
10402005	Long Lân Trường Kiếm	龙鳞长剑	Vũ khí	50	2-2	单短类	
10402006	Ngũ Thải Trường Kiếm	五彩长剑	Vũ khí	60	2-2	单短类	
10402007	Côn Ngô Trường Kiếm	昆吾长剑	Vũ khí	70	3-3	单短类	
10402008	Long Huyết Trường Kiếm	龙血长剑	Vũ khí	80	3-3	单短类	
10402009	Tuyệt Tiên Trường Đao	绝仙长刀	Vũ khí	90	4-4	单短类	
10402010	Tru Thiên Trường Kiếm	诛天长剑	Vũ khí	100	4-4	单短类	
10402011	Nhâm Vụ Trang 1	任务装1	Vũ khí	10	3-3	单短类	
10402012	Nhâm Vụ Trang 2	任务装2	Vũ khí	20	3-3	单短类	
10402013	Nhâm Vụ Trang 3	任务装3	Vũ khí	30	3-3	单短类	
10402014	Nhâm Vụ Trang 4	任务装4	Vũ khí	40	4-4	单短类	
10402015	Nhâm Vụ Trang 5	任务装5	Vũ khí	50	4-4	单短类	
10402016	Lang #	琅玡	Vũ khí	60	4-4	单短类	
10402017	Nhâm Vụ Trang 7	任务装7	Vũ khí	70	4-4	单短类	
10402018	Nhâm Vụ Trang 8	任务装8	Vũ khí	80	4-4	单短类	
10402019	Nhâm Vụ Trang 9	任务装9	Vũ khí	90	4-4	单短类	
10402020	Nhâm Vụ Trang 10	任务装10	Vũ khí	100	4-4	单短类	
10402021	Hàn Quang Trường Kiếm	寒光长剑	Vũ khí	10	1-1	单短类	
10402022	Thái Khang Trường Kiếm	太康长剑	Vũ khí	20	1-1	单短类	
10402023	Thanh Minh Trường Kiếm	青冥长剑	Vũ khí	30	1-1	单短类	
10402024	Phi Nguyệt Trường Kiếm	飞月长剑	Vũ khí	40	2-2	单短类	
10402025	Long Lân Trường Kiếm	龙鳞长剑	Vũ khí	50	2-2	单短类	
10402026	Ngũ Thải Trường Kiếm	五彩长剑	Vũ khí	60	2-2	单短类	
10402027	Côn Ngô Trường Kiếm	昆吾长剑	Vũ khí	70	3-3	单短类	
10402028	Long Huyết Trường Kiếm	龙血长剑	Vũ khí	80	3-3	单短类	
10402029	Tuyệt Tiên Trường Đao	绝仙长刀	Vũ khí	90	4-4	单短类	
10402030	Tru Thiên Trường Kiếm	诛天长剑	Vũ khí	100	4-4	单短类	
10402031	Nhâm Vụ Trang 1	任务装1	Vũ khí	10	3-3	单短类	
10402032	Nhâm Vụ Trang 2	任务装2	Vũ khí	20	3-3	单短类	
10402033	Nhâm Vụ Trang 3	任务装3	Vũ khí	30	3-3	单短类	
10402034	Nhâm Vụ Trang 4	任务装4	Vũ khí	40	4-4	单短类	
10402035	Nhâm Vụ Trang 5	任务装5	Vũ khí	50	4-4	单短类	
10402036	Lang #	琅玡	Vũ khí	60	4-4	单短类	
10402037	Nhâm Vụ Trang 7	任务装7	Vũ khí	70	4-4	单短类	
10402038	Nhâm Vụ Trang 8	任务装8	Vũ khí	80	4-4	单短类	
10402039	Nhâm Vụ Trang 9	任务装9	Vũ khí	90	4-4	单短类	
10402040	Nhâm Vụ Trang 10	任务装10	Vũ khí	100	4-4	单短类	
10402041	Hàn Quang Trường Kiếm	寒光长剑	Vũ khí	10	1-1	单短类	
10402042	Thái Khang Trường Kiếm	太康长剑	Vũ khí	20	1-1	单短类	
10402043	Thanh Minh Trường Kiếm	青冥长剑	Vũ khí	30	1-1	单短类	
10402044	Phi Nguyệt Trường Kiếm	飞月长剑	Vũ khí	40	2-2	单短类	
10402045	Long Lân Trường Kiếm	龙鳞长剑	Vũ khí	50	2-2	单短类	
10402046	Ngũ Thải Trường Kiếm	五彩长剑	Vũ khí	60	2-2	单短类	
10402047	Côn Ngô Trường Kiếm	昆吾长剑	Vũ khí	70	3-3	单短类	
10402048	Long Huyết Trường Kiếm	龙血长剑	Vũ khí	80	3-3	单短类	
10402049	Tuyệt Tiên Trường Đao	绝仙长刀	Vũ khí	90	3-3	单短类	
10402050	Tru Thiên Trường Kiếm	诛天长剑	Vũ khí	100	3-3	单短类	
10402051	Nhâm Vụ Trang 1	任务装1	Vũ khí	10	3-3	单短类	
10402052	Nhâm Vụ Trang 2	任务装2	Vũ khí	20	3-3	单短类	
10402053	Nhâm Vụ Trang 3	任务装3	Vũ khí	30	3-3	单短类	
10402054	Nhâm Vụ Trang 4	任务装4	Vũ khí	40	4-4	单短类	
10402055	Nhâm Vụ Trang 5	任务装5	Vũ khí	50	4-4	单短类	
10402056	Lang #	琅玡	Vũ khí	60	4-4	单短类	
10402057	Nhâm Vụ Trang 7	任务装7	Vũ khí	70	4-4	单短类	
10402058	Nhâm Vụ Trang 8	任务装8	Vũ khí	80	4-4	单短类	
10402059	Nhâm Vụ Trang 9	任务装9	Vũ khí	90	4-4	单短类	
10402060	Kiền Khôn Đỉnh	干坤鼎	Vũ khí	22	4-4	单短类	
10402061	Thiên Luân Đao	天轮刀	Vũ khí	22	2-2	单短类	
10402062	Viên Môn Vệ Sĩ Trường Kiếm	辕门卫士长剑	Vũ khí	1	1-1	单短类	
10402063	Linh Châu Trường Kiếm	灵州长剑	Vũ khí	13	2-2	单短类	
10402064	Tung Dương Trảm Mã Kiếm	嵩阳斩马剑	Vũ khí	18	2-2	单短类	
10402066	Quan Âm Kiếm	观音剑	Vũ khí	35	1-1	单短类	
10402067	Tàn Nhẫn Lợi Nhận	残忍利刃	Vũ khí	53	3-3	单短类	
10402068	Bạch Lang Nha	白狼牙	Vũ khí	62	2-2	单短类	
10402069	Thánh Kiếm Ai Khắc Tư Tạp Lí Ba	圣剑埃克斯卡里巴	Vũ khí	70	2-2	单短类	
10402070	Thất Tinh Hàn Ngọc Kiếm	七星寒玉剑	Vũ khí	87	2-2	单短类	
10402071	Thư Hùng Hổ Vĩ Trúc Tiết Tiên	雌雄虎尾竹节鞭	Vũ khí	94	2-2	单短类	
10402072	Thiên Phách Thê Hoàng Kiếm	天霸凄惶剑	Vũ khí	98	1-1	单短类	
10402073	Vũ Thánh	武圣	Vũ khí	99	3-3	单短类	
10402074	Tần Vũ-Thiên Hạ	秦武·天下	Vũ khí	75	4-4	单短类	
10402075	Tần Hồn-Huyết Dạ	秦魂·血夜	Vũ khí	85	4-4	单短类	
10403001	Chiết Liễu Song Kiếm	折柳双剑	Vũ khí	15	3-3	双短类	
10403005	Phượng Vĩ Song Phủ	凤尾双斧	Vũ khí	50	2-2	双短类	
10403006	Yết Du Song Chuy	轧油双锤	Vũ khí	60	2-2	双短类	
10403007	Tử Kim Song Đao	紫金双刀	Vũ khí	70	3-3	双短类	
10403008	Tinh Nguyệt Song Kiếm	星月双剑	Vũ khí	80	3-3	双短类	
10403009	Cam Lâm Song Kiếm	甘霖双剑	Vũ khí	90	3-3	双短类	
10403010	Tuyền Ki Song Nhận	璇玑双刃	Vũ khí	100	3-3	双短类	
10403011	Thiết Bối Song Đao	铁背双刀	Vũ khí	10	1-1	双短类	
10403012	Lượng Ngân Song Đao	亮银双刀	Vũ khí	20	1-1	双短类	
10403013	Dật Long Song Kiếm	逸龙双剑	Vũ khí	30	1-1	双短类	
10403014	Thất Bảo Song Đao	七宝双刀	Vũ khí	40	2-2	双短类	
10403015	Phượng Vĩ Song Phủ	凤尾双斧	Vũ khí	50	2-2	双短类	
10403016	Yết Du Song Chuy	轧油双锤	Vũ khí	60	2-2	双短类	
10403017	Tử Kim Song Đao	紫金双刀	Vũ khí	70	3-3	双短类	
10403018	Tinh Nguyệt Song Kiếm	星月双剑	Vũ khí	80	3-3	双短类	
10403019	Cam Lâm Song Kiếm	甘霖双剑	Vũ khí	90	3-3	双短类	
10403020	Tuyền Ki Song Nhận	璇玑双刃	Vũ khí	100	3-3	双短类	
10403021	Thiết Bối Song Đao	铁背双刀	Vũ khí	10	1-1	双短类	
10403022	Lượng Ngân Song Đao	亮银双刀	Vũ khí	20	1-1	双短类	
10403023	Dật Long Song Kiếm	逸龙双剑	Vũ khí	30	1-1	双短类	
10403024	Thất Bảo Song Đao	七宝双刀	Vũ khí	40	2-2	双短类	
10403025	Phượng Vĩ Song Phủ	凤尾双斧	Vũ khí	50	2-2	双短类	
10403026	Yết Du Song Chuy	轧油双锤	Vũ khí	60	2-2	双短类	
10403027	Tử Kim Song Đao	紫金双刀	Vũ khí	70	3-3	双短类	
10403028	Tinh Nguyệt Song Kiếm	星月双剑	Vũ khí	80	3-3	双短类	
10403029	Cam Lâm Song Kiếm	甘霖双剑	Vũ khí	90	3-3	双短类	
10403030	Tuyền Ki Song Nhận	璇玑双刃	Vũ khí	100	3-3	双短类	
10403031	Thiết Bối Song Đao	铁背双刀	Vũ khí	10	1-1	双短类	
10403032	Lượng Ngân Song Đao	亮银双刀	Vũ khí	20	1-1	双短类	
10403033	Dật Long Song Kiếm	逸龙双剑	Vũ khí	30	1-1	双短类	
10403034	Thất Bảo Song Đao	七宝双刀	Vũ khí	40	2-2	双短类	
10403035	Phượng Vĩ Song Phủ	凤尾双斧	Vũ khí	50	2-2	双短类	
10403036	Yết Du Song Chuy	轧油双锤	Vũ khí	60	2-2	双短类	
10403037	Tử Kim Song Đao	紫金双刀	Vũ khí	70	3-3	双短类	
10403038	Tinh Nguyệt Song Kiếm	星月双剑	Vũ khí	80	3-3	双短类	
10403039	Cam Lâm Song Kiếm	甘霖双剑	Vũ khí	90	3-3	双短类	
10403040	Tuyền Ki Song Nhận	璇玑双刃	Vũ khí	100	3-3	双短类	
10403041	Thiết Bối Song Đao	铁背双刀	Vũ khí	10	1-1	双短类	
10403042	Lượng Ngân Song Đao	亮银双刀	Vũ khí	20	1-1	双短类	
10403043	Dật Long Song Kiếm	逸龙双剑	Vũ khí	30	1-1	双短类	
10403044	Thất Bảo Song Đao	七宝双刀	Vũ khí	40	2-2	双短类	
10403045	Phượng Vĩ Song Phủ	凤尾双斧	Vũ khí	50	2-2	双短类	
10403046	Yết Du Song Chuy	轧油双锤	Vũ khí	60	2-2	双短类	
10403047	Tử Kim Song Đao	紫金双刀	Vũ khí	70	3-3	双短类	
10403048	Tinh Nguyệt Song Kiếm	星月双剑	Vũ khí	80	3-3	双短类	
10403049	Cam Lâm Song Kiếm	甘霖双剑	Vũ khí	90	3-3	双短类	
10403050	Nhâm Vụ Trang 1	任务装1	Vũ khí	10	3-3	双短类	
10403051	Nhâm Vụ Trang 2	任务装2	Vũ khí	20	3-3	双短类	
10403052	Nhâm Vụ Trang 3	任务装3	Vũ khí	30	3-3	双短类	
10403053	Nhâm Vụ Trang 4	任务装4	Vũ khí	40	4-4	双短类	
10403054	Nhâm Vụ Trang 5	任务装5	Vũ khí	50	4-4	双短类	
10403055	Nhâm Vụ Trang 6	任务装6	Vũ khí	60	4-4	双短类	
10403057	Li Sương	离霜	Vũ khí	80	4-4	双短类	
10403058	Nhâm Vụ Trang 9	任务装9	Vũ khí	90	4-4	双短类	
10403059	Chúc Lũ	属镂	Vũ khí	100	4-4	双短类	
10403060	Khoa Khúc Kiếm	夸曲剑	Vũ khí	22	2-2	双短类	
10403061	Khương Gia Tập Song Kiếm	姜家集双剑	Vũ khí	1	1-1	双短类	
10403062	Kim Lũ Kiếm	金缕剑	Vũ khí	18	2-2	双短类	
10403063	Quy Vân Song Kiếm	归云双剑	Vũ khí	25	1-1	双短类	
10403064	Phổ Nhị Song Đao	普洱双刀	Vũ khí	35	1-1	双短类	
10403065	Lang Nhân Khiên Dương Kiếm	狼人牵羊剑	Vũ khí	40	2-2	双短类	
10403066	Viên Nguyệt Tử Mẫu Kiếm	圆月子母剑	Vũ khí	55	2-2	双短类	
10403067	Lang Tình Thiếp Ý Kiếm	郎情妾意剑	Vũ khí	62	2-2	双短类	
10403068	Phục Cừu Chi Kiếm	复仇之剑	Vũ khí	80	2-2	双短类	
10403069	Hoang Hỏa Song Kiếm	荒火双剑	Vũ khí	90	2-2	双短类	
10403070	Tứ Lăng Ngõa Diện Kim Trang Giản	四棱瓦面金装锏	Vũ khí	94	3-3	双短类	
10403071	Đấu Thần	斗神	Vũ khí	98	3-3	双短类	
10404001	Tam Nguy Chiết Phiến	三危折扇	Vũ khí	15	3-3	扇类	
10404009	Huyền Thiết Phiến	玄铁扇	Vũ khí	70	4-4	玄铁扇	
10404010	Ba Tiêu Phiến	芭蕉扇	Vũ khí	70	4-4	芭蕉扇	
10404011	Huyền Thiết Phiến	玄铁扇	Vũ khí	70	4-4	玄铁扇	
10404012	Ba Tiêu Phiến	芭蕉扇	Vũ khí	70	4-4	芭蕉扇	
10404013	Nhâm Vụ Trang 3	任务装3	Vũ khí	30	3-3	扇类	
10404014	Nhâm Vụ Trang 4	任务装4	Vũ khí	40	4-4	扇类	
10404015	Nhâm Vụ Trang 5	任务装5	Vũ khí	50	4-4	扇类	
10404016	Nhâm Vụ Trang 6	任务装6	Vũ khí	60	4-4	扇类	
10404017	Sấu Ngọc	漱玉	Vũ khí	70	4-4	扇类	
10404018	Nhâm Vụ Trang 8	任务装8	Vũ khí	80	4-4	扇类	
10404019	Nhâm Vụ Trang 9	任务装9	Vũ khí	90	4-4	扇类	
10404020	Nhâm Vụ Trang 10	任务装10	Vũ khí	100	4-4	扇类	
10404021	Bách Chiết Vũ Phiến	百折羽扇	Vũ khí	10	1-1	扇类	
10404022	Chá Cô Vũ Phiến	鹧鸪羽扇	Vũ khí	20	1-1	扇类	
10404023	Tử Trúc Vũ Phiến	紫竹羽扇	Vũ khí	30	1-1	扇类	
10404024	Ngọc Cương Vũ Phiến	玉钢羽扇	Vũ khí	40	2-2	扇类	
10404025	Đào Hoa Vũ Phiến	桃花羽扇	Vũ khí	50	2-2	扇类	
10404026	Hỏa Liên Vũ Phiến	火莲羽扇	Vũ khí	60	2-2	扇类	
10404027	Long Lân Vũ Phiến	龙鳞羽扇	Vũ khí	70	3-3	扇类	
10404028	Phượng Tường Vũ Phiến	凤翔羽扇	Vũ khí	80	3-3	扇类	
10404029	Cùng Kì Vũ Phiến	穷奇羽扇	Vũ khí	90	3-3	扇类	
10404030	Lăng Tiêu Vũ Phiến	淩霄羽扇	Vũ khí	100	3-3	扇类	
10404031	Nhâm Vụ Trang 1	任务装1	Vũ khí	10	3-3	扇类	
10404032	Nhâm Vụ Trang 2	任务装2	Vũ khí	20	3-3	扇类	
10404033	Nhâm Vụ Trang 3	任务装3	Vũ khí	30	3-3	扇类	
10404034	Nhâm Vụ Trang 4	任务装4	Vũ khí	40	4-4	扇类	
10404035	Nhâm Vụ Trang 5	任务装5	Vũ khí	50	4-4	扇类	
10404036	Nhâm Vụ Trang 6	任务装6	Vũ khí	60	4-4	扇类	
10404037	Sấu Ngọc	漱玉	Vũ khí	70	4-4	扇类	
10404038	Nhâm Vụ Trang 8	任务装8	Vũ khí	80	4-4	扇类	
10404039	Nhâm Vụ Trang 9	任务装9	Vũ khí	90	4-4	扇类	
10404040	Nhâm Vụ Trang 10	任务装10	Vũ khí	100	4-4	扇类	
10404041	Bách Chiết Vũ Phiến	百折羽扇	Vũ khí	10	1-1	扇类	
10404042	Chá Cô Vũ Phiến	鹧鸪羽扇	Vũ khí	20	1-1	扇类	
10404043	Tử Trúc Vũ Phiến	紫竹羽扇	Vũ khí	30	1-1	扇类	
10404044	Ngọc Cương Vũ Phiến	玉钢羽扇	Vũ khí	40	2-2	扇类	
10404045	Đào Hoa Vũ Phiến	桃花羽扇	Vũ khí	50	2-2	扇类	
10404046	Hỏa Liên Vũ Phiến	火莲羽扇	Vũ khí	60	2-2	扇类	
10404047	Long Lân Vũ Phiến	龙鳞羽扇	Vũ khí	70	3-3	扇类	
10404048	Phượng Tường Vũ Phiến	凤翔羽扇	Vũ khí	80	3-3	扇类	
10404049	Cùng Kì Vũ Phiến	穷奇羽扇	Vũ khí	90	3-3	扇类	
10404050	Lăng Tiêu Vũ Phiến	淩霄羽扇	Vũ khí	100	3-3	扇类	
10404051	Nhâm Vụ Trang 1	任务装1	Vũ khí	10	3-3	扇类	
10404052	Nhâm Vụ Trang 2	任务装2	Vũ khí	20	3-3	扇类	
10404053	Nhâm Vụ Trang 3	任务装3	Vũ khí	30	3-3	扇类	
10404054	Nhâm Vụ Trang 4	任务装4	Vũ khí	40	4-4	扇类	
10404055	Nhâm Vụ Trang 5	任务装5	Vũ khí	50	4-4	扇类	
10404056	Nhâm Vụ Trang 6	任务装6	Vũ khí	60	4-4	扇类	
10404057	Sấu Ngọc	漱玉	Vũ khí	70	4-4	扇类	
10404058	Nhâm Vụ Trang 8	任务装8	Vũ khí	80	4-4	扇类	
10404059	Nhâm Vụ Trang 9	任务装9	Vũ khí	90	4-4	扇类	
10404060	Thông Cật Phiến	通吃扇	Vũ khí	22	2-2	扇类	
10404061	Khương Gia Tập Chiết Phiến	姜家集折扇	Vũ khí	1	1-1	扇类	
10404062	Giam Trảm Quan	监斩官	Vũ khí	30	2-2	扇类	
10404063	Đại Liêu Quân Phiến	大辽军扇	Vũ khí	51	2-2	扇类	
10404064	Điêu Linh Vũ Phiến	凋零羽扇	Vũ khí	53	3-3	扇类	
10404065	Bạch Mã Phiến	白马扇	Vũ khí	62	1-1	扇类	
10404066	Ẩn Bí Chi Phiến	隐秘之扇	Vũ khí	65	2-2	扇类	
10404067	La Bặc Phiến Phiến Tử	萝卜片扇子	Vũ khí	72	2-2	扇类	
10404068	Phục Cừu Chi Phiến	复仇之扇	Vũ khí	82	2-2	扇类	
10404069	Sơn Yêu Chiết Phiến	山妖折扇	Vũ khí	90	2-2	扇类	
10404070	Quân Thần	军神	Vũ khí	98	3-3	扇类	
10404071	Tần Vũ-Quân Sách	秦武·君策	Vũ khí	75	4-4	扇类	
10404072	Tần Hồn-Túng Hoành	秦魂·纵横	Vũ khí	85	4-4	扇类	
10405004	Tê Hà Kì Hoàn	栖霞奇环	Vũ khí	40	2-2	环类	
10405005	Hàn Băng Kì Hoàn	寒冰奇环	Vũ khí	50	2-2	环类	
10405006	Tứ Tượng Kì Hoàn	四象奇环	Vũ khí	60	2-2	环类	
10405007	Thái Cực Kì Hoàn	太极奇环	Vũ khí	70	3-3	环类	
10405008	Cửu Long Kì Hoàn	九龙奇环	Vũ khí	80	3-3	环类	
10405009	Tỏa Yêu Kì Hoàn	锁妖奇环	Vũ khí	90	4-4	环类	
10405010	Hỗn Nguyên Kì Hoàn	混元奇环	Vũ khí	100	4-4	环类	
10405011	Nhâm Vụ Trang 1	任务装1	Vũ khí	10	3-3	环类	
10405012	Tuyệt Trần	绝尘	Vũ khí	20	3-3	环类	
10405013	Nhâm Vụ Trang 3	任务装3	Vũ khí	30	3-3	环类	
10405014	Nhâm Vụ Trang 4	任务装4	Vũ khí	40	4-4	环类	
10405015	Nhâm Vụ Trang 5	任务装5	Vũ khí	50	4-4	环类	
10405016	Nhâm Vụ Trang 6	任务装6	Vũ khí	60	4-4	环类	
10405017	Bích Lạc	碧落	Vũ khí	70	4-4	环类	
10405018	Nhâm Vụ Trang 8	任务装8	Vũ khí	80	4-4	环类	
10405019	Nhâm Vụ Trang 9	任务装9	Vũ khí	90	4-4	环类	
10405020	Nhâm Vụ Trang 10	任务装10	Vũ khí	100	4-4	环类	
10405021	Thanh Đồng Kì Hoàn	青铜奇环	Vũ khí	10	1-1	环类	
10405022	Bạch Kim Kì Hoàn	白金奇环	Vũ khí	20	1-1	环类	
10405023	Mộc Thạch Kì Hoàn	木石奇环	Vũ khí	30	1-1	环类	
10405024	Tê Hà Kì Hoàn	栖霞奇环	Vũ khí	40	2-2	环类	
10405025	Hàn Băng Kì Hoàn	寒冰奇环	Vũ khí	50	2-2	环类	
10405026	Tứ Tượng Kì Hoàn	四象奇环	Vũ khí	60	2-2	环类	
10405027	Thái Cực Kì Hoàn	太极奇环	Vũ khí	70	3-3	环类	
10405028	Cửu Long Kì Hoàn	九龙奇环	Vũ khí	80	3-3	环类	
10405029	Tỏa Yêu Kì Hoàn	锁妖奇环	Vũ khí	90	4-4	环类	
10405030	Hỗn Nguyên Kì Hoàn	混元奇环	Vũ khí	100	4-4	环类	
10405031	Nhâm Vụ Trang 1	任务装1	Vũ khí	10	3-3	环类	
10405032	Tuyệt Trần	绝尘	Vũ khí	20	3-3	环类	
10405033	Nhâm Vụ Trang 3	任务装3	Vũ khí	30	3-3	环类	
10405034	Nhâm Vụ Trang 4	任务装4	Vũ khí	40	4-4	环类	
10405035	Nhâm Vụ Trang 5	任务装5	Vũ khí	50	4-4	环类	
10405036	Nhâm Vụ Trang 6	任务装6	Vũ khí	60	4-4	环类	
10405037	Bích Lạc	碧落	Vũ khí	70	4-4	环类	
10405038	Nhâm Vụ Trang 8	任务装8	Vũ khí	80	4-4	环类	
10405039	Nhâm Vụ Trang 9	任务装9	Vũ khí	90	4-4	环类	
10405040	Nhâm Vụ Trang 10	任务装10	Vũ khí	100	4-4	环类	
10405041	Thanh Đồng Kì Hoàn	青铜奇环	Vũ khí	10	1-1	环类	
10405042	Bạch Kim Kì Hoàn	白金奇环	Vũ khí	20	1-1	环类	
10405043	Mộc Thạch Kì Hoàn	木石奇环	Vũ khí	30	1-1	环类	
10405044	Tê Hà Kì Hoàn	栖霞奇环	Vũ khí	40	2-2	环类	
10405045	Hàn Băng Kì Hoàn	寒冰奇环	Vũ khí	50	2-2	环类	
10405046	Tứ Tượng Kì Hoàn	四象奇环	Vũ khí	60	2-2	环类	
10405047	Thái Cực Kì Hoàn	太极奇环	Vũ khí	70	3-3	环类	
10405048	Cửu Long Kì Hoàn	九龙奇环	Vũ khí	80	3-3	环类	
10405049	Tỏa Yêu Kì Hoàn	锁妖奇环	Vũ khí	90	4-4	环类	
10405050	Hỗn Nguyên Kì Hoàn	混元奇环	Vũ khí	100	4-4	环类	
10405051	Nhâm Vụ Trang 1	任务装1	Vũ khí	10	3-3	环类	
10405052	Tuyệt Trần	绝尘	Vũ khí	20	3-3	环类	
10405053	Nhâm Vụ Trang 3	任务装3	Vũ khí	30	3-3	环类	
10405054	Nhâm Vụ Trang 4	任务装4	Vũ khí	40	4-4	环类	
10405055	Nhâm Vụ Trang 5	任务装5	Vũ khí	50	4-4	环类	
10405056	Nhâm Vụ Trang 6	任务装6	Vũ khí	60	4-4	环类	
10405057	Bích Lạc	碧落	Vũ khí	70	4-4	环类	
10405058	Nhâm Vụ Trang 8	任务装8	Vũ khí	80	4-4	环类	
10405059	Nhâm Vụ Trang 9	任务装9	Vũ khí	90	4-4	环类	
10405060	Âm Dương Nhận	阴阳刃	Vũ khí	22	3-3	双短类	
10405061	Khương Gia Tập Song Hoàn	姜家集双环	Vũ khí	1	1-1	环类	
10405062	Quy Vân Song Hoàn	归云双环	Vũ khí	25	1-1	环类	
10405063	Ô Long Hoàn	乌龙环	Vũ khí	35	2-2	环类	
10405064	Thiết Trảo Song Hoàn	铁爪双环	Vũ khí	45	2-2	环类	
10405065	Tuyệt Tình Hoàn	绝情环	Vũ khí	53	2-2	环类	
10405068	Kích Hồng Song Hoàn	激洪双环	Vũ khí	90	2-2	环类	
10405069	Thiên Tương	天将	Vũ khí	99	3-3	环类	
10405070	Tần Vũ-Toái Nguyệt	秦武·碎月	Vũ khí	75	4-4	环类	
10405071	Tần Hồn-Li Hận	秦魂·骊恨	Vũ khí	85	4-4	环类	
10406001	Gia Truyện Trường Nỗ	家传长弩	Vũ khí	1	1-1	弩类	
10406002	Yến Hầu-Phú	燕侯·赋	Vũ khí	50	3-3	弩类	
10406003	Hạo Linh-Thanh Dương	皓灵·清炀	Vũ khí	60	3-3	弩类	
10406004	Xích Luyện-Vô Trú	赤炼·无昼	Vũ khí	70	4-4	弩类	
10406005	Tần Vũ-Sở Ca	秦武·楚歌	Vũ khí	75	4-4	弩类	
10406006	Tần Hồn-Phiên Vũ	秦魂·翻羽	Vũ khí	85	4-4	弩类	
10406007	Thiên Phật Kính Nỗ	千佛劲弩	Vũ khí	15	3-3	弩类	
10406008	Quy Vân Nỗ	归云弩	Vũ khí	25	1-1	弩类	
10406009	Cẩm Y Vệ Nỗ	锦衣卫弩	Vũ khí	30	3-3	弩类	
10406010	Lang Nhân Tham Bảo Nỗ	狼人探宝弩	Vũ khí	40	3-3	弩类	
10406011	Đại Liêu Tiêm Nỗ	大辽尖弩	Vũ khí	51	2-2	弩类	
10406012	La Bặc Hoa Nỗ	萝卜花弩	Vũ khí	72	2-2	弩类	
10406013	Phục Cừu Chi Nỗ	复仇之弩	Vũ khí	82	2-2	弩类	
10406014	Liệt Không Linh Nỗ	裂空灵弩	Vũ khí	90	2-2	弩类	
10406015	Băng Thiên Lạc Nhật Nỗ	崩天落日弩	Vũ khí	98	3-3	弩类	
10406016	Hoàng Dương Nỗ	黄羊弩	Vũ khí	62	1-1	弩类	
10407001	Gia Truyện Trường Trượng	家传长杖	Vũ khí	1	1-1	长杖类	
10407002	Yến Hầu-Dung	燕侯·融	Vũ khí	50	3-3	长杖类	
10407003	Hạo Linh-Huyền Phong	皓灵·玄风	Vũ khí	60	3-3	长杖类	
10407004	Xích Luyện-Linh Hư	赤炼·灵虚	Vũ khí	70	4-4	长杖类	
10407005	Tần Vũ-Vô Vi	秦武·无为	Vũ khí	75	4-4	长杖类	
10407006	Tần Hồn-Tự Nhiên	秦魂·自然	Vũ khí	85	4-4	长杖类	
10407007	Thiên Phật Kính Trượng	千佛劲杖	Vũ khí	15	3-3	长杖类	
10407008	Quy Vân Trượng	归云杖	Vũ khí	25	1-1	长杖类	
10407009	Cẩm Y Vệ Trượng	锦衣卫杖	Vũ khí	30	3-3	长杖类	
10407010	Lang Nhân Khai Sơn Trượng	狼人开山杖	Vũ khí	40	3-3	长杖类	
10407011	Đại Liêu Cương Trượng	大辽钢杖	Vũ khí	51	2-2	长杖类	
10407012	La Bặc Hoa Trượng	萝卜花杖	Vũ khí	72	2-2	长杖类	
10407013	Phục Cừu Chi Trượng	复仇之杖	Vũ khí	82	2-2	长杖类	
10407014	Âm Dương Huyễn Trượng	阴阳幻杖	Vũ khí	90	2-2	长杖类	
10407015	Nữ Oa Trượng	女娲杖	Vũ khí	98	3-3	长杖类	
10407016	Mục Dương Trượng	牧羊杖	Vũ khí	62	1-1	长杖类	
10410051	Thiên Tôn Ma Cân	天尊魔巾	Mũ	92	4-4	帽子	
10410052	Tinh Phưởng Mạo	精纺帽	Mũ	1	2-2	帽子	
10410053	Cẩm Bạch Mạo	锦帛帽	Mũ	2	3-3	帽子	
10410054	Tị Tà Mạo	避邪帽	Mũ	12	3-3	帽子	
10410055	Nhuyễn Vị Mạo	软猬帽	Mũ	22	3-3	帽子	
10410056	Tán Tinh Mạo	散晶帽	Mũ	32	4-4	帽子	
10410057	Địa Hoàng Quan	地皇冠	Mũ	42	4-4	帽子	
10410058	Vân La Chiến Khôi	云罗战盔	Mũ	52	4-4	帽子	
10410059	Kinh Vân Chiến Khôi	惊云战盔	Mũ	62	4-4	帽子	
10410060	Ngọc Bích Chi Ảnh	玉璧之影	Mũ	3	1-1	帽子	
10410061	Chư Cát Cân	诸葛巾	Mũ	9	2-2	帽子	
10410062	Lí Lăng Bi	李陵碑	Mũ	13	2-2	帽子	
10410063	Thì Chi Sa	时之纱	Mũ	20	2-2	帽子	
10410064	Khôi Lỗi Mạo	傀儡帽	Mũ	23	1-1	帽子	
10410065	Thải Dược Nhân Đích Đấu Lạp	采药人的斗笠	Mũ	25	1-1	帽子	
10410066	Truy Tung Giả Đầu Khôi	追踪者头盔	Mũ	32	2-2	帽子	
10410068	Thất Bảo Dạ Minh Khôi	七宝夜明盔	Mũ	48	2-2	帽子	
10410069	Thương Tinh Diện Giáp	商星面甲	Mũ	53	2-2	帽子	
10410070	Thạch Phượng Hoàng Chi Quan	石凤凰之冠	Mũ	55	2-2	帽子	
10410071	Thanh Ngưu Quan	青牛冠	Mũ	62	2-2	帽子	
10410072	Khuy Tý Chi Nhãn	窥伺之眼	Mũ	65	2-2	帽子	
10410073	Lôi Thần Chi Khôi	雷神之盔	Mũ	70	1-1	帽子	
10410074	Long Thắng Đích Phi Huyết Đầu Quan	龙胜的飞血头冠	Mũ	80	2-2	帽子	
10410075	Nam Hải Kiếm Phái Kiếm Đạo Mạo	南海剑派剑道帽	Mũ	80	1-1	帽子	
10410077	Tàn Khuyết Đích Phượng Hoàng Linh	残缺的凤凰翎	Mũ	84	2-2	帽子	
10410078	Nữ Chân Thủ Lĩnh Vương Quan	女真首领王冠	Mũ	90	3-3	帽子	
10410079	Thân Hình Vô Ảnh	身形无影	Mũ	92	1-1	帽子	
10410080	Hắc Miêu Đầu Sức	黑苗头饰	Mũ	96	1-1	帽子	
10410081	Bình Thiên Quan	平天冠	Mũ	98	1-1	帽子	
10411013	Thái Niểu Hài	蔡袅鞋	Giày	15	2-2	鞋	
10411018	Kinh Vân Chiến Ngoa	惊云战靴	Giày	64	4-4	鞋	
10411019	Thiên Hiên Bảo Ngoa	天轩宝靴	Giày	74	4-4	鞋	
10411020	Kiền Chi Thiên Ngoa	干支天靴	Giày	84	4-4	鞋	
10411021	Ma Thánh Lược Ảnh	魔圣掠影	Giày	94	4-4	鞋	
10411022	Tinh Phưởng Hài	精纺鞋	Giày	4	1-1	鞋	
10411023	Linh Động Hài	灵动鞋	Giày	14	1-1	鞋	
10411024	Bình Ngân Hài	屏银鞋	Giày	24	2-2	鞋	
10411025	Thần Uy Hài	神威鞋	Giày	34	3-3	鞋	
10411026	Thúy Vũ Hài	翠羽鞋	Giày	44	3-3	鞋	
10411027	Cửu Châu Hài	九州鞋	Giày	54	3-3	鞋	
10411028	Bất Diệt Hài	不灭鞋	Giày	64	3-3	鞋	
10411029	Long Tình Hài	龙睛鞋	Giày	74	3-3	鞋	
10411030	Niết Bàn Thiên Ngoa	涅磐天靴	Giày	84	4-4	鞋	
10411031	Thiên Tôn Ma Hài	天尊魔鞋	Giày	1	1-1	鞋	
10411032	Cẩm Bạch Hài	锦帛鞋	Giày	4	3-3	鞋	
10411033	Tị Tà Hài	避邪鞋	Giày	14	4-4	鞋	
10411034	Nhuyễn Vị Ngoa	软猬靴	Giày	24	4-4	鞋	
10411035	Tán Tinh Ngoa	散晶靴	Giày	34	4-4	鞋	
10411036	Địa Hoàng Ngoa	地皇靴	Giày	44	4-4	鞋	
10411037	Vân La Chiến Ngoa	云罗战靴	Giày	54	4-4	鞋	
10411038	Kinh Vân Chiến Ngoa	惊云战靴	Giày	64	4-4	鞋	
10411039	Thiên Hiên Bảo Ngoa	天轩宝靴	Giày	74	4-4	鞋	
10411040	Kiền Chi Thiên Ngoa	干支天靴	Giày	84	4-4	鞋	
10411041	Ma Thánh Lược Ảnh	魔圣掠影	Giày	94	4-4	鞋	
10411042	Tinh Phưởng Hài	精纺鞋	Giày	4	1-1	鞋	
10411043	Linh Động Hài	灵动鞋	Giày	14	1-1	鞋	
10411044	Bình Ngân Hài	屏银鞋	Giày	24	2-2	鞋	
10411045	Thần Uy Hài	神威鞋	Giày	34	3-3	鞋	
10411046	Thiên Tôn Ma Hài	天尊魔鞋	Giày	94	4-4	鞋	
10411048	Cẩm Bạch Hài	锦帛鞋	Giày	4	3-3	鞋	
10411049	Tị Tà Hài	避邪鞋	Giày	14	4-4	鞋	
10411050	Cẩm Bạch Hài	锦帛鞋	Giày	4	3-3	鞋	
10411051	Tị Tà Hài	避邪鞋	Giày	14	4-4	鞋	
10411052	Nhuyễn Vị Ngoa	软猬靴	Giày	24	4-4	鞋	
10411053	Tán Tinh Ngoa	散晶靴	Giày	34	4-4	鞋	
10411054	Địa Hoàng Ngoa	地皇靴	Giày	44	4-4	鞋	
10411055	Vân La Chiến Ngoa	云罗战靴	Giày	54	4-4	鞋	
10411056	Kinh Vân Chiến Ngoa	惊云战靴	Giày	64	4-4	鞋	
10411057	Thiên Hiên Bảo Ngoa	天轩宝靴	Giày	74	4-4	鞋	
10411058	Kiền Chi Thiên Ngoa	干支天靴	Giày	84	4-4	鞋	
10411059	Ma Thánh Lược Ảnh	魔圣掠影	Giày	94	4-4	鞋	
10411060	Ngự Phong Ngoa	驭风靴	Giày	20	2-2	鞋	
10411061	Hạo Thiên Ngoa	昊天靴	Giày	20	1-1	鞋	
10411062	Thuấn Lôi Ngoa	瞬雷靴	Giày	20	2-2	鞋	
10411063	Trục Nhật Ngoa	逐日靴	Giày	20	2-2	鞋	
10411064	Dật Ảnh Ngoa	逸影靴	Giày	20	2-2	鞋	
10411065	Sùng Hoan Ngoa	崇欢靴	Giày	20	2-2	鞋	
10411066	Chu Ti Chi Ngoa	蛛丝之靴	Giày	7	2-2	鞋	
10411067	Túc Hạ	足下	Giày	8	1-1	鞋	
10411068	Kim Sa Than	金沙滩	Giày	13	2-2	鞋	
10411069	Thiên Chi Đạo	天之道	Giày	20	2-2	鞋	
10411070	Khôi Lỗi Ngoa	傀儡靴	Giày	23	2-2	鞋	
10411071	Bất Triêm Nê Đích Ngoa Tử	不沾泥的靴子	Giày	25	2-2	鞋	
10411072	Tần Gia Trại Tỏa Liên Ngoa	秦家寨锁链靴	Giày	35	2-2	鞋	
10411074	Nhất Sinh Đích Túc Tích	一生的足迹	Giày	43	2-2	鞋	
10411075	Đại Liêu Mã Ngoa	大辽马靴	Giày	51	1-1	鞋	
10411076	Đằng Giáp Trường Ngoa	藤甲长靴	Giày	50	1-1	鞋	
10411077	Chức Võng Chi Ngoa	织网之靴	Giày	53	1-1	鞋	
10411078	Hạnh Phúc Chi Lộ	幸福之路	Giày	62	2-2	鞋	
10411079	Mật Lâm Chi Ngoa	密林之靴	Giày	67	2-2	鞋	
10411082	Nam Hải Kiếm Phái Kiếm Đạo Ngoa	南海剑派剑道靴	Giày	80	1-1	鞋	
10411083	Cổ Đằng Hĩnh Giáp	古藤胫甲	Giày	87	2-2	鞋	
10411084	Vô Tích Chi Ngoa	无迹之靴	Giày	90	2-2	鞋	
10411085	Đạp Tuyết Vô Ngân	踏雪无痕	Giày	92	1-1	鞋	
10411087	Vô Ưu Lí	无忧履	Giày	98	2-2	鞋	
10412013	Thái Niểu Thủ Sáo	蔡袅手套	Bao tay	15	2-2	手套	
10412014	Tung Dương Tinh Cương Thủ Giáp	嵩阳精钢手甲	Bao tay	18	3-3	手套	
10412015	Tung Dương Bì Chất Hộ Thủ	嵩阳皮质护手	Bao tay	18	3-3	手套	
10412016	Tung Dương Nhu Ti Thủ Sáo	嵩阳柔丝手套	Bao tay	18	3-3	手套	
10412021	Tinh Phưởng Hộ Thủ Sáo	精纺护手套	Bao tay	6	1-1	手套	
10412022	Linh Động Hộ Thủ Sáo	灵动护手套	Bao tay	16	1-1	手套	
10412023	Bình Ngân Hộ Thủ Sáo	屏银护手套	Bao tay	26	2-2	手套	
10412024	Thần Uy Hộ Thủ Sáo	神威护手套	Bao tay	36	3-3	手套	
10412025	Thúy Vũ Hộ Thủ Sáo	翠羽护手套	Bao tay	46	3-3	手套	
10412026	Cửu Châu Hộ Thủ Sáo	九州护手套	Bao tay	56	3-3	手套	
10412027	Bất Diệt Hộ Thủ Sáo	不灭护手套	Bao tay	66	3-3	手套	
10412028	Long Tình Hộ Thủ Sáo	龙睛护手套	Bao tay	76	3-3	手套	
10412029	Niết Bàn Thiên Thủ Sáo	涅磐天手套	Bao tay	86	4-4	手套	
10412030	Thiên Tôn Ma Thủ Sáo	天尊魔手套	Bao tay	96	4-4	手套	
10412031	Tinh Phưởng Hộ Thủ Sáo	精纺护手套	Bao tay	6	1-1	手套	
10412032	Linh Động Hộ Thủ Sáo	灵动护手套	Bao tay	16	1-1	手套	
10412033	Bình Ngân Hộ Thủ Sáo	屏银护手套	Bao tay	26	2-2	手套	
10412034	Thần Uy Hộ Thủ Sáo	神威护手套	Bao tay	36	3-3	手套	
10412035	Thúy Vũ Hộ Thủ Sáo	翠羽护手套	Bao tay	46	3-3	手套	
10412036	Cửu Châu Hộ Thủ Sáo	九州护手套	Bao tay	56	3-3	手套	
10412037	Bất Diệt Hộ Thủ Sáo	不灭护手套	Bao tay	66	3-3	手套	
10412038	Long Tình Hộ Thủ Sáo	龙睛护手套	Bao tay	76	3-3	手套	
10412039	Niết Bàn Thiên Thủ Sáo	涅磐天手套	Bao tay	86	4-4	手套	
10412040	Thiên Tôn Ma Thủ Sáo	天尊魔手套	Bao tay	96	4-4	手套	
10412041	Tinh Phưởng Hộ Thủ Sáo	精纺护手套	Bao tay	6	1-1	手套	
10412042	Linh Động Hộ Thủ Sáo	灵动护手套	Bao tay	16	1-1	手套	
10412043	Bình Ngân Hộ Thủ Sáo	屏银护手套	Bao tay	26	2-2	手套	
10412044	Thần Uy Hộ Thủ Sáo	神威护手套	Bao tay	36	3-3	手套	
10412045	Thúy Vũ Hộ Thủ Sáo	翠羽护手套	Bao tay	46	3-3	手套	
10412046	Cửu Châu Hộ Thủ Sáo	九州护手套	Bao tay	56	3-3	手套	
10412048	Niết Bàn Thiên Thủ Sáo	涅磐天手套	Bao tay	86	4-4	手套	
10412049	Thiên Tôn Ma Thủ Sáo	天尊魔手套	Bao tay	96	4-4	手套	
10412050	Cẩm Bạch Thủ Sáo	锦帛手套	Bao tay	6	5-5	手套	
10412051	Tị Tà Trảo	避邪爪	Bao tay	16	5-5	手套	
10412052	Nhuyễn Vị Chưởng	软猬掌	Bao tay	26	5-5	手套	
10412053	Tán Tinh Thủ Sáo	散晶手套	Bao tay	36	5-5	手套	
10412054	Địa Hoàng Trảo	地皇爪	Bao tay	46	5-5	手套	
10412055	Vân La Chiến Thủ Sáo	云罗战手套	Bao tay	56	5-5	手套	
10412056	Kinh Vân Chiến Thủ	惊云战手	Bao tay	66	5-5	手套	
10412057	Thiên Hiên Bảo Trảo	天轩宝爪	Bao tay	76	5-5	手套	
10412058	Kiền Chi Thiên Chưởng	干支天掌	Bao tay	86	5-5	手套	
10412059	Ma Thánh Ảnh Triền	魔圣影缠	Bao tay	96	5-5	手套	
10412060	Vô Lượng Hộ Thủ	无量护手	Bao tay	9	1-1	手套	
10412061	Miên Sơn	绵山	Bao tay	8	1-1	手套	
10412062	Linh Châu Hộ Thủ	灵州护手	Bao tay	13	1-1	手套	
10412064	Thải Dược Nhân Đích Thủ Sáo	采药人的手套	Bao tay	25	1-1	手套	
10412065	Cung Đình Ngự Tứ Hộ Thủ	宫廷御赐护手	Bao tay	35	2-2	手套	
10412066	Lôi Hoán Tinh Chế Thủ Giáp	雷焕精制手甲	Bao tay	38	1-1	手套	
10412067	Nhất Sinh Đích Chưởng Ác	一生的掌握	Bao tay	43	1-1	手套	
10412068	Thiết Trảo Hộ Thủ	铁爪护手	Bao tay	45	2-2	手套	
10412069	Đằng Giáp Hộ Thủ	藤甲护手	Bao tay	50	2-2	手套	
10412070	Thạch Phượng Hoàng Chi Dực	石凤凰之翼	Bao tay	55	1-1	手套	
10412071	Tự Do Chi Ác	自由之握	Bao tay	62	2-2	手套	
10412075	Cổ Đằng Thủ Sáo Giáp	古藤手套甲	Bao tay	87	1-1	手套	
10412076	Nhân Tham Oạt Quật Giả	人参挖掘者	Bao tay	88	1-1	手套	
10412077	Thiên Niên Ngạc Ngư Bì Hộ Thủ	千年鳄鱼皮护手	Bao tay	92	2-2	手套	
10412079	Ôn Noãn Chi Phong	温暖之风	Bao tay	98	2-2	手套	
10413013	Thái Niểu Y	蔡袅衣	Áo	15	2-2	衣服	
10413014	Hổ Bào Thục Đồng Khải Giáp	虎跑熟铜铠甲	Áo	20	3-3	衣服	
10413015	Hổ Bào Hổ Bì Ngoại Sáo	虎跑虎皮外套	Áo	20	3-3	衣服	
10413016	Hổ Bào Cẩm Đoạn Ngoại Y	虎跑锦缎外衣	Áo	20	3-3	衣服	
10413021	Linh Động Y	灵动衣	Áo	18	0-0	衣服	
10413022	Bình Ngân Y	屏银衣	Áo	28	0-0	衣服	
10413023	Thần Uy Y	神威衣	Áo	38	0-0	衣服	
10413024	Thúy Vũ Y	翠羽衣	Áo	48	0-0	衣服	
10413025	Cửu Châu Y	九州衣	Áo	58	0-0	衣服	
10413026	Bất Diệt Y	不灭衣	Áo	68	0-0	衣服	
10413027	Long Tình Y	龙睛衣	Áo	78	0-0	衣服	
10413028	Niết Bàn Thiên Y	涅磐天衣	Áo	88	0-0	衣服	
10413029	Tinh Phưởng Y	精纺衣	Áo	8	0-0	衣服	
10413030	Linh Động Y	灵动衣	Áo	18	0-0	衣服	
10413031	Bình Ngân Y	屏银衣	Áo	28	0-0	衣服	
10413032	Thần Uy Y	神威衣	Áo	38	0-0	衣服	
10413033	Thúy Vũ Y	翠羽衣	Áo	48	0-0	衣服	
10413034	Cửu Châu Y	九州衣	Áo	58	0-0	衣服	
10413035	Bất Diệt Y	不灭衣	Áo	68	0-0	衣服	
10413036	Long Tình Y	龙睛衣	Áo	78	0-0	衣服	
10413037	Long Tình Y	龙睛衣	Áo	78	0-0	衣服	
10413038	Long Tình Y	龙睛衣	Áo	78	0-0	衣服	
10413039	Linh Động Y	灵动衣	Áo	78	0-0	衣服	
10413040	Bình Ngân Y	屏银衣	Áo	28	0-0	衣服	
10413041	Thần Uy Y	神威衣	Áo	38	0-0	衣服	
10413042	Thúy Vũ Y	翠羽衣	Áo	48	0-0	衣服	
10413043	Cửu Châu Y	九州衣	Áo	58	0-0	衣服	
10413044	Bất Diệt Y	不灭衣	Áo	68	0-0	衣服	
10413045	Long Tình Y	龙睛衣	Áo	78	0-0	衣服	
10413046	Thiên Tôn Ma Y	天尊魔衣	Áo	98	0-0	衣服	
10413048	Vị Sử Dụng	未使用	Áo	1	0-0	衣服	
10413049	Vị Sử Dụng	未使用	Áo	1	0-0	衣服	
10413050	Cẩm Bạch Y	锦帛衣	Áo	8	6-6	衣服	
10413051	Tị Tà Y	避邪衣	Áo	18	6-6	衣服	
10413052	Kim Ti Nhuyễn Giáp	金丝软甲	Áo	28	6-6	衣服	
10413053	Tán Tinh Y	散晶衣	Áo	38	6-6	衣服	
10413054	Địa Hoàng Trụ	地皇胄	Áo	48	6-6	衣服	
10413055	Vân La Chiến Y	云罗战衣	Áo	58	6-6	衣服	
10413056	Kinh Vân Chiến Giáp	惊云战甲	Áo	68	6-6	衣服	
10413057	Thiên Hiên Bảo Y	天轩宝衣	Áo	78	6-6	衣服	
10413058	Kiền Chi Thiên Giáp	干支天甲	Áo	88	6-6	衣服	
10413059	Ma Thánh Hợp Thể	魔圣合体	Áo	98	6-6	衣服	
10413060	Vô Lượng Pháp Y	无量法衣	Áo	9	1-1	衣服	
10413061	Vũ Hầu Bào	武侯袍	Áo	9	2-2	衣服	
10413062	Kim Lũ Y	金缕衣	Áo	18	2-2	衣服	
10413063	Thủ Hộ Giả Đích Pháp Y	守护者的法衣	Áo	18	2-2	衣服	
10413064	Khôi Lỗi Y	傀儡衣	Áo	23	1-1	衣服	
10413066	Tần Gia Trại Tỏa Liên Giáp	秦家寨锁链甲	Áo	35	2-2	衣服	
10413067	Lôi Hoán Tinh Chế Chiến Giáp	雷焕精制战甲	Áo	38	2-2	衣服	
10413068	Nhất Sinh Đích Thủ Hộ	一生的守护	Áo	43	3-3	衣服	
10413069	Liễu Hiệp Miên Trúc Khải	柳叶绵竹铠	Áo	48	2-2	衣服	
10413070	Tham Tinh Chiến Giáp	参星战甲	Áo	53	2-2	衣服	
10413071	Chức Võng Chiến Giáp	织网战甲	Áo	55	2-2	衣服	
10413072	Vong Giả Đích Giáp Trụ	亡者的甲胄	Áo	65	2-2	衣服	
10413073	Cách Lí Cao Lợi Đích Trường Bào	格里高利的长袍	Áo	70	2-2	衣服	
10413074	Khôi Lỗi Ngoại Xác	傀儡外壳	Áo	72	2-2	衣服	
10413075	Lí Thông Đích Tẩm Huyết Triêu Y	李通的浸血朝衣	Áo	80	3-3	衣服	
10413076	Nam Hải Kiếm Phái Kiếm Đạo Phục	南海剑派剑道服	Áo	80	2-2	衣服	
10413077	Cổ Đại Y Giả Chi Y	古代医者之衣	Áo	80	2-2	衣服	
10413078	Cổ Đằng Hung Giáp	古藤胸甲	Áo	87	1-1	衣服	
10413079	Ẩn Tế Chi Y	隐蔽之衣	Áo	90	1-1	衣服	
10413080	Thanh Thanh Tử Câm	青青子衿	Áo	92	2-2	衣服	
10413082	Cổn Long Bào	衮龙袍	Áo	98	2-2	衣服	
10414032	Hộ Oản	护腕	Hộ uyển	53	0-0	护腕	
10414033	Hộ Oản	护腕	Hộ uyển	55	0-0	护腕	
10414034	Hộ Oản	护腕	Hộ uyển	65	0-0	护腕	
10414035	Hộ Oản	护腕	Hộ uyển	70	0-0	护腕	
10414036	Hộ Oản	护腕	Hộ uyển	72	0-0	护腕	
10414037	Hộ Oản	护腕	Hộ uyển	80	0-0	护腕	
10414038	Hộ Oản	护腕	Hộ uyển	80	0-0	护腕	
10414039	Hộ Oản	护腕	Hộ uyển	80	0-0	护腕	
10414040	Hộ Oản	护腕	Hộ uyển	87	0-0	护腕	
10414041	Hộ Oản	护腕	Hộ uyển	90	0-0	护腕	
10414042	Hộ Oản	护腕	Hộ uyển	92	0-0	护腕	
10414043	Hộ Oản	护腕	Hộ uyển	98	0-0	护腕	
10414044	Hộ Oản	护腕	Hộ uyển	98	0-0	护腕	
10414542	Lục Bác Hộ Oản	六博护腕	Hộ uyển	50	3-3	护腕	
10414543	Lục Bác Hộ Oản	六博护腕	Hộ uyển	50	3-3	护腕	
10414544	Lục Bác Hộ Oản	六博护腕	Hộ uyển	50	3-3	护腕	
10414551	Lục Bác Hộ Oản	六博护腕	Hộ uyển	50	3-3	护腕	
10414552	Lục Bác Hộ Oản	六博护腕	Hộ uyển	50	3-3	护腕	
10414553	Lục Bác Hộ Oản	六博护腕	Hộ uyển	50	3-3	护腕	
10414554	Lục Bác Hộ Oản	六博护腕	Hộ uyển	50	3-3	护腕	
10414561	Lục Bác Hộ Oản	六博护腕	Hộ uyển	50	3-3	护腕	
10414562	Lục Bác Hộ Oản	六博护腕	Hộ uyển	50	3-3	护腕	
10414563	Lục Bác Hộ Oản	六博护腕	Hộ uyển	50	3-3	护腕	
10414564	Lục Bác Hộ Oản	六博护腕	Hộ uyển	50	3-3	护腕	
10414641	Lục Bác Hộ Oản	六博护腕	Hộ uyển	60	3-3	护腕	
10414642	Lục Bác Hộ Oản	六博护腕	Hộ uyển	60	3-3	护腕	
10414643	Lục Bác Hộ Oản	六博护腕	Hộ uyển	60	3-3	护腕	
10414644	Lục Bác Hộ Oản	六博护腕	Hộ uyển	60	3-3	护腕	
10414651	Lục Bác Hộ Oản	六博护腕	Hộ uyển	60	3-3	护腕	
10414652	Lục Bác Hộ Oản	六博护腕	Hộ uyển	60	3-3	护腕	
10414653	Lục Bác Hộ Oản	六博护腕	Hộ uyển	60	3-3	护腕	
10414654	Lục Bác Hộ Oản	六博护腕	Hộ uyển	60	3-3	护腕	
10414661	Lục Bác Hộ Oản	六博护腕	Hộ uyển	60	3-3	护腕	
10414662	Lục Bác Hộ Oản	六博护腕	Hộ uyển	60	3-3	护腕	
10414663	Lục Bác Hộ Oản	六博护腕	Hộ uyển	60	3-3	护腕	
10414664	Lục Bác Hộ Oản	六博护腕	Hộ uyển	60	3-3	护腕	
10414741	Lục Bác Hộ Oản	六博护腕	Hộ uyển	70	5-5	护腕	
10414742	Lục Bác Hộ Oản	六博护腕	Hộ uyển	70	5-5	护腕	
10414743	Lục Bác Hộ Oản	六博护腕	Hộ uyển	70	5-5	护腕	
10414744	Lục Bác Hộ Oản	六博护腕	Hộ uyển	70	5-5	护腕	
10414751	Lục Bác Hộ Oản	六博护腕	Hộ uyển	70	5-5	护腕	
10414752	Lục Bác Hộ Oản	六博护腕	Hộ uyển	70	5-5	护腕	
10414753	Lục Bác Hộ Oản	六博护腕	Hộ uyển	70	5-5	护腕	
10414754	Lục Bác Hộ Oản	六博护腕	Hộ uyển	70	5-5	护腕	
10414761	Lục Bác Hộ Oản	六博护腕	Hộ uyển	70	5-5	护腕	
10414762	Lục Bác Hộ Oản	六博护腕	Hộ uyển	70	5-5	护腕	
10414763	Lục Bác Hộ Oản	六博护腕	Hộ uyển	70	5-5	护腕	
10414764	Lục Bác Hộ Oản	六博护腕	Hộ uyển	70	5-5	护腕	
10414841	Lục Bác Hộ Oản	六博护腕	Hộ uyển	80	6-6	护腕	
10414842	Lục Bác Hộ Oản	六博护腕	Hộ uyển	80	6-6	护腕	
10414843	Lục Bác Hộ Oản	六博护腕	Hộ uyển	80	6-6	护腕	
10414844	Lục Bác Hộ Oản	六博护腕	Hộ uyển	80	6-6	护腕	
10414851	Lục Bác Hộ Oản	六博护腕	Hộ uyển	80	6-6	护腕	
10414852	Lục Bác Hộ Oản	六博护腕	Hộ uyển	80	6-6	护腕	
10414853	Lục Bác Hộ Oản	六博护腕	Hộ uyển	80	6-6	护腕	
10414854	Lục Bác Hộ Oản	六博护腕	Hộ uyển	80	6-6	护腕	
10414861	Lục Bác Hộ Oản	六博护腕	Hộ uyển	80	6-6	护腕	
10414862	Lục Bác Hộ Oản	六博护腕	Hộ uyển	80	6-6	护腕	
10414863	Lục Bác Hộ Oản	六博护腕	Hộ uyển	80	6-6	护腕	
10414941	Lục Bác Hộ Oản	六博护腕	Hộ uyển	90	6-6	护腕	
10414942	Lục Bác Hộ Oản	六博护腕	Hộ uyển	90	6-6	护腕	
10414943	Lục Bác Hộ Oản	六博护腕	Hộ uyển	90	6-6	护腕	
10414944	Lục Bác Hộ Oản	六博护腕	Hộ uyển	90	6-6	护腕	
10414951	Lục Bác Hộ Oản	六博护腕	Hộ uyển	90	6-6	护腕	
10414952	Lục Bác Hộ Oản	六博护腕	Hộ uyển	90	6-6	护腕	
10414953	Lục Bác Hộ Oản	六博护腕	Hộ uyển	90	6-6	护腕	
10414954	Lục Bác Hộ Oản	六博护腕	Hộ uyển	90	6-6	护腕	
10414961	Lục Bác Hộ Oản	六博护腕	Hộ uyển	90	6-6	护腕	
10414962	Lục Bác Hộ Oản	六博护腕	Hộ uyển	90	6-6	护腕	
10414963	Lục Bác Hộ Oản	六博护腕	Hộ uyển	90	6-6	护腕	
10414964	Lục Bác Hộ Oản	六博护腕	Hộ uyển	90	6-6	护腕	
10415024	Vị Sử Dụng	未使用	Hộ kiên	18	0-0	护肩	
10415025	Vị Sử Dụng	未使用	Hộ kiên	18	0-0	护肩	
10415026	Vị Sử Dụng	未使用	Hộ kiên	23	0-0	护肩	
10415027	Vị Sử Dụng	未使用	Hộ kiên	25	0-0	护肩	
10415028	Vị Sử Dụng	未使用	Hộ kiên	35	0-0	护肩	
10415029	Vị Sử Dụng	未使用	Hộ kiên	38	0-0	护肩	
10415030	Vị Sử Dụng	未使用	Hộ kiên	43	0-0	护肩	
10415031	Vị Sử Dụng	未使用	Hộ kiên	48	0-0	护肩	
10415032	Vị Sử Dụng	未使用	Hộ kiên	53	0-0	护肩	
10415033	Vị Sử Dụng	未使用	Hộ kiên	55	0-0	护肩	
10415034	Vị Sử Dụng	未使用	Hộ kiên	65	0-0	护肩	
10415035	Vị Sử Dụng	未使用	Hộ kiên	70	0-0	护肩	
10415036	Vị Sử Dụng	未使用	Hộ kiên	72	0-0	护肩	
10415037	Vị Sử Dụng	未使用	Hộ kiên	80	0-0	护肩	
10415038	Vị Sử Dụng	未使用	Hộ kiên	80	0-0	护肩	
10415039	Vị Sử Dụng	未使用	Hộ kiên	80	0-0	护肩	
10415040	Vị Sử Dụng	未使用	Hộ kiên	87	0-0	护肩	
10415041	Vị Sử Dụng	未使用	Hộ kiên	90	0-0	护肩	
10415042	Vị Sử Dụng	未使用	Hộ kiên	92	0-0	护肩	
10415043	Vị Sử Dụng	未使用	Hộ kiên	98	0-0	护肩	
10415044	Vị Sử Dụng	未使用	Hộ kiên	98	0-0	护肩	
10415542	Lục Bác Hộ Kiên	六博护肩	Hộ kiên	50	3-3	护肩	
10415543	Lục Bác Hộ Kiên	六博护肩	Hộ kiên	50	3-3	护肩	
10415544	Lục Bác Hộ Kiên	六博护肩	Hộ kiên	50	3-3	护肩	
10415551	Lục Bác Hộ Kiên	六博护肩	Hộ kiên	50	3-3	护肩	
10415552	Lục Bác Hộ Kiên	六博护肩	Hộ kiên	50	3-3	护肩	
10415553	Lục Bác Hộ Kiên	六博护肩	Hộ kiên	50	3-3	护肩	
10415554	Lục Bác Hộ Kiên	六博护肩	Hộ kiên	50	3-3	护肩	
10415561	Lục Bác Hộ Kiên	六博护肩	Hộ kiên	50	3-3	护肩	
10415562	Lục Bác Hộ Kiên	六博护肩	Hộ kiên	50	3-3	护肩	
10415563	Lục Bác Hộ Kiên	六博护肩	Hộ kiên	50	3-3	护肩	
10415564	Lục Bác Hộ Kiên	六博护肩	Hộ kiên	50	3-3	护肩	
10415641	Lục Bác Hộ Kiên	六博护肩	Hộ kiên	60	3-3	护肩	
10415642	Lục Bác Hộ Kiên	六博护肩	Hộ kiên	60	3-3	护肩	
10415643	Lục Bác Hộ Kiên	六博护肩	Hộ kiên	60	3-3	护肩	
10415644	Lục Bác Hộ Kiên	六博护肩	Hộ kiên	60	3-3	护肩	
10415651	Lục Bác Hộ Kiên	六博护肩	Hộ kiên	60	3-3	护肩	
10415652	Lục Bác Hộ Kiên	六博护肩	Hộ kiên	60	3-3	护肩	
10415653	Lục Bác Hộ Kiên	六博护肩	Hộ kiên	60	3-3	护肩	
10415654	Lục Bác Hộ Kiên	六博护肩	Hộ kiên	60	3-3	护肩	
10415661	Lục Bác Hộ Kiên	六博护肩	Hộ kiên	60	3-3	护肩	
10415662	Lục Bác Hộ Kiên	六博护肩	Hộ kiên	60	3-3	护肩	
10415663	Lục Bác Hộ Kiên	六博护肩	Hộ kiên	60	3-3	护肩	
10415664	Lục Bác Hộ Kiên	六博护肩	Hộ kiên	60	3-3	护肩	
10415741	Lục Bác Hộ Kiên	六博护肩	Hộ kiên	70	5-5	护肩	
10415742	Lục Bác Hộ Kiên	六博护肩	Hộ kiên	70	5-5	护肩	
10415743	Lục Bác Hộ Kiên	六博护肩	Hộ kiên	70	5-5	护肩	
10415744	Lục Bác Hộ Kiên	六博护肩	Hộ kiên	70	5-5	护肩	
10415751	Lục Bác Hộ Kiên	六博护肩	Hộ kiên	70	5-5	护肩	
10415752	Lục Bác Hộ Kiên	六博护肩	Hộ kiên	70	5-5	护肩	
10415753	Lục Bác Hộ Kiên	六博护肩	Hộ kiên	70	5-5	护肩	
10415754	Lục Bác Hộ Kiên	六博护肩	Hộ kiên	70	5-5	护肩	
10415761	Lục Bác Hộ Kiên	六博护肩	Hộ kiên	70	5-5	护肩	
10415762	Lục Bác Hộ Kiên	六博护肩	Hộ kiên	70	5-5	护肩	
10415763	Lục Bác Hộ Kiên	六博护肩	Hộ kiên	70	5-5	护肩	
10415764	Lục Bác Hộ Kiên	六博护肩	Hộ kiên	70	5-5	护肩	
10415841	Lục Bác Hộ Kiên	六博护肩	Hộ kiên	80	6-6	护肩	
10415842	Lục Bác Hộ Kiên	六博护肩	Hộ kiên	80	6-6	护肩	
10415843	Lục Bác Hộ Kiên	六博护肩	Hộ kiên	80	6-6	护肩	
10415844	Lục Bác Hộ Kiên	六博护肩	Hộ kiên	80	6-6	护肩	
10415851	Lục Bác Hộ Kiên	六博护肩	Hộ kiên	80	6-6	护肩	
10415852	Lục Bác Hộ Kiên	六博护肩	Hộ kiên	80	6-6	护肩	
10415853	Lục Bác Hộ Kiên	六博护肩	Hộ kiên	80	6-6	护肩	
10415854	Lục Bác Hộ Kiên	六博护肩	Hộ kiên	80	6-6	护肩	
10415861	Lục Bác Hộ Kiên	六博护肩	Hộ kiên	80	6-6	护肩	
10415862	Lục Bác Hộ Kiên	六博护肩	Hộ kiên	80	6-6	护肩	
10415863	Lục Bác Hộ Kiên	六博护肩	Hộ kiên	80	6-6	护肩	
10415941	Lục Bác Hộ Kiên	六博护肩	Hộ kiên	90	6-6	护肩	
10415942	Lục Bác Hộ Kiên	六博护肩	Hộ kiên	90	6-6	护肩	
10415943	Lục Bác Hộ Kiên	六博护肩	Hộ kiên	90	6-6	护肩	
10415944	Lục Bác Hộ Kiên	六博护肩	Hộ kiên	90	6-6	护肩	
10415951	Lục Bác Hộ Kiên	六博护肩	Hộ kiên	90	6-6	护肩	
10415952	Lục Bác Hộ Kiên	六博护肩	Hộ kiên	90	6-6	护肩	
10415953	Lục Bác Hộ Kiên	六博护肩	Hộ kiên	90	6-6	护肩	
10415954	Lục Bác Hộ Kiên	六博护肩	Hộ kiên	90	6-6	护肩	
10415961	Lục Bác Hộ Kiên	六博护肩	Hộ kiên	90	6-6	护肩	
10415962	Lục Bác Hộ Kiên	六博护肩	Hộ kiên	90	6-6	护肩	
10415963	Lục Bác Hộ Kiên	六博护肩	Hộ kiên	90	6-6	护肩	
10415964	Lục Bác Hộ Kiên	六博护肩	Hộ kiên	90	6-6	护肩	
10420001	Ảm Đạm Đích Hạng Liên	黯淡的项链	Hạng liên	15	3-3	项链	
10420002	Phá Cựu Đích Hạng Liên	破旧的项链	Hạng liên	15	3-3	项链	
10420003	Cổ Lão Đích Hạng Liên	古老的项链	Hạng liên	15	3-3	项链	
10420007	Long Tiên Tích	龙涎滴	Hạng liên	68	4-4	项链	
10420008	Vũ Lâm Linh	雨霖铃	Hạng liên	78	3-3	项链	
10420009	Phong Hồn	封魂	Hạng liên	88	4-4	项链	
10420010	Điệp Vũ	蝶舞	Hạng liên	98	4-4	项链	
10420011	Ngọa Hoa Trụy	卧花坠	Hạng liên	8	1-1	项链	
10420012	Tam Tiên Phù	三仙符	Hạng liên	18	2-2	项链	
10420013	Hoa Tự Lạc	花自落	Hạng liên	28	2-2	项链	
10420014	Sưu Tà Trụy	搜邪坠	Hạng liên	38	2-2	项链	
10420015	Tị Trần	避尘	Hạng liên	48	3-3	项链	
10420016	Quỷ Khiếu	鬼啸	Hạng liên	58	3-3	项链	
10420017	Vô Mộng Bảo Liên	无梦宝链	Hạng liên	68	4-4	项链	
10420018	Vân Trạch Trụy	云泽坠	Hạng liên	78	3-3	项链	
10420019	Ma Nhãn	魔眼	Hạng liên	88	4-4	项链	
10420020	Hồi Nguyên Lưu Kim	回元流金	Hạng liên	98	4-4	项链	
10420021	Hộ Kiên	护肩	Hộ kiên	98	0-0	护肩	
10420022	Bách Hoa Liên	百花链	Hạng liên	8	1-1	项链	
10420023	Tùng Thạch Kết	松石结	Hạng liên	18	2-2	项链	
10420024	Mã Não Hộ Phù	玛瑙护符	Hạng liên	28	2-2	项链	
10420025	Lam Nha Thúc	蓝牙束	Hạng liên	38	2-2	项链	
10420026	Noãn Tinh Hạng Liên	暖晶项链	Hạng liên	48	3-3	项链	
10420027	Kim Ti Thúc	金丝束	Hạng liên	58	3-3	项链	
10420028	Long Tiên Tích	龙涎滴	Hạng liên	68	4-4	项链	
10420029	Vũ Lâm Linh	雨霖铃	Hạng liên	78	3-3	项链	
10420030	Phong Hồn	封魂	Hạng liên	88	4-4	项链	
10420031	Điệp Vũ	蝶舞	Hạng liên	98	4-4	项链	
10420032	Ngọa Hoa Trụy	卧花坠	Hạng liên	8	1-1	项链	
10420033	Tam Tiên Phù	三仙符	Hạng liên	18	2-2	项链	
10420034	Hoa Tự Lạc	花自落	Hạng liên	28	2-2	项链	
10420035	Sưu Tà Trụy	搜邪坠	Hạng liên	38	2-2	项链	
10420036	Tị Trần	避尘	Hạng liên	48	3-3	项链	
10420037	Quỷ Khiếu	鬼啸	Hạng liên	58	3-3	项链	
10420038	Vô Mộng Bảo Liên	无梦宝链	Hạng liên	68	4-4	项链	
10420039	Vân Trạch Trụy	云泽坠	Hạng liên	78	3-3	项链	
10420040	Ma Nhãn	魔眼	Hạng liên	88	4-4	项链	
10420041	Hồi Nguyên Lưu Kim	回元流金	Hạng liên	98	4-4	项链	
10420042	Bách Hoa Liên	百花链	Hạng liên	8	1-1	项链	
10420043	Tùng Thạch Kết	松石结	Hạng liên	18	2-2	项链	
10420044	Mã Não Hộ Phù	玛瑙护符	Hạng liên	28	2-2	项链	
10420045	Lam Nha Thúc	蓝牙束	Hạng liên	38	2-2	项链	
10420046	Noãn Tinh Hạng Liên	暖晶项链	Hạng liên	48	3-3	项链	
10420047	Kim Ti Thúc	金丝束	Hạng liên	58	3-3	项链	
10420048	Long Tiên Tích	龙涎滴	Hạng liên	68	4-4	项链	
10420049	Vũ Lâm Linh	雨霖铃	Hạng liên	78	3-3	项链	
10420050	Phong Hồn	封魂	Hạng liên	88	4-4	项链	
10420051	Điệp Vũ	蝶舞	Hạng liên	98	4-4	项链	
10420052	Ngọa Hoa Trụy	卧花坠	Hạng liên	8	1-1	项链	
10420053	Tam Tiên Phù	三仙符	Hạng liên	18	2-2	项链	
10420054	Hoa Tự Lạc	花自落	Hạng liên	28	2-2	项链	
10420055	Sưu Tà Trụy	搜邪坠	Hạng liên	38	2-2	项链	
10420056	Tị Trần	避尘	Hạng liên	48	3-3	项链	
10420057	Quỷ Khiếu	鬼啸	Hạng liên	58	3-3	项链	
10420058	Vô Mộng Bảo Liên	无梦宝链	Hạng liên	68	4-4	项链	
10420059	Vân Trạch Trụy	云泽坠	Hạng liên	78	3-3	项链	
10420060	Tế Tảo Giả Hộ Liên	祭扫者护链	Hạng liên	9	1-1	项链	
10420061	Linh Châu Hạng Liên	灵州项链	Hạng liên	13	2-2	项链	
10420062	Thủ Dương Quyết	首阳蕨	Hạng liên	15	2-2	项链	
10420063	Phong Vĩ Hạng Liên	蜂尾项链	Hạng liên	23	2-2	项链	
10420064	Tật Tốc Hạng Liên	疾速项链	Hạng liên	30	2-2	项链	
10420065	Ủng Đái Chi Liên	拥戴之链	Hạng liên	35	3-3	项链	
10420066	Quy Vân Vô Song Liên	归云无双链	Hạng liên	38	2-2	项链	
10420067	Thương Sơn Lang Nha Hạng Liên	苍山狼牙项链	Hạng liên	43	2-2	项链	
10420069	Đằng Giáp Hộ Thân Liên	藤甲护身链	Hạng liên	50	2-2	项链	
10420071	Vong Giả Đích Hạng Liên	亡者的项链	Hạng liên	65	2-2	项链	
10420072	Điện Thần Quải Kiện	电神挂件	Hạng liên	70	2-2	项链	
10420073	Mã Phỉ Chi Liên	马匪之链	Hạng liên	80	2-2	项链	
10420075	Tàn Khuyết Đích Phượng Hoàng Chủy	残缺的凤凰嘴	Hạng liên	84	2-2	项链	
10420076	Nữ Chân Thủ Lĩnh Huy Kí	女真首领徽记	Hạng liên	90	2-2	项链	
10420077	Du Du Ngã Tâm	悠悠我心	Hạng liên	92	2-2	项链	
10420078	Hắc Miêu Hạng Liên	黑苗项链	Hạng liên	96	1-1	项链	
10420079	Bất Miên Chi Tâm	不眠之心	Hạng liên	98	1-1	项链	
10421013	Thái Niểu Yêu Sức	蔡袅腰饰	Đai	15	2-2	腰带	
10421022	Cát Tường Yêu Đái	吉祥腰带	Đai	12	1-1	腰带	
10421023	Thương Mãng Yêu Đái	苍蟒腰带	Đai	22	2-2	腰带	
10421024	Vân Dao Cô Hoàn	云瑶箍环	Đai	32	2-2	腰带	
10421025	Kinh Lôi Hoàn Đái	惊雷环带	Đai	42	2-2	腰带	
10421026	Thán Vân Cô Hoàn	叹云箍环	Đai	52	3-3	腰带	
10421027	Thải Ki Đái	彩矶带	Đai	62	3-3	腰带	
10421028	Bát Quái Yêu Hoàn	八卦腰环	Đai	72	3-3	腰带	
10421029	Chiết Thiên	折天	Đai	82	4-4	腰带	
10421030	Phách Châu	霸州	Đai	92	4-4	腰带	
10421031	Thúy Vũ Khấu	翠羽扣	Đai	2	1-1	腰带	
10421032	Ngưng Tâm Ngọc Đái	凝心玉带	Đai	12	1-1	腰带	
10421033	Huyền Hành Yêu Đái	玄衡腰带	Đai	22	2-2	腰带	
10421034	Phượng Loan Song Vũ	凤鸾双舞	Đai	32	2-2	腰带	
10421035	Hệ Băng Yêu Khấu	系冰腰扣	Đai	42	2-2	腰带	
10421036	Nhiễm Vận	冉韵	Đai	52	3-3	腰带	
10421037	Hà Thải Ngọc Đái	霞彩玉带	Đai	62	3-3	腰带	
10421038	Kì Lân Thiên Khấu	麒麟天扣	Đai	72	3-3	腰带	
10421039	Vô Ưu	无忧	Đai	82	4-4	腰带	
10421040	Phật Tâm	佛心	Đai	92	4-4	腰带	
10421041	Anh Hoa Yêu Đái	樱花腰带	Đai	2	1-1	腰带	
10421042	Cát Tường Yêu Đái	吉祥腰带	Đai	12	1-1	腰带	
10421043	Thương Mãng Yêu Đái	苍蟒腰带	Đai	22	2-2	腰带	
10421044	Vân Dao Cô Hoàn	云瑶箍环	Đai	32	2-2	腰带	
10421045	Kinh Lôi Hoàn Đái	惊雷环带	Đai	42	2-2	腰带	
10421046	Thán Vân Cô Hoàn	叹云箍环	Đai	52	3-3	腰带	
10421047	Thải Ki Đái	彩矶带	Đai	62	3-3	腰带	
10421048	Bát Quái Yêu Hoàn	八卦腰环	Đai	72	3-3	腰带	
10421049	Chiết Thiên	折天	Đai	82	4-4	腰带	
10421050	Phách Châu	霸州	Đai	92	4-4	腰带	
10421051	Thúy Vũ Khấu	翠羽扣	Đai	2	1-1	腰带	
10421052	Ngưng Tâm Ngọc Đái	凝心玉带	Đai	12	1-1	腰带	
10421053	Huyền Hành Yêu Đái	玄衡腰带	Đai	22	2-2	腰带	
10421054	Phượng Loan Song Vũ	凤鸾双舞	Đai	32	2-2	腰带	
10421055	Hệ Băng Yêu Khấu	系冰腰扣	Đai	42	2-2	腰带	
10421056	Nhiễm Vận	冉韵	Đai	52	3-3	腰带	
10421057	Hà Thải Ngọc Đái	霞彩玉带	Đai	62	3-3	腰带	
10421058	Kì Lân Thiên Khấu	麒麟天扣	Đai	72	3-3	腰带	
10421059	Vô Ưu	无忧	Đai	82	4-4	腰带	
10421060	Chu Võng Yêu Đái	蛛网腰带	Đai	7	2-2	腰带	
10421061	Hàn Thực	寒食	Đai	8	1-1	腰带	
10421062	Kim Lũ Yêu Đái	金缕腰带	Đai	18	1-1	腰带	
10421063	Thủ Hộ Giả Đích Yêu Đái	守护者的腰带	Đai	18	1-1	腰带	
10421064	Quy Vân Yêu Đái	归云腰带	Đai	25	1-1	腰带	
10421065	Cung Đình Ngự Tứ Yêu Đái	宫廷御赐腰带	Đai	35	2-2	腰带	
10421067	Phiêu Tuyết Yêu Đái	飘雪腰带	Đai	43	1-1	腰带	
10421069	Tử Vi Đích Thúc Đái	紫薇的束带	Đai	50	1-1	腰带	
10421070	Nhu Tình Ti	柔情丝	Đai	62	2-2	腰带	
10421071	La Bặc Ti Yêu Đái	萝卜丝腰带	Đai	72	2-2	腰带	
10421072	Tiếu Duẫn Đích Nhiễm Huyết Thúc Đái	肖允的染血束带	Đai	80	2-2	腰带	
10421073	Cổ Đại Y Giả Thúc Đái	古代医者束带	Đai	80	2-2	腰带	
10421074	Nguyên Suất Đích Ngọc Đái	元帅的玉带	Đai	87	1-1	腰带	
10421075	Nhân Tham Khiên Hệ Giả	人参牵系者	Đai	88	2-2	腰带	
10421076	Tu La Phong Cuồng Chi Hồn	修罗疯狂之魂	Đai	98	2-2	腰带	
10421077	Bích Ngọc Đái	碧玉带	Đai	98	2-2	腰带	
10421542	Lục Bác Yêu Đái	六博腰带	Đai	50	3-3	腰带	
10421543	Lục Bác Yêu Đái	六博腰带	Đai	50	3-3	腰带	
10421544	Lục Bác Yêu Đái	六博腰带	Đai	50	3-3	腰带	
10421551	Lục Bác Yêu Đái	六博腰带	Đai	50	3-3	腰带	
10421552	Lục Bác Yêu Đái	六博腰带	Đai	50	3-3	腰带	
10421553	Lục Bác Yêu Đái	六博腰带	Đai	50	3-3	腰带	
10421554	Lục Bác Yêu Đái	六博腰带	Đai	50	3-3	腰带	
10421561	Lục Bác Yêu Đái	六博腰带	Đai	50	3-3	腰带	
10421562	Lục Bác Yêu Đái	六博腰带	Đai	50	3-3	腰带	
10421563	Lục Bác Yêu Đái	六博腰带	Đai	50	3-3	腰带	
10421564	Lục Bác Yêu Đái	六博腰带	Đai	50	3-3	腰带	
10421641	Lục Bác Yêu Đái	六博腰带	Đai	60	3-3	腰带	
10421642	Lục Bác Yêu Đái	六博腰带	Đai	60	3-3	腰带	
10421643	Lục Bác Yêu Đái	六博腰带	Đai	60	3-3	腰带	
10421644	Lục Bác Yêu Đái	六博腰带	Đai	60	3-3	腰带	
10421651	Lục Bác Yêu Đái	六博腰带	Đai	60	3-3	腰带	
10421652	Lục Bác Yêu Đái	六博腰带	Đai	60	3-3	腰带	
10421653	Lục Bác Yêu Đái	六博腰带	Đai	60	3-3	腰带	
10421654	Lục Bác Yêu Đái	六博腰带	Đai	60	3-3	腰带	
10421661	Lục Bác Yêu Đái	六博腰带	Đai	60	3-3	腰带	
10421662	Lục Bác Yêu Đái	六博腰带	Đai	60	3-3	腰带	
10421663	Lục Bác Yêu Đái	六博腰带	Đai	60	3-3	腰带	
10421664	Lục Bác Yêu Đái	六博腰带	Đai	60	3-3	腰带	
10421741	Lục Bác Yêu Đái	六博腰带	Đai	70	4-4	腰带	
10421742	Lục Bác Yêu Đái	六博腰带	Đai	70	4-4	腰带	
10421743	Lục Bác Yêu Đái	六博腰带	Đai	70	4-4	腰带	
10421744	Lục Bác Yêu Đái	六博腰带	Đai	70	4-4	腰带	
10421751	Lục Bác Yêu Đái	六博腰带	Đai	70	4-4	腰带	
10421752	Lục Bác Yêu Đái	六博腰带	Đai	70	4-4	腰带	
10421753	Lục Bác Yêu Đái	六博腰带	Đai	70	4-4	腰带	
10421754	Lục Bác Yêu Đái	六博腰带	Đai	70	4-4	腰带	
10421761	Lục Bác Yêu Đái	六博腰带	Đai	70	4-4	腰带	
10421762	Lục Bác Yêu Đái	六博腰带	Đai	70	4-4	腰带	
10421763	Lục Bác Yêu Đái	六博腰带	Đai	70	4-4	腰带	
10421764	Lục Bác Yêu Đái	六博腰带	Đai	70	4-4	腰带	
10421841	Lục Bác Yêu Đái	六博腰带	Đai	80	5-5	腰带	
10421842	Lục Bác Yêu Đái	六博腰带	Đai	80	5-5	腰带	
10421843	Lục Bác Yêu Đái	六博腰带	Đai	80	5-5	腰带	
10421844	Lục Bác Yêu Đái	六博腰带	Đai	80	5-5	腰带	
10421851	Lục Bác Yêu Đái	六博腰带	Đai	80	5-5	腰带	
10421852	Lục Bác Yêu Đái	六博腰带	Đai	80	5-5	腰带	
10421853	Lục Bác Yêu Đái	六博腰带	Đai	80	5-5	腰带	
10421854	Lục Bác Yêu Đái	六博腰带	Đai	80	5-5	腰带	
10421861	Lục Bác Yêu Đái	六博腰带	Đai	80	5-5	腰带	
10421862	Lục Bác Yêu Đái	六博腰带	Đai	80	5-5	腰带	
10421863	Lục Bác Yêu Đái	六博腰带	Đai	80	5-5	腰带	
10421941	Lục Bác Yêu Đái	六博腰带	Đai	90	5-5	腰带	
10421942	Lục Bác Yêu Đái	六博腰带	Đai	90	5-5	腰带	
10421943	Lục Bác Yêu Đái	六博腰带	Đai	90	5-5	腰带	
10421944	Lục Bác Yêu Đái	六博腰带	Đai	90	5-5	腰带	
10421951	Lục Bác Yêu Đái	六博腰带	Đai	90	5-5	腰带	
10421952	Lục Bác Yêu Đái	六博腰带	Đai	90	5-5	腰带	
10421953	Lục Bác Yêu Đái	六博腰带	Đai	90	5-5	腰带	
10421954	Lục Bác Yêu Đái	六博腰带	Đai	90	5-5	腰带	
10421961	Lục Bác Yêu Đái	六博腰带	Đai	90	5-5	腰带	
10421962	Lục Bác Yêu Đái	六博腰带	Đai	90	5-5	腰带	
10421963	Lục Bác Yêu Đái	六博腰带	Đai	90	5-5	腰带	
10421964	Lục Bác Yêu Đái	六博腰带	Đai	90	5-5	腰带	
10422012	Thiên Long Tân Thủ Chỉ Hoàn	天龙新手指环	Nhẫn	1	2-2	戒指	
10422019	Băng Ngọc Phong Nguyệt	冰玉风月	Nhẫn	85	4-4	戒指	
10422020	Sát Tâm	煞心	Nhẫn	95	4-4	戒指	
10422021	Dao Sắt	瑶瑟	Nhẫn	15	2-2	戒指	
10422022	Bích Vân Thâm	碧云深	Nhẫn	25	2-2	戒指	
10422023	Dao Trì Nguyệt	瑶池月	Nhẫn	35	2-2	戒指	
10422024	Thúy Hoa Dẫn	翠华引	Nhẫn	45	3-3	戒指	
10422025	Ngọc Lung Giản Tuyết	玉珑涧雪	Nhẫn	55	3-3	戒指	
10422026	Thất Bảo Thiền Quyên	七宝婵娟	Nhẫn	65	4-4	戒指	
10422027	Ngọc Nhị Kim Hoàn	玉珥金环	Nhẫn	75	3-3	戒指	
10422028	Băng Ngọc Phong Nguyệt	冰玉风月	Nhẫn	85	4-4	戒指	
10422029	Sát Tâm	煞心	Nhẫn	95	4-4	戒指	
10422030	Dao Sắt	瑶瑟	Nhẫn	15	2-2	戒指	
10422031	Bích Vân Thâm	碧云深	Nhẫn	25	2-2	戒指	
10422032	Dao Trì Nguyệt	瑶池月	Nhẫn	35	2-2	戒指	
10422033	Thúy Hoa Dẫn	翠华引	Nhẫn	45	3-3	戒指	
10422034	Ngọc Lung Giản Tuyết	玉珑涧雪	Nhẫn	55	3-3	戒指	
10422035	Thất Bảo Thiền Quyên	七宝婵娟	Nhẫn	65	4-4	戒指	
10422036	Ngọc Nhị Kim Hoàn	玉珥金环	Nhẫn	75	3-3	戒指	
10422037	Băng Ngọc Phong Nguyệt	冰玉风月	Nhẫn	85	4-4	戒指	
10422038	Sát Tâm	煞心	Nhẫn	95	4-4	戒指	
10422039	Dao Sắt	瑶瑟	Nhẫn	15	2-2	戒指	
10422040	Bích Vân Thâm	碧云深	Nhẫn	25	2-2	戒指	
10422041	Dao Trì Nguyệt	瑶池月	Nhẫn	35	2-2	戒指	
10422042	Thúy Hoa Dẫn	翠华引	Nhẫn	45	3-3	戒指	
10422043	Ngọc Lung Giản Tuyết	玉珑涧雪	Nhẫn	55	3-3	戒指	
10422044	Thất Bảo Thiền Quyên	七宝婵娟	Nhẫn	65	4-4	戒指	
10422045	Ngọc Nhị Kim Hoàn	玉珥金环	Nhẫn	75	3-3	戒指	
10422046	Băng Ngọc Phong Nguyệt	冰玉风月	Nhẫn	85	4-4	戒指	
10422047	Sát Tâm	煞心	Nhẫn	95	4-4	戒指	
10422048	Dao Sắt	瑶瑟	Nhẫn	15	2-2	戒指	
10422049	Bích Vân Thâm	碧云深	Nhẫn	25	2-2	戒指	
10422050	Dao Trì Nguyệt	瑶池月	Nhẫn	35	2-2	戒指	
10422051	Thúy Hoa Dẫn	翠华引	Nhẫn	45	3-3	戒指	
10422052	Ngọc Lung Giản Tuyết	玉珑涧雪	Nhẫn	55	3-3	戒指	
10422053	Thất Bảo Thiền Quyên	七宝婵娟	Nhẫn	65	4-4	戒指	
10422054	Ngọc Nhị Kim Hoàn	玉珥金环	Nhẫn	75	3-3	戒指	
10422055	Băng Ngọc Phong Nguyệt	冰玉风月	Nhẫn	85	4-4	戒指	
10422056	Sát Tâm	煞心	Nhẫn	95	4-4	戒指	
10422057	Dao Sắt	瑶瑟	Nhẫn	15	2-2	戒指	
10422058	Bích Vân Thâm	碧云深	Nhẫn	25	2-2	戒指	
10422059	Dao Trì Nguyệt	瑶池月	Nhẫn	35	2-2	戒指	
10422060	Thúy Hoa Dẫn	翠华引	Nhẫn	45	3-3	戒指	
10422061	Ngọc Lung Giản Tuyết	玉珑涧雪	Nhẫn	55	3-3	戒指	
10422062	Thất Bảo Thiền Quyên	七宝婵娟	Nhẫn	65	4-4	戒指	
10422063	Ngọc Nhị Kim Hoàn	玉珥金环	Nhẫn	75	3-3	戒指	
10422064	Băng Ngọc Phong Nguyệt	冰玉风月	Nhẫn	85	4-4	戒指	
10422065	Sát Tâm	煞心	Nhẫn	95	4-4	戒指	
10422066	Dao Sắt	瑶瑟	Nhẫn	15	2-2	戒指	
10422067	Bích Vân Thâm	碧云深	Nhẫn	25	2-2	戒指	
10422068	Dao Trì Nguyệt	瑶池月	Nhẫn	35	2-2	戒指	
10422069	Thúy Hoa Dẫn	翠华引	Nhẫn	45	3-3	戒指	
10422070	Ngọc Lung Giản Tuyết	玉珑涧雪	Nhẫn	55	3-3	戒指	
10422071	Thất Bảo Thiền Quyên	七宝婵娟	Nhẫn	65	4-4	戒指	
10422072	Ngọc Nhị Kim Hoàn	玉珥金环	Nhẫn	75	3-3	戒指	
10422073	Băng Ngọc Phong Nguyệt	冰玉风月	Nhẫn	85	4-4	戒指	
10422074	Sát Tâm	煞心	Nhẫn	95	4-4	戒指	
10422075	Dao Sắt	瑶瑟	Nhẫn	15	2-2	戒指	
10422076	Bích Vân Thâm	碧云深	Nhẫn	25	2-2	戒指	
10422077	Dao Trì Nguyệt	瑶池月	Nhẫn	35	2-2	戒指	
10422078	Thúy Hoa Dẫn	翠华引	Nhẫn	45	3-3	戒指	
10422079	Ngọc Lung Giản Tuyết	玉珑涧雪	Nhẫn	55	3-3	戒指	
10422080	Thất Bảo Thiền Quyên	七宝婵娟	Nhẫn	65	4-4	戒指	
10422081	Ngọc Nhị Kim Hoàn	玉珥金环	Nhẫn	75	3-3	戒指	
10422082	Băng Ngọc Phong Nguyệt	冰玉风月	Nhẫn	85	4-4	戒指	
10422083	Sát Tâm	煞心	Nhẫn	95	4-4	戒指	
10422084	Băng Ngọc Phong Nguyệt	冰玉风月	Nhẫn	85	4-4	戒指	
10422085	Sát Tâm	煞心	Nhẫn	95	4-4	戒指	
10422086	Dao Sắt	瑶瑟	Nhẫn	15	2-2	戒指	
10422087	Bích Vân Thâm	碧云深	Nhẫn	25	2-2	戒指	
10422088	Dao Trì Nguyệt	瑶池月	Nhẫn	35	2-2	戒指	
10422089	Thúy Hoa Dẫn	翠华引	Nhẫn	45	3-3	戒指	
10422090	Ngọc Lung Giản Tuyết	玉珑涧雪	Nhẫn	55	3-3	戒指	
10422091	Thất Bảo Thiền Quyên	七宝婵娟	Nhẫn	65	4-4	戒指	
10422092	Ngọc Nhị Kim Hoàn	玉珥金环	Nhẫn	75	3-3	戒指	
10422093	Băng Ngọc Phong Nguyệt	冰玉风月	Nhẫn	85	4-4	戒指	
10422094	Sát Tâm	煞心	Nhẫn	95	4-4	戒指	
10422095	Dao Sắt	瑶瑟	Nhẫn	15	2-2	戒指	
10422099	Kết Hôn Giới Chỉ	结婚戒指	Nhẫn	10	11-11	戒指	
10422100	Vô Lượng Ngọc Giới	无量玉戒	Nhẫn	9	1-1	戒指	
10422101	Nguyệt Anh Chi Giới	月英之戒	Nhẫn	9	1-1	戒指	
10422102	Tương Quân Đích Di Vật	将军的遗物	Nhẫn	10	1-1	戒指	
10422103	Toánh Xuyên Thủy	颍川水	Nhẫn	15	1-1	戒指	
10422104	Phong Thứ Giới Chỉ	蜂刺戒指	Nhẫn	23	2-2	戒指	
10422105	Lữ Hành Giả Chi Giới	旅行者之戒	Nhẫn	30	1-1	戒指	
10422106	Ái Hộ Chi Giới	爱护之戒	Nhẫn	35	2-2	戒指	
10422107	Quy Vân Vô Song Giới	归云无双戒	Nhẫn	38	1-1	戒指	
10422108	Thương Sơn Lang Cốt Giới Chỉ	苍山狼骨戒指	Nhẫn	43	1-1	戒指	
10422109	Thiết Trảo Giới Chỉ	铁爪戒指	Nhẫn	45	2-2	戒指	
10422110	Tử Vi Đích Giới Chỉ	紫薇的戒指	Nhẫn	50	1-1	戒指	
10422112	Tinh Quân Nhãn	星君眼	Nhẫn	62	1-1	戒指	
10422113	Ni Bá Long Căn Giới Chỉ	尼伯龙根戒指	Nhẫn	70	2-2	戒指	
10422114	Khôi Lỗi Toái Phiến	傀儡碎片	Nhẫn	72	1-1	戒指	
10422115	Mã Phỉ Bình An Giới	马匪平安戒	Nhẫn	78	1-1	戒指	
10422116	Nguyên Suất Đích Kim Giới	元帅的金戒	Nhẫn	87	1-1	戒指	
10422117	Nữ Chân Thủ Lĩnh Chỉ Hoàn	女真首领指环	Nhẫn	90	2-2	戒指	
10422118	Thiên Niên Ngạc Ngư Nha Giới Chỉ	千年鳄鱼牙戒指	Nhẫn	92	2-2	戒指	
10422119	Tu La Phong Cuồng Chi Lực	修罗疯狂之力	Nhẫn	98	2-2	戒指	
10422120	Ninh Tĩnh Chi Tuyết	宁静之雪	Nhẫn	98	2-2	戒指	
10423020	Thiên Long Tân Thủ Hộ Phù	天龙新手护符	Hộ phù	1	2-2	护符	
10423027	Hộ Phù	护符	Hộ phù	10	0-0	护符	
10423028	Hộ Phù	护符	Hộ phù	15	0-0	护符	
10423029	Hộ Phù	护符	Hộ phù	23	0-0	护符	
10423030	Hộ Phù	护符	Hộ phù	30	0-0	护符	
10423031	Hộ Phù	护符	Hộ phù	35	0-0	护符	
10423032	Hộ Phù	护符	Hộ phù	38	0-0	护符	
10423033	Hộ Phù	护符	Hộ phù	43	0-0	护符	
10423034	Hộ Phù	护符	Hộ phù	45	0-0	护符	
10423035	Hộ Phù	护符	Hộ phù	50	0-0	护符	
10423036	Hộ Phù	护符	Hộ phù	60	0-0	护符	
10423037	Hộ Phù	护符	Hộ phù	62	0-0	护符	
10423038	Hộ Phù	护符	Hộ phù	70	0-0	护符	
10423039	Hộ Phù	护符	Hộ phù	72	0-0	护符	
10423040	Hộ Phù	护符	Hộ phù	78	0-0	护符	
10423041	Hộ Phù	护符	Hộ phù	87	0-0	护符	
10423042	Hộ Phù	护符	Hộ phù	90	0-0	护符	
10423043	Hộ Phù	护符	Hộ phù	92	0-0	护符	
10423044	Hộ Phù	护符	Hộ phù	98	0-0	护符	
10423045	Hộ Phù	护符	Hộ phù	98	0-0	护符	
10430301	Thương Bổng	枪棒	Vũ khí	81	4-4	枪棒类	
10430302	Đao Phủ	刀斧	Vũ khí	82	4-4	刀斧类	
10430303	Đơn Đoản	单短	Vũ khí	83	4-4	单短类	
10430304	Hoàn	环	Vũ khí	84	4-4	环类	
10430305	Phiến	扇	Vũ khí	85	4-4	扇类	
10430306	Song Đoản	双短	Vũ khí	86	4-4	双短类	
10430307	Vị Sử Dụng	未使用	Vũ khí	87	4-4	刀斧类	
10430308	Vị Sử Dụng	未使用	Vũ khí	88	4-4	刀斧类	
10430309	Vị Sử Dụng	未使用	Vũ khí	89	4-4	刀斧类	
10430310	Vị Sử Dụng	未使用	Vũ khí	90	4-4	刀斧类	
10430311	Vị Sử Dụng	未使用	Vũ khí	81	4-4	刀斧类	
10430312	Vị Sử Dụng	未使用	Vũ khí	82	4-4	刀斧类	
10430313	Vị Sử Dụng	未使用	Vũ khí	83	4-4	刀斧类	
10430314	Vị Sử Dụng	未使用	Vũ khí	84	4-4	刀斧类	
10430315	Vị Sử Dụng	未使用	Vũ khí	85	4-4	刀斧类	
10430316	Vị Sử Dụng	未使用	Vũ khí	86	4-4	刀斧类	
10430317	Vị Sử Dụng	未使用	Vũ khí	87	4-4	刀斧类	
10430318	Vị Sử Dụng	未使用	Vũ khí	88	4-4	刀斧类	
10430319	Vị Sử Dụng	未使用	Vũ khí	89	4-4	刀斧类	
10430320	Vị Sử Dụng	未使用	Vũ khí	90	4-4	刀斧类	
10430321	Vị Sử Dụng	未使用	Vũ khí	81	4-4	刀斧类	
10430322	Vị Sử Dụng	未使用	Vũ khí	82	4-4	刀斧类	
10430323	Vị Sử Dụng	未使用	Vũ khí	83	4-4	刀斧类	
10430324	Vị Sử Dụng	未使用	Vũ khí	84	4-4	刀斧类	
10430325	Vị Sử Dụng	未使用	Vũ khí	85	4-4	刀斧类	
10430326	Vị Sử Dụng	未使用	Vũ khí	86	4-4	刀斧类	
10430327	Vị Sử Dụng	未使用	Vũ khí	87	4-4	刀斧类	
10430328	Vị Sử Dụng	未使用	Vũ khí	88	4-4	刀斧类	
10430329	Vị Sử Dụng	未使用	Vũ khí	89	4-4	刀斧类	
10430330	Vị Sử Dụng	未使用	Vũ khí	90	4-4	刀斧类	
10430331	Vị Sử Dụng	未使用	Vũ khí	81	4-4	刀斧类	
10430332	Vị Sử Dụng	未使用	Vũ khí	82	4-4	刀斧类	
10430333	Vị Sử Dụng	未使用	Vũ khí	83	4-4	刀斧类	
10430334	Vị Sử Dụng	未使用	Vũ khí	84	4-4	刀斧类	
10430335	Vị Sử Dụng	未使用	Vũ khí	85	4-4	刀斧类	
10430336	Vị Sử Dụng	未使用	Vũ khí	86	4-4	刀斧类	
10430337	Vị Sử Dụng	未使用	Vũ khí	87	4-4	刀斧类	
10430338	Vị Sử Dụng	未使用	Vũ khí	88	4-4	刀斧类	
10430339	Vị Sử Dụng	未使用	Vũ khí	89	4-4	刀斧类	
10430340	Vị Sử Dụng	未使用	Vũ khí	90	4-4	刀斧类	
10430341	Vị Sử Dụng	未使用	Vũ khí	81	4-4	刀斧类	
10430342	Vị Sử Dụng	未使用	Vũ khí	82	4-4	刀斧类	
10430343	Vị Sử Dụng	未使用	Vũ khí	83	4-4	刀斧类	
10430344	Vị Sử Dụng	未使用	Vũ khí	84	4-4	刀斧类	
10430345	Vị Sử Dụng	未使用	Vũ khí	85	4-4	刀斧类	
10430346	Vị Sử Dụng	未使用	Vũ khí	86	4-4	刀斧类	
10430347	Vị Sử Dụng	未使用	Vũ khí	87	4-4	刀斧类	
10430348	Vị Sử Dụng	未使用	Vũ khí	88	4-4	刀斧类	
10430349	Vị Sử Dụng	未使用	Vũ khí	89	4-4	刀斧类	
10430350	Vị Sử Dụng	未使用	Vũ khí	90	4-4	刀斧类	
10430351	Vị Sử Dụng	未使用	Vũ khí	91	4-4	刀斧类	
10430352	Vị Sử Dụng	未使用	Vũ khí	92	4-4	刀斧类	
10430353	Vị Sử Dụng	未使用	Vũ khí	93	4-4	刀斧类	
10430354	Vị Sử Dụng	未使用	Vũ khí	94	4-4	刀斧类	
10430355	Vị Sử Dụng	未使用	Vũ khí	95	4-4	刀斧类	
10430356	Vị Sử Dụng	未使用	Vũ khí	96	4-4	刀斧类	
10430357	Vị Sử Dụng	未使用	Vũ khí	97	4-4	刀斧类	
10430358	Vị Sử Dụng	未使用	Vũ khí	98	4-4	刀斧类	
10430359	Vị Sử Dụng	未使用	Vũ khí	99	4-4	刀斧类	
10430360	Vị Sử Dụng	未使用	Vũ khí	100	4-4	刀斧类	
10430361	Vị Sử Dụng	未使用	Vũ khí	91	4-4	刀斧类	
10430362	Vị Sử Dụng	未使用	Vũ khí	92	4-4	刀斧类	
10430363	Vị Sử Dụng	未使用	Vũ khí	93	4-4	刀斧类	
10430364	Vị Sử Dụng	未使用	Vũ khí	94	4-4	刀斧类	
10430365	Vị Sử Dụng	未使用	Vũ khí	95	4-4	刀斧类	
10430366	Vị Sử Dụng	未使用	Vũ khí	96	4-4	刀斧类	
10430367	Vị Sử Dụng	未使用	Vũ khí	97	4-4	刀斧类	
10430368	Vị Sử Dụng	未使用	Vũ khí	98	4-4	刀斧类	
10430369	Vị Sử Dụng	未使用	Vũ khí	99	4-4	刀斧类	
10430370	Vị Sử Dụng	未使用	Vũ khí	100	4-4	刀斧类	
10430371	Vị Sử Dụng	未使用	Vũ khí	91	4-4	刀斧类	
10430372	Vị Sử Dụng	未使用	Vũ khí	92	4-4	刀斧类	
10430373	Vị Sử Dụng	未使用	Vũ khí	93	4-4	刀斧类	
10430374	Vị Sử Dụng	未使用	Vũ khí	94	4-4	刀斧类	
10430375	Vị Sử Dụng	未使用	Vũ khí	95	4-4	刀斧类	
10430376	Vị Sử Dụng	未使用	Vũ khí	96	4-4	刀斧类	
10430377	Vị Sử Dụng	未使用	Vũ khí	97	4-4	刀斧类	
10430378	Vị Sử Dụng	未使用	Vũ khí	98	4-4	刀斧类	
10430379	Vị Sử Dụng	未使用	Vũ khí	99	4-4	刀斧类	
10430380	Vị Sử Dụng	未使用	Vũ khí	100	4-4	刀斧类	
10430381	Vị Sử Dụng	未使用	Vũ khí	91	4-4	刀斧类	
10430382	Vị Sử Dụng	未使用	Vũ khí	92	4-4	刀斧类	
10430383	Vị Sử Dụng	未使用	Vũ khí	93	4-4	刀斧类	
10430384	Vị Sử Dụng	未使用	Vũ khí	94	4-4	刀斧类	
10430385	Vị Sử Dụng	未使用	Vũ khí	95	4-4	刀斧类	
10430386	Vị Sử Dụng	未使用	Vũ khí	96	4-4	刀斧类	
10430387	Vị Sử Dụng	未使用	Vũ khí	97	4-4	刀斧类	
10430388	Vị Sử Dụng	未使用	Vũ khí	98	4-4	刀斧类	
10430389	Vị Sử Dụng	未使用	Vũ khí	99	4-4	刀斧类	
10430390	Vị Sử Dụng	未使用	Vũ khí	100	4-4	刀斧类	
10430391	Vị Sử Dụng	未使用	Vũ khí	91	4-4	刀斧类	
10430392	Vị Sử Dụng	未使用	Vũ khí	92	4-4	刀斧类	
10430393	Vị Sử Dụng	未使用	Vũ khí	93	4-4	刀斧类	
10430394	Vị Sử Dụng	未使用	Vũ khí	94	4-4	刀斧类	
10430395	Vị Sử Dụng	未使用	Vũ khí	95	4-4	刀斧类	
10430396	Vị Sử Dụng	未使用	Vũ khí	96	4-4	刀斧类	
10430397	Vị Sử Dụng	未使用	Vũ khí	97	4-4	刀斧类	
10430398	Vị Sử Dụng	未使用	Vũ khí	98	4-4	刀斧类	
10430399	Vị Sử Dụng	未使用	Vũ khí	99	4-4	刀斧类	
10430400	Vị Sử Dụng	未使用	Vũ khí	100	4-4	刀斧类	
10431301	Vị Sử Dụng	未使用	Vũ khí	81	4-4	枪棒类	
10431302	Vị Sử Dụng	未使用	Vũ khí	82	4-4	枪棒类	
10431303	Vị Sử Dụng	未使用	Vũ khí	83	4-4	枪棒类	
10431304	Vị Sử Dụng	未使用	Vũ khí	84	4-4	枪棒类	
10431305	Vị Sử Dụng	未使用	Vũ khí	85	4-4	枪棒类	
10431306	Vị Sử Dụng	未使用	Vũ khí	86	4-4	枪棒类	
10431307	Vị Sử Dụng	未使用	Vũ khí	87	4-4	枪棒类	
10431308	Vị Sử Dụng	未使用	Vũ khí	88	4-4	枪棒类	
10431309	Vị Sử Dụng	未使用	Vũ khí	89	4-4	枪棒类	
10431310	Vị Sử Dụng	未使用	Vũ khí	90	4-4	枪棒类	
10431311	Vị Sử Dụng	未使用	Vũ khí	81	4-4	枪棒类	
10431312	Vị Sử Dụng	未使用	Vũ khí	82	4-4	枪棒类	
10431313	Vị Sử Dụng	未使用	Vũ khí	83	4-4	枪棒类	
10431314	Vị Sử Dụng	未使用	Vũ khí	84	4-4	枪棒类	
10431315	Vị Sử Dụng	未使用	Vũ khí	85	4-4	枪棒类	
10431316	Vị Sử Dụng	未使用	Vũ khí	86	4-4	枪棒类	
10431317	Vị Sử Dụng	未使用	Vũ khí	87	4-4	枪棒类	
10431318	Vị Sử Dụng	未使用	Vũ khí	88	4-4	枪棒类	
10431319	Vị Sử Dụng	未使用	Vũ khí	89	4-4	枪棒类	
10431320	Vị Sử Dụng	未使用	Vũ khí	90	4-4	枪棒类	
10431321	Vị Sử Dụng	未使用	Vũ khí	81	4-4	枪棒类	
10431322	Vị Sử Dụng	未使用	Vũ khí	82	4-4	枪棒类	
10431323	Vị Sử Dụng	未使用	Vũ khí	83	4-4	枪棒类	
10431324	Vị Sử Dụng	未使用	Vũ khí	84	4-4	枪棒类	
10431325	Vị Sử Dụng	未使用	Vũ khí	85	4-4	枪棒类	
10431326	Vị Sử Dụng	未使用	Vũ khí	86	4-4	枪棒类	
10431327	Vị Sử Dụng	未使用	Vũ khí	87	4-4	枪棒类	
10431328	Vị Sử Dụng	未使用	Vũ khí	88	4-4	枪棒类	
10431329	Vị Sử Dụng	未使用	Vũ khí	89	4-4	枪棒类	
10431330	Vị Sử Dụng	未使用	Vũ khí	90	4-4	枪棒类	
10431331	Vị Sử Dụng	未使用	Vũ khí	81	4-4	枪棒类	
10431332	Vị Sử Dụng	未使用	Vũ khí	82	4-4	枪棒类	
10431333	Vị Sử Dụng	未使用	Vũ khí	83	4-4	枪棒类	
10431334	Vị Sử Dụng	未使用	Vũ khí	84	4-4	枪棒类	
10431335	Vị Sử Dụng	未使用	Vũ khí	85	4-4	枪棒类	
10431336	Vị Sử Dụng	未使用	Vũ khí	86	4-4	枪棒类	
10431337	Vị Sử Dụng	未使用	Vũ khí	87	4-4	枪棒类	
10431338	Vị Sử Dụng	未使用	Vũ khí	88	4-4	枪棒类	
10431339	Vị Sử Dụng	未使用	Vũ khí	89	4-4	枪棒类	
10431340	Vị Sử Dụng	未使用	Vũ khí	90	4-4	枪棒类	
10431341	Vị Sử Dụng	未使用	Vũ khí	81	4-4	枪棒类	
10431342	Vị Sử Dụng	未使用	Vũ khí	82	4-4	枪棒类	
10431343	Vị Sử Dụng	未使用	Vũ khí	83	4-4	枪棒类	
10431344	Vị Sử Dụng	未使用	Vũ khí	84	4-4	枪棒类	
10431345	Vị Sử Dụng	未使用	Vũ khí	85	4-4	枪棒类	
10431346	Vị Sử Dụng	未使用	Vũ khí	86	4-4	枪棒类	
10431347	Vị Sử Dụng	未使用	Vũ khí	87	4-4	枪棒类	
10431348	Vị Sử Dụng	未使用	Vũ khí	88	4-4	枪棒类	
10431349	Vị Sử Dụng	未使用	Vũ khí	89	4-4	枪棒类	
10431350	Vị Sử Dụng	未使用	Vũ khí	90	4-4	枪棒类	
10431351	Vị Sử Dụng	未使用	Vũ khí	91	4-4	枪棒类	
10431352	Vị Sử Dụng	未使用	Vũ khí	92	4-4	枪棒类	
10431353	Vị Sử Dụng	未使用	Vũ khí	93	4-4	枪棒类	
10431354	Vị Sử Dụng	未使用	Vũ khí	94	4-4	枪棒类	
10431355	Vị Sử Dụng	未使用	Vũ khí	95	4-4	枪棒类	
10431356	Vị Sử Dụng	未使用	Vũ khí	96	4-4	枪棒类	
10431357	Vị Sử Dụng	未使用	Vũ khí	97	4-4	枪棒类	
10431358	Vị Sử Dụng	未使用	Vũ khí	98	4-4	枪棒类	
10431359	Vị Sử Dụng	未使用	Vũ khí	99	4-4	枪棒类	
10431360	Vị Sử Dụng	未使用	Vũ khí	100	4-4	枪棒类	
10431361	Vị Sử Dụng	未使用	Vũ khí	91	4-4	枪棒类	
10431362	Vị Sử Dụng	未使用	Vũ khí	92	4-4	枪棒类	
10431363	Vị Sử Dụng	未使用	Vũ khí	93	4-4	枪棒类	
10431364	Vị Sử Dụng	未使用	Vũ khí	94	4-4	枪棒类	
10431365	Vị Sử Dụng	未使用	Vũ khí	95	4-4	枪棒类	
10431366	Vị Sử Dụng	未使用	Vũ khí	96	4-4	枪棒类	
10431367	Vị Sử Dụng	未使用	Vũ khí	97	4-4	枪棒类	
10431368	Vị Sử Dụng	未使用	Vũ khí	98	4-4	枪棒类	
10431369	Vị Sử Dụng	未使用	Vũ khí	99	4-4	枪棒类	
10431370	Vị Sử Dụng	未使用	Vũ khí	100	4-4	枪棒类	
10431371	Vị Sử Dụng	未使用	Vũ khí	91	4-4	枪棒类	
10431372	Vị Sử Dụng	未使用	Vũ khí	92	4-4	枪棒类	
10431373	Vị Sử Dụng	未使用	Vũ khí	93	4-4	枪棒类	
10431374	Vị Sử Dụng	未使用	Vũ khí	94	4-4	枪棒类	
10431375	Vị Sử Dụng	未使用	Vũ khí	95	4-4	枪棒类	
10431376	Vị Sử Dụng	未使用	Vũ khí	96	4-4	枪棒类	
10431377	Vị Sử Dụng	未使用	Vũ khí	97	4-4	枪棒类	
10431378	Vị Sử Dụng	未使用	Vũ khí	98	4-4	枪棒类	
10431379	Vị Sử Dụng	未使用	Vũ khí	99	4-4	枪棒类	
10431380	Vị Sử Dụng	未使用	Vũ khí	100	4-4	枪棒类	
10431381	Vị Sử Dụng	未使用	Vũ khí	91	4-4	枪棒类	
10431382	Vị Sử Dụng	未使用	Vũ khí	92	4-4	枪棒类	
10431383	Vị Sử Dụng	未使用	Vũ khí	93	4-4	枪棒类	
10431384	Vị Sử Dụng	未使用	Vũ khí	94	4-4	枪棒类	
10431385	Vị Sử Dụng	未使用	Vũ khí	95	4-4	枪棒类	
10431386	Vị Sử Dụng	未使用	Vũ khí	96	4-4	枪棒类	
10431387	Vị Sử Dụng	未使用	Vũ khí	97	4-4	枪棒类	
10431388	Vị Sử Dụng	未使用	Vũ khí	98	4-4	枪棒类	
10431389	Vị Sử Dụng	未使用	Vũ khí	99	4-4	枪棒类	
10431390	Vị Sử Dụng	未使用	Vũ khí	100	4-4	枪棒类	
10431391	Vị Sử Dụng	未使用	Vũ khí	91	4-4	枪棒类	
10431392	Vị Sử Dụng	未使用	Vũ khí	92	4-4	枪棒类	
10431393	Vị Sử Dụng	未使用	Vũ khí	93	4-4	枪棒类	
10431394	Vị Sử Dụng	未使用	Vũ khí	94	4-4	枪棒类	
10431395	Vị Sử Dụng	未使用	Vũ khí	95	4-4	枪棒类	
10431396	Vị Sử Dụng	未使用	Vũ khí	96	4-4	枪棒类	
10431397	Vị Sử Dụng	未使用	Vũ khí	97	4-4	枪棒类	
10431398	Vị Sử Dụng	未使用	Vũ khí	98	4-4	枪棒类	
10431399	Vị Sử Dụng	未使用	Vũ khí	99	4-4	枪棒类	
10431400	Vị Sử Dụng	未使用	Vũ khí	100	4-4	枪棒类	
10432301	Vị Sử Dụng	未使用	Vũ khí	81	4-4	单短类	
10432302	Vị Sử Dụng	未使用	Vũ khí	82	4-4	单短类	
10432303	Vị Sử Dụng	未使用	Vũ khí	83	4-4	单短类	
10432304	Vị Sử Dụng	未使用	Vũ khí	84	4-4	单短类	
10432305	Vị Sử Dụng	未使用	Vũ khí	85	4-4	单短类	
10432306	Vị Sử Dụng	未使用	Vũ khí	86	4-4	单短类	
10432307	Vị Sử Dụng	未使用	Vũ khí	87	4-4	单短类	
10432308	Vị Sử Dụng	未使用	Vũ khí	88	4-4	单短类	
10432309	Vị Sử Dụng	未使用	Vũ khí	89	4-4	单短类	
10432310	Vị Sử Dụng	未使用	Vũ khí	90	4-4	单短类	
10432311	Vị Sử Dụng	未使用	Vũ khí	81	4-4	单短类	
10432312	Vị Sử Dụng	未使用	Vũ khí	82	4-4	单短类	
10432313	Vị Sử Dụng	未使用	Vũ khí	83	4-4	单短类	
10432314	Vị Sử Dụng	未使用	Vũ khí	84	4-4	单短类	
10432315	Vị Sử Dụng	未使用	Vũ khí	85	4-4	单短类	
10432316	Vị Sử Dụng	未使用	Vũ khí	86	4-4	单短类	
10432317	Vị Sử Dụng	未使用	Vũ khí	87	4-4	单短类	
10432318	Vị Sử Dụng	未使用	Vũ khí	88	4-4	单短类	
10432319	Vị Sử Dụng	未使用	Vũ khí	89	4-4	单短类	
10432320	Vị Sử Dụng	未使用	Vũ khí	90	4-4	单短类	
10432321	Vị Sử Dụng	未使用	Vũ khí	81	4-4	单短类	
10432322	Vị Sử Dụng	未使用	Vũ khí	82	4-4	单短类	
10432323	Vị Sử Dụng	未使用	Vũ khí	83	4-4	单短类	
10432324	Vị Sử Dụng	未使用	Vũ khí	84	4-4	单短类	
10432325	Vị Sử Dụng	未使用	Vũ khí	85	4-4	单短类	
10432326	Vị Sử Dụng	未使用	Vũ khí	86	4-4	单短类	
10432327	Vị Sử Dụng	未使用	Vũ khí	87	4-4	单短类	
10432328	Vị Sử Dụng	未使用	Vũ khí	88	4-4	单短类	
10432329	Vị Sử Dụng	未使用	Vũ khí	89	4-4	单短类	
10432330	Vị Sử Dụng	未使用	Vũ khí	90	4-4	单短类	
10432331	Vị Sử Dụng	未使用	Vũ khí	81	4-4	单短类	
10432332	Vị Sử Dụng	未使用	Vũ khí	82	4-4	单短类	
10432333	Vị Sử Dụng	未使用	Vũ khí	83	4-4	单短类	
10432334	Vị Sử Dụng	未使用	Vũ khí	84	4-4	单短类	
10432335	Vị Sử Dụng	未使用	Vũ khí	85	4-4	单短类	
10432336	Vị Sử Dụng	未使用	Vũ khí	86	4-4	单短类	
10432337	Vị Sử Dụng	未使用	Vũ khí	87	4-4	单短类	
10432338	Vị Sử Dụng	未使用	Vũ khí	88	4-4	单短类	
10432339	Vị Sử Dụng	未使用	Vũ khí	89	4-4	单短类	
10432340	Vị Sử Dụng	未使用	Vũ khí	90	4-4	单短类	
10432341	Vị Sử Dụng	未使用	Vũ khí	81	4-4	单短类	
10432342	Vị Sử Dụng	未使用	Vũ khí	82	4-4	单短类	
10432343	Vị Sử Dụng	未使用	Vũ khí	83	4-4	单短类	
10432344	Vị Sử Dụng	未使用	Vũ khí	84	4-4	单短类	
10432345	Vị Sử Dụng	未使用	Vũ khí	85	4-4	单短类	
10432346	Vị Sử Dụng	未使用	Vũ khí	86	4-4	单短类	
10432347	Vị Sử Dụng	未使用	Vũ khí	87	4-4	单短类	
10432348	Vị Sử Dụng	未使用	Vũ khí	88	4-4	单短类	
10432349	Vị Sử Dụng	未使用	Vũ khí	89	4-4	单短类	
10432350	Vị Sử Dụng	未使用	Vũ khí	90	4-4	单短类	
10432351	Vị Sử Dụng	未使用	Vũ khí	91	4-4	单短类	
10432352	Vị Sử Dụng	未使用	Vũ khí	92	4-4	单短类	
10432353	Vị Sử Dụng	未使用	Vũ khí	93	4-4	单短类	
10432354	Vị Sử Dụng	未使用	Vũ khí	94	4-4	单短类	
10432355	Vị Sử Dụng	未使用	Vũ khí	95	4-4	单短类	
10432356	Vị Sử Dụng	未使用	Vũ khí	96	4-4	单短类	
10432357	Vị Sử Dụng	未使用	Vũ khí	97	4-4	单短类	
10432358	Vị Sử Dụng	未使用	Vũ khí	98	4-4	单短类	
10432359	Vị Sử Dụng	未使用	Vũ khí	99	4-4	单短类	
10432360	Vị Sử Dụng	未使用	Vũ khí	100	4-4	单短类	
10432361	Vị Sử Dụng	未使用	Vũ khí	91	4-4	单短类	
10432362	Vị Sử Dụng	未使用	Vũ khí	92	4-4	单短类	
10432363	Vị Sử Dụng	未使用	Vũ khí	93	4-4	单短类	
10432364	Vị Sử Dụng	未使用	Vũ khí	94	4-4	单短类	
10432365	Vị Sử Dụng	未使用	Vũ khí	95	4-4	单短类	
10432366	Vị Sử Dụng	未使用	Vũ khí	96	4-4	单短类	
10432367	Vị Sử Dụng	未使用	Vũ khí	97	4-4	单短类	
10432368	Vị Sử Dụng	未使用	Vũ khí	98	4-4	单短类	
10432369	Vị Sử Dụng	未使用	Vũ khí	99	4-4	单短类	
10432370	Vị Sử Dụng	未使用	Vũ khí	100	4-4	单短类	
10432371	Vị Sử Dụng	未使用	Vũ khí	91	4-4	单短类	
10432372	Vị Sử Dụng	未使用	Vũ khí	92	4-4	单短类	
10432373	Vị Sử Dụng	未使用	Vũ khí	93	4-4	单短类	
10432374	Vị Sử Dụng	未使用	Vũ khí	94	4-4	单短类	
10432375	Vị Sử Dụng	未使用	Vũ khí	95	4-4	单短类	
10432376	Vị Sử Dụng	未使用	Vũ khí	96	4-4	单短类	
10432377	Vị Sử Dụng	未使用	Vũ khí	97	4-4	单短类	
10432378	Vị Sử Dụng	未使用	Vũ khí	98	4-4	单短类	
10432379	Vị Sử Dụng	未使用	Vũ khí	99	4-4	单短类	
10432380	Vị Sử Dụng	未使用	Vũ khí	100	4-4	单短类	
10432381	Vị Sử Dụng	未使用	Vũ khí	91	4-4	单短类	
10432382	Vị Sử Dụng	未使用	Vũ khí	92	4-4	单短类	
10432383	Vị Sử Dụng	未使用	Vũ khí	93	4-4	单短类	
10432384	Vị Sử Dụng	未使用	Vũ khí	94	4-4	单短类	
10432385	Vị Sử Dụng	未使用	Vũ khí	95	4-4	单短类	
10432386	Vị Sử Dụng	未使用	Vũ khí	96	4-4	单短类	
10432387	Vị Sử Dụng	未使用	Vũ khí	97	4-4	单短类	
10432388	Vị Sử Dụng	未使用	Vũ khí	98	4-4	单短类	
10432389	Vị Sử Dụng	未使用	Vũ khí	99	4-4	单短类	
10432390	Vị Sử Dụng	未使用	Vũ khí	100	4-4	单短类	
10432391	Vị Sử Dụng	未使用	Vũ khí	91	4-4	单短类	
10432392	Vị Sử Dụng	未使用	Vũ khí	92	4-4	单短类	
10432393	Vị Sử Dụng	未使用	Vũ khí	93	4-4	单短类	
10432394	Vị Sử Dụng	未使用	Vũ khí	94	4-4	单短类	
10432395	Vị Sử Dụng	未使用	Vũ khí	95	4-4	单短类	
10432396	Vị Sử Dụng	未使用	Vũ khí	96	4-4	单短类	
10432397	Vị Sử Dụng	未使用	Vũ khí	97	4-4	单短类	
10432398	Vị Sử Dụng	未使用	Vũ khí	98	4-4	单短类	
10432399	Vị Sử Dụng	未使用	Vũ khí	99	4-4	单短类	
10432400	Vị Sử Dụng	未使用	Vũ khí	100	4-4	单短类	
10433301	Vị Sử Dụng	未使用	Vũ khí	81	4-4	双短类	
10433302	Vị Sử Dụng	未使用	Vũ khí	82	4-4	双短类	
10433303	Vị Sử Dụng	未使用	Vũ khí	83	4-4	双短类	
10433304	Vị Sử Dụng	未使用	Vũ khí	84	4-4	双短类	
10433305	Vị Sử Dụng	未使用	Vũ khí	85	4-4	双短类	
10433306	Vị Sử Dụng	未使用	Vũ khí	86	4-4	双短类	
10433307	Vị Sử Dụng	未使用	Vũ khí	87	4-4	双短类	
10433308	Vị Sử Dụng	未使用	Vũ khí	88	4-4	双短类	
10433309	Vị Sử Dụng	未使用	Vũ khí	89	4-4	双短类	
10433310	Vị Sử Dụng	未使用	Vũ khí	90	4-4	双短类	
10433311	Vị Sử Dụng	未使用	Vũ khí	81	4-4	双短类	
10433312	Vị Sử Dụng	未使用	Vũ khí	82	4-4	双短类	
10433313	Vị Sử Dụng	未使用	Vũ khí	83	4-4	双短类	
10433314	Vị Sử Dụng	未使用	Vũ khí	84	4-4	双短类	
10433315	Vị Sử Dụng	未使用	Vũ khí	85	4-4	双短类	
10433316	Vị Sử Dụng	未使用	Vũ khí	86	4-4	双短类	
10433317	Vị Sử Dụng	未使用	Vũ khí	87	4-4	双短类	
10433318	Vị Sử Dụng	未使用	Vũ khí	88	4-4	双短类	
10433319	Vị Sử Dụng	未使用	Vũ khí	89	4-4	双短类	
10433320	Vị Sử Dụng	未使用	Vũ khí	90	4-4	双短类	
10433321	Vị Sử Dụng	未使用	Vũ khí	81	4-4	双短类	
10433323	Vị Sử Dụng	未使用	Vũ khí	83	4-4	双短类	
10433324	Vị Sử Dụng	未使用	Vũ khí	84	4-4	双短类	
10433325	Vị Sử Dụng	未使用	Vũ khí	85	4-4	双短类	
10433326	Vị Sử Dụng	未使用	Vũ khí	86	4-4	双短类	
10433327	Vị Sử Dụng	未使用	Vũ khí	87	4-4	双短类	
10433328	Vị Sử Dụng	未使用	Vũ khí	88	4-4	双短类	
10433329	Vị Sử Dụng	未使用	Vũ khí	89	4-4	双短类	
10433330	Vị Sử Dụng	未使用	Vũ khí	90	4-4	双短类	
10433331	Vị Sử Dụng	未使用	Vũ khí	81	4-4	双短类	
10433332	Vị Sử Dụng	未使用	Vũ khí	82	4-4	双短类	
10433333	Vị Sử Dụng	未使用	Vũ khí	83	4-4	双短类	
10433334	Vị Sử Dụng	未使用	Vũ khí	84	4-4	双短类	
10433335	Vị Sử Dụng	未使用	Vũ khí	85	4-4	双短类	
10433336	Vị Sử Dụng	未使用	Vũ khí	86	4-4	双短类	
10433337	Vị Sử Dụng	未使用	Vũ khí	87	4-4	双短类	
10433338	Vị Sử Dụng	未使用	Vũ khí	88	4-4	双短类	
10433339	Vị Sử Dụng	未使用	Vũ khí	89	4-4	双短类	
10433340	Vị Sử Dụng	未使用	Vũ khí	90	4-4	双短类	
10433341	Vị Sử Dụng	未使用	Vũ khí	81	4-4	双短类	
10433342	Vị Sử Dụng	未使用	Vũ khí	82	4-4	双短类	
10433343	Vị Sử Dụng	未使用	Vũ khí	83	4-4	双短类	
10433344	Vị Sử Dụng	未使用	Vũ khí	84	4-4	双短类	
10433345	Vị Sử Dụng	未使用	Vũ khí	85	4-4	双短类	
10433346	Vị Sử Dụng	未使用	Vũ khí	86	4-4	双短类	
10433347	Vị Sử Dụng	未使用	Vũ khí	87	4-4	双短类	
10433348	Vị Sử Dụng	未使用	Vũ khí	88	4-4	双短类	
10433349	Vị Sử Dụng	未使用	Vũ khí	89	4-4	双短类	
10433350	Vị Sử Dụng	未使用	Vũ khí	90	4-4	双短类	
10433351	Vị Sử Dụng	未使用	Vũ khí	91	4-4	双短类	
10433352	Vị Sử Dụng	未使用	Vũ khí	92	4-4	双短类	
10433353	Vị Sử Dụng	未使用	Vũ khí	93	4-4	双短类	
10433354	Vị Sử Dụng	未使用	Vũ khí	94	4-4	双短类	
10433355	Vị Sử Dụng	未使用	Vũ khí	95	4-4	双短类	
10433356	Vị Sử Dụng	未使用	Vũ khí	96	4-4	双短类	
10433357	Vị Sử Dụng	未使用	Vũ khí	97	4-4	双短类	
10433358	Vị Sử Dụng	未使用	Vũ khí	98	4-4	双短类	
10433359	Vị Sử Dụng	未使用	Vũ khí	99	4-4	双短类	
10433360	Vị Sử Dụng	未使用	Vũ khí	100	4-4	双短类	
10433361	Vị Sử Dụng	未使用	Vũ khí	91	4-4	双短类	
10433362	Vị Sử Dụng	未使用	Vũ khí	92	4-4	双短类	
10433363	Vị Sử Dụng	未使用	Vũ khí	93	4-4	双短类	
10433364	Vị Sử Dụng	未使用	Vũ khí	94	4-4	双短类	
10433365	Vị Sử Dụng	未使用	Vũ khí	95	4-4	双短类	
10433366	Vị Sử Dụng	未使用	Vũ khí	96	4-4	双短类	
10433367	Vị Sử Dụng	未使用	Vũ khí	97	4-4	双短类	
10433368	Vị Sử Dụng	未使用	Vũ khí	98	4-4	双短类	
10433369	Vị Sử Dụng	未使用	Vũ khí	99	4-4	双短类	
10433370	Vị Sử Dụng	未使用	Vũ khí	100	4-4	双短类	
10433371	Vị Sử Dụng	未使用	Vũ khí	91	4-4	双短类	
10433372	Vị Sử Dụng	未使用	Vũ khí	92	4-4	双短类	
10433373	Vị Sử Dụng	未使用	Vũ khí	93	4-4	双短类	
10433374	Vị Sử Dụng	未使用	Vũ khí	94	4-4	双短类	
10433375	Vị Sử Dụng	未使用	Vũ khí	95	4-4	双短类	
10433376	Vị Sử Dụng	未使用	Vũ khí	96	4-4	双短类	
10433377	Vị Sử Dụng	未使用	Vũ khí	97	4-4	双短类	
10433378	Vị Sử Dụng	未使用	Vũ khí	98	4-4	双短类	
10433379	Vị Sử Dụng	未使用	Vũ khí	99	4-4	双短类	
10433380	Vị Sử Dụng	未使用	Vũ khí	100	4-4	双短类	
10433381	Vị Sử Dụng	未使用	Vũ khí	91	4-4	双短类	
10433382	Vị Sử Dụng	未使用	Vũ khí	92	4-4	双短类	
10433383	Vị Sử Dụng	未使用	Vũ khí	93	4-4	双短类	
10433384	Vị Sử Dụng	未使用	Vũ khí	94	4-4	双短类	
10433385	Vị Sử Dụng	未使用	Vũ khí	95	4-4	双短类	
10433386	Vị Sử Dụng	未使用	Vũ khí	96	4-4	双短类	
10433387	Vị Sử Dụng	未使用	Vũ khí	97	4-4	双短类	
10433388	Vị Sử Dụng	未使用	Vũ khí	98	4-4	双短类	
10433389	Vị Sử Dụng	未使用	Vũ khí	99	4-4	双短类	
10433390	Vị Sử Dụng	未使用	Vũ khí	100	4-4	双短类	
10433391	Vị Sử Dụng	未使用	Vũ khí	91	4-4	双短类	
10433392	Vị Sử Dụng	未使用	Vũ khí	92	4-4	双短类	
10433393	Vị Sử Dụng	未使用	Vũ khí	93	4-4	双短类	
10433394	Vị Sử Dụng	未使用	Vũ khí	94	4-4	双短类	
10433395	Vị Sử Dụng	未使用	Vũ khí	95	4-4	双短类	
10433396	Vị Sử Dụng	未使用	Vũ khí	96	4-4	双短类	
10433397	Vị Sử Dụng	未使用	Vũ khí	97	4-4	双短类	
10433398	Vị Sử Dụng	未使用	Vũ khí	98	4-4	双短类	
10433399	Vị Sử Dụng	未使用	Vũ khí	99	4-4	双短类	
10433400	Vị Sử Dụng	未使用	Vũ khí	100	4-4	双短类	
10434301	Vị Sử Dụng	未使用	Vũ khí	81	4-4	扇类	
10434302	Vị Sử Dụng	未使用	Vũ khí	82	4-4	扇类	
10434303	Vị Sử Dụng	未使用	Vũ khí	83	4-4	扇类	
10434304	Vị Sử Dụng	未使用	Vũ khí	84	4-4	扇类	
10434305	Vị Sử Dụng	未使用	Vũ khí	85	4-4	扇类	
10434306	Vị Sử Dụng	未使用	Vũ khí	86	4-4	扇类	
10434307	Vị Sử Dụng	未使用	Vũ khí	87	4-4	扇类	
10434308	Vị Sử Dụng	未使用	Vũ khí	88	4-4	扇类	
10434309	Vị Sử Dụng	未使用	Vũ khí	89	4-4	扇类	
10434310	Vị Sử Dụng	未使用	Vũ khí	90	4-4	扇类	
10434311	Vị Sử Dụng	未使用	Vũ khí	81	4-4	扇类	
10434312	Vị Sử Dụng	未使用	Vũ khí	82	4-4	扇类	
10434313	Vị Sử Dụng	未使用	Vũ khí	83	4-4	扇类	
10434314	Vị Sử Dụng	未使用	Vũ khí	84	4-4	扇类	
10434315	Vị Sử Dụng	未使用	Vũ khí	85	4-4	扇类	
10434316	Vị Sử Dụng	未使用	Vũ khí	86	4-4	扇类	
10434317	Vị Sử Dụng	未使用	Vũ khí	87	4-4	扇类	
10434318	Vị Sử Dụng	未使用	Vũ khí	88	4-4	扇类	
10434319	Vị Sử Dụng	未使用	Vũ khí	89	4-4	扇类	
10434320	Vị Sử Dụng	未使用	Vũ khí	90	4-4	扇类	
10434321	Vị Sử Dụng	未使用	Vũ khí	81	4-4	扇类	
10434322	Vị Sử Dụng	未使用	Vũ khí	82	4-4	扇类	
10434323	Vị Sử Dụng	未使用	Vũ khí	83	4-4	扇类	
10434324	Vị Sử Dụng	未使用	Vũ khí	84	4-4	扇类	
10434325	Vị Sử Dụng	未使用	Vũ khí	85	4-4	扇类	
10434326	Vị Sử Dụng	未使用	Vũ khí	86	4-4	扇类	
10434327	Vị Sử Dụng	未使用	Vũ khí	87	4-4	扇类	
10434328	Vị Sử Dụng	未使用	Vũ khí	88	4-4	扇类	
10434329	Vị Sử Dụng	未使用	Vũ khí	89	4-4	扇类	
10434330	Vị Sử Dụng	未使用	Vũ khí	90	4-4	扇类	
10434331	Vị Sử Dụng	未使用	Vũ khí	81	4-4	扇类	
10434332	Vị Sử Dụng	未使用	Vũ khí	82	4-4	扇类	
10434333	Vị Sử Dụng	未使用	Vũ khí	83	4-4	扇类	
10434334	Vị Sử Dụng	未使用	Vũ khí	84	4-4	扇类	
10434335	Vị Sử Dụng	未使用	Vũ khí	85	4-4	扇类	
10434336	Vị Sử Dụng	未使用	Vũ khí	86	4-4	扇类	
10434337	Vị Sử Dụng	未使用	Vũ khí	87	4-4	扇类	
10434338	Vị Sử Dụng	未使用	Vũ khí	88	4-4	扇类	
10434339	Vị Sử Dụng	未使用	Vũ khí	89	4-4	扇类	
10434340	Vị Sử Dụng	未使用	Vũ khí	90	4-4	扇类	
10434341	Vị Sử Dụng	未使用	Vũ khí	81	4-4	扇类	
10434342	Vị Sử Dụng	未使用	Vũ khí	82	4-4	扇类	
10434343	Vị Sử Dụng	未使用	Vũ khí	83	4-4	扇类	
10434344	Vị Sử Dụng	未使用	Vũ khí	84	4-4	扇类	
10434345	Vị Sử Dụng	未使用	Vũ khí	85	4-4	扇类	
10434346	Vị Sử Dụng	未使用	Vũ khí	86	4-4	扇类	
10434347	Vị Sử Dụng	未使用	Vũ khí	87	4-4	扇类	
10434348	Vị Sử Dụng	未使用	Vũ khí	88	4-4	扇类	
10434349	Vị Sử Dụng	未使用	Vũ khí	89	4-4	扇类	
10434350	Vị Sử Dụng	未使用	Vũ khí	90	4-4	扇类	
10434351	Vị Sử Dụng	未使用	Vũ khí	91	4-4	扇类	
10434352	Vị Sử Dụng	未使用	Vũ khí	92	4-4	扇类	
10434353	Vị Sử Dụng	未使用	Vũ khí	93	4-4	扇类	
10434354	Vị Sử Dụng	未使用	Vũ khí	94	4-4	扇类	
10434355	Vị Sử Dụng	未使用	Vũ khí	95	4-4	扇类	
10434356	Vị Sử Dụng	未使用	Vũ khí	96	4-4	扇类	
10434357	Vị Sử Dụng	未使用	Vũ khí	97	4-4	扇类	
10434358	Vị Sử Dụng	未使用	Vũ khí	98	4-4	扇类	
10434359	Vị Sử Dụng	未使用	Vũ khí	99	4-4	扇类	
10434360	Vị Sử Dụng	未使用	Vũ khí	100	4-4	扇类	
10434361	Vị Sử Dụng	未使用	Vũ khí	91	4-4	扇类	
10434362	Vị Sử Dụng	未使用	Vũ khí	92	4-4	扇类	
10434363	Vị Sử Dụng	未使用	Vũ khí	93	4-4	扇类	
10434364	Vị Sử Dụng	未使用	Vũ khí	94	4-4	扇类	
10434365	Vị Sử Dụng	未使用	Vũ khí	95	4-4	扇类	
10434366	Vị Sử Dụng	未使用	Vũ khí	96	4-4	扇类	
10434367	Vị Sử Dụng	未使用	Vũ khí	97	4-4	扇类	
10434368	Vị Sử Dụng	未使用	Vũ khí	98	4-4	扇类	
10434369	Vị Sử Dụng	未使用	Vũ khí	99	4-4	扇类	
10434370	Vị Sử Dụng	未使用	Vũ khí	100	4-4	扇类	
10434371	Vị Sử Dụng	未使用	Vũ khí	91	4-4	扇类	
10434372	Vị Sử Dụng	未使用	Vũ khí	92	4-4	扇类	
10434373	Vị Sử Dụng	未使用	Vũ khí	93	4-4	扇类	
10434374	Vị Sử Dụng	未使用	Vũ khí	94	4-4	扇类	
10434375	Vị Sử Dụng	未使用	Vũ khí	95	4-4	扇类	
10434376	Vị Sử Dụng	未使用	Vũ khí	96	4-4	扇类	
10434377	Vị Sử Dụng	未使用	Vũ khí	97	4-4	扇类	
10434378	Vị Sử Dụng	未使用	Vũ khí	98	4-4	扇类	
10434379	Vị Sử Dụng	未使用	Vũ khí	99	4-4	扇类	
10434380	Vị Sử Dụng	未使用	Vũ khí	100	4-4	扇类	
10434381	Vị Sử Dụng	未使用	Vũ khí	91	4-4	扇类	
10434382	Vị Sử Dụng	未使用	Vũ khí	92	4-4	扇类	
10434383	Vị Sử Dụng	未使用	Vũ khí	93	4-4	扇类	
10434384	Vị Sử Dụng	未使用	Vũ khí	94	4-4	扇类	
10434385	Vị Sử Dụng	未使用	Vũ khí	95	4-4	扇类	
10434386	Vị Sử Dụng	未使用	Vũ khí	96	4-4	扇类	
10434387	Vị Sử Dụng	未使用	Vũ khí	97	4-4	扇类	
10434388	Vị Sử Dụng	未使用	Vũ khí	98	4-4	扇类	
10434389	Vị Sử Dụng	未使用	Vũ khí	99	4-4	扇类	
10434390	Vị Sử Dụng	未使用	Vũ khí	100	4-4	扇类	
10434391	Vị Sử Dụng	未使用	Vũ khí	91	4-4	扇类	
10434392	Vị Sử Dụng	未使用	Vũ khí	92	4-4	扇类	
10434393	Vị Sử Dụng	未使用	Vũ khí	93	4-4	扇类	
10434394	Vị Sử Dụng	未使用	Vũ khí	94	4-4	扇类	
10434395	Vị Sử Dụng	未使用	Vũ khí	95	4-4	扇类	
10434396	Vị Sử Dụng	未使用	Vũ khí	96	4-4	扇类	
10434397	Vị Sử Dụng	未使用	Vũ khí	97	4-4	扇类	
10434398	Vị Sử Dụng	未使用	Vũ khí	98	4-4	扇类	
10434399	Vị Sử Dụng	未使用	Vũ khí	99	4-4	扇类	
10434400	Vị Sử Dụng	未使用	Vũ khí	100	4-4	扇类	
10435301	Vị Sử Dụng	未使用	Vũ khí	81	4-4	环类	
10435302	Vị Sử Dụng	未使用	Vũ khí	82	4-4	环类	
10435303	Vị Sử Dụng	未使用	Vũ khí	83	4-4	环类	
10435304	Vị Sử Dụng	未使用	Vũ khí	84	4-4	环类	
10435305	Vị Sử Dụng	未使用	Vũ khí	85	4-4	环类	
10435306	Vị Sử Dụng	未使用	Vũ khí	86	4-4	环类	
10435307	Vị Sử Dụng	未使用	Vũ khí	87	4-4	环类	
10435308	Vị Sử Dụng	未使用	Vũ khí	88	4-4	环类	
10435309	Vị Sử Dụng	未使用	Vũ khí	89	4-4	环类	
10435310	Vị Sử Dụng	未使用	Vũ khí	90	4-4	环类	
10435311	Vị Sử Dụng	未使用	Vũ khí	81	4-4	环类	
10435312	Vị Sử Dụng	未使用	Vũ khí	82	4-4	环类	
10435313	Vị Sử Dụng	未使用	Vũ khí	83	4-4	环类	
10435314	Vị Sử Dụng	未使用	Vũ khí	84	4-4	环类	
10435315	Vị Sử Dụng	未使用	Vũ khí	85	4-4	环类	
10435316	Vị Sử Dụng	未使用	Vũ khí	86	4-4	环类	
10435317	Vị Sử Dụng	未使用	Vũ khí	87	4-4	环类	
10435318	Vị Sử Dụng	未使用	Vũ khí	88	4-4	环类	
10435319	Vị Sử Dụng	未使用	Vũ khí	89	4-4	环类	
10435320	Vị Sử Dụng	未使用	Vũ khí	90	4-4	环类	
10435321	Vị Sử Dụng	未使用	Vũ khí	81	4-4	环类	
10435322	Vị Sử Dụng	未使用	Vũ khí	82	4-4	环类	
10435323	Vị Sử Dụng	未使用	Vũ khí	83	4-4	环类	
10435324	Vị Sử Dụng	未使用	Vũ khí	84	4-4	环类	
10435325	Vị Sử Dụng	未使用	Vũ khí	85	4-4	环类	
10435326	Vị Sử Dụng	未使用	Vũ khí	86	4-4	环类	
10435327	Vị Sử Dụng	未使用	Vũ khí	87	4-4	环类	
10435328	Vị Sử Dụng	未使用	Vũ khí	88	4-4	环类	
10435329	Vị Sử Dụng	未使用	Vũ khí	89	4-4	环类	
10435330	Vị Sử Dụng	未使用	Vũ khí	90	4-4	环类	
10435331	Vị Sử Dụng	未使用	Vũ khí	81	4-4	环类	
10435332	Vị Sử Dụng	未使用	Vũ khí	82	4-4	环类	
10435333	Vị Sử Dụng	未使用	Vũ khí	83	4-4	环类	
10435334	Vị Sử Dụng	未使用	Vũ khí	84	4-4	环类	
10435335	Vị Sử Dụng	未使用	Vũ khí	85	4-4	环类	
10435336	Vị Sử Dụng	未使用	Vũ khí	86	4-4	环类	
10435337	Vị Sử Dụng	未使用	Vũ khí	87	4-4	环类	
10435338	Vị Sử Dụng	未使用	Vũ khí	88	4-4	环类	
10435339	Vị Sử Dụng	未使用	Vũ khí	89	4-4	环类	
10435340	Vị Sử Dụng	未使用	Vũ khí	90	4-4	环类	
10435341	Vị Sử Dụng	未使用	Vũ khí	81	4-4	环类	
10435342	Vị Sử Dụng	未使用	Vũ khí	82	4-4	环类	
10435343	Vị Sử Dụng	未使用	Vũ khí	83	4-4	环类	
10435344	Vị Sử Dụng	未使用	Vũ khí	84	4-4	环类	
10435345	Vị Sử Dụng	未使用	Vũ khí	85	4-4	环类	
10435346	Vị Sử Dụng	未使用	Vũ khí	86	4-4	环类	
10435347	Vị Sử Dụng	未使用	Vũ khí	87	4-4	环类	
10435348	Vị Sử Dụng	未使用	Vũ khí	88	4-4	环类	
10435349	Vị Sử Dụng	未使用	Vũ khí	89	4-4	环类	
10435350	Vị Sử Dụng	未使用	Vũ khí	90	4-4	环类	
10435351	Vị Sử Dụng	未使用	Vũ khí	91	4-4	环类	
10435352	Vị Sử Dụng	未使用	Vũ khí	92	4-4	环类	
10435353	Vị Sử Dụng	未使用	Vũ khí	93	4-4	环类	
10435354	Vị Sử Dụng	未使用	Vũ khí	94	4-4	环类	
10435355	Vị Sử Dụng	未使用	Vũ khí	95	4-4	环类	
10435356	Vị Sử Dụng	未使用	Vũ khí	96	4-4	环类	
10435357	Vị Sử Dụng	未使用	Vũ khí	97	4-4	环类	
10435358	Vị Sử Dụng	未使用	Vũ khí	98	4-4	环类	
10435359	Vị Sử Dụng	未使用	Vũ khí	99	4-4	环类	
10435360	Vị Sử Dụng	未使用	Vũ khí	100	4-4	环类	
10435361	Vị Sử Dụng	未使用	Vũ khí	91	4-4	环类	
10435362	Vị Sử Dụng	未使用	Vũ khí	92	4-4	环类	
10435363	Vị Sử Dụng	未使用	Vũ khí	93	4-4	环类	
10435364	Vị Sử Dụng	未使用	Vũ khí	94	4-4	环类	
10435365	Vị Sử Dụng	未使用	Vũ khí	95	4-4	环类	
10435366	Vị Sử Dụng	未使用	Vũ khí	96	4-4	环类	
10435367	Vị Sử Dụng	未使用	Vũ khí	97	4-4	环类	
10435368	Vị Sử Dụng	未使用	Vũ khí	98	4-4	环类	
10435369	Vị Sử Dụng	未使用	Vũ khí	99	4-4	环类	
10435370	Vị Sử Dụng	未使用	Vũ khí	100	4-4	环类	
10435371	Vị Sử Dụng	未使用	Vũ khí	91	4-4	环类	
10435372	Vị Sử Dụng	未使用	Vũ khí	92	4-4	环类	
10435373	Vị Sử Dụng	未使用	Vũ khí	93	4-4	环类	
10435374	Vị Sử Dụng	未使用	Vũ khí	94	4-4	环类	
10435375	Vị Sử Dụng	未使用	Vũ khí	95	4-4	环类	
10435376	Vị Sử Dụng	未使用	Vũ khí	96	4-4	环类	
10435377	Vị Sử Dụng	未使用	Vũ khí	97	4-4	环类	
10435378	Vị Sử Dụng	未使用	Vũ khí	98	4-4	环类	
10435379	Vị Sử Dụng	未使用	Vũ khí	99	4-4	环类	
10435380	Vị Sử Dụng	未使用	Vũ khí	100	4-4	环类	
10435381	Vị Sử Dụng	未使用	Vũ khí	91	4-4	环类	
10435382	Vị Sử Dụng	未使用	Vũ khí	92	4-4	环类	
10435383	Vị Sử Dụng	未使用	Vũ khí	93	4-4	环类	
10435384	Vị Sử Dụng	未使用	Vũ khí	94	4-4	环类	
10435385	Vị Sử Dụng	未使用	Vũ khí	95	4-4	环类	
10435386	Vị Sử Dụng	未使用	Vũ khí	96	4-4	环类	
10435387	Vị Sử Dụng	未使用	Vũ khí	97	4-4	环类	
10435388	Vị Sử Dụng	未使用	Vũ khí	98	4-4	环类	
10435389	Vị Sử Dụng	未使用	Vũ khí	99	4-4	环类	
10435390	Vị Sử Dụng	未使用	Vũ khí	100	4-4	环类	
10435391	Vị Sử Dụng	未使用	Vũ khí	91	4-4	环类	
10435392	Vị Sử Dụng	未使用	Vũ khí	92	4-4	环类	
10435393	Vị Sử Dụng	未使用	Vũ khí	93	4-4	环类	
10435394	Vị Sử Dụng	未使用	Vũ khí	94	4-4	环类	
10435395	Vị Sử Dụng	未使用	Vũ khí	95	4-4	环类	
10435396	Vị Sử Dụng	未使用	Vũ khí	96	4-4	环类	
10435397	Vị Sử Dụng	未使用	Vũ khí	97	4-4	环类	
10435398	Vị Sử Dụng	未使用	Vũ khí	98	4-4	环类	
10435399	Vị Sử Dụng	未使用	Vũ khí	99	4-4	环类	
10435400	Vị Sử Dụng	未使用	Vũ khí	100	4-4	环类	
10436001	Vạn Vũ Chi Huỳnh Hỏa Lưu Yên Nỗ	万羽之萤火流烟弩	Vũ khí	1	1-1	弩类	
10436002	Vạn Vũ Chi Huỳnh Hỏa Lưu Yên Nỗ	万羽之萤火流烟弩	Vũ khí	2	1-1	弩类	
10436003	Vạn Vũ Chi Huỳnh Hỏa Lưu Yên Nỗ	万羽之萤火流烟弩	Vũ khí	3	1-1	弩类	
10436004	Vạn Vũ Chi Huỳnh Hỏa Lưu Yên Nỗ	万羽之萤火流烟弩	Vũ khí	4	1-1	弩类	
10436005	Vạn Vũ Chi Huỳnh Hỏa Lưu Yên Nỗ	万羽之萤火流烟弩	Vũ khí	5	1-1	弩类	
10436006	Vạn Vũ Chi Huỳnh Hỏa Lưu Yên Nỗ	万羽之萤火流烟弩	Vũ khí	6	1-1	弩类	
10436007	Vạn Vũ Chi Huỳnh Hỏa Lưu Yên Nỗ	万羽之萤火流烟弩	Vũ khí	7	1-1	弩类	
10436008	Vạn Vũ Chi Huỳnh Hỏa Lưu Yên Nỗ	万羽之萤火流烟弩	Vũ khí	8	1-1	弩类	
10436009	Vạn Vũ Chi Huỳnh Hỏa Lưu Yên Nỗ	万羽之萤火流烟弩	Vũ khí	9	1-1	弩类	
10436010	Vạn Vũ Chi Huỳnh Hỏa Lưu Yên Nỗ	万羽之萤火流烟弩	Vũ khí	10	2-2	弩类	
10436011	Vạn Vũ Chi Tấn Ảnh Phi Hoa Nỗ	万羽之迅影飞花弩	Vũ khí	11	1-1	弩类	
10436012	Vạn Vũ Chi Tấn Ảnh Phi Hoa Nỗ	万羽之迅影飞花弩	Vũ khí	12	1-1	弩类	
10436013	Vạn Vũ Chi Tấn Ảnh Phi Hoa Nỗ	万羽之迅影飞花弩	Vũ khí	13	1-1	弩类	
10436014	Vạn Vũ Chi Tấn Ảnh Phi Hoa Nỗ	万羽之迅影飞花弩	Vũ khí	14	1-1	弩类	
10436015	Vạn Vũ Chi Tấn Ảnh Phi Hoa Nỗ	万羽之迅影飞花弩	Vũ khí	15	1-1	弩类	
10436016	Vạn Vũ Chi Tấn Ảnh Phi Hoa Nỗ	万羽之迅影飞花弩	Vũ khí	16	1-1	弩类	
10436017	Vạn Vũ Chi Tấn Ảnh Phi Hoa Nỗ	万羽之迅影飞花弩	Vũ khí	17	1-1	弩类	
10436018	Vạn Vũ Chi Tấn Ảnh Phi Hoa Nỗ	万羽之迅影飞花弩	Vũ khí	18	1-1	弩类	
10436019	Vạn Vũ Chi Tấn Ảnh Phi Hoa Nỗ	万羽之迅影飞花弩	Vũ khí	19	1-1	弩类	
10436020	Vạn Vũ Chi Tấn Ảnh Phi Hoa Nỗ	万羽之迅影飞花弩	Vũ khí	20	1-1	弩类	
10436021	Vạn Vũ Chi Tử Hà Thôn Vân Nỗ	万羽之紫霞吞云弩	Vũ khí	21	1-1	弩类	
10436022	Vạn Vũ Chi Tử Hà Thôn Vân Nỗ	万羽之紫霞吞云弩	Vũ khí	22	1-1	弩类	
10436023	Vạn Vũ Chi Tử Hà Thôn Vân Nỗ	万羽之紫霞吞云弩	Vũ khí	23	1-1	弩类	
10436024	Vạn Vũ Chi Tử Hà Thôn Vân Nỗ	万羽之紫霞吞云弩	Vũ khí	24	1-1	弩类	
10436025	Vạn Vũ Chi Tử Hà Thôn Vân Nỗ	万羽之紫霞吞云弩	Vũ khí	25	1-1	弩类	
10436026	Vạn Vũ Chi Tử Hà Thôn Vân Nỗ	万羽之紫霞吞云弩	Vũ khí	26	1-1	弩类	
10436027	Vạn Vũ Chi Tử Hà Thôn Vân Nỗ	万羽之紫霞吞云弩	Vũ khí	27	1-1	弩类	
10436028	Vạn Vũ Chi Tử Hà Thôn Vân Nỗ	万羽之紫霞吞云弩	Vũ khí	28	1-1	弩类	
10436029	Vạn Vũ Chi Tử Hà Thôn Vân Nỗ	万羽之紫霞吞云弩	Vũ khí	29	1-1	弩类	
10436030	Vạn Vũ Chi Tử Hà Thôn Vân Nỗ	万羽之紫霞吞云弩	Vũ khí	30	1-1	弩类	
10436031	Vạn Vũ Chi Tuyết Dạ Sương Hoa Nỗ	万羽之雪夜霜华弩	Vũ khí	31	2-2	弩类	
10436032	Vạn Vũ Chi Tuyết Dạ Sương Hoa Nỗ	万羽之雪夜霜华弩	Vũ khí	32	2-2	弩类	
10436033	Vạn Vũ Chi Tuyết Dạ Sương Hoa Nỗ	万羽之雪夜霜华弩	Vũ khí	33	2-2	弩类	
10436034	Vạn Vũ Chi Tuyết Dạ Sương Hoa Nỗ	万羽之雪夜霜华弩	Vũ khí	34	2-2	弩类	
10436035	Vạn Vũ Chi Tuyết Dạ Sương Hoa Nỗ	万羽之雪夜霜华弩	Vũ khí	35	2-2	弩类	
10436036	Vạn Vũ Chi Tuyết Dạ Sương Hoa Nỗ	万羽之雪夜霜华弩	Vũ khí	36	2-2	弩类	
10436037	Vạn Vũ Chi Tuyết Dạ Sương Hoa Nỗ	万羽之雪夜霜华弩	Vũ khí	37	2-2	弩类	
10436038	Vạn Vũ Chi Tuyết Dạ Sương Hoa Nỗ	万羽之雪夜霜华弩	Vũ khí	38	2-2	弩类	
10436039	Vạn Vũ Chi Tuyết Dạ Sương Hoa Nỗ	万羽之雪夜霜华弩	Vũ khí	39	2-2	弩类	
10436040	Vạn Vũ Chi Tuyết Dạ Sương Hoa Nỗ	万羽之雪夜霜华弩	Vũ khí	40	2-2	弩类	
10436041	Vạn Vũ Chi Diệu Pháp Thái Nhất Nỗ	万羽之妙法太一弩	Vũ khí	41	2-2	弩类	
10436042	Vạn Vũ Chi Diệu Pháp Thái Nhất Nỗ	万羽之妙法太一弩	Vũ khí	42	2-2	弩类	
10436043	Vạn Vũ Chi Diệu Pháp Thái Nhất Nỗ	万羽之妙法太一弩	Vũ khí	43	2-2	弩类	
10436044	Vạn Vũ Chi Diệu Pháp Thái Nhất Nỗ	万羽之妙法太一弩	Vũ khí	44	2-2	弩类	
10436045	Vạn Vũ Chi Diệu Pháp Thái Nhất Nỗ	万羽之妙法太一弩	Vũ khí	45	2-2	弩类	
10436046	Vạn Vũ Chi Diệu Pháp Thái Nhất Nỗ	万羽之妙法太一弩	Vũ khí	46	2-2	弩类	
10436047	Vạn Vũ Chi Diệu Pháp Thái Nhất Nỗ	万羽之妙法太一弩	Vũ khí	47	2-2	弩类	
10436048	Vạn Vũ Chi Diệu Pháp Thái Nhất Nỗ	万羽之妙法太一弩	Vũ khí	48	2-2	弩类	
10436049	Vạn Vũ Chi Diệu Pháp Thái Nhất Nỗ	万羽之妙法太一弩	Vũ khí	49	2-2	弩类	
10436050	Vạn Vũ Chi Diệu Pháp Thái Nhất Nỗ	万羽之妙法太一弩	Vũ khí	50	2-2	弩类	
10436051	Vạn Vũ Chi Huyền Hoàng Lưỡng Nghi Nỗ	万羽之玄黄两仪弩	Vũ khí	51	2-2	弩类	
10436052	Vạn Vũ Chi Huyền Hoàng Lưỡng Nghi Nỗ	万羽之玄黄两仪弩	Vũ khí	52	2-2	弩类	
10436053	Vạn Vũ Chi Huyền Hoàng Lưỡng Nghi Nỗ	万羽之玄黄两仪弩	Vũ khí	53	2-2	弩类	
10436054	Vạn Vũ Chi Huyền Hoàng Lưỡng Nghi Nỗ	万羽之玄黄两仪弩	Vũ khí	54	2-2	弩类	
10436055	Vạn Vũ Chi Huyền Hoàng Lưỡng Nghi Nỗ	万羽之玄黄两仪弩	Vũ khí	55	2-2	弩类	
10436056	Vạn Vũ Chi Huyền Hoàng Lưỡng Nghi Nỗ	万羽之玄黄两仪弩	Vũ khí	56	2-2	弩类	
10436057	Vạn Vũ Chi Huyền Hoàng Lưỡng Nghi Nỗ	万羽之玄黄两仪弩	Vũ khí	57	2-2	弩类	
10436058	Vạn Vũ Chi Huyền Hoàng Lưỡng Nghi Nỗ	万羽之玄黄两仪弩	Vũ khí	58	2-2	弩类	
10436059	Vạn Vũ Chi Huyền Hoàng Lưỡng Nghi Nỗ	万羽之玄黄两仪弩	Vũ khí	59	2-2	弩类	
10436060	Vạn Vũ Chi Huyền Hoàng Lưỡng Nghi Nỗ	万羽之玄黄两仪弩	Vũ khí	60	2-2	弩类	
10436061	Vạn Vũ Chi Tứ Tượng Bàn Tinh Nỗ	万羽之四象盘星弩	Vũ khí	61	3-3	弩类	
10436062	Vạn Vũ Chi Tứ Tượng Bàn Tinh Nỗ	万羽之四象盘星弩	Vũ khí	62	3-3	弩类	
10436063	Vạn Vũ Chi Tứ Tượng Bàn Tinh Nỗ	万羽之四象盘星弩	Vũ khí	63	3-3	弩类	
10436064	Vạn Vũ Chi Tứ Tượng Bàn Tinh Nỗ	万羽之四象盘星弩	Vũ khí	64	3-3	弩类	
10436065	Vạn Vũ Chi Tứ Tượng Bàn Tinh Nỗ	万羽之四象盘星弩	Vũ khí	65	3-3	弩类	
10436066	Vạn Vũ Chi Tứ Tượng Bàn Tinh Nỗ	万羽之四象盘星弩	Vũ khí	66	3-3	弩类	
10436067	Vạn Vũ Chi Tứ Tượng Bàn Tinh Nỗ	万羽之四象盘星弩	Vũ khí	67	3-3	弩类	
10436068	Vạn Vũ Chi Tứ Tượng Bàn Tinh Nỗ	万羽之四象盘星弩	Vũ khí	68	3-3	弩类	
10436069	Vạn Vũ Chi Tứ Tượng Bàn Tinh Nỗ	万羽之四象盘星弩	Vũ khí	69	3-3	弩类	
10436070	Vạn Vũ Chi Tứ Tượng Bàn Tinh Nỗ	万羽之四象盘星弩	Vũ khí	70	3-3	弩类	
10436071	Vạn Vũ Chi Lục Hợp Hàm Nguyệt Nỗ	万羽之六合衔月弩	Vũ khí	71	3-3	弩类	
10436072	Vạn Vũ Chi Lục Hợp Hàm Nguyệt Nỗ	万羽之六合衔月弩	Vũ khí	72	3-3	弩类	
10436073	Vạn Vũ Chi Lục Hợp Hàm Nguyệt Nỗ	万羽之六合衔月弩	Vũ khí	73	3-3	弩类	
10436074	Vạn Vũ Chi Lục Hợp Hàm Nguyệt Nỗ	万羽之六合衔月弩	Vũ khí	74	3-3	弩类	
10436075	Vạn Vũ Chi Lục Hợp Hàm Nguyệt Nỗ	万羽之六合衔月弩	Vũ khí	75	3-3	弩类	
10436076	Vạn Vũ Chi Lục Hợp Hàm Nguyệt Nỗ	万羽之六合衔月弩	Vũ khí	76	3-3	弩类	
10436077	Vạn Vũ Chi Lục Hợp Hàm Nguyệt Nỗ	万羽之六合衔月弩	Vũ khí	77	3-3	弩类	
10436078	Vạn Vũ Chi Lục Hợp Hàm Nguyệt Nỗ	万羽之六合衔月弩	Vũ khí	78	3-3	弩类	
10436079	Vạn Vũ Chi Lục Hợp Hàm Nguyệt Nỗ	万羽之六合衔月弩	Vũ khí	79	3-3	弩类	
10436080	Vạn Vũ Chi Lục Hợp Hàm Nguyệt Nỗ	万羽之六合衔月弩	Vũ khí	80	3-3	弩类	
10436081	Vạn Vũ Chi Bát Hoang Mẫn Nhật Nỗ	万羽之八荒泯日弩	Vũ khí	81	4-4	弩类	
10436082	Vạn Vũ Chi Bát Hoang Mẫn Nhật Nỗ	万羽之八荒泯日弩	Vũ khí	82	4-4	弩类	
10436083	Vạn Vũ Chi Bát Hoang Mẫn Nhật Nỗ	万羽之八荒泯日弩	Vũ khí	83	4-4	弩类	
10436084	Vạn Vũ Chi Bát Hoang Mẫn Nhật Nỗ	万羽之八荒泯日弩	Vũ khí	84	4-4	弩类	
10436085	Vạn Vũ Chi Bát Hoang Mẫn Nhật Nỗ	万羽之八荒泯日弩	Vũ khí	85	4-4	弩类	
10436086	Vạn Vũ Chi Bát Hoang Mẫn Nhật Nỗ	万羽之八荒泯日弩	Vũ khí	86	4-4	弩类	
10436087	Vạn Vũ Chi Bát Hoang Mẫn Nhật Nỗ	万羽之八荒泯日弩	Vũ khí	87	4-4	弩类	
10436088	Vạn Vũ Chi Bát Hoang Mẫn Nhật Nỗ	万羽之八荒泯日弩	Vũ khí	88	4-4	弩类	
10436089	Vạn Vũ Chi Bát Hoang Mẫn Nhật Nỗ	万羽之八荒泯日弩	Vũ khí	89	4-4	弩类	
10436090	Vạn Vũ Chi Bát Hoang Mẫn Nhật Nỗ	万羽之八荒泯日弩	Vũ khí	90	4-4	弩类	
10436091	Vạn Vũ Chi Tuyệt Sinh	万羽之绝生	Vũ khí	91	4-4	弩类	
10436092	Vạn Vũ Chi Tuyệt Sinh	万羽之绝生	Vũ khí	92	4-4	弩类	
10436093	Vạn Vũ Chi Tuyệt Sinh	万羽之绝生	Vũ khí	93	4-4	弩类	
10436094	Vạn Vũ Chi Tuyệt Sinh	万羽之绝生	Vũ khí	94	4-4	弩类	
10436095	Vạn Vũ Chi Tuyệt Sinh	万羽之绝生	Vũ khí	95	4-4	弩类	
10436096	Vạn Vũ Chi Tuyệt Sinh	万羽之绝生	Vũ khí	96	4-4	弩类	
10436097	Vạn Vũ Chi Tuyệt Sinh	万羽之绝生	Vũ khí	97	4-4	弩类	
10436098	Vạn Vũ Chi Tuyệt Sinh	万羽之绝生	Vũ khí	98	4-4	弩类	
10436099	Vạn Vũ Chi Tuyệt Sinh	万羽之绝生	Vũ khí	99	4-4	弩类	
10436100	Vạn Vũ Chi Tuyệt Sinh	万羽之绝生	Vũ khí	100	4-4	弩类	
10436101	Huỳnh Hỏa Lưu Yên Nỗ	萤火流烟弩	Vũ khí	7	2-2	弩类	
10436102	Tấn Ảnh Phi Hoa Nỗ	迅影飞花弩	Vũ khí	18	3-3	弩类	
10436103	Tử Hà Thôn Vân Nỗ	紫霞吞云弩	Vũ khí	26	3-3	弩类	
10437001	Túng Hoành Chi Liệt Viêm Chước Quang Trượng	纵横之烈炎灼光杖	Vũ khí	1	1-1	长杖类	
10437002	Túng Hoành Chi Liệt Viêm Chước Quang Trượng	纵横之烈炎灼光杖	Vũ khí	2	1-1	长杖类	
10437003	Túng Hoành Chi Liệt Viêm Chước Quang Trượng	纵横之烈炎灼光杖	Vũ khí	3	1-1	长杖类	
10437004	Túng Hoành Chi Liệt Viêm Chước Quang Trượng	纵横之烈炎灼光杖	Vũ khí	4	1-1	长杖类	
10437005	Túng Hoành Chi Liệt Viêm Chước Quang Trượng	纵横之烈炎灼光杖	Vũ khí	5	1-1	长杖类	
10437006	Túng Hoành Chi Liệt Viêm Chước Quang Trượng	纵横之烈炎灼光杖	Vũ khí	6	1-1	长杖类	
10437007	Túng Hoành Chi Liệt Viêm Chước Quang Trượng	纵横之烈炎灼光杖	Vũ khí	7	1-1	长杖类	
10437008	Túng Hoành Chi Liệt Viêm Chước Quang Trượng	纵横之烈炎灼光杖	Vũ khí	8	1-1	长杖类	
10437009	Túng Hoành Chi Liệt Viêm Chước Quang Trượng	纵横之烈炎灼光杖	Vũ khí	9	1-1	长杖类	
10437010	Túng Hoành Chi Liệt Viêm Chước Quang Trượng	纵横之烈炎灼光杖	Vũ khí	10	2-2	长杖类	
10437011	Túng Hoành Chi Vân Hàn Sương Tuyết Trượng	纵横之云寒霜雪杖	Vũ khí	11	1-1	长杖类	
10437012	Túng Hoành Chi Vân Hàn Sương Tuyết Trượng	纵横之云寒霜雪杖	Vũ khí	12	1-1	长杖类	
10437013	Túng Hoành Chi Vân Hàn Sương Tuyết Trượng	纵横之云寒霜雪杖	Vũ khí	13	1-1	长杖类	
10437014	Túng Hoành Chi Vân Hàn Sương Tuyết Trượng	纵横之云寒霜雪杖	Vũ khí	14	1-1	长杖类	
10437015	Túng Hoành Chi Vân Hàn Sương Tuyết Trượng	纵横之云寒霜雪杖	Vũ khí	15	1-1	长杖类	
10437016	Túng Hoành Chi Vân Hàn Sương Tuyết Trượng	纵横之云寒霜雪杖	Vũ khí	16	1-1	长杖类	
10437017	Túng Hoành Chi Vân Hàn Sương Tuyết Trượng	纵横之云寒霜雪杖	Vũ khí	17	1-1	长杖类	
10437018	Túng Hoành Chi Vân Hàn Sương Tuyết Trượng	纵横之云寒霜雪杖	Vũ khí	18	1-1	长杖类	
10437019	Túng Hoành Chi Vân Hàn Sương Tuyết Trượng	纵横之云寒霜雪杖	Vũ khí	19	1-1	长杖类	
10437020	Túng Hoành Chi Vân Hàn Sương Tuyết Trượng	纵横之云寒霜雪杖	Vũ khí	20	1-1	长杖类	
10437021	Túng Hoành Chi Thần Túc Lưu Chuyển Trượng	纵横之辰宿流转杖	Vũ khí	21	1-1	长杖类	
10437022	Túng Hoành Chi Thần Túc Lưu Chuyển Trượng	纵横之辰宿流转杖	Vũ khí	22	1-1	长杖类	
10437023	Túng Hoành Chi Thần Túc Lưu Chuyển Trượng	纵横之辰宿流转杖	Vũ khí	23	1-1	长杖类	
10437024	Túng Hoành Chi Thần Túc Lưu Chuyển Trượng	纵横之辰宿流转杖	Vũ khí	24	1-1	长杖类	
10437025	Túng Hoành Chi Thần Túc Lưu Chuyển Trượng	纵横之辰宿流转杖	Vũ khí	25	1-1	长杖类	
10437026	Túng Hoành Chi Thần Túc Lưu Chuyển Trượng	纵横之辰宿流转杖	Vũ khí	26	1-1	长杖类	
10437027	Túng Hoành Chi Thần Túc Lưu Chuyển Trượng	纵横之辰宿流转杖	Vũ khí	27	1-1	长杖类	
10437028	Túng Hoành Chi Thần Túc Lưu Chuyển Trượng	纵横之辰宿流转杖	Vũ khí	28	1-1	长杖类	
10437029	Túng Hoành Chi Thần Túc Lưu Chuyển Trượng	纵横之辰宿流转杖	Vũ khí	29	1-1	长杖类	
10437030	Túng Hoành Chi Thần Túc Lưu Chuyển Trượng	纵横之辰宿流转杖	Vũ khí	30	1-1	长杖类	
10437031	Túng Hoành Chi Lãng Nguyệt Thanh Huy Trượng	纵横之朗月清辉杖	Vũ khí	31	2-2	长杖类	
10437032	Túng Hoành Chi Lãng Nguyệt Thanh Huy Trượng	纵横之朗月清辉杖	Vũ khí	32	2-2	长杖类	
10437033	Túng Hoành Chi Lãng Nguyệt Thanh Huy Trượng	纵横之朗月清辉杖	Vũ khí	33	2-2	长杖类	
10437034	Túng Hoành Chi Lãng Nguyệt Thanh Huy Trượng	纵横之朗月清辉杖	Vũ khí	34	2-2	长杖类	
10437035	Túng Hoành Chi Lãng Nguyệt Thanh Huy Trượng	纵横之朗月清辉杖	Vũ khí	35	2-2	长杖类	
10437036	Túng Hoành Chi Lãng Nguyệt Thanh Huy Trượng	纵横之朗月清辉杖	Vũ khí	36	2-2	长杖类	
10437037	Túng Hoành Chi Lãng Nguyệt Thanh Huy Trượng	纵横之朗月清辉杖	Vũ khí	37	2-2	长杖类	
10437038	Túng Hoành Chi Lãng Nguyệt Thanh Huy Trượng	纵横之朗月清辉杖	Vũ khí	38	2-2	长杖类	
10437039	Túng Hoành Chi Lãng Nguyệt Thanh Huy Trượng	纵横之朗月清辉杖	Vũ khí	39	2-2	长杖类	
10437040	Túng Hoành Chi Lãng Nguyệt Thanh Huy Trượng	纵横之朗月清辉杖	Vũ khí	40	2-2	长杖类	
10437041	Túng Hoành Chi Đại Nhật Chiêu Chiêu Trượng	纵横之大日昭昭杖	Vũ khí	41	2-2	长杖类	
10437042	Túng Hoành Chi Đại Nhật Chiêu Chiêu Trượng	纵横之大日昭昭杖	Vũ khí	42	2-2	长杖类	
10437043	Túng Hoành Chi Đại Nhật Chiêu Chiêu Trượng	纵横之大日昭昭杖	Vũ khí	43	2-2	长杖类	
10437044	Túng Hoành Chi Đại Nhật Chiêu Chiêu Trượng	纵横之大日昭昭杖	Vũ khí	44	2-2	长杖类	
10437045	Túng Hoành Chi Đại Nhật Chiêu Chiêu Trượng	纵横之大日昭昭杖	Vũ khí	45	2-2	长杖类	
10437046	Túng Hoành Chi Đại Nhật Chiêu Chiêu Trượng	纵横之大日昭昭杖	Vũ khí	46	2-2	长杖类	
10437047	Túng Hoành Chi Đại Nhật Chiêu Chiêu Trượng	纵横之大日昭昭杖	Vũ khí	47	2-2	长杖类	
10437048	Túng Hoành Chi Đại Nhật Chiêu Chiêu Trượng	纵横之大日昭昭杖	Vũ khí	48	2-2	长杖类	
10437049	Túng Hoành Chi Đại Nhật Chiêu Chiêu Trượng	纵横之大日昭昭杖	Vũ khí	49	2-2	长杖类	
10437050	Túng Hoành Chi Đại Nhật Chiêu Chiêu Trượng	纵横之大日昭昭杖	Vũ khí	50	2-2	长杖类	
10437051	Túng Hoành Chi Trụ Thủy Phong Hoa Trượng	纵横之宙始风华杖	Vũ khí	51	2-2	长杖类	
10437052	Túng Hoành Chi Trụ Thủy Phong Hoa Trượng	纵横之宙始风华杖	Vũ khí	52	2-2	长杖类	
10437053	Túng Hoành Chi Trụ Thủy Phong Hoa Trượng	纵横之宙始风华杖	Vũ khí	53	2-2	长杖类	
10437054	Túng Hoành Chi Trụ Thủy Phong Hoa Trượng	纵横之宙始风华杖	Vũ khí	54	2-2	长杖类	
10437055	Túng Hoành Chi Trụ Thủy Phong Hoa Trượng	纵横之宙始风华杖	Vũ khí	55	2-2	长杖类	
10437056	Túng Hoành Chi Trụ Thủy Phong Hoa Trượng	纵横之宙始风华杖	Vũ khí	56	2-2	长杖类	
10437057	Túng Hoành Chi Trụ Thủy Phong Hoa Trượng	纵横之宙始风华杖	Vũ khí	57	2-2	长杖类	
10437058	Túng Hoành Chi Trụ Thủy Phong Hoa Trượng	纵横之宙始风华杖	Vũ khí	58	2-2	长杖类	
10437059	Túng Hoành Chi Trụ Thủy Phong Hoa Trượng	纵横之宙始风华杖	Vũ khí	59	2-2	长杖类	
10437060	Túng Hoành Chi Trụ Thủy Phong Hoa Trượng	纵横之宙始风华杖	Vũ khí	60	2-2	长杖类	
10437061	Túng Hoành Chi Ngọc Vũ Huyền Khung Trượng	纵横之玉宇玄穹杖	Vũ khí	61	3-3	长杖类	
10437062	Túng Hoành Chi Ngọc Vũ Huyền Khung Trượng	纵横之玉宇玄穹杖	Vũ khí	62	3-3	长杖类	
10437063	Túng Hoành Chi Ngọc Vũ Huyền Khung Trượng	纵横之玉宇玄穹杖	Vũ khí	63	3-3	长杖类	
10437064	Túng Hoành Chi Ngọc Vũ Huyền Khung Trượng	纵横之玉宇玄穹杖	Vũ khí	64	3-3	长杖类	
10437065	Túng Hoành Chi Ngọc Vũ Huyền Khung Trượng	纵横之玉宇玄穹杖	Vũ khí	65	3-3	长杖类	
10437066	Túng Hoành Chi Ngọc Vũ Huyền Khung Trượng	纵横之玉宇玄穹杖	Vũ khí	66	3-3	长杖类	
10437067	Túng Hoành Chi Ngọc Vũ Huyền Khung Trượng	纵横之玉宇玄穹杖	Vũ khí	67	3-3	长杖类	
10437068	Túng Hoành Chi Ngọc Vũ Huyền Khung Trượng	纵横之玉宇玄穹杖	Vũ khí	68	3-3	长杖类	
10437069	Túng Hoành Chi Ngọc Vũ Huyền Khung Trượng	纵横之玉宇玄穹杖	Vũ khí	69	3-3	长杖类	
10437070	Túng Hoành Chi Ngọc Vũ Huyền Khung Trượng	纵横之玉宇玄穹杖	Vũ khí	70	3-3	长杖类	
10437071	Túng Hoành Chi Huyền Hoàng Lập Pháp Trượng	纵横之玄黄立法杖	Vũ khí	71	3-3	长杖类	
10437072	Túng Hoành Chi Huyền Hoàng Lập Pháp Trượng	纵横之玄黄立法杖	Vũ khí	72	3-3	长杖类	
10437073	Túng Hoành Chi Huyền Hoàng Lập Pháp Trượng	纵横之玄黄立法杖	Vũ khí	73	3-3	长杖类	
10437074	Túng Hoành Chi Huyền Hoàng Lập Pháp Trượng	纵横之玄黄立法杖	Vũ khí	74	3-3	长杖类	
10437075	Túng Hoành Chi Huyền Hoàng Lập Pháp Trượng	纵横之玄黄立法杖	Vũ khí	75	3-3	长杖类	
10437076	Túng Hoành Chi Huyền Hoàng Lập Pháp Trượng	纵横之玄黄立法杖	Vũ khí	76	3-3	长杖类	
10437077	Túng Hoành Chi Huyền Hoàng Lập Pháp Trượng	纵横之玄黄立法杖	Vũ khí	77	3-3	长杖类	
10437078	Túng Hoành Chi Huyền Hoàng Lập Pháp Trượng	纵横之玄黄立法杖	Vũ khí	78	3-3	长杖类	
10437079	Túng Hoành Chi Huyền Hoàng Lập Pháp Trượng	纵横之玄黄立法杖	Vũ khí	79	3-3	长杖类	
10437080	Túng Hoành Chi Huyền Hoàng Lập Pháp Trượng	纵横之玄黄立法杖	Vũ khí	80	3-3	长杖类	
10437081	Túng Hoành Chi Thiên Địa Trường Xuân Trượng	纵横之天地长春杖	Vũ khí	81	4-4	长杖类	
10437082	Túng Hoành Chi Thiên Địa Trường Xuân Trượng	纵横之天地长春杖	Vũ khí	82	4-4	长杖类	
10437083	Túng Hoành Chi Thiên Địa Trường Xuân Trượng	纵横之天地长春杖	Vũ khí	83	4-4	长杖类	
10437084	Túng Hoành Chi Thiên Địa Trường Xuân Trượng	纵横之天地长春杖	Vũ khí	84	4-4	长杖类	
10437085	Túng Hoành Chi Thiên Địa Trường Xuân Trượng	纵横之天地长春杖	Vũ khí	85	4-4	长杖类	
10437086	Túng Hoành Chi Thiên Địa Trường Xuân Trượng	纵横之天地长春杖	Vũ khí	86	4-4	长杖类	
10437087	Túng Hoành Chi Thiên Địa Trường Xuân Trượng	纵横之天地长春杖	Vũ khí	87	4-4	长杖类	
10437088	Túng Hoành Chi Thiên Địa Trường Xuân Trượng	纵横之天地长春杖	Vũ khí	88	4-4	长杖类	
10437089	Túng Hoành Chi Thiên Địa Trường Xuân Trượng	纵横之天地长春杖	Vũ khí	89	4-4	长杖类	
10437090	Túng Hoành Chi Thiên Địa Trường Xuân Trượng	纵横之天地长春杖	Vũ khí	90	4-4	长杖类	
10437091	Túng Hoành Chi Ngọc Tiêu	纵横之玉霄	Vũ khí	91	4-4	长杖类	
10437092	Túng Hoành Chi Ngọc Tiêu	纵横之玉霄	Vũ khí	92	4-4	长杖类	
10437093	Túng Hoành Chi Ngọc Tiêu	纵横之玉霄	Vũ khí	93	4-4	长杖类	
10437094	Túng Hoành Chi Ngọc Tiêu	纵横之玉霄	Vũ khí	94	4-4	长杖类	
10437095	Túng Hoành Chi Ngọc Tiêu	纵横之玉霄	Vũ khí	95	4-4	长杖类	
10437096	Túng Hoành Chi Ngọc Tiêu	纵横之玉霄	Vũ khí	96	4-4	长杖类	
10437097	Túng Hoành Chi Ngọc Tiêu	纵横之玉霄	Vũ khí	97	4-4	长杖类	
10437098	Túng Hoành Chi Ngọc Tiêu	纵横之玉霄	Vũ khí	98	4-4	长杖类	
10437099	Túng Hoành Chi Ngọc Tiêu	纵横之玉霄	Vũ khí	99	4-4	长杖类	
10437100	Túng Hoành Chi Ngọc Tiêu	纵横之玉霄	Vũ khí	100	4-4	长杖类	
10437101	Liệt Viêm Chước Quang Trượng	烈炎灼光杖	Vũ khí	7	2-2	长杖类	
10437102	Vân Hàn Sương Tuyết Trượng	云寒霜雪杖	Vũ khí	18	3-3	长杖类	
10437103	Thần Túc Lưu Chuyển Trượng	辰宿流转杖	Vũ khí	26	3-3	长杖类	
10440901	Biến Ngoại Hình Trắc Thí Mạo	变外形测试帽	Mũ	81	4-4	帽子	
10440902	Vị Sử Dụng	未使用	Mũ	82	4-4	帽子	
10440903	Vị Sử Dụng	未使用	Mũ	83	4-4	帽子	
10440904	Vị Sử Dụng	未使用	Mũ	84	4-4	帽子	
10440905	Vị Sử Dụng	未使用	Mũ	85	4-4	帽子	
10440906	Vị Sử Dụng	未使用	Mũ	86	4-4	帽子	
10440907	Vị Sử Dụng	未使用	Mũ	87	4-4	帽子	
10440908	Vị Sử Dụng	未使用	Mũ	88	4-4	帽子	
10440909	Vị Sử Dụng	未使用	Mũ	89	4-4	帽子	
10440910	Vị Sử Dụng	未使用	Mũ	90	4-4	帽子	
10440911	Vị Sử Dụng	未使用	Mũ	81	4-4	帽子	
10440912	Vị Sử Dụng	未使用	Mũ	82	4-4	帽子	
10440913	Vị Sử Dụng	未使用	Mũ	83	4-4	帽子	
10440914	Vị Sử Dụng	未使用	Mũ	84	4-4	帽子	
10440915	Vị Sử Dụng	未使用	Mũ	85	4-4	帽子	
10440916	Vị Sử Dụng	未使用	Mũ	86	4-4	帽子	
10440917	Vị Sử Dụng	未使用	Mũ	87	4-4	帽子	
10440918	Vị Sử Dụng	未使用	Mũ	88	4-4	帽子	
10440919	Vị Sử Dụng	未使用	Mũ	89	4-4	帽子	
10440920	Vị Sử Dụng	未使用	Mũ	90	4-4	帽子	
10440921	Vị Sử Dụng	未使用	Mũ	81	4-4	帽子	
10440922	Vị Sử Dụng	未使用	Mũ	82	4-4	帽子	
10440923	Vị Sử Dụng	未使用	Mũ	83	4-4	帽子	
10440924	Vị Sử Dụng	未使用	Mũ	84	4-4	帽子	
10440925	Vị Sử Dụng	未使用	Mũ	85	4-4	帽子	
10440926	Vị Sử Dụng	未使用	Mũ	86	4-4	帽子	
10440927	Vị Sử Dụng	未使用	Mũ	87	4-4	帽子	
10440928	Vị Sử Dụng	未使用	Mũ	88	4-4	帽子	
10440929	Vị Sử Dụng	未使用	Mũ	89	4-4	帽子	
10440930	Vị Sử Dụng	未使用	Mũ	90	4-4	帽子	
10440931	Vị Sử Dụng	未使用	Mũ	81	4-4	帽子	
10440932	Vị Sử Dụng	未使用	Mũ	82	4-4	帽子	
10440933	Vị Sử Dụng	未使用	Mũ	83	4-4	帽子	
10440934	Vị Sử Dụng	未使用	Mũ	84	4-4	帽子	
10440935	Vị Sử Dụng	未使用	Mũ	85	4-4	帽子	
10440936	Vị Sử Dụng	未使用	Mũ	86	4-4	帽子	
10440937	Vị Sử Dụng	未使用	Mũ	87	4-4	帽子	
10440938	Vị Sử Dụng	未使用	Mũ	88	4-4	帽子	
10440939	Vị Sử Dụng	未使用	Mũ	89	4-4	帽子	
10440940	Vị Sử Dụng	未使用	Mũ	90	4-4	帽子	
10440941	Vị Sử Dụng	未使用	Mũ	81	4-4	帽子	
10440942	Vị Sử Dụng	未使用	Mũ	82	4-4	帽子	
10440943	Vị Sử Dụng	未使用	Mũ	83	4-4	帽子	
10440944	Vị Sử Dụng	未使用	Mũ	84	4-4	帽子	
10440945	Vị Sử Dụng	未使用	Mũ	85	4-4	帽子	
10440946	Vị Sử Dụng	未使用	Mũ	86	4-4	帽子	
10440947	Vị Sử Dụng	未使用	Mũ	87	4-4	帽子	
10440948	Vị Sử Dụng	未使用	Mũ	88	4-4	帽子	
10440949	Vị Sử Dụng	未使用	Mũ	89	4-4	帽子	
10440950	Vị Sử Dụng	未使用	Mũ	90	4-4	帽子	
10440951	Vị Sử Dụng	未使用	Mũ	81	4-4	帽子	
10440952	Vị Sử Dụng	未使用	Mũ	82	4-4	帽子	
10440953	Vị Sử Dụng	未使用	Mũ	83	4-4	帽子	
10440954	Vị Sử Dụng	未使用	Mũ	84	4-4	帽子	
10440955	Vị Sử Dụng	未使用	Mũ	85	4-4	帽子	
10440956	Vị Sử Dụng	未使用	Mũ	86	4-4	帽子	
10440957	Vị Sử Dụng	未使用	Mũ	87	4-4	帽子	
10440958	Vị Sử Dụng	未使用	Mũ	88	4-4	帽子	
10440959	Vị Sử Dụng	未使用	Mũ	89	4-4	帽子	
10440960	Vị Sử Dụng	未使用	Mũ	90	4-4	帽子	
10440961	Vị Sử Dụng	未使用	Mũ	81	4-4	帽子	
10440962	Vị Sử Dụng	未使用	Mũ	82	4-4	帽子	
10440963	Vị Sử Dụng	未使用	Mũ	83	4-4	帽子	
10440964	Vị Sử Dụng	未使用	Mũ	84	4-4	帽子	
10440965	Vị Sử Dụng	未使用	Mũ	85	4-4	帽子	
10440966	Vị Sử Dụng	未使用	Mũ	86	4-4	帽子	
10440967	Vị Sử Dụng	未使用	Mũ	87	4-4	帽子	
10440968	Vị Sử Dụng	未使用	Mũ	88	4-4	帽子	
10440969	Vị Sử Dụng	未使用	Mũ	89	4-4	帽子	
10440970	Vị Sử Dụng	未使用	Mũ	90	4-4	帽子	
10440971	Vị Sử Dụng	未使用	Mũ	81	4-4	帽子	
10440972	Vị Sử Dụng	未使用	Mũ	82	4-4	帽子	
10440973	Vị Sử Dụng	未使用	Mũ	83	4-4	帽子	
10440974	Vị Sử Dụng	未使用	Mũ	84	4-4	帽子	
10440975	Vị Sử Dụng	未使用	Mũ	85	4-4	帽子	
10440976	Vị Sử Dụng	未使用	Mũ	86	4-4	帽子	
10440977	Vị Sử Dụng	未使用	Mũ	87	4-4	帽子	
10440978	Vị Sử Dụng	未使用	Mũ	88	4-4	帽子	
10440979	Vị Sử Dụng	未使用	Mũ	89	4-4	帽子	
10440980	Vị Sử Dụng	未使用	Mũ	90	4-4	帽子	
10440981	Vị Sử Dụng	未使用	Mũ	81	4-4	帽子	
10440982	Vị Sử Dụng	未使用	Mũ	82	4-4	帽子	
10440983	Vị Sử Dụng	未使用	Mũ	83	4-4	帽子	
10440984	Vị Sử Dụng	未使用	Mũ	84	4-4	帽子	
10440985	Vị Sử Dụng	未使用	Mũ	85	4-4	帽子	
10440986	Vị Sử Dụng	未使用	Mũ	86	4-4	帽子	
10440987	Vị Sử Dụng	未使用	Mũ	87	4-4	帽子	
10440988	Vị Sử Dụng	未使用	Mũ	88	4-4	帽子	
10440989	Vị Sử Dụng	未使用	Mũ	89	4-4	帽子	
10440990	Vị Sử Dụng	未使用	Mũ	90	4-4	帽子	
10440991	Vị Sử Dụng	未使用	Mũ	81	4-4	帽子	
10440992	Vị Sử Dụng	未使用	Mũ	82	4-4	帽子	
10440993	Vị Sử Dụng	未使用	Mũ	83	4-4	帽子	
10440994	Vị Sử Dụng	未使用	Mũ	84	4-4	帽子	
10440995	Vị Sử Dụng	未使用	Mũ	85	4-4	帽子	
10440996	Vị Sử Dụng	未使用	Mũ	86	4-4	帽子	
10440997	Vị Sử Dụng	未使用	Mũ	87	4-4	帽子	
10440998	Vị Sử Dụng	未使用	Mũ	88	4-4	帽子	
10440999	Vị Sử Dụng	未使用	Mũ	89	4-4	帽子	
10441901	Biến Hình Trắc Thí Hài	变形测试鞋	Giày	81	4-4	鞋	
10441902	Vị Sử Dụng	未使用	Giày	82	4-4	鞋	
10441903	Vị Sử Dụng	未使用	Giày	83	4-4	鞋	
10441904	Vị Sử Dụng	未使用	Giày	84	4-4	鞋	
10441905	Vị Sử Dụng	未使用	Giày	85	4-4	鞋	
10441906	Vị Sử Dụng	未使用	Giày	86	4-4	鞋	
10441907	Vị Sử Dụng	未使用	Giày	87	4-4	鞋	
10441908	Vị Sử Dụng	未使用	Giày	88	4-4	鞋	
10441909	Vị Sử Dụng	未使用	Giày	89	4-4	鞋	
10441910	Vị Sử Dụng	未使用	Giày	90	4-4	鞋	
10441911	Vị Sử Dụng	未使用	Giày	81	4-4	鞋	
10441912	Vị Sử Dụng	未使用	Giày	82	4-4	鞋	
10441913	Vị Sử Dụng	未使用	Giày	83	4-4	鞋	
10441914	Vị Sử Dụng	未使用	Giày	84	4-4	鞋	
10441915	Vị Sử Dụng	未使用	Giày	85	4-4	鞋	
10441916	Vị Sử Dụng	未使用	Giày	86	4-4	鞋	
10441917	Vị Sử Dụng	未使用	Giày	87	4-4	鞋	
10441918	Vị Sử Dụng	未使用	Giày	88	4-4	鞋	
10441919	Vị Sử Dụng	未使用	Giày	89	4-4	鞋	
10441920	Vị Sử Dụng	未使用	Giày	90	4-4	鞋	
10441921	Vị Sử Dụng	未使用	Giày	81	4-4	鞋	
10441922	Vị Sử Dụng	未使用	Giày	82	4-4	鞋	
10441923	Vị Sử Dụng	未使用	Giày	83	4-4	鞋	
10441924	Vị Sử Dụng	未使用	Giày	84	4-4	鞋	
10441925	Vị Sử Dụng	未使用	Giày	85	4-4	鞋	
10441926	Vị Sử Dụng	未使用	Giày	86	4-4	鞋	
10441927	Vị Sử Dụng	未使用	Giày	87	4-4	鞋	
10441928	Vị Sử Dụng	未使用	Giày	88	4-4	鞋	
10441929	Vị Sử Dụng	未使用	Giày	89	4-4	鞋	
10441930	Vị Sử Dụng	未使用	Giày	90	4-4	鞋	
10441931	Vị Sử Dụng	未使用	Giày	81	4-4	鞋	
10441932	Vị Sử Dụng	未使用	Giày	82	4-4	鞋	
10441933	Vị Sử Dụng	未使用	Giày	83	4-4	鞋	
10441934	Vị Sử Dụng	未使用	Giày	84	4-4	鞋	
10441935	Vị Sử Dụng	未使用	Giày	85	4-4	鞋	
10441936	Vị Sử Dụng	未使用	Giày	86	4-4	鞋	
10441937	Vị Sử Dụng	未使用	Giày	87	4-4	鞋	
10441938	Vị Sử Dụng	未使用	Giày	88	4-4	鞋	
10441939	Vị Sử Dụng	未使用	Giày	89	4-4	鞋	
10441940	Vị Sử Dụng	未使用	Giày	90	4-4	鞋	
10441941	Vị Sử Dụng	未使用	Giày	81	4-4	鞋	
10441942	Vị Sử Dụng	未使用	Giày	82	4-4	鞋	
10441943	Vị Sử Dụng	未使用	Giày	83	4-4	鞋	
10441944	Vị Sử Dụng	未使用	Giày	84	4-4	鞋	
10441945	Vị Sử Dụng	未使用	Giày	85	4-4	鞋	
10441946	Vị Sử Dụng	未使用	Giày	86	4-4	鞋	
10441947	Vị Sử Dụng	未使用	Giày	87	4-4	鞋	
10441948	Vị Sử Dụng	未使用	Giày	88	4-4	鞋	
10441949	Vị Sử Dụng	未使用	Giày	89	4-4	鞋	
10441950	Vị Sử Dụng	未使用	Giày	90	4-4	鞋	
10441951	Vị Sử Dụng	未使用	Giày	81	4-4	鞋	
10441952	Vị Sử Dụng	未使用	Giày	82	4-4	鞋	
10441953	Vị Sử Dụng	未使用	Giày	83	4-4	鞋	
10441954	Vị Sử Dụng	未使用	Giày	84	4-4	鞋	
10441955	Vị Sử Dụng	未使用	Giày	85	4-4	鞋	
10441956	Vị Sử Dụng	未使用	Giày	86	4-4	鞋	
10441957	Vị Sử Dụng	未使用	Giày	87	4-4	鞋	
10441958	Vị Sử Dụng	未使用	Giày	88	4-4	鞋	
10441959	Vị Sử Dụng	未使用	Giày	89	4-4	鞋	
10441960	Vị Sử Dụng	未使用	Giày	90	4-4	鞋	
10441961	Vị Sử Dụng	未使用	Giày	81	4-4	鞋	
10441962	Vị Sử Dụng	未使用	Giày	82	4-4	鞋	
10441963	Vị Sử Dụng	未使用	Giày	83	4-4	鞋	
10441964	Vị Sử Dụng	未使用	Giày	84	4-4	鞋	
10441965	Vị Sử Dụng	未使用	Giày	85	4-4	鞋	
10441966	Vị Sử Dụng	未使用	Giày	86	4-4	鞋	
10441967	Vị Sử Dụng	未使用	Giày	87	4-4	鞋	
10441968	Vị Sử Dụng	未使用	Giày	88	4-4	鞋	
10441969	Vị Sử Dụng	未使用	Giày	89	4-4	鞋	
10441970	Vị Sử Dụng	未使用	Giày	90	4-4	鞋	
10441971	Vị Sử Dụng	未使用	Giày	81	4-4	鞋	
10441972	Vị Sử Dụng	未使用	Giày	82	4-4	鞋	
10441973	Vị Sử Dụng	未使用	Giày	83	4-4	鞋	
10441974	Vị Sử Dụng	未使用	Giày	84	4-4	鞋	
10441975	Vị Sử Dụng	未使用	Giày	85	4-4	鞋	
10441976	Vị Sử Dụng	未使用	Giày	86	4-4	鞋	
10441977	Vị Sử Dụng	未使用	Giày	87	4-4	鞋	
10441978	Vị Sử Dụng	未使用	Giày	88	4-4	鞋	
10441979	Vị Sử Dụng	未使用	Giày	89	4-4	鞋	
10441980	Vị Sử Dụng	未使用	Giày	90	4-4	鞋	
10441981	Vị Sử Dụng	未使用	Giày	81	4-4	鞋	
10441982	Vị Sử Dụng	未使用	Giày	82	4-4	鞋	
10441983	Vị Sử Dụng	未使用	Giày	83	4-4	鞋	
10441984	Vị Sử Dụng	未使用	Giày	84	4-4	鞋	
10441985	Vị Sử Dụng	未使用	Giày	85	4-4	鞋	
10441986	Vị Sử Dụng	未使用	Giày	86	4-4	鞋	
10441987	Vị Sử Dụng	未使用	Giày	87	4-4	鞋	
10441988	Vị Sử Dụng	未使用	Giày	88	4-4	鞋	
10441989	Vị Sử Dụng	未使用	Giày	89	4-4	鞋	
10441990	Vị Sử Dụng	未使用	Giày	90	4-4	鞋	
10441991	Vị Sử Dụng	未使用	Giày	81	4-4	鞋	
10441992	Vị Sử Dụng	未使用	Giày	82	4-4	鞋	
10441993	Vị Sử Dụng	未使用	Giày	83	4-4	鞋	
10441994	Vị Sử Dụng	未使用	Giày	84	4-4	鞋	
10441995	Vị Sử Dụng	未使用	Giày	85	4-4	鞋	
10441996	Vị Sử Dụng	未使用	Giày	86	4-4	鞋	
10441997	Vị Sử Dụng	未使用	Giày	87	4-4	鞋	
10441998	Vị Sử Dụng	未使用	Giày	88	4-4	鞋	
10441999	Vị Sử Dụng	未使用	Giày	89	4-4	鞋	
10442901	Biến Hình Trắc Thí Thủ Sáo	变形测试手套	Bao tay	81	4-4	手套	
10442902	Vị Sử Dụng	未使用	Bao tay	82	4-4	手套	
10442903	Vị Sử Dụng	未使用	Bao tay	83	4-4	手套	
10442904	Vị Sử Dụng	未使用	Bao tay	84	4-4	手套	
10442905	Vị Sử Dụng	未使用	Bao tay	85	4-4	手套	
10442906	Vị Sử Dụng	未使用	Bao tay	86	4-4	手套	
10442907	Vị Sử Dụng	未使用	Bao tay	87	4-4	手套	
10442908	Vị Sử Dụng	未使用	Bao tay	88	4-4	手套	
10442909	Vị Sử Dụng	未使用	Bao tay	89	4-4	手套	
10442910	Vị Sử Dụng	未使用	Bao tay	90	4-4	手套	
10442911	Vị Sử Dụng	未使用	Bao tay	81	4-4	手套	
10442912	Vị Sử Dụng	未使用	Bao tay	82	4-4	手套	
10442913	Vị Sử Dụng	未使用	Bao tay	83	4-4	手套	
10442914	Vị Sử Dụng	未使用	Bao tay	84	4-4	手套	
10442915	Vị Sử Dụng	未使用	Bao tay	85	4-4	手套	
10442916	Vị Sử Dụng	未使用	Bao tay	86	4-4	手套	
10442917	Vị Sử Dụng	未使用	Bao tay	87	4-4	手套	
10442918	Vị Sử Dụng	未使用	Bao tay	88	4-4	手套	
10442919	Vị Sử Dụng	未使用	Bao tay	89	4-4	手套	
10442920	Vị Sử Dụng	未使用	Bao tay	90	4-4	手套	
10442921	Vị Sử Dụng	未使用	Bao tay	81	4-4	手套	
10442922	Vị Sử Dụng	未使用	Bao tay	82	4-4	手套	
10442923	Vị Sử Dụng	未使用	Bao tay	83	4-4	手套	
10442924	Vị Sử Dụng	未使用	Bao tay	84	4-4	手套	
10442925	Vị Sử Dụng	未使用	Bao tay	85	4-4	手套	
10442926	Vị Sử Dụng	未使用	Bao tay	86	4-4	手套	
10442927	Vị Sử Dụng	未使用	Bao tay	87	4-4	手套	
10442928	Vị Sử Dụng	未使用	Bao tay	88	4-4	手套	
10442929	Vị Sử Dụng	未使用	Bao tay	89	4-4	手套	
10442930	Vị Sử Dụng	未使用	Bao tay	90	4-4	手套	
10442931	Vị Sử Dụng	未使用	Bao tay	81	4-4	手套	
10442932	Vị Sử Dụng	未使用	Bao tay	82	4-4	手套	
10442933	Vị Sử Dụng	未使用	Bao tay	83	4-4	手套	
10442934	Vị Sử Dụng	未使用	Bao tay	84	4-4	手套	
10442935	Vị Sử Dụng	未使用	Bao tay	85	4-4	手套	
10442936	Vị Sử Dụng	未使用	Bao tay	86	4-4	手套	
10442937	Vị Sử Dụng	未使用	Bao tay	87	4-4	手套	
10442938	Vị Sử Dụng	未使用	Bao tay	88	4-4	手套	
10442939	Vị Sử Dụng	未使用	Bao tay	89	4-4	手套	
10442940	Vị Sử Dụng	未使用	Bao tay	90	4-4	手套	
10442941	Vị Sử Dụng	未使用	Bao tay	81	4-4	手套	
10442942	Vị Sử Dụng	未使用	Bao tay	82	4-4	手套	
10442943	Vị Sử Dụng	未使用	Bao tay	83	4-4	手套	
10442944	Vị Sử Dụng	未使用	Bao tay	84	4-4	手套	
10442945	Vị Sử Dụng	未使用	Bao tay	85	4-4	手套	
10442946	Vị Sử Dụng	未使用	Bao tay	86	4-4	手套	
10442947	Vị Sử Dụng	未使用	Bao tay	87	4-4	手套	
10442948	Vị Sử Dụng	未使用	Bao tay	88	4-4	手套	
10442949	Vị Sử Dụng	未使用	Bao tay	89	4-4	手套	
10442950	Vị Sử Dụng	未使用	Bao tay	90	4-4	手套	
10442951	Vị Sử Dụng	未使用	Bao tay	81	4-4	手套	
10442952	Vị Sử Dụng	未使用	Bao tay	82	4-4	手套	
10442953	Vị Sử Dụng	未使用	Bao tay	83	4-4	手套	
10442954	Vị Sử Dụng	未使用	Bao tay	84	4-4	手套	
10442955	Vị Sử Dụng	未使用	Bao tay	85	4-4	手套	
10442956	Vị Sử Dụng	未使用	Bao tay	86	4-4	手套	
10442957	Vị Sử Dụng	未使用	Bao tay	87	4-4	手套	
10442958	Vị Sử Dụng	未使用	Bao tay	88	4-4	手套	
10442959	Vị Sử Dụng	未使用	Bao tay	89	4-4	手套	
10442960	Vị Sử Dụng	未使用	Bao tay	90	4-4	手套	
10442961	Vị Sử Dụng	未使用	Bao tay	81	4-4	手套	
10442962	Vị Sử Dụng	未使用	Bao tay	82	4-4	手套	
10442963	Vị Sử Dụng	未使用	Bao tay	83	4-4	手套	
10442964	Vị Sử Dụng	未使用	Bao tay	84	4-4	手套	
10442965	Vị Sử Dụng	未使用	Bao tay	85	4-4	手套	
10442966	Vị Sử Dụng	未使用	Bao tay	86	4-4	手套	
10442967	Vị Sử Dụng	未使用	Bao tay	87	4-4	手套	
10442968	Vị Sử Dụng	未使用	Bao tay	88	4-4	手套	
10442969	Vị Sử Dụng	未使用	Bao tay	89	4-4	手套	
10442970	Vị Sử Dụng	未使用	Bao tay	90	4-4	手套	
10442971	Vị Sử Dụng	未使用	Bao tay	81	4-4	手套	
10442972	Vị Sử Dụng	未使用	Bao tay	82	4-4	手套	
10442973	Vị Sử Dụng	未使用	Bao tay	83	4-4	手套	
10442974	Vị Sử Dụng	未使用	Bao tay	84	4-4	手套	
10442975	Vị Sử Dụng	未使用	Bao tay	85	4-4	手套	
10442976	Vị Sử Dụng	未使用	Bao tay	86	4-4	手套	
10442977	Vị Sử Dụng	未使用	Bao tay	87	4-4	手套	
10442978	Vị Sử Dụng	未使用	Bao tay	88	4-4	手套	
10442979	Vị Sử Dụng	未使用	Bao tay	89	4-4	手套	
10442980	Vị Sử Dụng	未使用	Bao tay	90	4-4	手套	
10442981	Vị Sử Dụng	未使用	Bao tay	81	4-4	手套	
10442982	Vị Sử Dụng	未使用	Bao tay	82	4-4	手套	
10442983	Vị Sử Dụng	未使用	Bao tay	83	4-4	手套	
10442984	Vị Sử Dụng	未使用	Bao tay	84	4-4	手套	
10442985	Vị Sử Dụng	未使用	Bao tay	85	4-4	手套	
10442986	Vị Sử Dụng	未使用	Bao tay	86	4-4	手套	
10442987	Vị Sử Dụng	未使用	Bao tay	87	4-4	手套	
10442988	Vị Sử Dụng	未使用	Bao tay	88	4-4	手套	
10442989	Vị Sử Dụng	未使用	Bao tay	89	4-4	手套	
10442990	Vị Sử Dụng	未使用	Bao tay	90	4-4	手套	
10442991	Vị Sử Dụng	未使用	Bao tay	81	4-4	手套	
10442992	Vị Sử Dụng	未使用	Bao tay	82	4-4	手套	
10442993	Vị Sử Dụng	未使用	Bao tay	83	4-4	手套	
10442994	Vị Sử Dụng	未使用	Bao tay	84	4-4	手套	
10442995	Vị Sử Dụng	未使用	Bao tay	85	4-4	手套	
10442996	Vị Sử Dụng	未使用	Bao tay	86	4-4	手套	
10442997	Vị Sử Dụng	未使用	Bao tay	87	4-4	手套	
10442998	Vị Sử Dụng	未使用	Bao tay	88	4-4	手套	
10442999	Vị Sử Dụng	未使用	Bao tay	89	4-4	手套	
10443901	Biến Hình Trắc Thí Y	变形测试衣	Áo	81	4-4	衣服	
10443902	Vị Sử Dụng	未使用	Áo	82	4-4	衣服	
10443903	Vị Sử Dụng	未使用	Áo	83	4-4	衣服	
10443904	Vị Sử Dụng	未使用	Áo	84	4-4	衣服	
10443905	Vị Sử Dụng	未使用	Áo	85	4-4	衣服	
10443906	Vị Sử Dụng	未使用	Áo	86	4-4	衣服	
10443907	Vị Sử Dụng	未使用	Áo	87	4-4	衣服	
10443908	Vị Sử Dụng	未使用	Áo	88	4-4	衣服	
10443909	Vị Sử Dụng	未使用	Áo	89	4-4	衣服	
10443910	Vị Sử Dụng	未使用	Áo	90	4-4	衣服	
10443911	Vị Sử Dụng	未使用	Áo	81	4-4	衣服	
10443912	Vị Sử Dụng	未使用	Áo	82	4-4	衣服	
10443913	Vị Sử Dụng	未使用	Áo	83	4-4	衣服	
10443914	Vị Sử Dụng	未使用	Áo	84	4-4	衣服	
10443915	Vị Sử Dụng	未使用	Áo	85	4-4	衣服	
10443916	Vị Sử Dụng	未使用	Áo	86	4-4	衣服	
10443917	Vị Sử Dụng	未使用	Áo	87	4-4	衣服	
10443918	Vị Sử Dụng	未使用	Áo	88	4-4	衣服	
10443919	Vị Sử Dụng	未使用	Áo	89	4-4	衣服	
10443920	Vị Sử Dụng	未使用	Áo	90	4-4	衣服	
10443921	Vị Sử Dụng	未使用	Áo	81	4-4	衣服	
10443922	Vị Sử Dụng	未使用	Áo	82	4-4	衣服	
10443923	Vị Sử Dụng	未使用	Áo	83	4-4	衣服	
10443924	Vị Sử Dụng	未使用	Áo	84	4-4	衣服	
10443925	Vị Sử Dụng	未使用	Áo	85	4-4	衣服	
10443926	Vị Sử Dụng	未使用	Áo	86	4-4	衣服	
10443927	Vị Sử Dụng	未使用	Áo	87	4-4	衣服	
10443928	Vị Sử Dụng	未使用	Áo	88	4-4	衣服	
10443929	Vị Sử Dụng	未使用	Áo	89	4-4	衣服	
10443930	Vị Sử Dụng	未使用	Áo	90	4-4	衣服	
10443931	Vị Sử Dụng	未使用	Áo	81	4-4	衣服	
10443932	Vị Sử Dụng	未使用	Áo	82	4-4	衣服	
10443933	Vị Sử Dụng	未使用	Áo	83	4-4	衣服	
10443934	Vị Sử Dụng	未使用	Áo	84	4-4	衣服	
10443935	Vị Sử Dụng	未使用	Áo	85	4-4	衣服	
10443936	Vị Sử Dụng	未使用	Áo	86	4-4	衣服	
10443937	Vị Sử Dụng	未使用	Áo	87	4-4	衣服	
10443938	Vị Sử Dụng	未使用	Áo	88	4-4	衣服	
10443939	Vị Sử Dụng	未使用	Áo	89	4-4	衣服	
10443940	Vị Sử Dụng	未使用	Áo	90	4-4	衣服	
10443941	Vị Sử Dụng	未使用	Áo	81	4-4	衣服	
10443942	Vị Sử Dụng	未使用	Áo	82	4-4	衣服	
10443943	Vị Sử Dụng	未使用	Áo	83	4-4	衣服	
10443944	Vị Sử Dụng	未使用	Áo	84	4-4	衣服	
10443945	Vị Sử Dụng	未使用	Áo	85	4-4	衣服	
10443946	Vị Sử Dụng	未使用	Áo	86	4-4	衣服	
10443947	Vị Sử Dụng	未使用	Áo	87	4-4	衣服	
10443948	Vị Sử Dụng	未使用	Áo	88	4-4	衣服	
10443949	Vị Sử Dụng	未使用	Áo	89	4-4	衣服	
10443950	Vị Sử Dụng	未使用	Áo	90	4-4	衣服	
10443951	Vị Sử Dụng	未使用	Áo	81	4-4	衣服	
10443952	Vị Sử Dụng	未使用	Áo	82	4-4	衣服	
10443953	Vị Sử Dụng	未使用	Áo	83	4-4	衣服	
10443954	Vị Sử Dụng	未使用	Áo	84	4-4	衣服	
10443955	Vị Sử Dụng	未使用	Áo	85	4-4	衣服	
10443956	Vị Sử Dụng	未使用	Áo	86	4-4	衣服	
10443957	Vị Sử Dụng	未使用	Áo	87	4-4	衣服	
10443958	Vị Sử Dụng	未使用	Áo	88	4-4	衣服	
10443959	Vị Sử Dụng	未使用	Áo	89	4-4	衣服	
10443960	Vị Sử Dụng	未使用	Áo	90	4-4	衣服	
10443961	Vị Sử Dụng	未使用	Áo	81	4-4	衣服	
10443962	Vị Sử Dụng	未使用	Áo	82	4-4	衣服	
10443963	Vị Sử Dụng	未使用	Áo	83	4-4	衣服	
10443964	Vị Sử Dụng	未使用	Áo	84	4-4	衣服	
10443965	Vị Sử Dụng	未使用	Áo	85	4-4	衣服	
10443966	Vị Sử Dụng	未使用	Áo	86	4-4	衣服	
10443967	Vị Sử Dụng	未使用	Áo	87	4-4	衣服	
10443968	Vị Sử Dụng	未使用	Áo	88	4-4	衣服	
10443969	Vị Sử Dụng	未使用	Áo	89	4-4	衣服	
10443970	Vị Sử Dụng	未使用	Áo	90	4-4	衣服	
10443971	Vị Sử Dụng	未使用	Áo	81	4-4	衣服	
10443972	Vị Sử Dụng	未使用	Áo	82	4-4	衣服	
10443973	Vị Sử Dụng	未使用	Áo	83	4-4	衣服	
10443974	Vị Sử Dụng	未使用	Áo	84	4-4	衣服	
10443975	Vị Sử Dụng	未使用	Áo	85	4-4	衣服	
10443976	Vị Sử Dụng	未使用	Áo	86	4-4	衣服	
10443977	Vị Sử Dụng	未使用	Áo	87	4-4	衣服	
10443978	Vị Sử Dụng	未使用	Áo	88	4-4	衣服	
10443979	Vị Sử Dụng	未使用	Áo	89	4-4	衣服	
10443980	Vị Sử Dụng	未使用	Áo	90	4-4	衣服	
10443981	Vị Sử Dụng	未使用	Áo	81	4-4	衣服	
10443982	Vị Sử Dụng	未使用	Áo	82	4-4	衣服	
10443983	Vị Sử Dụng	未使用	Áo	83	4-4	衣服	
10443984	Vị Sử Dụng	未使用	Áo	84	4-4	衣服	
10443985	Vị Sử Dụng	未使用	Áo	85	4-4	衣服	
10443986	Vị Sử Dụng	未使用	Áo	86	4-4	衣服	
10443987	Vị Sử Dụng	未使用	Áo	87	4-4	衣服	
10443988	Vị Sử Dụng	未使用	Áo	88	4-4	衣服	
10443989	Vị Sử Dụng	未使用	Áo	89	4-4	衣服	
10443990	Vị Sử Dụng	未使用	Áo	90	4-4	衣服	
10443991	Vị Sử Dụng	未使用	Áo	81	4-4	衣服	
10443992	Vị Sử Dụng	未使用	Áo	82	4-4	衣服	
10443993	Vị Sử Dụng	未使用	Áo	83	4-4	衣服	
10443994	Vị Sử Dụng	未使用	Áo	84	4-4	衣服	
10443995	Vị Sử Dụng	未使用	Áo	85	4-4	衣服	
10443996	Vị Sử Dụng	未使用	Áo	86	4-4	衣服	
10443997	Vị Sử Dụng	未使用	Áo	87	4-4	衣服	
10443998	Vị Sử Dụng	未使用	Áo	88	4-4	衣服	
10443999	Vị Sử Dụng	未使用	Áo	89	4-4	衣服	
10450091	Vị Sử Dụng	未使用	Hạng liên	67	3-3	项链	
10450092	Vị Sử Dụng	未使用	Hạng liên	68	3-3	项链	
10450093	Vị Sử Dụng	未使用	Hạng liên	69	3-3	项链	
10450094	Vị Sử Dụng	未使用	Hạng liên	67	3-3	项链	
10450095	Vị Sử Dụng	未使用	Hạng liên	68	3-3	项链	
10450096	Vị Sử Dụng	未使用	Hạng liên	69	3-3	项链	
10450097	Vị Sử Dụng	未使用	Hạng liên	77	3-3	项链	
10450098	Vị Sử Dụng	未使用	Hạng liên	78	3-3	项链	
10450099	Vị Sử Dụng	未使用	Hạng liên	79	3-3	项链	
10450100	Vị Sử Dụng	未使用	Hạng liên	77	3-3	项链	
10450101	Vị Sử Dụng	未使用	Hạng liên	78	3-3	项链	
10450102	Vị Sử Dụng	未使用	Hạng liên	79	3-3	项链	
10450103	Vị Sử Dụng	未使用	Hạng liên	77	3-3	项链	
10450104	Vị Sử Dụng	未使用	Hạng liên	78	3-3	项链	
10450105	Vị Sử Dụng	未使用	Hạng liên	79	3-3	项链	
10450106	Vị Sử Dụng	未使用	Hạng liên	77	3-3	项链	
10450107	Vị Sử Dụng	未使用	Hạng liên	78	3-3	项链	
10450108	Vị Sử Dụng	未使用	Hạng liên	79	3-3	项链	
10450109	Vị Sử Dụng	未使用	Hạng liên	77	3-3	项链	
10450110	Vị Sử Dụng	未使用	Hạng liên	78	3-3	项链	
10450111	Vị Sử Dụng	未使用	Hạng liên	79	3-3	项链	
10450112	Vị Sử Dụng	未使用	Hạng liên	77	3-3	项链	
10450113	Vị Sử Dụng	未使用	Hạng liên	78	3-3	项链	
10450114	Vị Sử Dụng	未使用	Hạng liên	79	3-3	项链	
10450115	Vị Sử Dụng	未使用	Hạng liên	77	3-3	项链	
10450116	Vị Sử Dụng	未使用	Hạng liên	78	3-3	项链	
10450117	Vị Sử Dụng	未使用	Hạng liên	79	3-3	项链	
10450118	Vị Sử Dụng	未使用	Hạng liên	77	3-3	项链	
10450119	Vị Sử Dụng	未使用	Hạng liên	78	3-3	项链	
10450120	Vị Sử Dụng	未使用	Hạng liên	79	3-3	项链	
10450121	Vị Sử Dụng	未使用	Hạng liên	87	4-4	项链	
10450122	Vị Sử Dụng	未使用	Hạng liên	88	4-4	项链	
10450123	Vị Sử Dụng	未使用	Hạng liên	89	4-4	项链	
10450124	Vị Sử Dụng	未使用	Hạng liên	87	4-4	项链	
10450125	Vị Sử Dụng	未使用	Hạng liên	88	4-4	项链	
10450126	Vị Sử Dụng	未使用	Hạng liên	89	4-4	项链	
10450127	Vị Sử Dụng	未使用	Hạng liên	87	4-4	项链	
10450128	Vị Sử Dụng	未使用	Hạng liên	88	4-4	项链	
10450129	Vị Sử Dụng	未使用	Hạng liên	89	4-4	项链	
10450130	Vị Sử Dụng	未使用	Hạng liên	87	4-4	项链	
10450131	Vị Sử Dụng	未使用	Hạng liên	88	4-4	项链	
10450132	Vị Sử Dụng	未使用	Hạng liên	89	4-4	项链	
10450133	Vị Sử Dụng	未使用	Hạng liên	87	4-4	项链	
10450134	Vị Sử Dụng	未使用	Hạng liên	88	4-4	项链	
10450135	Vị Sử Dụng	未使用	Hạng liên	89	4-4	项链	
10450136	Vị Sử Dụng	未使用	Hạng liên	87	4-4	项链	
10450137	Vị Sử Dụng	未使用	Hạng liên	88	4-4	项链	
10450138	Vị Sử Dụng	未使用	Hạng liên	89	4-4	项链	
10450139	Vị Sử Dụng	未使用	Hạng liên	87	4-4	项链	
10450140	Vị Sử Dụng	未使用	Hạng liên	88	4-4	项链	
10450141	Vị Sử Dụng	未使用	Hạng liên	89	4-4	项链	
10450142	Vị Sử Dụng	未使用	Hạng liên	87	4-4	项链	
10450143	Vị Sử Dụng	未使用	Hạng liên	88	4-4	项链	
10450144	Vị Sử Dụng	未使用	Hạng liên	89	4-4	项链	
10450145	Vị Sử Dụng	未使用	Hạng liên	97	4-4	项链	
10450146	Vị Sử Dụng	未使用	Hạng liên	98	4-4	项链	
10450147	Vị Sử Dụng	未使用	Hạng liên	99	4-4	项链	
10450148	Vị Sử Dụng	未使用	Hạng liên	97	4-4	项链	
10450149	Vị Sử Dụng	未使用	Hạng liên	98	4-4	项链	
10450150	Vị Sử Dụng	未使用	Hạng liên	99	4-4	项链	
10450151	Vị Sử Dụng	未使用	Hạng liên	97	4-4	项链	
10450152	Vị Sử Dụng	未使用	Hạng liên	98	4-4	项链	
10450153	Vị Sử Dụng	未使用	Hạng liên	99	4-4	项链	
10450154	Vị Sử Dụng	未使用	Hạng liên	97	4-4	项链	
10450155	Vị Sử Dụng	未使用	Hạng liên	98	4-4	项链	
10450156	Vị Sử Dụng	未使用	Hạng liên	99	4-4	项链	
10450157	Vị Sử Dụng	未使用	Hạng liên	97	4-4	项链	
10450158	Vị Sử Dụng	未使用	Hạng liên	98	4-4	项链	
10450159	Vị Sử Dụng	未使用	Hạng liên	99	4-4	项链	
10450160	Vị Sử Dụng	未使用	Hạng liên	97	4-4	项链	
10450161	Vị Sử Dụng	未使用	Hạng liên	98	4-4	项链	
10450162	Vị Sử Dụng	未使用	Hạng liên	99	4-4	项链	
10450163	Vị Sử Dụng	未使用	Hạng liên	97	4-4	项链	
10450164	Vị Sử Dụng	未使用	Hạng liên	98	4-4	项链	
10450165	Vị Sử Dụng	未使用	Hạng liên	99	4-4	项链	
10450166	Vị Sử Dụng	未使用	Hạng liên	97	4-4	项链	
10450167	Vị Sử Dụng	未使用	Hạng liên	98	4-4	项链	
10450168	Vị Sử Dụng	未使用	Hạng liên	99	4-4	项链	
10451091	Vị Sử Dụng	未使用	Đai	61	3-3	腰带	
10451092	Vị Sử Dụng	未使用	Đai	62	3-3	腰带	
10451093	Vị Sử Dụng	未使用	Đai	63	3-3	腰带	
10451094	Vị Sử Dụng	未使用	Đai	61	3-3	腰带	
10451095	Vị Sử Dụng	未使用	Đai	62	3-3	腰带	
10451096	Vị Sử Dụng	未使用	Đai	63	3-3	腰带	
10451097	Vị Sử Dụng	未使用	Đai	71	3-3	腰带	
10451098	Vị Sử Dụng	未使用	Đai	72	3-3	腰带	
10451099	Vị Sử Dụng	未使用	Đai	73	3-3	腰带	
10451100	Vị Sử Dụng	未使用	Đai	71	3-3	腰带	
10451101	Vị Sử Dụng	未使用	Đai	72	3-3	腰带	
10451102	Vị Sử Dụng	未使用	Đai	73	3-3	腰带	
10451103	Vị Sử Dụng	未使用	Đai	71	3-3	腰带	
10451104	Vị Sử Dụng	未使用	Đai	72	3-3	腰带	
10451105	Vị Sử Dụng	未使用	Đai	73	3-3	腰带	
10451106	Vị Sử Dụng	未使用	Đai	71	3-3	腰带	
10451107	Vị Sử Dụng	未使用	Đai	72	3-3	腰带	
10451108	Vị Sử Dụng	未使用	Đai	73	3-3	腰带	
10451109	Vị Sử Dụng	未使用	Đai	71	3-3	腰带	
10451110	Vị Sử Dụng	未使用	Đai	72	3-3	腰带	
10451111	Vị Sử Dụng	未使用	Đai	73	3-3	腰带	
10451112	Vị Sử Dụng	未使用	Đai	71	3-3	腰带	
10451113	Vị Sử Dụng	未使用	Đai	72	3-3	腰带	
10451114	Vị Sử Dụng	未使用	Đai	73	3-3	腰带	
10451115	Vị Sử Dụng	未使用	Đai	71	3-3	腰带	
10451116	Vị Sử Dụng	未使用	Đai	72	3-3	腰带	
10451117	Vị Sử Dụng	未使用	Đai	73	3-3	腰带	
10451118	Vị Sử Dụng	未使用	Đai	71	3-3	腰带	
10451119	Vị Sử Dụng	未使用	Đai	72	3-3	腰带	
10451120	Vị Sử Dụng	未使用	Đai	73	3-3	腰带	
10451121	Vị Sử Dụng	未使用	Đai	81	4-4	腰带	
10451122	Vị Sử Dụng	未使用	Đai	82	4-4	腰带	
10451123	Vị Sử Dụng	未使用	Đai	83	4-4	腰带	
10451124	Vị Sử Dụng	未使用	Đai	81	4-4	腰带	
10451125	Vị Sử Dụng	未使用	Đai	82	4-4	腰带	
10451126	Vị Sử Dụng	未使用	Đai	83	4-4	腰带	
10451127	Vị Sử Dụng	未使用	Đai	81	4-4	腰带	
10451128	Vị Sử Dụng	未使用	Đai	82	4-4	腰带	
10451129	Vị Sử Dụng	未使用	Đai	83	4-4	腰带	
10451130	Vị Sử Dụng	未使用	Đai	81	4-4	腰带	
10451131	Vị Sử Dụng	未使用	Đai	82	4-4	腰带	
10451132	Vị Sử Dụng	未使用	Đai	83	4-4	腰带	
10451133	Vị Sử Dụng	未使用	Đai	81	4-4	腰带	
10451134	Vị Sử Dụng	未使用	Đai	82	4-4	腰带	
10451135	Vị Sử Dụng	未使用	Đai	83	4-4	腰带	
10451136	Vị Sử Dụng	未使用	Đai	81	4-4	腰带	
10451137	Vị Sử Dụng	未使用	Đai	82	4-4	腰带	
10451138	Vị Sử Dụng	未使用	Đai	83	4-4	腰带	
10451139	Vị Sử Dụng	未使用	Đai	81	4-4	腰带	
10451140	Vị Sử Dụng	未使用	Đai	82	4-4	腰带	
10451141	Vị Sử Dụng	未使用	Đai	83	4-4	腰带	
10451142	Vị Sử Dụng	未使用	Đai	81	4-4	腰带	
10451143	Vị Sử Dụng	未使用	Đai	82	4-4	腰带	
10451144	Vị Sử Dụng	未使用	Đai	83	4-4	腰带	
10451145	Vị Sử Dụng	未使用	Đai	91	4-4	腰带	
10451146	Vị Sử Dụng	未使用	Đai	92	4-4	腰带	
10451147	Vị Sử Dụng	未使用	Đai	93	4-4	腰带	
10451148	Vị Sử Dụng	未使用	Đai	91	4-4	腰带	
10451153	Vị Sử Dụng	未使用	Đai	93	4-4	腰带	
10451154	Vị Sử Dụng	未使用	Đai	91	4-4	腰带	
10451155	Vị Sử Dụng	未使用	Đai	92	4-4	腰带	
10451156	Vị Sử Dụng	未使用	Đai	93	4-4	腰带	
10451157	Vị Sử Dụng	未使用	Đai	91	4-4	腰带	
10451158	Vị Sử Dụng	未使用	Đai	92	4-4	腰带	
10451159	Vị Sử Dụng	未使用	Đai	93	4-4	腰带	
10451160	Vị Sử Dụng	未使用	Đai	91	4-4	腰带	
10451161	Vị Sử Dụng	未使用	Đai	92	4-4	腰带	
10451162	Vị Sử Dụng	未使用	Đai	93	4-4	腰带	
10451163	Vị Sử Dụng	未使用	Đai	91	4-4	腰带	
10451164	Vị Sử Dụng	未使用	Đai	92	4-4	腰带	
10451165	Vị Sử Dụng	未使用	Đai	93	4-4	腰带	
10451166	Vị Sử Dụng	未使用	Đai	91	4-4	腰带	
10451167	Vị Sử Dụng	未使用	Đai	92	4-4	腰带	
10451168	Vị Sử Dụng	未使用	Đai	93	4-4	腰带	
10452091	Vị Sử Dụng	未使用	Nhẫn	64	3-3	戒指	
10452092	Vị Sử Dụng	未使用	Nhẫn	65	3-3	戒指	
10452093	Vị Sử Dụng	未使用	Nhẫn	66	3-3	戒指	
10452094	Vị Sử Dụng	未使用	Nhẫn	64	3-3	戒指	
10452095	Vị Sử Dụng	未使用	Nhẫn	65	3-3	戒指	
10452096	Vị Sử Dụng	未使用	Nhẫn	66	3-3	戒指	
10452097	Vị Sử Dụng	未使用	Nhẫn	74	3-3	戒指	
10452098	Vị Sử Dụng	未使用	Nhẫn	75	3-3	戒指	
10452099	Vị Sử Dụng	未使用	Nhẫn	76	3-3	戒指	
10452100	Vị Sử Dụng	未使用	Nhẫn	74	3-3	戒指	
10452101	Vị Sử Dụng	未使用	Nhẫn	75	3-3	戒指	
10452102	Vị Sử Dụng	未使用	Nhẫn	76	3-3	戒指	
10452103	Vị Sử Dụng	未使用	Nhẫn	74	3-3	戒指	
10452104	Vị Sử Dụng	未使用	Nhẫn	75	3-3	戒指	
10452105	Vị Sử Dụng	未使用	Nhẫn	76	3-3	戒指	
10452106	Vị Sử Dụng	未使用	Nhẫn	74	3-3	戒指	
10452107	Vị Sử Dụng	未使用	Nhẫn	75	3-3	戒指	
10452108	Vị Sử Dụng	未使用	Nhẫn	76	3-3	戒指	
10452109	Vị Sử Dụng	未使用	Nhẫn	74	3-3	戒指	
10452110	Vị Sử Dụng	未使用	Nhẫn	75	3-3	戒指	
10452111	Vị Sử Dụng	未使用	Nhẫn	76	3-3	戒指	
10452112	Vị Sử Dụng	未使用	Nhẫn	74	3-3	戒指	
10452113	Vị Sử Dụng	未使用	Nhẫn	75	3-3	戒指	
10452114	Vị Sử Dụng	未使用	Nhẫn	76	3-3	戒指	
10452115	Vị Sử Dụng	未使用	Nhẫn	74	3-3	戒指	
10452116	Vị Sử Dụng	未使用	Nhẫn	75	3-3	戒指	
10452117	Vị Sử Dụng	未使用	Nhẫn	76	3-3	戒指	
10452118	Vị Sử Dụng	未使用	Nhẫn	74	3-3	戒指	
10452119	Vị Sử Dụng	未使用	Nhẫn	75	3-3	戒指	
10452120	Vị Sử Dụng	未使用	Nhẫn	76	3-3	戒指	
10452121	Vị Sử Dụng	未使用	Nhẫn	84	4-4	戒指	
10452122	Vị Sử Dụng	未使用	Nhẫn	85	4-4	戒指	
10452123	Vị Sử Dụng	未使用	Nhẫn	86	4-4	戒指	
10452124	Vị Sử Dụng	未使用	Nhẫn	84	4-4	戒指	
10452125	Vị Sử Dụng	未使用	Nhẫn	85	4-4	戒指	
10452126	Vị Sử Dụng	未使用	Nhẫn	86	4-4	戒指	
10452127	Vị Sử Dụng	未使用	Nhẫn	84	4-4	戒指	
10452128	Vị Sử Dụng	未使用	Nhẫn	85	4-4	戒指	
10452129	Vị Sử Dụng	未使用	Nhẫn	86	4-4	戒指	
10452130	Vị Sử Dụng	未使用	Nhẫn	84	4-4	戒指	
10452131	Vị Sử Dụng	未使用	Nhẫn	85	4-4	戒指	
10452132	Vị Sử Dụng	未使用	Nhẫn	86	4-4	戒指	
10452133	Vị Sử Dụng	未使用	Nhẫn	84	4-4	戒指	
10452134	Vị Sử Dụng	未使用	Nhẫn	85	4-4	戒指	
10452135	Vị Sử Dụng	未使用	Nhẫn	86	4-4	戒指	
10452136	Vị Sử Dụng	未使用	Nhẫn	84	4-4	戒指	
10452137	Vị Sử Dụng	未使用	Nhẫn	85	4-4	戒指	
10452138	Vị Sử Dụng	未使用	Nhẫn	86	4-4	戒指	
10452139	Vị Sử Dụng	未使用	Nhẫn	84	4-4	戒指	
10452140	Vị Sử Dụng	未使用	Nhẫn	85	4-4	戒指	
10452141	Vị Sử Dụng	未使用	Nhẫn	86	4-4	戒指	
10452142	Vị Sử Dụng	未使用	Nhẫn	84	4-4	戒指	
10452143	Vị Sử Dụng	未使用	Nhẫn	85	4-4	戒指	
10452144	Vị Sử Dụng	未使用	Nhẫn	86	4-4	戒指	
10452145	Vị Sử Dụng	未使用	Nhẫn	94	4-4	戒指	
10452146	Vị Sử Dụng	未使用	Nhẫn	95	4-4	戒指	
10452147	Vị Sử Dụng	未使用	Nhẫn	96	4-4	戒指	
10452148	Vị Sử Dụng	未使用	Nhẫn	94	4-4	戒指	
10452149	Vị Sử Dụng	未使用	Nhẫn	95	4-4	戒指	
10452150	Vị Sử Dụng	未使用	Nhẫn	96	4-4	戒指	
10452151	Vị Sử Dụng	未使用	Nhẫn	94	4-4	戒指	
10452152	Vị Sử Dụng	未使用	Nhẫn	95	4-4	戒指	
10452153	Vị Sử Dụng	未使用	Nhẫn	96	4-4	戒指	
10452154	Vị Sử Dụng	未使用	Nhẫn	94	4-4	戒指	
10452155	Vị Sử Dụng	未使用	Nhẫn	95	4-4	戒指	
10452156	Vị Sử Dụng	未使用	Nhẫn	96	4-4	戒指	
10452157	Vị Sử Dụng	未使用	Nhẫn	94	4-4	戒指	
10452158	Vị Sử Dụng	未使用	Nhẫn	95	4-4	戒指	
10452159	Vị Sử Dụng	未使用	Nhẫn	96	4-4	戒指	
10452160	Vị Sử Dụng	未使用	Nhẫn	94	4-4	戒指	
10452161	Vị Sử Dụng	未使用	Nhẫn	95	4-4	戒指	
10452162	Vị Sử Dụng	未使用	Nhẫn	96	4-4	戒指	
10452163	Vị Sử Dụng	未使用	Nhẫn	94	4-4	戒指	
10452164	Vị Sử Dụng	未使用	Nhẫn	95	4-4	戒指	
10452165	Vị Sử Dụng	未使用	Nhẫn	96	4-4	戒指	
10452166	Vị Sử Dụng	未使用	Nhẫn	94	4-4	戒指	
10452167	Vị Sử Dụng	未使用	Nhẫn	95	4-4	戒指	
10452168	Vị Sử Dụng	未使用	Nhẫn	96	4-4	戒指	
10470000	Vị Sử Dụng	未使用	Mũ	90	4-4	帽子	
10470001	Vị Sử Dụng	未使用	Mũ	81	4-4	帽子	
10470002	Vị Sử Dụng	未使用	Mũ	82	4-4	帽子	
10470003	Vị Sử Dụng	未使用	Mũ	83	4-4	帽子	
10470004	Vị Sử Dụng	未使用	Mũ	84	4-4	帽子	
10470005	Vị Sử Dụng	未使用	Mũ	85	4-4	帽子	
10470006	Vị Sử Dụng	未使用	Mũ	86	4-4	帽子	
10470007	Vị Sử Dụng	未使用	Mũ	87	4-4	帽子	
10470008	Vị Sử Dụng	未使用	Mũ	88	4-4	帽子	
10470009	Vị Sử Dụng	未使用	Mũ	89	4-4	帽子	
10470010	Vị Sử Dụng	未使用	Mũ	90	4-4	帽子	
10470011	Vị Sử Dụng	未使用	Mũ	81	4-4	帽子	
10470012	Vị Sử Dụng	未使用	Mũ	82	4-4	帽子	
10470013	Vị Sử Dụng	未使用	Mũ	83	4-4	帽子	
10470014	Vị Sử Dụng	未使用	Mũ	84	4-4	帽子	
10470015	Vị Sử Dụng	未使用	Mũ	85	4-4	帽子	
10470016	Vị Sử Dụng	未使用	Mũ	86	4-4	帽子	
10470017	Vị Sử Dụng	未使用	Mũ	87	4-4	帽子	
10470018	Vị Sử Dụng	未使用	Mũ	88	4-4	帽子	
10470019	Vị Sử Dụng	未使用	Mũ	89	4-4	帽子	
10470020	Vị Sử Dụng	未使用	Mũ	90	4-4	帽子	
10470021	Vị Sử Dụng	未使用	Mũ	81	4-4	帽子	
10470022	Vị Sử Dụng	未使用	Mũ	82	4-4	帽子	
10470023	Vị Sử Dụng	未使用	Mũ	83	4-4	帽子	
10470024	Vị Sử Dụng	未使用	Mũ	84	4-4	帽子	
10470025	Vị Sử Dụng	未使用	Mũ	85	4-4	帽子	
10470026	Vị Sử Dụng	未使用	Mũ	86	4-4	帽子	
10470027	Vị Sử Dụng	未使用	Mũ	87	4-4	帽子	
10470028	Vị Sử Dụng	未使用	Mũ	88	4-4	帽子	
10470029	Vị Sử Dụng	未使用	Mũ	89	4-4	帽子	
10470030	Vị Sử Dụng	未使用	Mũ	90	4-4	帽子	
10470031	Vị Sử Dụng	未使用	Mũ	81	4-4	帽子	
10470032	Vị Sử Dụng	未使用	Mũ	82	4-4	帽子	
10470033	Vị Sử Dụng	未使用	Mũ	83	4-4	帽子	
10470034	Vị Sử Dụng	未使用	Mũ	84	4-4	帽子	
10470035	Vị Sử Dụng	未使用	Mũ	85	4-4	帽子	
10470036	Vị Sử Dụng	未使用	Mũ	86	4-4	帽子	
10470037	Vị Sử Dụng	未使用	Mũ	87	4-4	帽子	
10470038	Vị Sử Dụng	未使用	Mũ	88	4-4	帽子	
10470039	Vị Sử Dụng	未使用	Mũ	89	4-4	帽子	
10470056	Vị Sử Dụng	未使用	Mũ	96	4-4	帽子	
10470057	Vị Sử Dụng	未使用	Mũ	97	4-4	帽子	
10470058	Vị Sử Dụng	未使用	Mũ	98	4-4	帽子	
10470059	Vị Sử Dụng	未使用	Mũ	99	4-4	帽子	
10470060	Vị Sử Dụng	未使用	Mũ	100	4-4	帽子	
10470061	Vị Sử Dụng	未使用	Mũ	91	4-4	帽子	
10470062	Vị Sử Dụng	未使用	Mũ	92	4-4	帽子	
10470063	Vị Sử Dụng	未使用	Mũ	93	4-4	帽子	
10470064	Vị Sử Dụng	未使用	Mũ	94	4-4	帽子	
10470065	Vị Sử Dụng	未使用	Mũ	95	4-4	帽子	
10470066	Vị Sử Dụng	未使用	Mũ	96	4-4	帽子	
10470067	Vị Sử Dụng	未使用	Mũ	97	4-4	帽子	
10470068	Vị Sử Dụng	未使用	Mũ	98	4-4	帽子	
10470069	Vị Sử Dụng	未使用	Mũ	99	4-4	帽子	
10470070	Vị Sử Dụng	未使用	Mũ	100	4-4	帽子	
10470071	Vị Sử Dụng	未使用	Mũ	91	4-4	帽子	
10470072	Vị Sử Dụng	未使用	Mũ	92	4-4	帽子	
10470073	Vị Sử Dụng	未使用	Mũ	93	4-4	帽子	
10470074	Vị Sử Dụng	未使用	Mũ	94	4-4	帽子	
10470075	Vị Sử Dụng	未使用	Mũ	95	4-4	帽子	
10470076	Vị Sử Dụng	未使用	Mũ	96	4-4	帽子	
10470077	Vị Sử Dụng	未使用	Mũ	97	4-4	帽子	
10470078	Vị Sử Dụng	未使用	Mũ	98	4-4	帽子	
10470079	Vị Sử Dụng	未使用	Mũ	99	4-4	帽子	
10470080	Vị Sử Dụng	未使用	Mũ	100	4-4	帽子	
10470081	Vị Sử Dụng	未使用	Mũ	91	4-4	帽子	
10470082	Vị Sử Dụng	未使用	Mũ	92	4-4	帽子	
10470083	Vị Sử Dụng	未使用	Mũ	93	4-4	帽子	
10470084	Vị Sử Dụng	未使用	Mũ	94	4-4	帽子	
10470085	Vị Sử Dụng	未使用	Mũ	95	4-4	帽子	
10470086	Vị Sử Dụng	未使用	Mũ	96	4-4	帽子	
10470087	Vị Sử Dụng	未使用	Mũ	97	4-4	帽子	
10470088	Vị Sử Dụng	未使用	Mũ	98	4-4	帽子	
10470089	Vị Sử Dụng	未使用	Mũ	99	4-4	帽子	
10470090	Vị Sử Dụng	未使用	Mũ	100	4-4	帽子	
10470091	Vị Sử Dụng	未使用	Mũ	91	4-4	帽子	
10470092	Vị Sử Dụng	未使用	Mũ	92	4-4	帽子	
10470093	Vị Sử Dụng	未使用	Mũ	93	4-4	帽子	
10470094	Vị Sử Dụng	未使用	Mũ	94	4-4	帽子	
10470095	Vị Sử Dụng	未使用	Mũ	95	4-4	帽子	
10470096	Vị Sử Dụng	未使用	Mũ	96	4-4	帽子	
10470097	Vị Sử Dụng	未使用	Mũ	97	4-4	帽子	
10470098	Vị Sử Dụng	未使用	Mũ	98	4-4	帽子	
10470099	Vị Sử Dụng	未使用	Mũ	99	4-4	帽子	
10470100	Vị Sử Dụng	未使用	Mũ	100	4-4	帽子	
10470101	Vị Sử Dụng	未使用	Mũ	91	4-4	帽子	
10470102	Vị Sử Dụng	未使用	Mũ	92	4-4	帽子	
10470103	Vị Sử Dụng	未使用	Mũ	93	4-4	帽子	
10470104	Vị Sử Dụng	未使用	Mũ	94	4-4	帽子	
10470105	Vị Sử Dụng	未使用	Mũ	95	4-4	帽子	
10470106	Vị Sử Dụng	未使用	Mũ	96	4-4	帽子	
10470107	Vị Sử Dụng	未使用	Mũ	97	4-4	帽子	
10470108	Vị Sử Dụng	未使用	Mũ	98	4-4	帽子	
10470109	Vị Sử Dụng	未使用	Mũ	99	4-4	帽子	
10470110	Vị Sử Dụng	未使用	Mũ	100	4-4	帽子	
10470111	Vị Sử Dụng	未使用	Mũ	91	4-4	帽子	
10470112	Vị Sử Dụng	未使用	Mũ	92	4-4	帽子	
10470113	Vị Sử Dụng	未使用	Mũ	93	4-4	帽子	
10470114	Vị Sử Dụng	未使用	Mũ	94	4-4	帽子	
10470115	Vị Sử Dụng	未使用	Mũ	95	4-4	帽子	
10470116	Vị Sử Dụng	未使用	Mũ	96	4-4	帽子	
10470117	Vị Sử Dụng	未使用	Mũ	97	4-4	帽子	
10470118	Vị Sử Dụng	未使用	Mũ	98	4-4	帽子	
10470119	Vị Sử Dụng	未使用	Mũ	99	4-4	帽子	
10470120	Vị Sử Dụng	未使用	Mũ	100	4-4	帽子	
10470121	Vị Sử Dụng	未使用	Mũ	91	4-4	帽子	
10470122	Vị Sử Dụng	未使用	Mũ	92	4-4	帽子	
10470123	Vị Sử Dụng	未使用	Mũ	93	4-4	帽子	
10470124	Vị Sử Dụng	未使用	Mũ	94	4-4	帽子	
10470125	Vị Sử Dụng	未使用	Mũ	95	4-4	帽子	
10470126	Vị Sử Dụng	未使用	Mũ	96	4-4	帽子	
10470127	Vị Sử Dụng	未使用	Mũ	97	4-4	帽子	
10470128	Vị Sử Dụng	未使用	Mũ	98	4-4	帽子	
10470129	Vị Sử Dụng	未使用	Mũ	99	4-4	帽子	
10470130	Vị Sử Dụng	未使用	Mũ	100	4-4	帽子	
10470131	Vị Sử Dụng	未使用	Mũ	91	4-4	帽子	
10470132	Vị Sử Dụng	未使用	Mũ	92	4-4	帽子	
10470133	Vị Sử Dụng	未使用	Mũ	93	4-4	帽子	
10470134	Vị Sử Dụng	未使用	Mũ	94	4-4	帽子	
10470135	Vị Sử Dụng	未使用	Mũ	95	4-4	帽子	
10470136	Vị Sử Dụng	未使用	Mũ	96	4-4	帽子	
10470137	Vị Sử Dụng	未使用	Mũ	97	4-4	帽子	
10470138	Vị Sử Dụng	未使用	Mũ	98	4-4	帽子	
10470139	Vị Sử Dụng	未使用	Mũ	99	4-4	帽子	
10470140	Vị Sử Dụng	未使用	Mũ	100	4-4	帽子	
10470141	Vị Sử Dụng	未使用	Mũ	91	4-4	帽子	
10470142	Vị Sử Dụng	未使用	Mũ	92	4-4	帽子	
10470143	Vị Sử Dụng	未使用	Mũ	93	4-4	帽子	
10470144	Vị Sử Dụng	未使用	Mũ	94	4-4	帽子	
10470145	Vị Sử Dụng	未使用	Mũ	95	4-4	帽子	
10470146	Vị Sử Dụng	未使用	Mũ	96	4-4	帽子	
10470147	Vị Sử Dụng	未使用	Mũ	97	4-4	帽子	
10470148	Vị Sử Dụng	未使用	Mũ	98	4-4	帽子	
10470149	Vị Sử Dụng	未使用	Mũ	99	4-4	帽子	
10470150	Vị Sử Dụng	未使用	Mũ	100	4-4	帽子	
10470151	Vị Sử Dụng	未使用	Mũ	91	4-4	帽子	
10470152	Vị Sử Dụng	未使用	Mũ	92	4-4	帽子	
10470153	Vị Sử Dụng	未使用	Mũ	93	4-4	帽子	
10470154	Vị Sử Dụng	未使用	Mũ	94	4-4	帽子	
10470155	Vị Sử Dụng	未使用	Mũ	95	4-4	帽子	
10470156	Vị Sử Dụng	未使用	Mũ	96	4-4	帽子	
10470157	Vị Sử Dụng	未使用	Mũ	97	4-4	帽子	
10470158	Vị Sử Dụng	未使用	Mũ	98	4-4	帽子	
10470159	Vị Sử Dụng	未使用	Mũ	99	4-4	帽子	
10470160	Vị Sử Dụng	未使用	Mũ	100	4-4	帽子	
10470161	Vị Sử Dụng	未使用	Mũ	91	4-4	帽子	
10470162	Vị Sử Dụng	未使用	Mũ	92	4-4	帽子	
10470163	Vị Sử Dụng	未使用	Mũ	93	4-4	帽子	
10470164	Vị Sử Dụng	未使用	Mũ	94	4-4	帽子	
10470165	Vị Sử Dụng	未使用	Mũ	95	4-4	帽子	
10470166	Vị Sử Dụng	未使用	Mũ	96	4-4	帽子	
10470167	Vị Sử Dụng	未使用	Mũ	97	4-4	帽子	
10470168	Vị Sử Dụng	未使用	Mũ	98	4-4	帽子	
10470169	Vị Sử Dụng	未使用	Mũ	99	4-4	帽子	
10470170	Vị Sử Dụng	未使用	Mũ	100	4-4	帽子	
10470171	Vị Sử Dụng	未使用	Mũ	91	4-4	帽子	
10470172	Vị Sử Dụng	未使用	Mũ	92	4-4	帽子	
10470173	Vị Sử Dụng	未使用	Mũ	93	4-4	帽子	
10470174	Vị Sử Dụng	未使用	Mũ	94	4-4	帽子	
10470175	Vị Sử Dụng	未使用	Mũ	95	4-4	帽子	
10470176	Vị Sử Dụng	未使用	Mũ	96	4-4	帽子	
10470177	Vị Sử Dụng	未使用	Mũ	97	4-4	帽子	
10470178	Vị Sử Dụng	未使用	Mũ	98	4-4	帽子	
10470179	Vị Sử Dụng	未使用	Mũ	99	4-4	帽子	
10470180	Vị Sử Dụng	未使用	Mũ	100	4-4	帽子	
10470181	Vị Sử Dụng	未使用	Mũ	91	4-4	帽子	
10470182	Vị Sử Dụng	未使用	Mũ	92	4-4	帽子	
10470183	Vị Sử Dụng	未使用	Mũ	93	4-4	帽子	
10470184	Vị Sử Dụng	未使用	Mũ	94	4-4	帽子	
10470185	Vị Sử Dụng	未使用	Mũ	95	4-4	帽子	
10470186	Vị Sử Dụng	未使用	Mũ	96	4-4	帽子	
10470187	Vị Sử Dụng	未使用	Mũ	97	4-4	帽子	
10470188	Vị Sử Dụng	未使用	Mũ	98	4-4	帽子	
10470189	Vị Sử Dụng	未使用	Mũ	99	4-4	帽子	
10470190	Vị Sử Dụng	未使用	Mũ	100	4-4	帽子	
10470191	Vị Sử Dụng	未使用	Mũ	91	4-4	帽子	
10470192	Vị Sử Dụng	未使用	Mũ	92	4-4	帽子	
10470193	Vị Sử Dụng	未使用	Mũ	93	4-4	帽子	
10470194	Vị Sử Dụng	未使用	Mũ	94	4-4	帽子	
10470195	Vị Sử Dụng	未使用	Mũ	95	4-4	帽子	
10470196	Vị Sử Dụng	未使用	Mũ	96	4-4	帽子	
10470197	Vị Sử Dụng	未使用	Mũ	97	4-4	帽子	
10470198	Vị Sử Dụng	未使用	Mũ	98	4-4	帽子	
10470199	Vị Sử Dụng	未使用	Mũ	99	4-4	帽子	
10470200	Vị Sử Dụng	未使用	Mũ	100	4-4	帽子	
10471000	Vị Sử Dụng	未使用	Giày	90	4-4	鞋	
10471001	Vị Sử Dụng	未使用	Giày	81	4-4	鞋	
10471002	Vị Sử Dụng	未使用	Giày	82	4-4	鞋	
10471003	Vị Sử Dụng	未使用	Giày	83	4-4	鞋	
10471004	Vị Sử Dụng	未使用	Giày	84	4-4	鞋	
10471005	Vị Sử Dụng	未使用	Giày	85	4-4	鞋	
10471006	Vị Sử Dụng	未使用	Giày	86	4-4	鞋	
10471007	Vị Sử Dụng	未使用	Giày	87	4-4	鞋	
10471008	Vị Sử Dụng	未使用	Giày	88	4-4	鞋	
10471009	Vị Sử Dụng	未使用	Giày	89	4-4	鞋	
10471010	Vị Sử Dụng	未使用	Giày	90	4-4	鞋	
10471011	Vị Sử Dụng	未使用	Giày	81	4-4	鞋	
10471012	Vị Sử Dụng	未使用	Giày	82	4-4	鞋	
10471013	Vị Sử Dụng	未使用	Giày	83	4-4	鞋	
10471014	Vị Sử Dụng	未使用	Giày	84	4-4	鞋	
10471015	Vị Sử Dụng	未使用	Giày	85	4-4	鞋	
10471016	Vị Sử Dụng	未使用	Giày	86	4-4	鞋	
10471017	Vị Sử Dụng	未使用	Giày	87	4-4	鞋	
10471018	Vị Sử Dụng	未使用	Giày	88	4-4	鞋	
10471019	Vị Sử Dụng	未使用	Giày	89	4-4	鞋	
10471020	Vị Sử Dụng	未使用	Giày	90	4-4	鞋	
10471021	Vị Sử Dụng	未使用	Giày	81	4-4	鞋	
10471022	Vị Sử Dụng	未使用	Giày	82	4-4	鞋	
10471023	Vị Sử Dụng	未使用	Giày	83	4-4	鞋	
10471024	Vị Sử Dụng	未使用	Giày	84	4-4	鞋	
10471025	Vị Sử Dụng	未使用	Giày	85	4-4	鞋	
10471026	Vị Sử Dụng	未使用	Giày	86	4-4	鞋	
10471027	Vị Sử Dụng	未使用	Giày	87	4-4	鞋	
10471028	Vị Sử Dụng	未使用	Giày	88	4-4	鞋	
10471029	Vị Sử Dụng	未使用	Giày	89	4-4	鞋	
10471030	Vị Sử Dụng	未使用	Giày	90	4-4	鞋	
10471031	Vị Sử Dụng	未使用	Giày	81	4-4	鞋	
10471032	Vị Sử Dụng	未使用	Giày	82	4-4	鞋	
10471033	Vị Sử Dụng	未使用	Giày	83	4-4	鞋	
10471034	Vị Sử Dụng	未使用	Giày	84	4-4	鞋	
10471035	Vị Sử Dụng	未使用	Giày	85	4-4	鞋	
10471036	Vị Sử Dụng	未使用	Giày	86	4-4	鞋	
10471037	Vị Sử Dụng	未使用	Giày	87	4-4	鞋	
10471038	Vị Sử Dụng	未使用	Giày	88	4-4	鞋	
10471039	Vị Sử Dụng	未使用	Giày	89	4-4	鞋	
10471040	Vị Sử Dụng	未使用	Giày	90	4-4	鞋	
10471041	Vị Sử Dụng	未使用	Giày	81	4-4	鞋	
10471042	Vị Sử Dụng	未使用	Giày	82	4-4	鞋	
10471043	Vị Sử Dụng	未使用	Giày	83	4-4	鞋	
10471044	Vị Sử Dụng	未使用	Giày	84	4-4	鞋	
10471045	Vị Sử Dụng	未使用	Giày	85	4-4	鞋	
10471046	Vị Sử Dụng	未使用	Giày	86	4-4	鞋	
10471047	Vị Sử Dụng	未使用	Giày	87	4-4	鞋	
10471048	Vị Sử Dụng	未使用	Giày	88	4-4	鞋	
10471049	Vị Sử Dụng	未使用	Giày	89	4-4	鞋	
10471050	Vị Sử Dụng	未使用	Giày	90	4-4	鞋	
10471051	Vị Sử Dụng	未使用	Giày	91	4-4	鞋	
10471052	Vị Sử Dụng	未使用	Giày	92	4-4	鞋	
10471053	Vị Sử Dụng	未使用	Giày	93	4-4	鞋	
10471054	Vị Sử Dụng	未使用	Giày	94	4-4	鞋	
10471055	Vị Sử Dụng	未使用	Giày	95	4-4	鞋	
10471056	Vị Sử Dụng	未使用	Giày	96	4-4	鞋	
10471057	Vị Sử Dụng	未使用	Giày	97	4-4	鞋	
10471058	Vị Sử Dụng	未使用	Giày	98	4-4	鞋	
10471059	Vị Sử Dụng	未使用	Giày	99	4-4	鞋	
10471060	Vị Sử Dụng	未使用	Giày	100	4-4	鞋	
10471061	Vị Sử Dụng	未使用	Giày	91	4-4	鞋	
10471062	Vị Sử Dụng	未使用	Giày	92	4-4	鞋	
10471063	Vị Sử Dụng	未使用	Giày	93	4-4	鞋	
10471064	Vị Sử Dụng	未使用	Giày	94	4-4	鞋	
10471065	Vị Sử Dụng	未使用	Giày	95	4-4	鞋	
10471066	Vị Sử Dụng	未使用	Giày	96	4-4	鞋	
10471067	Vị Sử Dụng	未使用	Giày	97	4-4	鞋	
10471068	Vị Sử Dụng	未使用	Giày	98	4-4	鞋	
10471069	Vị Sử Dụng	未使用	Giày	99	4-4	鞋	
10471070	Vị Sử Dụng	未使用	Giày	100	4-4	鞋	
10471071	Vị Sử Dụng	未使用	Giày	91	4-4	鞋	
10471072	Vị Sử Dụng	未使用	Giày	92	4-4	鞋	
10471073	Vị Sử Dụng	未使用	Giày	93	4-4	鞋	
10471074	Vị Sử Dụng	未使用	Giày	94	4-4	鞋	
10471075	Vị Sử Dụng	未使用	Giày	95	4-4	鞋	
10471076	Vị Sử Dụng	未使用	Giày	96	4-4	鞋	
10471077	Vị Sử Dụng	未使用	Giày	97	4-4	鞋	
10471078	Vị Sử Dụng	未使用	Giày	98	4-4	鞋	
10471079	Vị Sử Dụng	未使用	Giày	99	4-4	鞋	
10471080	Vị Sử Dụng	未使用	Giày	100	4-4	鞋	
10471081	Vị Sử Dụng	未使用	Giày	91	4-4	鞋	
10471082	Vị Sử Dụng	未使用	Giày	92	4-4	鞋	
10471083	Vị Sử Dụng	未使用	Giày	93	4-4	鞋	
10471084	Vị Sử Dụng	未使用	Giày	94	4-4	鞋	
10471085	Vị Sử Dụng	未使用	Giày	95	4-4	鞋	
10471086	Vị Sử Dụng	未使用	Giày	96	4-4	鞋	
10471087	Vị Sử Dụng	未使用	Giày	97	4-4	鞋	
10471088	Vị Sử Dụng	未使用	Giày	98	4-4	鞋	
10471089	Vị Sử Dụng	未使用	Giày	99	4-4	鞋	
10471090	Vị Sử Dụng	未使用	Giày	100	4-4	鞋	
10471091	Vị Sử Dụng	未使用	Giày	91	4-4	鞋	
10471092	Vị Sử Dụng	未使用	Giày	92	4-4	鞋	
10471093	Vị Sử Dụng	未使用	Giày	93	4-4	鞋	
10471094	Vị Sử Dụng	未使用	Giày	94	4-4	鞋	
10471095	Vị Sử Dụng	未使用	Giày	95	4-4	鞋	
10471096	Vị Sử Dụng	未使用	Giày	96	4-4	鞋	
10471097	Vị Sử Dụng	未使用	Giày	97	4-4	鞋	
10471098	Vị Sử Dụng	未使用	Giày	98	4-4	鞋	
10471099	Vị Sử Dụng	未使用	Giày	99	4-4	鞋	
10471100	Vị Sử Dụng	未使用	Giày	100	4-4	鞋	
10471101	Vị Sử Dụng	未使用	Giày	91	4-4	鞋	
10471102	Vị Sử Dụng	未使用	Giày	92	4-4	鞋	
10471103	Vị Sử Dụng	未使用	Giày	93	4-4	鞋	
10471104	Vị Sử Dụng	未使用	Giày	94	4-4	鞋	
10471105	Vị Sử Dụng	未使用	Giày	95	4-4	鞋	
10471106	Vị Sử Dụng	未使用	Giày	96	4-4	鞋	
10471107	Vị Sử Dụng	未使用	Giày	97	4-4	鞋	
10471108	Vị Sử Dụng	未使用	Giày	98	4-4	鞋	
10471109	Vị Sử Dụng	未使用	Giày	99	4-4	鞋	
10471110	Vị Sử Dụng	未使用	Giày	100	4-4	鞋	
10471111	Vị Sử Dụng	未使用	Giày	91	4-4	鞋	
10471112	Vị Sử Dụng	未使用	Giày	92	4-4	鞋	
10471113	Vị Sử Dụng	未使用	Giày	93	4-4	鞋	
10471114	Vị Sử Dụng	未使用	Giày	94	4-4	鞋	
10471115	Vị Sử Dụng	未使用	Giày	95	4-4	鞋	
10471116	Vị Sử Dụng	未使用	Giày	96	4-4	鞋	
10471117	Vị Sử Dụng	未使用	Giày	97	4-4	鞋	
10471118	Vị Sử Dụng	未使用	Giày	98	4-4	鞋	
10471119	Vị Sử Dụng	未使用	Giày	99	4-4	鞋	
10471120	Vị Sử Dụng	未使用	Giày	100	4-4	鞋	
10471121	Vị Sử Dụng	未使用	Giày	91	4-4	鞋	
10471122	Vị Sử Dụng	未使用	Giày	92	4-4	鞋	
10471123	Vị Sử Dụng	未使用	Giày	93	4-4	鞋	
10471124	Vị Sử Dụng	未使用	Giày	94	4-4	鞋	
10471125	Vị Sử Dụng	未使用	Giày	95	4-4	鞋	
10471126	Vị Sử Dụng	未使用	Giày	96	4-4	鞋	
10471127	Vị Sử Dụng	未使用	Giày	97	4-4	鞋	
10471128	Vị Sử Dụng	未使用	Giày	98	4-4	鞋	
10471129	Vị Sử Dụng	未使用	Giày	99	4-4	鞋	
10471130	Vị Sử Dụng	未使用	Giày	100	4-4	鞋	
10471131	Vị Sử Dụng	未使用	Giày	91	4-4	鞋	
10471132	Vị Sử Dụng	未使用	Giày	92	4-4	鞋	
10471133	Vị Sử Dụng	未使用	Giày	93	4-4	鞋	
10471134	Vị Sử Dụng	未使用	Giày	94	4-4	鞋	
10471135	Vị Sử Dụng	未使用	Giày	95	4-4	鞋	
10471136	Vị Sử Dụng	未使用	Giày	96	4-4	鞋	
10471137	Vị Sử Dụng	未使用	Giày	97	4-4	鞋	
10471138	Vị Sử Dụng	未使用	Giày	98	4-4	鞋	
10471139	Vị Sử Dụng	未使用	Giày	99	4-4	鞋	
10471140	Vị Sử Dụng	未使用	Giày	100	4-4	鞋	
10471141	Vị Sử Dụng	未使用	Giày	91	4-4	鞋	
10471142	Vị Sử Dụng	未使用	Giày	92	4-4	鞋	
10471143	Vị Sử Dụng	未使用	Giày	93	4-4	鞋	
10471144	Vị Sử Dụng	未使用	Giày	94	4-4	鞋	
10471145	Vị Sử Dụng	未使用	Giày	95	4-4	鞋	
10471146	Vị Sử Dụng	未使用	Giày	96	4-4	鞋	
10471147	Vị Sử Dụng	未使用	Giày	97	4-4	鞋	
10471148	Vị Sử Dụng	未使用	Giày	98	4-4	鞋	
10471149	Vị Sử Dụng	未使用	Giày	99	4-4	鞋	
10471150	Vị Sử Dụng	未使用	Giày	100	4-4	鞋	
10471151	Vị Sử Dụng	未使用	Giày	91	4-4	鞋	
10471152	Vị Sử Dụng	未使用	Giày	92	4-4	鞋	
10471153	Vị Sử Dụng	未使用	Giày	93	4-4	鞋	
10471154	Vị Sử Dụng	未使用	Giày	94	4-4	鞋	
10471155	Vị Sử Dụng	未使用	Giày	95	4-4	鞋	
10471156	Vị Sử Dụng	未使用	Giày	96	4-4	鞋	
10471157	Vị Sử Dụng	未使用	Giày	97	4-4	鞋	
10471158	Vị Sử Dụng	未使用	Giày	98	4-4	鞋	
10471159	Vị Sử Dụng	未使用	Giày	99	4-4	鞋	
10471160	Vị Sử Dụng	未使用	Giày	100	4-4	鞋	
10471161	Vị Sử Dụng	未使用	Giày	91	4-4	鞋	
10471162	Vị Sử Dụng	未使用	Giày	92	4-4	鞋	
10471163	Vị Sử Dụng	未使用	Giày	93	4-4	鞋	
10471164	Vị Sử Dụng	未使用	Giày	94	4-4	鞋	
10471165	Vị Sử Dụng	未使用	Giày	95	4-4	鞋	
10471166	Vị Sử Dụng	未使用	Giày	96	4-4	鞋	
10471167	Vị Sử Dụng	未使用	Giày	97	4-4	鞋	
10471168	Vị Sử Dụng	未使用	Giày	98	4-4	鞋	
10471169	Vị Sử Dụng	未使用	Giày	99	4-4	鞋	
10471170	Vị Sử Dụng	未使用	Giày	100	4-4	鞋	
10471171	Vị Sử Dụng	未使用	Giày	91	4-4	鞋	
10471172	Vị Sử Dụng	未使用	Giày	92	4-4	鞋	
10471173	Vị Sử Dụng	未使用	Giày	93	4-4	鞋	
10471174	Vị Sử Dụng	未使用	Giày	94	4-4	鞋	
10471175	Vị Sử Dụng	未使用	Giày	95	4-4	鞋	
10471176	Vị Sử Dụng	未使用	Giày	96	4-4	鞋	
10471177	Vị Sử Dụng	未使用	Giày	97	4-4	鞋	
10471178	Vị Sử Dụng	未使用	Giày	98	4-4	鞋	
10471179	Vị Sử Dụng	未使用	Giày	99	4-4	鞋	
10471180	Vị Sử Dụng	未使用	Giày	100	4-4	鞋	
10471181	Vị Sử Dụng	未使用	Giày	91	4-4	鞋	
10471182	Vị Sử Dụng	未使用	Giày	92	4-4	鞋	
10471183	Vị Sử Dụng	未使用	Giày	93	4-4	鞋	
10471184	Vị Sử Dụng	未使用	Giày	94	4-4	鞋	
10471185	Vị Sử Dụng	未使用	Giày	95	4-4	鞋	
10471186	Vị Sử Dụng	未使用	Giày	96	4-4	鞋	
10471187	Vị Sử Dụng	未使用	Giày	97	4-4	鞋	
10471188	Vị Sử Dụng	未使用	Giày	98	4-4	鞋	
10471189	Vị Sử Dụng	未使用	Giày	99	4-4	鞋	
10471190	Vị Sử Dụng	未使用	Giày	100	4-4	鞋	
10471191	Vị Sử Dụng	未使用	Giày	91	4-4	鞋	
10471192	Vị Sử Dụng	未使用	Giày	92	4-4	鞋	
10471193	Vị Sử Dụng	未使用	Giày	93	4-4	鞋	
10471194	Vị Sử Dụng	未使用	Giày	94	4-4	鞋	
10471195	Vị Sử Dụng	未使用	Giày	95	4-4	鞋	
10471196	Vị Sử Dụng	未使用	Giày	96	4-4	鞋	
10471197	Vị Sử Dụng	未使用	Giày	97	4-4	鞋	
10471198	Vị Sử Dụng	未使用	Giày	98	4-4	鞋	
10471199	Vị Sử Dụng	未使用	Giày	99	4-4	鞋	
10471200	Vị Sử Dụng	未使用	Giày	100	4-4	鞋	
10472000	Vị Sử Dụng	未使用	Bao tay	90	4-4	手套	
10472001	Vị Sử Dụng	未使用	Bao tay	81	4-4	手套	
10472002	Vị Sử Dụng	未使用	Bao tay	82	4-4	手套	
10472003	Vị Sử Dụng	未使用	Bao tay	83	4-4	手套	
10472004	Vị Sử Dụng	未使用	Bao tay	84	4-4	手套	
10472005	Vị Sử Dụng	未使用	Bao tay	85	4-4	手套	
10472006	Vị Sử Dụng	未使用	Bao tay	86	4-4	手套	
10472007	Vị Sử Dụng	未使用	Bao tay	87	4-4	手套	
10472008	Vị Sử Dụng	未使用	Bao tay	88	4-4	手套	
10472009	Vị Sử Dụng	未使用	Bao tay	89	4-4	手套	
10472010	Vị Sử Dụng	未使用	Bao tay	90	4-4	手套	
10472011	Vị Sử Dụng	未使用	Bao tay	81	4-4	手套	
10472012	Vị Sử Dụng	未使用	Bao tay	82	4-4	手套	
10472013	Vị Sử Dụng	未使用	Bao tay	83	4-4	手套	
10472014	Vị Sử Dụng	未使用	Bao tay	84	4-4	手套	
10472015	Vị Sử Dụng	未使用	Bao tay	85	4-4	手套	
10472016	Vị Sử Dụng	未使用	Bao tay	86	4-4	手套	
10472017	Vị Sử Dụng	未使用	Bao tay	87	4-4	手套	
10472018	Vị Sử Dụng	未使用	Bao tay	88	4-4	手套	
10472019	Vị Sử Dụng	未使用	Bao tay	89	4-4	手套	
10472020	Vị Sử Dụng	未使用	Bao tay	90	4-4	手套	
10472021	Vị Sử Dụng	未使用	Bao tay	81	4-4	手套	
10472022	Vị Sử Dụng	未使用	Bao tay	82	4-4	手套	
10472023	Vị Sử Dụng	未使用	Bao tay	83	4-4	手套	
10472024	Vị Sử Dụng	未使用	Bao tay	84	4-4	手套	
10472025	Vị Sử Dụng	未使用	Bao tay	85	4-4	手套	
10472026	Vị Sử Dụng	未使用	Bao tay	86	4-4	手套	
10472027	Vị Sử Dụng	未使用	Bao tay	87	4-4	手套	
10472028	Vị Sử Dụng	未使用	Bao tay	88	4-4	手套	
10472029	Vị Sử Dụng	未使用	Bao tay	89	4-4	手套	
10472030	Vị Sử Dụng	未使用	Bao tay	90	4-4	手套	
10472031	Vị Sử Dụng	未使用	Bao tay	81	4-4	手套	
10472032	Vị Sử Dụng	未使用	Bao tay	82	4-4	手套	
10472033	Vị Sử Dụng	未使用	Bao tay	83	4-4	手套	
10472034	Vị Sử Dụng	未使用	Bao tay	84	4-4	手套	
10472035	Vị Sử Dụng	未使用	Bao tay	85	4-4	手套	
10472036	Vị Sử Dụng	未使用	Bao tay	86	4-4	手套	
10472037	Vị Sử Dụng	未使用	Bao tay	87	4-4	手套	
10472038	Vị Sử Dụng	未使用	Bao tay	88	4-4	手套	
10472039	Vị Sử Dụng	未使用	Bao tay	89	4-4	手套	
10472040	Vị Sử Dụng	未使用	Bao tay	90	4-4	手套	
10472041	Vị Sử Dụng	未使用	Bao tay	81	4-4	手套	
10472042	Vị Sử Dụng	未使用	Bao tay	82	4-4	手套	
10472043	Vị Sử Dụng	未使用	Bao tay	83	4-4	手套	
10472044	Vị Sử Dụng	未使用	Bao tay	84	4-4	手套	
10472045	Vị Sử Dụng	未使用	Bao tay	85	4-4	手套	
10472046	Vị Sử Dụng	未使用	Bao tay	86	4-4	手套	
10472047	Vị Sử Dụng	未使用	Bao tay	87	4-4	手套	
10472048	Vị Sử Dụng	未使用	Bao tay	88	4-4	手套	
10472049	Vị Sử Dụng	未使用	Bao tay	89	4-4	手套	
10472050	Vị Sử Dụng	未使用	Bao tay	90	4-4	手套	
10472051	Vị Sử Dụng	未使用	Bao tay	91	4-4	手套	
10472052	Vị Sử Dụng	未使用	Bao tay	92	4-4	手套	
10472053	Vị Sử Dụng	未使用	Bao tay	93	4-4	手套	
10472054	Vị Sử Dụng	未使用	Bao tay	94	4-4	手套	
10472055	Vị Sử Dụng	未使用	Bao tay	95	4-4	手套	
10472056	Vị Sử Dụng	未使用	Bao tay	96	4-4	手套	
10472057	Vị Sử Dụng	未使用	Bao tay	97	4-4	手套	
10472058	Vị Sử Dụng	未使用	Bao tay	98	4-4	手套	
10472059	Vị Sử Dụng	未使用	Bao tay	99	4-4	手套	
10472060	Vị Sử Dụng	未使用	Bao tay	100	4-4	手套	
10472061	Vị Sử Dụng	未使用	Bao tay	91	4-4	手套	
10472062	Vị Sử Dụng	未使用	Bao tay	92	4-4	手套	
10472063	Vị Sử Dụng	未使用	Bao tay	93	4-4	手套	
10472064	Vị Sử Dụng	未使用	Bao tay	94	4-4	手套	
10472065	Vị Sử Dụng	未使用	Bao tay	95	4-4	手套	
10472066	Vị Sử Dụng	未使用	Bao tay	96	4-4	手套	
10472067	Vị Sử Dụng	未使用	Bao tay	97	4-4	手套	
10472068	Vị Sử Dụng	未使用	Bao tay	98	4-4	手套	
10472069	Vị Sử Dụng	未使用	Bao tay	99	4-4	手套	
10472070	Vị Sử Dụng	未使用	Bao tay	100	4-4	手套	
10472071	Vị Sử Dụng	未使用	Bao tay	91	4-4	手套	
10472072	Vị Sử Dụng	未使用	Bao tay	92	4-4	手套	
10472073	Vị Sử Dụng	未使用	Bao tay	93	4-4	手套	
10472074	Vị Sử Dụng	未使用	Bao tay	94	4-4	手套	
10472075	Vị Sử Dụng	未使用	Bao tay	95	4-4	手套	
10472076	Vị Sử Dụng	未使用	Bao tay	96	4-4	手套	
10472077	Vị Sử Dụng	未使用	Bao tay	97	4-4	手套	
10472078	Vị Sử Dụng	未使用	Bao tay	98	4-4	手套	
10472079	Vị Sử Dụng	未使用	Bao tay	99	4-4	手套	
10472080	Vị Sử Dụng	未使用	Bao tay	100	4-4	手套	
10472081	Vị Sử Dụng	未使用	Bao tay	91	4-4	手套	
10472082	Vị Sử Dụng	未使用	Bao tay	92	4-4	手套	
10472083	Vị Sử Dụng	未使用	Bao tay	93	4-4	手套	
10472084	Vị Sử Dụng	未使用	Bao tay	94	4-4	手套	
10472085	Vị Sử Dụng	未使用	Bao tay	95	4-4	手套	
10472086	Vị Sử Dụng	未使用	Bao tay	96	4-4	手套	
10472087	Vị Sử Dụng	未使用	Bao tay	97	4-4	手套	
10472088	Vị Sử Dụng	未使用	Bao tay	98	4-4	手套	
10472089	Vị Sử Dụng	未使用	Bao tay	99	4-4	手套	
10472090	Vị Sử Dụng	未使用	Bao tay	100	4-4	手套	
10472091	Vị Sử Dụng	未使用	Bao tay	91	4-4	手套	
10472092	Vị Sử Dụng	未使用	Bao tay	92	4-4	手套	
10472093	Vị Sử Dụng	未使用	Bao tay	93	4-4	手套	
10472094	Vị Sử Dụng	未使用	Bao tay	94	4-4	手套	
10472095	Vị Sử Dụng	未使用	Bao tay	95	4-4	手套	
10472096	Vị Sử Dụng	未使用	Bao tay	96	4-4	手套	
10472097	Vị Sử Dụng	未使用	Bao tay	97	4-4	手套	
10472098	Vị Sử Dụng	未使用	Bao tay	98	4-4	手套	
10472099	Vị Sử Dụng	未使用	Bao tay	99	4-4	手套	
10472100	Vị Sử Dụng	未使用	Bao tay	100	4-4	手套	
10472101	Vị Sử Dụng	未使用	Bao tay	91	4-4	手套	
10472102	Vị Sử Dụng	未使用	Bao tay	92	4-4	手套	
10472103	Vị Sử Dụng	未使用	Bao tay	93	4-4	手套	
10472104	Vị Sử Dụng	未使用	Bao tay	94	4-4	手套	
10472105	Vị Sử Dụng	未使用	Bao tay	95	4-4	手套	
10472106	Vị Sử Dụng	未使用	Bao tay	96	4-4	手套	
10472107	Vị Sử Dụng	未使用	Bao tay	97	4-4	手套	
10472108	Vị Sử Dụng	未使用	Bao tay	98	4-4	手套	
10472109	Vị Sử Dụng	未使用	Bao tay	99	4-4	手套	
10472110	Vị Sử Dụng	未使用	Bao tay	100	4-4	手套	
10472111	Vị Sử Dụng	未使用	Bao tay	91	4-4	手套	
10472112	Vị Sử Dụng	未使用	Bao tay	92	4-4	手套	
10472113	Vị Sử Dụng	未使用	Bao tay	93	4-4	手套	
10472114	Vị Sử Dụng	未使用	Bao tay	94	4-4	手套	
10472115	Vị Sử Dụng	未使用	Bao tay	95	4-4	手套	
10472116	Vị Sử Dụng	未使用	Bao tay	96	4-4	手套	
10472117	Vị Sử Dụng	未使用	Bao tay	97	4-4	手套	
10472118	Vị Sử Dụng	未使用	Bao tay	98	4-4	手套	
10472119	Vị Sử Dụng	未使用	Bao tay	99	4-4	手套	
10472120	Vị Sử Dụng	未使用	Bao tay	100	4-4	手套	
10472121	Vị Sử Dụng	未使用	Bao tay	91	4-4	手套	
10472122	Vị Sử Dụng	未使用	Bao tay	92	4-4	手套	
10472123	Vị Sử Dụng	未使用	Bao tay	93	4-4	手套	
10472124	Vị Sử Dụng	未使用	Bao tay	94	4-4	手套	
10472125	Vị Sử Dụng	未使用	Bao tay	95	4-4	手套	
10472126	Vị Sử Dụng	未使用	Bao tay	96	4-4	手套	
10472127	Vị Sử Dụng	未使用	Bao tay	97	4-4	手套	
10472128	Vị Sử Dụng	未使用	Bao tay	98	4-4	手套	
10472129	Vị Sử Dụng	未使用	Bao tay	99	4-4	手套	
10472130	Vị Sử Dụng	未使用	Bao tay	100	4-4	手套	
10472131	Vị Sử Dụng	未使用	Bao tay	91	4-4	手套	
10472132	Vị Sử Dụng	未使用	Bao tay	92	4-4	手套	
10472133	Vị Sử Dụng	未使用	Bao tay	93	4-4	手套	
10472134	Vị Sử Dụng	未使用	Bao tay	94	4-4	手套	
10472135	Vị Sử Dụng	未使用	Bao tay	95	4-4	手套	
10472136	Vị Sử Dụng	未使用	Bao tay	96	4-4	手套	
10472137	Vị Sử Dụng	未使用	Bao tay	97	4-4	手套	
10472138	Vị Sử Dụng	未使用	Bao tay	98	4-4	手套	
10472139	Vị Sử Dụng	未使用	Bao tay	99	4-4	手套	
10472140	Vị Sử Dụng	未使用	Bao tay	100	4-4	手套	
10472141	Vị Sử Dụng	未使用	Bao tay	91	4-4	手套	
10472142	Vị Sử Dụng	未使用	Bao tay	92	4-4	手套	
10472143	Vị Sử Dụng	未使用	Bao tay	93	4-4	手套	
10472144	Vị Sử Dụng	未使用	Bao tay	94	4-4	手套	
10472145	Vị Sử Dụng	未使用	Bao tay	95	4-4	手套	
10472146	Vị Sử Dụng	未使用	Bao tay	96	4-4	手套	
10472147	Vị Sử Dụng	未使用	Bao tay	97	4-4	手套	
10472148	Vị Sử Dụng	未使用	Bao tay	98	4-4	手套	
10472149	Vị Sử Dụng	未使用	Bao tay	99	4-4	手套	
10472150	Vị Sử Dụng	未使用	Bao tay	100	4-4	手套	
10472151	Vị Sử Dụng	未使用	Bao tay	91	4-4	手套	
10472152	Vị Sử Dụng	未使用	Bao tay	92	4-4	手套	
10472153	Vị Sử Dụng	未使用	Bao tay	93	4-4	手套	
10472154	Vị Sử Dụng	未使用	Bao tay	94	4-4	手套	
10472155	Vị Sử Dụng	未使用	Bao tay	95	4-4	手套	
10472156	Vị Sử Dụng	未使用	Bao tay	96	4-4	手套	
10472157	Vị Sử Dụng	未使用	Bao tay	97	4-4	手套	
10472158	Vị Sử Dụng	未使用	Bao tay	98	4-4	手套	
10472159	Vị Sử Dụng	未使用	Bao tay	99	4-4	手套	
10472160	Vị Sử Dụng	未使用	Bao tay	100	4-4	手套	
10472161	Vị Sử Dụng	未使用	Bao tay	91	4-4	手套	
10472162	Vị Sử Dụng	未使用	Bao tay	92	4-4	手套	
10472163	Vị Sử Dụng	未使用	Bao tay	93	4-4	手套	
10472164	Vị Sử Dụng	未使用	Bao tay	94	4-4	手套	
10472165	Vị Sử Dụng	未使用	Bao tay	95	4-4	手套	
10472166	Vị Sử Dụng	未使用	Bao tay	96	4-4	手套	
10472167	Vị Sử Dụng	未使用	Bao tay	97	4-4	手套	
10472168	Vị Sử Dụng	未使用	Bao tay	98	4-4	手套	
10472169	Vị Sử Dụng	未使用	Bao tay	99	4-4	手套	
10472170	Vị Sử Dụng	未使用	Bao tay	100	4-4	手套	
10472171	Vị Sử Dụng	未使用	Bao tay	91	4-4	手套	
10472172	Vị Sử Dụng	未使用	Bao tay	92	4-4	手套	
10472173	Vị Sử Dụng	未使用	Bao tay	93	4-4	手套	
10472174	Vị Sử Dụng	未使用	Bao tay	94	4-4	手套	
10472175	Vị Sử Dụng	未使用	Bao tay	95	4-4	手套	
10472176	Vị Sử Dụng	未使用	Bao tay	96	4-4	手套	
10472177	Vị Sử Dụng	未使用	Bao tay	97	4-4	手套	
10472178	Vị Sử Dụng	未使用	Bao tay	98	4-4	手套	
10472179	Vị Sử Dụng	未使用	Bao tay	99	4-4	手套	
10472180	Vị Sử Dụng	未使用	Bao tay	100	4-4	手套	
10472181	Vị Sử Dụng	未使用	Bao tay	91	4-4	手套	
10472182	Vị Sử Dụng	未使用	Bao tay	92	4-4	手套	
10472183	Vị Sử Dụng	未使用	Bao tay	93	4-4	手套	
10472184	Vị Sử Dụng	未使用	Bao tay	94	4-4	手套	
10472185	Vị Sử Dụng	未使用	Bao tay	95	4-4	手套	
10472186	Vị Sử Dụng	未使用	Bao tay	96	4-4	手套	
10472187	Vị Sử Dụng	未使用	Bao tay	97	4-4	手套	
10472188	Vị Sử Dụng	未使用	Bao tay	98	4-4	手套	
10472189	Vị Sử Dụng	未使用	Bao tay	99	4-4	手套	
10472190	Vị Sử Dụng	未使用	Bao tay	100	4-4	手套	
10472191	Vị Sử Dụng	未使用	Bao tay	91	4-4	手套	
10472192	Vị Sử Dụng	未使用	Bao tay	92	4-4	手套	
10472193	Vị Sử Dụng	未使用	Bao tay	93	4-4	手套	
10472194	Vị Sử Dụng	未使用	Bao tay	94	4-4	手套	
10472195	Vị Sử Dụng	未使用	Bao tay	95	4-4	手套	
10472196	Vị Sử Dụng	未使用	Bao tay	96	4-4	手套	
10472197	Vị Sử Dụng	未使用	Bao tay	97	4-4	手套	
10472198	Vị Sử Dụng	未使用	Bao tay	98	4-4	手套	
10472199	Vị Sử Dụng	未使用	Bao tay	99	4-4	手套	
10472200	Vị Sử Dụng	未使用	Bao tay	100	4-4	手套	
10473000	Vị Sử Dụng	未使用	Áo	90	4-4	衣服	
10473001	Vị Sử Dụng	未使用	Áo	81	4-4	衣服	
10473002	Vị Sử Dụng	未使用	Áo	82	4-4	衣服	
10473003	Vị Sử Dụng	未使用	Áo	83	4-4	衣服	
10473004	Vị Sử Dụng	未使用	Áo	84	4-4	衣服	
10473005	Vị Sử Dụng	未使用	Áo	85	4-4	衣服	
10473006	Vị Sử Dụng	未使用	Áo	86	4-4	衣服	
10473007	Vị Sử Dụng	未使用	Áo	87	4-4	衣服	
10473008	Vị Sử Dụng	未使用	Áo	88	4-4	衣服	
10473009	Vị Sử Dụng	未使用	Áo	89	4-4	衣服	
10473010	Vị Sử Dụng	未使用	Áo	90	4-4	衣服	
10473011	Vị Sử Dụng	未使用	Áo	81	4-4	衣服	
10473012	Vị Sử Dụng	未使用	Áo	82	4-4	衣服	
10473013	Vị Sử Dụng	未使用	Áo	83	4-4	衣服	
10473014	Vị Sử Dụng	未使用	Áo	84	4-4	衣服	
10473015	Vị Sử Dụng	未使用	Áo	85	4-4	衣服	
10473016	Vị Sử Dụng	未使用	Áo	86	4-4	衣服	
10473017	Vị Sử Dụng	未使用	Áo	87	4-4	衣服	
10473018	Vị Sử Dụng	未使用	Áo	88	4-4	衣服	
10473019	Vị Sử Dụng	未使用	Áo	89	4-4	衣服	
10473020	Vị Sử Dụng	未使用	Áo	90	4-4	衣服	
10473021	Vị Sử Dụng	未使用	Áo	81	4-4	衣服	
10473022	Vị Sử Dụng	未使用	Áo	82	4-4	衣服	
10473023	Vị Sử Dụng	未使用	Áo	83	4-4	衣服	
10473024	Vị Sử Dụng	未使用	Áo	84	4-4	衣服	
10473025	Vị Sử Dụng	未使用	Áo	85	4-4	衣服	
10473026	Vị Sử Dụng	未使用	Áo	86	4-4	衣服	
10473027	Vị Sử Dụng	未使用	Áo	87	4-4	衣服	
10473028	Vị Sử Dụng	未使用	Áo	88	4-4	衣服	
10473029	Vị Sử Dụng	未使用	Áo	89	4-4	衣服	
10473030	Vị Sử Dụng	未使用	Áo	90	4-4	衣服	
10473031	Vị Sử Dụng	未使用	Áo	81	4-4	衣服	
10473032	Vị Sử Dụng	未使用	Áo	82	4-4	衣服	
10473033	Vị Sử Dụng	未使用	Áo	83	4-4	衣服	
10473034	Vị Sử Dụng	未使用	Áo	84	4-4	衣服	
10473035	Vị Sử Dụng	未使用	Áo	85	4-4	衣服	
10473036	Vị Sử Dụng	未使用	Áo	86	4-4	衣服	
10473037	Vị Sử Dụng	未使用	Áo	87	4-4	衣服	
10473038	Vị Sử Dụng	未使用	Áo	88	4-4	衣服	
10473039	Vị Sử Dụng	未使用	Áo	89	4-4	衣服	
10473040	Vị Sử Dụng	未使用	Áo	90	4-4	衣服	
10473041	Vị Sử Dụng	未使用	Áo	81	4-4	衣服	
10473042	Vị Sử Dụng	未使用	Áo	82	4-4	衣服	
10473043	Vị Sử Dụng	未使用	Áo	83	4-4	衣服	
10473044	Vị Sử Dụng	未使用	Áo	84	4-4	衣服	
10473045	Vị Sử Dụng	未使用	Áo	85	4-4	衣服	
10473046	Vị Sử Dụng	未使用	Áo	86	4-4	衣服	
10473047	Vị Sử Dụng	未使用	Áo	87	4-4	衣服	
10473048	Vị Sử Dụng	未使用	Áo	88	4-4	衣服	
10473049	Vị Sử Dụng	未使用	Áo	89	4-4	衣服	
10473050	Vị Sử Dụng	未使用	Áo	90	4-4	衣服	
10473051	Vị Sử Dụng	未使用	Áo	91	4-4	衣服	
10473052	Vị Sử Dụng	未使用	Áo	92	4-4	衣服	
10473053	Vị Sử Dụng	未使用	Áo	93	4-4	衣服	
10473054	Vị Sử Dụng	未使用	Áo	94	4-4	衣服	
10473055	Vị Sử Dụng	未使用	Áo	95	4-4	衣服	
10473056	Vị Sử Dụng	未使用	Áo	96	4-4	衣服	
10473057	Vị Sử Dụng	未使用	Áo	97	4-4	衣服	
10473058	Vị Sử Dụng	未使用	Áo	98	4-4	衣服	
10473059	Vị Sử Dụng	未使用	Áo	99	4-4	衣服	
10473060	Vị Sử Dụng	未使用	Áo	100	4-4	衣服	
10473061	Vị Sử Dụng	未使用	Áo	91	4-4	衣服	
10473062	Vị Sử Dụng	未使用	Áo	92	4-4	衣服	
10473063	Vị Sử Dụng	未使用	Áo	93	4-4	衣服	
10473064	Vị Sử Dụng	未使用	Áo	94	4-4	衣服	
10473065	Vị Sử Dụng	未使用	Áo	95	4-4	衣服	
10473066	Vị Sử Dụng	未使用	Áo	96	4-4	衣服	
10473067	Vị Sử Dụng	未使用	Áo	97	4-4	衣服	
10473068	Vị Sử Dụng	未使用	Áo	98	4-4	衣服	
10473069	Vị Sử Dụng	未使用	Áo	99	4-4	衣服	
10473070	Vị Sử Dụng	未使用	Áo	100	4-4	衣服	
10473071	Vị Sử Dụng	未使用	Áo	91	4-4	衣服	
10473072	Vị Sử Dụng	未使用	Áo	92	4-4	衣服	
10473073	Vị Sử Dụng	未使用	Áo	93	4-4	衣服	
10473074	Vị Sử Dụng	未使用	Áo	94	4-4	衣服	
10473075	Vị Sử Dụng	未使用	Áo	95	4-4	衣服	
10473076	Vị Sử Dụng	未使用	Áo	96	4-4	衣服	
10473077	Vị Sử Dụng	未使用	Áo	97	4-4	衣服	
10473078	Vị Sử Dụng	未使用	Áo	98	4-4	衣服	
10473079	Vị Sử Dụng	未使用	Áo	99	4-4	衣服	
10473080	Vị Sử Dụng	未使用	Áo	100	4-4	衣服	
10473081	Vị Sử Dụng	未使用	Áo	91	4-4	衣服	
10473082	Vị Sử Dụng	未使用	Áo	92	4-4	衣服	
10473083	Vị Sử Dụng	未使用	Áo	93	4-4	衣服	
10473084	Vị Sử Dụng	未使用	Áo	94	4-4	衣服	
10473085	Vị Sử Dụng	未使用	Áo	95	4-4	衣服	
10473086	Vị Sử Dụng	未使用	Áo	96	4-4	衣服	
10473087	Vị Sử Dụng	未使用	Áo	97	4-4	衣服	
10473088	Vị Sử Dụng	未使用	Áo	98	4-4	衣服	
10473089	Vị Sử Dụng	未使用	Áo	99	4-4	衣服	
10473090	Vị Sử Dụng	未使用	Áo	100	4-4	衣服	
10473091	Vị Sử Dụng	未使用	Áo	91	4-4	衣服	
10473092	Vị Sử Dụng	未使用	Áo	92	4-4	衣服	
10473093	Vị Sử Dụng	未使用	Áo	93	4-4	衣服	
10473094	Vị Sử Dụng	未使用	Áo	94	4-4	衣服	
10473095	Vị Sử Dụng	未使用	Áo	95	4-4	衣服	
10473096	Vị Sử Dụng	未使用	Áo	96	4-4	衣服	
10473097	Vị Sử Dụng	未使用	Áo	97	4-4	衣服	
10473098	Vị Sử Dụng	未使用	Áo	98	4-4	衣服	
10473099	Vị Sử Dụng	未使用	Áo	99	4-4	衣服	
10473100	Vị Sử Dụng	未使用	Áo	100	4-4	衣服	
10473101	Vị Sử Dụng	未使用	Áo	91	4-4	衣服	
10473102	Vị Sử Dụng	未使用	Áo	92	4-4	衣服	
10473103	Vị Sử Dụng	未使用	Áo	93	4-4	衣服	
10473104	Vị Sử Dụng	未使用	Áo	94	4-4	衣服	
10473105	Vị Sử Dụng	未使用	Áo	95	4-4	衣服	
10473106	Vị Sử Dụng	未使用	Áo	96	4-4	衣服	
10473107	Vị Sử Dụng	未使用	Áo	97	4-4	衣服	
10473108	Vị Sử Dụng	未使用	Áo	98	4-4	衣服	
10473109	Vị Sử Dụng	未使用	Áo	99	4-4	衣服	
10473110	Vị Sử Dụng	未使用	Áo	100	4-4	衣服	
10473111	Vị Sử Dụng	未使用	Áo	91	4-4	衣服	
10473112	Vị Sử Dụng	未使用	Áo	92	4-4	衣服	
10473113	Vị Sử Dụng	未使用	Áo	93	4-4	衣服	
10473114	Vị Sử Dụng	未使用	Áo	94	4-4	衣服	
10473115	Vị Sử Dụng	未使用	Áo	95	4-4	衣服	
10473116	Vị Sử Dụng	未使用	Áo	96	4-4	衣服	
10473117	Vị Sử Dụng	未使用	Áo	97	4-4	衣服	
10473118	Vị Sử Dụng	未使用	Áo	98	4-4	衣服	
10473119	Vị Sử Dụng	未使用	Áo	99	4-4	衣服	
10473120	Vị Sử Dụng	未使用	Áo	100	4-4	衣服	
10473121	Vị Sử Dụng	未使用	Áo	91	4-4	衣服	
10473122	Vị Sử Dụng	未使用	Áo	92	4-4	衣服	
10473123	Vị Sử Dụng	未使用	Áo	93	4-4	衣服	
10473124	Vị Sử Dụng	未使用	Áo	94	4-4	衣服	
10473125	Vị Sử Dụng	未使用	Áo	95	4-4	衣服	
10473126	Vị Sử Dụng	未使用	Áo	96	4-4	衣服	
10473127	Vị Sử Dụng	未使用	Áo	97	4-4	衣服	
10473128	Vị Sử Dụng	未使用	Áo	98	4-4	衣服	
10473129	Vị Sử Dụng	未使用	Áo	99	4-4	衣服	
10473130	Vị Sử Dụng	未使用	Áo	100	4-4	衣服	
10473131	Vị Sử Dụng	未使用	Áo	91	4-4	衣服	
10473132	Vị Sử Dụng	未使用	Áo	92	4-4	衣服	
10473133	Vị Sử Dụng	未使用	Áo	93	4-4	衣服	
10473134	Vị Sử Dụng	未使用	Áo	94	4-4	衣服	
10473135	Vị Sử Dụng	未使用	Áo	95	4-4	衣服	
10473136	Vị Sử Dụng	未使用	Áo	96	4-4	衣服	
10473137	Vị Sử Dụng	未使用	Áo	97	4-4	衣服	
10473138	Vị Sử Dụng	未使用	Áo	98	4-4	衣服	
10473139	Vị Sử Dụng	未使用	Áo	99	4-4	衣服	
10473140	Vị Sử Dụng	未使用	Áo	100	4-4	衣服	
10473141	Vị Sử Dụng	未使用	Áo	91	4-4	衣服	
10473142	Vị Sử Dụng	未使用	Áo	92	4-4	衣服	
10473143	Vị Sử Dụng	未使用	Áo	93	4-4	衣服	
10473144	Vị Sử Dụng	未使用	Áo	94	4-4	衣服	
10473145	Vị Sử Dụng	未使用	Áo	95	4-4	衣服	
10473146	Vị Sử Dụng	未使用	Áo	96	4-4	衣服	
10473147	Vị Sử Dụng	未使用	Áo	97	4-4	衣服	
10473148	Vị Sử Dụng	未使用	Áo	98	4-4	衣服	
10473149	Vị Sử Dụng	未使用	Áo	99	4-4	衣服	
10473150	Vị Sử Dụng	未使用	Áo	100	4-4	衣服	
10473151	Vị Sử Dụng	未使用	Áo	91	4-4	衣服	
10473152	Vị Sử Dụng	未使用	Áo	92	4-4	衣服	
10473153	Vị Sử Dụng	未使用	Áo	93	4-4	衣服	
10473154	Vị Sử Dụng	未使用	Áo	94	4-4	衣服	
10473155	Vị Sử Dụng	未使用	Áo	95	4-4	衣服	
10473156	Vị Sử Dụng	未使用	Áo	96	4-4	衣服	
10473157	Vị Sử Dụng	未使用	Áo	97	4-4	衣服	
10473158	Vị Sử Dụng	未使用	Áo	98	4-4	衣服	
10473159	Vị Sử Dụng	未使用	Áo	99	4-4	衣服	
10473160	Vị Sử Dụng	未使用	Áo	100	4-4	衣服	
10473161	Vị Sử Dụng	未使用	Áo	91	4-4	衣服	
10473162	Vị Sử Dụng	未使用	Áo	92	4-4	衣服	
10473163	Vị Sử Dụng	未使用	Áo	93	4-4	衣服	
10473164	Vị Sử Dụng	未使用	Áo	94	4-4	衣服	
10473165	Vị Sử Dụng	未使用	Áo	95	4-4	衣服	
10473166	Vị Sử Dụng	未使用	Áo	96	4-4	衣服	
10473167	Vị Sử Dụng	未使用	Áo	97	4-4	衣服	
10473168	Vị Sử Dụng	未使用	Áo	98	4-4	衣服	
10473169	Vị Sử Dụng	未使用	Áo	99	4-4	衣服	
10473170	Vị Sử Dụng	未使用	Áo	100	4-4	衣服	
10473171	Vị Sử Dụng	未使用	Áo	91	4-4	衣服	
10473172	Vị Sử Dụng	未使用	Áo	92	4-4	衣服	
10473173	Vị Sử Dụng	未使用	Áo	93	4-4	衣服	
10473174	Vị Sử Dụng	未使用	Áo	94	4-4	衣服	
10473175	Vị Sử Dụng	未使用	Áo	95	4-4	衣服	
10473176	Vị Sử Dụng	未使用	Áo	96	4-4	衣服	
10473177	Vị Sử Dụng	未使用	Áo	97	4-4	衣服	
10473178	Vị Sử Dụng	未使用	Áo	98	4-4	衣服	
10473179	Vị Sử Dụng	未使用	Áo	99	4-4	衣服	
10473180	Vị Sử Dụng	未使用	Áo	100	4-4	衣服	
10473181	Vị Sử Dụng	未使用	Áo	91	4-4	衣服	
10473182	Vị Sử Dụng	未使用	Áo	92	4-4	衣服	
10473183	Vị Sử Dụng	未使用	Áo	93	4-4	衣服	
10473184	Vị Sử Dụng	未使用	Áo	94	4-4	衣服	
10473185	Vị Sử Dụng	未使用	Áo	95	4-4	衣服	
10473186	Vị Sử Dụng	未使用	Áo	96	4-4	衣服	
10473187	Vị Sử Dụng	未使用	Áo	97	4-4	衣服	
10473188	Vị Sử Dụng	未使用	Áo	98	4-4	衣服	
10473189	Vị Sử Dụng	未使用	Áo	99	4-4	衣服	
10473190	Vị Sử Dụng	未使用	Áo	100	4-4	衣服	
10473191	Vị Sử Dụng	未使用	Áo	91	4-4	衣服	
10473192	Vị Sử Dụng	未使用	Áo	92	4-4	衣服	
10473193	Vị Sử Dụng	未使用	Áo	93	4-4	衣服	
10473194	Vị Sử Dụng	未使用	Áo	94	4-4	衣服	
10473195	Vị Sử Dụng	未使用	Áo	95	4-4	衣服	
10473196	Vị Sử Dụng	未使用	Áo	96	4-4	衣服	
10473197	Vị Sử Dụng	未使用	Áo	97	4-4	衣服	
10473198	Vị Sử Dụng	未使用	Áo	98	4-4	衣服	
10473199	Vị Sử Dụng	未使用	Áo	99	4-4	衣服	
10473200	Vị Sử Dụng	未使用	Áo	100	4-4	衣服	
10500000	Tu Bích	修碧	Vũ khí	100	1-1	刀斧类	
10500001	Vị Sử Dụng	未使用	Vũ khí	100	1-1	刀斧类	
10500003	Vị Sử Dụng	未使用	Vũ khí	100	2-2	刀斧类	
10500004	Vị Sử Dụng	未使用	Vũ khí	50	2-2	刀斧类	
10500006	Vị Sử Dụng	未使用	Vũ khí	70	3-3	刀斧类	
10500007	Vị Sử Dụng	未使用	Vũ khí	80	3-3	刀斧类	
10500010	Vị Sử Dụng	未使用	Vũ khí	10	1-1	刀斧类	
10500011	Vị Sử Dụng	未使用	Vũ khí	20	1-1	刀斧类	
10500013	Vị Sử Dụng	未使用	Vũ khí	40	2-2	刀斧类	
10500014	Vị Sử Dụng	未使用	Vũ khí	50	2-2	刀斧类	
10500016	Vị Sử Dụng	未使用	Vũ khí	70	3-3	刀斧类	
10500017	Vị Sử Dụng	未使用	Vũ khí	80	3-3	刀斧类	
10501000	Vị Sử Dụng	未使用	Vũ khí	100	1-1	枪棒类	
10501001	Vị Sử Dụng	未使用	Vũ khí	100	1-1	枪棒类	
10501003	Vị Sử Dụng	未使用	Vũ khí	100	2-2	枪棒类	
10501004	Vị Sử Dụng	未使用	Vũ khí	50	2-2	枪棒类	
10501006	Vị Sử Dụng	未使用	Vũ khí	70	3-3	枪棒类	
10501007	Vị Sử Dụng	未使用	Vũ khí	80	3-3	枪棒类	
10502000	Vị Sử Dụng	未使用	Vũ khí	10	1-1	单短类	
10502001	Vị Sử Dụng	未使用	Vũ khí	20	1-1	单短类	
10502003	Vị Sử Dụng	未使用	Vũ khí	40	2-2	单短类	
10502004	Vị Sử Dụng	未使用	Vũ khí	50	2-2	单短类	
10502006	Vị Sử Dụng	未使用	Vũ khí	70	3-3	单短类	
10502007	Vị Sử Dụng	未使用	Vũ khí	80	3-3	单短类	
10503000	Vị Sử Dụng	未使用	Vũ khí	10	1-1	双短类	
10503001	Vị Sử Dụng	未使用	Vũ khí	20	1-1	双短类	
10503003	Vị Sử Dụng	未使用	Vũ khí	40	2-2	双短类	
10503004	Vị Sử Dụng	未使用	Vũ khí	50	2-2	双短类	
10503006	Vị Sử Dụng	未使用	Vũ khí	70	3-3	双短类	
10503007	Vị Sử Dụng	未使用	Vũ khí	80	3-3	双短类	
10503010	Vị Sử Dụng	未使用	Vũ khí	10	1-1	双短类	
10503011	Vị Sử Dụng	未使用	Vũ khí	20	1-1	双短类	
10503013	Vị Sử Dụng	未使用	Vũ khí	40	2-2	双短类	
10503014	Vị Sử Dụng	未使用	Vũ khí	50	2-2	双短类	
10503016	Vị Sử Dụng	未使用	Vũ khí	70	3-3	双短类	
10503017	Vị Sử Dụng	未使用	Vũ khí	80	3-3	双短类	
10504000	Vị Sử Dụng	未使用	Vũ khí	10	1-1	扇类	
10504001	Vị Sử Dụng	未使用	Vũ khí	20	1-1	扇类	
10504003	Vị Sử Dụng	未使用	Vũ khí	40	2-2	扇类	
10504004	Vị Sử Dụng	未使用	Vũ khí	50	2-2	扇类	
10504006	Vị Sử Dụng	未使用	Vũ khí	70	3-3	扇类	
10504007	Vị Sử Dụng	未使用	Vũ khí	80	3-3	扇类	
10504010	Vị Sử Dụng	未使用	Vũ khí	10	1-1	扇类	
10504011	Vị Sử Dụng	未使用	Vũ khí	20	1-1	扇类	
10504013	Vị Sử Dụng	未使用	Vũ khí	40	2-2	扇类	
10504014	Vị Sử Dụng	未使用	Vũ khí	50	2-2	扇类	
10504016	Vị Sử Dụng	未使用	Vũ khí	70	3-3	扇类	
10504017	Vị Sử Dụng	未使用	Vũ khí	80	3-3	扇类	
10505000	Vị Sử Dụng	未使用	Vũ khí	10	1-1	环类	
10505001	Vị Sử Dụng	未使用	Vũ khí	20	1-1	环类	
10505003	Vị Sử Dụng	未使用	Vũ khí	40	2-2	环类	
10505004	Vị Sử Dụng	未使用	Vũ khí	50	2-2	环类	
10505006	Vị Sử Dụng	未使用	Vũ khí	70	3-3	环类	
10505007	Vị Sử Dụng	未使用	Vũ khí	80	3-3	环类	
10510001	Vị Sử Dụng	未使用	Mũ	20	1-1	帽子	
10510002	Vị Sử Dụng	未使用	Mũ	30	1-1	帽子	
10510003	Vị Sử Dụng	未使用	Mũ	40	2-2	帽子	
10510004	Vị Sử Dụng	未使用	Mũ	50	2-2	帽子	
10510007	Vị Sử Dụng	未使用	Mũ	80	3-3	帽子	
10510010	Vị Sử Dụng	未使用	Mũ	10	1-1	帽子	
10510011	Vị Sử Dụng	未使用	Mũ	20	1-1	帽子	
10510014	Vị Sử Dụng	未使用	Mũ	50	2-2	帽子	
10510015	Vị Sử Dụng	未使用	Mũ	60	2-2	帽子	
10510016	Vị Sử Dụng	未使用	Mũ	70	3-3	帽子	
10510018	Vị Sử Dụng	未使用	Mũ	90	4-4	帽子	
10510020	Vị Sử Dụng	未使用	Mũ	10	1-1	帽子	
10510022	Vị Sử Dụng	未使用	Mũ	30	1-1	帽子	
10510024	Vị Sử Dụng	未使用	Mũ	50	2-2	帽子	
10510025	Vị Sử Dụng	未使用	Mũ	60	2-2	帽子	
10510027	Vị Sử Dụng	未使用	Mũ	80	3-3	帽子	
10510028	Vị Sử Dụng	未使用	Mũ	90	4-4	帽子	
10510031	Vị Sử Dụng	未使用	Mũ	20	1-1	帽子	
10510032	Vị Sử Dụng	未使用	Mũ	30	1-1	帽子	
10510033	Vị Sử Dụng	未使用	Mũ	40	2-2	帽子	
10510034	Vị Sử Dụng	未使用	Mũ	50	2-2	帽子	
10510037	Vị Sử Dụng	未使用	Mũ	80	3-3	帽子	
10510040	Vị Sử Dụng	未使用	Mũ	10	1-1	帽子	
10510041	Vị Sử Dụng	未使用	Mũ	20	1-1	帽子	
10510044	Vị Sử Dụng	未使用	Mũ	50	2-2	帽子	
10510045	Vị Sử Dụng	未使用	Mũ	60	2-2	帽子	
10510046	Vị Sử Dụng	未使用	Mũ	70	3-3	帽子	
10510048	Vị Sử Dụng	未使用	Mũ	90	4-4	帽子	
10510050	Vị Sử Dụng	未使用	Mũ	10	1-1	帽子	
10510052	Vị Sử Dụng	未使用	Mũ	30	1-1	帽子	
10510054	Vị Sử Dụng	未使用	Mũ	50	2-2	帽子	
10510055	Vị Sử Dụng	未使用	Mũ	60	2-2	帽子	
10510057	Vị Sử Dụng	未使用	Mũ	80	3-3	帽子	
10510058	Vị Sử Dụng	未使用	Mũ	90	4-4	帽子	
10510061	Vị Sử Dụng	未使用	Mũ	20	1-1	帽子	
10510062	Vị Sử Dụng	未使用	Mũ	30	1-1	帽子	
10510063	Vị Sử Dụng	未使用	Mũ	40	2-2	帽子	
10510064	Vị Sử Dụng	未使用	Mũ	50	2-2	帽子	
10510067	Vị Sử Dụng	未使用	Mũ	80	3-3	帽子	
10510070	Vị Sử Dụng	未使用	Mũ	10	1-1	帽子	
10510071	Vị Sử Dụng	未使用	Mũ	20	1-1	帽子	
10510074	Vị Sử Dụng	未使用	Mũ	50	2-2	帽子	
10510075	Vị Sử Dụng	未使用	Mũ	60	2-2	帽子	
10510076	Vị Sử Dụng	未使用	Mũ	70	3-3	帽子	
10510078	Vị Sử Dụng	未使用	Mũ	90	4-4	帽子	
10510080	Vị Sử Dụng	未使用	Mũ	10	1-1	帽子	
10510082	Vị Sử Dụng	未使用	Mũ	30	1-1	帽子	
10510084	Vị Sử Dụng	未使用	Mũ	50	2-2	帽子	
10510085	Vị Sử Dụng	未使用	Mũ	60	2-2	帽子	
10510087	Vị Sử Dụng	未使用	Mũ	80	3-3	帽子	
10510088	Vị Sử Dụng	未使用	Mũ	90	4-4	帽子	
10511001	Vị Sử Dụng	未使用	Giày	20	1-1	鞋	
10511002	Vị Sử Dụng	未使用	Giày	30	1-1	鞋	
10511003	Vị Sử Dụng	未使用	Giày	40	2-2	鞋	
10511005	Vị Sử Dụng	未使用	Giày	60	2-2	鞋	
10511006	Vị Sử Dụng	未使用	Giày	70	3-3	鞋	
10511008	Vị Sử Dụng	未使用	Giày	90	4-4	鞋	
10511010	Vị Sử Dụng	未使用	Giày	10	1-1	鞋	
10511011	Vị Sử Dụng	未使用	Giày	20	1-1	鞋	
10511013	Vị Sử Dụng	未使用	Giày	40	2-2	鞋	
10511015	Vị Sử Dụng	未使用	Giày	60	2-2	鞋	
10511017	Vị Sử Dụng	未使用	Giày	80	3-3	鞋	
10511020	Vị Sử Dụng	未使用	Giày	10	1-1	鞋	
10511022	Vị Sử Dụng	未使用	Giày	30	1-1	鞋	
10511023	Vị Sử Dụng	未使用	Giày	40	2-2	鞋	
10511024	Vị Sử Dụng	未使用	Giày	50	2-2	鞋	
10511026	Vị Sử Dụng	未使用	Giày	70	3-3	鞋	
10511027	Vị Sử Dụng	未使用	Giày	80	3-3	鞋	
10511031	Vị Sử Dụng	未使用	Giày	20	1-1	鞋	
10511032	Vị Sử Dụng	未使用	Giày	30	1-1	鞋	
10511033	Vị Sử Dụng	未使用	Giày	40	2-2	鞋	
10511035	Vị Sử Dụng	未使用	Giày	60	2-2	鞋	
10511036	Vị Sử Dụng	未使用	Giày	70	3-3	鞋	
10511038	Vị Sử Dụng	未使用	Giày	90	4-4	鞋	
10511040	Vị Sử Dụng	未使用	Giày	10	1-1	鞋	
10511041	Vị Sử Dụng	未使用	Giày	20	1-1	鞋	
10511043	Vị Sử Dụng	未使用	Giày	40	2-2	鞋	
10511045	Vị Sử Dụng	未使用	Giày	60	2-2	鞋	
10511047	Vị Sử Dụng	未使用	Giày	80	3-3	鞋	
10511050	Vị Sử Dụng	未使用	Giày	10	1-1	鞋	
10511052	Vị Sử Dụng	未使用	Giày	30	1-1	鞋	
10511053	Vị Sử Dụng	未使用	Giày	40	2-2	鞋	
10511054	Vị Sử Dụng	未使用	Giày	50	2-2	鞋	
10511056	Vị Sử Dụng	未使用	Giày	70	3-3	鞋	
10511057	Vị Sử Dụng	未使用	Giày	80	3-3	鞋	
10511061	Vị Sử Dụng	未使用	Giày	20	1-1	鞋	
10511062	Vị Sử Dụng	未使用	Giày	30	1-1	鞋	
10511063	Vị Sử Dụng	未使用	Giày	40	2-2	鞋	
10511065	Vị Sử Dụng	未使用	Giày	60	2-2	鞋	
10511066	Vị Sử Dụng	未使用	Giày	70	3-3	鞋	
10511068	Vị Sử Dụng	未使用	Giày	90	4-4	鞋	
10511070	Vị Sử Dụng	未使用	Giày	10	1-1	鞋	
10511071	Vị Sử Dụng	未使用	Giày	20	1-1	鞋	
10511073	Vị Sử Dụng	未使用	Giày	40	2-2	鞋	
10511075	Vị Sử Dụng	未使用	Giày	60	2-2	鞋	
10511077	Vị Sử Dụng	未使用	Giày	80	3-3	鞋	
10511080	Vị Sử Dụng	未使用	Giày	10	1-1	鞋	
10511082	Vị Sử Dụng	未使用	Giày	30	1-1	鞋	
10511083	Vị Sử Dụng	未使用	Giày	40	2-2	鞋	
10511084	Vị Sử Dụng	未使用	Giày	50	2-2	鞋	
10511086	Vị Sử Dụng	未使用	Giày	70	3-3	鞋	
10511087	Vị Sử Dụng	未使用	Giày	80	3-3	鞋	
10512001	Vị Sử Dụng	未使用	Bao tay	20	1-1	手套	
10512002	Vị Sử Dụng	未使用	Bao tay	30	1-1	手套	
10512004	Vị Sử Dụng	未使用	Bao tay	50	2-2	手套	
10512005	Vị Sử Dụng	未使用	Bao tay	60	2-2	手套	
10512006	Vị Sử Dụng	未使用	Bao tay	70	3-3	手套	
10512007	Vị Sử Dụng	未使用	Bao tay	80	3-3	手套	
10512010	Vị Sử Dụng	未使用	Bao tay	10	1-1	手套	
10512011	Vị Sử Dụng	未使用	Bao tay	20	1-1	手套	
10512013	Vị Sử Dụng	未使用	Bao tay	40	2-2	手套	
10512014	Vị Sử Dụng	未使用	Bao tay	50	2-2	手套	
10512016	Vị Sử Dụng	未使用	Bao tay	70	3-3	手套	
10512018	Vị Sử Dụng	未使用	Bao tay	90	4-4	手套	
10512020	Vị Sử Dụng	未使用	Bao tay	10	1-1	手套	
10512022	Vị Sử Dụng	未使用	Bao tay	30	1-1	手套	
10512024	Vị Sử Dụng	未使用	Bao tay	50	2-2	手套	
10512025	Vị Sử Dụng	未使用	Bao tay	60	2-2	手套	
10512027	Vị Sử Dụng	未使用	Bao tay	80	3-3	手套	
10512028	Vị Sử Dụng	未使用	Bao tay	90	4-4	手套	
10512031	Vị Sử Dụng	未使用	Bao tay	20	1-1	手套	
10512032	Vị Sử Dụng	未使用	Bao tay	30	1-1	手套	
10512034	Vị Sử Dụng	未使用	Bao tay	50	2-2	手套	
10512035	Vị Sử Dụng	未使用	Bao tay	60	2-2	手套	
10512036	Vị Sử Dụng	未使用	Bao tay	70	3-3	手套	
10512037	Vị Sử Dụng	未使用	Bao tay	80	3-3	手套	
10512040	Vị Sử Dụng	未使用	Bao tay	10	1-1	手套	
10512041	Vị Sử Dụng	未使用	Bao tay	20	1-1	手套	
10512043	Vị Sử Dụng	未使用	Bao tay	40	2-2	手套	
10512044	Vị Sử Dụng	未使用	Bao tay	50	2-2	手套	
10512046	Vị Sử Dụng	未使用	Bao tay	70	3-3	手套	
10512048	Vị Sử Dụng	未使用	Bao tay	90	4-4	手套	
10512050	Vị Sử Dụng	未使用	Bao tay	10	1-1	手套	
10512052	Vị Sử Dụng	未使用	Bao tay	30	1-1	手套	
10512054	Vị Sử Dụng	未使用	Bao tay	50	2-2	手套	
10512055	Vị Sử Dụng	未使用	Bao tay	60	2-2	手套	
10512057	Vị Sử Dụng	未使用	Bao tay	80	3-3	手套	
10512058	Vị Sử Dụng	未使用	Bao tay	90	4-4	手套	
10512061	Vị Sử Dụng	未使用	Bao tay	20	1-1	手套	
10512062	Vị Sử Dụng	未使用	Bao tay	30	1-1	手套	
10512064	Vị Sử Dụng	未使用	Bao tay	50	2-2	手套	
10512065	Vị Sử Dụng	未使用	Bao tay	60	2-2	手套	
10512066	Vị Sử Dụng	未使用	Bao tay	70	3-3	手套	
10512067	Vị Sử Dụng	未使用	Bao tay	80	3-3	手套	
10512070	Vị Sử Dụng	未使用	Bao tay	10	1-1	手套	
10512071	Vị Sử Dụng	未使用	Bao tay	20	1-1	手套	
10512073	Vị Sử Dụng	未使用	Bao tay	40	2-2	手套	
10512074	Vị Sử Dụng	未使用	Bao tay	50	2-2	手套	
10512076	Vị Sử Dụng	未使用	Bao tay	70	3-3	手套	
10512078	Vị Sử Dụng	未使用	Bao tay	90	4-4	手套	
10512080	Vị Sử Dụng	未使用	Bao tay	10	1-1	手套	
10512082	Vị Sử Dụng	未使用	Bao tay	30	1-1	手套	
10512084	Vị Sử Dụng	未使用	Bao tay	50	2-2	手套	
10512085	Vị Sử Dụng	未使用	Bao tay	60	2-2	手套	
10512087	Vị Sử Dụng	未使用	Bao tay	80	3-3	手套	
10512088	Vị Sử Dụng	未使用	Bao tay	90	4-4	手套	
10513000	Vị Sử Dụng	未使用	Áo	10	1-1	衣服	
10513002	Vị Sử Dụng	未使用	Áo	30	1-1	衣服	
10513003	Vị Sử Dụng	未使用	Áo	40	2-2	衣服	
10513005	Vị Sử Dụng	未使用	Áo	60	2-2	衣服	
10513006	Vị Sử Dụng	未使用	Áo	70	3-3	衣服	
10513007	Vị Sử Dụng	未使用	Áo	80	3-3	衣服	
10513011	Vị Sử Dụng	未使用	Áo	20	1-1	衣服	
10513012	Vị Sử Dụng	未使用	Áo	30	1-1	衣服	
10513013	Vị Sử Dụng	未使用	Áo	40	2-2	衣服	
10513015	Vị Sử Dụng	未使用	Áo	60	2-2	衣服	
10513016	Vị Sử Dụng	未使用	Áo	70	3-3	衣服	
10513017	Vị Sử Dụng	未使用	Áo	80	3-3	衣服	
10513020	Vị Sử Dụng	未使用	Áo	10	1-1	衣服	
10513021	Vị Sử Dụng	未使用	Áo	20	1-1	衣服	
10513023	Vị Sử Dụng	未使用	Áo	40	2-2	衣服	
10513025	Vị Sử Dụng	未使用	Áo	60	2-2	衣服	
10513026	Vị Sử Dụng	未使用	Áo	70	3-3	衣服	
10513027	Vị Sử Dụng	未使用	Áo	80	3-3	衣服	
10513030	Vị Sử Dụng	未使用	Áo	10	1-1	衣服	
10513032	Vị Sử Dụng	未使用	Áo	30	1-1	衣服	
10513033	Vị Sử Dụng	未使用	Áo	40	2-2	衣服	
10513035	Vị Sử Dụng	未使用	Áo	60	2-2	衣服	
10513036	Vị Sử Dụng	未使用	Áo	70	3-3	衣服	
10513037	Vị Sử Dụng	未使用	Áo	80	3-3	衣服	
10513041	Vị Sử Dụng	未使用	Áo	20	1-1	衣服	
10513042	Vị Sử Dụng	未使用	Áo	30	1-1	衣服	
10513043	Vị Sử Dụng	未使用	Áo	40	2-2	衣服	
10513045	Vị Sử Dụng	未使用	Áo	60	2-2	衣服	
10513046	Vị Sử Dụng	未使用	Áo	70	3-3	衣服	
10513047	Vị Sử Dụng	未使用	Áo	80	3-3	衣服	
10513050	Vị Sử Dụng	未使用	Áo	10	1-1	衣服	
10513051	Vị Sử Dụng	未使用	Áo	20	1-1	衣服	
10513053	Vị Sử Dụng	未使用	Áo	40	2-2	衣服	
10513055	Vị Sử Dụng	未使用	Áo	60	2-2	衣服	
10513056	Vị Sử Dụng	未使用	Áo	70	3-3	衣服	
10513057	Vị Sử Dụng	未使用	Áo	80	3-3	衣服	
10513060	Vị Sử Dụng	未使用	Áo	10	1-1	衣服	
10513062	Vị Sử Dụng	未使用	Áo	30	1-1	衣服	
10513063	Vị Sử Dụng	未使用	Áo	40	2-2	衣服	
10513065	Vị Sử Dụng	未使用	Áo	60	2-2	衣服	
10513066	Vị Sử Dụng	未使用	Áo	70	3-3	衣服	
10513067	Vị Sử Dụng	未使用	Áo	80	3-3	衣服	
10513071	Vị Sử Dụng	未使用	Áo	20	1-1	衣服	
10513072	Vị Sử Dụng	未使用	Áo	30	1-1	衣服	
10513073	Vị Sử Dụng	未使用	Áo	40	2-2	衣服	
10513075	Vị Sử Dụng	未使用	Áo	60	2-2	衣服	
10513076	Vị Sử Dụng	未使用	Áo	70	3-3	衣服	
10513077	Vị Sử Dụng	未使用	Áo	80	3-3	衣服	
10513080	Vị Sử Dụng	未使用	Áo	10	1-1	衣服	
10513081	Vị Sử Dụng	未使用	Áo	20	1-1	衣服	
10513083	Vị Sử Dụng	未使用	Áo	40	2-2	衣服	
10513085	Vị Sử Dụng	未使用	Áo	60	2-2	衣服	
10513086	Vị Sử Dụng	未使用	Áo	70	3-3	衣服	
10513087	Vị Sử Dụng	未使用	Áo	80	3-3	衣服	
10514000	Bích Ngọc Hộ Oản	碧玉护腕	Hộ uyển	95	4-4	护腕	
10514002	Vị Sử Dụng	未使用	Hộ uyển	30	1-1	护腕	
10514004	Vị Sử Dụng	未使用	Hộ uyển	50	2-2	护腕	
10514005	Vị Sử Dụng	未使用	Hộ uyển	60	2-2	护腕	
10514006	Vị Sử Dụng	未使用	Hộ uyển	70	3-3	护腕	
10514008	Vị Sử Dụng	未使用	Hộ uyển	90	4-4	护腕	
10514011	Vị Sử Dụng	未使用	Hộ uyển	20	1-1	护腕	
10514012	Vị Sử Dụng	未使用	Hộ uyển	30	1-1	护腕	
10514013	Vị Sử Dụng	未使用	Hộ uyển	40	2-2	护腕	
10514014	Vị Sử Dụng	未使用	Hộ uyển	50	2-2	护腕	
10514016	Vị Sử Dụng	未使用	Hộ uyển	70	3-3	护腕	
10514018	Vị Sử Dụng	未使用	Hộ uyển	90	4-4	护腕	
10514020	Vị Sử Dụng	未使用	Hộ uyển	10	1-1	护腕	
10514021	Vị Sử Dụng	未使用	Hộ uyển	20	1-1	护腕	
10514023	Vị Sử Dụng	未使用	Hộ uyển	40	2-2	护腕	
10514024	Vị Sử Dụng	未使用	Hộ uyển	50	2-2	护腕	
10514026	Vị Sử Dụng	未使用	Hộ uyển	70	3-3	护腕	
10514027	Vị Sử Dụng	未使用	Hộ uyển	80	3-3	护腕	
10514030	Vị Sử Dụng	未使用	Hộ uyển	10	1-1	护腕	
10514032	Vị Sử Dụng	未使用	Hộ uyển	30	1-1	护腕	
10514034	Vị Sử Dụng	未使用	Hộ uyển	50	2-2	护腕	
10514035	Vị Sử Dụng	未使用	Hộ uyển	60	2-2	护腕	
10514036	Vị Sử Dụng	未使用	Hộ uyển	70	3-3	护腕	
10514038	Vị Sử Dụng	未使用	Hộ uyển	90	4-4	护腕	
10514041	Vị Sử Dụng	未使用	Hộ uyển	20	1-1	护腕	
10514042	Vị Sử Dụng	未使用	Hộ uyển	30	1-1	护腕	
10514043	Vị Sử Dụng	未使用	Hộ uyển	40	2-2	护腕	
10514044	Vị Sử Dụng	未使用	Hộ uyển	50	2-2	护腕	
10514046	Vị Sử Dụng	未使用	Hộ uyển	70	3-3	护腕	
10514048	Vị Sử Dụng	未使用	Hộ uyển	90	4-4	护腕	
10514050	Vị Sử Dụng	未使用	Hộ uyển	10	1-1	护腕	
10514051	Vị Sử Dụng	未使用	Hộ uyển	20	1-1	护腕	
10514053	Vị Sử Dụng	未使用	Hộ uyển	40	2-2	护腕	
10514054	Vị Sử Dụng	未使用	Hộ uyển	50	2-2	护腕	
10514056	Vị Sử Dụng	未使用	Hộ uyển	70	3-3	护腕	
10514057	Vị Sử Dụng	未使用	Hộ uyển	80	3-3	护腕	
10514060	Vị Sử Dụng	未使用	Hộ uyển	10	1-1	护腕	
10514062	Vị Sử Dụng	未使用	Hộ uyển	30	1-1	护腕	
10514064	Vị Sử Dụng	未使用	Hộ uyển	50	2-2	护腕	
10514065	Vị Sử Dụng	未使用	Hộ uyển	60	2-2	护腕	
10514066	Vị Sử Dụng	未使用	Hộ uyển	70	3-3	护腕	
10514068	Vị Sử Dụng	未使用	Hộ uyển	90	4-4	护腕	
10514071	Vị Sử Dụng	未使用	Hộ uyển	20	1-1	护腕	
10514072	Vị Sử Dụng	未使用	Hộ uyển	30	1-1	护腕	
10514073	Vị Sử Dụng	未使用	Hộ uyển	40	2-2	护腕	
10514074	Vị Sử Dụng	未使用	Hộ uyển	50	2-2	护腕	
10514076	Vị Sử Dụng	未使用	Hộ uyển	70	3-3	护腕	
10514078	Vị Sử Dụng	未使用	Hộ uyển	90	4-4	护腕	
10514080	Vị Sử Dụng	未使用	Hộ uyển	10	1-1	护腕	
10514081	Vị Sử Dụng	未使用	Hộ uyển	20	1-1	护腕	
10514083	Vị Sử Dụng	未使用	Hộ uyển	40	2-2	护腕	
10514084	Vị Sử Dụng	未使用	Hộ uyển	50	2-2	护腕	
10514086	Vị Sử Dụng	未使用	Hộ uyển	70	3-3	护腕	
10514087	Vị Sử Dụng	未使用	Hộ uyển	80	3-3	护腕	
10515000	Vị Sử Dụng	未使用	Hộ kiên	10	1-1	护肩	
10515002	Vị Sử Dụng	未使用	Hộ kiên	30	1-1	护肩	
10515003	Vị Sử Dụng	未使用	Hộ kiên	40	2-2	护肩	
10515005	Vị Sử Dụng	未使用	Hộ kiên	60	2-2	护肩	
10515007	Vị Sử Dụng	未使用	Hộ kiên	80	3-3	护肩	
10515008	Vị Sử Dụng	未使用	Hộ kiên	90	4-4	护肩	
10515011	Vị Sử Dụng	未使用	Hộ kiên	20	1-1	护肩	
10515012	Vị Sử Dụng	未使用	Hộ kiên	30	1-1	护肩	
10515013	Vị Sử Dụng	未使用	Hộ kiên	40	2-2	护肩	
10515015	Vị Sử Dụng	未使用	Hộ kiên	60	2-2	护肩	
10515017	Vị Sử Dụng	未使用	Hộ kiên	80	3-3	护肩	
10515018	Vị Sử Dụng	未使用	Hộ kiên	90	4-4	护肩	
10515020	Vị Sử Dụng	未使用	Hộ kiên	10	1-1	护肩	
10515021	Vị Sử Dụng	未使用	Hộ kiên	20	1-1	护肩	
10515023	Vị Sử Dụng	未使用	Hộ kiên	40	2-2	护肩	
10515024	Vị Sử Dụng	未使用	Hộ kiên	50	2-2	护肩	
10515026	Vị Sử Dụng	未使用	Hộ kiên	70	3-3	护肩	
10515028	Vị Sử Dụng	未使用	Hộ kiên	90	4-4	护肩	
10515030	Vị Sử Dụng	未使用	Hộ kiên	10	1-1	护肩	
10515032	Vị Sử Dụng	未使用	Hộ kiên	30	1-1	护肩	
10515033	Vị Sử Dụng	未使用	Hộ kiên	40	2-2	护肩	
10515035	Vị Sử Dụng	未使用	Hộ kiên	60	2-2	护肩	
10515037	Vị Sử Dụng	未使用	Hộ kiên	80	3-3	护肩	
10515038	Vị Sử Dụng	未使用	Hộ kiên	90	4-4	护肩	
10515041	Vị Sử Dụng	未使用	Hộ kiên	20	1-1	护肩	
10515042	Vị Sử Dụng	未使用	Hộ kiên	30	1-1	护肩	
10515043	Vị Sử Dụng	未使用	Hộ kiên	40	2-2	护肩	
10515045	Vị Sử Dụng	未使用	Hộ kiên	60	2-2	护肩	
10515047	Vị Sử Dụng	未使用	Hộ kiên	80	3-3	护肩	
10515048	Vị Sử Dụng	未使用	Hộ kiên	90	4-4	护肩	
10515050	Vị Sử Dụng	未使用	Hộ kiên	10	1-1	护肩	
10515051	Vị Sử Dụng	未使用	Hộ kiên	20	1-1	护肩	
10515053	Vị Sử Dụng	未使用	Hộ kiên	40	2-2	护肩	
10515054	Vị Sử Dụng	未使用	Hộ kiên	50	2-2	护肩	
10515056	Vị Sử Dụng	未使用	Hộ kiên	70	3-3	护肩	
10515058	Vị Sử Dụng	未使用	Hộ kiên	90	4-4	护肩	
10515060	Vị Sử Dụng	未使用	Hộ kiên	10	1-1	护肩	
10515062	Vị Sử Dụng	未使用	Hộ kiên	30	1-1	护肩	
10515063	Vị Sử Dụng	未使用	Hộ kiên	40	2-2	护肩	
10515065	Vị Sử Dụng	未使用	Hộ kiên	60	2-2	护肩	
10515067	Vị Sử Dụng	未使用	Hộ kiên	80	3-3	护肩	
10515068	Vị Sử Dụng	未使用	Hộ kiên	90	4-4	护肩	
10515071	Vị Sử Dụng	未使用	Hộ kiên	20	1-1	护肩	
10515072	Vị Sử Dụng	未使用	Hộ kiên	30	1-1	护肩	
10515073	Vị Sử Dụng	未使用	Hộ kiên	40	2-2	护肩	
10515075	Vị Sử Dụng	未使用	Hộ kiên	60	2-2	护肩	
10515077	Vị Sử Dụng	未使用	Hộ kiên	80	3-3	护肩	
10515078	Vị Sử Dụng	未使用	Hộ kiên	90	4-4	护肩	
10515080	Vị Sử Dụng	未使用	Hộ kiên	10	1-1	护肩	
10515081	Vị Sử Dụng	未使用	Hộ kiên	20	1-1	护肩	
10515083	Vị Sử Dụng	未使用	Hộ kiên	40	2-2	护肩	
10515084	Vị Sử Dụng	未使用	Hộ kiên	50	2-2	护肩	
10515086	Vị Sử Dụng	未使用	Hộ kiên	70	3-3	护肩	
10515088	Vị Sử Dụng	未使用	Hộ kiên	90	4-4	护肩	
10520000	Vị Sử Dụng	未使用	Hạng liên	10	1-1	项链	
10520001	Vị Sử Dụng	未使用	Hạng liên	20	1-1	项链	
10520003	Vị Sử Dụng	未使用	Hạng liên	40	2-2	项链	
10520004	Vị Sử Dụng	未使用	Hạng liên	50	2-2	项链	
10520007	Vị Sử Dụng	未使用	Hạng liên	80	3-3	项链	
10520008	Vị Sử Dụng	未使用	Hạng liên	90	4-4	项链	
10520010	Vị Sử Dụng	未使用	Hạng liên	10	1-1	项链	
10520012	Vị Sử Dụng	未使用	Hạng liên	30	1-1	项链	
10520014	Vị Sử Dụng	未使用	Hạng liên	50	2-2	项链	
10520015	Vị Sử Dụng	未使用	Hạng liên	60	2-2	项链	
10520016	Vị Sử Dụng	未使用	Hạng liên	70	3-3	项链	
10520017	Vị Sử Dụng	未使用	Hạng liên	80	3-3	项链	
10520021	Vị Sử Dụng	未使用	Hạng liên	20	1-1	项链	
10520022	Vị Sử Dụng	未使用	Hạng liên	30	1-1	项链	
10520023	Vị Sử Dụng	未使用	Hạng liên	40	2-2	项链	
10520025	Vị Sử Dụng	未使用	Hạng liên	60	2-2	项链	
10520026	Vị Sử Dụng	未使用	Hạng liên	70	3-3	项链	
10520030	Vị Sử Dụng	未使用	Hạng liên	10	1-1	项链	
10520031	Vị Sử Dụng	未使用	Hạng liên	20	1-1	项链	
10520033	Vị Sử Dụng	未使用	Hạng liên	40	2-2	项链	
10520034	Vị Sử Dụng	未使用	Hạng liên	50	2-2	项链	
10520037	Vị Sử Dụng	未使用	Hạng liên	80	3-3	项链	
10520038	Vị Sử Dụng	未使用	Hạng liên	90	4-4	项链	
10520040	Vị Sử Dụng	未使用	Hạng liên	10	1-1	项链	
10520042	Vị Sử Dụng	未使用	Hạng liên	30	1-1	项链	
10520044	Vị Sử Dụng	未使用	Hạng liên	50	2-2	项链	
10520045	Vị Sử Dụng	未使用	Hạng liên	60	2-2	项链	
10520046	Vị Sử Dụng	未使用	Hạng liên	70	3-3	项链	
10520047	Vị Sử Dụng	未使用	Hạng liên	80	3-3	项链	
10520051	Vị Sử Dụng	未使用	Hạng liên	20	1-1	项链	
10520052	Vị Sử Dụng	未使用	Hạng liên	30	1-1	项链	
10520053	Vị Sử Dụng	未使用	Hạng liên	40	2-2	项链	
10520055	Vị Sử Dụng	未使用	Hạng liên	60	2-2	项链	
10520056	Vị Sử Dụng	未使用	Hạng liên	70	3-3	项链	
10520060	Vị Sử Dụng	未使用	Hạng liên	10	1-1	项链	
10520061	Vị Sử Dụng	未使用	Hạng liên	20	1-1	项链	
10520063	Vị Sử Dụng	未使用	Hạng liên	40	2-2	项链	
10520064	Vị Sử Dụng	未使用	Hạng liên	50	2-2	项链	
10520067	Vị Sử Dụng	未使用	Hạng liên	80	3-3	项链	
10520068	Vị Sử Dụng	未使用	Hạng liên	90	4-4	项链	
10520070	Vị Sử Dụng	未使用	Hạng liên	10	1-1	项链	
10520072	Vị Sử Dụng	未使用	Hạng liên	30	1-1	项链	
10520074	Vị Sử Dụng	未使用	Hạng liên	50	2-2	项链	
10520075	Vị Sử Dụng	未使用	Hạng liên	60	2-2	项链	
10520076	Vị Sử Dụng	未使用	Hạng liên	70	3-3	项链	
10520077	Vị Sử Dụng	未使用	Hạng liên	80	3-3	项链	
10520081	Vị Sử Dụng	未使用	Hạng liên	20	1-1	项链	
10520082	Vị Sử Dụng	未使用	Hạng liên	30	1-1	项链	
10520083	Vị Sử Dụng	未使用	Hạng liên	40	2-2	项链	
10520085	Vị Sử Dụng	未使用	Hạng liên	60	2-2	项链	
10520086	Vị Sử Dụng	未使用	Hạng liên	70	3-3	项链	
10521000	Bích Ngọc Yêu Hoàn	碧玉腰环	Đai	95	4-4	腰带	
10521001	Vị Sử Dụng	未使用	Đai	20	1-1	腰带	
10521003	Vị Sử Dụng	未使用	Đai	40	2-2	腰带	
10521005	Vị Sử Dụng	未使用	Đai	60	2-2	腰带	
10521006	Vị Sử Dụng	未使用	Đai	70	3-3	腰带	
10521008	Vị Sử Dụng	未使用	Đai	90	4-4	腰带	
10521010	Vị Sử Dụng	未使用	Đai	10	1-1	腰带	
10521012	Vị Sử Dụng	未使用	Đai	30	1-1	腰带	
10521013	Vị Sử Dụng	未使用	Đai	40	2-2	腰带	
10521015	Vị Sử Dụng	未使用	Đai	60	2-2	腰带	
10521016	Vị Sử Dụng	未使用	Đai	70	3-3	腰带	
10521018	Vị Sử Dụng	未使用	Đai	90	4-4	腰带	
10521021	Vị Sử Dụng	未使用	Đai	20	1-1	腰带	
10521022	Vị Sử Dụng	未使用	Đai	30	1-1	腰带	
10521023	Vị Sử Dụng	未使用	Đai	40	2-2	腰带	
10521024	Vị Sử Dụng	未使用	Đai	50	2-2	腰带	
10521026	Vị Sử Dụng	未使用	Đai	70	3-3	腰带	
10521030	Vị Sử Dụng	未使用	Đai	10	1-1	腰带	
10521031	Vị Sử Dụng	未使用	Đai	20	1-1	腰带	
10521033	Vị Sử Dụng	未使用	Đai	40	2-2	腰带	
10521035	Vị Sử Dụng	未使用	Đai	60	2-2	腰带	
10521036	Vị Sử Dụng	未使用	Đai	70	3-3	腰带	
10521038	Vị Sử Dụng	未使用	Đai	90	4-4	腰带	
10521040	Vị Sử Dụng	未使用	Đai	10	1-1	腰带	
10521042	Vị Sử Dụng	未使用	Đai	30	1-1	腰带	
10521043	Vị Sử Dụng	未使用	Đai	40	2-2	腰带	
10521045	Vị Sử Dụng	未使用	Đai	60	2-2	腰带	
10521046	Vị Sử Dụng	未使用	Đai	70	3-3	腰带	
10521048	Vị Sử Dụng	未使用	Đai	90	4-4	腰带	
10521051	Vị Sử Dụng	未使用	Đai	20	1-1	腰带	
10521052	Vị Sử Dụng	未使用	Đai	30	1-1	腰带	
10521053	Vị Sử Dụng	未使用	Đai	40	2-2	腰带	
10521054	Vị Sử Dụng	未使用	Đai	50	2-2	腰带	
10521056	Vị Sử Dụng	未使用	Đai	70	3-3	腰带	
10521060	Vị Sử Dụng	未使用	Đai	10	1-1	腰带	
10521061	Vị Sử Dụng	未使用	Đai	20	1-1	腰带	
10521063	Vị Sử Dụng	未使用	Đai	40	2-2	腰带	
10521065	Vị Sử Dụng	未使用	Đai	60	2-2	腰带	
10521066	Vị Sử Dụng	未使用	Đai	70	3-3	腰带	
10521068	Vị Sử Dụng	未使用	Đai	90	4-4	腰带	
10521070	Vị Sử Dụng	未使用	Đai	10	1-1	腰带	
10521072	Vị Sử Dụng	未使用	Đai	30	1-1	腰带	
10521073	Vị Sử Dụng	未使用	Đai	40	2-2	腰带	
10521075	Vị Sử Dụng	未使用	Đai	60	2-2	腰带	
10521076	Vị Sử Dụng	未使用	Đai	70	3-3	腰带	
10521078	Vị Sử Dụng	未使用	Đai	90	4-4	腰带	
10521081	Vị Sử Dụng	未使用	Đai	20	1-1	腰带	
10521082	Vị Sử Dụng	未使用	Đai	30	1-1	腰带	
10521083	Vị Sử Dụng	未使用	Đai	40	2-2	腰带	
10521084	Vị Sử Dụng	未使用	Đai	50	2-2	腰带	
10521086	Vị Sử Dụng	未使用	Đai	70	3-3	腰带	
10522000	Bích Ngọc Giới Chỉ	碧玉戒指	Nhẫn	95	4-4	戒指	
10522001	Vị Sử Dụng	未使用	Nhẫn	20	1-1	戒指	
10522004	Vị Sử Dụng	未使用	Nhẫn	50	2-2	戒指	
10522005	Vị Sử Dụng	未使用	Nhẫn	60	2-2	戒指	
10522006	Vị Sử Dụng	未使用	Nhẫn	70	3-3	戒指	
10522008	Vị Sử Dụng	未使用	Nhẫn	90	4-4	戒指	
10522010	Vị Sử Dụng	未使用	Nhẫn	10	1-1	戒指	
10522012	Vị Sử Dụng	未使用	Nhẫn	30	1-1	戒指	
10522013	Vị Sử Dụng	未使用	Nhẫn	40	2-2	戒指	
10522014	Vị Sử Dụng	未使用	Nhẫn	50	2-2	戒指	
10522016	Vị Sử Dụng	未使用	Nhẫn	70	3-3	戒指	
10522017	Vị Sử Dụng	未使用	Nhẫn	80	3-3	戒指	
10522021	Vị Sử Dụng	未使用	Nhẫn	20	1-1	戒指	
10522022	Vị Sử Dụng	未使用	Nhẫn	30	1-1	戒指	
10522024	Vị Sử Dụng	未使用	Nhẫn	50	2-2	戒指	
10522025	Vị Sử Dụng	未使用	Nhẫn	60	2-2	戒指	
10522027	Vị Sử Dụng	未使用	Nhẫn	80	3-3	戒指	
10522028	Vị Sử Dụng	未使用	Nhẫn	90	4-4	戒指	
10522030	Vị Sử Dụng	未使用	Nhẫn	10	1-1	戒指	
10522031	Vị Sử Dụng	未使用	Nhẫn	20	1-1	戒指	
10522034	Vị Sử Dụng	未使用	Nhẫn	50	2-2	戒指	
10522035	Vị Sử Dụng	未使用	Nhẫn	60	2-2	戒指	
10522036	Vị Sử Dụng	未使用	Nhẫn	70	3-3	戒指	
10522038	Vị Sử Dụng	未使用	Nhẫn	90	4-4	戒指	
10522040	Vị Sử Dụng	未使用	Nhẫn	10	1-1	戒指	
10522042	Vị Sử Dụng	未使用	Nhẫn	30	1-1	戒指	
10522043	Vị Sử Dụng	未使用	Nhẫn	40	2-2	戒指	
10522044	Vị Sử Dụng	未使用	Nhẫn	50	2-2	戒指	
10522046	Vị Sử Dụng	未使用	Nhẫn	70	3-3	戒指	
10522047	Vị Sử Dụng	未使用	Nhẫn	80	3-3	戒指	
10522051	Vị Sử Dụng	未使用	Nhẫn	20	1-1	戒指	
10522052	Vị Sử Dụng	未使用	Nhẫn	30	1-1	戒指	
10522054	Vị Sử Dụng	未使用	Nhẫn	50	2-2	戒指	
10522055	Vị Sử Dụng	未使用	Nhẫn	60	2-2	戒指	
10522057	Vị Sử Dụng	未使用	Nhẫn	80	3-3	戒指	
10522058	Vị Sử Dụng	未使用	Nhẫn	90	4-4	戒指	
10522060	Vị Sử Dụng	未使用	Nhẫn	10	1-1	戒指	
10522061	Vị Sử Dụng	未使用	Nhẫn	20	1-1	戒指	
10522064	Vị Sử Dụng	未使用	Nhẫn	50	2-2	戒指	
10522065	Vị Sử Dụng	未使用	Nhẫn	60	2-2	戒指	
10522066	Vị Sử Dụng	未使用	Nhẫn	70	3-3	戒指	
10522068	Vị Sử Dụng	未使用	Nhẫn	90	4-4	戒指	
10522070	Vị Sử Dụng	未使用	Nhẫn	10	1-1	戒指	
10522072	Vị Sử Dụng	未使用	Nhẫn	30	1-1	戒指	
10522073	Vị Sử Dụng	未使用	Nhẫn	40	2-2	戒指	
10522074	Vị Sử Dụng	未使用	Nhẫn	50	2-2	戒指	
10522076	Vị Sử Dụng	未使用	Nhẫn	70	3-3	戒指	
10522077	Vị Sử Dụng	未使用	Nhẫn	80	3-3	戒指	
10522081	Vị Sử Dụng	未使用	Nhẫn	20	1-1	戒指	
10522082	Vị Sử Dụng	未使用	Nhẫn	30	1-1	戒指	
10522084	Vị Sử Dụng	未使用	Nhẫn	50	2-2	戒指	
10522085	Vị Sử Dụng	未使用	Nhẫn	60	2-2	戒指	
10522087	Vị Sử Dụng	未使用	Nhẫn	80	3-3	戒指	
10522088	Vị Sử Dụng	未使用	Nhẫn	90	4-4	戒指	
10523000	Bích Ngọc Hộ Phù	碧玉护符	Hộ phù	95	4-4	护符	
10523001	Vị Sử Dụng	未使用	Hộ phù	20	1-1	护符	
10523002	Vị Sử Dụng	未使用	Hộ phù	30	1-1	护符	
10523003	Vị Sử Dụng	未使用	Hộ phù	40	2-2	护符	
10523004	Vị Sử Dụng	未使用	Hộ phù	50	2-2	护符	
10523007	Vị Sử Dụng	未使用	Hộ phù	80	3-3	护符	
10523008	Vị Sử Dụng	未使用	Hộ phù	90	4-4	护符	
10523010	Vị Sử Dụng	未使用	Hộ phù	10	1-1	护符	
10523011	Vị Sử Dụng	未使用	Hộ phù	20	1-1	护符	
10523012	Vị Sử Dụng	未使用	Hộ phù	30	1-1	护符	
10523014	Vị Sử Dụng	未使用	Hộ phù	50	2-2	护符	
10523015	Vị Sử Dụng	未使用	Hộ phù	60	2-2	护符	
10523016	Vị Sử Dụng	未使用	Hộ phù	70	3-3	护符	
10523018	Vị Sử Dụng	未使用	Hộ phù	90	4-4	护符	
10523020	Vị Sử Dụng	未使用	Hộ phù	10	1-1	护符	
10523021	Vị Sử Dụng	未使用	Hộ phù	20	1-1	护符	
10523022	Vị Sử Dụng	未使用	Hộ phù	30	1-1	护符	
10523023	Vị Sử Dụng	未使用	Hộ phù	40	2-2	护符	
10523025	Vị Sử Dụng	未使用	Hộ phù	60	2-2	护符	
10523027	Vị Sử Dụng	未使用	Hộ phù	80	3-3	护符	
10523028	Vị Sử Dụng	未使用	Hộ phù	90	4-4	护符	
10523030	Vị Sử Dụng	未使用	Hộ phù	10	1-1	护符	
10523031	Vị Sử Dụng	未使用	Hộ phù	20	1-1	护符	
10523032	Vị Sử Dụng	未使用	Hộ phù	30	1-1	护符	
10523033	Vị Sử Dụng	未使用	Hộ phù	40	2-2	护符	
10523034	Vị Sử Dụng	未使用	Hộ phù	50	2-2	护符	
10523037	Vị Sử Dụng	未使用	Hộ phù	80	3-3	护符	
10523038	Vị Sử Dụng	未使用	Hộ phù	90	4-4	护符	
10523040	Vị Sử Dụng	未使用	Hộ phù	10	1-1	护符	
10523041	Vị Sử Dụng	未使用	Hộ phù	20	1-1	护符	
10523042	Vị Sử Dụng	未使用	Hộ phù	30	1-1	护符	
10523044	Vị Sử Dụng	未使用	Hộ phù	50	2-2	护符	
10523045	Vị Sử Dụng	未使用	Hộ phù	60	2-2	护符	
10523046	Vị Sử Dụng	未使用	Hộ phù	70	3-3	护符	
10523048	Vị Sử Dụng	未使用	Hộ phù	90	4-4	护符	
10523050	Vị Sử Dụng	未使用	Hộ phù	10	1-1	护符	
10523051	Vị Sử Dụng	未使用	Hộ phù	20	1-1	护符	
10523052	Vị Sử Dụng	未使用	Hộ phù	30	1-1	护符	
10523053	Vị Sử Dụng	未使用	Hộ phù	40	2-2	护符	
10523055	Vị Sử Dụng	未使用	Hộ phù	60	2-2	护符	
10523057	Vị Sử Dụng	未使用	Hộ phù	80	3-3	护符	
10523058	Vị Sử Dụng	未使用	Hộ phù	90	4-4	护符	
10523060	Vị Sử Dụng	未使用	Hộ phù	10	1-1	护符	
10523061	Vị Sử Dụng	未使用	Hộ phù	20	1-1	护符	
10523062	Vị Sử Dụng	未使用	Hộ phù	30	1-1	护符	
10523063	Vị Sử Dụng	未使用	Hộ phù	40	2-2	护符	
10523064	Vị Sử Dụng	未使用	Hộ phù	50	2-2	护符	
10523067	Vị Sử Dụng	未使用	Hộ phù	80	3-3	护符	
10523068	Vị Sử Dụng	未使用	Hộ phù	90	4-4	护符	
10523070	Vị Sử Dụng	未使用	Hộ phù	10	1-1	护符	
10523071	Vị Sử Dụng	未使用	Hộ phù	20	1-1	护符	
10523072	Vị Sử Dụng	未使用	Hộ phù	30	1-1	护符	
10523074	Vị Sử Dụng	未使用	Hộ phù	50	2-2	护符	
10523075	Vị Sử Dụng	未使用	Hộ phù	60	2-2	护符	
10523076	Vị Sử Dụng	未使用	Hộ phù	70	3-3	护符	
10523078	Vị Sử Dụng	未使用	Hộ phù	90	4-4	护符	
10523080	Vị Sử Dụng	未使用	Hộ phù	10	1-1	护符	
10523081	Vị Sử Dụng	未使用	Hộ phù	20	1-1	护符	
10523082	Vị Sử Dụng	未使用	Hộ phù	30	1-1	护符	
10523083	Vị Sử Dụng	未使用	Hộ phù	40	2-2	护符	
10523085	Vị Sử Dụng	未使用	Hộ phù	60	2-2	护符	
10523087	Vị Sử Dụng	未使用	Hộ phù	80	3-3	护符	
10523088	Vị Sử Dụng	未使用	Hộ phù	90	4-4	护符	
10552000	Vị Sử Dụng	未使用	Nhẫn	10	1-1	戒指	
10552001	Vị Sử Dụng	未使用	Nhẫn	20	1-1	戒指	
10552002	Vị Sử Dụng	未使用	Nhẫn	30	1-1	戒指	
10552003	Vị Sử Dụng	未使用	Nhẫn	40	2-2	戒指	
10552004	Vị Sử Dụng	未使用	Nhẫn	50	2-2	戒指	
10552006	Vị Sử Dụng	未使用	Nhẫn	70	3-3	戒指	
10552007	Vị Sử Dụng	未使用	Nhẫn	80	3-3	戒指	
10552010	Vị Sử Dụng	未使用	Nhẫn	10	1-1	戒指	
10552011	Vị Sử Dụng	未使用	Nhẫn	20	1-1	戒指	
10552012	Vị Sử Dụng	未使用	Nhẫn	30	1-1	戒指	
10552013	Vị Sử Dụng	未使用	Nhẫn	40	2-2	戒指	
10552014	Vị Sử Dụng	未使用	Nhẫn	50	2-2	戒指	
10552017	Vị Sử Dụng	未使用	Nhẫn	80	3-3	戒指	
10552018	Vị Sử Dụng	未使用	Nhẫn	90	4-4	戒指	
10552020	Vị Sử Dụng	未使用	Nhẫn	10	1-1	戒指	
10552021	Vị Sử Dụng	未使用	Nhẫn	20	1-1	戒指	
10552022	Vị Sử Dụng	未使用	Nhẫn	30	1-1	戒指	
10552023	Vị Sử Dụng	未使用	Nhẫn	40	2-2	戒指	
10552025	Vị Sử Dụng	未使用	Nhẫn	60	2-2	戒指	
10552026	Vị Sử Dụng	未使用	Nhẫn	70	3-3	戒指	
10552028	Vị Sử Dụng	未使用	Nhẫn	90	4-4	戒指	
10552030	Vị Sử Dụng	未使用	Nhẫn	10	1-1	戒指	
10552031	Vị Sử Dụng	未使用	Nhẫn	20	1-1	戒指	
10552032	Vị Sử Dụng	未使用	Nhẫn	30	1-1	戒指	
10552033	Vị Sử Dụng	未使用	Nhẫn	40	2-2	戒指	
10552034	Vị Sử Dụng	未使用	Nhẫn	50	2-2	戒指	
10552036	Vị Sử Dụng	未使用	Nhẫn	70	3-3	戒指	
10552037	Vị Sử Dụng	未使用	Nhẫn	80	3-3	戒指	
10552040	Vị Sử Dụng	未使用	Nhẫn	10	1-1	戒指	
10552041	Vị Sử Dụng	未使用	Nhẫn	20	1-1	戒指	
10552042	Vị Sử Dụng	未使用	Nhẫn	30	1-1	戒指	
10552043	Vị Sử Dụng	未使用	Nhẫn	40	2-2	戒指	
10552044	Vị Sử Dụng	未使用	Nhẫn	50	2-2	戒指	
10552047	Vị Sử Dụng	未使用	Nhẫn	80	3-3	戒指	
10552048	Vị Sử Dụng	未使用	Nhẫn	90	4-4	戒指	
10552050	Vị Sử Dụng	未使用	Nhẫn	10	1-1	戒指	
10552051	Vị Sử Dụng	未使用	Nhẫn	20	1-1	戒指	
10552052	Vị Sử Dụng	未使用	Nhẫn	30	1-1	戒指	
10552053	Vị Sử Dụng	未使用	Nhẫn	40	2-2	戒指	
10552055	Vị Sử Dụng	未使用	Nhẫn	60	2-2	戒指	
10552056	Vị Sử Dụng	未使用	Nhẫn	70	3-3	戒指	
10552058	Vị Sử Dụng	未使用	Nhẫn	90	4-4	戒指	
10552060	Vị Sử Dụng	未使用	Nhẫn	10	1-1	戒指	
10552061	Vị Sử Dụng	未使用	Nhẫn	20	1-1	戒指	
10552062	Vị Sử Dụng	未使用	Nhẫn	30	1-1	戒指	
10552063	Vị Sử Dụng	未使用	Nhẫn	40	2-2	戒指	
10552064	Vị Sử Dụng	未使用	Nhẫn	50	2-2	戒指	
10552066	Vị Sử Dụng	未使用	Nhẫn	70	3-3	戒指	
10552067	Vị Sử Dụng	未使用	Nhẫn	80	3-3	戒指	
10552070	Vị Sử Dụng	未使用	Nhẫn	10	1-1	戒指	
10552071	Vị Sử Dụng	未使用	Nhẫn	20	1-1	戒指	
10552072	Vị Sử Dụng	未使用	Nhẫn	30	1-1	戒指	
10552073	Vị Sử Dụng	未使用	Nhẫn	40	2-2	戒指	
10552074	Vị Sử Dụng	未使用	Nhẫn	50	2-2	戒指	
10552077	Vị Sử Dụng	未使用	Nhẫn	80	3-3	戒指	
10552078	Vị Sử Dụng	未使用	Nhẫn	90	4-4	戒指	
10552080	Vị Sử Dụng	未使用	Nhẫn	10	1-1	戒指	
10552081	Vị Sử Dụng	未使用	Nhẫn	20	1-1	戒指	
10552082	Vị Sử Dụng	未使用	Nhẫn	30	1-1	戒指	
10552083	Vị Sử Dụng	未使用	Nhẫn	40	2-2	戒指	
10552085	Vị Sử Dụng	未使用	Nhẫn	60	2-2	戒指	
10552086	Vị Sử Dụng	未使用	Nhẫn	70	3-3	戒指	
10552088	Vị Sử Dụng	未使用	Nhẫn	90	4-4	戒指	
10553000	Vị Sử Dụng	未使用	Hộ phù	10	1-1	护符	
10553001	Vị Sử Dụng	未使用	Hộ phù	20	1-1	护符	
10553002	Vị Sử Dụng	未使用	Hộ phù	30	1-1	护符	
10553003	Vị Sử Dụng	未使用	Hộ phù	40	2-2	护符	
10553004	Vị Sử Dụng	未使用	Hộ phù	50	2-2	护符	
10553005	Vị Sử Dụng	未使用	Hộ phù	60	2-2	护符	
10553006	Vị Sử Dụng	未使用	Hộ phù	70	3-3	护符	
10553010	Vị Sử Dụng	未使用	Hộ phù	10	1-1	护符	
10553011	Vị Sử Dụng	未使用	Hộ phù	20	1-1	护符	
10553012	Vị Sử Dụng	未使用	Hộ phù	30	1-1	护符	
10553013	Vị Sử Dụng	未使用	Hộ phù	40	2-2	护符	
10553014	Vị Sử Dụng	未使用	Hộ phù	50	2-2	护符	
10553015	Vị Sử Dụng	未使用	Hộ phù	60	2-2	护符	
10553017	Vị Sử Dụng	未使用	Hộ phù	80	3-3	护符	
10553020	Vị Sử Dụng	未使用	Hộ phù	10	1-1	护符	
10553021	Vị Sử Dụng	未使用	Hộ phù	20	1-1	护符	
10553022	Vị Sử Dụng	未使用	Hộ phù	30	1-1	护符	
10553023	Vị Sử Dụng	未使用	Hộ phù	40	2-2	护符	
10553024	Vị Sử Dụng	未使用	Hộ phù	50	2-2	护符	
10553025	Vị Sử Dụng	未使用	Hộ phù	60	2-2	护符	
10553026	Vị Sử Dụng	未使用	Hộ phù	70	3-3	护符	
10553028	Vị Sử Dụng	未使用	Hộ phù	90	4-4	护符	
10553030	Vị Sử Dụng	未使用	Hộ phù	10	1-1	护符	
10553031	Vị Sử Dụng	未使用	Hộ phù	20	1-1	护符	
10553032	Vị Sử Dụng	未使用	Hộ phù	30	1-1	护符	
10553033	Vị Sử Dụng	未使用	Hộ phù	40	2-2	护符	
10553034	Vị Sử Dụng	未使用	Hộ phù	50	2-2	护符	
10553035	Vị Sử Dụng	未使用	Hộ phù	60	2-2	护符	
10553036	Vị Sử Dụng	未使用	Hộ phù	70	3-3	护符	
10553040	Vị Sử Dụng	未使用	Hộ phù	10	1-1	护符	
10553041	Vị Sử Dụng	未使用	Hộ phù	20	1-1	护符	
10553042	Vị Sử Dụng	未使用	Hộ phù	30	1-1	护符	
10553043	Vị Sử Dụng	未使用	Hộ phù	40	2-2	护符	
10553044	Vị Sử Dụng	未使用	Hộ phù	50	2-2	护符	
10553045	Vị Sử Dụng	未使用	Hộ phù	60	2-2	护符	
10553047	Vị Sử Dụng	未使用	Hộ phù	80	3-3	护符	
10553050	Vị Sử Dụng	未使用	Hộ phù	10	1-1	护符	
10553051	Vị Sử Dụng	未使用	Hộ phù	20	1-1	护符	
10553052	Vị Sử Dụng	未使用	Hộ phù	30	1-1	护符	
10553053	Vị Sử Dụng	未使用	Hộ phù	40	2-2	护符	
10553054	Vị Sử Dụng	未使用	Hộ phù	50	2-2	护符	
10553055	Vị Sử Dụng	未使用	Hộ phù	60	2-2	护符	
10553056	Vị Sử Dụng	未使用	Hộ phù	70	3-3	护符	
10553058	Vị Sử Dụng	未使用	Hộ phù	90	4-4	护符	
10553060	Vị Sử Dụng	未使用	Hộ phù	10	1-1	护符	
10553061	Vị Sử Dụng	未使用	Hộ phù	20	1-1	护符	
10553062	Vị Sử Dụng	未使用	Hộ phù	30	1-1	护符	
10553063	Vị Sử Dụng	未使用	Hộ phù	40	2-2	护符	
10553064	Vị Sử Dụng	未使用	Hộ phù	50	2-2	护符	
10553065	Vị Sử Dụng	未使用	Hộ phù	60	2-2	护符	
10553066	Vị Sử Dụng	未使用	Hộ phù	70	3-3	护符	
10553070	Vị Sử Dụng	未使用	Hộ phù	10	1-1	护符	
10553071	Vị Sử Dụng	未使用	Hộ phù	20	1-1	护符	
10553072	Vị Sử Dụng	未使用	Hộ phù	30	1-1	护符	
10553073	Vị Sử Dụng	未使用	Hộ phù	40	2-2	护符	
10553074	Vị Sử Dụng	未使用	Hộ phù	50	2-2	护符	
10553075	Vị Sử Dụng	未使用	Hộ phù	60	2-2	护符	
10553077	Vị Sử Dụng	未使用	Hộ phù	80	3-3	护符	
10553080	Vị Sử Dụng	未使用	Hộ phù	10	1-1	护符	
10553081	Vị Sử Dụng	未使用	Hộ phù	20	1-1	护符	
10553082	Vị Sử Dụng	未使用	Hộ phù	30	1-1	护符	
10553083	Vị Sử Dụng	未使用	Hộ phù	40	2-2	护符	
10553084	Vị Sử Dụng	未使用	Hộ phù	50	2-2	护符	
10553085	Vị Sử Dụng	未使用	Hộ phù	60	2-2	护符	
10553086	Vị Sử Dụng	未使用	Hộ phù	70	3-3	护符	
10553088	Vị Sử Dụng	未使用	Hộ phù	90	4-4	护符	
10553500	Tọa Kỵ: Huyền Thiên Lôi Thú	T鱝 K�: Huy玭 Thi阯 L鬷 Th�	Cưỡi	10	15-15	t鱝 k�	hieu ung 21
10553501	Tọa Kỵ: Cửu Châu Thần Long	T鱝 K�: C豼 Ch鈛 Th Long	Cưỡi	10	15-15	t鱝 k�	hieu ung 21
10553502	Tọa Kỵ: Nguyệt Thỏ	T鱝 K�: Nguy畉 Th�	Cưỡi	10	15-15	t鱝 k�	hieu ung 21
10553503	Tọa Kỵ: Giang Nam Tỏa Giáp Mã	T鱝 K�: Giang Nam T鯽 Gi醦 M�	Cưỡi	10	15-15	t鱝 k�	hieu ung 21
10553504	Tọa Kỵ: Đại Mạc Kim Qua Mã	T鱝 K�: 姓i M誧 Kim Qua M�	Cưỡi	10	15-15	t鱝 k�	hieu ung 21
10553505	Tọa Kỵ: Yên Vũ Thanh Hà	T鱝 K�: Y阯 V� Thanh H�	Cưỡi	10	15-15	t鱝 k�	hieu ung 21
10553506	Tọa Kỵ: Huyễn Hỏa Xích Lân Thú	T鱝 K�: Huy璶 H鯽 X韈h L鈔 Th�	Cưỡi	10	15-15	t鱝 k�	hieu ung 21
10553507	Tọa Kỵ: Chích Túc Quỷ Mã	T鱝 K�: Ch韈h T鷆 Qu� M�	Cưỡi	10	15-15	t鱝 k�	hieu ung 21
10553508	Tọa Kỵ: Thiêm Phúc Cẩm Lân	T鱝 K�: Thi阭 Ph鷆 C L鈔	Cưỡi	10	15-15	t鱝 k�	hieu ung 21
10553509	Tọa Kỵ: Thiên Công Linh Lung Thử	T鱝 K�: Thi阯 C鬾g Linh Lung Th�	Cưỡi	10	15-15	t鱝 k�	hieu ung 21
10553510	Tọa Kỵ: Lục Hành Điểu	T鱝 K�: L鴆 H鄋h 衖瑄	Cưỡi	10	15-15	t鱝 k�	hieu ung 21
10553511	Tọa Kỵ: Kim Lân Vũ Sư	T鱝 K�: Kim L鈔 V� S�	Cưỡi	10	15-15	t鱝 k�	hieu ung 21
10553512	Tọa Kỵ: Kí Cư Giải	T鱝 K�: K� C� Gi鋓	Cưỡi	10	15-15	t鱝 k�	hieu ung 21
10553513	Tọa Kỵ: Thất Bảo Liên Tọa	T鱝 K�: Th B鋙 Li阯 T鱝	Cưỡi	10	15-15	t鱝 k�	hieu ung 21
10553514	Tọa Kỵ: Xích Lân Bạch Trạch	T鱝 K�: X韈h L鈔 B誧h Tr誧h	Cưỡi	10	15-15	t鱝 k�	hieu ung 21
10553515	Tọa Kỵ: Thanh Lân Bạch Trạch	T鱝 K�: Thanh L鈔 B誧h Tr誧h	Cưỡi	10	15-15	t鱝 k�	hieu ung 21
10553516	Tọa Kỵ: Kim Dực Long Thú	T鱝 K�: Kim D馽 Long Th�	Cưỡi	10	15-15	t鱝 k�	hieu ung 21
10553517	Tọa Kỵ: Phỉ Thúy Ngự Giá	T鱝 K�: Ph� Th鷜 Ng� Gi�	Cưỡi	10	15-15	t鱝 k�	hieu ung 21
10553518	Tọa Kỵ: Dong Nham Ma Tê	T鱝 K�: Dong Nham Ma T�	Cưỡi	10	15-15	t鱝 k�	hieu ung 21
10553519	Tọa Kỵ: Tứ Hỉ Tống Lí Thai	T鱝 K�: T� H� T痭g L� Thai	Cưỡi	10	15-15	t鱝 k�	hieu ung 21
10553520	Tọa Kỵ: Nguyệt Bạch Long Mã	T鱝 K�: Nguy畉 B誧h Long M�	Cưỡi	10	15-15	t鱝 k�	hieu ung 21
10553521	Phi Long: Đại Phong	Phi Long: 姓i Phong	Cưỡi	10	15-15	t鱝 k�	hieu ung 21
10553522	Tọa Kỵ: Lam Dực Long Thú	T鱝 K�: Lam D馽 Long Th�	Cưỡi	10	15-15	t鱝 k�	hieu ung 21
10553523	Tọa Kỵ: Thanh Dực Long Thú	T鱝 K�: Thanh D馽 Long Th�	Cưỡi	10	15-15	t鱝 k�	hieu ung 21
10553524	Tọa Kỵ: Ngạo Tuyết Linh Sư	T鱝 K�: Ng誳 Tuy猼 Linh S�	Cưỡi	10	15-15	t鱝 k�	hieu ung 21
10553525	Tọa Kỵ: Phách Thế Vũ Long	T鱝 K�: Ph醕h Th� V� Long	Cưỡi	10	15-15	t鱝 k�	hieu ung 21
10553526	Tọa Kỵ: Thanh Dực Chiến Long	T鱝 K�: Thanh D馽 Chi猲 Long	Cưỡi	10	15-15	t鱝 k�	hieu ung 21
10553527	Tọa Kỵ: Tuyệt Vân Diễm Long	T鱝 K�: Tuy畉 V鈔 Di璵 Long	Cưỡi	10	15-15	t鱝 k�	hieu ung 21
10553528	Tọa Kỵ: Phúc Thụy Tuyết Điêu	T鱝 K�: Ph鷆 Th鴜 Tuy猼 衖陁	Cưỡi	10	15-15	t鱝 k�	hieu ung 21
10553529	Tọa Kỵ: Hồng Mai Nhuyễn Giá	T鱝 K�: H皀g Mai Nhuy璶 Gi�	Cưỡi	10	15-15	t鱝 k�	hieu ung 21
10553530	Sí Bàng: Kim Vũ	S� B鄋g: Kim V�	Cưỡi	10	15-15	t鱝 k�	hieu ung 21
10553531	Tọa Kỵ: Minh Tà Thú	T鱝 K�: Minh T� Th�	Cưỡi	10	15-15	t鱝 k�	hieu ung 21
10553532	Tọa Kỵ: Liệt Hỏa Kim Cương	T鱝 K�: Li畉 H鯽 Kim C呓ng	Cưỡi	10	15-15	t鱝 k�	hieu ung 21
10553533	Tọa Kỵ: Xích Tiêu Viêm Lang	T鱝 K�: X韈h Ti陁 Vi阭 Lang	Cưỡi	10	15-15	t鱝 k�	hieu ung 21
10553534	Tọa Kỵ: Mị Vũ	T鱝 K�: M� V�	Cưỡi	10	15-15	t鱝 k�	hieu ung 21
10553535	Tọa Kỵ: Thiên Hà Linh Thước	T鱝 K�: Thi阯 H� Linh Th呔c	Cưỡi	10	15-15	t鱝 k�	hieu ung 21
10553536	Tọa Kỵ: Vân Thủy Kim Tình Thú	T鱝 K�: V鈔 Th鼀 Kim T靚h Th�	Cưỡi	10	15-15	t鱝 k�	hieu ung 21
10553537	Tọa Kỵ: Hắc Thiên Mã	T鱝 K�: H Thi阯 M�	Cưỡi	10	15-15	t鱝 k�	hieu ung 21
10553538	Tọa Kỵ: Huyền Đồng Hải Long	T鱝 K�: Huy玭 邪ng H鋓 Long	Cưỡi	10	15-15	t鱝 k�	hieu ung 21
10553539	Tọa Kỵ: U Lam Hải Long	T鱝 K�: U Lam H鋓 Long	Cưỡi	10	15-15	t鱝 k�	hieu ung 21
10553540	Tọa Kỵ: Ám Viêm Khai Minh Thú	T鱝 K�: 羗 Vi阭 Khai Minh Th�	Cưỡi	10	15-15	t鱝 k�	hieu ung 21
10553541	Tọa Kỵ: Dao Quang Khai Minh Thú	T鱝 K�: Dao Quang Khai Minh Th�	Cưỡi	10	15-15	t鱝 k�	hieu ung 21
10553542	Tọa Kỵ: Tinh Hồng Vân Chu	T鱝 K�: Tinh H皀g V鈔 Chu	Cưỡi	10	15-15	t鱝 k�	hieu ung 21
10553543	Tọa Kỵ: Ám Viêm Minh Sư	T鱝 K�: 羗 Vi阭 Minh S�	Cưỡi	10	15-15	t鱝 k�	hieu ung 21
10553544	Tọa Kỵ: Hư Không Hùng Hồn	T鱝 K�: H� Kh鬾g H鵱g H皀	Cưỡi	10	15-15	t鱝 k�	hieu ung 21
10553545	Tọa Kỵ: Tường Vân Hạc	T鱝 K�: T叨ng V鈔 H誧	Cưỡi	10	15-15	t鱝 k�	hieu ung 21
10553546	Tọa Kỵ: Kim Tiễn Báo	T鱝 K�: Kim Ti璶 B醥	Cưỡi	40	15-15	t鱝 k�	hieu ung 21
10553547	Tọa Kỵ: Vân Tuyết Báo	T鱝 K�: V鈔 Tuy猼 B醥	Cưỡi	60	15-15	t鱝 k�	hieu ung 21
10553548	Tọa Kỵ: U Minh Báo	T鱝 K�: U Minh B醥	Cưỡi	80	15-15	t鱝 k�	hieu ung 21
10553549	Tọa Kỵ: Viêm Vũ	T鱝 K�: Vi阭 V�	Cưỡi	10	15-15	t鱝 k�	hieu ung 21
10553550	Tọa Kỵ: Ứng Long Huyễn Hồn	T鱝 K�: 簄g Long Huy璶 H皀	Cưỡi	10	15-15	t鱝 k�	hieu ung 21
10553551	Tọa Kỵ: Hắc Mân Côi	T鱝 K�: H M鈔 C鬷	Cưỡi	1	15-15	t鱝 k�	hieu ung 21
10553613	Tọa Kỵ: Linh Hồ	T鱝 K�: Linh H�	Cưỡi	40	15-15	t鱝 k�	hieu ung 21
10553614	Tọa Kỵ: Xích Vĩ Hồ	T鱝 K�: X韈h V� H�	Cưỡi	60	15-15	t鱝 k�	hieu ung 21
10553615	Tọa Kỵ: Huyền Thiên Hồ	T鱝 K�: Huy玭 Thi阯 H�	Cưỡi	80	15-15	t鱝 k�	hieu ung 21
