ID,Ten,Ho,Cap mang,Bien di,Bao bao,So ky nang,Ky nang chu dong,Tuoi tho,TC Luc,TC The,TC Linh,TC Than phap,TC Dinh luc,Truong thanh
558,飘飘鸭,298,1,x,,10,,64800,1250,1250,1250,1250,1250,500
559,飘飘兔,299,1,x,,10,,64800,1250,1250,1250,1250,1250,500
3000,成年兔子,300,5,,,10,治疗,66236,1428,1630,2650,1630,2243,540
3001,变异兔子,300,5,x,,10,治疗,66236,1855,2120,3448,2120,2915,540
3009,兔子宝宝,300,5,,x,10,治疗,66236,1428,1630,2650,1630,2243,540
3010,成年燕子,301,5,,,10,轻灵,66236,2040,1835,1630,2650,1428,540
3011,变异燕子,301,5,x,,10,轻灵,66236,2650,2385,2120,3448,1855,540
3019,燕子宝宝,301,5,,x,10,轻灵,66236,2040,1835,1630,2650,1428,540
3020,成年乌龟,302,5,,,10,肉墙,66236,1835,2650,1630,1630,1835,540
3021,变异乌龟,302,5,x,,10,肉墙,66236,2385,3448,2120,2120,2385,540
3029,乌龟宝宝,302,5,,x,10,肉墙,66236,1835,2650,1630,1630,1835,540
3030,成年狗,303,5,,,10,重生,69828,2785,2355,1498,1928,1498,642
3031,变异狗,303,5,x,,10,重生,69828,3620,3063,1948,2505,1948,642
3039,狗宝宝,303,5,,x,10,重生,69828,2785,2355,1498,1928,1498,642
3040,成年刺猬,304,5,,,10,清醒,69828,2143,2143,2143,2143,2143,642
3041,变异刺猬,304,5,x,,10,清醒,69828,2785,2785,2785,2785,2785,642
3049,刺猬宝宝,304,5,,x,10,清醒,69828,2143,2143,2143,2143,2143,642
3050,成年猴子,305,5,,,10,轻灵,69828,2143,1928,1713,2785,1498,642
3051,变异猴子,305,5,x,,10,轻灵,69828,2785,2505,2228,3620,1948,642
3059,猴子宝宝,305,5,,x,10,轻灵,69828,2143,1928,1713,2785,1498,642
3060,成年松鼠,306,5,,,10,洒脱,73420,1568,1793,2915,1793,2465,744
3061,变异松鼠,306,5,x,,10,洒脱,73420,1805,2063,3353,2063,2835,744
3062,变异松鼠,306,5,x,,10,洒脱,73420,2040,2330,3788,2330,3205,744
3069,松鼠宝宝,306,5,,x,10,洒脱,73420,1568,1793,2915,1793,2465,744
3070,成年浣熊,307,5,,,10,明目,73420,2243,2243,2243,2243,2243,744
3071,变异浣熊,307,5,x,,10,明目,73420,2578,2578,2578,2578,2578,744
3072,变异浣熊,307,5,x,,10,明目,73420,2915,2915,2915,2915,2915,744
3079,浣熊宝宝,307,5,,x,10,明目,73420,2243,2243,2243,2243,2243,744
3080,成年鹦鹉,308,5,,,10,固元,73420,1568,1793,2915,1793,2465,744
3081,变异鹦鹉,308,5,x,,10,固元,73420,1805,2063,3353,2063,2835,744
3082,变异鹦鹉,308,5,x,,10,固元,73420,2040,2330,3788,2330,3205,744
3089,鹦鹉宝宝,308,5,,x,10,固元,73420,1568,1793,2915,1793,2465,744
3090,成年蜥蜴,309,5,,,10,伪装,77012,2345,2345,2345,2345,2345,846
3091,变异蜥蜴,309,5,x,,10,伪装,77012,2695,2695,2695,2695,2695,846
3092,变异蜥蜴,309,5,x,,10,伪装,77012,3048,3048,3048,3048,3048,846
3099,蜥蜴宝宝,309,5,,x,10,伪装,77012,2345,2345,2345,2345,2345,846
3100,成年蝙蝠,310,5,,,10,附身,77012,2345,2345,2345,2345,2345,846
3101,变异蝙蝠,310,5,x,,10,附身,77012,2695,2695,2695,2695,2695,846
3102,变异蝙蝠,310,5,x,,10,附身,77012,3048,3048,3048,3048,3048,846
3109,蝙蝠宝宝,310,5,,x,10,附身,77012,2345,2345,2345,2345,2345,846
3110,成年大螳螂,311,5,,,10,重生,77012,3048,2578,1640,2110,1640,846
3111,变异大螳螂,311,5,x,,10,重生,77012,3505,2965,1888,2425,1888,846
3112,变异大螳螂,311,5,x,,10,重生,77012,3963,3353,2133,2743,2133,846
3119,大螳螂宝宝,311,5,,x,10,重生,77012,3048,2578,1640,2110,1640,846
3120,成年鳄鱼,312,5,,,10,肉墙,77012,2110,3048,1875,1875,2110,846
3121,变异鳄鱼,312,5,x,,10,肉墙,77012,2425,3505,2155,2155,2425,846
3122,变异鳄鱼,312,5,x,,10,肉墙,77012,2743,3963,2438,2438,2743,846
3129,鳄鱼宝宝,312,5,,x,10,肉墙,77012,2110,3048,1875,1875,2110,846
3130,成年猫头鹰,313,45,,,10,明目,80604,2448,2203,1958,3180,1713,948
3131,变异猫头鹰,313,45,x,,10,明目,80604,2690,2423,2153,3498,1883,948
3132,变异猫头鹰,313,45,x,,10,明目,80604,2935,2643,2348,3818,2055,948
3133,变异猫头鹰,313,45,x,,10,明目,80604,3180,2863,2545,4135,2225,948
3139,猫头鹰宝宝,313,45,,x,10,明目,80604,2448,2203,1958,3180,1713,948
3140,成年獾,314,45,,,10,解穴,80604,3180,2690,1713,2203,1713,948
3141,变异獾,314,45,x,,10,解穴,80604,3498,2960,1883,2423,1883,948
3142,变异獾,314,45,x,,10,解穴,80604,3818,3230,2055,2643,2055,948
3143,变异獾,314,45,x,,10,解穴,80604,4135,3498,2225,2863,2225,948
3149,獾宝宝,314,45,,x,10,解穴,80604,3180,2690,1713,2203,1713,948
3150,成年老虎,315,45,,,10,嗜血,80604,3180,2690,1713,2203,1713,948
3151,变异老虎,315,45,x,,10,嗜血,80604,3498,2960,1883,2423,1883,948
3152,变异老虎,315,45,x,,10,嗜血,80604,3818,3230,2055,2643,2055,948
3153,变异老虎,315,45,x,,10,嗜血,80604,4135,3498,2225,2863,2225,948
3159,老虎宝宝,315,45,,x,10,嗜血,80604,3180,2690,1713,2203,1713,948
3160,成年野猪,316,45,,,10,重生,80604,3180,2690,1713,2203,1713,948
3161,变异野猪,316,45,x,,10,重生,80604,3498,2960,1883,2423,1883,948
3162,变异野猪,316,45,x,,10,重生,80604,3818,3230,2055,2643,2055,948
3163,变异野猪,316,45,x,,10,重生,80604,4135,3498,2225,2863,2225,948
3169,野猪宝宝,316,45,,x,10,重生,80604,3180,2690,1713,2203,1713,948
3170,成年冰蚕,317,55,,,10,清醒,84195,1785,2040,3315,2040,2805,1051
3171,变异冰蚕,317,55,x,,10,清醒,84195,1918,2193,3563,2193,3015,1051
3172,变异冰蚕,317,55,x,,10,清醒,84195,2053,2345,3810,2345,3225,1051
3173,变异冰蚕,317,55,x,,10,清醒,84195,2185,2498,4060,2498,3435,1051
3174,变异冰蚕,317,55,x,,10,清醒,84195,2320,2650,4308,2650,3645,1051
3179,冰蚕宝宝,317,55,,x,10,清醒,84195,1785,2040,3315,2040,2805,1051
3180,成年鹰,318,55,,,10,明目,84195,2550,2295,2040,3315,1785,1051
3181,变异鹰,318,55,x,,10,明目,84195,2740,2465,2193,3563,1918,1051
3182,变异鹰,318,55,x,,10,明目,84195,2933,2638,2345,3810,2053,1051
3183,变异鹰,318,55,x,,10,明目,84195,3123,2810,2498,4060,2185,1051
3184,变异鹰,318,55,x,,10,明目,84195,3315,2983,2650,4308,2320,1051
3189,鹰宝宝,318,55,,x,10,明目,84195,2550,2295,2040,3315,1785,1051
3190,成年鸵鸟,319,55,,,10,伪装,84195,2550,2295,2040,3315,1785,1051
3191,变异鸵鸟,319,55,x,,10,伪装,84195,2740,2465,2193,3563,1918,1051
3192,变异鸵鸟,319,55,x,,10,伪装,84195,2933,2638,2345,3810,2053,1051
3193,变异鸵鸟,319,55,x,,10,伪装,84195,3123,2810,2498,4060,2185,1051
3194,变异鸵鸟,319,55,x,,10,伪装,84195,3315,2983,2650,4308,2320,1051
3199,鸵鸟宝宝,319,55,,x,10,伪装,84195,2550,2295,2040,3315,1785,1051
3200,成年豹子,320,55,,,10,嗜血,84195,2550,2295,2040,3315,1785,1051
3201,变异豹子,320,55,x,,10,嗜血,84195,2740,2465,2193,3563,1918,1051
3202,变异豹子,320,55,x,,10,嗜血,84195,2933,2638,2345,3810,2053,1051
3203,变异豹子,320,55,x,,10,嗜血,84195,3123,2810,2498,4060,2185,1051
3204,变异豹子,320,55,x,,10,嗜血,84195,3315,2983,2650,4308,2320,1051
3209,豹子宝宝,320,55,,x,10,嗜血,84195,2550,2295,2040,3315,1785,1051
3210,成年北极熊,321,65,,,10,重生,87787,2385,3448,2120,2120,2385,1153
3211,变异北极熊,321,65,x,,10,重生,87787,2530,3655,2248,2248,2530,1153
3212,变异北极熊,321,65,x,,10,重生,87787,2673,3860,2375,2375,2673,1153
3213,变异北极熊,321,65,x,,10,重生,87787,2815,4068,2503,2503,2815,1153
3214,变异北极熊,321,65,x,,10,重生,87787,2960,4275,2630,2630,2960,1153
3215,变异北极熊,321,65,x,,10,重生,87787,3103,4483,2758,2758,3103,1153
3219,北极熊宝宝,321,65,,x,10,重生,87787,2385,3448,2120,2120,2385,1153
3220,成年孔雀,322,65,,,10,重生,87787,1855,2120,3448,2120,2918,1153
3221,变异孔雀,322,65,x,,10,重生,87787,1968,2248,3655,2248,3093,1153
3222,变异孔雀,322,65,x,,10,重生,87787,2078,2375,3860,2375,3268,1153
3223,变异孔雀,322,65,x,,10,重生,87787,2190,2503,4068,2503,3443,1153
3224,变异孔雀,322,65,x,,10,重生,87787,2300,2630,4275,2630,3618,1153
3225,变异孔雀,322,65,x,,10,重生,87787,2413,2758,4483,2758,3793,1153
3229,孔雀宝宝,322,65,,x,10,重生,87787,1855,2120,3448,2120,2918,1153
3230,成年剑齿虎,323,65,,,10,嗜血,87787,2653,2385,2120,3448,1855,1153
3231,变异剑齿虎,323,65,x,,10,嗜血,87787,2810,2530,2248,3655,1968,1153
3232,变异剑齿虎,323,65,x,,10,嗜血,87787,2970,2673,2375,3860,2078,1153
3233,变异剑齿虎,323,65,x,,10,嗜血,87787,3128,2815,2503,4068,2190,1153
3234,变异剑齿虎,323,65,x,,10,嗜血,87787,3288,2960,2630,4275,2300,1153
3235,变异剑齿虎,323,65,x,,10,嗜血,87787,3448,3103,2758,4483,2413,1153
3239,剑齿虎宝宝,323,65,,x,10,嗜血,87787,2653,2385,2120,3448,1855,1153
3240,成年大猩猩,324,65,,,10,解穴,87787,2653,2653,2653,2653,2653,1153
3241,变异大猩猩,324,65,x,,10,解穴,87787,2810,2810,2810,2810,2810,1153
3242,变异大猩猩,324,65,x,,10,解穴,87787,2970,2970,2970,2970,2970,1153
3243,变异大猩猩,324,65,x,,10,解穴,87787,3128,3128,3128,3128,3128,1153
3244,变异大猩猩,324,65,x,,10,解穴,87787,3288,3288,3288,3288,3288,1153
3245,变异大猩猩,324,65,x,,10,解穴,87787,3448,3448,3448,3448,3448,1153
3249,大猩猩宝宝,324,65,,x,10,解穴,87787,2653,2653,2653,2653,2653,1153
3250,成年犀牛,325,75,,,10,肉墙,91379,2478,3580,2203,2203,2478,1255
3251,变异犀牛,325,75,x,,10,肉墙,91379,2603,3760,2313,2313,2603,1255
3252,变异犀牛,325,75,x,,10,肉墙,91379,2725,3938,2423,2423,2725,1255
3253,变异犀牛,325,75,x,,10,肉墙,91379,2850,4118,2533,2533,2850,1255
3254,变异犀牛,325,75,x,,10,肉墙,91379,2975,4298,2643,2643,2975,1255
3255,变异犀牛,325,75,x,,10,肉墙,91379,3098,4475,2755,2755,3098,1255
3256,变异犀牛,325,75,x,,10,肉墙,91379,3223,4655,2865,2865,3223,1255
3259,犀牛宝宝,325,75,,x,10,肉墙,91379,2478,3580,2203,2203,2478,1255
3260,成年雪貂,326,75,,,10,重生,91379,2755,2478,2203,3580,1928,1255
3261,变异雪貂,326,75,x,,10,重生,91379,2893,2603,2313,3760,2023,1255
3262,变异雪貂,326,75,x,,10,重生,91379,3030,2725,2423,3938,2120,1255
3263,变异雪貂,326,75,x,,10,重生,91379,3168,2850,2533,4118,2218,1255
3264,变异雪貂,326,75,x,,10,重生,91379,3305,2975,2643,4298,2313,1255
3265,变异雪貂,326,75,x,,10,重生,91379,3443,3098,2755,4475,2410,1255
3266,变异雪貂,326,75,x,,10,重生,91379,3580,3223,2865,4655,2505,1255
3269,雪貂宝宝,326,75,,x,10,重生,91379,2755,2478,2203,3580,1928,1255
3270,成年剑龙,327,75,,,10,清醒,91379,2478,3580,2203,2203,2478,1255
3271,变异剑龙,327,75,x,,10,清醒,91379,2603,3760,2313,2313,2603,1255
3272,变异剑龙,327,75,x,,10,清醒,91379,2725,3938,2423,2423,2725,1255
3273,变异剑龙,327,75,x,,10,清醒,91379,2850,4118,2533,2533,2850,1255
3274,变异剑龙,327,75,x,,10,清醒,91379,2975,4298,2643,2643,2975,1255
3275,变异剑龙,327,75,x,,10,清醒,91379,3098,4475,2755,2755,3098,1255
3276,变异剑龙,327,75,x,,10,清醒,91379,3223,4655,2865,2865,3223,1255
3279,剑龙宝宝,327,75,,x,10,清醒,91379,2478,3580,2203,2203,2478,1255
3280,成年駮马,328,75,,,10,嗜血,91379,3580,3030,1928,2478,1928,1255
3281,变异駮马,328,75,x,,10,嗜血,91379,3760,3180,2023,2603,2023,1255
3282,变异駮马,328,75,x,,10,嗜血,91379,3938,3333,2120,2725,2120,1255
3283,变异駮马,328,75,x,,10,嗜血,91379,4118,3485,2218,2850,2218,1255
3284,变异駮马,328,75,x,,10,嗜血,91379,4298,3635,2313,2975,2313,1255
3285,变异駮马,328,75,x,,10,嗜血,91379,4475,3788,2410,3098,2410,1255
3286,变异駮马,328,75,x,,10,嗜血,91379,4655,3938,2505,3223,2505,1255
3289,駮马宝宝,328,75,,x,10,嗜血,91379,3580,3030,1928,2478,1928,1255
3290,成年雏凤,329,85,,,10,解穴,94971,1998,2283,3710,2283,3140,1357
3291,变异雏凤,329,85,x,,10,解穴,94971,2083,2380,3870,2380,3275,1357
3292,变异雏凤,329,85,x,,10,解穴,94971,2168,2478,4028,2478,3408,1357
3293,变异雏凤,329,85,x,,10,解穴,94971,2255,2578,4188,2578,3543,1357
3294,变异雏凤,329,85,x,,10,解穴,94971,2340,2675,4348,2675,3678,1357
3295,变异雏凤,329,85,x,,10,解穴,94971,2425,2773,4505,2773,3813,1357
3296,变异雏凤,329,85,x,,10,解穴,94971,2510,2870,4665,2870,3948,1357
3297,变异雏凤,329,85,x,,10,解穴,94971,2598,2968,4823,2968,4083,1357
3299,雏凤宝宝,329,85,,x,10,解穴,94971,1998,2283,3710,2283,3140,1357
3300,成年年兽,330,85,,,10,嗜血,94971,3710,3140,1998,2568,1998,1357
3301,变异年兽,330,85,x,,10,嗜血,94971,3870,3275,2083,2678,2083,1357
3302,变异年兽,330,85,x,,10,嗜血,94971,4028,3408,2168,2788,2168,1357
3303,变异年兽,330,85,x,,10,嗜血,94971,4188,3543,2255,2898,2255,1357
3304,变异年兽,330,85,x,,10,嗜血,94971,4348,3678,2340,3008,2340,1357
3305,变异年兽,330,85,x,,10,嗜血,94971,4505,3813,2425,3120,2425,1357
3306,变异年兽,330,85,x,,10,嗜血,94971,4665,3948,2510,3230,2510,1357
3307,变异年兽,330,85,x,,10,嗜血,94971,4823,4083,2598,3340,2598,1357
3309,年兽宝宝,330,85,,x,10,嗜血,94971,3710,3140,1998,2568,1998,1357
3310,成年龙龟,331,85,,,10,治疗,94971,2568,3710,2283,2283,2568,1357
3311,变异龙龟,331,85,x,,10,治疗,94971,2678,3870,2380,2380,2678,1357
3312,变异龙龟,331,85,x,,10,治疗,94971,2788,4028,2478,2478,2788,1357
3313,变异龙龟,331,85,x,,10,治疗,94971,2898,4188,2578,2578,2898,1357
3314,变异龙龟,331,85,x,,10,治疗,94971,3008,4348,2675,2675,3008,1357
3315,变异龙龟,331,85,x,,10,治疗,94971,3120,4505,2773,2773,3120,1357
3316,变异龙龟,331,85,x,,10,治疗,94971,3230,4665,2870,2870,3230,1357
3317,变异龙龟,331,85,x,,10,治疗,94971,3340,4823,2968,2968,3340,1357
3319,龙龟宝宝,331,85,,x,10,治疗,94971,2568,3710,2283,2283,2568,1357
3320,成年英招,332,85,,,10,附身,94971,2855,2568,2283,3995,1998,1357
3321,变异英招,332,85,x,,10,附身,94971,2975,2678,2380,4168,2083,1357
3322,变异英招,332,85,x,,10,附身,94971,3098,2788,2478,4338,2168,1357
3323,变异英招,332,85,x,,10,附身,94971,3220,2898,2578,4510,2255,1357
3324,变异英招,332,85,x,,10,附身,94971,3343,3008,2675,4680,2340,1357
3325,变异英招,332,85,x,,10,附身,94971,3465,3120,2773,4853,2425,1357
3326,变异英招,332,85,x,,10,附身,94971,3588,3230,2870,5023,2510,1357
3327,变异英招,332,85,x,,10,附身,94971,3710,3340,2968,5195,2598,1357
3329,英招宝宝,332,85,,x,10,附身,94971,2855,2568,2283,3995,1998,1357
3330,成年麒麟,333,95,,,10,重生,98563,3843,3253,2070,2660,2070,1459
3331,变异麒麟,333,95,x,,10,重生,98563,3988,3375,2148,2760,2148,1459
3332,变异麒麟,333,95,x,,10,重生,98563,4133,3495,2225,2860,2225,1459
3333,变异麒麟,333,95,x,,10,重生,98563,4275,3618,2303,2960,2303,1459
3334,变异麒麟,333,95,x,,10,重生,98563,4420,3740,2380,3060,2380,1459
3335,变异麒麟,333,95,x,,10,重生,98563,4565,3863,2458,3160,2458,1459
3336,变异麒麟,333,95,x,,10,重生,98563,4708,3985,2535,3260,2535,1459
3337,变异麒麟,333,95,x,,10,重生,98563,4853,4105,2613,3360,2613,1459
3338,变异麒麟,333,95,x,,10,重生,98563,4998,4228,2690,3460,2690,1459
3339,麒麟宝宝,333,95,,x,10,重生,98563,3843,3253,2070,2660,2070,1459
3340,成年蛟龙,334,95,,,10,附身,98563,2070,2365,3843,2365,3253,1459
3341,变异蛟龙,334,95,x,,10,附身,98563,2148,2453,3988,2453,3375,1459
3342,变异蛟龙,334,95,x,,10,附身,98563,2225,2543,4133,2543,3495,1459
3343,变异蛟龙,334,95,x,,10,附身,98563,2303,2630,4275,2630,3618,1459
3344,变异蛟龙,334,95,x,,10,附身,98563,2380,2720,4420,2720,3740,1459
3345,变异蛟龙,334,95,x,,10,附身,98563,2458,2808,4565,2808,3863,1459
3346,变异蛟龙,334,95,x,,10,附身,98563,2535,2898,4708,2898,3985,1459
3347,变异蛟龙,334,95,x,,10,附身,98563,2613,2985,4853,2985,4105,1459
3348,变异蛟龙,334,95,x,,10,附身,98563,2690,3075,4998,3075,4228,1459
3349,蛟龙宝宝,334,95,,x,10,附身,98563,2070,2365,3843,2365,3253,1459
3350,成年柴猫,335,20,,,10,重生,71624,2193,1973,1753,2850,1533,693
3351,变异柴猫,335,20,x,,10,重生,71624,2520,2268,2015,3278,1763,693
3352,变异柴猫,335,20,x,,10,重生,71624,2850,2565,2280,3705,1995,693
3359,柴猫宝宝,335,20,,x,10,重生,71624,2193,1973,1753,2850,1533,693
3360,成年鸡,336,5,,,10,轻灵,71624,2193,2193,2193,2193,2193,693
3361,变异鸡,336,5,x,,10,轻灵,71624,2520,2520,2520,2520,2520,693
3362,变异鸡,336,5,x,,10,轻灵,71624,2850,2850,2850,2850,2850,693
3369,鸡宝宝,336,5,,x,10,轻灵,71624,2193,2193,2193,2193,2193,693
3370,成年鸭子,337,5,,,10,清醒,71624,1533,1753,2850,1753,2410,693
3371,变异鸭子,337,5,x,,10,清醒,71624,1763,2015,3278,2015,2773,693
3372,变异鸭子,337,5,x,,10,清醒,71624,1995,2280,3705,2280,3135,693
3379,鸭子宝宝,337,5,,x,10,清醒,71624,1533,1753,2850,1753,2410,693
3380,成年技嘉羊,338,5,,,10,固元,71624,2193,2193,2193,2193,2193,693
3381,变异技嘉羊,338,5,x,,10,固元,71624,2520,2520,2520,2520,2520,693
3382,变异技嘉羊,338,5,x,,10,固元,71624,2850,2850,2850,2850,2850,693
3389,技嘉羊宝宝,338,5,,x,10,固元,71624,2193,2193,2193,2193,2193,693
3390,成年毛驴,339,5,,,10,重生,71624,2193,2193,2193,2193,2193,693
3391,变异毛驴,339,5,x,,10,重生,71624,2520,2520,2520,2520,2520,693
3392,变异毛驴,339,5,x,,10,重生,71624,2850,2850,2850,2850,2850,693
3399,毛驴宝宝,339,5,,x,10,重生,71624,2193,2193,2193,2193,2193,693
3400,成年鹅,340,5,,,10,明目,71624,1533,1753,2850,1753,2410,693
3401,变异鹅,340,5,x,,10,明目,71624,1763,2015,3278,2015,2773,693
3402,变异鹅,340,5,x,,10,明目,71624,1995,2280,3705,2280,3135,693
3409,鹅宝宝,340,5,,x,10,明目,71624,1533,1753,2850,1753,2410,693
3410,成年霸王龙,341,5,,,10,嗜血,71624,2850,2410,1533,1973,1533,693
3411,变异霸王龙,341,5,x,,10,嗜血,71624,3278,2773,1763,2268,1763,693
3412,变异霸王龙,341,5,x,,10,嗜血,71624,3705,3135,1995,2565,1995,693
3419,霸王龙宝宝,341,5,,x,10,嗜血,71624,2850,2410,1533,1973,1533,693
3420,成年企鹅,342,5,,,10,治疗,77012,1640,1875,3048,1875,2578,846
3421,变异企鹅,342,5,x,,10,治疗,77012,1888,2155,3505,2155,2965,846
3422,变异企鹅,342,5,x,,10,治疗,77012,2133,2438,3963,2438,3353,846
3429,企鹅宝宝,342,5,,x,10,治疗,77012,1640,1875,3048,1875,2578,846
3430,成年袋鼠,343,75,,,10,洒脱,91379,1653,3305,3305,2755,2203,1255
3431,变异袋鼠,343,75,x,,10,洒脱,91379,1735,3470,3470,2893,2313,1255
3432,变异袋鼠,343,75,x,,10,洒脱,91379,1818,3635,3635,3030,2423,1255
3433,变异袋鼠,343,75,x,,10,洒脱,91379,1900,3800,3800,3168,2533,1255
3434,变异袋鼠,343,75,x,,10,洒脱,91379,1983,3965,3965,3305,2643,1255
3435,变异袋鼠,343,75,x,,10,洒脱,91379,2065,4133,4133,3443,2755,1255
3436,变异袋鼠,343,75,x,,10,洒脱,91379,2148,4298,4298,3580,2865,1255
3439,袋鼠宝宝,343,75,,x,10,洒脱,91379,1653,3305,3305,2755,2203,1255
3440,成年鸭嘴兽,344,5,,,10,解穴,71624,1533,1753,2850,1753,2410,693
3441,变异鸭嘴兽,344,5,x,,10,解穴,71624,1763,2015,3278,2015,2773,693
3442,变异鸭嘴兽,344,5,x,,10,解穴,71624,1995,2280,3705,2280,3135,693
3449,鸭嘴兽宝宝,344,5,,x,10,解穴,71624,1533,1753,2850,1753,2410,693
3450,成年猪,345,5,,,10,重生,80604,2203,3180,1958,1958,2203,948
3451,变异猪,345,5,x,,10,重生,80604,2643,3818,2348,2348,2643,948
3459,猪宝宝,345,5,,x,10,重生,80604,2203,3180,1958,1958,2203,948
3460,成年青蛙,346,5,,,10,伪装,68032,1463,1670,2715,1670,2298,591
3461,变异青蛙,346,5,x,,10,伪装,68032,1900,2173,3530,2173,2988,591
3469,青蛙宝宝,346,5,,x,10,伪装,68032,1463,1670,2715,1670,2298,591
3470,成年小象,347,75,,,10,肉墙,91379,3305,3305,1653,2755,2203,1255
3471,变异小象,347,75,x,,10,肉墙,91379,3470,3470,1735,2893,2313,1255
3472,变异小象,347,75,x,,10,肉墙,91379,3635,3635,1818,3030,2423,1255
3473,变异小象,347,75,x,,10,肉墙,91379,3800,3800,1900,3168,2533,1255
3474,变异小象,347,75,x,,10,肉墙,91379,3965,3965,1983,3305,2643,1255
3475,变异小象,347,75,x,,10,肉墙,91379,4133,4133,2065,3443,2755,1255
3476,变异小象,347,75,x,,10,肉墙,91379,4298,4298,2148,3580,2865,1255
3479,小象宝宝,347,75,,x,10,肉墙,91379,3305,3305,1653,2755,2203,1255
3480,成年雪狐,348,5,,,10,附身,68032,2090,1880,1670,2715,1463,591
3481,变异雪狐,348,5,x,,10,附身,68032,2715,2445,2173,3530,1900,591
3489,雪狐宝宝,348,5,,x,10,附身,68032,2090,1880,1670,2715,1463,591
3490,成年狼,349,5,,,10,嗜血,73420,2243,2018,1793,2915,1568,744
3491,变异狼,349,5,x,,10,嗜血,73420,2578,2320,2063,3353,1805,744
3492,变异狼,349,5,x,,10,嗜血,73420,2915,2623,2330,3788,2040,744
3499,狼宝宝,349,5,,x,10,嗜血,73420,2243,2018,1793,2915,1568,744
4216,变异雪狐,348,30,x,,10,伪装,78808,2398,2398,2398,2398,2398,897
6000,成年龙,600,65,,,10,附身,91379,1928,2203,3580,2203,3030,1255
6001,变异龙,600,65,x,,10,附身,91379,2023,2313,3760,2313,3180,1255
6002,变异龙,600,65,x,,10,附身,91379,2120,2423,3938,2423,3333,1255
6003,变异龙,600,65,x,,10,附身,91379,2218,2533,4118,2533,3485,1255
6004,变异龙,600,65,x,,10,附身,91379,2313,2643,4298,2643,3635,1255
6005,变异龙,600,65,x,,10,附身,91379,2410,2755,4475,2755,3788,1255
6009,龙宝宝,600,65,,x,10,附身,91379,1928,2203,3580,2203,3030,1255
6010,成年龙猫,601,5,,,10,固元,77012,3048,2578,1640,2110,1640,846
6011,变异龙猫,601,5,x,,10,固元,77012,3505,2965,1888,2425,1888,846
6012,变异龙猫,601,5,x,,10,固元,77012,3963,3353,2133,2743,2133,846
6019,龙猫宝宝,601,5,,x,10,固元,77012,3048,2578,1640,2110,1640,846
6020,成年强龙猫,602,45,,,10,固元,80604,3180,2690,1713,2203,1713,948
6021,变异强龙猫,602,45,x,,10,固元,80604,3498,2960,1883,2423,1883,948
6022,变异强龙猫,602,45,x,,10,固元,80604,3818,3230,2055,2643,2055,948
6023,变异强龙猫,602,45,x,,10,固元,80604,4135,3498,2225,2863,2225,948
6029,强龙猫宝宝,602,45,,x,10,固元,80604,3180,2690,1713,2203,1713,948
6030,成年珍龙猫,603,55,,,10,固元,84195,3315,2805,1785,2295,1785,1051
6031,变异珍龙猫,603,55,x,,10,固元,84195,3563,3015,1918,2465,1918,1051
6032,变异珍龙猫,603,55,x,,10,固元,84195,3810,3225,2053,2638,2053,1051
6033,变异珍龙猫,603,55,x,,10,固元,84195,4060,3435,2185,2810,2185,1051
6034,变异珍龙猫,603,55,x,,10,固元,84195,4308,3645,2320,2983,2320,1051
6039,珍龙猫宝宝,603,55,,x,10,固元,84195,3315,2805,1785,2295,1785,1051
6040,成年超龙猫,604,65,,,10,固元,87787,3448,2918,1855,2385,1855,1153
6041,变异超龙猫,604,65,x,,10,固元,87787,3655,3093,1968,2530,1968,1153
6042,变异超龙猫,604,65,x,,10,固元,87787,3860,3268,2078,2673,2078,1153
6043,变异超龙猫,604,65,x,,10,固元,87787,4068,3443,2190,2815,2190,1153
6044,变异超龙猫,604,65,x,,10,固元,87787,4275,3618,2300,2960,2300,1153
6045,变异超龙猫,604,65,x,,10,固元,87787,4483,3793,2413,3103,2413,1153
6049,超龙猫宝宝,604,65,,x,10,固元,87787,3448,2918,1855,2385,1855,1153
6050,成年神龙猫,605,75,,,10,固元,91379,3580,3030,1928,2478,1928,1255
6051,变异神龙猫,605,75,x,,10,固元,91379,3760,3180,2023,2603,2023,1255
6052,变异神龙猫,605,75,x,,10,固元,91379,3938,3333,2120,2725,2120,1255
6053,变异神龙猫,605,75,x,,10,固元,91379,4118,3485,2218,2850,2218,1255
6054,变异神龙猫,605,75,x,,10,固元,91379,4298,3635,2313,2975,2313,1255
6055,变异神龙猫,605,75,x,,10,固元,91379,4475,3788,2410,3098,2410,1255
6056,变异神龙猫,605,75,x,,10,固元,91379,4655,3938,2505,3223,2505,1255
6059,神龙猫宝宝,605,75,,x,10,固元,91379,3580,3030,1928,2478,1928,1255
6060,成年墨镜猫,606,5,,,10,伪装,77012,1640,1875,3048,1875,2578,846
6061,变异墨镜猫,606,5,x,,10,伪装,77012,1888,2155,3505,2155,2965,846
6062,变异墨镜猫,606,5,x,,10,伪装,77012,2133,2438,3963,2438,3353,846
6069,墨镜猫宝宝,606,5,,x,10,伪装,77012,1640,1875,3048,1875,2578,846
6070,成年流行猫,607,45,,,10,伪装,80604,1713,1958,3180,1958,2690,948
6071,变异流行猫,607,45,x,,10,伪装,80604,1883,2153,3498,2153,2960,948
6072,变异流行猫,607,45,x,,10,伪装,80604,2055,2348,3818,2348,3230,948
6073,变异流行猫,607,45,x,,10,伪装,80604,2225,2545,4135,2545,3498,948
6079,流行猫宝宝,607,45,,x,10,伪装,80604,1713,1958,3180,1958,2690,948
6080,成年时尚猫,608,55,,,10,伪装,84195,1785,2040,3315,2040,2805,1051
6081,变异时尚猫,608,55,x,,10,伪装,84195,1918,2193,3563,2193,3015,1051
6082,变异时尚猫,608,55,x,,10,伪装,84195,2053,2345,3810,2345,3225,1051
6083,变异时尚猫,608,55,x,,10,伪装,84195,2185,2498,4060,2498,3435,1051
6084,变异时尚猫,608,55,x,,10,伪装,84195,2320,2650,4308,2650,3645,1051
6089,时尚猫宝宝,608,55,,x,10,伪装,84195,1785,2040,3315,2040,2805,1051
6090,成年偶像猫,609,65,,,10,伪装,87787,1855,2120,3448,2120,2918,1153
6091,变异偶像猫,609,65,x,,10,伪装,87787,1968,2248,3655,2248,3093,1153
6092,变异偶像猫,609,65,x,,10,伪装,87787,2078,2375,3860,2375,3268,1153
6093,变异偶像猫,609,65,x,,10,伪装,87787,2190,2503,4068,2503,3443,1153
6094,变异偶像猫,609,65,x,,10,伪装,87787,2300,2630,4275,2630,3618,1153
6095,变异偶像猫,609,65,x,,10,伪装,87787,2413,2758,4483,2758,3793,1153
6099,偶像猫宝宝,609,65,,x,10,伪装,87787,1855,2120,3448,2120,2918,1153
6100,成年冠军猫,610,75,,,10,伪装,91379,1928,2203,3580,2203,3030,1255
6101,变异冠军猫,610,75,x,,10,伪装,91379,2023,2313,3760,2313,3180,1255
6102,变异冠军猫,610,75,x,,10,伪装,91379,2120,2423,3938,2423,3333,1255
6103,变异冠军猫,610,75,x,,10,伪装,91379,2218,2533,4118,2533,3485,1255
6104,变异冠军猫,610,75,x,,10,伪装,91379,2313,2643,4298,2643,3635,1255
6105,变异冠军猫,610,75,x,,10,伪装,91379,2410,2755,4475,2755,3788,1255
6106,变异冠军猫,610,75,x,,10,伪装,91379,2505,2865,4655,2865,3938,1255
6109,冠军猫宝宝,610,75,,x,10,伪装,91379,1928,2203,3580,2203,3030,1255
6110,成年犀鸟,611,5,,,10,治疗,77012,1640,1875,3048,1875,2578,846
6111,变异犀鸟,611,5,x,,10,治疗,77012,1888,2155,3505,2155,2965,846
6112,变异犀鸟,611,5,x,,10,治疗,77012,2133,2438,3963,2438,3353,846
6119,犀鸟宝宝,611,5,,x,10,治疗,77012,1640,1875,3048,1875,2578,846
6120,成年灵犀鸟,612,45,,,10,治疗,80604,1713,1958,3180,1958,2690,948
6121,变异灵犀鸟,612,45,x,,10,治疗,80604,1883,2153,3498,2153,2960,948
6122,变异灵犀鸟,612,45,x,,10,治疗,80604,2055,2348,3818,2348,3230,948
6123,变异灵犀鸟,612,45,x,,10,治疗,80604,2225,2545,4135,2545,3498,948
6129,灵犀鸟宝宝,612,45,,x,10,治疗,80604,1713,1958,3180,1958,2690,948
6130,成年珍犀鸟,613,55,,,10,治疗,84195,1785,2040,3315,2040,2805,1051
6131,变异珍犀鸟,613,55,x,,10,治疗,84195,1918,2193,3563,2193,3015,1051
6132,变异珍犀鸟,613,55,x,,10,治疗,84195,2053,2345,3810,2345,3225,1051
6133,变异珍犀鸟,613,55,x,,10,治疗,84195,2185,2498,4060,2498,3435,1051
6134,变异珍犀鸟,613,55,x,,10,治疗,84195,2320,2650,4308,2650,3645,1051
6139,珍犀鸟宝宝,613,55,,x,10,治疗,84195,1785,2040,3315,2040,2805,1051
6140,成年超犀鸟,614,65,,,10,治疗,87787,1855,2120,3448,2120,2918,1153
6141,变异超犀鸟,614,65,x,,10,治疗,87787,1968,2248,3655,2248,3093,1153
6142,变异超犀鸟,614,65,x,,10,治疗,87787,2078,2375,3860,2375,3268,1153
6143,变异超犀鸟,614,65,x,,10,治疗,87787,2190,2503,4068,2503,3443,1153
6144,变异超犀鸟,614,65,x,,10,治疗,87787,2300,2630,4275,2630,3618,1153
6145,变异超犀鸟,614,65,x,,10,治疗,87787,2413,2758,4483,2758,3793,1153
6149,超犀鸟宝宝,614,65,,x,10,治疗,87787,1855,2120,3448,2120,2918,1153
6150,成年神犀鸟,615,75,,,10,治疗,91379,1928,2203,3580,2203,3030,1255
6151,变异神犀鸟,615,75,x,,10,治疗,91379,2023,2313,3760,2313,3180,1255
6152,变异神犀鸟,615,75,x,,10,治疗,91379,2120,2423,3938,2423,3333,1255
6153,变异神犀鸟,615,75,x,,10,治疗,91379,2218,2533,4118,2533,3485,1255
6154,变异神犀鸟,615,75,x,,10,治疗,91379,2313,2643,4298,2643,3635,1255
6155,变异神犀鸟,615,75,x,,10,治疗,91379,2410,2755,4475,2755,3788,1255
6156,变异神犀鸟,615,75,x,,10,治疗,91379,2505,2865,4655,2865,3938,1255
6159,神犀鸟宝宝,615,75,,x,10,治疗,91379,1928,2203,3580,2203,3030,1255
6160,成年熊猫,616,5,,,10,肉墙,77012,2110,3048,1875,1875,2110,846
6161,变异熊猫,616,5,x,,10,肉墙,77012,2425,3505,2155,2155,2425,846
6162,变异熊猫,616,5,x,,10,肉墙,77012,2743,3963,2438,2438,2743,846
6169,熊猫宝宝,616,5,,x,10,肉墙,77012,2110,3048,1875,1875,2110,846
6170,成年强熊猫,617,45,,,10,肉墙,80604,2203,3180,1958,1958,2203,948
6171,变异强熊猫,617,45,x,,10,肉墙,80604,2423,3498,2153,2153,2423,948
6172,变异强熊猫,617,45,x,,10,肉墙,80604,2643,3818,2348,2348,2643,948
6173,变异强熊猫,617,45,x,,10,肉墙,80604,2863,4135,2545,2545,2863,948
6179,强熊猫宝宝,617,45,,x,10,肉墙,80604,2203,3180,1958,1958,2203,948
6180,成年珍熊猫,618,55,,,10,肉墙,84195,2295,3315,2040,2040,2295,1051
6181,变异珍熊猫,618,55,x,,10,肉墙,84195,2465,3563,2193,2193,2465,1051
6182,变异珍熊猫,618,55,x,,10,肉墙,84195,2638,3810,2345,2345,2638,1051
6183,变异珍熊猫,618,55,x,,10,肉墙,84195,2810,4060,2498,2498,2810,1051
6184,变异珍熊猫,618,55,x,,10,肉墙,84195,2983,4308,2650,2650,2983,1051
6189,珍熊猫宝宝,618,55,,x,10,肉墙,84195,2295,3315,2040,2040,2295,1051
6190,成年超熊猫,619,65,,,10,肉墙,87787,2385,3448,2120,2120,2385,1153
6191,变异超熊猫,619,65,x,,10,肉墙,87787,2530,3655,2248,2248,2530,1153
6192,变异超熊猫,619,65,x,,10,肉墙,87787,2673,3860,2375,2375,2673,1153
6193,变异超熊猫,619,65,x,,10,肉墙,87787,2815,4068,2503,2503,2815,1153
6194,变异超熊猫,619,65,x,,10,肉墙,87787,2960,4275,2630,2630,2960,1153
6195,变异超熊猫,619,65,x,,10,肉墙,87787,3103,4483,2758,2758,3103,1153
6199,超熊猫宝宝,619,65,,x,10,肉墙,87787,2385,3448,2120,2120,2385,1153
6200,成年神熊猫,620,75,,,10,肉墙,91379,2478,3580,2203,2203,2478,1255
6201,变异神熊猫,620,75,x,,10,肉墙,91379,2603,3760,2313,2313,2603,1255
6202,变异神熊猫,620,75,x,,10,肉墙,91379,2725,3938,2423,2423,2725,1255
6203,变异神熊猫,620,75,x,,10,肉墙,91379,2850,4118,2533,2533,2850,1255
6204,变异神熊猫,620,75,x,,10,肉墙,91379,2975,4298,2643,2643,2975,1255
6205,变异神熊猫,620,75,x,,10,肉墙,91379,3098,4475,2755,2755,3098,1255
6206,变异神熊猫,620,75,x,,10,肉墙,91379,3223,4655,2865,2865,3223,1255
6209,神熊猫宝宝,620,75,,x,10,肉墙,91379,2478,3580,2203,2203,2478,1255
6210,成年螃蟹,621,5,,,10,重生,77012,3048,2578,1640,2110,1640,846
6211,变异螃蟹,621,5,x,,10,重生,77012,3505,2965,1888,2425,1888,846
6212,变异螃蟹,621,5,x,,10,重生,77012,3963,3353,2133,2743,2133,846
6219,螃蟹宝宝,621,5,,x,10,重生,77012,3048,2578,1640,2110,1640,846
6220,成年青蟹,622,45,,,10,重生,80604,3180,2690,1713,2203,1713,948
6221,变异青蟹,622,45,x,,10,重生,80604,3498,2960,1883,2423,1883,948
6222,变异青蟹,622,45,x,,10,重生,80604,3818,3230,2055,2643,2055,948
6223,变异青蟹,622,45,x,,10,重生,80604,4135,3498,2225,2863,2225,948
6229,青蟹宝宝,622,45,,x,10,重生,80604,3180,2690,1713,2203,1713,948
6230,成年大闸蟹,623,55,,,10,重生,84195,3315,2805,1785,2295,1785,1051
6231,变异大闸蟹,623,55,x,,10,重生,84195,3563,3015,1918,2465,1918,1051
6232,变异大闸蟹,623,55,x,,10,重生,84195,3810,3225,2053,2638,2053,1051
6233,变异大闸蟹,623,55,x,,10,重生,84195,4060,3435,2185,2810,2185,1051
6234,变异大闸蟹,623,55,x,,10,重生,84195,4308,3645,2320,2983,2320,1051
6239,大闸蟹宝宝,623,55,,x,10,重生,84195,3315,2805,1785,2295,1785,1051
6240,成年潮行蟹,624,65,,,10,重生,87787,3448,2918,1855,2385,1855,1153
6241,变异潮行蟹,624,65,x,,10,重生,87787,3655,3093,1968,2530,1968,1153
6242,变异潮行蟹,624,65,x,,10,重生,87787,3860,3268,2078,2673,2078,1153
6243,变异潮行蟹,624,65,x,,10,重生,87787,4068,3443,2190,2815,2190,1153
6244,变异潮行蟹,624,65,x,,10,重生,87787,4275,3618,2300,2960,2300,1153
6245,变异潮行蟹,624,65,x,,10,重生,87787,4483,3793,2413,3103,2413,1153
6249,潮行蟹宝宝,624,65,,x,10,重生,87787,3448,2918,1855,2385,1855,1153
6250,成年绒螯蟹,625,75,,,10,重生,91379,3580,3030,1928,2478,1928,1255
6251,变异绒螯蟹,625,75,x,,10,重生,91379,3760,3180,2023,2603,2023,1255
6252,变异绒螯蟹,625,75,x,,10,重生,91379,3938,3333,2120,2725,2120,1255
6253,变异绒螯蟹,625,75,x,,10,重生,91379,4118,3485,2218,2850,2218,1255
6254,变异绒螯蟹,625,75,x,,10,重生,91379,4298,3635,2313,2975,2313,1255
6255,变异绒螯蟹,625,75,x,,10,重生,91379,4475,3788,2410,3098,2410,1255
6256,变异绒螯蟹,625,75,x,,10,重生,91379,4655,3938,2505,3223,2505,1255
6259,绒螯蟹宝宝,625,75,,x,10,重生,91379,3580,3030,1928,2478,1928,1255
6260,成年粉蝶,626,5,,,10,附身,77012,1640,1875,3048,1875,2578,846
6261,变异粉蝶,626,5,x,,10,附身,77012,1888,2155,3505,2155,2965,846
6262,变异粉蝶,626,5,x,,10,附身,77012,2133,2438,3963,2438,3353,846
6269,粉蝶宝宝,626,5,,x,10,附身,77012,1640,1875,3048,1875,2578,846
6270,成年斑蝶,627,45,,,10,附身,80604,1713,1958,3180,1958,2690,948
6271,变异斑蝶,627,45,x,,10,附身,80604,1883,2153,3498,2153,2960,948
6272,变异斑蝶,627,45,x,,10,附身,80604,2055,2348,3818,2348,3230,948
6273,变异斑蝶,627,45,x,,10,附身,80604,2225,2545,4135,2545,3498,948
6279,斑蝶宝宝,627,45,,x,10,附身,80604,1713,1958,3180,1958,2690,948
6280,成年绢蝶,628,55,,,10,附身,84195,1785,2040,3315,2040,2805,1051
6281,变异绢蝶,628,55,x,,10,附身,84195,1918,2193,3563,2193,3015,1051
6282,变异绢蝶,628,55,x,,10,附身,84195,2053,2345,3810,2345,3225,1051
6283,变异绢蝶,628,55,x,,10,附身,84195,2185,2498,4060,2498,3435,1051
6284,变异绢蝶,628,55,x,,10,附身,84195,2320,2650,4308,2650,3645,1051
6289,绢蝶宝宝,628,55,,x,10,附身,84195,1785,2040,3315,2040,2805,1051
6290,成年环蝶,629,65,,,10,附身,87787,1855,2120,3448,2120,2918,1153
6291,变异环蝶,629,65,x,,10,附身,87787,1968,2248,3655,2248,3093,1153
6292,变异环蝶,629,65,x,,10,附身,87787,2078,2375,3860,2375,3268,1153
6293,变异环蝶,629,65,x,,10,附身,87787,2190,2503,4068,2503,3443,1153
6294,变异环蝶,629,65,x,,10,附身,87787,2300,2630,4275,2630,3618,1153
6295,变异环蝶,629,65,x,,10,附身,87787,2413,2758,4483,2758,3793,1153
6299,环蝶宝宝,629,65,,x,10,附身,87787,1855,2120,3448,2120,2918,1153
6300,成年凤尾蝶,630,75,,,10,附身,91379,1928,2203,3580,2203,3030,1255
6301,变异凤尾蝶,630,75,x,,10,附身,91379,2023,2313,3760,2313,3180,1255
6302,变异凤尾蝶,630,75,x,,10,附身,91379,2120,2423,3938,2423,3333,1255
6303,变异凤尾蝶,630,75,x,,10,附身,91379,2218,2533,4118,2533,3485,1255
6304,变异凤尾蝶,630,75,x,,10,附身,91379,2313,2643,4298,2643,3635,1255
6305,变异凤尾蝶,630,75,x,,10,附身,91379,2410,2755,4475,2755,3788,1255
6306,变异凤尾蝶,630,75,x,,10,附身,91379,2505,2865,4655,2865,3938,1255
6309,凤尾蝶宝宝,630,75,,x,10,附身,91379,1928,2203,3580,2203,3030,1255
6310,成年蜗牛,631,5,,,10,重生,77012,2110,3048,1875,1875,2110,846
6311,变异蜗牛,631,5,x,,10,重生,77012,2425,3505,2155,2155,2425,846
6312,变异蜗牛,631,5,x,,10,重生,77012,2743,3963,2438,2438,2743,846
6319,蜗牛宝宝,631,5,,x,10,重生,77012,2110,3048,1875,1875,2110,846
6320,成年壮蜗牛,632,45,,,10,重生,80604,2203,3180,1958,1958,2203,948
6321,变异壮蜗牛,632,45,x,,10,重生,80604,2423,3498,2153,2153,2423,948
6322,变异壮蜗牛,632,45,x,,10,重生,80604,2643,3818,2348,2348,2643,948
6323,变异壮蜗牛,632,45,x,,10,重生,80604,2863,4135,2545,2545,2863,948
6329,壮蜗牛宝宝,632,45,,x,10,重生,80604,2203,3180,1958,1958,2203,948
6330,成年珍蜗牛,633,55,,,10,重生,84195,2295,3315,2040,2040,2295,1051
6331,变异珍蜗牛,633,55,x,,10,重生,84195,2465,3563,2193,2193,2465,1051
6332,变异珍蜗牛,633,55,x,,10,重生,84195,2638,3810,2345,2345,2638,1051
6333,变异珍蜗牛,633,55,x,,10,重生,84195,2810,4060,2498,2498,2810,1051
6334,变异珍蜗牛,633,55,x,,10,重生,84195,2983,4308,2650,2650,2983,1051
6339,珍蜗牛宝宝,633,55,,x,10,重生,84195,2295,3315,2040,2040,2295,1051
6340,成年超蜗牛,634,65,,,10,重生,87787,2385,3448,2120,2120,2385,1153
6341,变异超蜗牛,634,65,x,,10,重生,87787,2530,3655,2248,2248,2530,1153
6342,变异超蜗牛,634,65,x,,10,重生,87787,2673,3860,2375,2375,2673,1153
6343,变异超蜗牛,634,65,x,,10,重生,87787,2815,4068,2503,2503,2815,1153
6344,变异超蜗牛,634,65,x,,10,重生,87787,2960,4275,2630,2630,2960,1153
6345,变异超蜗牛,634,65,x,,10,重生,87787,3103,4483,2758,2758,3103,1153
6349,超蜗牛宝宝,634,65,,x,10,重生,87787,2385,3448,2120,2120,2385,1153
6350,成年神蜗牛,635,75,,,10,重生,91379,2478,3580,2203,2203,2478,1255
6351,变异神蜗牛,635,75,x,,10,重生,91379,2603,3760,2313,2313,2603,1255
6352,变异神蜗牛,635,75,x,,10,重生,91379,2725,3938,2423,2423,2725,1255
6353,变异神蜗牛,635,75,x,,10,重生,91379,2850,4118,2533,2533,2850,1255
6354,变异神蜗牛,635,75,x,,10,重生,91379,2975,4298,2643,2643,2975,1255
6355,变异神蜗牛,635,75,x,,10,重生,91379,3098,4475,2755,2755,3098,1255
6356,变异神蜗牛,635,75,x,,10,重生,91379,3223,4655,2865,2865,3223,1255
6359,神蜗牛宝宝,635,75,,x,10,重生,91379,2478,3580,2203,2203,2478,1255
6360,成年毒蝎,636,5,,,10,嗜血,77012,3048,2578,1640,2110,1640,846
6361,变异毒蝎,636,5,x,,10,嗜血,77012,3505,2965,1888,2425,1888,846
6362,变异毒蝎,636,5,x,,10,嗜血,77012,3963,3353,2133,2743,2133,846
6369,毒蝎宝宝,636,5,,x,10,嗜血,77012,3048,2578,1640,2110,1640,846
6370,成年灵蝎,637,45,,,10,嗜血,80604,3180,2690,1713,2203,1713,948
6371,变异灵蝎,637,45,x,,10,嗜血,80604,3498,2960,1883,2423,1883,948
6372,变异灵蝎,637,45,x,,10,嗜血,80604,3818,3230,2055,2643,2055,948
6373,变异灵蝎,637,45,x,,10,嗜血,80604,4135,3498,2225,2863,2225,948
6379,灵蝎宝宝,637,45,,x,10,嗜血,80604,3180,2690,1713,2203,1713,948
6380,成年珍蝎,638,55,,,10,嗜血,84195,3315,2805,1785,2295,1785,1051
6381,变异珍蝎,638,55,x,,10,嗜血,84195,3563,3015,1918,2465,1918,1051
6382,变异珍蝎,638,55,x,,10,嗜血,84195,3810,3225,2053,2638,2053,1051
6383,变异珍蝎,638,55,x,,10,嗜血,84195,4060,3435,2185,2810,2185,1051
6384,变异珍蝎,638,55,x,,10,嗜血,84195,4308,3645,2320,2983,2320,1051
6389,珍蝎宝宝,638,55,,x,10,嗜血,84195,3315,2805,1785,2295,1785,1051
6390,成年天蝎,639,65,,,10,嗜血,87787,3448,2918,1855,2385,1855,1153
6391,变异天蝎,639,65,x,,10,嗜血,87787,3655,3093,1968,2530,1968,1153
6392,变异天蝎,639,65,x,,10,嗜血,87787,3860,3268,2078,2673,2078,1153
6393,变异天蝎,639,65,x,,10,嗜血,87787,4068,3443,2190,2815,2190,1153
6394,变异天蝎,639,65,x,,10,嗜血,87787,4275,3618,2300,2960,2300,1153
6395,变异天蝎,639,65,x,,10,嗜血,87787,4483,3793,2413,3103,2413,1153
6399,天蝎宝宝,639,65,,x,10,嗜血,87787,3448,2918,1855,2385,1855,1153
6400,成年魔蝎,640,75,,,10,嗜血,91379,3580,3030,1928,2478,1928,1255
6401,变异魔蝎,640,75,x,,10,嗜血,91379,3760,3180,2023,2603,2023,1255
6402,变异魔蝎,640,75,x,,10,嗜血,91379,3938,3333,2120,2725,2120,1255
6403,变异魔蝎,640,75,x,,10,嗜血,91379,4118,3485,2218,2850,2218,1255
6404,变异魔蝎,640,75,x,,10,嗜血,91379,4298,3635,2313,2975,2313,1255
6405,变异魔蝎,640,75,x,,10,嗜血,91379,4475,3788,2410,3098,2410,1255
6406,变异魔蝎,640,75,x,,10,嗜血,91379,4655,3938,2505,3223,2505,1255
6409,魔蝎宝宝,640,75,,x,10,嗜血,91379,3580,3030,1928,2478,1928,1255
6410,成年小貘,641,5,,,10,重生,77012,2110,3048,1875,1875,2110,846
6411,变异小貘,641,5,x,,10,重生,77012,2425,3505,2155,2155,2425,846
6412,变异小貘,641,5,x,,10,重生,77012,2743,3963,2438,2438,2743,846
6419,小貘宝宝,641,5,,x,10,重生,77012,2110,3048,1875,1875,2110,846
6420,成年壮貘,642,45,,,10,重生,80604,2203,3180,1958,1958,2203,948
6421,变异壮貘,642,45,x,,10,重生,80604,2423,3498,2153,2153,2423,948
6422,变异壮貘,642,45,x,,10,重生,80604,2643,3818,2348,2348,2643,948
6423,变异壮貘,642,45,x,,10,重生,80604,2863,4135,2545,2545,2863,948
6429,壮貘宝宝,642,45,,x,10,重生,80604,2203,3180,1958,1958,2203,948
6430,成年珍貘,643,55,,,10,重生,84195,2295,3315,2040,2040,2295,1051
6431,变异珍貘,643,55,x,,10,重生,84195,2465,3563,2193,2193,2465,1051
6432,变异珍貘,643,55,x,,10,重生,84195,2638,3810,2345,2345,2638,1051
6433,变异珍貘,643,55,x,,10,重生,84195,2810,4060,2498,2498,2810,1051
6434,变异珍貘,643,55,x,,10,重生,84195,2983,4308,2650,2650,2983,1051
6439,珍貘宝宝,643,55,,x,10,重生,84195,2295,3315,2040,2040,2295,1051
6440,成年圣貘,644,65,,,10,重生,87787,2385,3448,2120,2120,2385,1153
6441,变异圣貘,644,65,x,,10,重生,87787,2530,3655,2248,2248,2530,1153
6442,变异圣貘,644,65,x,,10,重生,87787,2673,3860,2375,2375,2673,1153
6443,变异圣貘,644,65,x,,10,重生,87787,2815,4068,2503,2503,2815,1153
6444,变异圣貘,644,65,x,,10,重生,87787,2960,4275,2630,2630,2960,1153
6445,变异圣貘,644,65,x,,10,重生,87787,3103,4483,2758,2758,3103,1153
6449,圣貘宝宝,644,65,,x,10,重生,87787,2385,3448,2120,2120,2385,1153
6450,成年神貘,645,75,,,10,重生,91379,2478,3580,2203,2203,2478,1255
6451,变异神貘,645,75,x,,10,重生,91379,2603,3760,2313,2313,2603,1255
6452,变异神貘,645,75,x,,10,重生,91379,2725,3938,2423,2423,2725,1255
6453,变异神貘,645,75,x,,10,重生,91379,2850,4118,2533,2533,2850,1255
6454,变异神貘,645,75,x,,10,重生,91379,2975,4298,2643,2643,2975,1255
6455,变异神貘,645,75,x,,10,重生,91379,3098,4475,2755,2755,3098,1255
6456,变异神貘,645,75,x,,10,重生,91379,3223,4655,2865,2865,3223,1255
6459,神貘宝宝,645,75,,x,10,重生,91379,2478,3580,2203,2203,2478,1255
6460,成年甲虫,646,5,,,10,治疗,77012,2345,2345,2345,2345,2345,846
6461,变异甲虫,646,5,x,,10,治疗,77012,2695,2695,2695,2695,2695,846
6462,变异甲虫,646,5,x,,10,治疗,77012,3048,3048,3048,3048,3048,846
6469,甲虫宝宝,646,5,,x,10,治疗,77012,2345,2345,2345,2345,2345,846
6470,成年强甲虫,647,45,,,10,治疗,80604,2448,2448,2448,2448,2448,948
6471,变异强甲虫,647,45,x,,10,治疗,80604,2690,2690,2690,2690,2690,948
6472,变异强甲虫,647,45,x,,10,治疗,80604,2935,2935,2935,2935,2935,948
6473,变异强甲虫,647,45,x,,10,治疗,80604,3180,3180,3180,3180,3180,948
6479,强甲虫宝宝,647,45,,x,10,治疗,80604,2448,2448,2448,2448,2448,948
6480,成年珍甲虫,648,55,,,10,治疗,84195,2550,2550,2550,2550,2550,1051
6481,变异珍甲虫,648,55,x,,10,治疗,84195,2740,2740,2740,2740,2740,1051
6482,变异珍甲虫,648,55,x,,10,治疗,84195,2933,2933,2933,2933,2933,1051
6483,变异珍甲虫,648,55,x,,10,治疗,84195,3123,3123,3123,3123,3123,1051
6484,变异珍甲虫,648,55,x,,10,治疗,84195,3315,3315,3315,3315,3315,1051
6489,珍甲虫宝宝,648,55,,x,10,治疗,84195,2550,2550,2550,2550,2550,1051
6490,成年圣甲虫,649,65,,,10,治疗,87787,2653,2653,2653,2653,2653,1153
6491,变异圣甲虫,649,65,x,,10,治疗,87787,2810,2810,2810,2810,2810,1153
6492,变异圣甲虫,649,65,x,,10,治疗,87787,2970,2970,2970,2970,2970,1153
6493,变异圣甲虫,649,65,x,,10,治疗,87787,3128,3128,3128,3128,3128,1153
6494,变异圣甲虫,649,65,x,,10,治疗,87787,3288,3288,3288,3288,3288,1153
6495,变异圣甲虫,649,65,x,,10,治疗,87787,3448,3448,3448,3448,3448,1153
6499,圣甲虫宝宝,649,65,,x,10,治疗,87787,2653,2653,2653,2653,2653,1153
6500,成年神甲虫,650,75,,,10,治疗,91379,2755,2755,2755,2755,2755,1255
6501,变异神甲虫,650,75,x,,10,治疗,91379,2893,2893,2893,2893,2893,1255
6502,变异神甲虫,650,75,x,,10,治疗,91379,3030,3030,3030,3030,3030,1255
6503,变异神甲虫,650,75,x,,10,治疗,91379,3168,3168,3168,3168,3168,1255
6504,变异神甲虫,650,75,x,,10,治疗,91379,3305,3305,3305,3305,3305,1255
6505,变异神甲虫,650,75,x,,10,治疗,91379,3443,3443,3443,3443,3443,1255
6506,变异神甲虫,650,75,x,,10,治疗,91379,3580,3580,3580,3580,3580,1255
6509,神甲虫宝宝,650,75,,x,10,治疗,91379,2755,2755,2755,2755,2755,1255
6510,成年当扈,651,5,,,10,清醒,77012,1640,1875,3048,1875,2578,846
6511,变异当扈,651,5,x,,10,清醒,77012,1888,2155,3505,2155,2965,846
6512,变异当扈,651,5,x,,10,清醒,77012,2133,2438,3963,2438,3353,846
6519,当扈宝宝,651,5,,x,10,清醒,77012,1640,1875,3048,1875,2578,846
6520,成年灵当扈,652,45,,,10,清醒,80604,1713,1958,3180,1958,2690,948
6521,变异灵当扈,652,45,x,,10,清醒,80604,1883,2153,3498,2153,2960,948
6522,变异灵当扈,652,45,x,,10,清醒,80604,2055,2348,3818,2348,3230,948
6523,变异灵当扈,652,45,x,,10,清醒,80604,2225,2545,4135,2545,3498,948
6529,灵当扈宝宝,652,45,,x,10,清醒,80604,1713,1958,3180,1958,2690,948
6530,成年珍当扈,653,55,,,10,清醒,84195,1785,2040,3315,2040,2805,1051
6531,变异珍当扈,653,55,x,,10,清醒,84195,1918,2193,3563,2193,3015,1051
6532,变异珍当扈,653,55,x,,10,清醒,84195,2053,2345,3810,2345,3225,1051
6533,变异珍当扈,653,55,x,,10,清醒,84195,2185,2498,4060,2498,3435,1051
6534,变异珍当扈,653,55,x,,10,清醒,84195,2320,2650,4308,2650,3645,1051
6539,珍当扈宝宝,653,55,,x,10,清醒,84195,1785,2040,3315,2040,2805,1051
6540,成年圣当扈,654,65,,,10,清醒,87787,1855,2120,3448,2120,2918,1153
6541,变异圣当扈,654,65,x,,10,清醒,87787,1968,2248,3655,2248,3093,1153
6542,变异圣当扈,654,65,x,,10,清醒,87787,2078,2375,3860,2375,3268,1153
6543,变异圣当扈,654,65,x,,10,清醒,87787,2190,2503,4068,2503,3443,1153
6544,变异圣当扈,654,65,x,,10,清醒,87787,2300,2630,4275,2630,3618,1153
6545,变异圣当扈,654,65,x,,10,清醒,87787,2413,2758,4483,2758,3793,1153
6549,圣当扈宝宝,654,65,,x,10,清醒,87787,1855,2120,3448,2120,2918,1153
6550,成年神当扈,655,75,,,10,清醒,91379,1928,2203,3580,2203,3030,1255
6551,变异神当扈,655,75,x,,10,清醒,91379,2023,2313,3760,2313,3180,1255
6552,变异神当扈,655,75,x,,10,清醒,91379,2120,2423,3938,2423,3333,1255
6553,变异神当扈,655,75,x,,10,清醒,91379,2218,2533,4118,2533,3485,1255
6554,变异神当扈,655,75,x,,10,清醒,91379,2313,2643,4298,2643,3635,1255
6555,变异神当扈,655,75,x,,10,清醒,91379,2410,2755,4475,2755,3788,1255
6556,变异神当扈,655,75,x,,10,清醒,91379,2505,2865,4655,2865,3938,1255
6559,神当扈宝宝,655,75,,x,10,清醒,91379,1928,2203,3580,2203,3030,1255
6560,成年神企鹅,656,65,,,10,治疗,91379,1928,2203,3580,2203,3030,1255
6561,变异神企鹅,656,65,x,,10,治疗,91379,2023,2313,3760,2313,3180,1255
6562,变异神企鹅,656,65,x,,10,治疗,91379,2120,2423,3938,2423,3333,1255
6563,变异神企鹅,656,65,x,,10,治疗,91379,2218,2533,4118,2533,3485,1255
6564,变异神企鹅,656,65,x,,10,治疗,91379,2313,2643,4298,2643,3635,1255
6565,变异神企鹅,656,65,x,,10,治疗,91379,2410,2755,4475,2755,3788,1255
6569,神企鹅宝宝,656,65,,x,10,治疗,91379,1928,2203,3580,2203,3030,1255
6570,成年乖企鹅,657,45,,,10,治疗,80604,1713,1958,3180,1958,2690,948
6571,变异乖企鹅,657,45,x,,10,治疗,80604,1883,2153,3498,2153,2960,948
6572,变异乖企鹅,657,45,x,,10,治疗,80604,2055,2348,3818,2348,3230,948
6573,变异乖企鹅,657,45,x,,10,治疗,80604,2225,2545,4135,2545,3498,948
6579,乖企鹅宝宝,657,45,,x,10,治疗,80604,1713,1958,3180,1958,2690,948
6580,成年灵企鹅,658,55,,,10,治疗,84195,1785,2040,3315,2040,2805,1051
6581,变异灵企鹅,658,55,x,,10,治疗,84195,1918,2193,3563,2193,3015,1051
6582,变异灵企鹅,658,55,x,,10,治疗,84195,2053,2345,3810,2345,3225,1051
6583,变异灵企鹅,658,55,x,,10,治疗,84195,2185,2498,4060,2498,3435,1051
6584,变异灵企鹅,658,55,x,,10,治疗,84195,2320,2650,4308,2650,3645,1051
6589,灵企鹅宝宝,658,55,,x,10,治疗,84195,1785,2040,3315,2040,2805,1051
6590,成年圣企鹅,659,65,,,10,治疗,87787,1855,2120,3448,2120,2918,1153
6591,变异圣企鹅,659,65,x,,10,治疗,87787,1968,2248,3655,2248,3093,1153
6592,变异圣企鹅,659,65,x,,10,治疗,87787,2078,2375,3860,2375,3268,1153
6593,变异圣企鹅,659,65,x,,10,治疗,87787,2190,2503,4068,2503,3443,1153
6594,变异圣企鹅,659,65,x,,10,治疗,87787,2300,2630,4275,2630,3618,1153
6595,变异圣企鹅,659,65,x,,10,治疗,87787,2413,2758,4483,2758,3793,1153
6599,圣企鹅宝宝,659,65,,x,10,治疗,87787,1855,2120,3448,2120,2918,1153
6600,成年火鬃鼠,660,55,,,10,嗜血,84195,3570,2550,1275,1530,1785,1051
6601,变异火鬃鼠,660,55,x,,10,嗜血,84195,3838,2740,1370,1643,1918,1051
6602,变异火鬃鼠,660,55,x,,10,嗜血,84195,4105,2933,1465,1758,2053,1051
6603,变异火鬃鼠,660,55,x,,10,嗜血,84195,4373,3123,1560,1873,2185,1051
6604,变异火鬃鼠,660,55,x,,10,嗜血,84195,4640,3315,1658,1988,2320,1051
6609,火鬃鼠宝宝,660,55,,x,10,嗜血,84195,3570,2550,1275,1530,1785,1051
6610,成年炎火鬃鼠,661,75,,,10,嗜血,91379,3855,2755,1378,1653,1928,1255
6611,变异炎火鬃鼠,661,75,x,,10,嗜血,91379,4048,2893,1445,1735,2023,1255
6612,变异炎火鬃鼠,661,75,x,,10,嗜血,91379,4243,3030,1515,1818,2120,1255
6613,变异炎火鬃鼠,661,75,x,,10,嗜血,91379,4435,3168,1583,1900,2218,1255
6614,变异炎火鬃鼠,661,75,x,,10,嗜血,91379,4628,3305,1653,1983,2313,1255
6615,变异炎火鬃鼠,661,75,x,,10,嗜血,91379,4820,3443,1720,2065,2410,1255
6616,变异炎火鬃鼠,661,75,x,,10,嗜血,91379,5013,3580,1790,2148,2505,1255
6619,炎火鬃鼠宝宝,661,75,,x,10,嗜血,91379,3855,2755,1378,1653,1928,1255
6620,成年玄翼兽,662,65,,,10,伪装,87787,1325,1988,3740,1855,2653,1153
6621,变异玄翼兽,662,65,x,,10,伪装,87787,1405,2108,3963,1968,2810,1153
6622,变异玄翼兽,662,65,x,,10,伪装,87787,1485,2228,4188,2078,2970,1153
6623,变异玄翼兽,662,65,x,,10,伪装,87787,1563,2345,4413,2190,3128,1153
6624,变异玄翼兽,662,65,x,,10,伪装,87787,1643,2465,4638,2300,3288,1153
6625,变异玄翼兽,662,65,x,,10,伪装,87787,1723,2585,4860,2413,3448,1153
6629,玄翼兽宝宝,662,65,,x,10,伪装,87787,1325,1988,3740,1855,2653,1153
6630,成年蚩玄翼兽,663,75,,,10,伪装,91379,1378,2065,3883,1928,2755,1255
6631,变异蚩玄翼兽,663,75,x,,10,伪装,91379,1445,2168,4078,2023,2893,1255
6632,变异蚩玄翼兽,663,75,x,,10,伪装,91379,1515,2273,4273,2120,3030,1255
6633,变异蚩玄翼兽,663,75,x,,10,伪装,91379,1583,2375,4465,2218,3168,1255
6634,变异蚩玄翼兽,663,75,x,,10,伪装,91379,1653,2478,4660,2313,3305,1255
6635,变异蚩玄翼兽,663,75,x,,10,伪装,91379,1720,2583,4855,2410,3443,1255
6636,变异蚩玄翼兽,663,75,x,,10,伪装,91379,1790,2685,5048,2505,3580,1255
6639,蚩玄翼兽宝宝,663,75,,x,10,伪装,91379,1378,2065,3883,1928,2755,1255
6640,成年玉兔,664,5,,,10,轻灵,77012,1640,1875,3048,1875,2578,846
6641,变异玉兔,664,5,x,,10,轻灵,77012,1888,2155,3505,2155,2965,846
6642,变异玉兔,664,5,x,,10,轻灵,77012,2133,2438,3963,2438,3353,846
6649,玉兔宝宝,664,5,,x,10,轻灵,77012,1640,1875,3048,1875,2578,846
6650,成年皓月玉兔,665,45,,,10,轻灵,80604,1713,1958,3180,1958,2690,948
6651,变异皓月玉兔,665,45,x,,10,轻灵,80604,1883,2153,3498,2153,2960,948
6652,变异皓月玉兔,665,45,x,,10,轻灵,80604,2055,2348,3818,2348,3230,948
6653,变异皓月玉兔,665,45,x,,10,轻灵,80604,2225,2545,4135,2545,3498,948
6659,皓月玉兔宝宝,665,45,,x,10,轻灵,80604,1713,1958,3180,1958,2690,948
6660,成年蟾宫玉兔,666,55,,,10,轻灵,84195,1785,2040,3315,2040,2805,1051
6661,变异蟾宫玉兔,666,55,x,,10,轻灵,84195,1918,2193,3563,2193,3015,1051
6662,变异蟾宫玉兔,666,55,x,,10,轻灵,84195,2053,2345,3810,2345,3225,1051
6663,变异蟾宫玉兔,666,55,x,,10,轻灵,84195,2185,2498,4060,2498,3435,1051
6664,变异蟾宫玉兔,666,55,x,,10,轻灵,84195,2320,2650,4308,2650,3645,1051
6669,蟾宫玉兔宝宝,666,55,,x,10,轻灵,84195,1785,2040,3315,2040,2805,1051
6670,成年嫦娥玉兔,667,65,,,10,轻灵,87787,1855,2120,3448,2120,2918,1153
6671,变异嫦娥玉兔,667,65,x,,10,轻灵,87787,1968,2248,3655,2248,3093,1153
6672,变异嫦娥玉兔,667,65,x,,10,轻灵,87787,2078,2375,3860,2375,3268,1153
6673,变异嫦娥玉兔,667,65,x,,10,轻灵,87787,2190,2503,4068,2503,3443,1153
6674,变异嫦娥玉兔,667,65,x,,10,轻灵,87787,2300,2630,4275,2630,3618,1153
6675,变异嫦娥玉兔,667,65,x,,10,轻灵,87787,2413,2758,4483,2758,3793,1153
6679,嫦娥玉兔宝宝,667,65,,x,10,轻灵,87787,1855,2120,3448,2120,2918,1153
6680,成年尖牙暴龙,668,45,,,10,嗜血,84195,3570,2550,1275,2295,1785,1051
6681,变异尖牙暴龙,668,45,x,,10,嗜血,84195,3838,2740,1370,2465,1918,1051
6682,变异尖牙暴龙,668,45,x,,10,嗜血,84195,4105,2933,1465,2638,2053,1051
6683,变异尖牙暴龙,668,45,x,,10,嗜血,84195,4373,3123,1560,2810,2185,1051
6689,尖牙暴龙宝宝,668,45,,x,10,嗜血,84195,3570,2550,1275,2295,1785,1051
6690,成年利牙暴龙,669,55,,,10,嗜血,87787,3713,2653,1325,2385,1855,1153
6691,变异利牙暴龙,669,55,x,,10,嗜血,87787,3935,2810,1405,2530,1968,1153
6692,变异利牙暴龙,669,55,x,,10,嗜血,87787,4158,2970,1485,2673,2078,1153
6693,变异利牙暴龙,669,55,x,,10,嗜血,87787,4380,3128,1563,2815,2190,1153
6694,变异利牙暴龙,669,55,x,,10,嗜血,87787,4603,3288,1643,2960,2300,1153
6699,利牙暴龙宝宝,669,55,,x,10,嗜血,87787,3713,2653,1325,2385,1855,1153
6700,成年钢牙暴龙,670,65,,,10,嗜血,91379,3855,2755,1378,2478,1928,1255
6701,变异钢牙暴龙,670,65,x,,10,嗜血,91379,4048,2893,1445,2603,2023,1255
6702,变异钢牙暴龙,670,65,x,,10,嗜血,91379,4243,3030,1515,2725,2120,1255
6703,变异钢牙暴龙,670,65,x,,10,嗜血,91379,4435,3168,1583,2850,2218,1255
6704,变异钢牙暴龙,670,65,x,,10,嗜血,91379,4628,3305,1653,2975,2313,1255
6705,变异钢牙暴龙,670,65,x,,10,嗜血,91379,4820,3443,1720,3098,2410,1255
6709,钢牙暴龙宝宝,670,65,,x,10,嗜血,91379,3855,2755,1378,2478,1928,1255
6710,成年血牙暴龙,671,75,,,10,嗜血,91379,3855,2755,1378,2478,1928,1255
6711,变异血牙暴龙,671,75,x,,10,嗜血,91379,4048,2893,1445,2603,2023,1255
6712,变异血牙暴龙,671,75,x,,10,嗜血,91379,4243,3030,1515,2725,2120,1255
6713,变异血牙暴龙,671,75,x,,10,嗜血,91379,4435,3168,1583,2850,2218,1255
6714,变异血牙暴龙,671,75,x,,10,嗜血,91379,4628,3305,1653,2975,2313,1255
6715,变异血牙暴龙,671,75,x,,10,嗜血,91379,4820,3443,1720,3098,2410,1255
6716,变异血牙暴龙,671,75,x,,10,嗜血,91379,5013,3580,1790,3223,2505,1255
6719,血牙暴龙宝宝,671,75,,x,10,嗜血,91379,3855,2755,1378,2478,1928,1255
7500,成年鸭嘴兽,750,5,,,10,解穴,77012,1640,1875,3048,1875,2578,846
7501,变异鸭嘴兽,750,5,x,,10,解穴,77012,1888,2155,3505,2155,2965,846
7502,变异鸭嘴兽,750,5,x,,10,解穴,77012,2133,2438,3963,2438,3353,846
7509,鸭嘴兽宝宝,750,5,,x,10,解穴,77012,1640,1875,3048,1875,2578,846
7510,成年鸭嘴兽,751,45,,,10,解穴,80604,1713,1958,3180,1958,2690,948
7511,变异鸭嘴兽,751,45,x,,10,解穴,80604,1883,2153,3498,2153,2960,948
7512,变异鸭嘴兽,751,45,x,,10,解穴,80604,2055,2348,3818,2348,3230,948
7513,变异鸭嘴兽,751,45,x,,10,解穴,80604,2225,2545,4135,2545,3498,948
7519,鸭嘴兽宝宝,751,45,,x,10,解穴,80604,1713,1958,3180,1958,2690,948
7520,成年鸭嘴兽,752,55,,,10,解穴,84195,1785,2040,3315,2040,2805,1051
7521,变异鸭嘴兽,752,55,x,,10,解穴,84195,1918,2193,3563,2193,3015,1051
7522,变异鸭嘴兽,752,55,x,,10,解穴,84195,2053,2345,3810,2345,3225,1051
7523,变异鸭嘴兽,752,55,x,,10,解穴,84195,2185,2498,4060,2498,3435,1051
7524,变异鸭嘴兽,752,55,x,,10,解穴,84195,2320,2650,4308,2650,3645,1051
7529,鸭嘴兽宝宝,752,55,,x,10,解穴,84195,1785,2040,3315,2040,2805,1051
7530,成年鸭嘴兽,753,65,,,10,解穴,87787,1855,2120,3448,2120,2918,1153
7531,变异鸭嘴兽,753,65,x,,10,解穴,87787,1968,2248,3655,2248,3093,1153
7532,变异鸭嘴兽,753,65,x,,10,解穴,87787,2078,2375,3860,2375,3268,1153
7533,变异鸭嘴兽,753,65,x,,10,解穴,87787,2190,2503,4068,2503,3443,1153
7534,变异鸭嘴兽,753,65,x,,10,解穴,87787,2300,2630,4275,2630,3618,1153
7535,变异鸭嘴兽,753,65,x,,10,解穴,87787,2413,2758,4483,2758,3793,1153
7539,鸭嘴兽宝宝,753,65,,x,10,解穴,87787,1855,2120,3448,2120,2918,1153
7540,成年鸭嘴兽,754,75,,,10,解穴,91379,1928,2203,3580,2203,3030,1255
7541,变异鸭嘴兽,754,75,x,,10,解穴,91379,2023,2313,3760,2313,3180,1255
7542,变异鸭嘴兽,754,75,x,,10,解穴,91379,2120,2423,3938,2423,3333,1255
7543,变异鸭嘴兽,754,75,x,,10,解穴,91379,2218,2533,4118,2533,3485,1255
7544,变异鸭嘴兽,754,75,x,,10,解穴,91379,2313,2643,4298,2643,3635,1255
7545,变异鸭嘴兽,754,75,x,,10,解穴,91379,2410,2755,4475,2755,3788,1255
7546,变异鸭嘴兽,754,75,x,,10,解穴,91379,2505,2865,4655,2865,3938,1255
7549,鸭嘴兽宝宝,754,75,,x,10,解穴,91379,1928,2203,3580,2203,3030,1255
7550,成年鸭嘴兽,755,85,,,10,解穴,94971,1998,2283,3710,2283,3140,1357
7551,变异鸭嘴兽,755,85,x,,10,解穴,94971,2083,2380,3870,2380,3275,1357
7552,变异鸭嘴兽,755,85,x,,10,解穴,94971,2168,2478,4028,2478,3408,1357
7553,变异鸭嘴兽,755,85,x,,10,解穴,94971,2255,2578,4188,2578,3543,1357
7554,变异鸭嘴兽,755,85,x,,10,解穴,94971,2340,2675,4348,2675,3678,1357
7555,变异鸭嘴兽,755,85,x,,10,解穴,94971,2425,2773,4505,2773,3813,1357
7556,变异鸭嘴兽,755,85,x,,10,解穴,94971,2510,2870,4665,2870,3948,1357
7557,变异鸭嘴兽,755,85,x,,10,解穴,94971,2598,2968,4823,2968,4083,1357
7559,鸭嘴兽宝宝,755,85,,x,10,解穴,94971,1998,2283,3710,2283,3140,1357
7560,成年鸭嘴兽,756,95,,,10,解穴,98563,2070,2365,3843,2365,3253,1459
7561,变异鸭嘴兽,756,95,x,,10,解穴,98563,2148,2453,3988,2453,3375,1459
7562,变异鸭嘴兽,756,95,x,,10,解穴,98563,2225,2543,4133,2543,3495,1459
7563,变异鸭嘴兽,756,95,x,,10,解穴,98563,2303,2630,4275,2630,3618,1459
7564,变异鸭嘴兽,756,95,x,,10,解穴,98563,2380,2720,4420,2720,3740,1459
7565,变异鸭嘴兽,756,95,x,,10,解穴,98563,2458,2808,4565,2808,3863,1459
7566,变异鸭嘴兽,756,95,x,,10,解穴,98563,2535,2898,4708,2898,3985,1459
7567,变异鸭嘴兽,756,95,x,,10,解穴,98563,2613,2985,4853,2985,4105,1459
7568,变异鸭嘴兽,756,95,x,,10,解穴,98563,2690,3075,4998,3075,4228,1459
7569,鸭嘴兽宝宝,756,95,,x,10,解穴,98563,2070,2365,3843,2365,3253,1459
7570,成年雪狐,757,5,,,10,附身,77012,2345,2110,1875,3048,1640,846
7571,变异雪狐,757,5,x,,10,附身,77012,2695,2425,2155,3505,1888,846
7572,变异雪狐,757,5,x,,10,附身,77012,3048,2743,2438,3963,2133,846
7579,雪狐宝宝,757,5,,x,10,附身,77012,2345,2110,1875,3048,1640,846
7580,成年雪狐,758,45,,,10,附身,80604,2448,2203,1958,3180,1713,948
7581,变异雪狐,758,45,x,,10,附身,80604,2690,2423,2153,3498,1883,948
7582,变异雪狐,758,45,x,,10,附身,80604,2935,2643,2348,3818,2055,948
7583,变异雪狐,758,45,x,,10,附身,80604,3180,2863,2545,4135,2225,948
7589,雪狐宝宝,758,45,,x,10,附身,80604,2448,2203,1958,3180,1713,948
7590,成年雪狐,759,55,,,10,附身,84195,2550,2295,2040,3315,1785,1051
7591,变异雪狐,759,55,x,,10,附身,84195,2740,2465,2193,3563,1918,1051
7592,变异雪狐,759,55,x,,10,附身,84195,2933,2638,2345,3810,2053,1051
7593,变异雪狐,759,55,x,,10,附身,84195,3123,2810,2498,4060,2185,1051
7594,变异雪狐,759,55,x,,10,附身,84195,3315,2983,2650,4308,2320,1051
7599,雪狐宝宝,759,55,,x,10,附身,84195,2550,2295,2040,3315,1785,1051
7600,成年雪狐,760,65,,,10,附身,87787,2653,2385,2120,3448,1855,1153
7601,变异雪狐,760,65,x,,10,附身,87787,2810,2530,2248,3655,1968,1153
7602,变异雪狐,760,65,x,,10,附身,87787,2970,2673,2375,3860,2078,1153
7603,变异雪狐,760,65,x,,10,附身,87787,3128,2815,2503,4068,2190,1153
7604,变异雪狐,760,65,x,,10,附身,87787,3288,2960,2630,4275,2300,1153
7605,变异雪狐,760,65,x,,10,附身,87787,3448,3103,2758,4483,2413,1153
7609,雪狐宝宝,760,65,,x,10,附身,87787,2653,2385,2120,3448,1855,1153
7610,成年雪狐,761,75,,,10,附身,91379,2755,2478,2203,3580,1928,1255
7611,变异雪狐,761,75,x,,10,附身,91379,2893,2603,2313,3760,2023,1255
7612,变异雪狐,761,75,x,,10,附身,91379,3030,2725,2423,3938,2120,1255
7613,变异雪狐,761,75,x,,10,附身,91379,3168,2850,2533,4118,2218,1255
7614,变异雪狐,761,75,x,,10,附身,91379,3305,2975,2643,4298,2313,1255
7615,变异雪狐,761,75,x,,10,附身,91379,3443,3098,2755,4475,2410,1255
7616,变异雪狐,761,75,x,,10,附身,91379,3580,3223,2865,4655,2505,1255
7619,雪狐宝宝,761,75,,x,10,附身,91379,2755,2478,2203,3580,1928,1255
7620,成年雪狐,762,85,,,10,附身,94971,2855,2568,2283,3710,1998,1357
7621,变异雪狐,762,85,x,,10,附身,94971,2975,2678,2380,3870,2083,1357
7622,变异雪狐,762,85,x,,10,附身,94971,3098,2788,2478,4028,2168,1357
7623,变异雪狐,762,85,x,,10,附身,94971,3220,2898,2578,4188,2255,1357
7624,变异雪狐,762,85,x,,10,附身,94971,3343,3008,2675,4348,2340,1357
7625,变异雪狐,762,85,x,,10,附身,94971,3465,3120,2773,4505,2425,1357
7626,变异雪狐,762,85,x,,10,附身,94971,3588,3230,2870,4665,2510,1357
7627,变异雪狐,762,85,x,,10,附身,94971,3710,3340,2968,4823,2598,1357
7629,雪狐宝宝,762,85,,x,10,附身,94971,2855,2568,2283,3710,1998,1357
7630,成年雪狐,763,95,,,10,附身,98563,2958,2660,2365,3843,2070,1459
7631,变异雪狐,763,95,x,,10,附身,98563,3068,2760,2453,3988,2148,1459
7632,变异雪狐,763,95,x,,10,附身,98563,3178,2860,2543,4133,2225,1459
7633,变异雪狐,763,95,x,,10,附身,98563,3290,2960,2630,4275,2303,1459
7634,变异雪狐,763,95,x,,10,附身,98563,3400,3060,2720,4420,2380,1459
7635,变异雪狐,763,95,x,,10,附身,98563,3510,3160,2808,4565,2458,1459
7636,变异雪狐,763,95,x,,10,附身,98563,3623,3260,2898,4708,2535,1459
7637,变异雪狐,763,95,x,,10,附身,98563,3733,3360,2985,4853,2613,1459
7638,变异雪狐,763,95,x,,10,附身,98563,3843,3460,3075,4998,2690,1459
7639,雪狐宝宝,763,95,,x,10,附身,98563,2958,2660,2365,3843,2070,1459
7640,成年龙猫,764,5,,,10,固元,77012,3235,2415,1173,2110,1640,846
7641,变异龙猫,764,5,x,,10,固元,77012,3720,2778,1348,2425,1888,846
7642,变异龙猫,764,5,x,,10,固元,77012,4205,3138,1523,2743,2133,846
7649,龙猫宝宝,764,5,,x,10,固元,77012,3235,2415,1173,2110,1640,846
7650,成年龙猫,765,45,,,10,固元,80604,3378,2520,1223,2203,1713,948
7651,变异龙猫,765,45,x,,10,固元,80604,3715,2773,1345,2423,1883,948
7652,变异龙猫,765,45,x,,10,固元,80604,4053,3025,1468,2643,2055,948
7653,变异龙猫,765,45,x,,10,固元,80604,4390,3275,1590,2863,2225,948
7659,龙猫宝宝,765,45,,x,10,固元,80604,3378,2520,1223,2203,1713,948
7660,成年龙猫,766,55,,,10,固元,84195,3518,2625,1275,2295,1785,1051
7661,变异龙猫,766,55,x,,10,固元,84195,3783,2823,1370,2465,1918,1051
7662,变异龙猫,766,55,x,,10,固元,84195,4045,3020,1465,2638,2053,1051
7663,变异龙猫,766,55,x,,10,固元,84195,4310,3215,1560,2810,2185,1051
7664,变异龙猫,766,55,x,,10,固元,84195,4573,3413,1658,2983,2320,1051
7669,龙猫宝宝,766,55,,x,10,固元,84195,3518,2625,1275,2295,1785,1051
7670,成年龙猫,767,65,,,10,固元,87787,3660,2730,1325,2385,1855,1153
7671,变异龙猫,767,65,x,,10,固元,87787,3880,2895,1405,2530,1968,1153
7672,变异龙猫,767,65,x,,10,固元,87787,4098,3058,1485,2673,2078,1153
7673,变异龙猫,767,65,x,,10,固元,87787,4318,3223,1563,2815,2190,1153
7674,变异龙猫,767,65,x,,10,固元,87787,4538,3388,1643,2960,2300,1153
7675,变异龙猫,767,65,x,,10,固元,87787,4758,3550,1723,3103,2413,1153
7679,龙猫宝宝,767,65,,x,10,固元,87787,3660,2730,1325,2385,1855,1153
7680,成年龙猫,768,75,,,10,固元,91379,3800,2838,1378,2478,1928,1255
7681,变异龙猫,768,75,x,,10,固元,91379,3990,2978,1445,2603,2023,1255
7682,变异龙猫,768,75,x,,10,固元,91379,4180,3120,1515,2725,2120,1255
7683,变异龙猫,768,75,x,,10,固元,91379,4370,3263,1583,2850,2218,1255
7684,变异龙猫,768,75,x,,10,固元,91379,4560,3405,1653,2975,2313,1255
7685,变异龙猫,768,75,x,,10,固元,91379,4750,3545,1720,3098,2410,1255
7686,变异龙猫,768,75,x,,10,固元,91379,4940,3688,1790,3223,2505,1255
7689,龙猫宝宝,768,75,,x,10,固元,91379,3800,2838,1378,2478,1928,1255
7690,成年龙猫,769,85,,,10,固元,94971,3938,2940,1428,2568,1998,1357
7691,变异龙猫,769,85,x,,10,固元,94971,4108,3065,1488,2678,2083,1357
7692,变异龙猫,769,85,x,,10,固元,94971,4278,3193,1548,2788,2168,1357
7693,变异龙猫,769,85,x,,10,固元,94971,4445,3318,1610,2898,2255,1357
7694,变异龙猫,769,85,x,,10,固元,94971,4615,3443,1670,3008,2340,1357
7695,变异龙猫,769,85,x,,10,固元,94971,4783,3570,1733,3120,2425,1357
7696,变异龙猫,769,85,x,,10,固元,94971,4953,3695,1793,3230,2510,1357
7697,变异龙猫,769,85,x,,10,固元,94971,5120,3823,1855,3340,2598,1357
7699,龙猫宝宝,769,85,,x,10,固元,94971,3938,2940,1428,2568,1998,1357
7700,成年龙猫,770,95,,,10,固元,98563,4080,3045,1478,2660,2070,1459
7701,变异龙猫,770,95,x,,10,固元,98563,4233,3160,1533,2760,2148,1459
7702,变异龙猫,770,95,x,,10,固元,98563,4385,3273,1588,2860,2225,1459
7703,变异龙猫,770,95,x,,10,固元,98563,4540,3388,1645,2960,2303,1459
7704,变异龙猫,770,95,x,,10,固元,98563,4693,3503,1700,3060,2380,1459
7705,变异龙猫,770,95,x,,10,固元,98563,4845,3615,1755,3160,2458,1459
7706,变异龙猫,770,95,x,,10,固元,98563,4998,3730,1810,3260,2535,1459
7707,变异龙猫,770,95,x,,10,固元,98563,5153,3845,1865,3360,2613,1459
7708,变异龙猫,770,95,x,,10,固元,98563,5305,3960,1920,3460,2690,1459
7709,龙猫宝宝,770,95,,x,10,固元,98563,4080,3045,1478,2660,2070,1459
7710,成年犀鸟,771,5,,,10,治疗,77012,1640,1875,3048,1875,2578,846
7711,变异犀鸟,771,5,x,,10,治疗,77012,1888,2155,3505,2155,2965,846
7712,变异犀鸟,771,5,x,,10,治疗,77012,2133,2438,3963,2438,3353,846
7719,犀鸟宝宝,771,5,,x,10,治疗,77012,1640,1875,3048,1875,2578,846
7720,成年犀鸟,772,45,,,10,治疗,80604,1713,1958,3180,1958,2690,948
7721,变异犀鸟,772,45,x,,10,治疗,80604,1883,2153,3498,2153,2960,948
7722,变异犀鸟,772,45,x,,10,治疗,80604,2055,2348,3818,2348,3230,948
7723,变异犀鸟,772,45,x,,10,治疗,80604,2225,2545,4135,2545,3498,948
7729,犀鸟宝宝,772,45,,x,10,治疗,80604,1713,1958,3180,1958,2690,948
7730,成年犀鸟,773,55,,,10,治疗,84195,1785,2040,3315,2040,2805,1051
7731,变异犀鸟,773,55,x,,10,治疗,84195,1918,2193,3563,2193,3015,1051
7732,变异犀鸟,773,55,x,,10,治疗,84195,2053,2345,3810,2345,3225,1051
7733,变异犀鸟,773,55,x,,10,治疗,84195,2185,2498,4060,2498,3435,1051
7734,变异犀鸟,773,55,x,,10,治疗,84195,2320,2650,4308,2650,3645,1051
7739,犀鸟宝宝,773,55,,x,10,治疗,84195,1785,2040,3315,2040,2805,1051
7740,成年犀鸟,774,65,,,10,治疗,87787,1855,2120,3448,2120,2918,1153
7741,变异犀鸟,774,65,x,,10,治疗,87787,1968,2248,3655,2248,3093,1153
7742,变异犀鸟,774,65,x,,10,治疗,87787,2078,2375,3860,2375,3268,1153
7743,变异犀鸟,774,65,x,,10,治疗,87787,2190,2503,4068,2503,3443,1153
7744,变异犀鸟,774,65,x,,10,治疗,87787,2300,2630,4275,2630,3618,1153
7745,变异犀鸟,774,65,x,,10,治疗,87787,2413,2758,4483,2758,3793,1153
7749,犀鸟宝宝,774,65,,x,10,治疗,87787,1855,2120,3448,2120,2918,1153
7750,成年犀鸟,775,75,,,10,治疗,91379,1928,2203,3580,2203,3030,1255
7751,变异犀鸟,775,75,x,,10,治疗,91379,2023,2313,3760,2313,3180,1255
7752,变异犀鸟,775,75,x,,10,治疗,91379,2120,2423,3938,2423,3333,1255
7753,变异犀鸟,775,75,x,,10,治疗,91379,2218,2533,4118,2533,3485,1255
7754,变异犀鸟,775,75,x,,10,治疗,91379,2313,2643,4298,2643,3635,1255
7755,变异犀鸟,775,75,x,,10,治疗,91379,2410,2755,4475,2755,3788,1255
7756,变异犀鸟,775,75,x,,10,治疗,91379,2505,2865,4655,2865,3938,1255
7759,犀鸟宝宝,775,75,,x,10,治疗,91379,1928,2203,3580,2203,3030,1255
7760,成年犀鸟,776,85,,,10,治疗,94971,1998,2283,3710,2283,3140,1357
7761,变异犀鸟,776,85,x,,10,治疗,94971,2083,2380,3870,2380,3275,1357
7762,变异犀鸟,776,85,x,,10,治疗,94971,2168,2478,4028,2478,3408,1357
7763,变异犀鸟,776,85,x,,10,治疗,94971,2255,2578,4188,2578,3543,1357
7764,变异犀鸟,776,85,x,,10,治疗,94971,2340,2675,4348,2675,3678,1357
7765,变异犀鸟,776,85,x,,10,治疗,94971,2425,2773,4505,2773,3813,1357
7766,变异犀鸟,776,85,x,,10,治疗,94971,2510,2870,4665,2870,3948,1357
7767,变异犀鸟,776,85,x,,10,治疗,94971,2598,2968,4823,2968,4083,1357
7769,犀鸟宝宝,776,85,,x,10,治疗,94971,1998,2283,3710,2283,3140,1357
7770,成年犀鸟,777,95,,,10,治疗,98563,2070,2365,3843,2365,3253,1459
7771,变异犀鸟,777,95,x,,10,治疗,98563,2148,2453,3988,2453,3375,1459
7772,变异犀鸟,777,95,x,,10,治疗,98563,2225,2543,4133,2543,3495,1459
7773,变异犀鸟,777,95,x,,10,治疗,98563,2303,2630,4275,2630,3618,1459
7774,变异犀鸟,777,95,x,,10,治疗,98563,2380,2720,4420,2720,3740,1459
7775,变异犀鸟,777,95,x,,10,治疗,98563,2458,2808,4565,2808,3863,1459
7776,变异犀鸟,777,95,x,,10,治疗,98563,2535,2898,4708,2898,3985,1459
7777,变异犀鸟,777,95,x,,10,治疗,98563,2613,2985,4853,2985,4105,1459
7778,变异犀鸟,777,95,x,,10,治疗,98563,2690,3075,4998,3075,4228,1459
7779,犀鸟宝宝,777,95,,x,10,治疗,98563,2070,2365,3843,2365,3253,1459
7780,成年熊猫,778,5,,,10,肉墙,77012,1875,3283,1640,1405,1875,846
7781,变异熊猫,778,5,x,,10,肉墙,77012,2155,3775,1888,1618,2155,846
7782,变异熊猫,778,5,x,,10,肉墙,77012,2438,4268,2133,1828,2438,846
7789,熊猫宝宝,778,5,,x,10,肉墙,77012,1875,3283,1640,1405,1875,846
7790,成年熊猫,779,45,,,10,肉墙,80604,1958,3425,1713,1468,1958,948
7791,变异熊猫,779,45,x,,10,肉墙,80604,2153,3768,1883,1615,2153,948
7792,变异熊猫,779,45,x,,10,肉墙,80604,2348,4110,2055,1760,2348,948
7793,变异熊猫,779,45,x,,10,肉墙,80604,2545,4453,2225,1908,2545,948
7799,熊猫宝宝,779,45,,x,10,肉墙,80604,1958,3425,1713,1468,1958,948
7800,成年熊猫,780,55,,,10,肉墙,84195,2040,3570,1785,1530,2040,1051
7801,变异熊猫,780,55,x,,10,肉墙,84195,2193,3838,1918,1643,2193,1051
7802,变异熊猫,780,55,x,,10,肉墙,84195,2345,4105,2053,1758,2345,1051
7803,变异熊猫,780,55,x,,10,肉墙,84195,2498,4373,2185,1873,2498,1051
7804,变异熊猫,780,55,x,,10,肉墙,84195,2650,4640,2320,1988,2650,1051
7809,熊猫宝宝,780,55,,x,10,肉墙,84195,2040,3570,1785,1530,2040,1051
7810,成年熊猫,781,65,,,10,肉墙,87787,2120,3713,1855,1590,2120,1153
7811,变异熊猫,781,65,x,,10,肉墙,87787,2248,3935,1968,1685,2248,1153
7812,变异熊猫,781,65,x,,10,肉墙,87787,2375,4158,2078,1780,2375,1153
7813,变异熊猫,781,65,x,,10,肉墙,87787,2503,4380,2190,1878,2503,1153
7814,变异熊猫,781,65,x,,10,肉墙,87787,2630,4603,2300,1973,2630,1153
7815,变异熊猫,781,65,x,,10,肉墙,87787,2758,4828,2413,2068,2758,1153
7819,熊猫宝宝,781,65,,x,10,肉墙,87787,2120,3713,1855,1590,2120,1153
7820,成年熊猫,782,75,,,10,肉墙,91379,2203,3855,1928,1653,2203,1255
7821,变异熊猫,782,75,x,,10,肉墙,91379,2313,4048,2023,1735,2313,1255
7822,变异熊猫,782,75,x,,10,肉墙,91379,2423,4243,2120,1818,2423,1255
7823,变异熊猫,782,75,x,,10,肉墙,91379,2533,4435,2218,1900,2533,1255
7824,变异熊猫,782,75,x,,10,肉墙,91379,2643,4628,2313,1983,2643,1255
7825,变异熊猫,782,75,x,,10,肉墙,91379,2755,4820,2410,2065,2755,1255
7826,变异熊猫,782,75,x,,10,肉墙,91379,2865,5013,2505,2148,2865,1255
7829,熊猫宝宝,782,75,,x,10,肉墙,91379,2203,3855,1928,1653,2203,1255
7830,成年熊猫,783,85,,,10,肉墙,94971,2283,3995,1998,1713,2283,1357
7831,变异熊猫,783,85,x,,10,肉墙,94971,2380,4168,2083,1785,2380,1357
7832,变异熊猫,783,85,x,,10,肉墙,94971,2478,4338,2168,1858,2478,1357
7833,变异熊猫,783,85,x,,10,肉墙,94971,2578,4510,2255,1933,2578,1357
7834,变异熊猫,783,85,x,,10,肉墙,94971,2675,4680,2340,2005,2675,1357
7835,变异熊猫,783,85,x,,10,肉墙,94971,2773,4853,2425,2080,2773,1357
7836,变异熊猫,783,85,x,,10,肉墙,94971,2870,5023,2510,2153,2870,1357
7837,变异熊猫,783,85,x,,10,肉墙,94971,2968,5195,2598,2225,2968,1357
7839,熊猫宝宝,783,85,,x,10,肉墙,94971,2283,3995,1998,1713,2283,1357
7840,成年熊猫,784,95,,,10,肉墙,98563,2365,4140,2070,1773,2365,1459
7841,变异熊猫,784,95,x,,10,肉墙,98563,2453,4295,2148,1840,2453,1459
7842,变异熊猫,784,95,x,,10,肉墙,98563,2543,4450,2225,1908,2543,1459
7843,变异熊猫,784,95,x,,10,肉墙,98563,2630,4605,2303,1973,2630,1459
7844,变异熊猫,784,95,x,,10,肉墙,98563,2720,4760,2380,2040,2720,1459
7845,变异熊猫,784,95,x,,10,肉墙,98563,2808,4915,2458,2105,2808,1459
7846,变异熊猫,784,95,x,,10,肉墙,98563,2898,5070,2535,2173,2898,1459
7847,变异熊猫,784,95,x,,10,肉墙,98563,2985,5225,2613,2240,2985,1459
7848,变异熊猫,784,95,x,,10,肉墙,98563,3075,5383,2690,2305,3075,1459
7849,熊猫宝宝,784,95,,x,10,肉墙,98563,2365,4140,2070,1773,2365,1459
7850,成年螃蟹,785,5,,,10,重生,77012,3048,2578,1640,2110,1640,846
7851,变异螃蟹,785,5,x,,10,重生,77012,3505,2965,1888,2425,1888,846
7852,变异螃蟹,785,5,x,,10,重生,77012,3963,3353,2133,2743,2133,846
7859,螃蟹宝宝,785,5,,x,10,重生,77012,3048,2578,1640,2110,1640,846
7860,成年螃蟹,786,45,,,10,重生,80604,3180,2690,1713,2203,1713,948
7861,变异螃蟹,786,45,x,,10,重生,80604,3498,2960,1883,2423,1883,948
7862,变异螃蟹,786,45,x,,10,重生,80604,3818,3230,2055,2643,2055,948
7863,变异螃蟹,786,45,x,,10,重生,80604,4135,3498,2225,2863,2225,948
7869,螃蟹宝宝,786,45,,x,10,重生,80604,3180,2690,1713,2203,1713,948
7870,成年螃蟹,787,55,,,10,重生,84195,3315,2805,1785,2295,1785,1051
7871,变异螃蟹,787,55,x,,10,重生,84195,3563,3015,1918,2465,1918,1051
7872,变异螃蟹,787,55,x,,10,重生,84195,3810,3225,2053,2638,2053,1051
7873,变异螃蟹,787,55,x,,10,重生,84195,4060,3435,2185,2810,2185,1051
7874,变异螃蟹,787,55,x,,10,重生,84195,4308,3645,2320,2983,2320,1051
7879,螃蟹宝宝,787,55,,x,10,重生,84195,3315,2805,1785,2295,1785,1051
7880,成年螃蟹,788,65,,,10,重生,87787,3448,2918,1855,2385,1855,1153
7881,变异螃蟹,788,65,x,,10,重生,87787,3655,3093,1968,2530,1968,1153
7882,变异螃蟹,788,65,x,,10,重生,87787,3860,3268,2078,2673,2078,1153
7883,变异螃蟹,788,65,x,,10,重生,87787,4068,3443,2190,2815,2190,1153
7884,变异螃蟹,788,65,x,,10,重生,87787,4275,3618,2300,2960,2300,1153
7885,变异螃蟹,788,65,x,,10,重生,87787,4483,3793,2413,3103,2413,1153
7889,螃蟹宝宝,788,65,,x,10,重生,87787,3448,2918,1855,2385,1855,1153
7890,成年螃蟹,789,75,,,10,重生,91379,3580,3030,1928,2478,1928,1255
7891,变异螃蟹,789,75,x,,10,重生,91379,3760,3180,2023,2603,2023,1255
7892,变异螃蟹,789,75,x,,10,重生,91379,3938,3333,2120,2725,2120,1255
7893,变异螃蟹,789,75,x,,10,重生,91379,4118,3485,2218,2850,2218,1255
7894,变异螃蟹,789,75,x,,10,重生,91379,4298,3635,2313,2975,2313,1255
7895,变异螃蟹,789,75,x,,10,重生,91379,4475,3788,2410,3098,2410,1255
7896,变异螃蟹,789,75,x,,10,重生,91379,4655,3938,2505,3223,2505,1255
7899,螃蟹宝宝,789,75,,x,10,重生,91379,3580,3030,1928,2478,1928,1255
7900,成年螃蟹,790,85,,,10,重生,94971,3710,3140,1998,2568,1998,1357
7901,变异螃蟹,790,85,x,,10,重生,94971,3870,3275,2083,2678,2083,1357
7902,变异螃蟹,790,85,x,,10,重生,94971,4028,3408,2168,2788,2168,1357
7903,变异螃蟹,790,85,x,,10,重生,94971,4188,3543,2255,2898,2255,1357
7904,变异螃蟹,790,85,x,,10,重生,94971,4348,3678,2340,3008,2340,1357
7905,变异螃蟹,790,85,x,,10,重生,94971,4505,3813,2425,3120,2425,1357
7906,变异螃蟹,790,85,x,,10,重生,94971,4665,3948,2510,3230,2510,1357
7907,变异螃蟹,790,85,x,,10,重生,94971,4823,4083,2598,3340,2598,1357
7909,螃蟹宝宝,790,85,,x,10,重生,94971,3710,3140,1998,2568,1998,1357
7910,成年螃蟹,791,95,,,10,重生,98563,3843,3253,2070,2660,2070,1459
7911,变异螃蟹,791,95,x,,10,重生,98563,3988,3375,2148,2760,2148,1459
7912,变异螃蟹,791,95,x,,10,重生,98563,4133,3495,2225,2860,2225,1459
7913,变异螃蟹,791,95,x,,10,重生,98563,4275,3618,2303,2960,2303,1459
7914,变异螃蟹,791,95,x,,10,重生,98563,4420,3740,2380,3060,2380,1459
7915,变异螃蟹,791,95,x,,10,重生,98563,4565,3863,2458,3160,2458,1459
7916,变异螃蟹,791,95,x,,10,重生,98563,4708,3985,2535,3260,2535,1459
7917,变异螃蟹,791,95,x,,10,重生,98563,4853,4105,2613,3360,2613,1459
7918,变异螃蟹,791,95,x,,10,重生,98563,4998,4228,2690,3460,2690,1459
7919,螃蟹宝宝,791,95,,x,10,重生,98563,3843,3253,2070,2660,2070,1459
7920,成年蝴蝶,792,5,,,10,附身,77012,1640,1875,3048,1875,2578,846
7921,变异蝴蝶,792,5,x,,10,附身,77012,1888,2155,3505,2155,2965,846
7922,变异蝴蝶,792,5,x,,10,附身,77012,2133,2438,3963,2438,3353,846
7929,蝴蝶宝宝,792,5,,x,10,附身,77012,1640,1875,3048,1875,2578,846
7930,成年蝴蝶,793,45,,,10,附身,80604,1713,1958,3180,1958,2690,948
7931,变异蝴蝶,793,45,x,,10,附身,80604,1883,2153,3498,2153,2960,948
7932,变异蝴蝶,793,45,x,,10,附身,80604,2055,2348,3818,2348,3230,948
7933,变异蝴蝶,793,45,x,,10,附身,80604,2225,2545,4135,2545,3498,948
7939,蝴蝶宝宝,793,45,,x,10,附身,80604,1713,1958,3180,1958,2690,948
7940,成年蝴蝶,794,55,,,10,附身,84195,1785,2040,3315,2040,2805,1051
7941,变异蝴蝶,794,55,x,,10,附身,84195,1918,2193,3563,2193,3015,1051
7942,变异蝴蝶,794,55,x,,10,附身,84195,2053,2345,3810,2345,3225,1051
7943,变异蝴蝶,794,55,x,,10,附身,84195,2185,2498,4060,2498,3435,1051
7944,变异蝴蝶,794,55,x,,10,附身,84195,2320,2650,4308,2650,3645,1051
7949,蝴蝶宝宝,794,55,,x,10,附身,84195,1785,2040,3315,2040,2805,1051
7950,成年蝴蝶,795,65,,,10,附身,87787,1855,2120,3448,2120,2918,1153
7951,变异蝴蝶,795,65,x,,10,附身,87787,1968,2248,3655,2248,3093,1153
7952,变异蝴蝶,795,65,x,,10,附身,87787,2078,2375,3860,2375,3268,1153
7953,变异蝴蝶,795,65,x,,10,附身,87787,2190,2503,4068,2503,3443,1153
7954,变异蝴蝶,795,65,x,,10,附身,87787,2300,2630,4275,2630,3618,1153
7955,变异蝴蝶,795,65,x,,10,附身,87787,2413,2758,4483,2758,3793,1153
7959,蝴蝶宝宝,795,65,,x,10,附身,87787,1855,2120,3448,2120,2918,1153
7960,成年蝴蝶,796,75,,,10,附身,91379,1928,2203,3580,2203,3030,1255
7961,变异蝴蝶,796,75,x,,10,附身,91379,2023,2313,3760,2313,3180,1255
7962,变异蝴蝶,796,75,x,,10,附身,91379,2120,2423,3938,2423,3333,1255
7963,变异蝴蝶,796,75,x,,10,附身,91379,2218,2533,4118,2533,3485,1255
7964,变异蝴蝶,796,75,x,,10,附身,91379,2313,2643,4298,2643,3635,1255
7965,变异蝴蝶,796,75,x,,10,附身,91379,2410,2755,4475,2755,3788,1255
7966,变异蝴蝶,796,75,x,,10,附身,91379,2505,2865,4655,2865,3938,1255
7969,蝴蝶宝宝,796,75,,x,10,附身,91379,1928,2203,3580,2203,3030,1255
7970,成年蝴蝶,797,85,,,10,附身,94971,1998,2283,3710,2283,3140,1357
7971,变异蝴蝶,797,85,x,,10,附身,94971,2083,2380,3870,2380,3275,1357
7972,变异蝴蝶,797,85,x,,10,附身,94971,2168,2478,4028,2478,3408,1357
7973,变异蝴蝶,797,85,x,,10,附身,94971,2255,2578,4188,2578,3543,1357
7974,变异蝴蝶,797,85,x,,10,附身,94971,2340,2675,4348,2675,3678,1357
7975,变异蝴蝶,797,85,x,,10,附身,94971,2425,2773,4505,2773,3813,1357
7976,变异蝴蝶,797,85,x,,10,附身,94971,2510,2870,4665,2870,3948,1357
7977,变异蝴蝶,797,85,x,,10,附身,94971,2598,2968,4823,2968,4083,1357
7979,蝴蝶宝宝,797,85,,x,10,附身,94971,1998,2283,3710,2283,3140,1357
7980,成年蝴蝶,798,95,,,10,附身,98563,2070,2365,3843,2365,3253,1459
7981,变异蝴蝶,798,95,x,,10,附身,98563,2148,2453,3988,2453,3375,1459
7982,变异蝴蝶,798,95,x,,10,附身,98563,2225,2543,4133,2543,3495,1459
7983,变异蝴蝶,798,95,x,,10,附身,98563,2303,2630,4275,2630,3618,1459
7984,变异蝴蝶,798,95,x,,10,附身,98563,2380,2720,4420,2720,3740,1459
7985,变异蝴蝶,798,95,x,,10,附身,98563,2458,2808,4565,2808,3863,1459
7986,变异蝴蝶,798,95,x,,10,附身,98563,2535,2898,4708,2898,3985,1459
7987,变异蝴蝶,798,95,x,,10,附身,98563,2613,2985,4853,2985,4105,1459
7988,变异蝴蝶,798,95,x,,10,附身,98563,2690,3075,4998,3075,4228,1459
7989,蝴蝶宝宝,798,95,,x,10,附身,98563,2070,2365,3843,2365,3253,1459
7990,成年蜗牛,799,5,,,10,重生,77012,2110,3048,1875,1875,2110,846
7991,变异蜗牛,799,5,x,,10,重生,77012,2425,3505,2155,2155,2425,846
7992,变异蜗牛,799,5,x,,10,重生,77012,2743,3963,2438,2438,2743,846
7999,蜗牛宝宝,799,5,,x,10,重生,77012,2110,3048,1875,1875,2110,846
8000,成年蜗牛,800,45,,,10,重生,80604,2203,3180,1958,1958,2203,948
8001,变异蜗牛,800,45,x,,10,重生,80604,2423,3498,2153,2153,2423,948
8002,变异蜗牛,800,45,x,,10,重生,80604,2643,3818,2348,2348,2643,948
8003,变异蜗牛,800,45,x,,10,重生,80604,2863,4135,2545,2545,2863,948
8009,蜗牛宝宝,800,45,,x,10,重生,80604,2203,3180,1958,1958,2203,948
8010,成年蜗牛,801,55,,,10,重生,84195,2295,3315,2040,2040,2295,1051
8011,变异蜗牛,801,55,x,,10,重生,84195,2465,3563,2193,2193,2465,1051
8012,变异蜗牛,801,55,x,,10,重生,84195,2638,3810,2345,2345,2638,1051
8013,变异蜗牛,801,55,x,,10,重生,84195,2810,4060,2498,2498,2810,1051
8014,变异蜗牛,801,55,x,,10,重生,84195,2983,4308,2650,2650,2983,1051
8019,蜗牛宝宝,801,55,,x,10,重生,84195,2295,3315,2040,2040,2295,1051
8020,成年蜗牛,802,65,,,10,重生,87787,2385,3448,2120,2120,2385,1153
8021,变异蜗牛,802,65,x,,10,重生,87787,2530,3655,2248,2248,2530,1153
8022,变异蜗牛,802,65,x,,10,重生,87787,2673,3860,2375,2375,2673,1153
8023,变异蜗牛,802,65,x,,10,重生,87787,2815,4068,2503,2503,2815,1153
8024,变异蜗牛,802,65,x,,10,重生,87787,2960,4275,2630,2630,2960,1153
8025,变异蜗牛,802,65,x,,10,重生,87787,3103,4483,2758,2758,3103,1153
8029,蜗牛宝宝,802,65,,x,10,重生,87787,2385,3448,2120,2120,2385,1153
8030,成年蜗牛,803,75,,,10,重生,91379,2478,3580,2203,2203,2478,1255
8031,变异蜗牛,803,75,x,,10,重生,91379,2603,3760,2313,2313,2603,1255
8032,变异蜗牛,803,75,x,,10,重生,91379,2725,3938,2423,2423,2725,1255
8033,变异蜗牛,803,75,x,,10,重生,91379,2850,4118,2533,2533,2850,1255
8034,变异蜗牛,803,75,x,,10,重生,91379,2975,4298,2643,2643,2975,1255
8035,变异蜗牛,803,75,x,,10,重生,91379,3098,4475,2755,2755,3098,1255
8036,变异蜗牛,803,75,x,,10,重生,91379,3223,4655,2865,2865,3223,1255
8039,蜗牛宝宝,803,75,,x,10,重生,91379,2478,3580,2203,2203,2478,1255
8040,成年蜗牛,804,85,,,10,重生,94971,2568,3710,2283,2283,2568,1357
8041,变异蜗牛,804,85,x,,10,重生,94971,2678,3870,2380,2380,2678,1357
8042,变异蜗牛,804,85,x,,10,重生,94971,2788,4028,2478,2478,2788,1357
8043,变异蜗牛,804,85,x,,10,重生,94971,2898,4188,2578,2578,2898,1357
8044,变异蜗牛,804,85,x,,10,重生,94971,3008,4348,2675,2675,3008,1357
8045,变异蜗牛,804,85,x,,10,重生,94971,3120,4505,2773,2773,3120,1357
8046,变异蜗牛,804,85,x,,10,重生,94971,3230,4665,2870,2870,3230,1357
8047,变异蜗牛,804,85,x,,10,重生,94971,3340,4823,2968,2968,3340,1357
8049,蜗牛宝宝,804,85,,x,10,重生,94971,2568,3710,2283,2283,2568,1357
8050,成年蜗牛,805,95,,,10,重生,98563,2660,3843,2365,2365,2660,1459
8051,变异蜗牛,805,95,x,,10,重生,98563,2760,3988,2453,2453,2760,1459
8052,变异蜗牛,805,95,x,,10,重生,98563,2860,4133,2543,2543,2860,1459
8053,变异蜗牛,805,95,x,,10,重生,98563,2960,4275,2630,2630,2960,1459
8054,变异蜗牛,805,95,x,,10,重生,98563,3060,4420,2720,2720,3060,1459
8055,变异蜗牛,805,95,x,,10,重生,98563,3160,4565,2808,2808,3160,1459
8056,变异蜗牛,805,95,x,,10,重生,98563,3260,4708,2898,2898,3260,1459
8057,变异蜗牛,805,95,x,,10,重生,98563,3360,4853,2985,2985,3360,1459
8058,变异蜗牛,805,95,x,,10,重生,98563,3460,4998,3075,3075,3460,1459
8059,蜗牛宝宝,805,95,,x,10,重生,98563,2660,3843,2365,2365,2660,1459
8060,成年蝎子,806,5,,,10,嗜血,77012,3048,2578,1640,2110,1640,846
8061,变异蝎子,806,5,x,,10,嗜血,77012,3505,2965,1888,2425,1888,846
8062,变异蝎子,806,5,x,,10,嗜血,77012,3963,3353,2133,2743,2133,846
8069,蝎子宝宝,806,5,,x,10,嗜血,77012,3048,2578,1640,2110,1640,846
8070,成年蝎子,807,45,,,10,嗜血,80604,3180,2690,1713,2203,1713,948
8071,变异蝎子,807,45,x,,10,嗜血,80604,3498,2960,1883,2423,1883,948
8072,变异蝎子,807,45,x,,10,嗜血,80604,3818,3230,2055,2643,2055,948
8073,变异蝎子,807,45,x,,10,嗜血,80604,4135,3498,2225,2863,2225,948
8079,蝎子宝宝,807,45,,x,10,嗜血,80604,3180,2690,1713,2203,1713,948
8080,成年蝎子,808,55,,,10,嗜血,84195,3315,2805,1785,2295,1785,1051
8081,变异蝎子,808,55,x,,10,嗜血,84195,3563,3015,1918,2465,1918,1051
8082,变异蝎子,808,55,x,,10,嗜血,84195,3810,3225,2053,2638,2053,1051
8083,变异蝎子,808,55,x,,10,嗜血,84195,4060,3435,2185,2810,2185,1051
8084,变异蝎子,808,55,x,,10,嗜血,84195,4308,3645,2320,2983,2320,1051
8089,蝎子宝宝,808,55,,x,10,嗜血,84195,3315,2805,1785,2295,1785,1051
8090,成年蝎子,809,65,,,10,嗜血,87787,3448,2918,1855,2385,1855,1153
8091,变异蝎子,809,65,x,,10,嗜血,87787,3655,3093,1968,2530,1968,1153
8092,变异蝎子,809,65,x,,10,嗜血,87787,3860,3268,2078,2673,2078,1153
8093,变异蝎子,809,65,x,,10,嗜血,87787,4068,3443,2190,2815,2190,1153
8094,变异蝎子,809,65,x,,10,嗜血,87787,4275,3618,2300,2960,2300,1153
8095,变异蝎子,809,65,x,,10,嗜血,87787,4483,3793,2413,3103,2413,1153
8099,蝎子宝宝,809,65,,x,10,嗜血,87787,3448,2918,1855,2385,1855,1153
8100,成年蝎子,810,75,,,10,嗜血,91379,3580,3030,1928,2478,1928,1255
8101,变异蝎子,810,75,x,,10,嗜血,91379,3760,3180,2023,2603,2023,1255
8102,变异蝎子,810,75,x,,10,嗜血,91379,3938,3333,2120,2725,2120,1255
8103,变异蝎子,810,75,x,,10,嗜血,91379,4118,3485,2218,2850,2218,1255
8104,变异蝎子,810,75,x,,10,嗜血,91379,4298,3635,2313,2975,2313,1255
8105,变异蝎子,810,75,x,,10,嗜血,91379,4475,3788,2410,3098,2410,1255
8106,变异蝎子,810,75,x,,10,嗜血,91379,4655,3938,2505,3223,2505,1255
8109,蝎子宝宝,810,75,,x,10,嗜血,91379,3580,3030,1928,2478,1928,1255
8110,成年蝎子,811,85,,,10,嗜血,94971,3710,3140,1998,2568,1998,1357
8111,变异蝎子,811,85,x,,10,嗜血,94971,3870,3275,2083,2678,2083,1357
8112,变异蝎子,811,85,x,,10,嗜血,94971,4028,3408,2168,2788,2168,1357
8113,变异蝎子,811,85,x,,10,嗜血,94971,4188,3543,2255,2898,2255,1357
8114,变异蝎子,811,85,x,,10,嗜血,94971,4348,3678,2340,3008,2340,1357
8115,变异蝎子,811,85,x,,10,嗜血,94971,4505,3813,2425,3120,2425,1357
8116,变异蝎子,811,85,x,,10,嗜血,94971,4665,3948,2510,3230,2510,1357
8117,变异蝎子,811,85,x,,10,嗜血,94971,4823,4083,2598,3340,2598,1357
8119,蝎子宝宝,811,85,,x,10,嗜血,94971,3710,3140,1998,2568,1998,1357
8120,成年蝎子,812,95,,,10,嗜血,98563,3843,3253,2070,2660,2070,1459
8121,变异蝎子,812,95,x,,10,嗜血,98563,3988,3375,2148,2760,2148,1459
8122,变异蝎子,812,95,x,,10,嗜血,98563,4133,3495,2225,2860,2225,1459
8123,变异蝎子,812,95,x,,10,嗜血,98563,4275,3618,2303,2960,2303,1459
8124,变异蝎子,812,95,x,,10,嗜血,98563,4420,3740,2380,3060,2380,1459
8125,变异蝎子,812,95,x,,10,嗜血,98563,4565,3863,2458,3160,2458,1459
8126,变异蝎子,812,95,x,,10,嗜血,98563,4708,3985,2535,3260,2535,1459
8127,变异蝎子,812,95,x,,10,嗜血,98563,4853,4105,2613,3360,2613,1459
8128,变异蝎子,812,95,x,,10,嗜血,98563,4998,4228,2690,3460,2690,1459
8129,蝎子宝宝,812,95,,x,10,嗜血,98563,3843,3253,2070,2660,2070,1459
8130,成年穿山甲,813,5,,,10,重生,77012,2110,3048,1875,1875,2110,846
8131,变异穿山甲,813,5,x,,10,重生,77012,2425,3505,2155,2155,2425,846
8132,变异穿山甲,813,5,x,,10,重生,77012,2743,3963,2438,2438,2743,846
8139,穿山甲宝宝,813,5,,x,10,重生,77012,2110,3048,1875,1875,2110,846
8140,成年穿山甲,814,45,,,10,重生,80604,2203,3180,1958,1958,2203,948
8141,变异穿山甲,814,45,x,,10,重生,80604,2423,3498,2153,2153,2423,948
8142,变异穿山甲,814,45,x,,10,重生,80604,2643,3818,2348,2348,2643,948
8143,变异穿山甲,814,45,x,,10,重生,80604,2863,4135,2545,2545,2863,948
8149,穿山甲宝宝,814,45,,x,10,重生,80604,2203,3180,1958,1958,2203,948
8150,成年穿山甲,815,55,,,10,重生,84195,2295,3315,2040,2040,2295,1051
8151,变异穿山甲,815,55,x,,10,重生,84195,2465,3563,2193,2193,2465,1051
8152,变异穿山甲,815,55,x,,10,重生,84195,2638,3810,2345,2345,2638,1051
8153,变异穿山甲,815,55,x,,10,重生,84195,2810,4060,2498,2498,2810,1051
8154,变异穿山甲,815,55,x,,10,重生,84195,2983,4308,2650,2650,2983,1051
8159,穿山甲宝宝,815,55,,x,10,重生,84195,2295,3315,2040,2040,2295,1051
8160,成年穿山甲,816,65,,,10,重生,87787,2385,3448,2120,2120,2385,1153
8161,变异穿山甲,816,65,x,,10,重生,87787,2530,3655,2248,2248,2530,1153
8162,变异穿山甲,816,65,x,,10,重生,87787,2673,3860,2375,2375,2673,1153
8163,变异穿山甲,816,65,x,,10,重生,87787,2815,4068,2503,2503,2815,1153
8164,变异穿山甲,816,65,x,,10,重生,87787,2960,4275,2630,2630,2960,1153
8165,变异穿山甲,816,65,x,,10,重生,87787,3103,4483,2758,2758,3103,1153
8169,穿山甲宝宝,816,65,,x,10,重生,87787,2385,3448,2120,2120,2385,1153
8170,成年穿山甲,817,75,,,10,重生,91379,2478,3580,2203,2203,2478,1255
8171,变异穿山甲,817,75,x,,10,重生,91379,2603,3760,2313,2313,2603,1255
8172,变异穿山甲,817,75,x,,10,重生,91379,2725,3938,2423,2423,2725,1255
8173,变异穿山甲,817,75,x,,10,重生,91379,2850,4118,2533,2533,2850,1255
8174,变异穿山甲,817,75,x,,10,重生,91379,2975,4298,2643,2643,2975,1255
8175,变异穿山甲,817,75,x,,10,重生,91379,3098,4475,2755,2755,3098,1255
8176,变异穿山甲,817,75,x,,10,重生,91379,3223,4655,2865,2865,3223,1255
8179,穿山甲宝宝,817,75,,x,10,重生,91379,2478,3580,2203,2203,2478,1255
8180,成年雷麟,818,85,,,10,嗜血,94971,3710,3140,1998,2568,1998,1357
8181,变异雷麟,818,85,x,,10,嗜血,94971,3870,3275,2083,2678,2083,1357
8182,变异雷麟,818,85,x,,10,嗜血,94971,4028,3408,2168,2788,2168,1357
8183,变异雷麟,818,85,x,,10,嗜血,94971,4188,3543,2255,2898,2255,1357
8184,变异雷麟,818,85,x,,10,嗜血,94971,4348,3678,2340,3008,2340,1357
8185,变异雷麟,818,85,x,,10,嗜血,94971,4505,3813,2425,3120,2425,1357
8186,变异雷麟,818,85,x,,10,嗜血,94971,4665,3948,2510,3230,2510,1357
8187,变异雷麟,818,85,x,,10,嗜血,94971,4823,4083,2598,3340,2598,1357
8189,雷麟宝宝,818,85,,x,10,嗜血,94971,3710,3140,1998,2568,1998,1357
8190,成年穿山甲,819,95,,,10,重生,98563,2660,3843,2365,2365,2660,1459
8191,变异穿山甲,819,95,x,,10,重生,98563,2760,3988,2453,2453,2760,1459
8192,变异穿山甲,819,95,x,,10,重生,98563,2860,4133,2543,2543,2860,1459
8193,变异穿山甲,819,95,x,,10,重生,98563,2960,4275,2630,2630,2960,1459
8194,变异穿山甲,819,95,x,,10,重生,98563,3060,4420,2720,2720,3060,1459
8195,变异穿山甲,819,95,x,,10,重生,98563,3160,4565,2808,2808,3160,1459
8196,变异穿山甲,819,95,x,,10,重生,98563,3260,4708,2898,2898,3260,1459
8197,变异穿山甲,819,95,x,,10,重生,98563,3360,4853,2985,2985,3360,1459
8198,变异穿山甲,819,95,x,,10,重生,98563,3460,4998,3075,3075,3460,1459
8199,穿山甲宝宝,819,95,,x,10,重生,98563,2660,3843,2365,2365,2660,1459
8200,成年玄甲雷蛇,820,5,,,10,治疗,77012,2110,3048,1875,1875,2110,846
8201,变异玄甲雷蛇,820,5,x,,10,治疗,77012,2425,3505,2155,2155,2425,846
8202,变异玄甲雷蛇,820,5,x,,10,治疗,77012,2743,3963,2438,2438,2743,846
8209,玄甲雷蛇宝宝,820,5,,x,10,治疗,77012,2110,3048,1875,1875,2110,846
8210,成年玄甲雷蛇,821,45,,,10,治疗,80604,2203,3180,1958,1958,2203,948
8211,变异玄甲雷蛇,821,45,x,,10,治疗,80604,2423,3498,2153,2153,2423,948
8212,变异玄甲雷蛇,821,45,x,,10,治疗,80604,2643,3818,2348,2348,2643,948
8213,变异玄甲雷蛇,821,45,x,,10,治疗,80604,2863,4135,2545,2545,2863,948
8219,玄甲雷蛇宝宝,821,45,,x,10,治疗,80604,2203,3180,1958,1958,2203,948
8220,成年玄甲雷蛇,822,55,,,10,治疗,84195,2295,3315,2040,2040,2295,1051
8221,变异玄甲雷蛇,822,55,x,,10,治疗,84195,2465,3563,2193,2193,2465,1051
8222,变异玄甲雷蛇,822,55,x,,10,治疗,84195,2638,3810,2345,2345,2638,1051
8223,变异玄甲雷蛇,822,55,x,,10,治疗,84195,2810,4060,2498,2498,2810,1051
8224,变异玄甲雷蛇,822,55,x,,10,治疗,84195,2983,4308,2650,2650,2983,1051
8229,玄甲雷蛇宝宝,822,55,,x,10,治疗,84195,2295,3315,2040,2040,2295,1051
8230,成年玄甲雷蛇,823,65,,,10,治疗,87787,2385,3448,2120,2120,2385,1153
8231,变异玄甲雷蛇,823,65,x,,10,治疗,87787,2530,3655,2248,2248,2530,1153
8232,变异玄甲雷蛇,823,65,x,,10,治疗,87787,2673,3860,2375,2375,2673,1153
8233,变异玄甲雷蛇,823,65,x,,10,治疗,87787,2815,4068,2503,2503,2815,1153
8234,变异玄甲雷蛇,823,65,x,,10,治疗,87787,2960,4275,2630,2630,2960,1153
8235,变异玄甲雷蛇,823,65,x,,10,治疗,87787,3103,4483,2758,2758,3103,1153
8239,玄甲雷蛇宝宝,823,65,,x,10,治疗,87787,2385,3448,2120,2120,2385,1153
8240,成年玄甲雷蛇,824,75,,,10,治疗,91379,2478,3580,2203,2203,2478,1255
8241,变异玄甲雷蛇,824,75,x,,10,治疗,91379,2603,3760,2313,2313,2603,1255
8242,变异玄甲雷蛇,824,75,x,,10,治疗,91379,2725,3938,2423,2423,2725,1255
8243,变异玄甲雷蛇,824,75,x,,10,治疗,91379,2850,4118,2533,2533,2850,1255
8244,变异玄甲雷蛇,824,75,x,,10,治疗,91379,2975,4298,2643,2643,2975,1255
8245,变异玄甲雷蛇,824,75,x,,10,治疗,91379,3098,4475,2755,2755,3098,1255
8246,变异玄甲雷蛇,824,75,x,,10,治疗,91379,3223,4655,2865,2865,3223,1255
8249,玄甲雷蛇宝宝,824,75,,x,10,治疗,91379,2478,3580,2203,2203,2478,1255
8250,成年玄甲雷蛇,825,85,,,10,治疗,94971,2568,3710,2283,2283,2568,1357
8251,变异玄甲雷蛇,825,85,x,,10,治疗,94971,2678,3870,2380,2380,2678,1357
8252,变异玄甲雷蛇,825,85,x,,10,治疗,94971,2788,4028,2478,2478,2788,1357
8253,变异玄甲雷蛇,825,85,x,,10,治疗,94971,2898,4188,2578,2578,2898,1357
8254,变异玄甲雷蛇,825,85,x,,10,治疗,94971,3008,4348,2675,2675,3008,1357
8255,变异玄甲雷蛇,825,85,x,,10,治疗,94971,3120,4505,2773,2773,3120,1357
8256,变异玄甲雷蛇,825,85,x,,10,治疗,94971,3230,4665,2870,2870,3230,1357
8257,变异玄甲雷蛇,825,85,x,,10,治疗,94971,3340,4823,2968,2968,3340,1357
8259,玄甲雷蛇宝宝,825,85,,x,10,治疗,94971,2568,3710,2283,2283,2568,1357
8260,成年玄甲雷蛇,826,95,,,10,治疗,98563,2660,3843,2365,2365,2660,1459
8261,变异玄甲雷蛇,826,95,x,,10,治疗,98563,2760,3988,2453,2453,2760,1459
8262,变异玄甲雷蛇,826,95,x,,10,治疗,98563,2860,4133,2543,2543,2860,1459
8263,变异玄甲雷蛇,826,95,x,,10,治疗,98563,2960,4275,2630,2630,2960,1459
8264,变异玄甲雷蛇,826,95,x,,10,治疗,98563,3060,4420,2720,2720,3060,1459
8265,变异玄甲雷蛇,826,95,x,,10,治疗,98563,3160,4565,2808,2808,3160,1459
8266,变异玄甲雷蛇,826,95,x,,10,治疗,98563,3260,4708,2898,2898,3260,1459
8267,变异玄甲雷蛇,826,95,x,,10,治疗,98563,3360,4853,2985,2985,3360,1459
8268,变异玄甲雷蛇,826,95,x,,10,治疗,98563,3460,4998,3075,3075,3460,1459
8269,玄甲雷蛇宝宝,826,95,,x,10,治疗,98563,2660,3843,2365,2365,2660,1459
8270,成年当扈,827,5,,,10,治疗,77012,1640,1875,3048,1875,2578,846
8271,变异当扈,827,5,x,,10,治疗,77012,1888,2155,3505,2155,2965,846
8272,变异当扈,827,5,x,,10,治疗,77012,2133,2438,3963,2438,3353,846
8279,当扈宝宝,827,5,,x,10,治疗,77012,1640,1875,3048,1875,2578,846
8280,成年当扈,828,45,,,10,治疗,80604,1713,1958,3180,1958,2690,948
8281,变异当扈,828,45,x,,10,治疗,80604,1883,2153,3498,2153,2960,948
8282,变异当扈,828,45,x,,10,治疗,80604,2055,2348,3818,2348,3230,948
8283,变异当扈,828,45,x,,10,治疗,80604,2225,2545,4135,2545,3498,948
8289,当扈宝宝,828,45,,x,10,治疗,80604,1713,1958,3180,1958,2690,948
8290,成年当扈,829,55,,,10,治疗,84195,1785,2040,3315,2040,2805,1051
8291,变异当扈,829,55,x,,10,治疗,84195,1918,2193,3563,2193,3015,1051
8292,变异当扈,829,55,x,,10,治疗,84195,2053,2345,3810,2345,3225,1051
8293,变异当扈,829,55,x,,10,治疗,84195,2185,2498,4060,2498,3435,1051
8294,变异当扈,829,55,x,,10,治疗,84195,2320,2650,4308,2650,3645,1051
8299,当扈宝宝,829,55,,x,10,治疗,84195,1785,2040,3315,2040,2805,1051
8300,成年当扈,830,65,,,10,治疗,87787,1855,2120,3448,2120,2918,1153
8301,变异当扈,830,65,x,,10,治疗,87787,1968,2248,3655,2248,3093,1153
8302,变异当扈,830,65,x,,10,治疗,87787,2078,2375,3860,2375,3268,1153
8303,变异当扈,830,65,x,,10,治疗,87787,2190,2503,4068,2503,3443,1153
8304,变异当扈,830,65,x,,10,治疗,87787,2300,2630,4275,2630,3618,1153
8305,变异当扈,830,65,x,,10,治疗,87787,2413,2758,4483,2758,3793,1153
8309,当扈宝宝,830,65,,x,10,治疗,87787,1855,2120,3448,2120,2918,1153
8310,成年当扈,831,75,,,10,治疗,91379,1928,2203,3580,2203,3030,1255
8311,变异当扈,831,75,x,,10,治疗,91379,2023,2313,3760,2313,3180,1255
8312,变异当扈,831,75,x,,10,治疗,91379,2120,2423,3938,2423,3333,1255
8313,变异当扈,831,75,x,,10,治疗,91379,2218,2533,4118,2533,3485,1255
8314,变异当扈,831,75,x,,10,治疗,91379,2313,2643,4298,2643,3635,1255
8315,变异当扈,831,75,x,,10,治疗,91379,2410,2755,4475,2755,3788,1255
8316,变异当扈,831,75,x,,10,治疗,91379,2505,2865,4655,2865,3938,1255
8319,当扈宝宝,831,75,,x,10,治疗,91379,1928,2203,3580,2203,3030,1255
8320,成年当扈,832,85,,,10,治疗,94971,1998,2283,3710,2283,3140,1357
8321,变异当扈,832,85,x,,10,治疗,94971,2083,2380,3870,2380,3275,1357
8322,变异当扈,832,85,x,,10,治疗,94971,2168,2478,4028,2478,3408,1357
8323,变异当扈,832,85,x,,10,治疗,94971,2255,2578,4188,2578,3543,1357
8324,变异当扈,832,85,x,,10,治疗,94971,2340,2675,4348,2675,3678,1357
8325,变异当扈,832,85,x,,10,治疗,94971,2425,2773,4505,2773,3813,1357
8326,变异当扈,832,85,x,,10,治疗,94971,2510,2870,4665,2870,3948,1357
8327,变异当扈,832,85,x,,10,治疗,94971,2598,2968,4823,2968,4083,1357
8329,当扈宝宝,832,85,,x,10,治疗,94971,1998,2283,3710,2283,3140,1357
8330,成年当扈,833,95,,,10,治疗,98563,2070,2365,4020,2365,3253,1459
8331,变异当扈,833,95,x,,10,治疗,98563,2148,2453,4173,2453,3375,1459
8332,变异当扈,833,95,x,,10,治疗,98563,2225,2543,4323,2543,3495,1459
8333,变异当扈,833,95,x,,10,治疗,98563,2303,2630,4473,2630,3618,1459
8334,变异当扈,833,95,x,,10,治疗,98563,2380,2720,4625,2720,3740,1459
8335,变异当扈,833,95,x,,10,治疗,98563,2458,2808,4775,2808,3863,1459
8336,变异当扈,833,95,x,,10,治疗,98563,2535,2898,4925,2898,3985,1459
8337,变异当扈,833,95,x,,10,治疗,98563,2613,2985,5078,2985,4105,1459
8338,变异当扈,833,95,x,,10,治疗,98563,2690,3075,5228,3075,4228,1459
8339,当扈宝宝,833,95,,x,10,治疗,98563,2070,2365,4020,2365,3253,1459
8340,成年海盗鼠,834,5,,,10,伪装,77012,3048,2578,1640,2110,1640,846
8341,变异海盗鼠,834,5,x,,10,伪装,77012,3505,2965,1888,2425,1888,846
8342,变异海盗鼠,834,5,x,,10,伪装,77012,3963,3353,2133,2743,2133,846
8349,海盗鼠宝宝,834,5,,x,10,伪装,77012,3048,2578,1640,2110,1640,846
8350,成年海盗鼠,835,45,,,10,伪装,80604,3180,2690,1713,2203,1713,948
8351,变异海盗鼠,835,45,x,,10,伪装,80604,3498,2960,1883,2423,1883,948
8352,变异海盗鼠,835,45,x,,10,伪装,80604,3818,3230,2055,2643,2055,948
8353,变异海盗鼠,835,45,x,,10,伪装,80604,4135,3498,2225,2863,2225,948
8359,海盗鼠宝宝,835,45,,x,10,伪装,80604,3180,2690,1713,2203,1713,948
8360,成年海盗鼠,836,55,,,10,伪装,84195,3315,2805,1785,2295,1785,1051
8361,变异海盗鼠,836,55,x,,10,伪装,84195,3563,3015,1918,2465,1918,1051
8362,变异海盗鼠,836,55,x,,10,伪装,84195,3810,3225,2053,2638,2053,1051
8363,变异海盗鼠,836,55,x,,10,伪装,84195,4060,3435,2185,2810,2185,1051
8364,变异海盗鼠,836,55,x,,10,伪装,84195,4308,3645,2320,2983,2320,1051
8369,海盗鼠宝宝,836,55,,x,10,伪装,84195,3315,2805,1785,2295,1785,1051
8370,成年海盗鼠,837,65,,,10,伪装,87787,3448,2918,1855,2385,1855,1153
8371,变异海盗鼠,837,65,x,,10,伪装,87787,3655,3093,1968,2530,1968,1153
8372,变异海盗鼠,837,65,x,,10,伪装,87787,3860,3268,2078,2673,2078,1153
8373,变异海盗鼠,837,65,x,,10,伪装,87787,4068,3443,2190,2815,2190,1153
8374,变异海盗鼠,837,65,x,,10,伪装,87787,4275,3618,2300,2960,2300,1153
8375,变异海盗鼠,837,65,x,,10,伪装,87787,4483,3793,2413,3103,2413,1153
8379,海盗鼠宝宝,837,65,,x,10,伪装,87787,3448,2918,1855,2385,1855,1153
8380,成年海盗鼠,838,75,,,10,伪装,91379,3580,3030,1928,2478,1928,1255
8381,变异海盗鼠,838,75,x,,10,伪装,91379,3760,3180,2023,2603,2023,1255
8382,变异海盗鼠,838,75,x,,10,伪装,91379,3938,3333,2120,2725,2120,1255
8383,变异海盗鼠,838,75,x,,10,伪装,91379,4118,3485,2218,2850,2218,1255
8384,变异海盗鼠,838,75,x,,10,伪装,91379,4298,3635,2313,2975,2313,1255
8385,变异海盗鼠,838,75,x,,10,伪装,91379,4475,3788,2410,3098,2410,1255
8386,变异海盗鼠,838,75,x,,10,伪装,91379,4655,3938,2505,3223,2505,1255
8389,海盗鼠宝宝,838,75,,x,10,伪装,91379,3580,3030,1928,2478,1928,1255
8390,成年海盗鼠,839,85,,,10,伪装,94971,3710,3140,1998,2568,1998,1357
8391,变异海盗鼠,839,85,x,,10,伪装,94971,3870,3275,2083,2678,2083,1357
8392,变异海盗鼠,839,85,x,,10,伪装,94971,4028,3408,2168,2788,2168,1357
8393,变异海盗鼠,839,85,x,,10,伪装,94971,4188,3543,2255,2898,2255,1357
8394,变异海盗鼠,839,85,x,,10,伪装,94971,4348,3678,2340,3008,2340,1357
8395,变异海盗鼠,839,85,x,,10,伪装,94971,4505,3813,2425,3120,2425,1357
8396,变异海盗鼠,839,85,x,,10,伪装,94971,4665,3948,2510,3230,2510,1357
8397,变异海盗鼠,839,85,x,,10,伪装,94971,4823,4083,2598,3340,2598,1357
8399,海盗鼠宝宝,839,85,,x,10,伪装,94971,3710,3140,1998,2568,1998,1357
8400,成年海盗鼠,840,95,,,10,伪装,98563,3843,3253,2070,2660,2070,1459
8401,变异海盗鼠,840,95,x,,10,伪装,98563,3988,3375,2148,2760,2148,1459
8402,变异海盗鼠,840,95,x,,10,伪装,98563,4133,3495,2225,2860,2225,1459
8403,变异海盗鼠,840,95,x,,10,伪装,98563,4275,3618,2303,2960,2303,1459
8404,变异海盗鼠,840,95,x,,10,伪装,98563,4420,3740,2380,3060,2380,1459
8405,变异海盗鼠,840,95,x,,10,伪装,98563,4565,3863,2458,3160,2458,1459
8406,变异海盗鼠,840,95,x,,10,伪装,98563,4708,3985,2535,3260,2535,1459
8407,变异海盗鼠,840,95,x,,10,伪装,98563,4853,4105,2613,3360,2613,1459
8408,变异海盗鼠,840,95,x,,10,伪装,98563,4998,4228,2690,3460,2690,1459
8409,海盗鼠宝宝,840,95,,x,10,伪装,98563,3843,3253,2070,2660,2070,1459
8410,成年宝箱童子,841,5,,,10,附身,77012,1640,1875,3048,1875,2578,846
8411,变异宝箱童子,841,5,x,,10,附身,77012,1888,2155,3505,2155,2965,846
8412,变异宝箱童子,841,5,x,,10,附身,77012,2133,2438,3963,2438,3353,846
8419,宝箱童子宝宝,841,5,,x,10,附身,77012,1640,1875,3048,1875,2578,846
8420,成年宝箱童子,842,45,,,10,附身,80604,1713,1958,3180,1958,2690,948
8421,变异宝箱童子,842,45,x,,10,附身,80604,1883,2153,3498,2153,2960,948
8422,变异宝箱童子,842,45,x,,10,附身,80604,2055,2348,3818,2348,3230,948
8423,变异宝箱童子,842,45,x,,10,附身,80604,2225,2545,4135,2545,3498,948
8429,宝箱童子宝宝,842,45,,x,10,附身,80604,1713,1958,3180,1958,2690,948
8430,成年宝箱童子,843,55,,,10,附身,84195,1785,2040,3315,2040,2805,1051
8431,变异宝箱童子,843,55,x,,10,附身,84195,1918,2193,3563,2193,3015,1051
8432,变异宝箱童子,843,55,x,,10,附身,84195,2053,2345,3810,2345,3225,1051
8433,变异宝箱童子,843,55,x,,10,附身,84195,2185,2498,4060,2498,3435,1051
8434,变异宝箱童子,843,55,x,,10,附身,84195,2320,2650,4308,2650,3645,1051
8439,宝箱童子宝宝,843,55,,x,10,附身,84195,1785,2040,3315,2040,2805,1051
8440,成年宝箱童子,844,65,,,10,附身,87787,1855,2120,3448,2120,2918,1153
8441,变异宝箱童子,844,65,x,,10,附身,87787,1968,2248,3655,2248,3093,1153
8442,变异宝箱童子,844,65,x,,10,附身,87787,2078,2375,3860,2375,3268,1153
8443,变异宝箱童子,844,65,x,,10,附身,87787,2190,2503,4068,2503,3443,1153
8444,变异宝箱童子,844,65,x,,10,附身,87787,2300,2630,4275,2630,3618,1153
8445,变异宝箱童子,844,65,x,,10,附身,87787,2413,2758,4483,2758,3793,1153
8449,宝箱童子宝宝,844,65,,x,10,附身,87787,1855,2120,3448,2120,2918,1153
8450,成年宝箱童子,845,75,,,10,附身,91379,1928,2203,3580,2203,3030,1255
8451,变异宝箱童子,845,75,x,,10,附身,91379,2023,2313,3760,2313,3180,1255
8452,变异宝箱童子,845,75,x,,10,附身,91379,2120,2423,3938,2423,3333,1255
8453,变异宝箱童子,845,75,x,,10,附身,91379,2218,2533,4118,2533,3485,1255
8454,变异宝箱童子,845,75,x,,10,附身,91379,2313,2643,4298,2643,3635,1255
8455,变异宝箱童子,845,75,x,,10,附身,91379,2410,2755,4475,2755,3788,1255
8456,变异宝箱童子,845,75,x,,10,附身,91379,2505,2865,4655,2865,3938,1255
8459,宝箱童子宝宝,845,75,,x,10,附身,91379,1928,2203,3580,2203,3030,1255
8460,成年宝箱童子,846,85,,,10,附身,94971,1998,2283,3710,2283,3140,1357
8461,变异宝箱童子,846,85,x,,10,附身,94971,2083,2380,3870,2380,3275,1357
8462,变异宝箱童子,846,85,x,,10,附身,94971,2168,2478,4028,2478,3408,1357
8463,变异宝箱童子,846,85,x,,10,附身,94971,2255,2578,4188,2578,3543,1357
8464,变异宝箱童子,846,85,x,,10,附身,94971,2340,2675,4348,2675,3678,1357
8465,变异宝箱童子,846,85,x,,10,附身,94971,2425,2773,4505,2773,3813,1357
8466,变异宝箱童子,846,85,x,,10,附身,94971,2510,2870,4665,2870,3948,1357
8467,变异宝箱童子,846,85,x,,10,附身,94971,2598,2968,4823,2968,4083,1357
8469,宝箱童子宝宝,846,85,,x,10,附身,94971,1998,2283,3710,2283,3140,1357
8470,成年宝箱童子,847,95,,,10,附身,98563,2070,2365,3843,2365,3253,1459
8471,变异宝箱童子,847,95,x,,10,附身,98563,2148,2453,3988,2453,3375,1459
8472,变异宝箱童子,847,95,x,,10,附身,98563,2225,2543,4133,2543,3495,1459
8473,变异宝箱童子,847,95,x,,10,附身,98563,2303,2630,4275,2630,3618,1459
8474,变异宝箱童子,847,95,x,,10,附身,98563,2380,2720,4420,2720,3740,1459
8475,变异宝箱童子,847,95,x,,10,附身,98563,2458,2808,4565,2808,3863,1459
8476,变异宝箱童子,847,95,x,,10,附身,98563,2535,2898,4708,2898,3985,1459
8477,变异宝箱童子,847,95,x,,10,附身,98563,2613,2985,4853,2985,4105,1459
8478,变异宝箱童子,847,95,x,,10,附身,98563,2690,3075,4998,3075,4228,1459
8479,宝箱童子宝宝,847,95,,x,10,附身,98563,2070,2365,3843,2365,3253,1459
8480,成年树袋熊,848,5,,,10,清醒,77012,1173,1805,3258,1875,2345,846
8481,变异树袋熊,848,5,x,,10,清醒,77012,1348,2075,3748,2155,2695,846
8482,变异树袋熊,848,5,x,,10,清醒,77012,1523,2345,4235,2438,3048,846
8489,树袋熊宝宝,848,5,,x,10,清醒,77012,1173,1805,3258,1875,2345,846
8490,成年树袋熊,849,45,,,10,清醒,80604,1223,1883,3400,1958,2448,948
8491,变异树袋熊,849,45,x,,10,清醒,80604,1345,2073,3740,2153,2690,948
8492,变异树袋熊,849,45,x,,10,清醒,80604,1468,2260,4080,2348,2935,948
8493,变异树袋熊,849,45,x,,10,清醒,80604,1590,2448,4423,2545,3180,948
8499,树袋熊宝宝,849,45,,x,10,清醒,80604,1223,1883,3400,1958,2448,948
8500,成年树袋熊,850,55,,,10,清醒,84195,1275,1963,3543,2040,2550,1051
8501,变异树袋熊,850,55,x,,10,清醒,84195,1370,2110,3810,2193,2740,1051
8502,变异树袋熊,850,55,x,,10,清醒,84195,1465,2258,4075,2345,2933,1051
8503,变异树袋熊,850,55,x,,10,清醒,84195,1560,2405,4340,2498,3123,1051
8504,变异树袋熊,850,55,x,,10,清醒,84195,1658,2553,4608,2650,3315,1051
8509,树袋熊宝宝,850,55,,x,10,清醒,84195,1275,1963,3543,2040,2550,1051
8510,成年树袋熊,851,65,,,10,清醒,87787,1325,2040,3685,2120,2653,1153
8511,变异树袋熊,851,65,x,,10,清醒,87787,1405,2163,3908,2248,2810,1153
8512,变异树袋熊,851,65,x,,10,清醒,87787,1485,2288,4128,2375,2970,1153
8513,变异树袋熊,851,65,x,,10,清醒,87787,1563,2410,4350,2503,3128,1153
8514,变异树袋熊,851,65,x,,10,清醒,87787,1643,2533,4570,2630,3288,1153
8515,变异树袋熊,851,65,x,,10,清醒,87787,1723,2655,4793,2758,3448,1153
8519,树袋熊宝宝,851,65,,x,10,清醒,87787,1325,2040,3685,2120,2653,1153
8520,成年树袋熊,852,75,,,10,清醒,91379,1378,2120,3828,2203,2755,1255
8521,变异树袋熊,852,75,x,,10,清醒,91379,1445,2225,4020,2313,2893,1255
8522,变异树袋熊,852,75,x,,10,清醒,91379,1515,2333,4210,2423,3030,1255
8523,变异树袋熊,852,75,x,,10,清醒,91379,1583,2438,4403,2533,3168,1255
8524,变异树袋熊,852,75,x,,10,清醒,91379,1653,2545,4595,2643,3305,1255
8525,变异树袋熊,852,75,x,,10,清醒,91379,1720,2650,4785,2755,3443,1255
8526,变异树袋熊,852,75,x,,10,清醒,91379,1790,2758,4978,2865,3580,1255
8529,树袋熊宝宝,852,75,,x,10,清醒,91379,1378,2120,3828,2203,2755,1255
8530,成年树袋熊,853,85,,,10,清醒,94971,1428,2198,3968,2283,2855,1357
8531,变异树袋熊,853,85,x,,10,清醒,94971,1488,2293,4138,2380,2975,1357
8532,变异树袋熊,853,85,x,,10,清醒,94971,1548,2385,4308,2478,3098,1357
8533,变异树袋熊,853,85,x,,10,清醒,94971,1610,2480,4478,2578,3220,1357
8534,变异树袋熊,853,85,x,,10,清醒,94971,1670,2575,4648,2675,3343,1357
8535,变异树袋熊,853,85,x,,10,清醒,94971,1733,2668,4818,2773,3465,1357
8536,变异树袋熊,853,85,x,,10,清醒,94971,1793,2763,4988,2870,3588,1357
8537,变异树袋熊,853,85,x,,10,清醒,94971,1855,2858,5158,2968,3710,1357
8539,树袋熊宝宝,853,85,,x,10,清醒,94971,1428,2198,3968,2283,2855,1357
8540,成年树袋熊,854,95,,,10,清醒,98563,1478,2275,4110,2365,2958,1459
8541,变异树袋熊,854,95,x,,10,清醒,98563,1533,2363,4265,2453,3068,1459
8542,变异树袋熊,854,95,x,,10,清醒,98563,1588,2448,4418,2543,3178,1459
8543,变异树袋熊,854,95,x,,10,清醒,98563,1645,2533,4573,2630,3290,1459
8544,变异树袋熊,854,95,x,,10,清醒,98563,1700,2618,4728,2720,3400,1459
8545,变异树袋熊,854,95,x,,10,清醒,98563,1755,2703,4880,2808,3510,1459
8546,变异树袋熊,854,95,x,,10,清醒,98563,1810,2788,5035,2898,3623,1459
8547,变异树袋熊,854,95,x,,10,清醒,98563,1865,2875,5190,2985,3733,1459
8548,变异树袋熊,854,95,x,,10,清醒,98563,1920,2960,5343,3075,3843,1459
8549,树袋熊宝宝,854,95,,x,10,清醒,98563,1478,2275,4110,2365,2958,1459
8560,成年欢乐猪,856,5,,,10,嗜血,77012,3048,2578,1640,2110,1640,846
8561,变异欢乐猪,856,5,x,,10,嗜血,77012,3505,2965,1888,2425,1888,846
8562,变异欢乐猪,856,5,x,,10,嗜血,77012,3963,3353,2133,2743,2133,846
8569,欢乐猪宝宝,856,5,,x,10,嗜血,77012,3048,2578,1640,2110,1640,846
8570,成年欢乐猪,857,45,,,10,嗜血,80604,3180,2690,1713,2203,1713,948
8571,变异欢乐猪,857,45,x,,10,嗜血,80604,3498,2960,1883,2423,1883,948
8572,变异欢乐猪,857,45,x,,10,嗜血,80604,3818,3230,2055,2643,2055,948
8573,变异欢乐猪,857,45,x,,10,嗜血,80604,4135,3498,2225,2863,2225,948
8579,欢乐猪宝宝,857,45,,x,10,嗜血,80604,3180,2690,1713,2203,1713,948
8580,成年欢乐猪,858,55,,,10,嗜血,84195,3315,2805,1785,2295,1785,1051
8581,变异欢乐猪,858,55,x,,10,嗜血,84195,3563,3015,1918,2465,1918,1051
8582,变异欢乐猪,858,55,x,,10,嗜血,84195,3810,3225,2053,2638,2053,1051
8583,变异欢乐猪,858,55,x,,10,嗜血,84195,4060,3435,2185,2810,2185,1051
8584,变异欢乐猪,858,55,x,,10,嗜血,84195,4308,3645,2320,2983,2320,1051
8589,欢乐猪宝宝,858,55,,x,10,嗜血,84195,3315,2805,1785,2295,1785,1051
8590,成年欢乐猪,859,65,,,10,嗜血,87787,3448,2918,1855,2385,1855,1153
8591,变异欢乐猪,859,65,x,,10,嗜血,87787,3655,3093,1968,2530,1968,1153
8592,变异欢乐猪,859,65,x,,10,嗜血,87787,3860,3268,2078,2673,2078,1153
8593,变异欢乐猪,859,65,x,,10,嗜血,87787,4068,3443,2190,2815,2190,1153
8594,变异欢乐猪,859,65,x,,10,嗜血,87787,4275,3618,2300,2960,2300,1153
8595,变异欢乐猪,859,65,x,,10,嗜血,87787,4483,3793,2413,3103,2413,1153
8599,欢乐猪宝宝,859,65,,x,10,嗜血,87787,3448,2918,1855,2385,1855,1153
8600,成年欢乐猪,860,75,,,10,嗜血,91379,3580,3030,1928,2478,1928,1255
8601,变异欢乐猪,860,75,x,,10,嗜血,91379,3760,3180,2023,2603,2023,1255
8602,变异欢乐猪,860,75,x,,10,嗜血,91379,3938,3333,2120,2725,2120,1255
8603,变异欢乐猪,860,75,x,,10,嗜血,91379,4118,3485,2218,2850,2218,1255
8604,变异欢乐猪,860,75,x,,10,嗜血,91379,4298,3635,2313,2975,2313,1255
8605,变异欢乐猪,860,75,x,,10,嗜血,91379,4475,3788,2410,3098,2410,1255
8606,变异欢乐猪,860,75,x,,10,嗜血,91379,4655,3938,2505,3223,2505,1255
8609,欢乐猪宝宝,860,75,,x,10,嗜血,91379,3580,3030,1928,2478,1928,1255
8610,成年欢乐猪,861,85,,,10,嗜血,94971,3710,3140,1998,2568,1998,1357
8611,变异欢乐猪,861,85,x,,10,嗜血,94971,3870,3275,2083,2678,2083,1357
8612,变异欢乐猪,861,85,x,,10,嗜血,94971,4028,3408,2168,2788,2168,1357
8613,变异欢乐猪,861,85,x,,10,嗜血,94971,4188,3543,2255,2898,2255,1357
8614,变异欢乐猪,861,85,x,,10,嗜血,94971,4348,3678,2340,3008,2340,1357
8615,变异欢乐猪,861,85,x,,10,嗜血,94971,4505,3813,2425,3120,2425,1357
8616,变异欢乐猪,861,85,x,,10,嗜血,94971,4665,3948,2510,3230,2510,1357
8617,变异欢乐猪,861,85,x,,10,嗜血,94971,4823,4083,2598,3340,2598,1357
8619,欢乐猪宝宝,861,85,,x,10,嗜血,94971,3710,3140,1998,2568,1998,1357
8620,成年欢乐猪,862,95,,,10,嗜血,98563,3843,3253,2070,2660,2070,1459
8621,变异欢乐猪,862,95,x,,10,嗜血,98563,3988,3375,2148,2760,2148,1459
8622,变异欢乐猪,862,95,x,,10,嗜血,98563,4133,3495,2225,2860,2225,1459
8623,变异欢乐猪,862,95,x,,10,嗜血,98563,4275,3618,2303,2960,2303,1459
8624,变异欢乐猪,862,95,x,,10,嗜血,98563,4420,3740,2380,3060,2380,1459
8625,变异欢乐猪,862,95,x,,10,嗜血,98563,4565,3863,2458,3160,2458,1459
8626,变异欢乐猪,862,95,x,,10,嗜血,98563,4708,3985,2535,3260,2535,1459
8627,变异欢乐猪,862,95,x,,10,嗜血,98563,4853,4105,2613,3360,2613,1459
8628,变异欢乐猪,862,95,x,,10,嗜血,98563,4998,4228,2690,3460,2690,1459
8629,欢乐猪宝宝,862,95,,x,10,嗜血,98563,3843,3253,2070,2660,2070,1459
8630,成年火鬃妖鼠,863,55,,,10,嗜血,84195,3570,2550,1275,2295,1785,1051
8631,变异火鬃妖鼠,863,55,x,,10,嗜血,84195,3838,2740,1370,2465,1918,1051
8632,变异火鬃妖鼠,863,55,x,,10,嗜血,84195,4105,2933,1465,2638,2053,1051
8633,变异火鬃妖鼠,863,55,x,,10,嗜血,84195,4373,3123,1560,2810,2185,1051
8634,变异火鬃妖鼠,863,55,x,,10,嗜血,84195,4640,3315,1658,2983,2320,1051
8639,火鬃妖鼠宝宝,863,55,,x,10,嗜血,84195,3570,2550,1275,2295,1785,1051
8640,成年炎火妖鼠,864,75,,,10,嗜血,91379,3855,2755,1378,2478,1928,1255
8641,变异炎火妖鼠,864,75,x,,10,嗜血,91379,4048,2893,1445,2603,2023,1255
8642,变异炎火妖鼠,864,75,x,,10,嗜血,91379,4243,3030,1515,2725,2120,1255
8643,变异炎火妖鼠,864,75,x,,10,嗜血,91379,4435,3168,1583,2850,2218,1255
8644,变异炎火妖鼠,864,75,x,,10,嗜血,91379,4628,3305,1653,2975,2313,1255
8645,变异炎火妖鼠,864,75,x,,10,嗜血,91379,4820,3443,1720,3098,2410,1255
8646,变异炎火妖鼠,864,75,x,,10,嗜血,91379,5013,3580,1790,3223,2505,1255
8649,炎火妖鼠宝宝,864,75,,x,10,嗜血,91379,3855,2755,1378,2478,1928,1255
8650,成年玄翼魔兽,865,65,,,10,伪装,87787,1325,1988,3740,2120,2653,1153
8651,变异玄翼魔兽,865,65,x,,10,伪装,87787,1405,2108,3963,2248,2810,1153
8652,变异玄翼魔兽,865,65,x,,10,伪装,87787,1485,2228,4188,2375,2970,1153
8653,变异玄翼魔兽,865,65,x,,10,伪装,87787,1563,2345,4413,2503,3128,1153
8654,变异玄翼魔兽,865,65,x,,10,伪装,87787,1643,2465,4638,2630,3288,1153
8655,变异玄翼魔兽,865,65,x,,10,伪装,87787,1723,2585,4860,2758,3448,1153
8659,玄翼魔兽宝宝,865,65,,x,10,伪装,87787,1325,1988,3740,2120,2653,1153
8660,成年蚩玄魔兽,866,75,,,10,伪装,91379,1378,2065,3883,2203,2755,1255
8661,变异蚩玄魔兽,866,75,x,,10,伪装,91379,1445,2168,4078,2313,2893,1255
8662,变异蚩玄魔兽,866,75,x,,10,伪装,91379,1515,2273,4273,2423,3030,1255
8663,变异蚩玄魔兽,866,75,x,,10,伪装,91379,1583,2375,4465,2533,3168,1255
8664,变异蚩玄魔兽,866,75,x,,10,伪装,91379,1653,2478,4660,2643,3305,1255
8665,变异蚩玄魔兽,866,75,x,,10,伪装,91379,1720,2583,4855,2755,3443,1255
8666,变异蚩玄魔兽,866,75,x,,10,伪装,91379,1790,2685,5048,2865,3580,1255
8669,蚩玄魔兽宝宝,866,75,,x,10,伪装,91379,1378,2065,3883,2203,2755,1255
8670,成年珍奇鼠,867,65,,,10,神佑,91379,2755,2755,2755,2755,2755,1255
8671,变异珍奇鼠,867,65,x,,10,神佑,91379,2893,2893,2893,2893,2893,1255
8672,变异珍奇鼠,867,65,x,,10,神佑,91379,3030,3030,3030,3030,3030,1255
8673,变异珍奇鼠,867,65,x,,10,神佑,91379,3168,3168,3168,3168,3168,1255
8674,变异珍奇鼠,867,65,x,,10,神佑,91379,3305,3305,3305,3305,3305,1255
8675,变异珍奇鼠,867,65,x,,10,神佑,91379,3443,3443,3443,3443,3443,1255
8679,珍奇鼠宝宝,867,65,,x,10,神佑,91379,2755,2755,2755,2755,2755,1255
8680,成年麒麟,868,75,,,10,附身,91379,1378,2065,3883,2203,2755,1255
8681,变异麒麟,868,75,x,,10,附身,91379,1445,2168,4078,2313,2893,1255
8682,变异麒麟,868,75,x,,10,附身,91379,1515,2273,4273,2423,3030,1255
8683,变异麒麟,868,75,x,,10,附身,91379,1583,2375,4465,2533,3168,1255
8684,变异麒麟,868,75,x,,10,附身,91379,1653,2478,4660,2643,3305,1255
8685,变异麒麟,868,75,x,,10,附身,91379,1720,2583,4855,2755,3443,1255
8686,变异麒麟,868,75,x,,10,附身,91379,1790,2685,5048,2865,3580,1255
8689,麒麟宝宝,868,75,,x,10,附身,91379,1378,2065,3883,2203,2755,1255
8690,成年吉祥猫,869,85,,,10,伪装,94971,1998,2283,3710,2283,3140,1357
8691,变异吉祥猫,869,85,x,,10,伪装,94971,2083,2380,3870,2380,3275,1357
8692,变异吉祥猫,869,85,x,,10,伪装,94971,2168,2478,4028,2478,3408,1357
8693,变异吉祥猫,869,85,x,,10,伪装,94971,2255,2578,4188,2578,3543,1357
8694,变异吉祥猫,869,85,x,,10,伪装,94971,2340,2675,4348,2675,3678,1357
8695,变异吉祥猫,869,85,x,,10,伪装,94971,2425,2773,4505,2773,3813,1357
8696,变异吉祥猫,869,85,x,,10,伪装,94971,2510,2870,4665,2870,3948,1357
8697,变异吉祥猫,869,85,x,,10,伪装,94971,2598,2968,4823,2968,4083,1357
8699,吉祥猫宝宝,869,85,,x,10,伪装,94971,1998,2283,3710,2283,3140,1357
8700,成年珍奇鼠,870,5,,,10,神佑,80604,2448,2448,2448,2448,2448,948
8701,变异珍奇鼠,870,5,x,,10,神佑,80604,2690,2690,2690,2690,2690,948
8702,变异珍奇鼠,870,5,x,,10,神佑,80604,2935,2935,2935,2935,2935,948
8709,珍奇鼠宝宝,870,5,,x,10,神佑,80604,2448,2448,2448,2448,2448,948
8710,成年珍奇鼠,871,45,,,10,神佑,84195,2550,2550,2550,2550,2550,1051
8711,变异珍奇鼠,871,45,x,,10,神佑,84195,2740,2740,2740,2740,2740,1051
8712,变异珍奇鼠,871,45,x,,10,神佑,84195,2933,2933,2933,2933,2933,1051
8713,变异珍奇鼠,871,45,x,,10,神佑,84195,3123,3123,3123,3123,3123,1051
8719,珍奇鼠宝宝,871,45,,x,10,神佑,84195,2550,2550,2550,2550,2550,1051
8720,成年珍奇鼠,872,55,,,10,神佑,87787,2653,2653,2653,2653,2653,1153
8721,变异珍奇鼠,872,55,x,,10,神佑,87787,2810,2810,2810,2810,2810,1153
8722,变异珍奇鼠,872,55,x,,10,神佑,87787,2970,2970,2970,2970,2970,1153
8723,变异珍奇鼠,872,55,x,,10,神佑,87787,3128,3128,3128,3128,3128,1153
8724,变异珍奇鼠,872,55,x,,10,神佑,87787,3288,3288,3288,3288,3288,1153
8729,珍奇鼠宝宝,872,55,,x,10,神佑,87787,2653,2653,2653,2653,2653,1153
8730,成年魔牙暴龙,873,85,,,10,嗜血,94971,3995,2855,1428,2568,1998,1357
8731,变异魔牙暴龙,873,85,x,,10,嗜血,94971,4168,2975,1488,2678,2083,1357
8732,变异魔牙暴龙,873,85,x,,10,嗜血,94971,4338,3098,1548,2788,2168,1357
8733,变异魔牙暴龙,873,85,x,,10,嗜血,94971,4510,3220,1610,2898,2255,1357
8734,变异魔牙暴龙,873,85,x,,10,嗜血,94971,4680,3343,1670,3008,2340,1357
8735,变异魔牙暴龙,873,85,x,,10,嗜血,94971,4853,3465,1733,3120,2425,1357
8736,变异魔牙暴龙,873,85,x,,10,嗜血,94971,5023,3588,1793,3230,2510,1357
8737,变异魔牙暴龙,873,85,x,,10,嗜血,94971,5195,3710,1855,3340,2598,1357
8739,魔牙暴龙宝宝,873,85,,x,10,嗜血,94971,3995,2855,1428,2568,1998,1357
8740,成年唐装鼠,874,5,,,10,嗜血,77012,3048,2578,1640,2110,1640,846
8741,变异唐装鼠,874,5,x,,10,嗜血,77012,3505,2965,1888,2425,1888,846
8742,变异唐装鼠,874,5,x,,10,嗜血,77012,3963,3353,2133,2743,2133,846
8749,唐装鼠宝宝,874,5,,x,10,嗜血,77012,3048,2578,1640,2110,1640,846
8750,成年唐装鼠,875,45,,,10,嗜血,80604,3180,2690,1713,2203,1713,948
8751,变异唐装鼠,875,45,x,,10,嗜血,80604,3498,2960,1883,2423,1883,948
8752,变异唐装鼠,875,45,x,,10,嗜血,80604,3818,3230,2055,2643,2055,948
8753,变异唐装鼠,875,45,x,,10,嗜血,80604,4135,3498,2225,2863,2225,948
8759,唐装鼠宝宝,875,45,,x,10,嗜血,80604,3180,2690,1713,2203,1713,948
8760,成年唐装鼠,876,55,,,10,嗜血,84195,3315,2805,1785,2295,1785,1051
8761,变异唐装鼠,876,55,x,,10,嗜血,84195,3563,3015,1918,2465,1918,1051
8762,变异唐装鼠,876,55,x,,10,嗜血,84195,3810,3225,2053,2638,2053,1051
8763,变异唐装鼠,876,55,x,,10,嗜血,84195,4060,3435,2185,2810,2185,1051
8764,变异唐装鼠,876,55,x,,10,嗜血,84195,4308,3645,2320,2983,2320,1051
8769,唐装鼠宝宝,876,55,,x,10,嗜血,84195,3315,2805,1785,2295,1785,1051
8770,成年唐装鼠,877,65,,,10,嗜血,87787,3448,2918,1855,2385,1855,1153
8771,变异唐装鼠,877,65,x,,10,嗜血,87787,3655,3093,1968,2530,1968,1153
8772,变异唐装鼠,877,65,x,,10,嗜血,87787,3860,3268,2078,2673,2078,1153
8773,变异唐装鼠,877,65,x,,10,嗜血,87787,4068,3443,2190,2815,2190,1153
8774,变异唐装鼠,877,65,x,,10,嗜血,87787,4275,3618,2300,2960,2300,1153
8775,变异唐装鼠,877,65,x,,10,嗜血,87787,4483,3793,2413,3103,2413,1153
8779,唐装鼠宝宝,877,65,,x,10,嗜血,87787,3448,2918,1855,2385,1855,1153
8780,成年唐装鼠,878,75,,,10,嗜血,91379,3580,3030,1928,2478,1928,1255
8781,变异唐装鼠,878,75,x,,10,嗜血,91379,3760,3180,2023,2603,2023,1255
8782,变异唐装鼠,878,75,x,,10,嗜血,91379,3938,3333,2120,2725,2120,1255
8783,变异唐装鼠,878,75,x,,10,嗜血,91379,4118,3485,2218,2850,2218,1255
8784,变异唐装鼠,878,75,x,,10,嗜血,91379,4298,3635,2313,2975,2313,1255
8785,变异唐装鼠,878,75,x,,10,嗜血,91379,4475,3788,2410,3098,2410,1255
8786,变异唐装鼠,878,75,x,,10,嗜血,91379,4655,3938,2505,3223,2505,1255
8789,唐装鼠宝宝,878,75,,x,10,嗜血,91379,3580,3030,1928,2478,1928,1255
8790,成年唐装鼠,879,85,,,10,嗜血,94971,3710,3140,1998,2568,1998,1357
8791,变异唐装鼠,879,85,x,,10,嗜血,94971,3870,3275,2083,2678,2083,1357
8792,变异唐装鼠,879,85,x,,10,嗜血,94971,4028,3408,2168,2788,2168,1357
8793,变异唐装鼠,879,85,x,,10,嗜血,94971,4188,3543,2255,2898,2255,1357
8794,变异唐装鼠,879,85,x,,10,嗜血,94971,4348,3678,2340,3008,2340,1357
8795,变异唐装鼠,879,85,x,,10,嗜血,94971,4505,3813,2425,3120,2425,1357
8796,变异唐装鼠,879,85,x,,10,嗜血,94971,4665,3948,2510,3230,2510,1357
8797,变异唐装鼠,879,85,x,,10,嗜血,94971,4823,4083,2598,3340,2598,1357
8799,唐装鼠宝宝,879,85,,x,10,嗜血,94971,3710,3140,1998,2568,1998,1357
8800,成年唐装鼠,880,95,,,10,嗜血,98563,3843,3253,2070,2660,2070,1459
8801,变异唐装鼠,880,95,x,,10,嗜血,98563,3988,3375,2148,2760,2148,1459
8802,变异唐装鼠,880,95,x,,10,嗜血,98563,4133,3495,2225,2860,2225,1459
8803,变异唐装鼠,880,95,x,,10,嗜血,98563,4275,3618,2303,2960,2303,1459
8804,变异唐装鼠,880,95,x,,10,嗜血,98563,4420,3740,2380,3060,2380,1459
8805,变异唐装鼠,880,95,x,,10,嗜血,98563,4565,3863,2458,3160,2458,1459
8806,变异唐装鼠,880,95,x,,10,嗜血,98563,4708,3985,2535,3260,2535,1459
8807,变异唐装鼠,880,95,x,,10,嗜血,98563,4853,4105,2613,3360,2613,1459
8808,变异唐装鼠,880,95,x,,10,嗜血,98563,4998,4228,2690,3460,2690,1459
8809,唐装鼠宝宝,880,95,,x,10,嗜血,98563,3843,3253,2070,2660,2070,1459
8810,成年年兽,881,5,,,10,重生,77012,3283,2345,1173,2110,1640,846
8811,变异年兽,881,5,x,,10,重生,77012,3775,2695,1348,2425,1888,846
8812,变异年兽,881,5,x,,10,重生,77012,4268,3048,1523,2743,2133,846
8819,年兽宝宝,881,5,,x,10,重生,77012,3283,2345,1173,2110,1640,846
8820,成年年兽,882,45,,,10,重生,80604,3425,2448,1223,2203,1713,948
8821,变异年兽,882,45,x,,10,重生,80604,3768,2690,1345,2423,1883,948
8822,变异年兽,882,45,x,,10,重生,80604,4110,2935,1468,2643,2055,948
8823,变异年兽,882,45,x,,10,重生,80604,4453,3180,1590,2863,2225,948
8829,年兽宝宝,882,45,,x,10,重生,80604,3425,2448,1223,2203,1713,948
8830,成年年兽,883,55,,,10,重生,84195,3570,2550,1275,2295,1785,1051
8831,变异年兽,883,55,x,,10,重生,84195,3838,2740,1370,2465,1918,1051
8832,变异年兽,883,55,x,,10,重生,84195,4105,2933,1465,2638,2053,1051
8833,变异年兽,883,55,x,,10,重生,84195,4373,3123,1560,2810,2185,1051
8834,变异年兽,883,55,x,,10,重生,84195,4640,3315,1658,2983,2320,1051
8839,年兽宝宝,883,55,,x,10,重生,84195,3570,2550,1275,2295,1785,1051
8840,成年年兽,884,65,,,10,重生,87787,3713,2653,1325,2385,1855,1153
8841,变异年兽,884,65,x,,10,重生,87787,3935,2810,1405,2530,1968,1153
8842,变异年兽,884,65,x,,10,重生,87787,4158,2970,1485,2673,2078,1153
8843,变异年兽,884,65,x,,10,重生,87787,4380,3128,1563,2815,2190,1153
8844,变异年兽,884,65,x,,10,重生,87787,4603,3288,1643,2960,2300,1153
8845,变异年兽,884,65,x,,10,重生,87787,4828,3448,1723,3103,2413,1153
8849,年兽宝宝,884,65,,x,10,重生,87787,3713,2653,1325,2385,1855,1153
8850,成年年兽,885,75,,,10,重生,91379,3855,2755,1378,2478,1928,1255
8851,变异年兽,885,75,x,,10,重生,91379,4048,2893,1445,2603,2023,1255
8852,变异年兽,885,75,x,,10,重生,91379,4243,3030,1515,2725,2120,1255
8853,变异年兽,885,75,x,,10,重生,91379,4435,3168,1583,2850,2218,1255
8854,变异年兽,885,75,x,,10,重生,91379,4628,3305,1653,2975,2313,1255
8855,变异年兽,885,75,x,,10,重生,91379,4820,3443,1720,3098,2410,1255
8856,变异年兽,885,75,x,,10,重生,91379,5013,3580,1790,3223,2505,1255
8859,年兽宝宝,885,75,,x,10,重生,91379,3855,2755,1378,2478,1928,1255
8860,成年年兽,886,85,,,10,重生,94971,3995,2855,1428,2568,1998,1357
8861,变异年兽,886,85,x,,10,重生,94971,4168,2975,1488,2678,2083,1357
8862,变异年兽,886,85,x,,10,重生,94971,4338,3098,1548,2788,2168,1357
8863,变异年兽,886,85,x,,10,重生,94971,4510,3220,1610,2898,2255,1357
8864,变异年兽,886,85,x,,10,重生,94971,4680,3343,1670,3008,2340,1357
8865,变异年兽,886,85,x,,10,重生,94971,4853,3465,1733,3120,2425,1357
8866,变异年兽,886,85,x,,10,重生,94971,5023,3588,1793,3230,2510,1357
8867,变异年兽,886,85,x,,10,重生,94971,5195,3710,1855,3340,2598,1357
8869,年兽宝宝,886,85,,x,10,重生,94971,3995,2855,1428,2568,1998,1357
8870,成年年兽,887,95,,,10,重生,98563,4140,2958,1478,2660,2070,1459
8871,变异年兽,887,95,x,,10,重生,98563,4295,3068,1533,2760,2148,1459
8872,变异年兽,887,95,x,,10,重生,98563,4450,3178,1588,2860,2225,1459
8873,变异年兽,887,95,x,,10,重生,98563,4605,3290,1645,2960,2303,1459
8874,变异年兽,887,95,x,,10,重生,98563,4760,3400,1700,3060,2380,1459
8875,变异年兽,887,95,x,,10,重生,98563,4915,3510,1755,3160,2458,1459
8876,变异年兽,887,95,x,,10,重生,98563,5070,3623,1810,3260,2535,1459
8877,变异年兽,887,95,x,,10,重生,98563,5225,3733,1865,3360,2613,1459
8878,变异年兽,887,95,x,,10,重生,98563,5383,3843,1920,3460,2690,1459
8879,年兽宝宝,887,95,,x,10,重生,98563,4140,2958,1478,2660,2070,1459
8880,成年鸳鸯,888,5,,,10,治疗,77012,1640,1875,3048,1875,2578,846
8881,变异鸳鸯,888,5,x,,10,治疗,77012,1888,2155,3505,2155,2965,846
8882,变异鸳鸯,888,5,x,,10,治疗,77012,2133,2438,3963,2438,3353,846
8889,鸳鸯宝宝,888,5,,x,10,治疗,77012,1640,1875,3048,1875,2578,846
8890,成年鸳鸯,889,45,,,10,治疗,80604,1713,1958,3180,1958,2690,948
8891,变异鸳鸯,889,45,x,,10,治疗,80604,1883,2153,3498,2153,2960,948
8892,变异鸳鸯,889,45,x,,10,治疗,80604,2055,2348,3818,2348,3230,948
8893,变异鸳鸯,889,45,x,,10,治疗,80604,2225,2545,4135,2545,3498,948
8899,鸳鸯宝宝,889,45,,x,10,治疗,80604,1713,1958,3180,1958,2690,948
8900,成年鸳鸯,890,55,,,10,治疗,84195,1785,2040,3315,2040,2805,1051
8901,变异鸳鸯,890,55,x,,10,治疗,84195,1918,2193,3563,2193,3015,1051
8902,变异鸳鸯,890,55,x,,10,治疗,84195,2053,2345,3810,2345,3225,1051
8903,变异鸳鸯,890,55,x,,10,治疗,84195,2185,2498,4060,2498,3435,1051
8904,变异鸳鸯,890,55,x,,10,治疗,84195,2320,2650,4308,2650,3645,1051
8909,鸳鸯宝宝,890,55,,x,10,治疗,84195,1785,2040,3315,2040,2805,1051
8910,成年鸳鸯,891,65,,,10,治疗,87787,1855,2120,3448,2120,2918,1153
8911,变异鸳鸯,891,65,x,,10,治疗,87787,1968,2248,3655,2248,3093,1153
8912,变异鸳鸯,891,65,x,,10,治疗,87787,2078,2375,3860,2375,3268,1153
8913,变异鸳鸯,891,65,x,,10,治疗,87787,2190,2503,4068,2503,3443,1153
8914,变异鸳鸯,891,65,x,,10,治疗,87787,2300,2630,4275,2630,3618,1153
8915,变异鸳鸯,891,65,x,,10,治疗,87787,2413,2758,4483,2758,3793,1153
8919,鸳鸯宝宝,891,65,,x,10,治疗,87787,1855,2120,3448,2120,2918,1153
8920,成年鸳鸯,892,75,,,10,治疗,91379,1928,2203,3580,2203,3030,1255
8921,变异鸳鸯,892,75,x,,10,治疗,91379,2023,2313,3760,2313,3180,1255
8922,变异鸳鸯,892,75,x,,10,治疗,91379,2120,2423,3938,2423,3333,1255
8923,变异鸳鸯,892,75,x,,10,治疗,91379,2218,2533,4118,2533,3485,1255
8924,变异鸳鸯,892,75,x,,10,治疗,91379,2313,2643,4298,2643,3635,1255
8925,变异鸳鸯,892,75,x,,10,治疗,91379,2410,2755,4475,2755,3788,1255
8926,变异鸳鸯,892,75,x,,10,治疗,91379,2505,2865,4655,2865,3938,1255
8929,鸳鸯宝宝,892,75,,x,10,治疗,91379,1928,2203,3580,2203,3030,1255
8930,成年鸳鸯,893,85,,,10,治疗,94971,1998,2283,3710,2283,3140,1357
8931,变异鸳鸯,893,85,x,,10,治疗,94971,2083,2380,3870,2380,3275,1357
8932,变异鸳鸯,893,85,x,,10,治疗,94971,2168,2478,4028,2478,3408,1357
8933,变异鸳鸯,893,85,x,,10,治疗,94971,2255,2578,4188,2578,3543,1357
8934,变异鸳鸯,893,85,x,,10,治疗,94971,2340,2675,4348,2675,3678,1357
8935,变异鸳鸯,893,85,x,,10,治疗,94971,2425,2773,4505,2773,3813,1357
8936,变异鸳鸯,893,85,x,,10,治疗,94971,2510,2870,4665,2870,3948,1357
8937,变异鸳鸯,893,85,x,,10,治疗,94971,2598,2968,4823,2968,4083,1357
8939,鸳鸯宝宝,893,85,,x,10,治疗,94971,1998,2283,3710,2283,3140,1357
8940,成年鸳鸯,894,95,,,10,治疗,98563,2070,2365,3843,2365,3253,1459
8941,变异鸳鸯,894,95,x,,10,治疗,98563,2148,2453,3988,2453,3375,1459
8942,变异鸳鸯,894,95,x,,10,治疗,98563,2225,2543,4133,2543,3495,1459
8943,变异鸳鸯,894,95,x,,10,治疗,98563,2303,2630,4275,2630,3618,1459
8944,变异鸳鸯,894,95,x,,10,治疗,98563,2380,2720,4420,2720,3740,1459
8945,变异鸳鸯,894,95,x,,10,治疗,98563,2458,2808,4565,2808,3863,1459
8946,变异鸳鸯,894,95,x,,10,治疗,98563,2535,2898,4708,2898,3985,1459
8947,变异鸳鸯,894,95,x,,10,治疗,98563,2613,2985,4853,2985,4105,1459
8948,变异鸳鸯,894,95,x,,10,治疗,98563,2690,3075,4998,3075,4228,1459
8949,鸳鸯宝宝,894,95,,x,10,治疗,98563,2070,2365,3843,2365,3253,1459
8950,成年虬龙,895,65,,,10,附身,91379,1928,2203,3580,2203,3030,1255
8951,变异虬龙,895,65,x,,10,附身,91379,2023,2313,3760,2313,3180,1255
8952,变异虬龙,895,65,x,,10,附身,91379,2120,2423,3938,2423,3333,1255
8953,变异虬龙,895,65,x,,10,附身,91379,2218,2533,4118,2533,3485,1255
8954,变异虬龙,895,65,x,,10,附身,91379,2313,2643,4298,2643,3635,1255
8955,变异虬龙,895,65,x,,10,附身,91379,2410,2755,4475,2755,3788,1255
8959,虬龙宝宝,895,65,,x,10,附身,91379,1928,2203,3580,2203,3030,1255
8960,成年毛驴,896,45,,,10,明目,80604,2448,2448,2448,2448,2448,948
8961,变异毛驴,896,45,x,,10,明目,80604,2690,2690,2690,2690,2690,948
8962,变异毛驴,896,45,x,,10,明目,80604,2935,2935,2935,2935,2935,948
8963,变异毛驴,896,45,x,,10,明目,80604,3180,3180,3180,3180,3180,948
8969,毛驴宝宝,896,45,,x,10,明目,80604,2448,2448,2448,2448,2448,948
8970,成年毛驴,897,55,,,10,明目,84195,2550,2550,2550,2550,2550,1051
8971,变异毛驴,897,55,x,,10,明目,84195,2740,2740,2740,2740,2740,1051
8972,变异毛驴,897,55,x,,10,明目,84195,2933,2933,2933,2933,2933,1051
8973,变异毛驴,897,55,x,,10,明目,84195,3123,3123,3123,3123,3123,1051
8974,变异毛驴,897,55,x,,10,明目,84195,3315,3315,3315,3315,3315,1051
8979,毛驴宝宝,897,55,,x,10,明目,84195,2550,2550,2550,2550,2550,1051
8980,成年毛驴,898,65,,,10,明目,87787,2653,2653,2653,2653,2653,1153
8981,变异毛驴,898,65,x,,10,明目,87787,2810,2810,2810,2810,2810,1153
8982,变异毛驴,898,65,x,,10,明目,87787,2970,2970,2970,2970,2970,1153
8983,变异毛驴,898,65,x,,10,明目,87787,3128,3128,3128,3128,3128,1153
8984,变异毛驴,898,65,x,,10,明目,87787,3288,3288,3288,3288,3288,1153
8985,变异毛驴,898,65,x,,10,明目,87787,3448,3448,3448,3448,3448,1153
8989,毛驴宝宝,898,65,,x,10,明目,87787,2653,2653,2653,2653,2653,1153
22000,成年穷奇,2200,5,,,10,嗜血,77012,3283,2345,1173,2110,1640,846
22001,变异穷奇,2200,5,x,,10,嗜血,77012,3775,2695,1348,2425,1888,846
22002,变异穷奇,2200,5,x,,10,嗜血,77012,4268,3048,1523,2743,2133,846
22009,穷奇宝宝,2200,5,,x,10,嗜血,77012,3283,2345,1173,2110,1640,846
22010,成年穷奇,2201,45,,,10,嗜血,80604,3425,2448,1223,2203,1713,948
22011,变异穷奇,2201,45,x,,10,嗜血,80604,3768,2690,1345,2423,1883,948
22012,变异穷奇,2201,45,x,,10,嗜血,80604,4110,2935,1468,2643,2055,948
22013,变异穷奇,2201,45,x,,10,嗜血,80604,4453,3180,1590,2863,2225,948
22019,穷奇宝宝,2201,45,,x,10,嗜血,80604,3425,2448,1223,2203,1713,948
22020,成年穷奇,2202,55,,,10,嗜血,84195,3570,2550,1275,2295,1785,1051
22021,变异穷奇,2202,55,x,,10,嗜血,84195,3838,2740,1370,2465,1918,1051
22022,变异穷奇,2202,55,x,,10,嗜血,84195,4105,2933,1465,2638,2053,1051
22023,变异穷奇,2202,55,x,,10,嗜血,84195,4373,3123,1560,2810,2185,1051
22024,变异穷奇,2202,55,x,,10,嗜血,84195,4640,3315,1658,2983,2320,1051
22029,穷奇宝宝,2202,55,,x,10,嗜血,84195,3570,2550,1275,2295,1785,1051
22030,成年穷奇,2203,65,,,10,嗜血,87787,3713,2653,1325,2385,1855,1153
22031,变异穷奇,2203,65,x,,10,嗜血,87787,3935,2810,1405,2530,1968,1153
22032,变异穷奇,2203,65,x,,10,嗜血,87787,4158,2970,1485,2673,2078,1153
22033,变异穷奇,2203,65,x,,10,嗜血,87787,4380,3128,1563,2815,2190,1153
22034,变异穷奇,2203,65,x,,10,嗜血,87787,4603,3288,1643,2960,2300,1153
22035,变异穷奇,2203,65,x,,10,嗜血,87787,4828,3448,1723,3103,2413,1153
22039,穷奇宝宝,2203,65,,x,10,嗜血,87787,3713,2653,1325,2385,1855,1153
22040,成年穷奇,2204,75,,,10,嗜血,91379,3855,2755,1378,2478,1928,1255
22041,变异穷奇,2204,75,x,,10,嗜血,91379,4048,2893,1445,2603,2023,1255
22042,变异穷奇,2204,75,x,,10,嗜血,91379,4243,3030,1515,2725,2120,1255
22043,变异穷奇,2204,75,x,,10,嗜血,91379,4435,3168,1583,2850,2218,1255
22044,变异穷奇,2204,75,x,,10,嗜血,91379,4628,3305,1653,2975,2313,1255
22045,变异穷奇,2204,75,x,,10,嗜血,91379,4820,3443,1720,3098,2410,1255
22046,变异穷奇,2204,75,x,,10,嗜血,91379,5013,3580,1790,3223,2505,1255
22049,穷奇宝宝,2204,75,,x,10,嗜血,91379,3855,2755,1378,2478,1928,1255
22050,成年穷奇,2205,85,,,10,嗜血,94971,3995,2855,1428,2568,1998,1357
22051,变异穷奇,2205,85,x,,10,嗜血,94971,4168,2975,1488,2678,2083,1357
22052,变异穷奇,2205,85,x,,10,嗜血,94971,4338,3098,1548,2788,2168,1357
22053,变异穷奇,2205,85,x,,10,嗜血,94971,4510,3220,1610,2898,2255,1357
22054,变异穷奇,2205,85,x,,10,嗜血,94971,4680,3343,1670,3008,2340,1357
22055,变异穷奇,2205,85,x,,10,嗜血,94971,4853,3465,1733,3120,2425,1357
22056,变异穷奇,2205,85,x,,10,嗜血,94971,5023,3588,1793,3230,2510,1357
22057,变异穷奇,2205,85,x,,10,嗜血,94971,5195,3710,1855,3340,2598,1357
22059,穷奇宝宝,2205,85,,x,10,嗜血,94971,3995,2855,1428,2568,1998,1357
22060,成年穷奇,2206,95,,,10,嗜血,98563,4140,2958,1478,2660,2070,1459
22061,变异穷奇,2206,95,x,,10,嗜血,98563,4295,3068,1533,2760,2148,1459
22062,变异穷奇,2206,95,x,,10,嗜血,98563,4450,3178,1588,2860,2225,1459
22063,变异穷奇,2206,95,x,,10,嗜血,98563,4605,3290,1645,2960,2303,1459
22064,变异穷奇,2206,95,x,,10,嗜血,98563,4760,3400,1700,3060,2380,1459
22065,变异穷奇,2206,95,x,,10,嗜血,98563,4915,3510,1755,3160,2458,1459
22066,变异穷奇,2206,95,x,,10,嗜血,98563,5070,3623,1810,3260,2535,1459
22067,变异穷奇,2206,95,x,,10,嗜血,98563,5225,3733,1865,3360,2613,1459
22068,变异穷奇,2206,95,x,,10,嗜血,98563,5383,3843,1920,3460,2690,1459
22069,穷奇宝宝,2206,95,,x,10,嗜血,98563,4140,2958,1478,2660,2070,1459
22070,成年小狐仙,2207,5,,,10,神佑,77012,1173,1758,3305,1875,2345,846
22071,变异小狐仙,2207,5,x,,10,神佑,77012,1348,2023,3800,2155,2695,846
22072,变异小狐仙,2207,5,x,,10,神佑,77012,1523,2285,4298,2438,3048,846
22079,小狐仙宝宝,2207,5,,x,10,神佑,77012,1173,1758,3305,1875,2345,846
22080,成年小狐仙,2208,45,,,10,神佑,80604,1223,1835,3450,1958,2448,948
22081,变异小狐仙,2208,45,x,,10,神佑,80604,1345,2018,3795,2153,2690,948
22082,变异小狐仙,2208,45,x,,10,神佑,80604,1468,2203,4140,2348,2935,948
22083,变异小狐仙,2208,45,x,,10,神佑,80604,1590,2385,4485,2545,3180,948
22089,小狐仙宝宝,2208,45,,x,10,神佑,80604,1223,1835,3450,1958,2448,948
22090,成年小狐仙,2209,55,,,10,神佑,84195,1275,1913,3595,2040,2550,1051
22091,变异小狐仙,2209,55,x,,10,神佑,84195,1370,2055,3865,2193,2740,1051
22092,变异小狐仙,2209,55,x,,10,神佑,84195,1465,2198,4133,2345,2933,1051
22093,变异小狐仙,2209,55,x,,10,神佑,84195,1560,2343,4403,2498,3123,1051
22094,变异小狐仙,2209,55,x,,10,神佑,84195,1658,2485,4673,2650,3315,1051
22099,小狐仙宝宝,2209,55,,x,10,神佑,84195,1275,1913,3595,2040,2550,1051
22100,成年小狐仙,2210,65,,,10,神佑,87787,1325,1988,3740,2120,2653,1153
22101,变异小狐仙,2210,65,x,,10,神佑,87787,1405,2108,3963,2248,2810,1153
22102,变异小狐仙,2210,65,x,,10,神佑,87787,1485,2228,4188,2375,2970,1153
22103,变异小狐仙,2210,65,x,,10,神佑,87787,1563,2345,4413,2503,3128,1153
22104,变异小狐仙,2210,65,x,,10,神佑,87787,1643,2465,4638,2630,3288,1153
22105,变异小狐仙,2210,65,x,,10,神佑,87787,1723,2585,4860,2758,3448,1153
22109,小狐仙宝宝,2210,65,,x,10,神佑,87787,1325,1988,3740,2120,2653,1153
22110,成年小狐仙,2211,75,,,10,神佑,91379,1378,2065,3883,2203,2755,1255
22111,变异小狐仙,2211,75,x,,10,神佑,91379,1445,2168,4078,2313,2893,1255
22112,变异小狐仙,2211,75,x,,10,神佑,91379,1515,2273,4273,2423,3030,1255
22113,变异小狐仙,2211,75,x,,10,神佑,91379,1583,2375,4465,2533,3168,1255
22114,变异小狐仙,2211,75,x,,10,神佑,91379,1653,2478,4660,2643,3305,1255
22115,变异小狐仙,2211,75,x,,10,神佑,91379,1720,2583,4855,2755,3443,1255
22116,变异小狐仙,2211,75,x,,10,神佑,91379,1790,2685,5048,2865,3580,1255
22119,小狐仙宝宝,2211,75,,x,10,神佑,91379,1378,2065,3883,2203,2755,1255
22120,成年小狐仙,2212,85,,,10,神佑,94971,1428,2140,4025,2283,2855,1357
22121,变异小狐仙,2212,85,x,,10,神佑,94971,1488,2233,4198,2380,2975,1357
22122,变异小狐仙,2212,85,x,,10,神佑,94971,1548,2323,4370,2478,3098,1357
22123,变异小狐仙,2212,85,x,,10,神佑,94971,1610,2415,4543,2578,3220,1357
22124,变异小狐仙,2212,85,x,,10,神佑,94971,1670,2508,4715,2675,3343,1357
22125,变异小狐仙,2212,85,x,,10,神佑,94971,1733,2600,4888,2773,3465,1357
22126,变异小狐仙,2212,85,x,,10,神佑,94971,1793,2690,5060,2870,3588,1357
22127,变异小狐仙,2212,85,x,,10,神佑,94971,1855,2783,5233,2968,3710,1357
22129,小狐仙宝宝,2212,85,,x,10,神佑,94971,1428,2140,4025,2283,2855,1357
22130,成年小狐仙,2213,95,,,10,神佑,98563,1478,2218,4170,2365,2958,1459
22131,变异小狐仙,2213,95,x,,10,神佑,98563,1533,2300,4325,2453,3068,1459
22132,变异小狐仙,2213,95,x,,10,神佑,98563,1588,2383,4483,2543,3178,1459
22133,变异小狐仙,2213,95,x,,10,神佑,98563,1645,2468,4638,2630,3290,1459
22134,变异小狐仙,2213,95,x,,10,神佑,98563,1700,2550,4795,2720,3400,1459
22135,变异小狐仙,2213,95,x,,10,神佑,98563,1755,2633,4950,2808,3510,1459
22136,变异小狐仙,2213,95,x,,10,神佑,98563,1810,2715,5108,2898,3623,1459
22137,变异小狐仙,2213,95,x,,10,神佑,98563,1865,2800,5263,2985,3733,1459
22138,变异小狐仙,2213,95,x,,10,神佑,98563,1920,2883,5420,3075,3843,1459
22139,小狐仙宝宝,2213,95,,x,10,神佑,98563,1478,2218,4170,2365,2958,1459
22140,钢斧神猿,2214,5,x,,10,血爆,25670,3775,2695,1348,2425,1888,846
22150,丛林神猿,2215,45,x,,10,血爆,26868,4110,2935,1468,2643,2055,948
22160,地狱神猿,2216,55,x,,10,高级血爆,28065,4373,3123,1560,2810,2185,1051
22170,魅灵神猿,2217,65,x,,10,高级血爆,29262,4603,3288,1643,2960,2300,1153
22180,罗汉神猿,2218,75,x,,10,咆哮,30459,4820,3443,1720,3098,2410,1255
22190,上古神猿,2219,85,x,,10,咆哮,31657,5023,3588,1793,3230,2510,1357
22200,成年虬龙,2220,75,,,10,附身,94971,1998,2283,3710,2283,3140,1357
22201,变异虬龙,2220,75,x,,10,附身,94971,2083,2380,3870,2380,3275,1357
22202,变异虬龙,2220,75,x,,10,附身,94971,2168,2478,4028,2478,3408,1357
22203,变异虬龙,2220,75,x,,10,附身,94971,2255,2578,4188,2578,3543,1357
22204,变异虬龙,2220,75,x,,10,附身,94971,2340,2675,4348,2675,3678,1357
22205,变异虬龙,2220,75,x,,10,附身,94971,2425,2773,4505,2773,3813,1357
22206,变异虬龙,2220,75,x,,10,附身,94971,2510,2870,4665,2870,3948,1357
22209,虬龙宝宝,2220,75,,x,10,附身,94971,1998,2283,3710,2283,3140,1357
22210,成年比翼鸟,2221,5,,,10,神佑,77012,1640,1875,3048,1875,2578,846
22211,变异比翼鸟,2221,5,x,,10,神佑,77012,1888,2155,3505,2155,2965,846
22212,变异比翼鸟,2221,5,x,,10,神佑,77012,2133,2438,3963,2438,3353,846
22219,比翼鸟宝宝,2221,5,,x,10,神佑,77012,1640,1875,3048,1875,2578,846
22220,成年比翼鸟,2222,45,,,10,神佑,80604,1713,1958,3180,1958,2690,948
22221,变异比翼鸟,2222,45,x,,10,神佑,80604,1883,2153,3498,2153,2960,948
22222,变异比翼鸟,2222,45,x,,10,神佑,80604,2055,2348,3818,2348,3230,948
22223,变异比翼鸟,2222,45,x,,10,神佑,80604,2225,2545,4135,2545,3498,948
22229,比翼鸟宝宝,2222,45,,x,10,神佑,80604,1713,1958,3180,1958,2690,948
22230,成年比翼鸟,2223,55,,,10,神佑,84195,1785,2040,3315,2040,2805,1051
22231,变异比翼鸟,2223,55,x,,10,神佑,84195,1918,2193,3563,2193,3015,1051
22232,变异比翼鸟,2223,55,x,,10,神佑,84195,2053,2345,3810,2345,3225,1051
22233,变异比翼鸟,2223,55,x,,10,神佑,84195,2185,2498,4060,2498,3435,1051
22234,变异比翼鸟,2223,55,x,,10,神佑,84195,2320,2650,4308,2650,3645,1051
22239,比翼鸟宝宝,2223,55,,x,10,神佑,84195,1785,2040,3315,2040,2805,1051
22240,成年比翼鸟,2224,65,,,10,神佑,87787,1855,2120,3448,2120,2918,1153
22241,变异比翼鸟,2224,65,x,,10,神佑,87787,1968,2248,3655,2248,3093,1153
22242,变异比翼鸟,2224,65,x,,10,神佑,87787,2078,2375,3860,2375,3268,1153
22243,变异比翼鸟,2224,65,x,,10,神佑,87787,2190,2503,4068,2503,3443,1153
22244,变异比翼鸟,2224,65,x,,10,神佑,87787,2300,2630,4275,2630,3618,1153
22245,变异比翼鸟,2224,65,x,,10,神佑,87787,2413,2758,4483,2758,3793,1153
22249,比翼鸟宝宝,2224,65,,x,10,神佑,87787,1855,2120,3448,2120,2918,1153
22250,成年比翼鸟,2225,75,,,10,神佑,91379,1928,2203,3580,2203,3030,1255
22251,变异比翼鸟,2225,75,x,,10,神佑,91379,2023,2313,3760,2313,3180,1255
22252,变异比翼鸟,2225,75,x,,10,神佑,91379,2120,2423,3938,2423,3333,1255
22253,变异比翼鸟,2225,75,x,,10,神佑,91379,2218,2533,4118,2533,3485,1255
22254,变异比翼鸟,2225,75,x,,10,神佑,91379,2313,2643,4298,2643,3635,1255
22255,变异比翼鸟,2225,75,x,,10,神佑,91379,2410,2755,4475,2755,3788,1255
22256,变异比翼鸟,2225,75,x,,10,神佑,91379,2505,2865,4655,2865,3938,1255
22259,比翼鸟宝宝,2225,75,,x,10,神佑,91379,1928,2203,3580,2203,3030,1255
22260,成年比翼鸟,2226,85,,,10,神佑,94971,1998,2283,3710,2283,3140,1357
22261,变异比翼鸟,2226,85,x,,10,神佑,94971,2083,2380,3870,2380,3275,1357
22262,变异比翼鸟,2226,85,x,,10,神佑,94971,2168,2478,4028,2478,3408,1357
22263,变异比翼鸟,2226,85,x,,10,神佑,94971,2255,2578,4188,2578,3543,1357
22264,变异比翼鸟,2226,85,x,,10,神佑,94971,2340,2675,4348,2675,3678,1357
22265,变异比翼鸟,2226,85,x,,10,神佑,94971,2425,2773,4505,2773,3813,1357
22266,变异比翼鸟,2226,85,x,,10,神佑,94971,2510,2870,4665,2870,3948,1357
22267,变异比翼鸟,2226,85,x,,10,神佑,94971,2598,2968,4823,2968,4083,1357
22269,比翼鸟宝宝,2226,85,,x,10,神佑,94971,1998,2283,3710,2283,3140,1357
22270,成年比翼鸟,2227,95,,,10,神佑,98563,2070,2365,4020,2365,3253,1459
22271,变异比翼鸟,2227,95,x,,10,神佑,98563,2148,2453,4173,2453,3375,1459
22272,变异比翼鸟,2227,95,x,,10,神佑,98563,2225,2543,4323,2543,3495,1459
22273,变异比翼鸟,2227,95,x,,10,神佑,98563,2303,2630,4473,2630,3618,1459
22274,变异比翼鸟,2227,95,x,,10,神佑,98563,2380,2720,4625,2720,3740,1459
22275,变异比翼鸟,2227,95,x,,10,神佑,98563,2458,2808,4775,2808,3863,1459
22276,变异比翼鸟,2227,95,x,,10,神佑,98563,2535,2898,4925,2898,3985,1459
22277,变异比翼鸟,2227,95,x,,10,神佑,98563,2613,2985,5078,2985,4105,1459
22278,变异比翼鸟,2227,95,x,,10,神佑,98563,2690,3075,5228,3075,4228,1459
22279,比翼鸟宝宝,2227,95,,x,10,神佑,98563,2070,2365,4020,2365,3253,1459
22280,成年呆呆牛,2228,5,,,10,嗜血,77012,3048,2578,1640,2110,1640,846
22281,变异呆呆牛,2228,5,x,,10,嗜血,77012,3505,2965,1888,2425,1888,846
22282,变异呆呆牛,2228,5,x,,10,嗜血,77012,3963,3353,2133,2743,2133,846
22289,呆呆牛宝宝,2228,5,,x,10,嗜血,77012,3048,2578,1640,2110,1640,846
22290,成年呆呆牛,2229,45,,,10,嗜血,80604,3180,2690,1713,2203,1713,948
22291,变异呆呆牛,2229,45,x,,10,嗜血,80604,3498,2960,1883,2423,1883,948
22292,变异呆呆牛,2229,45,x,,10,嗜血,80604,3818,3230,2055,2643,2055,948
22293,变异呆呆牛,2229,45,x,,10,嗜血,80604,4135,3498,2225,2863,2225,948
22299,呆呆牛宝宝,2229,45,,x,10,嗜血,80604,3180,2690,1713,2203,1713,948
22300,成年呆呆牛,2230,55,,,10,嗜血,84195,3315,2805,1785,2295,1785,1051
22301,变异呆呆牛,2230,55,x,,10,嗜血,84195,3563,3015,1918,2465,1918,1051
22302,变异呆呆牛,2230,55,x,,10,嗜血,84195,3810,3225,2053,2638,2053,1051
22303,变异呆呆牛,2230,55,x,,10,嗜血,84195,4060,3435,2185,2810,2185,1051
22304,变异呆呆牛,2230,55,x,,10,嗜血,84195,4308,3645,2320,2983,2320,1051
22309,呆呆牛宝宝,2230,55,,x,10,嗜血,84195,3315,2805,1785,2295,1785,1051
22310,成年呆呆牛,2231,65,,,10,嗜血,87787,3448,2918,1855,2385,1855,1153
22311,变异呆呆牛,2231,65,x,,10,嗜血,87787,3655,3093,1968,2530,1968,1153
22312,变异呆呆牛,2231,65,x,,10,嗜血,87787,3860,3268,2078,2673,2078,1153
22313,变异呆呆牛,2231,65,x,,10,嗜血,87787,4068,3443,2190,2815,2190,1153
22314,变异呆呆牛,2231,65,x,,10,嗜血,87787,4275,3618,2300,2960,2300,1153
22315,变异呆呆牛,2231,65,x,,10,嗜血,87787,4483,3793,2413,3103,2413,1153
22319,呆呆牛宝宝,2231,65,,x,10,嗜血,87787,3448,2918,1855,2385,1855,1153
22320,成年呆呆牛,2232,75,,,10,嗜血,91379,3580,3030,1928,2478,1928,1255
22321,变异呆呆牛,2232,75,x,,10,嗜血,91379,3760,3180,2023,2603,2023,1255
22322,变异呆呆牛,2232,75,x,,10,嗜血,91379,3938,3333,2120,2725,2120,1255
22323,变异呆呆牛,2232,75,x,,10,嗜血,91379,4118,3485,2218,2850,2218,1255
22324,变异呆呆牛,2232,75,x,,10,嗜血,91379,4298,3635,2313,2975,2313,1255
22325,变异呆呆牛,2232,75,x,,10,嗜血,91379,4475,3788,2410,3098,2410,1255
22326,变异呆呆牛,2232,75,x,,10,嗜血,91379,4655,3938,2505,3223,2505,1255
22329,呆呆牛宝宝,2232,75,,x,10,嗜血,91379,3580,3030,1928,2478,1928,1255
22330,成年呆呆牛,2233,85,,,10,嗜血,94971,3710,3140,1998,2568,1998,1357
22331,变异呆呆牛,2233,85,x,,10,嗜血,94971,3870,3275,2083,2678,2083,1357
22332,变异呆呆牛,2233,85,x,,10,嗜血,94971,4028,3408,2168,2788,2168,1357
22333,变异呆呆牛,2233,85,x,,10,嗜血,94971,4188,3543,2255,2898,2255,1357
22334,变异呆呆牛,2233,85,x,,10,嗜血,94971,4348,3678,2340,3008,2340,1357
22335,变异呆呆牛,2233,85,x,,10,嗜血,94971,4505,3813,2425,3120,2425,1357
22336,变异呆呆牛,2233,85,x,,10,嗜血,94971,4665,3948,2510,3230,2510,1357
22337,变异呆呆牛,2233,85,x,,10,嗜血,94971,4823,4083,2598,3340,2598,1357
22339,呆呆牛宝宝,2233,85,,x,10,嗜血,94971,3710,3140,1998,2568,1998,1357
22340,成年呆呆牛,2234,95,,,10,嗜血,98563,4020,3253,2070,2660,2070,1459
22341,变异呆呆牛,2234,95,x,,10,嗜血,98563,4173,3375,2148,2760,2148,1459
22342,变异呆呆牛,2234,95,x,,10,嗜血,98563,4323,3495,2225,2860,2225,1459
22343,变异呆呆牛,2234,95,x,,10,嗜血,98563,4473,3618,2303,2960,2303,1459
22344,变异呆呆牛,2234,95,x,,10,嗜血,98563,4625,3740,2380,3060,2380,1459
22345,变异呆呆牛,2234,95,x,,10,嗜血,98563,4775,3863,2458,3160,2458,1459
22346,变异呆呆牛,2234,95,x,,10,嗜血,98563,4925,3985,2535,3260,2535,1459
22347,变异呆呆牛,2234,95,x,,10,嗜血,98563,5078,4105,2613,3360,2613,1459
22348,变异呆呆牛,2234,95,x,,10,嗜血,98563,5228,4228,2690,3460,2690,1459
22349,呆呆牛宝宝,2234,95,,x,10,嗜血,98563,4020,3253,2070,2660,2070,1459
22350,成年珍奇牛,2235,5,,,10,清醒,77012,2345,2345,2345,2345,2345,846
22351,变异珍奇牛,2235,5,x,,10,清醒,77012,2695,2695,2695,2695,2695,846
22352,变异珍奇牛,2235,5,x,,10,清醒,77012,3048,3048,3048,3048,3048,846
22359,珍奇牛宝宝,2235,5,,x,10,清醒,77012,2345,2345,2345,2345,2345,846
22360,成年珍奇牛,2236,45,,,10,清醒,80604,2448,2448,2448,2448,2448,948
22361,变异珍奇牛,2236,45,x,,10,清醒,80604,2690,2690,2690,2690,2690,948
22362,变异珍奇牛,2236,45,x,,10,清醒,80604,2935,2935,2935,2935,2935,948
22363,变异珍奇牛,2236,45,x,,10,清醒,80604,3180,3180,3180,3180,3180,948
22369,珍奇牛宝宝,2236,45,,x,10,清醒,80604,2448,2448,2448,2448,2448,948
22370,成年珍奇牛,2237,55,,,10,清醒,84195,2550,2550,2550,2550,2550,1051
22371,变异珍奇牛,2237,55,x,,10,清醒,84195,2740,2740,2740,2740,2740,1051
22372,变异珍奇牛,2237,55,x,,10,清醒,84195,2933,2933,2933,2933,2933,1051
22373,变异珍奇牛,2237,55,x,,10,清醒,84195,3123,3123,3123,3123,3123,1051
22374,变异珍奇牛,2237,55,x,,10,清醒,84195,3315,3315,3315,3315,3315,1051
22379,珍奇牛宝宝,2237,55,,x,10,清醒,84195,2550,2550,2550,2550,2550,1051
22380,成年珍奇牛,2238,65,,,10,清醒,87787,2653,2653,2653,2653,2653,1153
22381,变异珍奇牛,2238,65,x,,10,清醒,87787,2810,2810,2810,2810,2810,1153
22382,变异珍奇牛,2238,65,x,,10,清醒,87787,2970,2970,2970,2970,2970,1153
22383,变异珍奇牛,2238,65,x,,10,清醒,87787,3128,3128,3128,3128,3128,1153
22384,变异珍奇牛,2238,65,x,,10,清醒,87787,3288,3288,3288,3288,3288,1153
22385,变异珍奇牛,2238,65,x,,10,清醒,87787,3448,3448,3448,3448,3448,1153
22389,珍奇牛宝宝,2238,65,,x,10,清醒,87787,2653,2653,2653,2653,2653,1153
22390,成年珍奇牛,2239,75,,,10,清醒,91379,2755,2755,2755,2755,2755,1255
22391,变异珍奇牛,2239,75,x,,10,清醒,91379,2893,2893,2893,2893,2893,1255
22392,变异珍奇牛,2239,75,x,,10,清醒,91379,3030,3030,3030,3030,3030,1255
22393,变异珍奇牛,2239,75,x,,10,清醒,91379,3168,3168,3168,3168,3168,1255
22394,变异珍奇牛,2239,75,x,,10,清醒,91379,3305,3305,3305,3305,3305,1255
22395,变异珍奇牛,2239,75,x,,10,清醒,91379,3443,3443,3443,3443,3443,1255
22396,变异珍奇牛,2239,75,x,,10,清醒,91379,3580,3580,3580,3580,3580,1255
22399,珍奇牛宝宝,2239,75,,x,10,清醒,91379,2755,2755,2755,2755,2755,1255
22400,成年珍奇牛,2240,85,,,10,清醒,94971,2855,2855,2855,2855,2855,1357
22401,变异珍奇牛,2240,85,x,,10,清醒,94971,2975,2975,2975,2975,2975,1357
22402,变异珍奇牛,2240,85,x,,10,清醒,94971,3098,3098,3098,3098,3098,1357
22403,变异珍奇牛,2240,85,x,,10,清醒,94971,3220,3220,3220,3220,3220,1357
22404,变异珍奇牛,2240,85,x,,10,清醒,94971,3343,3343,3343,3343,3343,1357
22405,变异珍奇牛,2240,85,x,,10,清醒,94971,3465,3465,3465,3465,3465,1357
22406,变异珍奇牛,2240,85,x,,10,清醒,94971,3588,3588,3588,3588,3588,1357
22407,变异珍奇牛,2240,85,x,,10,清醒,94971,3710,3710,3710,3710,3710,1357
22409,珍奇牛宝宝,2240,85,,x,10,清醒,94971,2855,2855,2855,2855,2855,1357
22410,成年珍奇牛,2241,95,,,10,清醒,98563,2958,2958,2958,2958,2958,1459
22411,变异珍奇牛,2241,95,x,,10,清醒,98563,3068,3068,3068,3068,3068,1459
22412,变异珍奇牛,2241,95,x,,10,清醒,98563,3178,3178,3178,3178,3178,1459
22413,变异珍奇牛,2241,95,x,,10,清醒,98563,3290,3290,3290,3290,3290,1459
22414,变异珍奇牛,2241,95,x,,10,清醒,98563,3400,3400,3400,3400,3400,1459
22415,变异珍奇牛,2241,95,x,,10,清醒,98563,3510,3510,3510,3510,3510,1459
22416,变异珍奇牛,2241,95,x,,10,清醒,98563,3623,3623,3623,3623,3623,1459
22417,变异珍奇牛,2241,95,x,,10,清醒,98563,3733,3733,3733,3733,3733,1459
22418,变异珍奇牛,2241,95,x,,10,清醒,98563,3843,3843,3843,3843,3843,1459
22419,珍奇牛宝宝,2241,95,,x,10,清醒,98563,2958,2958,2958,2958,2958,1459
22420,成年麒麟,2242,5,,,10,附身,77012,1640,1875,3048,1875,2578,846
22421,变异麒麟,2242,5,x,,10,附身,77012,1888,2155,3505,2155,2965,846
22422,变异麒麟,2242,5,x,,10,附身,77012,2133,2438,3963,2438,3353,846
22429,麒麟宝宝,2242,5,,x,10,附身,77012,1640,1875,3048,1875,2578,846
22430,成年麒麟,2243,45,,,10,附身,80604,1713,1958,3180,1958,2690,948
22431,变异麒麟,2243,45,x,,10,附身,80604,1883,2153,3498,2153,2960,948
22432,变异麒麟,2243,45,x,,10,附身,80604,2055,2348,3818,2348,3230,948
22433,变异麒麟,2243,45,x,,10,附身,80604,2225,2545,4135,2545,3498,948
22439,麒麟宝宝,2243,45,,x,10,附身,80604,1713,1958,3180,1958,2690,948
22440,成年麒麟,2244,55,,,10,附身,84195,1785,2040,3315,2040,2805,1051
22441,变异麒麟,2244,55,x,,10,附身,84195,1918,2193,3563,2193,3015,1051
22442,变异麒麟,2244,55,x,,10,附身,84195,2053,2345,3810,2345,3225,1051
22443,变异麒麟,2244,55,x,,10,附身,84195,2185,2498,4060,2498,3435,1051
22444,变异麒麟,2244,55,x,,10,附身,84195,2320,2650,4308,2650,3645,1051
22449,麒麟宝宝,2244,55,,x,10,附身,84195,1785,2040,3315,2040,2805,1051
22450,成年麒麟,2245,65,,,10,附身,87787,1855,2120,3448,2120,2918,1153
22451,变异麒麟,2245,65,x,,10,附身,87787,1968,2248,3655,2248,3093,1153
22452,变异麒麟,2245,65,x,,10,附身,87787,2078,2375,3860,2375,3268,1153
22453,变异麒麟,2245,65,x,,10,附身,87787,2190,2503,4068,2503,3443,1153
22454,变异麒麟,2245,65,x,,10,附身,87787,2300,2630,4275,2630,3618,1153
22455,变异麒麟,2245,65,x,,10,附身,87787,2413,2758,4483,2758,3793,1153
22459,麒麟宝宝,2245,65,,x,10,附身,87787,1855,2120,3448,2120,2918,1153
22460,成年麒麟,2246,75,,,10,附身,91379,1928,2203,3580,2203,3030,1255
22461,变异麒麟,2246,75,x,,10,附身,91379,2023,2313,3760,2313,3180,1255
22462,变异麒麟,2246,75,x,,10,附身,91379,2120,2423,3938,2423,3333,1255
22463,变异麒麟,2246,75,x,,10,附身,91379,2218,2533,4118,2533,3485,1255
22464,变异麒麟,2246,75,x,,10,附身,91379,2313,2643,4298,2643,3635,1255
22465,变异麒麟,2246,75,x,,10,附身,91379,2410,2755,4475,2755,3788,1255
22466,变异麒麟,2246,75,x,,10,附身,91379,2505,2865,4655,2865,3938,1255
22469,麒麟宝宝,2246,75,,x,10,附身,91379,1928,2203,3580,2203,3030,1255
22470,成年麒麟,2247,85,,,10,附身,94971,1998,2283,3710,2283,3140,1357
22471,变异麒麟,2247,85,x,,10,附身,94971,2083,2380,3870,2380,3275,1357
22472,变异麒麟,2247,85,x,,10,附身,94971,2168,2478,4028,2478,3408,1357
22473,变异麒麟,2247,85,x,,10,附身,94971,2255,2578,4188,2578,3543,1357
22474,变异麒麟,2247,85,x,,10,附身,94971,2340,2675,4348,2675,3678,1357
22475,变异麒麟,2247,85,x,,10,附身,94971,2425,2773,4505,2773,3813,1357
22476,变异麒麟,2247,85,x,,10,附身,94971,2510,2870,4665,2870,3948,1357
22477,变异麒麟,2247,85,x,,10,附身,94971,2598,2968,4823,2968,4083,1357
22479,麒麟宝宝,2247,85,,x,10,附身,94971,1998,2283,3710,2283,3140,1357
22480,成年麒麟,2248,95,,,10,附身,98563,2070,2365,4020,2365,3253,1459
22481,变异麒麟,2248,95,x,,10,附身,98563,2148,2453,4173,2453,3375,1459
22482,变异麒麟,2248,95,x,,10,附身,98563,2225,2543,4323,2543,3495,1459
22483,变异麒麟,2248,95,x,,10,附身,98563,2303,2630,4473,2630,3618,1459
22484,变异麒麟,2248,95,x,,10,附身,98563,2380,2720,4625,2720,3740,1459
22485,变异麒麟,2248,95,x,,10,附身,98563,2458,2808,4775,2808,3863,1459
22486,变异麒麟,2248,95,x,,10,附身,98563,2535,2898,4925,2898,3985,1459
22487,变异麒麟,2248,95,x,,10,附身,98563,2613,2985,5078,2985,4105,1459
22488,变异麒麟,2248,95,x,,10,附身,98563,2690,3075,5228,3075,4228,1459
22489,麒麟宝宝,2248,95,,x,10,附身,98563,2070,2365,4020,2365,3253,1459
22490,成年go仔,2249,5,,,10,嗜血,77012,3048,2578,1640,2110,1640,846
22491,变异go仔,2249,5,x,,10,嗜血,77012,3505,2965,1888,2425,1888,846
22492,变异go仔,2249,5,x,,10,嗜血,77012,3963,3353,2133,2743,2133,846
22499,go仔宝宝,2249,5,,x,10,嗜血,77012,3048,2578,1640,2110,1640,846
22500,成年go仔,2250,45,,,10,嗜血,80604,3180,2690,1713,2203,1713,948
22501,变异go仔,2250,45,x,,10,嗜血,80604,3498,2960,1883,2423,1883,948
22502,变异go仔,2250,45,x,,10,嗜血,80604,3818,3230,2055,2643,2055,948
22503,变异go仔,2250,45,x,,10,嗜血,80604,4135,3498,2225,2863,2225,948
22509,go仔宝宝,2250,45,,x,10,嗜血,80604,3180,2690,1713,2203,1713,948
22510,成年go仔,2251,55,,,10,嗜血,84195,3315,2805,1785,2295,1785,1051
22511,变异go仔,2251,55,x,,10,嗜血,84195,3563,3015,1918,2465,1918,1051
22512,变异go仔,2251,55,x,,10,嗜血,84195,3810,3225,2053,2638,2053,1051
22513,变异go仔,2251,55,x,,10,嗜血,84195,4060,3435,2185,2810,2185,1051
22514,变异go仔,2251,55,x,,10,嗜血,84195,4308,3645,2320,2983,2320,1051
22519,go仔宝宝,2251,55,,x,10,嗜血,84195,3315,2805,1785,2295,1785,1051
22520,成年go仔,2252,65,,,10,嗜血,87787,3448,2918,1855,2385,1855,1153
22521,变异go仔,2252,65,x,,10,嗜血,87787,3655,3093,1968,2530,1968,1153
22522,变异go仔,2252,65,x,,10,嗜血,87787,3860,3268,2078,2673,2078,1153
22523,变异go仔,2252,65,x,,10,嗜血,87787,4068,3443,2190,2815,2190,1153
22524,变异go仔,2252,65,x,,10,嗜血,87787,4275,3618,2300,2960,2300,1153
22525,变异go仔,2252,65,x,,10,嗜血,87787,4483,3793,2413,3103,2413,1153
22529,go仔宝宝,2252,65,,x,10,嗜血,87787,3448,2918,1855,2385,1855,1153
22530,成年go仔,2253,75,,,10,嗜血,91379,3580,3030,1928,2478,1928,1255
22531,变异go仔,2253,75,x,,10,嗜血,91379,3760,3180,2023,2603,2023,1255
22532,变异go仔,2253,75,x,,10,嗜血,91379,3938,3333,2120,2725,2120,1255
22533,变异go仔,2253,75,x,,10,嗜血,91379,4118,3485,2218,2850,2218,1255
22534,变异go仔,2253,75,x,,10,嗜血,91379,4298,3635,2313,2975,2313,1255
22535,变异go仔,2253,75,x,,10,嗜血,91379,4475,3788,2410,3098,2410,1255
22536,变异go仔,2253,75,x,,10,嗜血,91379,4655,3938,2505,3223,2505,1255
22539,go仔宝宝,2253,75,,x,10,嗜血,91379,3580,3030,1928,2478,1928,1255
22540,成年go仔,2254,85,,,10,嗜血,94971,3710,3140,1998,2568,1998,1357
22541,变异go仔,2254,85,x,,10,嗜血,94971,3870,3275,2083,2678,2083,1357
22542,变异go仔,2254,85,x,,10,嗜血,94971,4028,3408,2168,2788,2168,1357
22543,变异go仔,2254,85,x,,10,嗜血,94971,4188,3543,2255,2898,2255,1357
22544,变异go仔,2254,85,x,,10,嗜血,94971,4348,3678,2340,3008,2340,1357
22545,变异go仔,2254,85,x,,10,嗜血,94971,4505,3813,2425,3120,2425,1357
22546,变异go仔,2254,85,x,,10,嗜血,94971,4665,3948,2510,3230,2510,1357
22547,变异go仔,2254,85,x,,10,嗜血,94971,4823,4083,2598,3340,2598,1357
22549,go仔宝宝,2254,85,,x,10,嗜血,94971,3710,3140,1998,2568,1998,1357
22550,成年go仔,2255,95,,,10,嗜血,98563,4020,3253,2070,2660,2070,1459
22551,变异go仔,2255,95,x,,10,嗜血,98563,4173,3375,2148,2760,2148,1459
22552,变异go仔,2255,95,x,,10,嗜血,98563,4323,3495,2225,2860,2225,1459
22553,变异go仔,2255,95,x,,10,嗜血,98563,4473,3618,2303,2960,2303,1459
22554,变异go仔,2255,95,x,,10,嗜血,98563,4625,3740,2380,3060,2380,1459
22555,变异go仔,2255,95,x,,10,嗜血,98563,4775,3863,2458,3160,2458,1459
22556,变异go仔,2255,95,x,,10,嗜血,98563,4925,3985,2535,3260,2535,1459
22557,变异go仔,2255,95,x,,10,嗜血,98563,5078,4105,2613,3360,2613,1459
22558,变异go仔,2255,95,x,,10,嗜血,98563,5228,4228,2690,3460,2690,1459
22559,go仔宝宝,2255,95,,x,10,嗜血,98563,4020,3253,2070,2660,2070,1459
22560,成年神猿,2256,85,,,10,清醒,94971,2283,3995,1998,1713,2283,1357
22561,变异神猿,2256,85,x,,10,清醒,94971,2380,4168,2083,1785,2380,1357
22562,变异神猿,2256,85,x,,10,清醒,94971,2478,4338,2168,1858,2478,1357
22563,变异神猿,2256,85,x,,10,清醒,94971,2578,4510,2255,1933,2578,1357
22564,变异神猿,2256,85,x,,10,清醒,94971,2675,4680,2340,2005,2675,1357
22565,变异神猿,2256,85,x,,10,清醒,94971,2773,4853,2425,2080,2773,1357
22566,变异神猿,2256,85,x,,10,清醒,94971,2870,5023,2510,2153,2870,1357
22567,变异神猿,2256,85,x,,10,清醒,94971,2968,5195,2598,2225,2968,1357
22569,神猿宝宝,2256,85,,x,10,清醒,94971,2283,3995,1998,1713,2283,1357
22570,成年神猿,2257,95,,,10,清醒,98563,2365,4140,2070,1773,2365,1459
22571,变异神猿,2257,95,x,,10,清醒,98563,2453,4295,2148,1840,2453,1459
22572,变异神猿,2257,95,x,,10,清醒,98563,2543,4450,2225,1908,2543,1459
22573,变异神猿,2257,95,x,,10,清醒,98563,2630,4605,2303,1973,2630,1459
22574,变异神猿,2257,95,x,,10,清醒,98563,2720,4760,2380,2040,2720,1459
22575,变异神猿,2257,95,x,,10,清醒,98563,2808,4915,2458,2105,2808,1459
22576,变异神猿,2257,95,x,,10,清醒,98563,2898,5070,2535,2173,2898,1459
22577,变异神猿,2257,95,x,,10,清醒,98563,2985,5225,2613,2240,2985,1459
22578,变异神猿,2257,95,x,,10,清醒,98563,3075,5383,2690,2305,3075,1459
22579,神猿宝宝,2257,95,,x,10,清醒,98563,2365,4140,2070,1773,2365,1459
22580,成年岩魂,2258,5,,,10,伪装,77012,1173,1758,3305,1875,2345,846
22581,变异岩魂,2258,5,x,,10,伪装,77012,1348,2023,3800,2155,2695,846
22582,变异岩魂,2258,5,x,,10,伪装,77012,1523,2285,4298,2438,3048,846
22589,岩魂宝宝,2258,5,,x,10,伪装,77012,1173,1758,3305,1875,2345,846
22590,成年岩魂,2259,45,,,10,伪装,80604,1223,1835,3450,1958,2448,948
22591,变异岩魂,2259,45,x,,10,伪装,80604,1345,2018,3795,2153,2690,948
22592,变异岩魂,2259,45,x,,10,伪装,80604,1468,2203,4140,2348,2935,948
22593,变异岩魂,2259,45,x,,10,伪装,80604,1590,2385,4485,2545,3180,948
22599,岩魂宝宝,2259,45,,x,10,伪装,80604,1223,1835,3450,1958,2448,948
22600,成年岩魂,2260,55,,,10,伪装,84195,1275,1913,3595,2040,2550,1051
22601,变异岩魂,2260,55,x,,10,伪装,84195,1370,2055,3865,2193,2740,1051
22602,变异岩魂,2260,55,x,,10,伪装,84195,1465,2198,4133,2345,2933,1051
22603,变异岩魂,2260,55,x,,10,伪装,84195,1560,2343,4403,2498,3123,1051
22604,变异岩魂,2260,55,x,,10,伪装,84195,1658,2485,4673,2650,3315,1051
22609,岩魂宝宝,2260,55,,x,10,伪装,84195,1275,1913,3595,2040,2550,1051
22610,成年岩魂,2261,65,,,10,伪装,87787,1325,1988,3740,2120,2653,1153
22611,变异岩魂,2261,65,x,,10,伪装,87787,1405,2108,3963,2248,2810,1153
22612,变异岩魂,2261,65,x,,10,伪装,87787,1485,2228,4188,2375,2970,1153
22613,变异岩魂,2261,65,x,,10,伪装,87787,1563,2345,4413,2503,3128,1153
22614,变异岩魂,2261,65,x,,10,伪装,87787,1643,2465,4638,2630,3288,1153
22615,变异岩魂,2261,65,x,,10,伪装,87787,1723,2585,4860,2758,3448,1153
22619,岩魂宝宝,2261,65,,x,10,伪装,87787,1325,1988,3740,2120,2653,1153
22620,成年岩魂,2262,75,,,10,伪装,91379,1378,2065,3883,2203,2755,1255
22621,变异岩魂,2262,75,x,,10,伪装,91379,1445,2168,4078,2313,2893,1255
22622,变异岩魂,2262,75,x,,10,伪装,91379,1515,2273,4273,2423,3030,1255
22623,变异岩魂,2262,75,x,,10,伪装,91379,1583,2375,4465,2533,3168,1255
22624,变异岩魂,2262,75,x,,10,伪装,91379,1653,2478,4660,2643,3305,1255
22625,变异岩魂,2262,75,x,,10,伪装,91379,1720,2583,4855,2755,3443,1255
22626,变异岩魂,2262,75,x,,10,伪装,91379,1790,2685,5048,2865,3580,1255
22629,岩魂宝宝,2262,75,,x,10,伪装,91379,1378,2065,3883,2203,2755,1255
22630,成年岩魂,2263,85,,,10,伪装,94971,1428,2140,4025,2283,2855,1357
22631,变异岩魂,2263,85,x,,10,伪装,94971,1488,2233,4198,2380,2975,1357
22632,变异岩魂,2263,85,x,,10,伪装,94971,1548,2323,4370,2478,3098,1357
22633,变异岩魂,2263,85,x,,10,伪装,94971,1610,2415,4543,2578,3220,1357
22634,变异岩魂,2263,85,x,,10,伪装,94971,1670,2508,4715,2675,3343,1357
22635,变异岩魂,2263,85,x,,10,伪装,94971,1733,2600,4888,2773,3465,1357
22636,变异岩魂,2263,85,x,,10,伪装,94971,1793,2690,5060,2870,3588,1357
22637,变异岩魂,2263,85,x,,10,伪装,94971,1855,2783,5233,2968,3710,1357
22639,岩魂宝宝,2263,85,,x,10,伪装,94971,1428,2140,4025,2283,2855,1357
22640,成年岩魂,2264,95,,,10,伪装,98563,1478,2218,4170,2365,2958,1459
22641,变异岩魂,2264,95,x,,10,伪装,98563,1533,2300,4325,2453,3068,1459
22642,变异岩魂,2264,95,x,,10,伪装,98563,1588,2383,4483,2543,3178,1459
22643,变异岩魂,2264,95,x,,10,伪装,98563,1645,2468,4638,2630,3290,1459
22644,变异岩魂,2264,95,x,,10,伪装,98563,1700,2550,4795,2720,3400,1459
22645,变异岩魂,2264,95,x,,10,伪装,98563,1755,2633,4950,2808,3510,1459
22646,变异岩魂,2264,95,x,,10,伪装,98563,1810,2715,5108,2898,3623,1459
22647,变异岩魂,2264,95,x,,10,伪装,98563,1865,2800,5263,2985,3733,1459
22648,变异岩魂,2264,95,x,,10,伪装,98563,1920,2883,5420,3075,3843,1459
22649,岩魂宝宝,2264,95,,x,10,伪装,98563,1478,2218,4170,2365,2958,1459
22650,成年七夕鸳鸯,2265,5,,,10,治疗,77012,1640,1875,3048,1875,2578,846
22651,变异七夕鸳鸯,2265,5,x,,10,治疗,77012,1888,2155,3505,2155,2965,846
22652,变异七夕鸳鸯,2265,5,x,,10,治疗,77012,2133,2438,3963,2438,3353,846
22659,七夕鸳鸯宝宝,2265,5,,x,10,劫火焚杀,77012,1640,1875,3048,1875,2578,846
22660,成年七夕鸳鸯,2266,45,,,10,治疗,80604,1713,1958,3180,1958,2690,948
22661,变异七夕鸳鸯,2266,45,x,,10,治疗,80604,1883,2153,3498,2153,2960,948
22662,变异七夕鸳鸯,2266,45,x,,10,治疗,80604,2055,2348,3818,2348,3230,948
22663,变异七夕鸳鸯,2266,45,x,,10,治疗,80604,2225,2545,4135,2545,3498,948
22669,七夕鸳鸯宝宝,2266,45,,x,10,劫火焚杀,80604,1713,1958,3180,1958,2690,948
22670,成年七夕鸳鸯,2267,55,,,10,治疗,84195,1785,2040,3315,2040,2805,1051
22671,变异七夕鸳鸯,2267,55,x,,10,治疗,84195,1918,2193,3563,2193,3015,1051
22672,变异七夕鸳鸯,2267,55,x,,10,治疗,84195,2053,2345,3810,2345,3225,1051
22673,变异七夕鸳鸯,2267,55,x,,10,治疗,84195,2185,2498,4060,2498,3435,1051
22674,变异七夕鸳鸯,2267,55,x,,10,治疗,84195,2320,2650,4308,2650,3645,1051
22679,七夕鸳鸯宝宝,2267,55,,x,10,劫火焚杀,84195,1785,2040,3315,2040,2805,1051
22680,成年七夕鸳鸯,2268,65,,,10,治疗,87787,1855,2120,3448,2120,2918,1153
22681,变异七夕鸳鸯,2268,65,x,,10,治疗,87787,1968,2248,3655,2248,3093,1153
22682,变异七夕鸳鸯,2268,65,x,,10,治疗,87787,2078,2375,3860,2375,3268,1153
22683,变异七夕鸳鸯,2268,65,x,,10,治疗,87787,2190,2503,4068,2503,3443,1153
22684,变异七夕鸳鸯,2268,65,x,,10,治疗,87787,2300,2630,4275,2630,3618,1153
22685,变异七夕鸳鸯,2268,65,x,,10,治疗,87787,2413,2758,4483,2758,3793,1153
22689,七夕鸳鸯宝宝,2268,65,,x,10,劫火焚杀,87787,1855,2120,3448,2120,2918,1153
22690,成年七夕鸳鸯,2269,75,,,10,治疗,91379,1928,2203,3580,2203,3030,1255
22691,变异七夕鸳鸯,2269,75,x,,10,治疗,91379,2023,2313,3760,2313,3180,1255
22692,变异七夕鸳鸯,2269,75,x,,10,治疗,91379,2120,2423,3938,2423,3333,1255
22693,变异七夕鸳鸯,2269,75,x,,10,治疗,91379,2218,2533,4118,2533,3485,1255
22694,变异七夕鸳鸯,2269,75,x,,10,治疗,91379,2313,2643,4298,2643,3635,1255
22695,变异七夕鸳鸯,2269,75,x,,10,治疗,91379,2410,2755,4475,2755,3788,1255
22696,变异七夕鸳鸯,2269,75,x,,10,治疗,91379,2505,2865,4655,2865,3938,1255
22699,七夕鸳鸯宝宝,2269,75,,x,10,劫火焚杀,91379,1928,2203,3580,2203,3030,1255
22700,成年七夕鸳鸯,2270,85,,,10,治疗,94971,1998,2283,3710,2283,3140,1357
22701,变异七夕鸳鸯,2270,85,x,,10,治疗,94971,2083,2380,3870,2380,3275,1357
22702,变异七夕鸳鸯,2270,85,x,,10,治疗,94971,2168,2478,4028,2478,3408,1357
22703,变异七夕鸳鸯,2270,85,x,,10,治疗,94971,2255,2578,4188,2578,3543,1357
22704,变异七夕鸳鸯,2270,85,x,,10,治疗,94971,2340,2675,4348,2675,3678,1357
22705,变异七夕鸳鸯,2270,85,x,,10,治疗,94971,2425,2773,4505,2773,3813,1357
22706,变异七夕鸳鸯,2270,85,x,,10,治疗,94971,2510,2870,4665,2870,3948,1357
22707,变异七夕鸳鸯,2270,85,x,,10,治疗,94971,2598,2968,4823,2968,4083,1357
22709,七夕鸳鸯宝宝,2270,85,,x,10,劫火焚杀,94971,1998,2283,3710,2283,3140,1357
22710,成年七夕鸳鸯,2271,95,,,10,治疗,98563,2070,2365,3843,2365,3253,1459
22711,变异七夕鸳鸯,2271,95,x,,10,治疗,98563,2148,2453,3988,2453,3375,1459
22712,变异七夕鸳鸯,2271,95,x,,10,治疗,98563,2225,2543,4133,2543,3495,1459
22713,变异七夕鸳鸯,2271,95,x,,10,治疗,98563,2303,2630,4275,2630,3618,1459
22714,变异七夕鸳鸯,2271,95,x,,10,治疗,98563,2380,2720,4420,2720,3740,1459
22715,变异七夕鸳鸯,2271,95,x,,10,治疗,98563,2458,2808,4565,2808,3863,1459
22716,变异七夕鸳鸯,2271,95,x,,10,治疗,98563,2535,2898,4708,2898,3985,1459
22717,变异七夕鸳鸯,2271,95,x,,10,治疗,98563,2613,2985,4853,2985,4105,1459
22718,变异七夕鸳鸯,2271,95,x,,10,治疗,98563,2690,3075,4998,3075,4228,1459
22719,七夕鸳鸯宝宝,2271,95,,x,10,劫火焚杀,98563,2070,2365,3843,2365,3253,1459
22720,成年废柴,2272,5,,,10,嗜血,77012,3235,2415,1173,2110,1640,846
22721,变异废柴,2272,5,x,,10,嗜血,77012,3720,2778,1348,2425,1888,846
22722,变异废柴,2272,5,x,,10,嗜血,77012,4205,3138,1523,2743,2133,846
22729,废柴宝宝,2272,5,,x,10,嗜血,77012,3235,2415,1173,2110,1640,846
22730,成年废柴,2273,45,,,10,嗜血,80604,3378,2520,1223,2203,1713,948
22731,变异废柴,2273,45,x,,10,嗜血,80604,3715,2773,1345,2423,1883,948
22732,变异废柴,2273,45,x,,10,嗜血,80604,4053,3025,1468,2643,2055,948
22733,变异废柴,2273,45,x,,10,嗜血,80604,4390,3275,1590,2863,2225,948
22739,废柴宝宝,2273,45,,x,10,嗜血,80604,3378,2520,1223,2203,1713,948
22740,成年废柴,2274,55,,,10,嗜血,84195,3518,2625,1275,2295,1785,1051
22741,变异废柴,2274,55,x,,10,嗜血,84195,3783,2823,1370,2465,1918,1051
22742,变异废柴,2274,55,x,,10,嗜血,84195,4045,3020,1465,2638,2053,1051
22743,变异废柴,2274,55,x,,10,嗜血,84195,4310,3215,1560,2810,2185,1051
22744,变异废柴,2274,55,x,,10,嗜血,84195,4573,3413,1658,2983,2320,1051
22749,废柴宝宝,2274,55,,x,10,嗜血,84195,3518,2625,1275,2295,1785,1051
22750,成年废柴,2275,65,,,10,嗜血,87787,3660,2730,1325,2385,1855,1153
22751,变异废柴,2275,65,x,,10,嗜血,87787,3880,2895,1405,2530,1968,1153
22752,变异废柴,2275,65,x,,10,嗜血,87787,4098,3058,1485,2673,2078,1153
22753,变异废柴,2275,65,x,,10,嗜血,87787,4318,3223,1563,2815,2190,1153
22754,变异废柴,2275,65,x,,10,嗜血,87787,4538,3388,1643,2960,2300,1153
22755,变异废柴,2275,65,x,,10,嗜血,87787,4758,3550,1723,3103,2413,1153
22759,废柴宝宝,2275,65,,x,10,嗜血,87787,3660,2730,1325,2385,1855,1153
22760,成年废柴,2276,75,,,10,嗜血,91379,3800,2838,1378,2478,1928,1255
22761,变异废柴,2276,75,x,,10,嗜血,91379,3990,2978,1445,2603,2023,1255
22762,变异废柴,2276,75,x,,10,嗜血,91379,4180,3120,1515,2725,2120,1255
22763,变异废柴,2276,75,x,,10,嗜血,91379,4370,3263,1583,2850,2218,1255
22764,变异废柴,2276,75,x,,10,嗜血,91379,4560,3405,1653,2975,2313,1255
22765,变异废柴,2276,75,x,,10,嗜血,91379,4750,3545,1720,3098,2410,1255
22766,变异废柴,2276,75,x,,10,嗜血,91379,4940,3688,1790,3223,2505,1255
22769,废柴宝宝,2276,75,,x,10,嗜血,91379,3800,2838,1378,2478,1928,1255
22770,成年废柴,2277,85,,,10,嗜血,94971,3938,2940,1428,2568,1998,1357
22771,变异废柴,2277,85,x,,10,嗜血,94971,4108,3065,1488,2678,2083,1357
22772,变异废柴,2277,85,x,,10,嗜血,94971,4278,3193,1548,2788,2168,1357
22773,变异废柴,2277,85,x,,10,嗜血,94971,4445,3318,1610,2898,2255,1357
22774,变异废柴,2277,85,x,,10,嗜血,94971,4615,3443,1670,3008,2340,1357
22775,变异废柴,2277,85,x,,10,嗜血,94971,4783,3570,1733,3120,2425,1357
22776,变异废柴,2277,85,x,,10,嗜血,94971,4953,3695,1793,3230,2510,1357
22777,变异废柴,2277,85,x,,10,嗜血,94971,5120,3823,1855,3340,2598,1357
22779,废柴宝宝,2277,85,,x,10,嗜血,94971,3938,2940,1428,2568,1998,1357
22780,成年废柴,2278,95,,,10,嗜血,98563,4080,3045,1478,2660,2070,1459
22781,变异废柴,2278,95,x,,10,嗜血,98563,4233,3160,1533,2760,2148,1459
22782,变异废柴,2278,95,x,,10,嗜血,98563,4385,3273,1588,2860,2225,1459
22783,变异废柴,2278,95,x,,10,嗜血,98563,4540,3388,1645,2960,2303,1459
22784,变异废柴,2278,95,x,,10,嗜血,98563,4693,3503,1700,3060,2380,1459
22785,变异废柴,2278,95,x,,10,嗜血,98563,4845,3615,1755,3160,2458,1459
22786,变异废柴,2278,95,x,,10,嗜血,98563,4998,3730,1810,3260,2535,1459
22787,变异废柴,2278,95,x,,10,嗜血,98563,5153,3845,1865,3360,2613,1459
22788,变异废柴,2278,95,x,,10,嗜血,98563,5305,3960,1920,3460,2690,1459
22789,废柴宝宝,2278,95,,x,10,嗜血,98563,4080,3045,1478,2660,2070,1459
22790,成年灵兔兽,2279,5,,,10,附身,77012,1173,1805,3258,1875,2345,846
22791,变异灵兔兽,2279,5,x,,10,附身,77012,1348,2075,3748,2155,2695,846
22792,变异灵兔兽,2279,5,x,,10,附身,77012,1523,2345,4235,2438,3048,846
22799,灵兔兽宝宝,2279,5,,x,10,附身,77012,1173,1805,3258,1875,2345,846
22800,成年灵兔兽,2280,45,,,10,附身,80604,1223,1883,3400,1958,2448,948
22801,变异灵兔兽,2280,45,x,,10,附身,80604,1345,2073,3740,2153,2690,948
22802,变异灵兔兽,2280,45,x,,10,附身,80604,1468,2260,4080,2348,2935,948
22803,变异灵兔兽,2280,45,x,,10,附身,80604,1590,2448,4423,2545,3180,948
22809,灵兔兽宝宝,2280,45,,x,10,附身,80604,1223,1883,3400,1958,2448,948
22810,成年灵兔兽,2281,55,,,10,附身,84195,1275,1963,3543,2040,2550,1051
22811,变异灵兔兽,2281,55,x,,10,附身,84195,1370,2110,3810,2193,2740,1051
22812,变异灵兔兽,2281,55,x,,10,附身,84195,1465,2258,4075,2345,2933,1051
22813,变异灵兔兽,2281,55,x,,10,附身,84195,1560,2405,4340,2498,3123,1051
22814,变异灵兔兽,2281,55,x,,10,附身,84195,1658,2553,4608,2650,3315,1051
22819,灵兔兽宝宝,2281,55,,x,10,附身,84195,1275,1963,3543,2040,2550,1051
22820,成年灵兔兽,2282,65,,,10,附身,87787,1325,2040,3685,2120,2653,1153
22821,变异灵兔兽,2282,65,x,,10,附身,87787,1405,2163,3908,2248,2810,1153
22822,变异灵兔兽,2282,65,x,,10,附身,87787,1485,2288,4128,2375,2970,1153
22823,变异灵兔兽,2282,65,x,,10,附身,87787,1563,2410,4350,2503,3128,1153
22824,变异灵兔兽,2282,65,x,,10,附身,87787,1643,2533,4570,2630,3288,1153
22825,变异灵兔兽,2282,65,x,,10,附身,87787,1723,2655,4793,2758,3448,1153
22829,灵兔兽宝宝,2282,65,,x,10,附身,87787,1325,2040,3685,2120,2653,1153
22830,成年灵兔兽,2283,75,,,10,附身,91379,1378,2120,3828,2203,2755,1255
22831,变异灵兔兽,2283,75,x,,10,附身,91379,1445,2225,4020,2313,2893,1255
22832,变异灵兔兽,2283,75,x,,10,附身,91379,1515,2333,4210,2423,3030,1255
22833,变异灵兔兽,2283,75,x,,10,附身,91379,1583,2438,4403,2533,3168,1255
22834,变异灵兔兽,2283,75,x,,10,附身,91379,1653,2545,4595,2643,3305,1255
22835,变异灵兔兽,2283,75,x,,10,附身,91379,1720,2650,4785,2755,3443,1255
22836,变异灵兔兽,2283,75,x,,10,附身,91379,1790,2758,4978,2865,3580,1255
22839,灵兔兽宝宝,2283,75,,x,10,附身,91379,1378,2120,3828,2203,2755,1255
22840,成年灵兔兽,2284,85,,,10,附身,94971,1428,2198,3968,2283,2855,1357
22841,变异灵兔兽,2284,85,x,,10,附身,94971,1488,2293,4138,2380,2975,1357
22842,变异灵兔兽,2284,85,x,,10,附身,94971,1548,2385,4308,2478,3098,1357
22843,变异灵兔兽,2284,85,x,,10,附身,94971,1610,2480,4478,2578,3220,1357
22844,变异灵兔兽,2284,85,x,,10,附身,94971,1670,2575,4648,2675,3343,1357
22845,变异灵兔兽,2284,85,x,,10,附身,94971,1733,2668,4818,2773,3465,1357
22846,变异灵兔兽,2284,85,x,,10,附身,94971,1793,2763,4988,2870,3588,1357
22847,变异灵兔兽,2284,85,x,,10,附身,94971,1855,2858,5158,2968,3710,1357
22849,灵兔兽宝宝,2284,85,,x,10,附身,94971,1428,2198,3968,2283,2855,1357
22850,成年灵兔兽,2285,95,,,10,附身,98563,1478,2275,4110,2365,2958,1459
22851,变异灵兔兽,2285,95,x,,10,附身,98563,1533,2363,4265,2453,3068,1459
22852,变异灵兔兽,2285,95,x,,10,附身,98563,1588,2448,4418,2543,3178,1459
22853,变异灵兔兽,2285,95,x,,10,附身,98563,1645,2533,4573,2630,3290,1459
22854,变异灵兔兽,2285,95,x,,10,附身,98563,1700,2618,4728,2720,3400,1459
22855,变异灵兔兽,2285,95,x,,10,附身,98563,1755,2703,4880,2808,3510,1459
22856,变异灵兔兽,2285,95,x,,10,附身,98563,1810,2788,5035,2898,3623,1459
22857,变异灵兔兽,2285,95,x,,10,附身,98563,1865,2875,5190,2985,3733,1459
22858,变异灵兔兽,2285,95,x,,10,附身,98563,1920,2960,5343,3075,3843,1459
22859,灵兔兽宝宝,2285,95,,x,10,附身,98563,1478,2275,4110,2365,2958,1459
22860,成年至尊神兽,2286,5,,,10,嗜血,77012,3235,2415,1173,2110,1640,846
22861,变异至尊神兽,2286,5,x,,10,嗜血,77012,3720,2778,1348,2425,1888,846
22862,变异至尊神兽,2286,5,x,,10,嗜血,77012,4205,3138,1523,2743,2133,846
22869,至尊神兽宝宝,2286,5,,x,10,极冰凝杀,77012,3235,2415,1173,2110,1640,846
22870,成年至尊神兽,2287,45,,,10,嗜血,80604,3378,2520,1223,2203,1713,948
22871,变异至尊神兽,2287,45,x,,10,嗜血,80604,3715,2773,1345,2423,1883,948
22872,变异至尊神兽,2287,45,x,,10,嗜血,80604,4053,3025,1468,2643,2055,948
22873,变异至尊神兽,2287,45,x,,10,嗜血,80604,4390,3275,1590,2863,2225,948
22879,至尊神兽宝宝,2287,45,,x,10,极冰凝杀,80604,3378,2520,1223,2203,1713,948
22880,成年至尊神兽,2288,55,,,10,嗜血,84195,3518,2625,1275,2295,1785,1051
22881,变异至尊神兽,2288,55,x,,10,嗜血,84195,3783,2823,1370,2465,1918,1051
22882,变异至尊神兽,2288,55,x,,10,嗜血,84195,4045,3020,1465,2638,2053,1051
22883,变异至尊神兽,2288,55,x,,10,嗜血,84195,4310,3215,1560,2810,2185,1051
22884,变异至尊神兽,2288,55,x,,10,嗜血,84195,4573,3413,1658,2983,2320,1051
22889,至尊神兽宝宝,2288,55,,x,10,极冰凝杀,84195,3518,2625,1275,2295,1785,1051
22890,成年至尊神兽,2289,65,,,10,嗜血,87787,3660,2730,1325,2385,1855,1153
22891,变异至尊神兽,2289,65,x,,10,嗜血,87787,3880,2895,1405,2530,1968,1153
22892,变异至尊神兽,2289,65,x,,10,嗜血,87787,4098,3058,1485,2673,2078,1153
22893,变异至尊神兽,2289,65,x,,10,嗜血,87787,4318,3223,1563,2815,2190,1153
22894,变异至尊神兽,2289,65,x,,10,嗜血,87787,4538,3388,1643,2960,2300,1153
22895,变异至尊神兽,2289,65,x,,10,嗜血,87787,4758,3550,1723,3103,2413,1153
22899,至尊神兽宝宝,2289,65,,x,10,极冰凝杀,87787,3660,2730,1325,2385,1855,1153
22900,成年至尊神兽,2290,75,,,10,嗜血,91379,3800,2838,1378,2478,1928,1255
22901,变异至尊神兽,2290,75,x,,10,嗜血,91379,3990,2978,1445,2603,2023,1255
22902,变异至尊神兽,2290,75,x,,10,嗜血,91379,4180,3120,1515,2725,2120,1255
22903,变异至尊神兽,2290,75,x,,10,嗜血,91379,4370,3263,1583,2850,2218,1255
22904,变异至尊神兽,2290,75,x,,10,嗜血,91379,4560,3405,1653,2975,2313,1255
22905,变异至尊神兽,2290,75,x,,10,嗜血,91379,4750,3545,1720,3098,2410,1255
22906,变异至尊神兽,2290,75,x,,10,嗜血,91379,4940,3688,1790,3223,2505,1255
22909,至尊神兽宝宝,2290,75,,x,10,极冰凝杀,91379,3800,2838,1378,2478,1928,1255
22910,成年至尊神兽,2291,85,,,10,嗜血,94971,3938,2940,1428,2568,1998,1357
22911,变异至尊神兽,2291,85,x,,10,嗜血,94971,4108,3065,1488,2678,2083,1357
22912,变异至尊神兽,2291,85,x,,10,嗜血,94971,4278,3193,1548,2788,2168,1357
22913,变异至尊神兽,2291,85,x,,10,嗜血,94971,4445,3318,1610,2898,2255,1357
22914,变异至尊神兽,2291,85,x,,10,嗜血,94971,4615,3443,1670,3008,2340,1357
22915,变异至尊神兽,2291,85,x,,10,嗜血,94971,4783,3570,1733,3120,2425,1357
22916,变异至尊神兽,2291,85,x,,10,嗜血,94971,4953,3695,1793,3230,2510,1357
22917,变异至尊神兽,2291,85,x,,10,嗜血,94971,5120,3823,1855,3340,2598,1357
22919,至尊神兽宝宝,2291,85,,x,10,极冰凝杀,94971,3938,2940,1428,2568,1998,1357
22920,成年至尊神兽,2292,95,,,10,嗜血,98563,4080,3045,1478,2660,2070,1459
22921,变异至尊神兽,2292,95,x,,10,嗜血,98563,4233,3160,1533,2760,2148,1459
22922,变异至尊神兽,2292,95,x,,10,嗜血,98563,4385,3273,1588,2860,2225,1459
22923,变异至尊神兽,2292,95,x,,10,嗜血,98563,4540,3388,1645,2960,2303,1459
22924,变异至尊神兽,2292,95,x,,10,嗜血,98563,4693,3503,1700,3060,2380,1459
22925,变异至尊神兽,2292,95,x,,10,嗜血,98563,4845,3615,1755,3160,2458,1459
22926,变异至尊神兽,2292,95,x,,10,嗜血,98563,4998,3730,1810,3260,2535,1459
22927,变异至尊神兽,2292,95,x,,10,嗜血,98563,5153,3845,1865,3360,2613,1459
22928,变异至尊神兽,2292,95,x,,10,嗜血,98563,5305,3960,1920,3460,2690,1459
22929,至尊神兽宝宝,2292,95,,x,10,极冰凝杀,98563,4080,3045,1478,2660,2070,1459
22930,成年卡卡狮,2293,5,,,10,嗜血,77012,2345,2110,1875,3048,1640,846
22931,变异卡卡狮,2293,5,x,,10,嗜血,77012,2695,2425,2155,3505,1888,846
22932,变异卡卡狮,2293,5,x,,10,嗜血,77012,3048,2743,2438,3963,2133,846
22939,卡卡狮宝宝,2293,5,,x,10,嗜血,77012,2345,2110,1875,3048,1640,846
22940,成年香甜火鸡,2294,5,,,10,伪装,77012,1640,1875,3048,1875,2578,846
22941,变异香甜火鸡,2294,5,x,,10,伪装,77012,1888,2155,3505,2155,2965,846
22942,变异香甜火鸡,2294,5,x,,10,伪装,77012,2133,2438,3963,2438,3353,846
22949,香甜火鸡宝宝,2294,5,,x,10,伪装,77012,1640,1875,3048,1875,2578,846
22950,成年醋椒火鸡,2295,45,,,10,伪装,80604,1713,1958,3180,1958,2690,948
22951,变异醋椒火鸡,2295,45,x,,10,伪装,80604,1883,2153,3498,2153,2960,948
22952,变异醋椒火鸡,2295,45,x,,10,伪装,80604,2055,2348,3818,2348,3230,948
22953,变异醋椒火鸡,2295,45,x,,10,伪装,80604,2225,2545,4135,2545,3498,948
22959,醋椒火鸡宝宝,2295,45,,x,10,伪装,80604,1713,1958,3180,1958,2690,948
22960,成年番茄火鸡,2296,55,,,10,伪装,84195,1785,2040,3315,2040,2805,1051
22961,变异番茄火鸡,2296,55,x,,10,伪装,84195,1918,2193,3563,2193,3015,1051
22962,变异番茄火鸡,2296,55,x,,10,伪装,84195,2053,2345,3810,2345,3225,1051
22963,变异番茄火鸡,2296,55,x,,10,伪装,84195,2185,2498,4060,2498,3435,1051
22964,变异番茄火鸡,2296,55,x,,10,伪装,84195,2320,2650,4308,2650,3645,1051
22969,番茄火鸡宝宝,2296,55,,x,10,伪装,84195,1785,2040,3315,2040,2805,1051
22970,成年蓝莓火鸡,2297,65,,,10,伪装,87787,1855,2120,3448,2120,2918,1153
22971,变异蓝莓火鸡,2297,65,x,,10,伪装,87787,1968,2248,3655,2248,3093,1153
22972,变异蓝莓火鸡,2297,65,x,,10,伪装,87787,2078,2375,3860,2375,3268,1153
22973,变异蓝莓火鸡,2297,65,x,,10,伪装,87787,2190,2503,4068,2503,3443,1153
22974,变异蓝莓火鸡,2297,65,x,,10,伪装,87787,2300,2630,4275,2630,3618,1153
22975,变异蓝莓火鸡,2297,65,x,,10,伪装,87787,2413,2758,4483,2758,3793,1153
22979,蓝莓火鸡宝宝,2297,65,,x,10,伪装,87787,1855,2120,3448,2120,2918,1153
22980,成年蒜泥火鸡,2298,75,,,10,伪装,91379,1928,2203,3580,2203,3030,1255
22981,变异蒜泥火鸡,2298,75,x,,10,伪装,91379,2023,2313,3760,2313,3180,1255
22982,变异蒜泥火鸡,2298,75,x,,10,伪装,91379,2120,2423,3938,2423,3333,1255
22983,变异蒜泥火鸡,2298,75,x,,10,伪装,91379,2218,2533,4118,2533,3485,1255
22984,变异蒜泥火鸡,2298,75,x,,10,伪装,91379,2313,2643,4298,2643,3635,1255
22985,变异蒜泥火鸡,2298,75,x,,10,伪装,91379,2410,2755,4475,2755,3788,1255
22986,变异蒜泥火鸡,2298,75,x,,10,伪装,91379,2505,2865,4655,2865,3938,1255
22989,蒜泥火鸡宝宝,2298,75,,x,10,伪装,91379,1928,2203,3580,2203,3030,1255
22990,成年咖喱火鸡,2299,85,,,10,伪装,94971,1998,2283,3710,2283,3140,1357
22991,变异咖喱火鸡,2299,85,x,,10,伪装,94971,2083,2380,3870,2380,3275,1357
22992,变异咖喱火鸡,2299,85,x,,10,伪装,94971,2168,2478,4028,2478,3408,1357
22993,变异咖喱火鸡,2299,85,x,,10,伪装,94971,2255,2578,4188,2578,3543,1357
22994,变异咖喱火鸡,2299,85,x,,10,伪装,94971,2340,2675,4348,2675,3678,1357
22995,变异咖喱火鸡,2299,85,x,,10,伪装,94971,2425,2773,4505,2773,3813,1357
22996,变异咖喱火鸡,2299,85,x,,10,伪装,94971,2510,2870,4665,2870,3948,1357
22997,变异咖喱火鸡,2299,85,x,,10,伪装,94971,2598,2968,4823,2968,4083,1357
22999,咖喱火鸡宝宝,2299,85,,x,10,伪装,94971,1998,2283,3710,2283,3140,1357
23000,成年奶油火鸡,2300,95,,,10,伪装,98563,2070,2365,3843,2365,3253,1459
23001,变异奶油火鸡,2300,95,x,,10,伪装,98563,2148,2453,3988,2453,3375,1459
23002,变异奶油火鸡,2300,95,x,,10,伪装,98563,2225,2543,4133,2543,3495,1459
23003,变异奶油火鸡,2300,95,x,,10,伪装,98563,2303,2630,4275,2630,3618,1459
23004,变异奶油火鸡,2300,95,x,,10,伪装,98563,2380,2720,4420,2720,3740,1459
23005,变异奶油火鸡,2300,95,x,,10,伪装,98563,2458,2808,4565,2808,3863,1459
23006,变异奶油火鸡,2300,95,x,,10,伪装,98563,2535,2898,4708,2898,3985,1459
23007,变异奶油火鸡,2300,95,x,,10,伪装,98563,2613,2985,4853,2985,4105,1459
23008,变异奶油火鸡,2300,95,x,,10,伪装,98563,2690,3075,4998,3075,4228,1459
23009,奶油火鸡宝宝,2300,95,,x,10,伪装,98563,2070,2365,3843,2365,3253,1459
23010,成年丑小鸭,2301,5,,,10,,66236,1275,1275,1275,1275,1275,540
23011,变异丑小鸭,2301,5,x,,10,,66236,1275,1275,1275,1275,1275,540
23012,变异丑小鸭,2301,5,x,,10,,66236,1275,1275,1275,1275,1275,540
23013,变异丑小鸭,2301,5,x,,10,,66236,1275,1275,1275,1275,1275,540
23014,变异丑小鸭,2301,5,x,,10,,66236,1275,1275,1275,1275,1275,540
23015,变异丑小鸭,2301,5,x,,10,,66236,1275,1275,1275,1275,1275,540
23016,神秘企鹅,2301,5,x,,10,治疗,66236,1640,1875,3048,1875,2580,540
23017,神秘鸳鸯,2301,5,x,,10,治疗,66236,1570,1795,2915,1795,2468,540
23018,神秘年兽,2301,5,x,,10,重生,66236,3140,2243,1120,2018,1570,540
23019,丑小鸭宝宝,2301,5,,x,10,,66236,1275,1275,1275,1275,1275,540
23020,成年丑小鸭,2302,55,,,10,,84195,1593,1593,1593,1593,1593,1051
23021,变异丑小鸭,2302,55,x,,10,,84195,1593,1593,1593,1593,1593,1051
23022,变异丑小鸭,2302,55,x,,10,,84195,1593,1593,1593,1593,1593,1051
23023,变异丑小鸭,2302,55,x,,10,,84195,1593,1593,1593,1593,1593,1051
23024,变异丑小鸭,2302,55,x,,10,,84195,1593,1593,1593,1593,1593,1051
23025,变异丑小鸭,2302,55,x,,10,,84195,1593,1593,1593,1593,1593,1051
23026,神秘企鹅,2302,55,x,,10,治疗,84195,1890,2160,3513,2160,2973,1051
23027,神秘鸳鸯,2302,55,x,,10,治疗,84195,1873,2140,3480,2140,2945,1051
23028,神秘年兽,2302,55,x,,10,重生,84195,3748,2678,1338,2408,1873,1051
23029,丑小鸭宝宝,2302,55,,x,10,,84195,1593,1593,1593,1593,1593,1051
23030,成年丑小鸭,2303,85,,,10,,94971,1785,1785,1785,1785,1785,1357
23031,变异丑小鸭,2303,85,x,,10,,94971,1785,1785,1785,1785,1785,1357
23032,变异丑小鸭,2303,85,x,,10,,94971,1785,1785,1785,1785,1785,1357
23033,变异丑小鸭,2303,85,x,,10,,94971,1785,1785,1785,1785,1785,1357
23034,变异丑小鸭,2303,85,x,,10,,94971,1785,1785,1785,1785,1785,1357
23035,变异丑小鸭,2303,85,x,,10,,94971,1785,1785,1785,1785,1785,1357
23036,神秘企鹅,2303,85,x,,10,治疗,94971,2098,2398,3895,2398,3298,1357
23037,神秘鸳鸯,2303,85,x,,10,治疗,94971,2083,2380,3870,2380,3275,1357
23038,神秘年兽,2303,85,x,,10,重生,94971,4168,2975,1488,2678,2083,1357
23039,丑小鸭宝宝,2303,85,,x,10,,94971,1785,1785,1785,1785,1785,1357
23040,成年花仙子,2304,5,,,10,神佑,77012,1640,1875,3048,1875,2578,846
23041,变异花仙子,2304,5,x,,10,神佑,77012,1888,2155,3505,2155,2965,846
23042,变异花仙子,2304,5,x,,10,神佑,77012,2133,2438,3963,2438,3353,846
23049,花仙子宝宝,2304,5,,x,10,神佑,77012,1640,1875,3048,1875,2578,846
23050,成年花仙子,2305,45,,,10,神佑,80604,1713,1958,3180,1958,2690,948
23051,变异花仙子,2305,45,x,,10,神佑,80604,1883,2153,3498,2153,2960,948
23052,变异花仙子,2305,45,x,,10,神佑,80604,2055,2348,3818,2348,3230,948
23053,变异花仙子,2305,45,x,,10,神佑,80604,2225,2545,4135,2545,3498,948
23059,花仙子宝宝,2305,45,,x,10,神佑,80604,1713,1958,3180,1958,2690,948
23060,成年花仙子,2306,55,,,10,神佑,84195,1785,2040,3315,2040,2805,1051
23061,变异花仙子,2306,55,x,,10,神佑,84195,1918,2193,3563,2193,3015,1051
23062,变异花仙子,2306,55,x,,10,神佑,84195,2053,2345,3810,2345,3225,1051
23063,变异花仙子,2306,55,x,,10,神佑,84195,2185,2498,4060,2498,3435,1051
23064,变异花仙子,2306,55,x,,10,神佑,84195,2320,2650,4308,2650,3645,1051
23069,花仙子宝宝,2306,55,,x,10,神佑,84195,1785,2040,3315,2040,2805,1051
23070,成年花仙子,2307,65,,,10,神佑,87787,1855,2120,3448,2120,2918,1153
23071,变异花仙子,2307,65,x,,10,神佑,87787,1968,2248,3655,2248,3093,1153
23072,变异花仙子,2307,65,x,,10,神佑,87787,2078,2375,3860,2375,3268,1153
23073,变异花仙子,2307,65,x,,10,神佑,87787,2190,2503,4068,2503,3443,1153
23074,变异花仙子,2307,65,x,,10,神佑,87787,2300,2630,4275,2630,3618,1153
23075,变异花仙子,2307,65,x,,10,神佑,87787,2413,2758,4483,2758,3793,1153
23079,花仙子宝宝,2307,65,,x,10,神佑,87787,1855,2120,3448,2120,2918,1153
23080,成年花仙子,2308,75,,,10,神佑,91379,1928,2203,3580,2203,3030,1255
23081,变异花仙子,2308,75,x,,10,神佑,91379,2023,2313,3760,2313,3180,1255
23082,变异花仙子,2308,75,x,,10,神佑,91379,2120,2423,3938,2423,3333,1255
23083,变异花仙子,2308,75,x,,10,神佑,91379,2218,2533,4118,2533,3485,1255
23084,变异花仙子,2308,75,x,,10,神佑,91379,2313,2643,4298,2643,3635,1255
23085,变异花仙子,2308,75,x,,10,神佑,91379,2410,2755,4475,2755,3788,1255
23086,变异花仙子,2308,75,x,,10,神佑,91379,2505,2865,4655,2865,3938,1255
23089,花仙子宝宝,2308,75,,x,10,神佑,91379,1928,2203,3580,2203,3030,1255
23090,成年花仙子,2309,85,,,10,神佑,94971,1998,2283,3710,2283,3140,1357
23091,变异花仙子,2309,85,x,,10,神佑,94971,2083,2380,3870,2380,3275,1357
23092,变异花仙子,2309,85,x,,10,神佑,94971,2168,2478,4028,2478,3408,1357
23093,变异花仙子,2309,85,x,,10,神佑,94971,2255,2578,4188,2578,3543,1357
23094,变异花仙子,2309,85,x,,10,神佑,94971,2340,2675,4348,2675,3678,1357
23095,变异花仙子,2309,85,x,,10,神佑,94971,2425,2773,4505,2773,3813,1357
23096,变异花仙子,2309,85,x,,10,神佑,94971,2510,2870,4665,2870,3948,1357
23097,变异花仙子,2309,85,x,,10,神佑,94971,2598,2968,4823,2968,4083,1357
23099,花仙子宝宝,2309,85,,x,10,神佑,94971,1998,2283,3710,2283,3140,1357
23100,成年花仙子,2310,95,,,10,神佑,98563,2070,2365,4020,2365,3253,1459
23101,变异花仙子,2310,95,x,,10,神佑,98563,2148,2453,4173,2453,3375,1459
23102,变异花仙子,2310,95,x,,10,神佑,98563,2225,2543,4323,2543,3495,1459
23103,变异花仙子,2310,95,x,,10,神佑,98563,2303,2630,4473,2630,3618,1459
23104,变异花仙子,2310,95,x,,10,神佑,98563,2380,2720,4625,2720,3740,1459
23105,变异花仙子,2310,95,x,,10,神佑,98563,2458,2808,4775,2808,3863,1459
23106,变异花仙子,2310,95,x,,10,神佑,98563,2535,2898,4925,2898,3985,1459
23107,变异花仙子,2310,95,x,,10,神佑,98563,2613,2985,5078,2985,4105,1459
23108,变异花仙子,2310,95,x,,10,神佑,98563,2690,3075,5228,3075,4228,1459
23109,花仙子宝宝,2310,95,,x,10,神佑,98563,2070,2365,4020,2365,3253,1459
23110,成年驯鹿,2311,5,,,10,神佑,77012,1173,1805,3258,1875,2345,846
23111,变异驯鹿,2311,5,x,,10,神佑,77012,1348,2075,3748,2155,2695,846
23112,变异驯鹿,2311,5,x,,10,神佑,77012,1523,2345,4235,2438,3048,846
23119,驯鹿宝宝,2311,5,,x,10,神佑,77012,1173,1805,3258,1875,2345,846
23120,成年驯鹿,2312,45,,,10,神佑,80604,1223,1883,3400,1958,2448,948
23121,变异驯鹿,2312,45,x,,10,神佑,80604,1345,2073,3740,2153,2690,948
23122,变异驯鹿,2312,45,x,,10,神佑,80604,1468,2260,4080,2348,2935,948
23123,变异驯鹿,2312,45,x,,10,神佑,80604,1590,2448,4423,2545,3180,948
23129,驯鹿宝宝,2312,45,,x,10,神佑,80604,1223,1883,3400,1958,2448,948
23130,成年驯鹿,2313,55,,,10,神佑,84195,1275,1963,3543,2040,2550,1051
23131,变异驯鹿,2313,55,x,,10,神佑,84195,1370,2110,3810,2193,2740,1051
23132,变异驯鹿,2313,55,x,,10,神佑,84195,1465,2258,4075,2345,2933,1051
23133,变异驯鹿,2313,55,x,,10,神佑,84195,1560,2405,4340,2498,3123,1051
23134,变异驯鹿,2313,55,x,,10,神佑,84195,1658,2553,4608,2650,3315,1051
23139,驯鹿宝宝,2313,55,,x,10,神佑,84195,1275,1963,3543,2040,2550,1051
23140,成年驯鹿,2314,65,,,10,神佑,87787,1325,2040,3685,2120,2653,1153
23141,变异驯鹿,2314,65,x,,10,神佑,87787,1405,2163,3908,2248,2810,1153
23142,变异驯鹿,2314,65,x,,10,神佑,87787,1485,2288,4128,2375,2970,1153
23143,变异驯鹿,2314,65,x,,10,神佑,87787,1563,2410,4350,2503,3128,1153
23144,变异驯鹿,2314,65,x,,10,神佑,87787,1643,2533,4570,2630,3288,1153
23145,变异驯鹿,2314,65,x,,10,神佑,87787,1723,2655,4793,2758,3448,1153
23149,驯鹿宝宝,2314,65,,x,10,神佑,87787,1325,2040,3685,2120,2653,1153
23150,成年驯鹿,2315,75,,,10,神佑,91379,1378,2120,3828,2203,2755,1255
23151,变异驯鹿,2315,75,x,,10,神佑,91379,1445,2225,4020,2313,2893,1255
23152,变异驯鹿,2315,75,x,,10,神佑,91379,1515,2333,4210,2423,3030,1255
23153,变异驯鹿,2315,75,x,,10,神佑,91379,1583,2438,4403,2533,3168,1255
23154,变异驯鹿,2315,75,x,,10,神佑,91379,1653,2545,4595,2643,3305,1255
23155,变异驯鹿,2315,75,x,,10,神佑,91379,1720,2650,4785,2755,3443,1255
23156,变异驯鹿,2315,75,x,,10,神佑,91379,1790,2758,4978,2865,3580,1255
23159,驯鹿宝宝,2315,75,,x,10,神佑,91379,1378,2120,3828,2203,2755,1255
23160,成年驯鹿,2316,85,,,10,神佑,94971,1428,2198,3968,2283,2855,1357
23161,变异驯鹿,2316,85,x,,10,神佑,94971,1488,2293,4138,2380,2975,1357
23162,变异驯鹿,2316,85,x,,10,神佑,94971,1548,2385,4308,2478,3098,1357
23163,变异驯鹿,2316,85,x,,10,神佑,94971,1610,2480,4478,2578,3220,1357
23164,变异驯鹿,2316,85,x,,10,神佑,94971,1670,2575,4648,2675,3343,1357
23165,变异驯鹿,2316,85,x,,10,神佑,94971,1733,2668,4818,2773,3465,1357
23166,变异驯鹿,2316,85,x,,10,神佑,94971,1793,2763,4988,2870,3588,1357
23167,变异驯鹿,2316,85,x,,10,神佑,94971,1855,2858,5158,2968,3710,1357
23169,驯鹿宝宝,2316,85,,x,10,神佑,94971,1428,2198,3968,2283,2855,1357
23170,成年驯鹿,2317,95,,,10,神佑,98563,1478,2275,4110,2365,2958,1459
23171,变异驯鹿,2317,95,x,,10,神佑,98563,1533,2363,4265,2453,3068,1459
23172,变异驯鹿,2317,95,x,,10,神佑,98563,1588,2448,4418,2543,3178,1459
23173,变异驯鹿,2317,95,x,,10,神佑,98563,1645,2533,4573,2630,3290,1459
23174,变异驯鹿,2317,95,x,,10,神佑,98563,1700,2618,4728,2720,3400,1459
23175,变异驯鹿,2317,95,x,,10,神佑,98563,1755,2703,4880,2808,3510,1459
23176,变异驯鹿,2317,95,x,,10,神佑,98563,1810,2788,5035,2898,3623,1459
23177,变异驯鹿,2317,95,x,,10,神佑,98563,1865,2875,5190,2985,3733,1459
23178,变异驯鹿,2317,95,x,,10,神佑,98563,1920,2960,5343,3075,3843,1459
23179,驯鹿宝宝,2317,95,,x,10,神佑,98563,1478,2275,4110,2365,2958,1459
23180,成年珍奇虎,2318,5,,,10,清醒,77012,2345,2345,2345,2345,2345,846
23181,变异珍奇虎,2318,5,x,,10,清醒,77012,2695,2695,2695,2695,2695,846
23182,变异珍奇虎,2318,5,x,,10,清醒,77012,3048,3048,3048,3048,3048,846
23189,珍奇虎宝宝,2318,5,,x,10,清醒,77012,2345,2345,2345,2345,2345,846
23190,成年珍奇虎,2319,45,,,10,清醒,80604,2448,2448,2448,2448,2448,948
23191,变异珍奇虎,2319,45,x,,10,清醒,80604,2690,2690,2690,2690,2690,948
23192,变异珍奇虎,2319,45,x,,10,清醒,80604,2935,2935,2935,2935,2935,948
23193,变异珍奇虎,2319,45,x,,10,清醒,80604,3180,3180,3180,3180,3180,948
23199,珍奇虎宝宝,2319,45,,x,10,清醒,80604,2448,2448,2448,2448,2448,948
23200,成年珍奇虎,2320,55,,,10,清醒,84195,2550,2550,2550,2550,2550,1051
23201,变异珍奇虎,2320,55,x,,10,清醒,84195,2740,2740,2740,2740,2740,1051
23202,变异珍奇虎,2320,55,x,,10,清醒,84195,2933,2933,2933,2933,2933,1051
23203,变异珍奇虎,2320,55,x,,10,清醒,84195,3123,3123,3123,3123,3123,1051
23204,变异珍奇虎,2320,55,x,,10,清醒,84195,3315,3315,3315,3315,3315,1051
23209,珍奇虎宝宝,2320,55,,x,10,清醒,84195,2550,2550,2550,2550,2550,1051
23210,成年珍奇虎,2321,65,,,10,清醒,87787,2653,2653,2653,2653,2653,1153
23211,变异珍奇虎,2321,65,x,,10,清醒,87787,2810,2810,2810,2810,2810,1153
23212,变异珍奇虎,2321,65,x,,10,清醒,87787,2970,2970,2970,2970,2970,1153
23213,变异珍奇虎,2321,65,x,,10,清醒,87787,3128,3128,3128,3128,3128,1153
23214,变异珍奇虎,2321,65,x,,10,清醒,87787,3288,3288,3288,3288,3288,1153
23215,变异珍奇虎,2321,65,x,,10,清醒,87787,3448,3448,3448,3448,3448,1153
23219,珍奇虎宝宝,2321,65,,x,10,清醒,87787,2653,2653,2653,2653,2653,1153
23220,成年珍奇虎,2322,75,,,10,清醒,91379,2755,2755,2755,2755,2755,1255
23221,变异珍奇虎,2322,75,x,,10,清醒,91379,2893,2893,2893,2893,2893,1255
23222,变异珍奇虎,2322,75,x,,10,清醒,91379,3030,3030,3030,3030,3030,1255
23223,变异珍奇虎,2322,75,x,,10,清醒,91379,3168,3168,3168,3168,3168,1255
23224,变异珍奇虎,2322,75,x,,10,清醒,91379,3305,3305,3305,3305,3305,1255
23225,变异珍奇虎,2322,75,x,,10,清醒,91379,3443,3443,3443,3443,3443,1255
23226,变异珍奇虎,2322,75,x,,10,清醒,91379,3580,3580,3580,3580,3580,1255
23229,珍奇虎宝宝,2322,75,,x,10,清醒,91379,2755,2755,2755,2755,2755,1255
23230,成年珍奇虎,2323,85,,,10,清醒,94971,2855,2855,2855,2855,2855,1357
23231,变异珍奇虎,2323,85,x,,10,清醒,94971,2975,2975,2975,2975,2975,1357
23232,变异珍奇虎,2323,85,x,,10,清醒,94971,3098,3098,3098,3098,3098,1357
23233,变异珍奇虎,2323,85,x,,10,清醒,94971,3220,3220,3220,3220,3220,1357
23234,变异珍奇虎,2323,85,x,,10,清醒,94971,3343,3343,3343,3343,3343,1357
23235,变异珍奇虎,2323,85,x,,10,清醒,94971,3465,3465,3465,3465,3465,1357
23236,变异珍奇虎,2323,85,x,,10,清醒,94971,3588,3588,3588,3588,3588,1357
23237,变异珍奇虎,2323,85,x,,10,清醒,94971,3710,3710,3710,3710,3710,1357
23239,珍奇虎宝宝,2323,85,,x,10,清醒,94971,2855,2855,2855,2855,2855,1357
23240,成年珍奇虎,2324,95,,,10,清醒,98563,2958,2958,2958,2958,2958,1459
23241,变异珍奇虎,2324,95,x,,10,清醒,98563,3068,3068,3068,3068,3068,1459
23242,变异珍奇虎,2324,95,x,,10,清醒,98563,3178,3178,3178,3178,3178,1459
23243,变异珍奇虎,2324,95,x,,10,清醒,98563,3290,3290,3290,3290,3290,1459
23244,变异珍奇虎,2324,95,x,,10,清醒,98563,3400,3400,3400,3400,3400,1459
23245,变异珍奇虎,2324,95,x,,10,清醒,98563,3510,3510,3510,3510,3510,1459
23246,变异珍奇虎,2324,95,x,,10,清醒,98563,3623,3623,3623,3623,3623,1459
23247,变异珍奇虎,2324,95,x,,10,清醒,98563,3733,3733,3733,3733,3733,1459
23248,变异珍奇虎,2324,95,x,,10,清醒,98563,3843,3843,3843,3843,3843,1459
23249,珍奇虎宝宝,2324,95,,x,10,清醒,98563,2958,2958,2958,2958,2958,1459
23250,成年布老虎,2325,5,,,10,嗜血,77012,3048,2578,1640,2110,1640,846
23251,变异布老虎,2325,5,x,,10,嗜血,77012,3505,2965,1888,2425,1888,846
23252,变异布老虎,2325,5,x,,10,嗜血,77012,3963,3353,2133,2743,2133,846
23259,布老虎宝宝,2325,5,,x,10,嗜血,77012,3048,2578,1640,2110,1640,846
23260,成年布老虎,2326,45,,,10,嗜血,80604,3180,2690,1713,2203,1713,948
23261,变异布老虎,2326,45,x,,10,嗜血,80604,3498,2960,1883,2423,1883,948
23262,变异布老虎,2326,45,x,,10,嗜血,80604,3818,3230,2055,2643,2055,948
23263,变异布老虎,2326,45,x,,10,嗜血,80604,4135,3498,2225,2863,2225,948
23269,布老虎宝宝,2326,45,,x,10,嗜血,80604,3180,2690,1713,2203,1713,948
23270,成年布老虎,2327,55,,,10,嗜血,84195,3315,2805,1785,2295,1785,1051
23271,变异布老虎,2327,55,x,,10,嗜血,84195,3563,3015,1918,2465,1918,1051
23272,变异布老虎,2327,55,x,,10,嗜血,84195,3810,3225,2053,2638,2053,1051
23273,变异布老虎,2327,55,x,,10,嗜血,84195,4060,3435,2185,2810,2185,1051
23274,变异布老虎,2327,55,x,,10,嗜血,84195,4308,3645,2320,2983,2320,1051
23279,布老虎宝宝,2327,55,,x,10,嗜血,84195,3315,2805,1785,2295,1785,1051
23280,成年布老虎,2328,65,,,10,嗜血,87787,3448,2918,1855,2385,1855,1153
23281,变异布老虎,2328,65,x,,10,嗜血,87787,3655,3093,1968,2530,1968,1153
23282,变异布老虎,2328,65,x,,10,嗜血,87787,3860,3268,2078,2673,2078,1153
23283,变异布老虎,2328,65,x,,10,嗜血,87787,4068,3443,2190,2815,2190,1153
23284,变异布老虎,2328,65,x,,10,嗜血,87787,4275,3618,2300,2960,2300,1153
23285,变异布老虎,2328,65,x,,10,嗜血,87787,4483,3793,2413,3103,2413,1153
23289,布老虎宝宝,2328,65,,x,10,嗜血,87787,3448,2918,1855,2385,1855,1153
23290,成年布老虎,2329,75,,,10,嗜血,91379,3580,3030,1928,2478,1928,1255
23291,变异布老虎,2329,75,x,,10,嗜血,91379,3760,3180,2023,2603,2023,1255
23292,变异布老虎,2329,75,x,,10,嗜血,91379,3938,3333,2120,2725,2120,1255
23293,变异布老虎,2329,75,x,,10,嗜血,91379,4118,3485,2218,2850,2218,1255
23294,变异布老虎,2329,75,x,,10,嗜血,91379,4298,3635,2313,2975,2313,1255
23295,变异布老虎,2329,75,x,,10,嗜血,91379,4475,3788,2410,3098,2410,1255
23296,变异布老虎,2329,75,x,,10,嗜血,91379,4655,3938,2505,3223,2505,1255
23299,布老虎宝宝,2329,75,,x,10,嗜血,91379,3580,3030,1928,2478,1928,1255
23300,成年布老虎,2330,85,,,10,嗜血,94971,3710,3140,1998,2568,1998,1357
23301,变异布老虎,2330,85,x,,10,嗜血,94971,3870,3275,2083,2678,2083,1357
23302,变异布老虎,2330,85,x,,10,嗜血,94971,4028,3408,2168,2788,2168,1357
23303,变异布老虎,2330,85,x,,10,嗜血,94971,4188,3543,2255,2898,2255,1357
23304,变异布老虎,2330,85,x,,10,嗜血,94971,4348,3678,2340,3008,2340,1357
23305,变异布老虎,2330,85,x,,10,嗜血,94971,4505,3813,2425,3120,2425,1357
23306,变异布老虎,2330,85,x,,10,嗜血,94971,4665,3948,2510,3230,2510,1357
23307,变异布老虎,2330,85,x,,10,嗜血,94971,4823,4083,2598,3340,2598,1357
23309,布老虎宝宝,2330,85,,x,10,嗜血,94971,3710,3140,1998,2568,1998,1357
23310,成年布老虎,2331,95,,,10,嗜血,98563,4020,3253,2070,2660,2070,1459
23311,变异布老虎,2331,95,x,,10,嗜血,98563,4173,3375,2148,2760,2148,1459
23312,变异布老虎,2331,95,x,,10,嗜血,98563,4323,3495,2225,2860,2225,1459
23313,变异布老虎,2331,95,x,,10,嗜血,98563,4473,3618,2303,2960,2303,1459
23314,变异布老虎,2331,95,x,,10,嗜血,98563,4625,3740,2380,3060,2380,1459
23315,变异布老虎,2331,95,x,,10,嗜血,98563,4775,3863,2458,3160,2458,1459
23316,变异布老虎,2331,95,x,,10,嗜血,98563,4925,3985,2535,3260,2535,1459
23317,变异布老虎,2331,95,x,,10,嗜血,98563,5078,4105,2613,3360,2613,1459
23318,变异布老虎,2331,95,x,,10,嗜血,98563,5228,4228,2690,3460,2690,1459
23319,布老虎宝宝,2331,95,,x,10,嗜血,98563,4020,3253,2070,2660,2070,1459
23330,成年幼齿龙,2333,5,,,10,嗜血,77012,3283,2345,1173,2110,1640,846
23331,变异幼齿龙,2333,5,x,,10,嗜血,77012,3775,2695,1348,2425,1888,846
23332,变异幼齿龙,2333,5,x,,10,嗜血,77012,4268,3048,1523,2743,2133,846
23339,幼齿龙宝宝,2333,5,,x,10,嗜血,77012,3283,2345,1173,2110,1640,846
23340,成年幼齿龙,2334,45,,,10,嗜血,80604,3425,2448,1223,2203,1713,948
23341,变异幼齿龙,2334,45,x,,10,嗜血,80604,3768,2690,1345,2423,1883,948
23342,变异幼齿龙,2334,45,x,,10,嗜血,80604,4110,2935,1468,2643,2055,948
23343,变异幼齿龙,2334,45,x,,10,嗜血,80604,4453,3180,1590,2863,2225,948
23349,幼齿龙宝宝,2334,45,,x,10,嗜血,80604,3425,2448,1223,2203,1713,948
23350,成年幼齿龙,2335,55,,,10,嗜血,84195,3570,2550,1275,2295,1785,1051
23351,变异幼齿龙,2335,55,x,,10,嗜血,84195,3838,2740,1370,2465,1918,1051
23352,变异幼齿龙,2335,55,x,,10,嗜血,84195,4105,2933,1465,2638,2053,1051
23353,变异幼齿龙,2335,55,x,,10,嗜血,84195,4373,3123,1560,2810,2185,1051
23354,变异幼齿龙,2335,55,x,,10,嗜血,84195,4640,3315,1658,2983,2320,1051
23359,幼齿龙宝宝,2335,55,,x,10,嗜血,84195,3570,2550,1275,2295,1785,1051
23360,成年幼齿龙,2336,65,,,10,嗜血,87787,3713,2653,1325,2385,1855,1153
23361,变异幼齿龙,2336,65,x,,10,嗜血,87787,3935,2810,1405,2530,1968,1153
23362,变异幼齿龙,2336,65,x,,10,嗜血,87787,4158,2970,1485,2673,2078,1153
23363,变异幼齿龙,2336,65,x,,10,嗜血,87787,4380,3128,1563,2815,2190,1153
23364,变异幼齿龙,2336,65,x,,10,嗜血,87787,4603,3288,1643,2960,2300,1153
23365,变异幼齿龙,2336,65,x,,10,嗜血,87787,4828,3448,1723,3103,2413,1153
23369,幼齿龙宝宝,2336,65,,x,10,嗜血,87787,3713,2653,1325,2385,1855,1153
23370,成年幼齿龙,2337,75,,,10,嗜血,91379,3855,2755,1378,2478,1928,1255
23371,变异幼齿龙,2337,75,x,,10,嗜血,91379,4048,2893,1445,2603,2023,1255
23372,变异幼齿龙,2337,75,x,,10,嗜血,91379,4243,3030,1515,2725,2120,1255
23373,变异幼齿龙,2337,75,x,,10,嗜血,91379,4435,3168,1583,2850,2218,1255
23374,变异幼齿龙,2337,75,x,,10,嗜血,91379,4628,3305,1653,2975,2313,1255
23375,变异幼齿龙,2337,75,x,,10,嗜血,91379,4820,3443,1720,3098,2410,1255
23376,变异幼齿龙,2337,75,x,,10,嗜血,91379,5013,3580,1790,3223,2505,1255
23379,幼齿龙宝宝,2337,75,,x,10,嗜血,91379,3855,2755,1378,2478,1928,1255
23380,成年幼齿龙,2338,85,,,10,嗜血,94971,3995,2855,1428,2568,1998,1357
23381,变异幼齿龙,2338,85,x,,10,嗜血,94971,4168,2975,1488,2678,2083,1357
23382,变异幼齿龙,2338,85,x,,10,嗜血,94971,4338,3098,1548,2788,2168,1357
23383,变异幼齿龙,2338,85,x,,10,嗜血,94971,4510,3220,1610,2898,2255,1357
23384,变异幼齿龙,2338,85,x,,10,嗜血,94971,4680,3343,1670,3008,2340,1357
23385,变异幼齿龙,2338,85,x,,10,嗜血,94971,4853,3465,1733,3120,2425,1357
23386,变异幼齿龙,2338,85,x,,10,嗜血,94971,5023,3588,1793,3230,2510,1357
23387,变异幼齿龙,2338,85,x,,10,嗜血,94971,5195,3710,1855,3340,2598,1357
23389,幼齿龙宝宝,2338,85,,x,10,嗜血,94971,3995,2855,1428,2568,1998,1357
23390,成年幼齿龙,2339,95,,,10,嗜血,98563,4140,2958,1478,2660,2070,1459
23391,变异幼齿龙,2339,95,x,,10,嗜血,98563,4295,3068,1533,2760,2148,1459
23392,变异幼齿龙,2339,95,x,,10,嗜血,98563,4450,3178,1588,2860,2225,1459
23393,变异幼齿龙,2339,95,x,,10,嗜血,98563,4605,3290,1645,2960,2303,1459
23394,变异幼齿龙,2339,95,x,,10,嗜血,98563,4760,3400,1700,3060,2380,1459
23395,变异幼齿龙,2339,95,x,,10,嗜血,98563,4915,3510,1755,3160,2458,1459
23396,变异幼齿龙,2339,95,x,,10,嗜血,98563,5070,3623,1810,3260,2535,1459
23397,变异幼齿龙,2339,95,x,,10,嗜血,98563,5225,3733,1865,3360,2613,1459
23398,变异幼齿龙,2339,95,x,,10,嗜血,98563,5383,3843,1920,3460,2690,1459
23399,幼齿龙宝宝,2339,95,,x,10,嗜血,98563,4140,2958,1478,2660,2070,1459
23400,成年熊猫双侠,2340,5,,,10,嗜血,77012,3235,2415,1173,2110,1640,846
23401,变异熊猫双侠,2340,5,x,,10,嗜血,77012,3720,2778,1348,2425,1888,846
23402,变异熊猫双侠,2340,5,x,,10,嗜血,77012,4205,3138,1523,2743,2133,846
23409,熊猫双侠宝宝,2340,5,,x,10,嗜血,77012,3235,2415,1173,2110,1640,846
23410,成年熊猫双侠,2341,45,,,10,嗜血,80604,3378,2520,1223,2203,1713,948
23411,变异熊猫双侠,2341,45,x,,10,嗜血,80604,3715,2773,1345,2423,1883,948
23412,变异熊猫双侠,2341,45,x,,10,嗜血,80604,4053,3025,1468,2643,2055,948
23413,变异熊猫双侠,2341,45,x,,10,嗜血,80604,4390,3275,1590,2863,2225,948
23419,熊猫双侠宝宝,2341,45,,x,10,嗜血,80604,3378,2520,1223,2203,1713,948
23420,成年熊猫双侠,2342,55,,,10,嗜血,84195,3518,2625,1275,2295,1785,1051
23421,变异熊猫双侠,2342,55,x,,10,嗜血,84195,3783,2823,1370,2465,1918,1051
23422,变异熊猫双侠,2342,55,x,,10,嗜血,84195,4045,3020,1465,2638,2053,1051
23423,变异熊猫双侠,2342,55,x,,10,嗜血,84195,4310,3215,1560,2810,2185,1051
23424,变异熊猫双侠,2342,55,x,,10,嗜血,84195,4573,3413,1658,2983,2320,1051
23429,熊猫双侠宝宝,2342,55,,x,10,嗜血,84195,3518,2625,1275,2295,1785,1051
23430,成年熊猫双侠,2343,65,,,10,嗜血,87787,3660,2730,1325,2385,1855,1153
23431,变异熊猫双侠,2343,65,x,,10,嗜血,87787,3880,2895,1405,2530,1968,1153
23432,变异熊猫双侠,2343,65,x,,10,嗜血,87787,4098,3058,1485,2673,2078,1153
23433,变异熊猫双侠,2343,65,x,,10,嗜血,87787,4318,3223,1563,2815,2190,1153
23434,变异熊猫双侠,2343,65,x,,10,嗜血,87787,4538,3388,1643,2960,2300,1153
23435,变异熊猫双侠,2343,65,x,,10,嗜血,87787,4758,3550,1723,3103,2413,1153
23439,熊猫双侠宝宝,2343,65,,x,10,嗜血,87787,3660,2730,1325,2385,1855,1153
23440,成年熊猫双侠,2344,75,,,10,嗜血,91379,3800,2838,1378,2478,1928,1255
23441,变异熊猫双侠,2344,75,x,,10,嗜血,91379,3990,2978,1445,2603,2023,1255
23442,变异熊猫双侠,2344,75,x,,10,嗜血,91379,4180,3120,1515,2725,2120,1255
23443,变异熊猫双侠,2344,75,x,,10,嗜血,91379,4370,3263,1583,2850,2218,1255
23444,变异熊猫双侠,2344,75,x,,10,嗜血,91379,4560,3405,1653,2975,2313,1255
23445,变异熊猫双侠,2344,75,x,,10,嗜血,91379,4750,3545,1720,3098,2410,1255
23446,变异熊猫双侠,2344,75,x,,10,嗜血,91379,4940,3688,1790,3223,2505,1255
23449,熊猫双侠宝宝,2344,75,,x,10,嗜血,91379,3800,2838,1378,2478,1928,1255
23450,成年熊猫双侠,2345,85,,,10,嗜血,94971,3938,2940,1428,2568,1998,1357
23451,变异熊猫双侠,2345,85,x,,10,嗜血,94971,4108,3065,1488,2678,2083,1357
23452,变异熊猫双侠,2345,85,x,,10,嗜血,94971,4278,3193,1548,2788,2168,1357
23453,变异熊猫双侠,2345,85,x,,10,嗜血,94971,4445,3318,1610,2898,2255,1357
23454,变异熊猫双侠,2345,85,x,,10,嗜血,94971,4615,3443,1670,3008,2340,1357
23455,变异熊猫双侠,2345,85,x,,10,嗜血,94971,4783,3570,1733,3120,2425,1357
23456,变异熊猫双侠,2345,85,x,,10,嗜血,94971,4953,3695,1793,3230,2510,1357
23457,变异熊猫双侠,2345,85,x,,10,嗜血,94971,5120,3823,1855,3340,2598,1357
23459,熊猫双侠宝宝,2345,85,,x,10,嗜血,94971,3938,2940,1428,2568,1998,1357
23460,成年熊猫双侠,2346,95,,,10,嗜血,98563,4080,3045,1478,2660,2070,1459
23461,变异熊猫双侠,2346,95,x,,10,嗜血,98563,4233,3160,1533,2760,2148,1459
23462,变异熊猫双侠,2346,95,x,,10,嗜血,98563,4385,3273,1588,2860,2225,1459
23463,变异熊猫双侠,2346,95,x,,10,嗜血,98563,4540,3388,1645,2960,2303,1459
23464,变异熊猫双侠,2346,95,x,,10,嗜血,98563,4693,3503,1700,3060,2380,1459
23465,变异熊猫双侠,2346,95,x,,10,嗜血,98563,4845,3615,1755,3160,2458,1459
23466,变异熊猫双侠,2346,95,x,,10,嗜血,98563,4998,3730,1810,3260,2535,1459
23467,变异熊猫双侠,2346,95,x,,10,嗜血,98563,5153,3845,1865,3360,2613,1459
23468,变异熊猫双侠,2346,95,x,,10,嗜血,98563,5305,3960,1920,3460,2690,1459
23469,熊猫双侠宝宝,2346,95,,x,10,嗜血,98563,4080,3045,1478,2660,2070,1459
23470,成年招柴猫,2347,20,,,10,明目,71624,1533,1753,2850,1753,2410,693
23471,变异招柴猫,2347,20,x,,10,明目,71624,1763,2015,3278,2015,2773,693
23472,变异招柴猫,2347,20,x,,10,明目,71624,1995,2280,3705,2280,3135,693
23479,招柴猫宝宝,2347,20,,x,10,明目,71624,1533,1753,2850,1753,2410,693
23490,成年章鱼,2349,20,,,10,伪装,71624,1533,1753,2850,1753,2410,693
23491,变异章鱼,2349,20,x,,10,伪装,71624,1763,2015,3278,2015,2773,693
23492,变异章鱼,2349,20,x,,10,伪装,71624,1995,2280,3705,2280,3135,693
23499,章鱼宝宝,2349,20,,x,10,伪装,71624,1533,1753,2850,1753,2410,693
23500,成年章鱼,2350,45,,,10,伪装,80604,1713,1958,3180,1958,2690,948
23501,变异章鱼,2350,45,x,,10,伪装,80604,1883,2153,3498,2153,2960,948
23502,变异章鱼,2350,45,x,,10,伪装,80604,2055,2348,3818,2348,3230,948
23503,变异章鱼,2350,45,x,,10,伪装,80604,2225,2545,4135,2545,3498,948
23509,章鱼宝宝,2350,45,,x,10,伪装,80604,1713,1958,3180,1958,2690,948
23510,成年章鱼,2351,55,,,10,伪装,84195,1785,2040,3315,2040,2805,1051
23511,变异章鱼,2351,55,x,,10,伪装,84195,1918,2193,3563,2193,3015,1051
23512,变异章鱼,2351,55,x,,10,伪装,84195,2053,2345,3810,2345,3225,1051
23513,变异章鱼,2351,55,x,,10,伪装,84195,2185,2498,4060,2498,3435,1051
23514,变异章鱼,2351,55,x,,10,伪装,84195,2320,2650,4308,2650,3645,1051
23519,章鱼宝宝,2351,55,,x,10,伪装,84195,1785,2040,3315,2040,2805,1051
23520,成年章鱼,2352,65,,,10,伪装,87787,1855,2120,3448,2120,2918,1153
23521,变异章鱼,2352,65,x,,10,伪装,87787,1968,2248,3655,2248,3093,1153
23522,变异章鱼,2352,65,x,,10,伪装,87787,2078,2375,3860,2375,3268,1153
23523,变异章鱼,2352,65,x,,10,伪装,87787,2190,2503,4068,2503,3443,1153
23524,变异章鱼,2352,65,x,,10,伪装,87787,2300,2630,4275,2630,3618,1153
23525,变异章鱼,2352,65,x,,10,伪装,87787,2413,2758,4483,2758,3793,1153
23529,章鱼宝宝,2352,65,,x,10,伪装,87787,1855,2120,3448,2120,2918,1153
23530,成年章鱼,2353,75,,,10,伪装,91379,1928,2203,3580,2203,3030,1255
23531,变异章鱼,2353,75,x,,10,伪装,91379,2023,2313,3760,2313,3180,1255
23532,变异章鱼,2353,75,x,,10,伪装,91379,2120,2423,3938,2423,3333,1255
23533,变异章鱼,2353,75,x,,10,伪装,91379,2218,2533,4118,2533,3485,1255
23534,变异章鱼,2353,75,x,,10,伪装,91379,2313,2643,4298,2643,3635,1255
23535,变异章鱼,2353,75,x,,10,伪装,91379,2410,2755,4475,2755,3788,1255
23536,变异章鱼,2353,75,x,,10,伪装,91379,2505,2865,4655,2865,3938,1255
23539,章鱼宝宝,2353,75,,x,10,伪装,91379,1928,2203,3580,2203,3030,1255
23540,成年章鱼,2354,85,,,10,伪装,94971,1998,2283,3710,2283,3140,1357
23541,变异章鱼,2354,85,x,,10,伪装,94971,2083,2380,3870,2380,3275,1357
23542,变异章鱼,2354,85,x,,10,伪装,94971,2168,2478,4028,2478,3408,1357
23543,变异章鱼,2354,85,x,,10,伪装,94971,2255,2578,4188,2578,3543,1357
23544,变异章鱼,2354,85,x,,10,伪装,94971,2340,2675,4348,2675,3678,1357
23545,变异章鱼,2354,85,x,,10,伪装,94971,2425,2773,4505,2773,3813,1357
23546,变异章鱼,2354,85,x,,10,伪装,94971,2510,2870,4665,2870,3948,1357
23547,变异章鱼,2354,85,x,,10,伪装,94971,2598,2968,4823,2968,4083,1357
23549,章鱼宝宝,2354,85,,x,10,伪装,94971,1998,2283,3710,2283,3140,1357
23550,成年章鱼,2355,95,,,10,伪装,98563,2070,2365,3843,2365,3253,1459
23551,变异章鱼,2355,95,x,,10,伪装,98563,2148,2453,3988,2453,3375,1459
23552,变异章鱼,2355,95,x,,10,伪装,98563,2225,2543,4133,2543,3495,1459
23553,变异章鱼,2355,95,x,,10,伪装,98563,2303,2630,4275,2630,3618,1459
23554,变异章鱼,2355,95,x,,10,伪装,98563,2380,2720,4420,2720,3740,1459
23555,变异章鱼,2355,95,x,,10,伪装,98563,2458,2808,4565,2808,3863,1459
23556,变异章鱼,2355,95,x,,10,伪装,98563,2535,2898,4708,2898,3985,1459
23557,变异章鱼,2355,95,x,,10,伪装,98563,2613,2985,4853,2985,4105,1459
23558,变异章鱼,2355,95,x,,10,伪装,98563,2690,3075,4998,3075,4228,1459
23559,章鱼宝宝,2355,95,,x,10,伪装,98563,2070,2365,3843,2365,3253,1459
23560,成年蝶恋花,2356,5,,,10,神佑,77012,1640,1875,3048,1875,2578,846
23561,变异蝶恋花,2356,5,x,,10,神佑,77012,1888,2155,3505,2155,2965,846
23562,变异蝶恋花,2356,5,x,,10,神佑,77012,2133,2438,3963,2438,3353,846
23569,蝶恋花宝宝,2356,5,,x,10,神佑,77012,1640,1875,3048,1875,2578,846
23570,成年蝶恋花,2357,45,,,10,神佑,80604,1713,1958,3180,1958,2690,948
23571,变异蝶恋花,2357,45,x,,10,神佑,80604,1883,2153,3498,2153,2960,948
23572,变异蝶恋花,2357,45,x,,10,神佑,80604,2055,2348,3818,2348,3230,948
23573,变异蝶恋花,2357,45,x,,10,神佑,80604,2225,2545,4135,2545,3498,948
23579,蝶恋花宝宝,2357,45,,x,10,神佑,80604,1713,1958,3180,1958,2690,948
23580,成年蝶恋花,2358,55,,,10,神佑,84195,1785,2040,3315,2040,2805,1051
23581,变异蝶恋花,2358,55,x,,10,神佑,84195,1918,2193,3563,2193,3015,1051
23582,变异蝶恋花,2358,55,x,,10,神佑,84195,2053,2345,3810,2345,3225,1051
23583,变异蝶恋花,2358,55,x,,10,神佑,84195,2185,2498,4060,2498,3435,1051
23584,变异蝶恋花,2358,55,x,,10,神佑,84195,2320,2650,4308,2650,3645,1051
23589,蝶恋花宝宝,2358,55,,x,10,神佑,84195,1785,2040,3315,2040,2805,1051
23590,成年蝶恋花,2359,65,,,10,神佑,87787,1855,2120,3448,2120,2918,1153
23591,变异蝶恋花,2359,65,x,,10,神佑,87787,1968,2248,3655,2248,3093,1153
23592,变异蝶恋花,2359,65,x,,10,神佑,87787,2078,2375,3860,2375,3268,1153
23593,变异蝶恋花,2359,65,x,,10,神佑,87787,2190,2503,4068,2503,3443,1153
23594,变异蝶恋花,2359,65,x,,10,神佑,87787,2300,2630,4275,2630,3618,1153
23595,变异蝶恋花,2359,65,x,,10,神佑,87787,2413,2758,4483,2758,3793,1153
23599,蝶恋花宝宝,2359,65,,x,10,神佑,87787,1855,2120,3448,2120,2918,1153
23600,成年蝶恋花,2360,75,,,10,神佑,91379,1928,2203,3580,2203,3030,1255
23601,变异蝶恋花,2360,75,x,,10,神佑,91379,2023,2313,3760,2313,3180,1255
23602,变异蝶恋花,2360,75,x,,10,神佑,91379,2120,2423,3938,2423,3333,1255
23603,变异蝶恋花,2360,75,x,,10,神佑,91379,2218,2533,4118,2533,3485,1255
23604,变异蝶恋花,2360,75,x,,10,神佑,91379,2313,2643,4298,2643,3635,1255
23605,变异蝶恋花,2360,75,x,,10,神佑,91379,2410,2755,4475,2755,3788,1255
23606,变异蝶恋花,2360,75,x,,10,神佑,91379,2505,2865,4655,2865,3938,1255
23609,蝶恋花宝宝,2360,75,,x,10,神佑,91379,1928,2203,3580,2203,3030,1255
23610,成年蝶恋花,2361,85,,,10,神佑,94971,1998,2283,3710,2283,3140,1357
23611,变异蝶恋花,2361,85,x,,10,神佑,94971,2083,2380,3870,2380,3275,1357
23612,变异蝶恋花,2361,85,x,,10,神佑,94971,2168,2478,4028,2478,3408,1357
23613,变异蝶恋花,2361,85,x,,10,神佑,94971,2255,2578,4188,2578,3543,1357
23614,变异蝶恋花,2361,85,x,,10,神佑,94971,2340,2675,4348,2675,3678,1357
23615,变异蝶恋花,2361,85,x,,10,神佑,94971,2425,2773,4505,2773,3813,1357
23616,变异蝶恋花,2361,85,x,,10,神佑,94971,2510,2870,4665,2870,3948,1357
23617,变异蝶恋花,2361,85,x,,10,神佑,94971,2598,2968,4823,2968,4083,1357
23619,蝶恋花宝宝,2361,85,,x,10,神佑,94971,1998,2283,3710,2283,3140,1357
23620,成年蝶恋花,2362,95,,,10,神佑,98563,2070,2365,4020,2365,3253,1459
23621,变异蝶恋花,2362,95,x,,10,神佑,98563,2148,2453,4173,2453,3375,1459
23622,变异蝶恋花,2362,95,x,,10,神佑,98563,2225,2543,4323,2543,3495,1459
23623,变异蝶恋花,2362,95,x,,10,神佑,98563,2303,2630,4473,2630,3618,1459
23624,变异蝶恋花,2362,95,x,,10,神佑,98563,2380,2720,4625,2720,3740,1459
23625,变异蝶恋花,2362,95,x,,10,神佑,98563,2458,2808,4775,2808,3863,1459
23626,变异蝶恋花,2362,95,x,,10,神佑,98563,2535,2898,4925,2898,3985,1459
23627,变异蝶恋花,2362,95,x,,10,神佑,98563,2613,2985,5078,2985,4105,1459
23628,变异蝶恋花,2362,95,x,,10,神佑,98563,2690,3075,5228,3075,4228,1459
23629,蝶恋花宝宝,2362,95,,x,10,神佑,98563,2070,2365,4020,2365,3253,1459
23630,成年傀儡狼,2363,5,,,10,嗜血,77012,3048,2578,1640,2110,1640,846
23631,变异傀儡狼,2363,5,x,,10,嗜血,77012,3505,2965,1888,2425,1888,846
23632,变异傀儡狼,2363,5,x,,10,嗜血,77012,3963,3353,2133,2743,2133,846
23639,傀儡狼宝宝,2363,5,,x,10,嗜血,77012,3048,2578,1640,2110,1640,846
23640,成年傀儡狼,2364,45,,,10,嗜血,80604,3180,2690,1713,2203,1713,948
23641,变异傀儡狼,2364,45,x,,10,嗜血,80604,3498,2960,1883,2423,1883,948
23642,变异傀儡狼,2364,45,x,,10,嗜血,80604,3818,3230,2055,2643,2055,948
23643,变异傀儡狼,2364,45,x,,10,嗜血,80604,4135,3498,2225,2863,2225,948
23649,傀儡狼宝宝,2364,45,,x,10,嗜血,80604,3180,2690,1713,2203,1713,948
23650,成年傀儡狼,2365,55,,,10,嗜血,84195,3315,2805,1785,2295,1785,1051
23651,变异傀儡狼,2365,55,x,,10,嗜血,84195,3563,3015,1918,2465,1918,1051
23652,变异傀儡狼,2365,55,x,,10,嗜血,84195,3810,3225,2053,2638,2053,1051
23653,变异傀儡狼,2365,55,x,,10,嗜血,84195,4060,3435,2185,2810,2185,1051
23654,变异傀儡狼,2365,55,x,,10,嗜血,84195,4308,3645,2320,2983,2320,1051
23659,傀儡狼宝宝,2365,55,,x,10,嗜血,84195,3315,2805,1785,2295,1785,1051
23660,成年傀儡狼,2366,65,,,10,嗜血,87787,3448,2918,1855,2385,1855,1153
23661,变异傀儡狼,2366,65,x,,10,嗜血,87787,3655,3093,1968,2530,1968,1153
23662,变异傀儡狼,2366,65,x,,10,嗜血,87787,3860,3268,2078,2673,2078,1153
23663,变异傀儡狼,2366,65,x,,10,嗜血,87787,4068,3443,2190,2815,2190,1153
23664,变异傀儡狼,2366,65,x,,10,嗜血,87787,4275,3618,2300,2960,2300,1153
23665,变异傀儡狼,2366,65,x,,10,嗜血,87787,4483,3793,2413,3103,2413,1153
23669,傀儡狼宝宝,2366,65,,x,10,嗜血,87787,3448,2918,1855,2385,1855,1153
23670,成年傀儡狼,2367,75,,,10,嗜血,91379,3580,3030,1928,2478,1928,1255
23671,变异傀儡狼,2367,75,x,,10,嗜血,91379,3760,3180,2023,2603,2023,1255
23672,变异傀儡狼,2367,75,x,,10,嗜血,91379,3938,3333,2120,2725,2120,1255
23673,变异傀儡狼,2367,75,x,,10,嗜血,91379,4118,3485,2218,2850,2218,1255
23674,变异傀儡狼,2367,75,x,,10,嗜血,91379,4298,3635,2313,2975,2313,1255
23675,变异傀儡狼,2367,75,x,,10,嗜血,91379,4475,3788,2410,3098,2410,1255
23676,变异傀儡狼,2367,75,x,,10,嗜血,91379,4655,3938,2505,3223,2505,1255
23679,傀儡狼宝宝,2367,75,,x,10,嗜血,91379,3580,3030,1928,2478,1928,1255
23680,成年傀儡狼,2368,85,,,10,嗜血,94971,3710,3140,1998,2568,1998,1357
23681,变异傀儡狼,2368,85,x,,10,嗜血,94971,3870,3275,2083,2678,2083,1357
23682,变异傀儡狼,2368,85,x,,10,嗜血,94971,4028,3408,2168,2788,2168,1357
23683,变异傀儡狼,2368,85,x,,10,嗜血,94971,4188,3543,2255,2898,2255,1357
23684,变异傀儡狼,2368,85,x,,10,嗜血,94971,4348,3678,2340,3008,2340,1357
23685,变异傀儡狼,2368,85,x,,10,嗜血,94971,4505,3813,2425,3120,2425,1357
23686,变异傀儡狼,2368,85,x,,10,嗜血,94971,4665,3948,2510,3230,2510,1357
23687,变异傀儡狼,2368,85,x,,10,嗜血,94971,4823,4083,2598,3340,2598,1357
23689,傀儡狼宝宝,2368,85,,x,10,嗜血,94971,3710,3140,1998,2568,1998,1357
23690,成年傀儡狼,2369,95,,,10,嗜血,98563,4020,3253,2070,2660,2070,1459
23691,变异傀儡狼,2369,95,x,,10,嗜血,98563,4173,3375,2148,2760,2148,1459
23692,变异傀儡狼,2369,95,x,,10,嗜血,98563,4323,3495,2225,2860,2225,1459
23693,变异傀儡狼,2369,95,x,,10,嗜血,98563,4473,3618,2303,2960,2303,1459
23694,变异傀儡狼,2369,95,x,,10,嗜血,98563,4625,3740,2380,3060,2380,1459
23695,变异傀儡狼,2369,95,x,,10,嗜血,98563,4775,3863,2458,3160,2458,1459
23696,变异傀儡狼,2369,95,x,,10,嗜血,98563,4925,3985,2535,3260,2535,1459
23697,变异傀儡狼,2369,95,x,,10,嗜血,98563,5078,4105,2613,3360,2613,1459
23698,变异傀儡狼,2369,95,x,,10,嗜血,98563,5228,4228,2690,3460,2690,1459
23699,傀儡狼宝宝,2369,95,,x,10,嗜血,98563,4020,3253,2070,2660,2070,1459
23700,成年僵尸,2370,5,,,10,嗜血,71624,2850,2410,1533,1973,1533,693
23701,变异僵尸,2370,5,x,,10,嗜血,71624,3278,2773,1763,2268,1763,693
23702,变异僵尸,2370,5,x,,10,嗜血,71624,3705,3135,1995,2565,1995,693
23709,僵尸宝宝,2370,5,,x,10,嗜血,71624,2850,2410,1533,1973,1533,693
23710,成年五色神牛,2371,5,,,10,嗜血,77012,3283,2345,1173,2110,1640,846
23711,变异五色神牛,2371,5,x,,10,嗜血,77012,3775,2695,1348,2425,1888,846
23712,变异五色神牛,2371,5,x,,10,嗜血,77012,4268,3048,1523,2743,2133,846
23719,五色神牛宝宝,2371,5,,x,10,嗜血,77012,3283,2345,1173,2110,1640,846
23720,成年五色神牛,2372,45,,,10,嗜血,80604,3425,2448,1223,2203,1713,948
23721,变异五色神牛,2372,45,x,,10,嗜血,80604,3768,2690,1345,2423,1883,948
23722,变异五色神牛,2372,45,x,,10,嗜血,80604,4110,2935,1468,2643,2055,948
23723,变异五色神牛,2372,45,x,,10,嗜血,80604,4453,3180,1590,2863,2225,948
23729,五色神牛宝宝,2372,45,,x,10,嗜血,80604,3425,2448,1223,2203,1713,948
23730,成年五色神牛,2373,55,,,10,嗜血,84195,3570,2550,1275,2295,1785,1051
23731,变异五色神牛,2373,55,x,,10,嗜血,84195,3838,2740,1370,2465,1918,1051
23732,变异五色神牛,2373,55,x,,10,嗜血,84195,4105,2933,1465,2638,2053,1051
23733,变异五色神牛,2373,55,x,,10,嗜血,84195,4373,3123,1560,2810,2185,1051
23734,变异五色神牛,2373,55,x,,10,嗜血,84195,4640,3315,1658,2983,2320,1051
23739,五色神牛宝宝,2373,55,,x,10,嗜血,84195,3570,2550,1275,2295,1785,1051
23740,成年五色神牛,2374,65,,,10,嗜血,87787,3713,2653,1325,2385,1855,1153
23741,变异五色神牛,2374,65,x,,10,嗜血,87787,3935,2810,1405,2530,1968,1153
23742,变异五色神牛,2374,65,x,,10,嗜血,87787,4158,2970,1485,2673,2078,1153
23743,变异五色神牛,2374,65,x,,10,嗜血,87787,4380,3128,1563,2815,2190,1153
23744,变异五色神牛,2374,65,x,,10,嗜血,87787,4603,3288,1643,2960,2300,1153
23745,变异五色神牛,2374,65,x,,10,嗜血,87787,4828,3448,1723,3103,2413,1153
23749,五色神牛宝宝,2374,65,,x,10,嗜血,87787,3713,2653,1325,2385,1855,1153
23750,成年五色神牛,2375,75,,,10,嗜血,91379,3855,2755,1378,2478,1928,1255
23751,变异五色神牛,2375,75,x,,10,嗜血,91379,4048,2893,1445,2603,2023,1255
23752,变异五色神牛,2375,75,x,,10,嗜血,91379,4243,3030,1515,2725,2120,1255
23753,变异五色神牛,2375,75,x,,10,嗜血,91379,4435,3168,1583,2850,2218,1255
23754,变异五色神牛,2375,75,x,,10,嗜血,91379,4628,3305,1653,2975,2313,1255
23755,变异五色神牛,2375,75,x,,10,嗜血,91379,4820,3443,1720,3098,2410,1255
23756,变异五色神牛,2375,75,x,,10,嗜血,91379,5013,3580,1790,3223,2505,1255
23759,五色神牛宝宝,2375,75,,x,10,嗜血,91379,3855,2755,1378,2478,1928,1255
23760,成年五色神牛,2376,85,,,10,嗜血,94971,3995,2855,1428,2568,1998,1357
23761,变异五色神牛,2376,85,x,,10,嗜血,94971,4168,2975,1488,2678,2083,1357
23762,变异五色神牛,2376,85,x,,10,嗜血,94971,4338,3098,1548,2788,2168,1357
23763,变异五色神牛,2376,85,x,,10,嗜血,94971,4510,3220,1610,2898,2255,1357
23764,变异五色神牛,2376,85,x,,10,嗜血,94971,4680,3343,1670,3008,2340,1357
23765,变异五色神牛,2376,85,x,,10,嗜血,94971,4853,3465,1733,3120,2425,1357
23766,变异五色神牛,2376,85,x,,10,嗜血,94971,5023,3588,1793,3230,2510,1357
23767,变异五色神牛,2376,85,x,,10,嗜血,94971,5195,3710,1855,3340,2598,1357
23769,五色神牛宝宝,2376,85,,x,10,嗜血,94971,3995,2855,1428,2568,1998,1357
23770,成年五色神牛,2377,95,,,10,嗜血,98563,4140,2958,1478,2660,2070,1459
23771,变异五色神牛,2377,95,x,,10,嗜血,98563,4295,3068,1533,2760,2148,1459
23772,变异五色神牛,2377,95,x,,10,嗜血,98563,4450,3178,1588,2860,2225,1459
23773,变异五色神牛,2377,95,x,,10,嗜血,98563,4605,3290,1645,2960,2303,1459
23774,变异五色神牛,2377,95,x,,10,嗜血,98563,4760,3400,1700,3060,2380,1459
23775,变异五色神牛,2377,95,x,,10,嗜血,98563,4915,3510,1755,3160,2458,1459
23776,变异五色神牛,2377,95,x,,10,嗜血,98563,5070,3623,1810,3260,2535,1459
23777,变异五色神牛,2377,95,x,,10,嗜血,98563,5225,3733,1865,3360,2613,1459
23778,变异五色神牛,2377,95,x,,10,嗜血,98563,5383,3843,1920,3460,2690,1459
23779,五色神牛宝宝,2377,95,,x,10,嗜血,98563,4140,2958,1478,2660,2070,1459
23780,成年僵尸,2378,45,,,10,嗜血,80604,3180,2690,1713,2203,1713,948
23781,变异僵尸,2378,45,x,,10,嗜血,80604,3498,2960,1883,2423,1883,948
23782,变异僵尸,2378,45,x,,10,嗜血,80604,3818,3230,2055,2643,2055,948
23783,变异僵尸,2378,45,x,,10,嗜血,80604,4135,3498,2225,2863,2225,948
23789,僵尸宝宝,2378,45,,x,10,嗜血,80604,3180,2690,1713,2203,1713,948
23790,成年僵尸,2379,55,,,10,嗜血,84195,3315,2805,1785,2295,1785,1051
23791,变异僵尸,2379,55,x,,10,嗜血,84195,3563,3015,1918,2465,1918,1051
23792,变异僵尸,2379,55,x,,10,嗜血,84195,3810,3225,2053,2638,2053,1051
23793,变异僵尸,2379,55,x,,10,嗜血,84195,4060,3435,2185,2810,2185,1051
23794,变异僵尸,2379,55,x,,10,嗜血,84195,4308,3645,2320,2983,2320,1051
23799,僵尸宝宝,2379,55,,x,10,嗜血,84195,3315,2805,1785,2295,1785,1051
23800,成年僵尸,2380,65,,,10,嗜血,87787,3448,2918,1855,2385,1855,1153
23801,变异僵尸,2380,65,x,,10,嗜血,87787,3655,3093,1968,2530,1968,1153
23802,变异僵尸,2380,65,x,,10,嗜血,87787,3860,3268,2078,2673,2078,1153
23803,变异僵尸,2380,65,x,,10,嗜血,87787,4068,3443,2190,2815,2190,1153
23804,变异僵尸,2380,65,x,,10,嗜血,87787,4275,3618,2300,2960,2300,1153
23805,变异僵尸,2380,65,x,,10,嗜血,87787,4483,3793,2413,3103,2413,1153
23809,僵尸宝宝,2380,65,,x,10,嗜血,87787,3448,2918,1855,2385,1855,1153
23810,成年僵尸,2381,75,,,10,嗜血,91379,3580,3030,1928,2478,1928,1255
23811,变异僵尸,2381,75,x,,10,嗜血,91379,3760,3180,2023,2603,2023,1255
23812,变异僵尸,2381,75,x,,10,嗜血,91379,3938,3333,2120,2725,2120,1255
23813,变异僵尸,2381,75,x,,10,嗜血,91379,4118,3485,2218,2850,2218,1255
23814,变异僵尸,2381,75,x,,10,嗜血,91379,4298,3635,2313,2975,2313,1255
23815,变异僵尸,2381,75,x,,10,嗜血,91379,4475,3788,2410,3098,2410,1255
23816,变异僵尸,2381,75,x,,10,嗜血,91379,4655,3938,2505,3223,2505,1255
23819,僵尸宝宝,2381,75,,x,10,嗜血,91379,3580,3030,1928,2478,1928,1255
23820,成年僵尸,2382,85,,,10,嗜血,94971,3710,3140,1998,2568,1998,1357
23821,变异僵尸,2382,85,x,,10,嗜血,94971,3870,3275,2083,2678,2083,1357
23822,变异僵尸,2382,85,x,,10,嗜血,94971,4028,3408,2168,2788,2168,1357
23823,变异僵尸,2382,85,x,,10,嗜血,94971,4188,3543,2255,2898,2255,1357
23824,变异僵尸,2382,85,x,,10,嗜血,94971,4348,3678,2340,3008,2340,1357
23825,变异僵尸,2382,85,x,,10,嗜血,94971,4505,3813,2425,3120,2425,1357
23826,变异僵尸,2382,85,x,,10,嗜血,94971,4665,3948,2510,3230,2510,1357
23827,变异僵尸,2382,85,x,,10,嗜血,94971,4823,4083,2598,3340,2598,1357
23829,僵尸宝宝,2382,85,,x,10,嗜血,94971,3710,3140,1998,2568,1998,1357
23830,成年僵尸,2383,95,,,10,嗜血,98563,4020,3253,2070,2660,2070,1459
23831,变异僵尸,2383,95,x,,10,嗜血,98563,4173,3375,2148,2760,2148,1459
23832,变异僵尸,2383,95,x,,10,嗜血,98563,4323,3495,2225,2860,2225,1459
23833,变异僵尸,2383,95,x,,10,嗜血,98563,4473,3618,2303,2960,2303,1459
23834,变异僵尸,2383,95,x,,10,嗜血,98563,4625,3740,2380,3060,2380,1459
23835,变异僵尸,2383,95,x,,10,嗜血,98563,4775,3863,2458,3160,2458,1459
23836,变异僵尸,2383,95,x,,10,嗜血,98563,4925,3985,2535,3260,2535,1459
23837,变异僵尸,2383,95,x,,10,嗜血,98563,5078,4105,2613,3360,2613,1459
23838,变异僵尸,2383,95,x,,10,嗜血,98563,5228,4228,2690,3460,2690,1459
23839,僵尸宝宝,2383,95,,x,10,嗜血,98563,4020,3253,2070,2660,2070,1459
23840,成年幽冥狼妖,2384,5,,,10,治疗,77012,2110,3048,1875,1875,2110,846
23841,变异幽冥狼妖,2384,5,x,,10,治疗,77012,2425,3505,2155,2155,2425,846
23842,变异幽冥狼妖,2384,5,x,,10,治疗,77012,2743,3963,2438,2438,2743,846
23849,幽冥狼妖宝宝,2384,5,,x,10,治疗,77012,2110,3048,1875,1875,2110,846
23850,成年幽冥狼妖,2385,45,,,10,治疗,80604,2203,3180,1958,1958,2203,948
23851,变异幽冥狼妖,2385,45,x,,10,治疗,80604,2423,3498,2153,2153,2423,948
23852,变异幽冥狼妖,2385,45,x,,10,治疗,80604,2643,3818,2348,2348,2643,948
23853,变异幽冥狼妖,2385,45,x,,10,治疗,80604,2863,4135,2545,2545,2863,948
23859,幽冥狼妖宝宝,2385,45,,x,10,治疗,80604,2203,3180,1958,1958,2203,948
23860,成年幽冥狼妖,2386,55,,,10,治疗,84195,2295,3315,2040,2040,2295,1051
23861,变异幽冥狼妖,2386,55,x,,10,治疗,84195,2465,3563,2193,2193,2465,1051
23862,变异幽冥狼妖,2386,55,x,,10,治疗,84195,2638,3810,2345,2345,2638,1051
23863,变异幽冥狼妖,2386,55,x,,10,治疗,84195,2810,4060,2498,2498,2810,1051
23864,变异幽冥狼妖,2386,55,x,,10,治疗,84195,2983,4308,2650,2650,2983,1051
23869,幽冥狼妖宝宝,2386,55,,x,10,治疗,84195,2295,3315,2040,2040,2295,1051
23870,成年幽冥狼妖,2387,65,,,10,治疗,87787,2385,3448,2120,2120,2385,1153
23871,变异幽冥狼妖,2387,65,x,,10,治疗,87787,2530,3655,2248,2248,2530,1153
23872,变异幽冥狼妖,2387,65,x,,10,治疗,87787,2673,3860,2375,2375,2673,1153
23873,变异幽冥狼妖,2387,65,x,,10,治疗,87787,2815,4068,2503,2503,2815,1153
23874,变异幽冥狼妖,2387,65,x,,10,治疗,87787,2960,4275,2630,2630,2960,1153
23875,变异幽冥狼妖,2387,65,x,,10,治疗,87787,3103,4483,2758,2758,3103,1153
23879,幽冥狼妖宝宝,2387,65,,x,10,治疗,87787,2385,3448,2120,2120,2385,1153
23880,成年幽冥狼妖,2388,75,,,10,治疗,91379,2478,3580,2203,2203,2478,1255
23881,变异幽冥狼妖,2388,75,x,,10,治疗,91379,2603,3760,2313,2313,2603,1255
23882,变异幽冥狼妖,2388,75,x,,10,治疗,91379,2725,3938,2423,2423,2725,1255
23883,变异幽冥狼妖,2388,75,x,,10,治疗,91379,2850,4118,2533,2533,2850,1255
23884,变异幽冥狼妖,2388,75,x,,10,治疗,91379,2975,4298,2643,2643,2975,1255
23885,变异幽冥狼妖,2388,75,x,,10,治疗,91379,3098,4475,2755,2755,3098,1255
23886,变异幽冥狼妖,2388,75,x,,10,治疗,91379,3223,4655,2865,2865,3223,1255
23889,幽冥狼妖宝宝,2388,75,,x,10,治疗,91379,2478,3580,2203,2203,2478,1255
23890,成年幽冥狼妖,2389,85,,,10,治疗,94971,2568,3710,2283,2283,2568,1357
23891,变异幽冥狼妖,2389,85,x,,10,治疗,94971,2678,3870,2380,2380,2678,1357
23892,变异幽冥狼妖,2389,85,x,,10,治疗,94971,2788,4028,2478,2478,2788,1357
23893,变异幽冥狼妖,2389,85,x,,10,治疗,94971,2898,4188,2578,2578,2898,1357
23894,变异幽冥狼妖,2389,85,x,,10,治疗,94971,3008,4348,2675,2675,3008,1357
23895,变异幽冥狼妖,2389,85,x,,10,治疗,94971,3120,4505,2773,2773,3120,1357
23896,变异幽冥狼妖,2389,85,x,,10,治疗,94971,3230,4665,2870,2870,3230,1357
23897,变异幽冥狼妖,2389,85,x,,10,治疗,94971,3340,4823,2968,2968,3340,1357
23899,幽冥狼妖宝宝,2389,85,,x,10,治疗,94971,2568,3710,2283,2283,2568,1357
23900,成年幽冥狼妖,2390,95,,,10,治疗,98563,2660,3843,2365,2365,2660,1459
23901,变异幽冥狼妖,2390,95,x,,10,治疗,98563,2760,3988,2453,2453,2760,1459
23902,变异幽冥狼妖,2390,95,x,,10,治疗,98563,2860,4133,2543,2543,2860,1459
23903,变异幽冥狼妖,2390,95,x,,10,治疗,98563,2960,4275,2630,2630,2960,1459
23904,变异幽冥狼妖,2390,95,x,,10,治疗,98563,3060,4420,2720,2720,3060,1459
23905,变异幽冥狼妖,2390,95,x,,10,治疗,98563,3160,4565,2808,2808,3160,1459
23906,变异幽冥狼妖,2390,95,x,,10,治疗,98563,3260,4708,2898,2898,3260,1459
23907,变异幽冥狼妖,2390,95,x,,10,治疗,98563,3360,4853,2985,2985,3360,1459
23908,变异幽冥狼妖,2390,95,x,,10,治疗,98563,3460,4998,3075,3075,3460,1459
23909,幽冥狼妖宝宝,2390,95,,x,10,治疗,98563,2660,3843,2365,2365,2660,1459
23910,成年七巧狸猫,2391,5,,,10,神佑,77012,1173,1758,3305,1875,2345,846
23911,变异七巧狸猫,2391,5,x,,10,神佑,77012,1348,2023,3800,2155,2695,846
23912,变异七巧狸猫,2391,5,x,,10,神佑,77012,1523,2285,4298,2438,3048,846
23919,七巧狸猫宝宝,2391,5,,x,10,神佑,77012,1173,1758,3305,1875,2345,846
23920,成年七巧狸猫,2392,45,,,10,神佑,80604,1223,1835,3450,1958,2448,948
23921,变异七巧狸猫,2392,45,x,,10,神佑,80604,1345,2018,3795,2153,2690,948
23922,变异七巧狸猫,2392,45,x,,10,神佑,80604,1468,2203,4140,2348,2935,948
23923,变异七巧狸猫,2392,45,x,,10,神佑,80604,1590,2385,4485,2545,3180,948
23929,七巧狸猫宝宝,2392,45,,x,10,神佑,80604,1223,1835,3450,1958,2448,948
23930,成年七巧狸猫,2393,55,,,10,神佑,84195,1275,1913,3595,2040,2550,1051
23931,变异七巧狸猫,2393,55,x,,10,神佑,84195,1370,2055,3865,2193,2740,1051
23932,变异七巧狸猫,2393,55,x,,10,神佑,84195,1465,2198,4133,2345,2933,1051
23933,变异七巧狸猫,2393,55,x,,10,神佑,84195,1560,2343,4403,2498,3123,1051
23934,变异七巧狸猫,2393,55,x,,10,神佑,84195,1658,2485,4673,2650,3315,1051
23939,七巧狸猫宝宝,2393,55,,x,10,神佑,84195,1275,1913,3595,2040,2550,1051
23940,成年七巧狸猫,2394,65,,,10,神佑,87787,1325,1988,3740,2120,2653,1153
23941,变异七巧狸猫,2394,65,x,,10,神佑,87787,1405,2108,3963,2248,2810,1153
23942,变异七巧狸猫,2394,65,x,,10,神佑,87787,1485,2228,4188,2375,2970,1153
23943,变异七巧狸猫,2394,65,x,,10,神佑,87787,1563,2345,4413,2503,3128,1153
23944,变异七巧狸猫,2394,65,x,,10,神佑,87787,1643,2465,4638,2630,3288,1153
23945,变异七巧狸猫,2394,65,x,,10,神佑,87787,1723,2585,4860,2758,3448,1153
23949,七巧狸猫宝宝,2394,65,,x,10,神佑,87787,1325,1988,3740,2120,2653,1153
23950,成年七巧狸猫,2395,75,,,10,神佑,91379,1378,2065,3883,2203,2755,1255
23951,变异七巧狸猫,2395,75,x,,10,神佑,91379,1445,2168,4078,2313,2893,1255
23952,变异七巧狸猫,2395,75,x,,10,神佑,91379,1515,2273,4273,2423,3030,1255
23953,变异七巧狸猫,2395,75,x,,10,神佑,91379,1583,2375,4465,2533,3168,1255
23954,变异七巧狸猫,2395,75,x,,10,神佑,91379,1653,2478,4660,2643,3305,1255
23955,变异七巧狸猫,2395,75,x,,10,神佑,91379,1720,2583,4855,2755,3443,1255
23956,变异七巧狸猫,2395,75,x,,10,神佑,91379,1790,2685,5048,2865,3580,1255
23959,七巧狸猫宝宝,2395,75,,x,10,神佑,91379,1378,2065,3883,2203,2755,1255
23960,成年七巧狸猫,2396,85,,,10,神佑,94971,1428,2140,4025,2283,2855,1357
23961,变异七巧狸猫,2396,85,x,,10,神佑,94971,1488,2233,4198,2380,2975,1357
23962,变异七巧狸猫,2396,85,x,,10,神佑,94971,1548,2323,4370,2478,3098,1357
23963,变异七巧狸猫,2396,85,x,,10,神佑,94971,1610,2415,4543,2578,3220,1357
23964,变异七巧狸猫,2396,85,x,,10,神佑,94971,1670,2508,4715,2675,3343,1357
23965,变异七巧狸猫,2396,85,x,,10,神佑,94971,1733,2600,4888,2773,3465,1357
23966,变异七巧狸猫,2396,85,x,,10,神佑,94971,1793,2690,5060,2870,3588,1357
23967,变异七巧狸猫,2396,85,x,,10,神佑,94971,1855,2783,5233,2968,3710,1357
23969,七巧狸猫宝宝,2396,85,,x,10,神佑,94971,1428,2140,4025,2283,2855,1357
23970,成年七巧狸猫,2397,95,,,10,神佑,98563,1478,2218,4170,2365,2958,1459
23971,变异七巧狸猫,2397,95,x,,10,神佑,98563,1533,2300,4325,2453,3068,1459
23972,变异七巧狸猫,2397,95,x,,10,神佑,98563,1588,2383,4483,2543,3178,1459
23973,变异七巧狸猫,2397,95,x,,10,神佑,98563,1645,2468,4638,2630,3290,1459
23974,变异七巧狸猫,2397,95,x,,10,神佑,98563,1700,2550,4795,2720,3400,1459
23975,变异七巧狸猫,2397,95,x,,10,神佑,98563,1755,2633,4950,2808,3510,1459
23976,变异七巧狸猫,2397,95,x,,10,神佑,98563,1810,2715,5108,2898,3623,1459
23977,变异七巧狸猫,2397,95,x,,10,神佑,98563,1865,2800,5263,2985,3733,1459
23978,变异七巧狸猫,2397,95,x,,10,神佑,98563,1920,2883,5420,3075,3843,1459
23979,七巧狸猫宝宝,2397,95,,x,10,神佑,98563,1478,2218,4170,2365,2958,1459
23980,成年玉鸾凤,2398,5,,,10,神佑,77012,1173,1805,3258,1875,2345,846
23981,变异玉鸾凤,2398,5,x,,10,神佑,77012,1348,2075,3748,2155,2695,846
23982,变异玉鸾凤,2398,5,x,,10,神佑,77012,1523,2345,4235,2438,3048,846
23989,玉鸾凤宝宝,2398,5,,x,10,神佑,77012,1173,1805,3258,1875,2345,846
23990,成年玉鸾凤,2399,45,,,10,神佑,80604,1223,1883,3400,1958,2448,948
23991,变异玉鸾凤,2399,45,x,,10,神佑,80604,1345,2073,3740,2153,2690,948
23992,变异玉鸾凤,2399,45,x,,10,神佑,80604,1468,2260,4080,2348,2935,948
23993,变异玉鸾凤,2399,45,x,,10,神佑,80604,1590,2448,4423,2545,3180,948
23999,玉鸾凤宝宝,2399,45,,x,10,神佑,80604,1223,1883,3400,1958,2448,948
24000,成年玉鸾凤,2400,55,,,10,神佑,84195,1275,1963,3543,2040,2550,1051
24001,变异玉鸾凤,2400,55,x,,10,神佑,84195,1370,2110,3810,2193,2740,1051
24002,变异玉鸾凤,2400,55,x,,10,神佑,84195,1465,2258,4075,2345,2933,1051
24003,变异玉鸾凤,2400,55,x,,10,神佑,84195,1560,2405,4340,2498,3123,1051
24004,变异玉鸾凤,2400,55,x,,10,神佑,84195,1658,2553,4608,2650,3315,1051
24009,玉鸾凤宝宝,2400,55,,x,10,神佑,84195,1275,1963,3543,2040,2550,1051
24010,成年玉鸾凤,2401,65,,,10,神佑,87787,1325,2040,3685,2120,2653,1153
24011,变异玉鸾凤,2401,65,x,,10,神佑,87787,1405,2163,3908,2248,2810,1153
24012,变异玉鸾凤,2401,65,x,,10,神佑,87787,1485,2288,4128,2375,2970,1153
24013,变异玉鸾凤,2401,65,x,,10,神佑,87787,1563,2410,4350,2503,3128,1153
24014,变异玉鸾凤,2401,65,x,,10,神佑,87787,1643,2533,4570,2630,3288,1153
24015,变异玉鸾凤,2401,65,x,,10,神佑,87787,1723,2655,4793,2758,3448,1153
24019,玉鸾凤宝宝,2401,65,,x,10,神佑,87787,1325,2040,3685,2120,2653,1153
24020,成年玉鸾凤,2402,75,,,10,神佑,91379,1378,2120,3828,2203,2755,1255
24021,变异玉鸾凤,2402,75,x,,10,神佑,91379,1445,2225,4020,2313,2893,1255
24022,变异玉鸾凤,2402,75,x,,10,神佑,91379,1515,2333,4210,2423,3030,1255
24023,变异玉鸾凤,2402,75,x,,10,神佑,91379,1583,2438,4403,2533,3168,1255
24024,变异玉鸾凤,2402,75,x,,10,神佑,91379,1653,2545,4595,2643,3305,1255
24025,变异玉鸾凤,2402,75,x,,10,神佑,91379,1720,2650,4785,2755,3443,1255
24026,变异玉鸾凤,2402,75,x,,10,神佑,91379,1790,2758,4978,2865,3580,1255
24029,玉鸾凤宝宝,2402,75,,x,10,神佑,91379,1378,2120,3828,2203,2755,1255
24030,成年玉鸾凤,2403,85,,,10,神佑,94971,1428,2198,3968,2283,2855,1357
24031,变异玉鸾凤,2403,85,x,,10,神佑,94971,1488,2293,4138,2380,2975,1357
24032,变异玉鸾凤,2403,85,x,,10,神佑,94971,1548,2385,4308,2478,3098,1357
24033,变异玉鸾凤,2403,85,x,,10,神佑,94971,1610,2480,4478,2578,3220,1357
24034,变异玉鸾凤,2403,85,x,,10,神佑,94971,1670,2575,4648,2675,3343,1357
24035,变异玉鸾凤,2403,85,x,,10,神佑,94971,1733,2668,4818,2773,3465,1357
24036,变异玉鸾凤,2403,85,x,,10,神佑,94971,1793,2763,4988,2870,3588,1357
24037,变异玉鸾凤,2403,85,x,,10,神佑,94971,1855,2858,5158,2968,3710,1357
24039,玉鸾凤宝宝,2403,85,,x,10,神佑,94971,1428,2198,3968,2283,2855,1357
24040,成年玉鸾凤,2404,95,,,10,神佑,98563,1478,2275,4110,2365,2958,1459
24041,变异玉鸾凤,2404,95,x,,10,神佑,98563,1533,2363,4265,2453,3068,1459
24042,变异玉鸾凤,2404,95,x,,10,神佑,98563,1588,2448,4418,2543,3178,1459
24043,变异玉鸾凤,2404,95,x,,10,神佑,98563,1645,2533,4573,2630,3290,1459
24044,变异玉鸾凤,2404,95,x,,10,神佑,98563,1700,2618,4728,2720,3400,1459
24045,变异玉鸾凤,2404,95,x,,10,神佑,98563,1755,2703,4880,2808,3510,1459
24046,变异玉鸾凤,2404,95,x,,10,神佑,98563,1810,2788,5035,2898,3623,1459
24047,变异玉鸾凤,2404,95,x,,10,神佑,98563,1865,2875,5190,2985,3733,1459
24048,变异玉鸾凤,2404,95,x,,10,神佑,98563,1920,2960,5343,3075,3843,1459
24049,玉鸾凤宝宝,2404,95,,x,10,神佑,98563,1478,2275,4110,2365,2958,1459
24050,成年神企鹅,2405,5,,,10,治疗,77012,1640,1875,3048,1875,2578,846
24051,变异神企鹅,2405,5,x,,10,治疗,77012,1888,2155,3505,2155,2965,846
24052,变异神企鹅,2405,5,x,,10,治疗,77012,2133,2438,3963,2438,3353,846
24059,神企鹅宝宝,2405,5,,x,10,治疗,77012,1640,1875,3048,1875,2578,846
24060,成年神企鹅,2406,45,,,10,治疗,80604,1713,1958,3180,1958,2690,948
24061,变异神企鹅,2406,45,x,,10,治疗,80604,1883,2153,3498,2153,2960,948
24062,变异神企鹅,2406,45,x,,10,治疗,80604,2055,2348,3818,2348,3230,948
24063,变异神企鹅,2406,45,x,,10,治疗,80604,2225,2545,4135,2545,3498,948
24069,神企鹅宝宝,2406,45,,x,10,治疗,80604,1713,1958,3180,1958,2690,948
24070,成年神企鹅,2407,55,,,10,治疗,84195,1785,2040,3315,2040,2805,1051
24071,变异神企鹅,2407,55,x,,10,治疗,84195,1918,2193,3563,2193,3015,1051
24072,变异神企鹅,2407,55,x,,10,治疗,84195,2053,2345,3810,2345,3225,1051
24073,变异神企鹅,2407,55,x,,10,治疗,84195,2185,2498,4060,2498,3435,1051
24074,变异神企鹅,2407,55,x,,10,治疗,84195,2320,2650,4308,2650,3645,1051
24079,神企鹅宝宝,2407,55,,x,10,治疗,84195,1785,2040,3315,2040,2805,1051
24090,成年神企鹅,2409,75,,,10,治疗,91379,1928,2203,3580,2203,3030,1255
24091,变异神企鹅,2409,75,x,,10,治疗,91379,2023,2313,3760,2313,3180,1255
24092,变异神企鹅,2409,75,x,,10,治疗,91379,2120,2423,3938,2423,3333,1255
24093,变异神企鹅,2409,75,x,,10,治疗,91379,2218,2533,4118,2533,3485,1255
24094,变异神企鹅,2409,75,x,,10,治疗,91379,2313,2643,4298,2643,3635,1255
24095,变异神企鹅,2409,75,x,,10,治疗,91379,2410,2755,4475,2755,3788,1255
24096,变异神企鹅,2409,75,x,,10,治疗,91379,2505,2865,4655,2865,3938,1255
24099,神企鹅宝宝,2409,75,,x,10,治疗,91379,1928,2203,3580,2203,3030,1255
24100,成年神企鹅,2410,85,,,10,治疗,94971,1998,2283,3710,2283,3140,1357
24101,变异神企鹅,2410,85,x,,10,治疗,94971,2083,2380,3870,2380,3275,1357
24102,变异神企鹅,2410,85,x,,10,治疗,94971,2168,2478,4028,2478,3408,1357
24103,变异神企鹅,2410,85,x,,10,治疗,94971,2255,2578,4188,2578,3543,1357
24104,变异神企鹅,2410,85,x,,10,治疗,94971,2340,2675,4348,2675,3678,1357
24105,变异神企鹅,2410,85,x,,10,治疗,94971,2425,2773,4505,2773,3813,1357
24106,变异神企鹅,2410,85,x,,10,治疗,94971,2510,2870,4665,2870,3948,1357
24107,变异神企鹅,2410,85,x,,10,治疗,94971,2598,2968,4823,2968,4083,1357
24109,神企鹅宝宝,2410,85,,x,10,治疗,94971,1998,2283,3710,2283,3140,1357
24110,成年神企鹅,2411,95,,,10,治疗,98563,2070,2365,4020,2365,3253,1459
24111,变异神企鹅,2411,95,x,,10,治疗,98563,2148,2453,4173,2453,3375,1459
24112,变异神企鹅,2411,95,x,,10,治疗,98563,2225,2543,4323,2543,3495,1459
24113,变异神企鹅,2411,95,x,,10,治疗,98563,2303,2630,4473,2630,3618,1459
24114,变异神企鹅,2411,95,x,,10,治疗,98563,2380,2720,4625,2720,3740,1459
24115,变异神企鹅,2411,95,x,,10,治疗,98563,2458,2808,4775,2808,3863,1459
24116,变异神企鹅,2411,95,x,,10,治疗,98563,2535,2898,4925,2898,3985,1459
24117,变异神企鹅,2411,95,x,,10,治疗,98563,2613,2985,5078,2985,4105,1459
24118,变异神企鹅,2411,95,x,,10,治疗,98563,2690,3075,5228,3075,4228,1459
24119,神企鹅宝宝,2411,95,,x,10,治疗,98563,2070,2365,4020,2365,3253,1459
24120,成年灵兔双杰,2412,5,,,10,嗜血,77012,3235,2415,1173,2110,1640,846
24121,变异灵兔双杰,2412,5,x,,10,嗜血,77012,3720,2778,1348,2425,1888,846
24122,变异灵兔双杰,2412,5,x,,10,嗜血,77012,4205,3138,1523,2743,2133,846
24129,灵兔双杰宝宝,2412,5,,x,10,嗜血,77012,3235,2415,1173,2110,1640,846
24130,成年灵兔双杰,2413,45,,,10,嗜血,80604,3378,2520,1223,2203,1713,948
24131,变异灵兔双杰,2413,45,x,,10,嗜血,80604,3715,2773,1345,2423,1883,948
24132,变异灵兔双杰,2413,45,x,,10,嗜血,80604,4053,3025,1468,2643,2055,948
24133,变异灵兔双杰,2413,45,x,,10,嗜血,80604,4390,3275,1590,2863,2225,948
24139,灵兔双杰宝宝,2413,45,,x,10,嗜血,80604,3378,2520,1223,2203,1713,948
24140,成年灵兔双杰,2414,55,,,10,嗜血,84195,3518,2625,1275,2295,1785,1051
24141,变异灵兔双杰,2414,55,x,,10,嗜血,84195,3783,2823,1370,2465,1918,1051
24142,变异灵兔双杰,2414,55,x,,10,嗜血,84195,4045,3020,1465,2638,2053,1051
24143,变异灵兔双杰,2414,55,x,,10,嗜血,84195,4310,3215,1560,2810,2185,1051
24144,变异灵兔双杰,2414,55,x,,10,嗜血,84195,4573,3413,1658,2983,2320,1051
24149,灵兔双杰宝宝,2414,55,,x,10,嗜血,84195,3518,2625,1275,2295,1785,1051
24150,成年灵兔双杰,2415,65,,,10,嗜血,87787,3660,2730,1325,2385,1855,1153
24151,变异灵兔双杰,2415,65,x,,10,嗜血,87787,3880,2895,1405,2530,1968,1153
24152,变异灵兔双杰,2415,65,x,,10,嗜血,87787,4098,3058,1485,2673,2078,1153
24153,变异灵兔双杰,2415,65,x,,10,嗜血,87787,4318,3223,1563,2815,2190,1153
24154,变异灵兔双杰,2415,65,x,,10,嗜血,87787,4538,3388,1643,2960,2300,1153
24155,变异灵兔双杰,2415,65,x,,10,嗜血,87787,4758,3550,1723,3103,2413,1153
24159,灵兔双杰宝宝,2415,65,,x,10,嗜血,87787,3660,2730,1325,2385,1855,1153
24160,成年灵兔双杰,2416,75,,,10,嗜血,91379,3800,2838,1378,2478,1928,1255
24161,变异灵兔双杰,2416,75,x,,10,嗜血,91379,3990,2978,1445,2603,2023,1255
24162,变异灵兔双杰,2416,75,x,,10,嗜血,91379,4180,3120,1515,2725,2120,1255
24163,变异灵兔双杰,2416,75,x,,10,嗜血,91379,4370,3263,1583,2850,2218,1255
24164,变异灵兔双杰,2416,75,x,,10,嗜血,91379,4560,3405,1653,2975,2313,1255
24165,变异灵兔双杰,2416,75,x,,10,嗜血,91379,4750,3545,1720,3098,2410,1255
24166,变异灵兔双杰,2416,75,x,,10,嗜血,91379,4940,3688,1790,3223,2505,1255
24169,灵兔双杰宝宝,2416,75,,x,10,嗜血,91379,3800,2838,1378,2478,1928,1255
24170,成年灵兔双杰,2417,85,,,10,嗜血,94971,3938,2940,1428,2568,1998,1357
24171,变异灵兔双杰,2417,85,x,,10,嗜血,94971,4108,3065,1488,2678,2083,1357
24172,变异灵兔双杰,2417,85,x,,10,嗜血,94971,4278,3193,1548,2788,2168,1357
24173,变异灵兔双杰,2417,85,x,,10,嗜血,94971,4445,3318,1610,2898,2255,1357
24174,变异灵兔双杰,2417,85,x,,10,嗜血,94971,4615,3443,1670,3008,2340,1357
24175,变异灵兔双杰,2417,85,x,,10,嗜血,94971,4783,3570,1733,3120,2425,1357
24176,变异灵兔双杰,2417,85,x,,10,嗜血,94971,4953,3695,1793,3230,2510,1357
24177,变异灵兔双杰,2417,85,x,,10,嗜血,94971,5120,3823,1855,3340,2598,1357
24179,灵兔双杰宝宝,2417,85,,x,10,嗜血,94971,3938,2940,1428,2568,1998,1357
24180,成年灵兔双杰,2418,95,,,10,嗜血,98563,4080,3045,1478,2660,2070,1459
24181,变异灵兔双杰,2418,95,x,,10,嗜血,98563,4233,3160,1533,2760,2148,1459
24182,变异灵兔双杰,2418,95,x,,10,嗜血,98563,4385,3273,1588,2860,2225,1459
24183,变异灵兔双杰,2418,95,x,,10,嗜血,98563,4540,3388,1645,2960,2303,1459
24184,变异灵兔双杰,2418,95,x,,10,嗜血,98563,4693,3503,1700,3060,2380,1459
24185,变异灵兔双杰,2418,95,x,,10,嗜血,98563,4845,3615,1755,3160,2458,1459
24186,变异灵兔双杰,2418,95,x,,10,嗜血,98563,4998,3730,1810,3260,2535,1459
24187,变异灵兔双杰,2418,95,x,,10,嗜血,98563,5153,3845,1865,3360,2613,1459
24188,变异灵兔双杰,2418,95,x,,10,嗜血,98563,5305,3960,1920,3460,2690,1459
24189,灵兔双杰宝宝,2418,95,,x,10,嗜血,98563,4080,3045,1478,2660,2070,1459
24190,成年蛮石怪,2419,5,,,10,嗜血,77012,3235,2415,1173,2110,1640,846
24191,变异蛮石怪,2419,5,x,,10,嗜血,77012,3720,2778,1348,2425,1888,846
24192,变异蛮石怪,2419,5,x,,10,嗜血,77012,4205,3138,1523,2743,2133,846
24199,蛮石怪宝宝,2419,5,,x,10,嗜血,77012,3235,2415,1173,2110,1640,846
24200,成年蛮石怪,2420,45,,,10,嗜血,80604,3378,2520,1223,2203,1713,948
24201,变异蛮石怪,2420,45,x,,10,嗜血,80604,3715,2773,1345,2423,1883,948
24202,变异蛮石怪,2420,45,x,,10,嗜血,80604,4053,3025,1468,2643,2055,948
24203,变异蛮石怪,2420,45,x,,10,嗜血,80604,4390,3275,1590,2863,2225,948
24209,蛮石怪宝宝,2420,45,,x,10,嗜血,80604,3378,2520,1223,2203,1713,948
24210,成年蛮石怪,2421,55,,,10,嗜血,84195,3518,2625,1275,2295,1785,1051
24211,变异蛮石怪,2421,55,x,,10,嗜血,84195,3783,2823,1370,2465,1918,1051
24212,变异蛮石怪,2421,55,x,,10,嗜血,84195,4045,3020,1465,2638,2053,1051
24213,变异蛮石怪,2421,55,x,,10,嗜血,84195,4310,3215,1560,2810,2185,1051
24214,变异蛮石怪,2421,55,x,,10,嗜血,84195,4573,3413,1658,2983,2320,1051
24219,蛮石怪宝宝,2421,55,,x,10,嗜血,84195,3518,2625,1275,2295,1785,1051
24220,成年蛮石怪,2422,65,,,10,嗜血,87787,3660,2730,1325,2385,1855,1153
24221,变异蛮石怪,2422,65,x,,10,嗜血,87787,3880,2895,1405,2530,1968,1153
24222,变异蛮石怪,2422,65,x,,10,嗜血,87787,4098,3058,1485,2673,2078,1153
24223,变异蛮石怪,2422,65,x,,10,嗜血,87787,4318,3223,1563,2815,2190,1153
24224,变异蛮石怪,2422,65,x,,10,嗜血,87787,4538,3388,1643,2960,2300,1153
24225,变异蛮石怪,2422,65,x,,10,嗜血,87787,4758,3550,1723,3103,2413,1153
24229,蛮石怪宝宝,2422,65,,x,10,嗜血,87787,3660,2730,1325,2385,1855,1153
24230,成年蛮石怪,2423,75,,,10,嗜血,91379,3800,2838,1378,2478,1928,1255
24231,变异蛮石怪,2423,75,x,,10,嗜血,91379,3990,2978,1445,2603,2023,1255
24232,变异蛮石怪,2423,75,x,,10,嗜血,91379,4180,3120,1515,2725,2120,1255
24233,变异蛮石怪,2423,75,x,,10,嗜血,91379,4370,3263,1583,2850,2218,1255
24234,变异蛮石怪,2423,75,x,,10,嗜血,91379,4560,3405,1653,2975,2313,1255
24235,变异蛮石怪,2423,75,x,,10,嗜血,91379,4750,3545,1720,3098,2410,1255
24236,变异蛮石怪,2423,75,x,,10,嗜血,91379,4940,3688,1790,3223,2505,1255
24239,蛮石怪宝宝,2423,75,,x,10,嗜血,91379,3800,2838,1378,2478,1928,1255
24240,成年蛮石怪,2424,85,,,10,嗜血,94971,3938,2940,1428,2568,1998,1357
24241,变异蛮石怪,2424,85,x,,10,嗜血,94971,4108,3065,1488,2678,2083,1357
24242,变异蛮石怪,2424,85,x,,10,嗜血,94971,4278,3193,1548,2788,2168,1357
24243,变异蛮石怪,2424,85,x,,10,嗜血,94971,4445,3318,1610,2898,2255,1357
24244,变异蛮石怪,2424,85,x,,10,嗜血,94971,4615,3443,1670,3008,2340,1357
24245,变异蛮石怪,2424,85,x,,10,嗜血,94971,4783,3570,1733,3120,2425,1357
24246,变异蛮石怪,2424,85,x,,10,嗜血,94971,4953,3695,1793,3230,2510,1357
24247,变异蛮石怪,2424,85,x,,10,嗜血,94971,5120,3823,1855,3340,2598,1357
24249,蛮石怪宝宝,2424,85,,x,10,嗜血,94971,3938,2940,1428,2568,1998,1357
24250,成年蛮石怪,2425,95,,,10,嗜血,98563,4080,3045,1478,2660,2070,1459
24251,变异蛮石怪,2425,95,x,,10,嗜血,98563,4233,3160,1533,2760,2148,1459
24252,变异蛮石怪,2425,95,x,,10,嗜血,98563,4385,3273,1588,2860,2225,1459
24253,变异蛮石怪,2425,95,x,,10,嗜血,98563,4540,3388,1645,2960,2303,1459
24254,变异蛮石怪,2425,95,x,,10,嗜血,98563,4693,3503,1700,3060,2380,1459
24255,变异蛮石怪,2425,95,x,,10,嗜血,98563,4845,3615,1755,3160,2458,1459
24256,变异蛮石怪,2425,95,x,,10,嗜血,98563,4998,3730,1810,3260,2535,1459
24257,变异蛮石怪,2425,95,x,,10,嗜血,98563,5153,3845,1865,3360,2613,1459
24258,变异蛮石怪,2425,95,x,,10,嗜血,98563,5305,3960,1920,3460,2690,1459
24259,蛮石怪宝宝,2425,95,,x,10,嗜血,98563,4080,3045,1478,2660,2070,1459
24260,成年精灵兔,2426,5,,,10,清醒,77012,2345,2345,2345,2345,2345,846
24261,变异精灵兔,2426,5,x,,10,清醒,77012,2695,2695,2695,2695,2695,846
24262,变异精灵兔,2426,5,x,,10,清醒,77012,3048,3048,3048,3048,3048,846
24269,精灵兔宝宝,2426,5,,x,10,清醒,77012,2345,2345,2345,2345,2345,846
24270,成年精灵兔,2427,45,,,10,清醒,80604,2448,2448,2448,2448,2448,948
24271,变异精灵兔,2427,45,x,,10,清醒,80604,2690,2690,2690,2690,2690,948
24272,变异精灵兔,2427,45,x,,10,清醒,80604,2935,2935,2935,2935,2935,948
24273,变异精灵兔,2427,45,x,,10,清醒,80604,3180,3180,3180,3180,3180,948
24279,精灵兔宝宝,2427,45,,x,10,清醒,80604,2448,2448,2448,2448,2448,948
24280,成年精灵兔,2428,55,,,10,清醒,84195,2550,2550,2550,2550,2550,1051
24281,变异精灵兔,2428,55,x,,10,清醒,84195,2740,2740,2740,2740,2740,1051
24282,变异精灵兔,2428,55,x,,10,清醒,84195,2933,2933,2933,2933,2933,1051
24283,变异精灵兔,2428,55,x,,10,清醒,84195,3123,3123,3123,3123,3123,1051
24284,变异精灵兔,2428,55,x,,10,清醒,84195,3315,3315,3315,3315,3315,1051
24289,精灵兔宝宝,2428,55,,x,10,清醒,84195,2550,2550,2550,2550,2550,1051
24290,成年精灵兔,2429,65,,,10,清醒,87787,2653,2653,2653,2653,2653,1153
24291,变异精灵兔,2429,65,x,,10,清醒,87787,2810,2810,2810,2810,2810,1153
24292,变异精灵兔,2429,65,x,,10,清醒,87787,2970,2970,2970,2970,2970,1153
24293,变异精灵兔,2429,65,x,,10,清醒,87787,3128,3128,3128,3128,3128,1153
24294,变异精灵兔,2429,65,x,,10,清醒,87787,3288,3288,3288,3288,3288,1153
24295,变异精灵兔,2429,65,x,,10,清醒,87787,3448,3448,3448,3448,3448,1153
24299,精灵兔宝宝,2429,65,,x,10,清醒,87787,2653,2653,2653,2653,2653,1153
24300,成年精灵兔,2430,75,,,10,清醒,91379,2755,2755,2755,2755,2755,1255
24301,变异精灵兔,2430,75,x,,10,清醒,91379,2893,2893,2893,2893,2893,1255
24302,变异精灵兔,2430,75,x,,10,清醒,91379,3030,3030,3030,3030,3030,1255
24303,变异精灵兔,2430,75,x,,10,清醒,91379,3168,3168,3168,3168,3168,1255
24304,变异精灵兔,2430,75,x,,10,清醒,91379,3305,3305,3305,3305,3305,1255
24305,变异精灵兔,2430,75,x,,10,清醒,91379,3443,3443,3443,3443,3443,1255
24306,变异精灵兔,2430,75,x,,10,清醒,91379,3580,3580,3580,3580,3580,1255
24309,精灵兔宝宝,2430,75,,x,10,清醒,91379,2755,2755,2755,2755,2755,1255
24310,成年精灵兔,2431,85,,,10,清醒,94971,2855,2855,2855,2855,2855,1357
24311,变异精灵兔,2431,85,x,,10,清醒,94971,2975,2975,2975,2975,2975,1357
24312,变异精灵兔,2431,85,x,,10,清醒,94971,3098,3098,3098,3098,3098,1357
24313,变异精灵兔,2431,85,x,,10,清醒,94971,3220,3220,3220,3220,3220,1357
24314,变异精灵兔,2431,85,x,,10,清醒,94971,3343,3343,3343,3343,3343,1357
24315,变异精灵兔,2431,85,x,,10,清醒,94971,3465,3465,3465,3465,3465,1357
24316,变异精灵兔,2431,85,x,,10,清醒,94971,3588,3588,3588,3588,3588,1357
24317,变异精灵兔,2431,85,x,,10,清醒,94971,3710,3710,3710,3710,3710,1357
24319,精灵兔宝宝,2431,85,,x,10,清醒,94971,2855,2855,2855,2855,2855,1357
24320,成年精灵兔,2432,95,,,10,清醒,98563,2958,2958,2958,2958,2958,1459
24321,变异精灵兔,2432,95,x,,10,清醒,98563,3068,3068,3068,3068,3068,1459
24322,变异精灵兔,2432,95,x,,10,清醒,98563,3178,3178,3178,3178,3178,1459
24323,变异精灵兔,2432,95,x,,10,清醒,98563,3290,3290,3290,3290,3290,1459
24324,变异精灵兔,2432,95,x,,10,清醒,98563,3400,3400,3400,3400,3400,1459
24325,变异精灵兔,2432,95,x,,10,清醒,98563,3510,3510,3510,3510,3510,1459
24326,变异精灵兔,2432,95,x,,10,清醒,98563,3623,3623,3623,3623,3623,1459
24327,变异精灵兔,2432,95,x,,10,清醒,98563,3733,3733,3733,3733,3733,1459
24328,变异精灵兔,2432,95,x,,10,清醒,98563,3843,3843,3843,3843,3843,1459
24329,精灵兔宝宝,2432,95,,x,10,清醒,98563,2958,2958,2958,2958,2958,1459
24330,成年锦毛鼠,2433,5,,,10,固元,77012,3235,2415,1173,2110,1640,846
24331,变异锦毛鼠,2433,5,x,,10,固元,77012,3720,2778,1348,2425,1888,846
24332,变异锦毛鼠,2433,5,x,,10,固元,77012,4205,3138,1523,2743,2133,846
24339,锦毛鼠宝宝,2433,5,,x,10,固元,77012,3235,2415,1173,2110,1640,846
24340,成年锦毛鼠,2434,45,,,10,固元,80604,3378,2520,1223,2203,1713,948
24341,变异锦毛鼠,2434,45,x,,10,固元,80604,3715,2773,1345,2423,1883,948
24342,变异锦毛鼠,2434,45,x,,10,固元,80604,4053,3025,1468,2643,2055,948
24343,变异锦毛鼠,2434,45,x,,10,固元,80604,4390,3275,1590,2863,2225,948
24349,锦毛鼠宝宝,2434,45,,x,10,固元,80604,3378,2520,1223,2203,1713,948
24350,成年锦毛鼠,2435,55,,,10,固元,84195,3518,2625,1275,2295,1785,1051
24351,变异锦毛鼠,2435,55,x,,10,固元,84195,3783,2823,1370,2465,1918,1051
24352,变异锦毛鼠,2435,55,x,,10,固元,84195,4045,3020,1465,2638,2053,1051
24353,变异锦毛鼠,2435,55,x,,10,固元,84195,4310,3215,1560,2810,2185,1051
24354,变异锦毛鼠,2435,55,x,,10,固元,84195,4573,3413,1658,2983,2320,1051
24359,锦毛鼠宝宝,2435,55,,x,10,固元,84195,3518,2625,1275,2295,1785,1051
24360,成年锦毛鼠,2436,65,,,10,固元,87787,3660,2730,1325,2385,1855,1153
24361,变异锦毛鼠,2436,65,x,,10,固元,87787,3880,2895,1405,2530,1968,1153
24362,变异锦毛鼠,2436,65,x,,10,固元,87787,4098,3058,1485,2673,2078,1153
24363,变异锦毛鼠,2436,65,x,,10,固元,87787,4318,3223,1563,2815,2190,1153
24364,变异锦毛鼠,2436,65,x,,10,固元,87787,4538,3388,1643,2960,2300,1153
24365,变异锦毛鼠,2436,65,x,,10,固元,87787,4758,3550,1723,3103,2413,1153
24369,锦毛鼠宝宝,2436,65,,x,10,固元,87787,3660,2730,1325,2385,1855,1153
24370,成年锦毛鼠,2437,75,,,10,固元,91379,3800,2838,1378,2478,1928,1255
24371,变异锦毛鼠,2437,75,x,,10,固元,91379,3990,2978,1445,2603,2023,1255
24372,变异锦毛鼠,2437,75,x,,10,固元,91379,4180,3120,1515,2725,2120,1255
24373,变异锦毛鼠,2437,75,x,,10,固元,91379,4370,3263,1583,2850,2218,1255
24374,变异锦毛鼠,2437,75,x,,10,固元,91379,4560,3405,1653,2975,2313,1255
24375,变异锦毛鼠,2437,75,x,,10,固元,91379,4750,3545,1720,3098,2410,1255
24376,变异锦毛鼠,2437,75,x,,10,固元,91379,4940,3688,1790,3223,2505,1255
24379,锦毛鼠宝宝,2437,75,,x,10,固元,91379,3800,2838,1378,2478,1928,1255
24380,成年锦毛鼠,2438,85,,,10,固元,94971,3938,2940,1428,2568,1998,1357
24381,变异锦毛鼠,2438,85,x,,10,固元,94971,4108,3065,1488,2678,2083,1357
24382,变异锦毛鼠,2438,85,x,,10,固元,94971,4278,3193,1548,2788,2168,1357
24383,变异锦毛鼠,2438,85,x,,10,固元,94971,4445,3318,1610,2898,2255,1357
24384,变异锦毛鼠,2438,85,x,,10,固元,94971,4615,3443,1670,3008,2340,1357
24385,变异锦毛鼠,2438,85,x,,10,固元,94971,4783,3570,1733,3120,2425,1357
24386,变异锦毛鼠,2438,85,x,,10,固元,94971,4953,3695,1793,3230,2510,1357
24387,变异锦毛鼠,2438,85,x,,10,固元,94971,5120,3823,1855,3340,2598,1357
24389,锦毛鼠宝宝,2438,85,,x,10,固元,94971,3938,2940,1428,2568,1998,1357
24390,成年锦毛鼠,2439,95,,,10,固元,98563,4080,3045,1478,2660,2070,1459
24391,变异锦毛鼠,2439,95,x,,10,固元,98563,4233,3160,1533,2760,2148,1459
24392,变异锦毛鼠,2439,95,x,,10,固元,98563,4385,3273,1588,2860,2225,1459
24393,变异锦毛鼠,2439,95,x,,10,固元,98563,4540,3388,1645,2960,2303,1459
24394,变异锦毛鼠,2439,95,x,,10,固元,98563,4693,3503,1700,3060,2380,1459
24395,变异锦毛鼠,2439,95,x,,10,固元,98563,4845,3615,1755,3160,2458,1459
24396,变异锦毛鼠,2439,95,x,,10,固元,98563,4998,3730,1810,3260,2535,1459
24397,变异锦毛鼠,2439,95,x,,10,固元,98563,5153,3845,1865,3360,2613,1459
24398,变异锦毛鼠,2439,95,x,,10,固元,98563,5305,3960,1920,3460,2690,1459
24399,锦毛鼠宝宝,2439,95,,x,10,固元,98563,4080,3045,1478,2660,2070,1459
24400,成年多玩熊,2440,5,,,10,固元,71624,2193,2193,2193,2193,2193,693
24401,变异多玩熊,2440,5,x,,10,固元,71624,2520,2520,2520,2520,2520,693
24402,变异多玩熊,2440,5,x,,10,固元,71624,2850,2850,2850,2850,2850,693
24409,多玩熊宝宝,2440,5,,x,10,固元,71624,2193,2193,2193,2193,2193,693
24410,成年YY熊,2441,20,,,10,固元,71624,2193,2193,2193,2193,2193,693
24411,变异YY熊,2441,20,x,,10,固元,71624,2520,2520,2520,2520,2520,693
24412,变异YY熊,2441,20,x,,10,固元,71624,2850,2850,2850,2850,2850,693
24419,YY熊宝宝,2441,20,,x,10,固元,71624,2193,2193,2193,2193,2193,693
24420,成年昴日星,2442,5,,,10,轻灵,71624,2193,2193,2193,2193,2193,693
24421,变异昴日星,2442,5,x,,10,轻灵,71624,2520,2520,2520,2520,2520,693
24422,变异昴日星,2442,5,x,,10,轻灵,71624,2850,2850,2850,2850,2850,693
24429,昴日星宝宝,2442,5,,x,10,轻灵,71624,2193,2193,2193,2193,2193,693
24430,成年拱天豖,2443,5,,,10,重生,80604,2203,3180,1958,1958,2203,948
24431,变异拱天豖,2443,5,x,,10,重生,80604,2643,3818,2348,2348,2643,948
24439,拱天豖宝宝,2443,5,,x,10,重生,80604,2203,3180,1958,1958,2203,948
24440,成年东风螺,2444,5,,,10,重生,77012,2110,3048,1875,1875,2110,846
24441,变异东风螺,2444,5,x,,10,重生,77012,2425,3505,2155,2155,2425,846
24442,变异东风螺,2444,5,x,,10,重生,77012,2743,3963,2438,2438,2743,846
24449,东风螺宝宝,2444,5,,x,10,重生,77012,2110,3048,1875,1875,2110,846
24450,成年星河玉兔,2445,75,,,10,轻灵,91379,1928,2203,3580,2203,3030,1255
24451,变异星河玉兔,2445,75,x,,10,轻灵,91379,2023,2313,3760,2313,3180,1255
24452,变异星河玉兔,2445,75,x,,10,轻灵,91379,2120,2423,3938,2423,3333,1255
24453,变异星河玉兔,2445,75,x,,10,轻灵,91379,2218,2533,4118,2533,3485,1255
24454,变异星河玉兔,2445,75,x,,10,轻灵,91379,2313,2643,4298,2643,3635,1255
24455,变异星河玉兔,2445,75,x,,10,轻灵,91379,2410,2755,4475,2755,3788,1255
24456,变异星河玉兔,2445,75,x,,10,轻灵,91379,2505,2865,4655,2865,3938,1255
24459,星河玉兔宝宝,2445,75,,x,10,轻灵,91379,1928,2203,3580,2203,3030,1255
24460,成年九天玉兔,2446,85,,,10,轻灵,94971,1998,2283,3710,2283,3140,1357
24461,变异九天玉兔,2446,85,x,,10,轻灵,94971,2083,2380,3870,2380,3275,1357
24462,变异九天玉兔,2446,85,x,,10,轻灵,94971,2168,2478,4028,2478,3408,1357
24463,变异九天玉兔,2446,85,x,,10,轻灵,94971,2255,2578,4188,2578,3543,1357
24464,变异九天玉兔,2446,85,x,,10,轻灵,94971,2340,2675,4348,2675,3678,1357
24465,变异九天玉兔,2446,85,x,,10,轻灵,94971,2425,2773,4505,2773,3813,1357
24466,变异九天玉兔,2446,85,x,,10,轻灵,94971,2510,2870,4665,2870,3948,1357
24467,变异九天玉兔,2446,85,x,,10,轻灵,94971,2598,2968,4823,2968,4083,1357
24469,九天玉兔宝宝,2446,85,,x,10,轻灵,94971,1998,2283,3710,2283,3140,1357
24470,成年玉兔,2447,5,,,10,轻灵,77012,1640,1875,3048,1875,2578,846
24471,变异玉兔,2447,5,x,,10,轻灵,77012,1888,2155,3505,2155,2965,846
24472,变异玉兔,2447,5,x,,10,轻灵,77012,2133,2438,3963,2438,3353,846
24479,玉兔宝宝,2447,5,,x,10,轻灵,77012,1640,1875,3048,1875,2578,846
24480,成年晨星玉兔,2448,45,,,10,轻灵,80604,1713,1958,3180,1958,2690,948
24481,变异晨星玉兔,2448,45,x,,10,轻灵,80604,1883,2153,3498,2153,2960,948
24482,变异晨星玉兔,2448,45,x,,10,轻灵,80604,2055,2348,3818,2348,3230,948
24483,变异晨星玉兔,2448,45,x,,10,轻灵,80604,2225,2545,4135,2545,3498,948
24489,晨星玉兔宝宝,2448,45,,x,10,轻灵,80604,1713,1958,3180,1958,2690,948
24490,成年月桂玉兔,2449,55,,,10,轻灵,84195,1785,2040,3315,2040,2805,1051
24491,变异月桂玉兔,2449,55,x,,10,轻灵,84195,1918,2193,3563,2193,3015,1051
24492,变异月桂玉兔,2449,55,x,,10,轻灵,84195,2053,2345,3810,2345,3225,1051
24493,变异月桂玉兔,2449,55,x,,10,轻灵,84195,2185,2498,4060,2498,3435,1051
24494,变异月桂玉兔,2449,55,x,,10,轻灵,84195,2320,2650,4308,2650,3645,1051
24499,月桂玉兔宝宝,2449,55,,x,10,轻灵,84195,1785,2040,3315,2040,2805,1051
24500,成年天宫玉兔,2450,65,,,10,轻灵,87787,1855,2120,3448,2120,2918,1153
24501,变异天宫玉兔,2450,65,x,,10,轻灵,87787,1968,2248,3655,2248,3093,1153
24502,变异天宫玉兔,2450,65,x,,10,轻灵,87787,2078,2375,3860,2375,3268,1153
24503,变异天宫玉兔,2450,65,x,,10,轻灵,87787,2190,2503,4068,2503,3443,1153
24504,变异天宫玉兔,2450,65,x,,10,轻灵,87787,2300,2630,4275,2630,3618,1153
24505,变异天宫玉兔,2450,65,x,,10,轻灵,87787,2413,2758,4483,2758,3793,1153
24509,天宫玉兔宝宝,2450,65,,x,10,轻灵,87787,1855,2120,3448,2120,2918,1153
24510,成年百变猫,2451,5,,,10,伪装,77012,1173,1805,3258,1875,2345,846
24511,变异百变猫,2451,5,x,,10,伪装,77012,1348,2075,3748,2155,2695,846
24512,变异百变猫,2451,5,x,,10,伪装,77012,1523,2345,4235,2438,3048,846
24519,百变猫宝宝,2451,5,,x,10,伪装,77012,1173,1805,3258,1875,2345,846
24520,成年百变猫,2452,45,,,10,伪装,80604,1223,1883,3400,1958,2448,948
24521,变异百变猫,2452,45,x,,10,伪装,80604,1345,2073,3740,2153,2690,948
24522,变异百变猫,2452,45,x,,10,伪装,80604,1468,2260,4080,2348,2935,948
24523,变异百变猫,2452,45,x,,10,伪装,80604,1590,2448,4423,2545,3180,948
24529,百变猫宝宝,2452,45,,x,10,伪装,80604,1223,1883,3400,1958,2448,948
24530,成年百变猫,2453,55,,,10,伪装,84195,1275,1963,3543,2040,2550,1051
24531,变异百变猫,2453,55,x,,10,伪装,84195,1370,2110,3810,2193,2740,1051
24532,变异百变猫,2453,55,x,,10,伪装,84195,1465,2258,4075,2345,2933,1051
24533,变异百变猫,2453,55,x,,10,伪装,84195,1560,2405,4340,2498,3123,1051
24534,变异百变猫,2453,55,x,,10,伪装,84195,1658,2553,4608,2650,3315,1051
24539,百变猫宝宝,2453,55,,x,10,伪装,84195,1275,1963,3543,2040,2550,1051
24540,成年百变猫,2454,65,,,10,伪装,87787,1325,2040,3685,2120,2653,1153
24541,变异百变猫,2454,65,x,,10,伪装,87787,1405,2163,3908,2248,2810,1153
24542,变异百变猫,2454,65,x,,10,伪装,87787,1485,2288,4128,2375,2970,1153
24543,变异百变猫,2454,65,x,,10,伪装,87787,1563,2410,4350,2503,3128,1153
24544,变异百变猫,2454,65,x,,10,伪装,87787,1643,2533,4570,2630,3288,1153
24545,变异百变猫,2454,65,x,,10,伪装,87787,1723,2655,4793,2758,3448,1153
24549,百变猫宝宝,2454,65,,x,10,伪装,87787,1325,2040,3685,2120,2653,1153
24550,成年百变猫,2455,75,,,10,伪装,91379,1378,2120,3828,2203,2755,1255
24551,变异百变猫,2455,75,x,,10,伪装,91379,1445,2225,4020,2313,2893,1255
24552,变异百变猫,2455,75,x,,10,伪装,91379,1515,2333,4210,2423,3030,1255
24553,变异百变猫,2455,75,x,,10,伪装,91379,1583,2438,4403,2533,3168,1255
24554,变异百变猫,2455,75,x,,10,伪装,91379,1653,2545,4595,2643,3305,1255
24555,变异百变猫,2455,75,x,,10,伪装,91379,1720,2650,4785,2755,3443,1255
24556,变异百变猫,2455,75,x,,10,伪装,91379,1790,2758,4978,2865,3580,1255
24559,百变猫宝宝,2455,75,,x,10,伪装,91379,1378,2120,3828,2203,2755,1255
24560,成年百变猫,2456,85,,,10,伪装,94971,1428,2198,3968,2283,2855,1357
24561,变异百变猫,2456,85,x,,10,伪装,94971,1488,2293,4138,2380,2975,1357
24562,变异百变猫,2456,85,x,,10,伪装,94971,1548,2385,4308,2478,3098,1357
24563,变异百变猫,2456,85,x,,10,伪装,94971,1610,2480,4478,2578,3220,1357
24564,变异百变猫,2456,85,x,,10,伪装,94971,1670,2575,4648,2675,3343,1357
24565,变异百变猫,2456,85,x,,10,伪装,94971,1733,2668,4818,2773,3465,1357
24566,变异百变猫,2456,85,x,,10,伪装,94971,1793,2763,4988,2870,3588,1357
24567,变异百变猫,2456,85,x,,10,伪装,94971,1855,2858,5158,2968,3710,1357
24569,百变猫宝宝,2456,85,,x,10,伪装,94971,1428,2198,3968,2283,2855,1357
24570,成年百变猫,2457,95,,,10,伪装,98563,1478,2275,4110,2365,2958,1459
24571,变异百变猫,2457,95,x,,10,伪装,98563,1533,2363,4265,2453,3068,1459
24572,变异百变猫,2457,95,x,,10,伪装,98563,1588,2448,4418,2543,3178,1459
24573,变异百变猫,2457,95,x,,10,伪装,98563,1645,2533,4573,2630,3290,1459
24574,变异百变猫,2457,95,x,,10,伪装,98563,1700,2618,4728,2720,3400,1459
24575,变异百变猫,2457,95,x,,10,伪装,98563,1755,2703,4880,2808,3510,1459
24576,变异百变猫,2457,95,x,,10,伪装,98563,1810,2788,5035,2898,3623,1459
24577,变异百变猫,2457,95,x,,10,伪装,98563,1865,2875,5190,2985,3733,1459
24578,变异百变猫,2457,95,x,,10,伪装,98563,1920,2960,5343,3075,3843,1459
24579,百变猫宝宝,2457,95,,x,10,伪装,98563,1478,2275,4110,2365,2958,1459
24580,成年嵩鼠,2458,5,,,10,洒脱,73420,1568,1793,2915,1793,2465,744
24581,变异嵩鼠,2458,5,x,,10,洒脱,73420,1805,2063,3353,2063,2835,744
24582,变异嵩鼠,2458,5,x,,10,洒脱,73420,2040,2330,3788,2330,3205,744
24589,嵩鼠宝宝,2458,5,,x,10,洒脱,73420,1568,1793,2915,1793,2465,744
24590,成年人偶,2459,5,,,10,嗜血,71624,3025,2258,1095,1973,1533,693
24591,变异人偶,2459,5,x,,10,嗜血,71624,3478,2595,1260,2268,1763,693
24592,变异人偶,2459,5,x,,10,嗜血,71624,3933,2935,1425,2565,1995,693
24599,人偶宝宝,2459,5,,x,10,嗜血,71624,3025,2258,1095,1973,1533,693
24600,成年璇灵人偶,2460,45,,,10,嗜血,80604,3378,2520,1223,2203,1713,948
24601,变异璇灵人偶,2460,45,x,,10,嗜血,80604,3715,2773,1345,2423,1883,948
24602,变异璇灵人偶,2460,45,x,,10,嗜血,80604,4053,3025,1468,2643,2055,1896
24603,变异璇灵人偶,2460,45,x,,10,嗜血,80604,4390,3275,1590,2863,2225,948
24609,璇灵人偶宝宝,2460,45,,x,10,嗜血,80604,3378,2520,1223,2203,1713,948
24610,成年星冥人偶,2461,55,,,10,嗜血,84195,3518,2625,1275,2295,1785,1051
24611,变异星冥人偶,2461,55,x,,10,嗜血,84195,3783,2823,1370,2465,1918,1051
24612,变异星冥人偶,2461,55,x,,10,嗜血,84195,4045,3020,1465,2638,2053,1051
24613,变异星冥人偶,2461,55,x,,10,嗜血,84195,4310,3215,1560,2810,2185,1051
24614,变异星冥人偶,2461,55,x,,10,嗜血,84195,4573,3413,1658,2983,2320,1051
24619,星冥人偶宝宝,2461,55,,x,10,嗜血,84195,3518,2625,1275,2295,1785,1051
24620,成年武玄人偶,2462,65,,,10,嗜血,87787,3660,2730,1325,2385,1855,1153
24621,变异武玄人偶,2462,65,x,,10,嗜血,87787,3880,2895,1405,2530,1968,1153
24622,变异武玄人偶,2462,65,x,,10,嗜血,87787,4098,3058,1485,2673,2078,1153
24623,变异武玄人偶,2462,65,x,,10,嗜血,87787,4318,3223,1563,2815,2190,1153
24624,变异武玄人偶,2462,65,x,,10,嗜血,87787,4538,3388,1643,2960,2300,1153
24625,变异武玄人偶,2462,65,x,,10,嗜血,87787,4758,3550,1723,3103,2413,1153
24629,武玄人偶宝宝,2462,65,,x,10,嗜血,87787,3660,2730,1325,2385,1855,1153
24630,成年阎神人偶,2463,75,,,10,嗜血,91379,3800,2838,1378,2478,1928,1255
24631,变异阎神人偶,2463,75,x,,10,嗜血,91379,3990,2978,1445,2603,2023,1255
24632,变异阎神人偶,2463,75,x,,10,嗜血,91379,4180,3120,1515,2725,2120,1255
24633,变异阎神人偶,2463,75,x,,10,嗜血,91379,4370,3263,1583,2850,2218,1255
24634,变异阎神人偶,2463,75,x,,10,嗜血,91379,4560,3405,1653,2975,2313,1255
24635,变异阎神人偶,2463,75,x,,10,嗜血,91379,4750,3545,1720,3098,2410,1255
24636,变异阎神人偶,2463,75,x,,10,嗜血,91379,4940,3688,1790,3223,2505,1255
24639,阎神人偶宝宝,2463,75,,x,10,嗜血,91379,3800,2838,1378,2478,1928,1255
24640,成年梵圣人偶,2464,85,,,10,嗜血,94971,3938,2940,1428,2568,1998,1357
24641,变异梵圣人偶,2464,85,x,,10,嗜血,94971,4108,3065,1488,2678,2083,1357
24642,变异梵圣人偶,2464,85,x,,10,嗜血,94971,4278,3193,1548,2788,2168,1357
24643,变异梵圣人偶,2464,85,x,,10,嗜血,94971,4445,3318,1610,2898,2255,1357
24644,变异梵圣人偶,2464,85,x,,10,嗜血,94971,4615,3443,1670,3008,2340,1357
24645,变异梵圣人偶,2464,85,x,,10,嗜血,94971,4783,3570,1733,3120,2425,1357
24646,变异梵圣人偶,2464,85,x,,10,嗜血,94971,4953,3695,1793,3230,2510,1357
24647,变异梵圣人偶,2464,85,x,,10,嗜血,94971,5120,3823,1855,3340,2598,1357
24649,梵圣人偶宝宝,2464,85,,x,10,嗜血,94971,3938,2940,1428,2568,1998,1357
24650,成年通天人偶,2465,95,,,10,嗜血,98563,4080,3045,1478,2660,2070,1459
24651,变异通天人偶,2465,95,x,,10,嗜血,98563,4233,3160,1533,2760,2148,1459
24652,变异通天人偶,2465,95,x,,10,嗜血,98563,4385,3273,1588,2860,2225,1459
24653,变异通天人偶,2465,95,x,,10,嗜血,98563,4540,3388,1645,2960,2303,1459
24654,变异通天人偶,2465,95,x,,10,嗜血,98563,4693,3503,1700,3060,2380,1459
24655,变异通天人偶,2465,95,x,,10,嗜血,98563,4845,3615,1755,3160,2458,1459
24656,变异通天人偶,2465,95,x,,10,嗜血,98563,4998,3730,1810,3260,2535,1459
24657,变异通天人偶,2465,95,x,,10,嗜血,98563,5153,3845,1865,3360,2613,1459
24658,变异通天人偶,2465,95,x,,10,嗜血,98563,5305,3960,1920,3460,2690,1459
24659,通天人偶宝宝,2465,95,,x,10,嗜血,98563,4080,3045,1478,2660,2070,1459
24660,成年豆豆龙,2466,5,,,10,神佑,77012,1173,1805,3258,1875,2345,846
24661,变异豆豆龙,2466,5,x,,10,神佑,77012,1348,2075,3748,2155,2695,846
24662,变异豆豆龙,2466,5,x,,10,神佑,77012,1523,2345,4235,2438,3048,846
24669,豆豆龙宝宝,2466,5,,x,10,神佑,77012,1173,1805,3258,1875,2345,846
24670,成年豆豆龙,2467,45,,,10,神佑,80604,1223,1883,3400,1958,2448,948
24671,变异豆豆龙,2467,45,x,,10,神佑,80604,1345,2073,3740,2153,2690,948
24672,变异豆豆龙,2467,45,x,,10,神佑,80604,1468,2260,4080,2348,2935,948
24673,变异豆豆龙,2467,45,x,,10,神佑,80604,1590,2448,4423,2545,3180,948
24679,豆豆龙宝宝,2467,45,,x,10,神佑,80604,1223,1883,3400,1958,2448,948
24680,成年豆豆龙,2468,55,,,10,神佑,84195,1275,1963,3543,2040,2550,1051
24681,变异豆豆龙,2468,55,x,,10,神佑,84195,1370,2110,3810,2193,2740,1051
24682,变异豆豆龙,2468,55,x,,10,神佑,84195,1465,2258,4075,2345,2933,1051
24683,变异豆豆龙,2468,55,x,,10,神佑,84195,1560,2405,4340,2498,3123,1051
24684,变异豆豆龙,2468,55,x,,10,神佑,84195,1658,2553,4608,2650,3315,1051
24689,豆豆龙宝宝,2468,55,,x,10,神佑,84195,1275,1963,3543,2040,2550,1051
24690,成年豆豆龙,2469,65,,,10,神佑,87787,1325,2040,3685,2120,2653,1153
24691,变异豆豆龙,2469,65,x,,10,神佑,87787,1405,2163,3908,2248,2810,1153
24692,变异豆豆龙,2469,65,x,,10,神佑,87787,1485,2288,4128,2375,2970,1153
24693,变异豆豆龙,2469,65,x,,10,神佑,87787,1563,2410,4350,2503,3128,1153
24694,变异豆豆龙,2469,65,x,,10,神佑,87787,1643,2533,4570,2630,3288,1153
24695,变异豆豆龙,2469,65,x,,10,神佑,87787,1723,2655,4793,2758,3448,1153
24699,豆豆龙宝宝,2469,65,,x,10,神佑,87787,1325,2040,3685,2120,2653,1153
24700,成年豆豆龙,2470,75,,,10,神佑,91379,1378,2120,3828,2203,2755,1255
24701,变异豆豆龙,2470,75,x,,10,神佑,91379,1445,2225,4020,2313,2893,1255
24702,变异豆豆龙,2470,75,x,,10,神佑,91379,1515,2333,4210,2423,3030,1255
24703,变异豆豆龙,2470,75,x,,10,神佑,91379,1583,2438,4403,2533,3168,1255
24704,变异豆豆龙,2470,75,x,,10,神佑,91379,1653,2545,4595,2643,3305,1255
24705,变异豆豆龙,2470,75,x,,10,神佑,91379,1720,2650,4785,2755,3443,1255
24706,变异豆豆龙,2470,75,x,,10,神佑,91379,1790,2758,4978,2865,3580,1255
24709,豆豆龙宝宝,2470,75,,x,10,神佑,91379,1378,2120,3828,2203,2755,1255
24710,成年豆豆龙,2471,85,,,10,神佑,94971,1428,2198,3968,2283,2855,1357
24711,变异豆豆龙,2471,85,x,,10,神佑,94971,1488,2293,4138,2380,2975,1357
24712,变异豆豆龙,2471,85,x,,10,神佑,94971,1548,2385,4308,2478,3098,1357
24713,变异豆豆龙,2471,85,x,,10,神佑,94971,1610,2480,4478,2578,3220,1357
24714,变异豆豆龙,2471,85,x,,10,神佑,94971,1670,2575,4648,2675,3343,1357
24715,变异豆豆龙,2471,85,x,,10,神佑,94971,1733,2668,4818,2773,3465,1357
24716,变异豆豆龙,2471,85,x,,10,神佑,94971,1793,2763,4988,2870,3588,1357
24717,变异豆豆龙,2471,85,x,,10,神佑,94971,1855,2858,5158,2968,3710,1357
24719,豆豆龙宝宝,2471,85,,x,10,神佑,94971,1428,2198,3968,2283,2855,1357
24720,成年豆豆龙,2472,95,,,10,神佑,98563,1478,2218,4170,2365,2958,1459
24721,变异豆豆龙,2472,95,x,,10,神佑,98563,1533,2300,4325,2453,3068,1459
24722,变异豆豆龙,2472,95,x,,10,神佑,98563,1588,2383,4483,2543,3178,1459
24723,变异豆豆龙,2472,95,x,,10,神佑,98563,1645,2468,4638,2630,3290,1459
24724,变异豆豆龙,2472,95,x,,10,神佑,98563,1700,2550,4795,2720,3400,1459
24725,变异豆豆龙,2472,95,x,,10,神佑,98563,1755,2633,4950,2808,3510,1459
24726,变异豆豆龙,2472,95,x,,10,神佑,98563,1810,2715,5108,2898,3623,1459
24727,变异豆豆龙,2472,95,x,,10,神佑,98563,1865,2800,5263,2985,3733,1459
24728,变异豆豆龙,2472,95,x,,10,神佑,98563,1920,2883,5420,3075,3843,1459
24729,豆豆龙宝宝,2472,95,,x,10,神佑,98563,1478,2218,4170,2365,2958,1459
24730,成年出云龙蟒,2473,5,,,10,嗜血,77012,3048,2578,1640,2110,1640,846
24731,变异出云龙蟒,2473,5,x,,10,嗜血,77012,3505,2965,1888,2425,1888,846
24732,变异出云龙蟒,2473,5,x,,10,嗜血,77012,3963,3353,2133,2743,2133,846
24739,出云龙蟒宝宝,2473,5,,x,10,嗜血,77012,3048,2578,1640,2110,1640,846
24740,成年出云龙蟒,2474,45,,,10,嗜血,80604,3180,2690,1713,2203,1713,948
24741,变异出云龙蟒,2474,45,x,,10,嗜血,80604,3498,2960,1883,2423,1883,948
24742,变异出云龙蟒,2474,45,x,,10,嗜血,80604,3818,3230,2055,2643,2055,948
24743,变异出云龙蟒,2474,45,x,,10,嗜血,80604,4135,3498,2225,2863,2225,948
24749,出云龙蟒宝宝,2474,45,,x,10,嗜血,80604,3180,2690,1713,2203,1713,948
24750,成年出云龙蟒,2475,55,,,10,嗜血,84195,3315,2805,1785,2295,1785,1051
24751,变异出云龙蟒,2475,55,x,,10,嗜血,84195,3563,3015,1918,2465,1918,1051
24752,变异出云龙蟒,2475,55,x,,10,嗜血,84195,3810,3225,2053,2638,2053,1051
24753,变异出云龙蟒,2475,55,x,,10,嗜血,84195,4060,3435,2185,2810,2185,1051
24754,变异出云龙蟒,2475,55,x,,10,嗜血,84195,4308,3645,2320,2983,2320,1051
24759,出云龙蟒宝宝,2475,55,,x,10,嗜血,84195,3315,2805,1785,2295,1785,1051
24760,成年出云龙蟒,2476,65,,,10,嗜血,87787,3448,2918,1855,2385,1855,1153
24761,变异出云龙蟒,2476,65,x,,10,嗜血,87787,3655,3093,1968,2530,1968,1153
24762,变异出云龙蟒,2476,65,x,,10,嗜血,87787,3860,3268,2078,2673,2078,1153
24763,变异出云龙蟒,2476,65,x,,10,嗜血,87787,4068,3443,2190,2815,2190,1153
24764,变异出云龙蟒,2476,65,x,,10,嗜血,87787,4275,3618,2300,2960,2300,1153
24765,变异出云龙蟒,2476,65,x,,10,嗜血,87787,4483,3793,2413,3103,2413,1153
24769,出云龙蟒宝宝,2476,65,,x,10,嗜血,87787,3448,2918,1855,2385,1855,1153
24770,成年出云龙蟒,2477,75,,,10,嗜血,91379,3580,3030,1928,2478,1928,1255
24771,变异出云龙蟒,2477,75,x,,10,嗜血,91379,3760,3180,2023,2603,2023,1255
24772,变异出云龙蟒,2477,75,x,,10,嗜血,91379,3938,3333,2120,2725,2120,1255
24773,变异出云龙蟒,2477,75,x,,10,嗜血,91379,4118,3485,2218,2850,2218,1255
24774,变异出云龙蟒,2477,75,x,,10,嗜血,91379,4298,3635,2313,2975,2313,1255
24775,变异出云龙蟒,2477,75,x,,10,嗜血,91379,4475,3788,2410,3098,2410,1255
24776,变异出云龙蟒,2477,75,x,,10,嗜血,91379,4655,3938,2505,3223,2505,1255
24779,出云龙蟒宝宝,2477,75,,x,10,嗜血,91379,3580,3030,1928,2478,1928,1255
24780,成年出云龙蟒,2478,85,,,10,嗜血,94971,3710,3140,1998,2568,1998,1357
24781,变异出云龙蟒,2478,85,x,,10,嗜血,94971,3870,3275,2083,2678,2083,1357
24782,变异出云龙蟒,2478,85,x,,10,嗜血,94971,4028,3408,2168,2788,2168,1357
24783,变异出云龙蟒,2478,85,x,,10,嗜血,94971,4188,3543,2255,2898,2255,1357
24784,变异出云龙蟒,2478,85,x,,10,嗜血,94971,4348,3678,2340,3008,2340,1357
24785,变异出云龙蟒,2478,85,x,,10,嗜血,94971,4505,3813,2425,3120,2425,1357
24786,变异出云龙蟒,2478,85,x,,10,嗜血,94971,4665,3948,2510,3230,2510,1357
24787,变异出云龙蟒,2478,85,x,,10,嗜血,94971,4823,4083,2598,3340,2598,1357
24789,出云龙蟒宝宝,2478,85,,x,10,嗜血,94971,3710,3140,1998,2568,1998,1357
24790,成年出云龙蟒,2479,95,,,10,嗜血,98563,4020,3253,2070,2660,2070,1459
24791,变异出云龙蟒,2479,95,x,,10,嗜血,98563,4173,3375,2148,2760,2148,1459
24792,变异出云龙蟒,2479,95,x,,10,嗜血,98563,4323,3495,2225,2860,2225,1459
24793,变异出云龙蟒,2479,95,x,,10,嗜血,98563,4473,3618,2303,2960,2303,1459
24794,变异出云龙蟒,2479,95,x,,10,嗜血,98563,4625,3740,2380,3060,2380,1459
24795,变异出云龙蟒,2479,95,x,,10,嗜血,98563,4775,3863,2458,3160,2458,1459
24796,变异出云龙蟒,2479,95,x,,10,嗜血,98563,4925,3985,2535,3260,2535,1459
24797,变异出云龙蟒,2479,95,x,,10,嗜血,98563,5078,4105,2613,3360,2613,1459
24798,变异出云龙蟒,2479,95,x,,10,嗜血,98563,5228,4228,2690,3460,2690,1459
24799,出云龙蟒宝宝,2479,95,,x,10,嗜血,98563,4020,3253,2070,2660,2070,1459
24800,成年游久萌萌猫,2480,20,,,10,明目,73420,2243,2243,2243,2243,2243,744
24801,变异游久萌萌猫,2480,20,x,,10,明目,73420,2578,2578,2578,2578,2578,744
24802,变异游久萌萌猫,2480,20,x,,10,明目,73420,2915,2915,2915,2915,2915,744
24809,游久萌萌猫宝宝,2480,20,,x,10,明目,73420,2243,2243,2243,2243,2243,744
24810,成年傲云苍龙,2481,5,,,10,神佑,77012,1173,1758,3305,1875,2345,846
24811,变异傲云苍龙,2481,5,x,,10,神佑,77012,1348,2023,3800,2155,2695,846
24812,变异傲云苍龙,2481,5,x,,10,神佑,77012,1523,2285,4298,2438,3048,846
24819,傲云苍龙宝宝,2481,5,,x,10,神佑,77012,1173,1758,3305,1875,2345,846
24820,成年傲云苍龙,2482,45,,,10,神佑,80604,1223,1835,3450,1958,2448,948
24821,变异傲云苍龙,2482,45,x,,10,神佑,80604,1345,2018,3795,2153,2690,948
24822,变异傲云苍龙,2482,45,x,,10,神佑,80604,1468,2203,4140,2348,2935,948
24823,变异傲云苍龙,2482,45,x,,10,神佑,80604,1590,2385,4485,2545,3180,948
24829,傲云苍龙宝宝,2482,45,,x,10,神佑,80604,1223,1835,3450,1958,2448,948
24830,成年傲云苍龙,2483,55,,,10,神佑,84195,1275,1913,3595,2040,2550,1051
24831,变异傲云苍龙,2483,55,x,,10,神佑,84195,1370,2055,3865,2193,2740,1051
24832,变异傲云苍龙,2483,55,x,,10,神佑,84195,1465,2198,4133,2345,2933,1051
24833,变异傲云苍龙,2483,55,x,,10,神佑,84195,1560,2343,4403,2498,3123,1051
24834,变异傲云苍龙,2483,55,x,,10,神佑,84195,1658,2485,4673,2650,3315,1051
24839,傲云苍龙宝宝,2483,55,,x,10,神佑,84195,1275,1913,3595,2040,2550,1051
24840,成年傲云苍龙,2484,65,,,10,神佑,87787,1325,1988,3740,2120,2653,1153
24841,变异傲云苍龙,2484,65,x,,10,神佑,87787,1405,2108,3963,2248,2810,1153
24842,变异傲云苍龙,2484,65,x,,10,神佑,87787,1485,2228,4188,2375,2970,1153
24843,变异傲云苍龙,2484,65,x,,10,神佑,87787,1563,2345,4413,2503,3128,1153
24844,变异傲云苍龙,2484,65,x,,10,神佑,87787,1643,2465,4638,2630,3288,1153
24845,变异傲云苍龙,2484,65,x,,10,神佑,87787,1723,2585,4860,2758,3448,1153
24849,傲云苍龙宝宝,2484,65,,x,10,神佑,87787,1325,1988,3740,2120,2653,1153
24850,成年傲云苍龙,2485,75,,,10,神佑,91379,1378,2065,3883,2203,2755,1255
24851,变异傲云苍龙,2485,75,x,,10,神佑,91379,1445,2168,4078,2313,2893,1255
24852,变异傲云苍龙,2485,75,x,,10,神佑,91379,1515,2273,4273,2423,3030,1255
24853,变异傲云苍龙,2485,75,x,,10,神佑,91379,1583,2375,4465,2533,3168,1255
24854,变异傲云苍龙,2485,75,x,,10,神佑,91379,1653,2478,4660,2643,3305,1255
24855,变异傲云苍龙,2485,75,x,,10,神佑,91379,1720,2583,4855,2755,3443,1255
24856,变异傲云苍龙,2485,75,x,,10,神佑,91379,1790,2685,5048,2865,3580,1255
24859,傲云苍龙宝宝,2485,75,,x,10,神佑,91379,1378,2065,3883,2203,2755,1255
24860,成年傲云苍龙,2486,85,,,10,神佑,94971,1428,2140,4025,2283,2855,1357
24861,变异傲云苍龙,2486,85,x,,10,神佑,94971,1488,2233,4198,2380,2975,1357
24862,变异傲云苍龙,2486,85,x,,10,神佑,94971,1548,2323,4370,2478,3098,1357
24863,变异傲云苍龙,2486,85,x,,10,神佑,94971,1610,2415,4543,2578,3220,1357
24864,变异傲云苍龙,2486,85,x,,10,神佑,94971,1670,2508,4715,2675,3343,1357
24865,变异傲云苍龙,2486,85,x,,10,神佑,94971,1733,2600,4888,2773,3465,1357
24866,变异傲云苍龙,2486,85,x,,10,神佑,94971,1793,2690,5060,2870,3588,1357
24867,变异傲云苍龙,2486,85,x,,10,神佑,94971,1855,2783,5233,2968,3710,1357
24869,傲云苍龙宝宝,2486,85,,x,10,神佑,94971,1428,2140,4025,2283,2855,1357
24870,成年傲云苍龙,2487,95,,,10,神佑,98563,1478,2218,4170,2365,2958,1459
24871,变异傲云苍龙,2487,95,x,,10,神佑,98563,1533,2300,4325,2453,3068,1459
24872,变异傲云苍龙,2487,95,x,,10,神佑,98563,1588,2383,4483,2543,3178,1459
24873,变异傲云苍龙,2487,95,x,,10,神佑,98563,1645,2468,4638,2630,3290,1459
24874,变异傲云苍龙,2487,95,x,,10,神佑,98563,1700,2550,4795,2720,3400,1459
24875,变异傲云苍龙,2487,95,x,,10,神佑,98563,1755,2633,4950,2808,3510,1459
24876,变异傲云苍龙,2487,95,x,,10,神佑,98563,1810,2715,5108,2898,3623,1459
24877,变异傲云苍龙,2487,95,x,,10,神佑,98563,1865,2800,5263,2985,3733,1459
24878,变异傲云苍龙,2487,95,x,,10,神佑,98563,1920,2883,5420,3075,3843,1459
24879,傲云苍龙宝宝,2487,95,,x,10,神佑,98563,1478,2218,4170,2365,2958,1459
24880,成年太古龙魂,2488,5,,,10,神佑,77012,1173,1758,3305,1875,2345,846
24881,变异太古龙魂,2488,5,x,,10,神佑,77012,1348,2023,3800,2155,2695,846
24882,变异太古龙魂,2488,5,x,,10,神佑,77012,1523,2285,4298,2438,3048,846
24889,太古龙魂宝宝,2488,5,,x,10,神佑,77012,1173,1758,3305,1875,2345,846
24890,成年太古龙魂,2489,45,,,10,神佑,80604,1223,1835,3450,1958,2448,948
24891,变异太古龙魂,2489,45,x,,10,神佑,80604,1345,2018,3795,2153,2690,948
24892,变异太古龙魂,2489,45,x,,10,神佑,80604,1468,2203,4140,2348,2935,948
24893,变异太古龙魂,2489,45,x,,10,神佑,80604,1590,2385,4485,2545,3180,948
24899,太古龙魂宝宝,2489,45,,x,10,神佑,80604,1223,1835,3450,1958,2448,948
24900,成年太古龙魂,2490,55,,,10,神佑,84195,1275,1913,3595,2040,2550,1051
24901,变异太古龙魂,2490,55,x,,10,神佑,84195,1370,2055,3865,2193,2740,1051
24902,变异太古龙魂,2490,55,x,,10,神佑,84195,1465,2198,4133,2345,2933,1051
24903,变异太古龙魂,2490,55,x,,10,神佑,84195,1560,2343,4403,2498,3123,1051
24904,变异太古龙魂,2490,55,x,,10,神佑,84195,1658,2485,4673,2650,3315,1051
24909,太古龙魂宝宝,2490,55,,x,10,神佑,84195,1275,1913,3595,2040,2550,1051
24910,成年太古龙魂,2491,65,,,10,神佑,87787,1325,1988,3740,2120,2653,1153
24911,变异太古龙魂,2491,65,x,,10,神佑,87787,1405,2108,3963,2248,2810,1153
24912,变异太古龙魂,2491,65,x,,10,神佑,87787,1485,2228,4188,2375,2970,1153
24913,变异太古龙魂,2491,65,x,,10,神佑,87787,1563,2345,4413,2503,3128,1153
24914,变异太古龙魂,2491,65,x,,10,神佑,87787,1643,2465,4638,2630,3288,1153
24915,变异太古龙魂,2491,65,x,,10,神佑,87787,1723,2585,4860,2758,3448,1153
24919,太古龙魂宝宝,2491,65,,x,10,神佑,87787,1325,1988,3740,2120,2653,1153
24920,成年太古龙魂,2492,75,,,10,神佑,91379,1378,2065,3883,2203,2755,1255
24921,变异太古龙魂,2492,75,x,,10,神佑,91379,1445,2168,4078,2313,2893,1255
24922,变异太古龙魂,2492,75,x,,10,神佑,91379,1515,2273,4273,2423,3030,1255
24923,变异太古龙魂,2492,75,x,,10,神佑,91379,1583,2375,4465,2533,3168,1255
24924,变异太古龙魂,2492,75,x,,10,神佑,91379,1653,2478,4660,2643,3305,1255
24925,变异太古龙魂,2492,75,x,,10,神佑,91379,1720,2583,4855,2755,3443,1255
24926,变异太古龙魂,2492,75,x,,10,神佑,91379,1790,2685,5048,2865,3580,1255
24929,太古龙魂宝宝,2492,75,,x,10,神佑,91379,1378,2065,3883,2203,2755,1255
24930,成年太古龙魂,2493,85,,,10,神佑,94971,1428,2140,4025,2283,2855,1357
24931,变异太古龙魂,2493,85,x,,10,神佑,94971,1488,2233,4198,2380,2975,1357
24932,变异太古龙魂,2493,85,x,,10,神佑,94971,1548,2323,4370,2478,3098,1357
24933,变异太古龙魂,2493,85,x,,10,神佑,94971,1610,2415,4543,2578,3220,1357
24934,变异太古龙魂,2493,85,x,,10,神佑,94971,1670,2508,4715,2675,3343,1357
24935,变异太古龙魂,2493,85,x,,10,神佑,94971,1733,2600,4888,2773,3465,1357
24936,变异太古龙魂,2493,85,x,,10,神佑,94971,1793,2690,5060,2870,3588,1357
24937,变异太古龙魂,2493,85,x,,10,神佑,94971,1855,2783,5233,2968,3710,1357
24939,太古龙魂宝宝,2493,85,,x,10,神佑,94971,1428,2140,4025,2283,2855,1357
24940,成年太古龙魂,2494,95,,,10,神佑,98563,1478,2218,4170,2365,2958,1459
24941,变异太古龙魂,2494,95,x,,10,神佑,98563,1533,2300,4325,2453,3068,1459
24942,变异太古龙魂,2494,95,x,,10,神佑,98563,1588,2383,4483,2543,3178,1459
24943,变异太古龙魂,2494,95,x,,10,神佑,98563,1645,2468,4638,2630,3290,1459
24944,变异太古龙魂,2494,95,x,,10,神佑,98563,1700,2550,4795,2720,3400,1459
24945,变异太古龙魂,2494,95,x,,10,神佑,98563,1755,2633,4950,2808,3510,1459
24946,变异太古龙魂,2494,95,x,,10,神佑,98563,1810,2715,5108,2898,3623,1459
24947,变异太古龙魂,2494,95,x,,10,神佑,98563,1865,2800,5263,2985,3733,1459
24948,变异太古龙魂,2494,95,x,,10,神佑,98563,1920,2883,5420,3075,3843,1459
24949,太古龙魂宝宝,2494,95,,x,10,神佑,98563,1478,2218,4170,2365,2958,1459
25001,幻化冰妖,2500,85,x,,10,,94971,2083,2380,3870,2380,3275,1357
25002,幻化公孙圣,2500,85,x,,10,,94971,2168,2478,4028,2478,3408,1357
25011,幻化孙美美,2501,85,x,,10,,94971,3870,3275,2083,2678,2083,1357
25012,幻化林充,2501,85,x,,10,,94971,4028,3408,2168,2788,2168,1357
25021,幻化水匪头领,2502,85,x,,10,,94971,2678,3870,2380,2380,2678,1357
25022,幻化卢君逸,2502,85,x,,10,,94971,2788,4028,2478,2478,2788,1357
25031,幻化水匪头领,2503,85,x,,10,,94971,2975,2678,2380,4168,2083,1357
25032,幻化卢君逸,2503,85,x,,10,,94971,3098,2788,2478,4338,2168,1357
25041,幻化冰妖,2504,85,x,,10,,94971,2083,2380,3870,2380,3275,1357
25042,幻化公孙圣,2504,85,x,,10,,94971,2168,2478,4028,2478,3408,1357
25051,幻化孙美美,2505,85,x,,10,,94971,2975,2678,2380,3870,2083,1357
25052,幻化林充,2505,85,x,,10,,94971,3098,2788,2478,4028,2168,1357
25061,幻化孙美美,2506,85,x,,10,,94971,4108,3065,1488,2678,2083,1357
25062,幻化林充,2506,85,x,,10,,94971,4278,3193,1548,2788,2168,1357
25071,幻化冰妖,2507,85,x,,10,,94971,2083,2380,3870,2380,3275,1357
25072,幻化公孙圣,2507,85,x,,10,,94971,2168,2478,4028,2478,3408,1357
25081,幻化水匪头领,2508,85,x,,10,,94971,2380,4168,2083,1785,2380,1357
25082,幻化卢君逸,2508,85,x,,10,,94971,2478,4338,2168,1858,2478,1357
25091,幻化孙美美,2509,85,x,,10,,94971,3870,3275,2083,2678,2083,1357
25092,幻化林充,2509,85,x,,10,,94971,4028,3408,2168,2788,2168,1357
25101,幻化冰妖,2510,85,x,,10,,94971,2083,2380,3870,2380,3275,1357
25102,幻化公孙圣,2510,85,x,,10,,94971,2168,2478,4028,2478,3408,1357
25111,幻化水匪头领,2511,85,x,,10,,94971,2678,3870,2380,2380,2678,1357
25112,幻化卢君逸,2511,85,x,,10,,94971,2788,4028,2478,2478,2788,1357
25121,幻化孙美美,2512,85,x,,10,,94971,3870,3275,2083,2678,2083,1357
25122,幻化林充,2512,85,x,,10,,94971,4028,3408,2168,2788,2168,1357
25131,幻化孙美美,2513,85,x,,10,,94971,3870,3275,2083,2678,2083,1357
25132,幻化林充,2513,85,x,,10,,94971,4028,3408,2168,2788,2168,1357
25141,幻化水匪头领,2514,85,x,,10,,94971,2678,3870,2380,2380,2678,1357
25142,幻化卢君逸,2514,85,x,,10,,94971,2788,4028,2478,2478,2788,1357
25151,幻化冰妖,2515,85,x,,10,,94971,2083,2380,3870,2380,3275,1357
25152,幻化公孙圣,2515,85,x,,10,,94971,2168,2478,4028,2478,3408,1357
25161,幻化孙美美,2516,85,x,,10,,94971,3870,3275,2083,2678,2083,1357
25162,幻化林充,2516,85,x,,10,,94971,4028,3408,2168,2788,2168,1357
25171,幻化冰妖,2517,85,x,,10,,94971,2083,2380,3870,2380,3275,1357
25172,幻化公孙圣,2517,85,x,,10,,94971,2168,2478,4028,2478,3408,1357
25181,幻化冰妖,2518,85,x,,10,,94971,1488,2293,4138,2380,2975,1357
25182,幻化公孙圣,2518,85,x,,10,,94971,1548,2385,4308,2478,3098,1357
25191,幻化孙美美,2519,85,x,,10,,94971,3870,3275,2083,2678,2083,1357
25192,幻化林充,2519,85,x,,10,,94971,4028,3408,2168,2788,2168,1357
25201,幻化冰妖,2520,85,x,,10,,94971,2083,2380,3870,2380,3275,1357
25202,幻化公孙圣,2520,85,x,,10,,94971,2168,2478,4028,2478,3408,1357
25211,幻化孙美美,2521,85,x,,10,,94971,4168,2975,1488,2678,2083,1357
25212,幻化林充,2521,85,x,,10,,94971,4338,3098,1548,2788,2168,1357
25221,幻化孙美美,2522,85,x,,10,,94971,3870,3275,2083,2678,2083,1357
25222,幻化林充,2522,85,x,,10,,94971,4028,3408,2168,2788,2168,1357
25231,幻化孙美美,2523,85,x,,10,,94971,4168,2975,1488,2678,2083,1357
25232,幻化林充,2523,85,x,,10,,94971,4338,3098,1548,2788,2168,1357
25241,幻化冰妖,2524,85,x,,10,,94971,2083,2380,3870,2380,3275,1357
25242,幻化公孙圣,2524,85,x,,10,,94971,2168,2478,4028,2478,3408,1357
25251,幻化孙美美,2525,85,x,,10,,94971,4168,2975,1488,2678,2083,1357
25252,幻化林充,2525,85,x,,10,,94971,4338,3098,1548,2788,2168,1357
25261,幻化冰妖,2526,85,x,,10,,94971,1488,2233,4198,2380,2975,1357
25262,幻化公孙圣,2526,85,x,,10,,94971,1548,2323,4370,2478,3098,1357
25271,幻化冰妖,2527,85,x,,10,,94971,2083,2380,3870,2380,3275,1357
25272,幻化公孙圣,2527,85,x,,10,,94971,2168,2478,4028,2478,3408,1357
25281,幻化孙美美,2528,85,x,,10,,94971,3870,3275,2083,2678,2083,1357
25282,幻化林充,2528,85,x,,10,,94971,4028,3408,2168,2788,2168,1357
25291,幻化水匪头领,2529,85,x,,10,,94971,2975,2975,2975,2975,2975,1357
25292,幻化卢君逸,2529,85,x,,10,,94971,3098,3098,3098,3098,3098,1357
25301,幻化冰妖,2530,85,x,,10,,94971,2083,2380,3870,2380,3275,1357
25302,幻化公孙圣,2530,85,x,,10,,94971,2168,2478,4028,2478,3408,1357
25311,幻化孙美美,2531,85,x,,10,,94971,3870,3275,2083,2678,2083,1357
25312,幻化林充,2531,85,x,,10,,94971,4028,3408,2168,2788,2168,1357
25321,幻化水匪头领,2532,85,x,,10,,94971,2380,4168,2083,1785,2380,1357
25322,幻化卢君逸,2532,85,x,,10,,94971,2478,4338,2168,1858,2478,1357
25331,幻化冰妖,2533,85,x,,10,,94971,1488,2233,4198,2380,2975,1357
25332,幻化公孙圣,2533,85,x,,10,,94971,1548,2323,4370,2478,3098,1357
25341,幻化冰妖,2534,85,x,,10,,94971,2083,2380,3870,2380,3275,1357
25342,幻化公孙圣,2534,85,x,,10,,94971,2168,2478,4028,2478,3408,1357
25351,幻化秦王,2535,95,x,,10,,98563,3988,3375,2148,2760,2148,1459
25352,幻化关盛,2535,95,x,,10,,98563,4133,3495,2225,2860,2225,1459
25361,幻化远古棋魂,2536,95,x,,10,,98563,2148,2453,3988,2453,3375,1459
25362,幻化宋姜,2536,95,x,,10,,98563,2225,2543,4133,2543,3495,1459
25371,幻化远古棋魂,2537,95,x,,10,,98563,2148,2453,3988,2453,3375,1459
25372,幻化宋姜,2537,95,x,,10,,98563,2225,2543,4133,2543,3495,1459
25381,幻化秦王,2538,95,x,,10,,98563,3068,2760,2453,3988,2148,1459
25382,幻化关盛,2538,95,x,,10,,98563,3178,2860,2543,4133,2225,1459
25391,幻化秦王,2539,95,x,,10,,98563,4233,3160,1533,2760,2148,1459
25392,幻化关盛,2539,95,x,,10,,98563,4385,3273,1588,2860,2225,1459
25401,幻化远古棋魂,2540,95,x,,10,,98563,2148,2453,3988,2453,3375,1459
25402,幻化宋姜,2540,95,x,,10,,98563,2225,2543,4133,2543,3495,1459
25411,幻化哈大霸,2541,95,x,,10,,98563,2453,4295,2148,1840,2453,1459
25412,幻化鲁志生,2541,95,x,,10,,98563,2543,4450,2225,1908,2543,1459
25421,幻化秦王,2542,95,x,,10,,98563,3988,3375,2148,2760,2148,1459
25422,幻化关盛,2542,95,x,,10,,98563,4133,3495,2225,2860,2225,1459
25431,幻化远古棋魂,2543,95,x,,10,,98563,2148,2453,3988,2453,3375,1459
25432,幻化宋姜,2543,95,x,,10,,98563,2225,2543,4133,2543,3495,1459
25441,幻化哈大霸,2544,95,x,,10,,98563,2760,3988,2453,2453,2760,1459
25442,幻化鲁志生,2544,95,x,,10,,98563,2860,4133,2543,2543,2860,1459
25451,幻化秦王,2545,95,x,,10,,98563,3988,3375,2148,2760,2148,1459
25452,幻化关盛,2545,95,x,,10,,98563,4133,3495,2225,2860,2225,1459
25461,幻化哈大霸,2546,95,x,,10,,98563,2760,3988,2453,2453,2760,1459
25462,幻化鲁志生,2546,95,x,,10,,98563,2860,4133,2543,2543,2860,1459
25471,幻化哈大霸,2547,95,x,,10,,98563,2760,3988,2453,2453,2760,1459
25472,幻化鲁志生,2547,95,x,,10,,98563,2860,4133,2543,2543,2860,1459
25481,幻化远古棋魂,2548,95,x,,10,,98563,2148,2453,4173,2453,3375,1459
25482,幻化宋姜,2548,95,x,,10,,98563,2225,2543,4323,2543,3495,1459
25491,幻化秦王,2549,95,x,,10,,98563,3988,3375,2148,2760,2148,1459
25492,幻化关盛,2549,95,x,,10,,98563,4133,3495,2225,2860,2225,1459
25501,幻化远古棋魂,2550,95,x,,10,,98563,2148,2453,3988,2453,3375,1459
25502,幻化宋姜,2550,95,x,,10,,98563,2225,2543,4133,2543,3495,1459
25511,幻化远古棋魂,2551,95,x,,10,,98563,1533,2363,4265,2453,3068,1459
25512,幻化宋姜,2551,95,x,,10,,98563,1588,2448,4418,2543,3178,1459
25521,幻化秦王,2552,95,x,,10,,98563,3988,3375,2148,2760,2148,1459
25522,幻化关盛,2552,95,x,,10,,98563,4133,3495,2225,2860,2225,1459
25531,幻化秦王,2553,95,x,,10,,98563,3988,3375,2148,2760,2148,1459
25532,幻化关盛,2553,95,x,,10,,98563,4133,3495,2225,2860,2225,1459
25541,幻化秦王,2554,95,x,,10,,98563,4295,3068,1533,2760,2148,1459
25542,幻化关盛,2554,95,x,,10,,98563,4450,3178,1588,2860,2225,1459
25551,幻化远古棋魂,2555,95,x,,10,,98563,2148,2453,3988,2453,3375,1459
25552,幻化宋姜,2555,95,x,,10,,98563,2225,2543,4133,2543,3495,1459
25561,幻化秦王,2556,95,x,,10,,98563,4295,3068,1533,2760,2148,1459
25562,幻化关盛,2556,95,x,,10,,98563,4450,3178,1588,2860,2225,1459
25571,幻化远古棋魂,2557,95,x,,10,,98563,1533,2300,4325,2453,3068,1459
25572,幻化宋姜,2557,95,x,,10,,98563,1588,2383,4483,2543,3178,1459
25581,幻化远古棋魂,2558,95,x,,10,,98563,2148,2453,4173,2453,3375,1459
25582,幻化宋姜,2558,95,x,,10,,98563,2225,2543,4323,2543,3495,1459
25591,幻化秦王,2559,95,x,,10,,98563,4173,3375,2148,2760,2148,1459
25592,幻化关盛,2559,95,x,,10,,98563,4323,3495,2225,2860,2225,1459
25601,幻化哈大霸,2560,95,x,,10,,98563,3068,3068,3068,3068,3068,1459
25602,幻化鲁志生,2560,95,x,,10,,98563,3178,3178,3178,3178,3178,1459
25611,幻化远古棋魂,2561,95,x,,10,,98563,2148,2453,4173,2453,3375,1459
25612,幻化宋姜,2561,95,x,,10,,98563,2225,2543,4323,2543,3495,1459
25621,幻化秦王,2562,95,x,,10,,98563,4173,3375,2148,2760,2148,1459
25622,幻化关盛,2562,95,x,,10,,98563,4323,3495,2225,2860,2225,1459
25631,幻化哈大霸,2563,95,x,,10,,98563,2453,4295,2148,1840,2453,1459
25632,幻化鲁志生,2563,95,x,,10,,98563,2543,4450,2225,1908,2543,1459
25641,幻化远古棋魂,2564,95,x,,10,,98563,1533,2300,4325,2453,3068,1459
25642,幻化宋姜,2564,95,x,,10,,98563,1588,2383,4483,2543,3178,1459
25651,幻化远古棋魂,2565,95,x,,10,,98563,2148,2453,4173,2453,3375,1459
25652,幻化宋姜,2565,95,x,,10,,98563,2225,2543,4323,2543,3495,1459
25661,幻化孙美美,2566,85,x,,10,,94971,4108,3065,1488,2678,2083,1357
25662,幻化林充,2566,85,x,,10,,94971,4278,3193,1548,2788,2168,1357
25671,幻化秦王,2567,95,x,,10,,98563,4233,3160,1533,2760,2148,1459
25672,幻化关盛,2567,95,x,,10,,98563,4385,3273,1588,2860,2225,1459
25681,幻化冰妖,2568,85,x,,10,,94971,1488,2293,4138,2380,2975,1357
25682,幻化公孙圣,2568,85,x,,10,,94971,1548,2385,4308,2478,3098,1357
25691,幻化远古棋魂,2569,95,x,,10,,98563,1533,2363,4265,2453,3068,1459
25692,幻化宋姜,2569,95,x,,10,,98563,1588,2448,4418,2543,3178,1459
25701,幻化孙美美,2570,85,x,,10,,94971,4108,3065,1488,2678,2083,1357
25702,幻化林充,2570,85,x,,10,,94971,4278,3193,1548,2788,2168,1357
25711,幻化秦王,2571,95,x,,10,,98563,4233,3160,1533,2760,2148,1459
25712,幻化关盛,2571,95,x,,10,,98563,4385,3273,1588,2860,2225,1459
25721,幻化冰妖,2572,85,x,,10,,94971,2083,2380,3870,2380,3275,1357
25722,幻化公孙圣,2572,85,x,,10,,94971,2168,2478,4028,2478,3408,1357
25731,幻化远古棋魂,2573,95,x,,10,,98563,2148,2453,3988,2453,3375,1459
25732,幻化宋姜,2573,95,x,,10,,98563,2225,2543,4133,2543,3495,1459
25741,幻化冰妖,2574,85,x,,10,,94971,2083,2380,3870,2380,3275,1357
25742,幻化公孙圣,2574,85,x,,10,,94971,2168,2478,4028,2478,3408,1357
25751,幻化远古棋魂,2575,95,x,,10,,98563,2148,2453,3988,2453,3375,1459
25752,幻化宋姜,2575,95,x,,10,,98563,2225,2543,4133,2543,3495,1459
25771,幻化水匪头领,2577,85,x,,10,,94971,2975,2975,2975,2975,2975,1357
25772,幻化卢君逸,2577,85,x,,10,,94971,3098,3098,3098,3098,3098,1357
25781,幻化哈大霸,2578,95,x,,10,,98563,3068,3068,3068,3068,3068,1459
25782,幻化鲁志生,2578,95,x,,10,,98563,3178,3178,3178,3178,3178,1459
25791,幻化孙美美,2579,85,x,,10,,94971,3870,3275,2083,2678,2083,1357
25792,幻化林充,2579,85,x,,10,,94971,4028,3408,2168,2788,2168,1357
25801,幻化秦王,2580,95,x,,10,,98563,4173,3375,2148,2760,2148,1459
25802,幻化关盛,2580,95,x,,10,,98563,4323,3495,2225,2860,2225,1459
25811,幻化孙美美,2581,85,x,,10,,94971,3870,3275,2083,2678,2083,1357
25812,幻化林充,2581,85,x,,10,,94971,4028,3408,2168,2788,2168,1357
25821,幻化秦王,2582,95,x,,10,,98563,3988,3375,2148,2760,2148,1459
25822,幻化关盛,2582,95,x,,10,,98563,4133,3495,2225,2860,2225,1459
25831,幻化孙美美,2583,85,x,,10,,94971,4108,3065,1488,2678,2083,1357
25832,幻化林充,2583,85,x,,10,,94971,4278,3193,1548,2788,2168,1357
25841,幻化秦王,2584,95,x,,10,,98563,4233,3160,1533,2760,2148,1459
25842,幻化关盛,2584,95,x,,10,,98563,4385,3273,1588,2860,2225,1459
25851,幻化冰妖,2585,85,x,,10,,94971,2083,2380,3870,2380,3275,1357
25852,幻化公孙圣,2585,85,x,,10,,94971,2168,2478,4028,2478,3408,1357
25861,幻化远古棋魂,2586,95,x,,10,,98563,2148,2453,3988,2453,3375,1459
25862,幻化宋姜,2586,95,x,,10,,98563,2225,2543,4133,2543,3495,1459
25871,幻化冰妖,2587,85,x,,10,,94971,2083,2380,3870,2380,3275,1357
25872,幻化公孙圣,2587,85,x,,10,,94971,2168,2478,4028,2478,3408,1357
25881,幻化远古棋魂,2588,95,x,,10,,98563,2148,2453,4173,2453,3375,1459
25882,幻化宋姜,2588,95,x,,10,,98563,2225,2543,4323,2543,3495,1459
25891,幻化孙美美,2589,85,x,,10,,94971,3870,3275,2083,2678,2083,1357
25892,幻化林充,2589,85,x,,10,,94971,4028,3408,2168,2788,2168,1357
25901,幻化秦王,2590,95,x,,10,,98563,4173,3375,2148,2760,2148,1459
25902,幻化关盛,2590,95,x,,10,,98563,4323,3495,2225,2860,2225,1459
25911,幻化孙美美,2591,85,x,,10,,94971,4168,2975,1488,2678,2083,1357
25912,幻化林充,2591,85,x,,10,,94971,4338,3098,1548,2788,2168,1357
25921,幻化秦王,2592,95,x,,10,,98563,4295,3068,1533,2760,2148,1459
25922,幻化关盛,2592,95,x,,10,,98563,4450,3178,1588,2860,2225,1459
25941,幻化孙美美,2594,85,x,,10,,94971,3870,3275,2083,2678,2083,1357
25942,幻化林充,2594,85,x,,10,,94971,4028,3408,2168,2788,2168,1357
25951,幻化秦王,2595,95,x,,10,,98563,4173,3375,2148,2760,2148,1459
25952,幻化关盛,2595,95,x,,10,,98563,4323,3495,2225,2860,2225,1459
25961,幻化水匪头领,2596,85,x,,10,,94971,2678,3870,2380,2380,2678,1357
25962,幻化卢君逸,2596,85,x,,10,,94971,2788,4028,2478,2478,2788,1357
25971,幻化哈大霸,2597,95,x,,10,,98563,2760,3988,2453,2453,2760,1459
25972,幻化鲁志生,2597,95,x,,10,,98563,2860,4133,2543,2543,2860,1459
25981,幻化冰妖,2598,85,x,,10,,94971,1488,2233,4198,2380,2975,1357
25982,幻化公孙圣,2598,85,x,,10,,94971,1548,2323,4370,2478,3098,1357
25991,幻化远古棋魂,2599,95,x,,10,,98563,1533,2300,4325,2453,3068,1459
25992,幻化宋姜,2599,95,x,,10,,98563,1588,2383,4483,2543,3178,1459
26001,幻化冰妖,2600,85,x,,10,,94971,1488,2293,4138,2380,2975,1357
26002,幻化公孙圣,2600,85,x,,10,,94971,1548,2385,4308,2478,3098,1357
26011,幻化远古棋魂,2601,95,x,,10,,98563,1533,2363,4265,2453,3068,1459
26012,幻化宋姜,2601,95,x,,10,,98563,1588,2448,4418,2543,3178,1459
26021,幻化冰妖,2602,85,x,,10,,94971,2083,2380,3870,2380,3275,1357
26022,幻化公孙圣,2602,85,x,,10,,94971,2168,2478,4028,2478,3408,1357
26031,幻化远古棋魂,2603,95,x,,10,,98563,2148,2453,4173,2453,3375,1459
26032,幻化宋姜,2603,95,x,,10,,98563,2225,2543,4323,2543,3495,1459
26041,幻化孙美美,2604,85,x,,10,,94971,4108,3065,1488,2678,2083,1357
26042,幻化林充,2604,85,x,,10,,94971,4278,3193,1548,2788,2168,1357
26051,幻化秦王,2605,95,x,,10,,98563,4233,3160,1533,2760,2148,1459
26052,幻化关盛,2605,95,x,,10,,98563,4385,3273,1588,2860,2225,1459
26061,幻化孙美美,2606,85,x,,10,,94971,4108,3065,1488,2678,2083,1357
26062,幻化林充,2606,85,x,,10,,94971,4278,3193,1548,2788,2168,1357
26071,幻化秦王,2607,95,x,,10,,98563,4233,3160,1533,2760,2148,1459
26072,幻化关盛,2607,95,x,,10,,98563,4385,3273,1588,2860,2225,1459
26081,幻化水匪头领,2608,85,x,,10,,94971,2975,2975,2975,2975,2975,1357
26082,幻化卢君逸,2608,85,x,,10,,94971,3098,3098,3098,3098,3098,1357
26091,幻化哈大霸,2609,95,x,,10,,98563,3068,3068,3068,3068,3068,1459
26092,幻化鲁志生,2609,95,x,,10,,98563,3178,3178,3178,3178,3178,1459
26101,幻化孙美美,2610,85,x,,10,,94971,4108,3065,1488,2678,2083,1357
26102,幻化林充,2610,85,x,,10,,94971,4278,3193,1548,2788,2168,1357
26111,幻化秦王,2611,95,x,,10,,98563,4233,3160,1533,2760,2148,1459
26112,幻化关盛,2611,95,x,,10,,98563,4385,3273,1588,2860,2225,1459
26121,幻化冰妖,2612,85,x,,10,,94971,2083,2380,3870,2380,3275,1357
26122,幻化公孙圣,2612,85,x,,10,,94971,2168,2478,4028,2478,3408,1357
26131,幻化冰妖,2613,85,x,,10,,94971,1488,2293,4138,2380,2975,1357
26132,幻化公孙圣,2613,85,x,,10,,94971,1548,2385,4308,2478,3098,1357
26141,幻化远古棋魂,2614,95,x,,10,,98563,1533,2363,4265,2453,3068,1459
26142,幻化宋姜,2614,95,x,,10,,98563,1588,2448,4418,2543,3178,1459
26151,幻化孙美美,2615,85,x,,10,,94971,4108,3065,1488,2678,2083,1357
26152,幻化林充,2615,85,x,,10,,94971,4278,3193,1548,2788,2168,1357
26161,幻化秦王,2616,95,x,,10,,98563,4233,3160,1533,2760,2148,1459
26162,幻化关盛,2616,95,x,,10,,98563,4385,3273,1588,2860,2225,1459
26171,幻化冰妖,2617,85,x,,10,,94971,1488,2293,4138,2380,2975,1357
26172,幻化公孙圣,2617,85,x,,10,,94971,1548,2385,4308,2478,3098,1357
26181,幻化远古棋魂,2618,95,x,,10,,98563,1533,2300,4325,2453,3068,1459
26182,幻化宋姜,2618,95,x,,10,,98563,1588,2383,4483,2543,3178,1459
26191,幻化孙美美,2619,85,x,,10,,94971,3870,3275,2083,2678,2083,1357
26192,幻化林充,2619,85,x,,10,,94971,4028,3408,2168,2788,2168,1357
26201,幻化秦王,2620,95,x,,10,,98563,4173,3375,2148,2760,2148,1459
26202,幻化关盛,2620,95,x,,10,,98563,4323,3495,2225,2860,2225,1459
26211,幻化冰妖,2621,85,x,,10,,94971,1488,2233,4198,2380,2975,1357
26212,幻化公孙圣,2621,85,x,,10,,94971,1548,2323,4370,2478,3098,1357
26221,幻化远古棋魂,2622,95,x,,10,,98563,1533,2300,4325,2453,3068,1459
26222,幻化宋姜,2622,95,x,,10,,98563,1588,2383,4483,2543,3178,1459
26231,幻化冰妖,2623,85,x,,10,,94971,1488,2233,4198,2380,2975,1357
26232,幻化公孙圣,2623,85,x,,10,,94971,1548,2323,4370,2478,3098,1357
26241,幻化远古棋魂,2624,95,x,,10,,98563,1533,2300,4325,2453,3068,1459
26242,幻化宋姜,2624,95,x,,10,,98563,1588,2383,4483,2543,3178,1459
26251,幻化冰妖,2625,85,x,,10,,94971,1488,2293,4138,2380,2975,1357
26252,幻化公孙圣,2625,85,x,,10,,94971,1548,2385,4308,2478,3098,1357
26261,幻化远古棋魂,2626,95,x,,10,,98563,1533,2363,4265,2453,3068,1459
26262,幻化宋姜,2626,95,x,,10,,98563,1588,2448,4418,2543,3178,1459
26271,幻化冰妖,2627,85,x,,10,,94971,1488,2293,4138,2380,2975,1357
26272,幻化公孙圣,2627,85,x,,10,,94971,1548,2385,4308,2478,3098,1357
26281,幻化远古棋魂,2628,95,x,,10,,98563,1533,2363,4265,2453,3068,1459
26282,幻化宋姜,2628,95,x,,10,,98563,1588,2448,4418,2543,3178,1459
26291,幻化冰妖,2629,85,x,,10,,94971,1488,2233,4198,2380,2975,1357
26292,幻化公孙圣,2629,85,x,,10,,94971,1548,2323,4370,2478,3098,1357
26301,幻化远古棋魂,2630,95,x,,10,,98563,1533,2300,4325,2453,3068,1459
26302,幻化宋姜,2630,95,x,,10,,98563,1588,2383,4483,2543,3178,1459
26311,幻化冰妖,2631,85,x,,10,,94971,1488,2233,4198,2380,2975,1357
26312,幻化公孙圣,2631,85,x,,10,,94971,1548,2323,4370,2478,3098,1357
26321,幻化远古棋魂,2632,95,x,,10,,98563,1533,2300,4325,2453,3068,1459
26322,幻化宋姜,2632,95,x,,10,,98563,1588,2383,4483,2543,3178,1459
26331,幻化孙美美,2633,85,x,,10,,94971,4168,2975,1488,2678,2083,1357
26332,幻化林充,2633,85,x,,10,,94971,4338,3098,1548,2788,2168,1357
26341,幻化孙美美,2634,85,x,,10,,94971,4048,3275,2083,2678,2083,1357
26342,幻化林充,2634,85,x,,10,,94971,4215,3408,2168,2788,2168,1357
26351,幻化秦王,2635,95,x,,10,,98563,4173,3375,2148,2760,2148,1459
26352,幻化关盛,2635,95,x,,10,,98563,4323,3495,2225,2860,2225,1459
26361,幻化水匪头领,2596,85,x,,10,,94971,2678,3870,2380,2380,2678,1357
26362,幻化卢君逸,2596,85,x,,10,,94971,2788,4028,2478,2478,2788,1357
26371,幻化哈大霸,2597,95,x,,10,,98563,2760,3988,2453,2453,2760,1459
26372,幻化鲁志生,2597,95,x,,10,,98563,2860,4133,2543,2543,2860,1459
26381,幻化远古棋魂,2638,95,x,,10,,98563,1533,2300,4325,2453,3068,1459
26382,幻化宋姜,2638,95,x,,10,,98563,1588,2383,4483,2543,3178,1459
26391,幻化远古棋魂,2639,95,x,,10,,98563,1533,2300,4325,2453,3068,1459
26392,幻化宋姜,2639,95,x,,10,,98563,1588,2383,4483,2543,3178,1459
26401,幻化哈大霸,2597,95,x,,10,,98563,2760,3988,2453,2453,2760,1459
26402,幻化鲁志生,2597,95,x,,10,,98563,2860,4133,2543,2543,2860,1459
26411,幻化哈大霸,2597,95,x,,10,,98563,2760,3988,2453,2453,2760,1459
26412,幻化鲁志生,2597,95,x,,10,,98563,2860,4133,2543,2543,2860,1459
26421,幻化水匪头领,2780,85,,,10,,94971,2283,3995,1998,1713,2283,1357
26422,幻化卢君逸,2780,85,x,,10,,94971,2380,4168,2083,1785,2380,1357
26431,幻化哈大霸,2781,95,,,10,,98563,2365,4140,2070,1773,2365,1459
26432,幻化鲁志生,2781,95,x,,10,,98563,2453,4295,2148,1840,2453,1459
26441,幻化孙美美,2644,85,x,,10,,94971,4048,3275,2083,2678,2083,1357
26442,幻化林充,2644,85,x,,10,,94971,4215,3408,2168,2788,2168,1357
26451,幻化秦王,2645,95,x,,10,,98563,4173,3375,2148,2760,2148,1459
26452,幻化关盛,2645,95,x,,10,,98563,4323,3495,2225,2860,2225,1459
26461,幻化冰妖,2646,85,x,,10,,94971,1488,2233,4198,2380,2975,1357
26462,幻化公孙圣,2646,85,x,,10,,94971,1548,2323,4370,2478,3098,1357
26471,幻化远古棋魂,2647,95,x,,10,,98563,1533,2300,4325,2453,3068,1459
26472,幻化宋姜,2647,95,x,,10,,98563,1588,2383,4483,2543,3178,1459
26481,幻化孙美美,2634,85,x,,10,,94971,4048,3275,2083,2678,2083,1357
26482,幻化林充,2634,85,x,,10,,94971,4215,3408,2168,2788,2168,1357
26491,幻化秦王,2635,95,x,,10,,98563,4173,3375,2148,2760,2148,1459
26492,幻化关盛,2635,95,x,,10,,98563,4323,3495,2225,2860,2225,1459
26501,幻化孙美美,2634,85,x,,10,,94971,4048,3275,2083,2678,2083,1357
26502,幻化林充,2634,85,x,,10,,94971,4215,3408,2168,2788,2168,1357
26511,幻化秦王,2635,95,x,,10,,98563,4173,3375,2148,2760,2148,1459
26512,幻化关盛,2635,95,x,,10,,98563,4323,3495,2225,2860,2225,1459
26521,幻化水匪头领,2780,85,,,10,,94971,2283,3995,1998,1713,2283,1357
26522,幻化卢君逸,2780,85,x,,10,,94971,2380,4168,2083,1785,2380,1357
26531,幻化哈大霸,2781,95,,,10,,98563,2365,4140,2070,1773,2365,1459
26532,幻化鲁志生,2781,95,x,,10,,98563,2453,4295,2148,1840,2453,1459
26541,幻化冰妖,2654,85,x,,10,,94971,1488,2233,4198,2380,2975,1357
26542,幻化公孙圣,2654,85,x,,10,,94971,1548,2323,4370,2478,3098,1357
26551,幻化远古棋魂,2655,95,x,,10,,98563,1533,2300,4325,2453,3068,1459
26552,幻化宋姜,2655,95,x,,10,,98563,1588,2383,4483,2543,3178,1459
26561,幻化水匪头领,2656,85,,,10,,94971,2283,3995,1998,1713,2283,1357
26562,幻化卢君逸,2656,85,x,,10,,94971,2380,4168,2083,1785,2380,1357
26571,幻化哈大霸,2657,95,,,10,,98563,2365,4140,2070,1773,2365,1459
26572,幻化鲁志生,2657,95,x,,10,,98563,2453,4295,2148,1840,2453,1459
26581,幻化冰妖,2658,85,x,,10,,94971,1488,2233,4198,2380,2975,1357
26582,幻化公孙圣,2658,85,x,,10,,94971,1548,2323,4370,2478,3098,1357
26591,幻化远古棋魂,2659,95,x,,10,,98563,1533,2300,4325,2453,3068,1459
26592,幻化宋姜,2659,95,x,,10,,98563,1588,2383,4483,2543,3178,1459
26601,幻化水匪头领,2656,85,,,10,,94971,2283,3995,1998,1713,2283,1357
26602,幻化卢君逸,2656,85,x,,10,,94971,2380,4168,2083,1785,2380,1357
26611,幻化哈大霸,2657,95,,,10,,98563,2365,4140,2070,1773,2365,1459
26612,幻化鲁志生,2657,95,x,,10,,98563,2453,4295,2148,1840,2453,1459
26621,幻化孙美美,2634,85,x,,10,,94971,4048,3275,2083,2678,2083,1357
26622,幻化林充,2634,85,x,,10,,94971,4215,3408,2168,2788,2168,1357
26631,幻化秦王,2635,95,x,,10,,98563,4173,3375,2148,2760,2148,1459
26632,幻化关盛,2635,95,x,,10,,98563,4323,3495,2225,2860,2225,1459
26641,幻化水匪头领,2656,85,,,10,,94971,2283,3995,1998,1713,2283,1357
26642,幻化卢君逸,2656,85,x,,10,,94971,2380,4168,2083,1785,2380,1357
26651,幻化哈大霸,2657,95,,,10,,98563,2365,4140,2070,1773,2365,1459
26652,幻化鲁志生,2657,95,x,,10,,98563,2453,4295,2148,1840,2453,1459
26661,幻化孙美美,2634,85,x,,10,,94971,4048,3275,2083,2678,2083,1357
26662,幻化林充,2634,85,x,,10,,94971,4215,3408,2168,2788,2168,1357
26671,幻化秦王,2635,95,x,,10,,98563,4173,3375,2148,2760,2148,1459
26672,幻化关盛,2635,95,x,,10,,98563,4323,3495,2225,2860,2225,1459
27000,成年鼹鼠,2700,5,,,10,神佑,77012,1173,1805,3258,1875,2345,846
27001,变异鼹鼠,2700,5,x,,10,神佑,77012,1348,2075,3748,2155,2695,846
27002,变异鼹鼠,2700,5,x,,10,神佑,77012,1523,2345,4235,2438,3048,846
27009,鼹鼠宝宝,2700,5,,x,10,神佑,77012,1173,1805,3258,1875,2345,846
27010,成年鼹鼠,2701,45,,,10,神佑,80604,1223,1883,3400,1958,2448,948
27011,变异鼹鼠,2701,45,x,,10,神佑,80604,1345,2073,3740,2153,2690,948
27012,变异鼹鼠,2701,45,x,,10,神佑,80604,1468,2260,4080,2348,2935,948
27013,变异鼹鼠,2701,45,x,,10,神佑,80604,1590,2448,4423,2545,3180,948
27019,鼹鼠宝宝,2701,45,,x,10,神佑,80604,1223,1883,3400,1958,2448,948
27020,成年鼹鼠,2702,55,,,10,神佑,84195,1275,1963,3543,2040,2550,1051
27021,变异鼹鼠,2702,55,x,,10,神佑,84195,1370,2110,3810,2193,2740,1051
27022,变异鼹鼠,2702,55,x,,10,神佑,84195,1465,2258,4075,2345,2933,1051
27023,变异鼹鼠,2702,55,x,,10,神佑,84195,1560,2405,4340,2498,3123,1051
27024,变异鼹鼠,2702,55,x,,10,神佑,84195,1658,2553,4608,2650,3315,1051
27029,鼹鼠宝宝,2702,55,,x,10,神佑,84195,1275,1963,3543,2040,2550,1051
27030,成年鼹鼠,2703,65,,,10,神佑,87787,1325,2040,3685,2120,2653,1153
27031,变异鼹鼠,2703,65,x,,10,神佑,87787,1405,2163,3908,2248,2810,1153
27032,变异鼹鼠,2703,65,x,,10,神佑,87787,1485,2288,4128,2375,2970,1153
27033,变异鼹鼠,2703,65,x,,10,神佑,87787,1563,2410,4350,2503,3128,1153
27034,变异鼹鼠,2703,65,x,,10,神佑,87787,1643,2533,4570,2630,3288,1153
27035,变异鼹鼠,2703,65,x,,10,神佑,87787,1723,2655,4793,2758,3448,1153
27039,鼹鼠宝宝,2703,65,,x,10,神佑,87787,1325,2040,3685,2120,2653,1153
27040,成年鼹鼠,2704,75,,,10,神佑,91379,1378,2120,3828,2203,2755,1255
27041,变异鼹鼠,2704,75,x,,10,神佑,91379,1445,2225,4020,2313,2893,1255
27042,变异鼹鼠,2704,75,x,,10,神佑,91379,1515,2333,4210,2423,3030,1255
27043,变异鼹鼠,2704,75,x,,10,神佑,91379,1583,2438,4403,2533,3168,1255
27044,变异鼹鼠,2704,75,x,,10,神佑,91379,1653,2545,4595,2643,3305,1255
27045,变异鼹鼠,2704,75,x,,10,神佑,91379,1720,2650,4785,2755,3443,1255
27046,变异鼹鼠,2704,75,x,,10,神佑,91379,1790,2758,4978,2865,3580,1255
27049,鼹鼠宝宝,2704,75,,x,10,神佑,91379,1378,2120,3828,2203,2755,1255
27050,成年鼹鼠,2705,85,,,10,神佑,94971,1428,2198,3968,2283,2855,1357
27051,变异鼹鼠,2705,85,x,,10,神佑,94971,1488,2293,4138,2380,2975,1357
27052,变异鼹鼠,2705,85,x,,10,神佑,94971,1548,2385,4308,2478,3098,1357
27053,变异鼹鼠,2705,85,x,,10,神佑,94971,1610,2480,4478,2578,3220,1357
27054,变异鼹鼠,2705,85,x,,10,神佑,94971,1670,2575,4648,2675,3343,1357
27055,变异鼹鼠,2705,85,x,,10,神佑,94971,1733,2668,4818,2773,3465,1357
27056,变异鼹鼠,2705,85,x,,10,神佑,94971,1793,2763,4988,2870,3588,1357
27057,变异鼹鼠,2705,85,x,,10,神佑,94971,1855,2858,5158,2968,3710,1357
27059,鼹鼠宝宝,2705,85,,x,10,神佑,94971,1428,2198,3968,2283,2855,1357
27060,成年鼹鼠,2706,95,,,10,神佑,98563,1478,2275,4110,2365,2958,1459
27061,变异鼹鼠,2706,95,x,,10,神佑,98563,1533,2363,4265,2453,3068,1459
27062,变异鼹鼠,2706,95,x,,10,神佑,98563,1588,2448,4418,2543,3178,1459
27063,变异鼹鼠,2706,95,x,,10,神佑,98563,1645,2533,4573,2630,3290,1459
27064,变异鼹鼠,2706,95,x,,10,神佑,98563,1700,2618,4728,2720,3400,1459
27065,变异鼹鼠,2706,95,x,,10,神佑,98563,1755,2703,4880,2808,3510,1459
27066,变异鼹鼠,2706,95,x,,10,神佑,98563,1810,2788,5035,2898,3623,1459
27067,变异鼹鼠,2706,95,x,,10,神佑,98563,1865,2875,5190,2985,3733,1459
27068,变异鼹鼠,2706,95,x,,10,神佑,98563,1920,2960,5343,3075,3843,1459
27069,鼹鼠宝宝,2706,95,,x,10,神佑,98563,1478,2275,4110,2365,2958,1459
27070,成年捣蛋鼠,2707,5,,,10,治疗,77012,1173,1805,3258,1875,2345,846
27071,变异捣蛋鼠,2707,5,x,,10,治疗,77012,1348,2075,3748,2155,2695,846
27072,变异捣蛋鼠,2707,5,x,,10,治疗,77012,1523,2345,4235,2438,3048,846
27079,捣蛋鼠宝宝,2707,5,,x,10,极冰凝杀,77012,1173,1805,3258,1875,2345,846
27080,成年捣蛋鼠,2708,45,,,10,治疗,80604,1223,1883,3400,1958,2448,948
27081,变异捣蛋鼠,2708,45,x,,10,治疗,80604,1345,2073,3740,2153,2690,948
27082,变异捣蛋鼠,2708,45,x,,10,治疗,80604,1468,2260,4080,2348,2935,948
27083,变异捣蛋鼠,2708,45,x,,10,治疗,80604,1590,2448,4423,2545,3180,948
27089,捣蛋鼠宝宝,2708,45,,x,10,极冰凝杀,80604,1223,1883,3400,1958,2448,948
27090,成年捣蛋鼠,2709,55,,,10,治疗,84195,1275,1963,3543,2040,2550,1051
27091,变异捣蛋鼠,2709,55,x,,10,治疗,84195,1370,2110,3810,2193,2740,1051
27092,变异捣蛋鼠,2709,55,x,,10,治疗,84195,1465,2258,4075,2345,2933,1051
27093,变异捣蛋鼠,2709,55,x,,10,治疗,84195,1560,2405,4340,2498,3123,1051
27094,变异捣蛋鼠,2709,55,x,,10,治疗,84195,1658,2553,4608,2650,3315,1051
27099,捣蛋鼠宝宝,2709,55,,x,10,极冰凝杀,84195,1275,1963,3543,2040,2550,1051
27100,成年捣蛋鼠,2710,65,,,10,治疗,87787,1325,2040,3685,2120,2653,1153
27101,变异捣蛋鼠,2710,65,x,,10,治疗,87787,1405,2163,3908,2248,2810,1153
27102,变异捣蛋鼠,2710,65,x,,10,治疗,87787,1485,2288,4128,2375,2970,1153
27103,变异捣蛋鼠,2710,65,x,,10,治疗,87787,1563,2410,4350,2503,3128,1153
27104,变异捣蛋鼠,2710,65,x,,10,治疗,87787,1643,2533,4570,2630,3288,1153
27105,变异捣蛋鼠,2710,65,x,,10,治疗,87787,1723,2655,4793,2758,3448,1153
27109,捣蛋鼠宝宝,2710,65,,x,10,极冰凝杀,87787,1325,2040,3685,2120,2653,1153
27110,成年捣蛋鼠,2711,75,,,10,治疗,91379,1378,2120,3828,2203,2755,1255
27111,变异捣蛋鼠,2711,75,x,,10,治疗,91379,1445,2225,4020,2313,2893,1255
27112,变异捣蛋鼠,2711,75,x,,10,治疗,91379,1515,2333,4210,2423,3030,1255
27113,变异捣蛋鼠,2711,75,x,,10,治疗,91379,1583,2438,4403,2533,3168,1255
27114,变异捣蛋鼠,2711,75,x,,10,治疗,91379,1653,2545,4595,2643,3305,1255
27115,变异捣蛋鼠,2711,75,x,,10,治疗,91379,1720,2650,4785,2755,3443,1255
27116,变异捣蛋鼠,2711,75,x,,10,治疗,91379,1790,2758,4978,2865,3580,1255
27119,捣蛋鼠宝宝,2711,75,,x,10,极冰凝杀,91379,1378,2120,3828,2203,2755,1255
27120,成年捣蛋鼠,2712,85,,,10,治疗,94971,1428,2198,3968,2283,2855,1357
27121,变异捣蛋鼠,2712,85,x,,10,治疗,94971,1488,2293,4138,2380,2975,1357
27122,变异捣蛋鼠,2712,85,x,,10,治疗,94971,1548,2385,4308,2478,3098,1357
27123,变异捣蛋鼠,2712,85,x,,10,治疗,94971,1610,2480,4478,2578,3220,1357
27124,变异捣蛋鼠,2712,85,x,,10,治疗,94971,1670,2575,4648,2675,3343,1357
27125,变异捣蛋鼠,2712,85,x,,10,治疗,94971,1733,2668,4818,2773,3465,1357
27126,变异捣蛋鼠,2712,85,x,,10,治疗,94971,1793,2763,4988,2870,3588,1357
27127,变异捣蛋鼠,2712,85,x,,10,治疗,94971,1855,2858,5158,2968,3710,1357
27129,捣蛋鼠宝宝,2712,85,,x,10,极冰凝杀,94971,1428,2198,3968,2283,2855,1357
27130,成年捣蛋鼠,2713,95,,,10,治疗,98563,1478,2275,4110,2365,2958,1459
27131,变异捣蛋鼠,2713,95,x,,10,治疗,98563,1533,2363,4265,2453,3068,1459
27132,变异捣蛋鼠,2713,95,x,,10,治疗,98563,1588,2448,4418,2543,3178,1459
27133,变异捣蛋鼠,2713,95,x,,10,治疗,98563,1645,2533,4573,2630,3290,1459
27134,变异捣蛋鼠,2713,95,x,,10,治疗,98563,1700,2618,4728,2720,3400,1459
27135,变异捣蛋鼠,2713,95,x,,10,治疗,98563,1755,2703,4880,2808,3510,1459
27136,变异捣蛋鼠,2713,95,x,,10,治疗,98563,1810,2788,5035,2898,3623,1459
27137,变异捣蛋鼠,2713,95,x,,10,治疗,98563,1865,2875,5190,2985,3733,1459
27138,变异捣蛋鼠,2713,95,x,,10,治疗,98563,1920,2960,5343,3075,3843,1459
27139,捣蛋鼠宝宝,2713,95,,x,10,极冰凝杀,98563,1478,2275,4110,2365,2958,1459
27140,成年咩小萌,2714,5,,,10,神佑,77012,1173,1758,3305,1875,2345,846
27141,变异咩小萌,2714,5,x,,10,神佑,77012,1348,2023,3800,2155,2695,846
27142,变异咩小萌,2714,5,x,,10,神佑,77012,1523,2285,4298,2438,3048,846
27149,咩小萌宝宝,2714,5,,x,10,神佑,77012,1173,1758,3305,1875,2345,846
27150,成年咩小萌,2715,45,,,10,神佑,80604,1223,1835,3450,1958,2448,948
27151,变异咩小萌,2715,45,x,,10,神佑,80604,1345,2018,3795,2153,2690,948
27152,变异咩小萌,2715,45,x,,10,神佑,80604,1468,2203,4140,2348,2935,948
27153,变异咩小萌,2715,45,x,,10,神佑,80604,1590,2385,4485,2545,3180,948
27159,咩小萌宝宝,2715,45,,x,10,神佑,80604,1223,1835,3450,1958,2448,948
27160,成年咩小萌,2716,55,,,10,神佑,84195,1275,1913,3595,2040,2550,1051
27161,变异咩小萌,2716,55,x,,10,神佑,84195,1370,2055,3865,2193,2740,1051
27162,变异咩小萌,2716,55,x,,10,神佑,84195,1465,2198,4133,2345,2933,1051
27163,变异咩小萌,2716,55,x,,10,神佑,84195,1560,2343,4403,2498,3123,1051
27164,变异咩小萌,2716,55,x,,10,神佑,84195,1658,2485,4673,2650,3315,1051
27169,咩小萌宝宝,2716,55,,x,10,神佑,84195,1275,1913,3595,2040,2550,1051
27170,成年咩小萌,2717,65,,,10,神佑,87787,1325,1988,3740,2120,2653,1153
27171,变异咩小萌,2717,65,x,,10,神佑,87787,1405,2108,3963,2248,2810,1153
27172,变异咩小萌,2717,65,x,,10,神佑,87787,1485,2228,4188,2375,2970,1153
27173,变异咩小萌,2717,65,x,,10,神佑,87787,1563,2345,4413,2503,3128,1153
27174,变异咩小萌,2717,65,x,,10,神佑,87787,1643,2465,4638,2630,3288,1153
27175,变异咩小萌,2717,65,x,,10,神佑,87787,1723,2585,4860,2758,3448,1153
27179,咩小萌宝宝,2717,65,,x,10,神佑,87787,1325,1988,3740,2120,2653,1153
27180,成年咩小萌,2718,75,,,10,神佑,91379,1378,2065,3883,2203,2755,1255
27181,变异咩小萌,2718,75,x,,10,神佑,91379,1445,2168,4078,2313,2893,1255
27182,变异咩小萌,2718,75,x,,10,神佑,91379,1515,2273,4273,2423,3030,1255
27183,变异咩小萌,2718,75,x,,10,神佑,91379,1583,2375,4465,2533,3168,1255
27184,变异咩小萌,2718,75,x,,10,神佑,91379,1653,2478,4660,2643,3305,1255
27185,变异咩小萌,2718,75,x,,10,神佑,91379,1720,2583,4855,2755,3443,1255
27186,变异咩小萌,2718,75,x,,10,神佑,91379,1790,2685,5048,2865,3580,1255
27189,咩小萌宝宝,2718,75,,x,10,神佑,91379,1378,2065,3883,2203,2755,1255
27190,成年咩小萌,2719,85,,,10,神佑,94971,1428,2140,4025,2283,2855,1357
27191,变异咩小萌,2719,85,x,,10,神佑,94971,1488,2233,4198,2380,2975,1357
27192,变异咩小萌,2719,85,x,,10,神佑,94971,1548,2323,4370,2478,3098,1357
27193,变异咩小萌,2719,85,x,,10,神佑,94971,1610,2415,4543,2578,3220,1357
27194,变异咩小萌,2719,85,x,,10,神佑,94971,1670,2508,4715,2675,3343,1357
27195,变异咩小萌,2719,85,x,,10,神佑,94971,1733,2600,4888,2773,3465,1357
27196,变异咩小萌,2719,85,x,,10,神佑,94971,1793,2690,5060,2870,3588,1357
27197,变异咩小萌,2719,85,x,,10,神佑,94971,1855,2783,5233,2968,3710,1357
27199,咩小萌宝宝,2719,85,,x,10,神佑,94971,1428,2140,4025,2283,2855,1357
27200,成年咩小萌,2720,95,,,10,神佑,98563,1478,2218,4170,2365,2958,1459
27201,变异咩小萌,2720,95,x,,10,神佑,98563,1533,2300,4325,2453,3068,1459
27202,变异咩小萌,2720,95,x,,10,神佑,98563,1588,2383,4483,2543,3178,1459
27203,变异咩小萌,2720,95,x,,10,神佑,98563,1645,2468,4638,2630,3290,1459
27204,变异咩小萌,2720,95,x,,10,神佑,98563,1700,2550,4795,2720,3400,1459
27205,变异咩小萌,2720,95,x,,10,神佑,98563,1755,2633,4950,2808,3510,1459
27206,变异咩小萌,2720,95,x,,10,神佑,98563,1810,2715,5108,2898,3623,1459
27207,变异咩小萌,2720,95,x,,10,神佑,98563,1865,2800,5263,2985,3733,1459
27208,变异咩小萌,2720,95,x,,10,神佑,98563,1920,2883,5420,3075,3843,1459
27209,咩小萌宝宝,2720,95,,x,10,神佑,98563,1478,2218,4170,2365,2958,1459
27210,成年球球熊,2721,20,,,10,嗜血,71624,2850,2410,1533,1973,1533,693
27211,变异球球熊,2721,20,x,,10,嗜血,71624,3278,2773,1763,2268,1763,693
27212,变异球球熊,2721,20,x,,10,嗜血,71624,3705,3135,1995,2565,1995,693
27219,球球熊宝宝,2721,20,,x,10,嗜血,71624,2850,2410,1533,1973,1533,693
27220,成年美人鱼,2722,5,,,10,神佑,77012,1173,1758,3305,1875,2345,846
27221,变异美人鱼,2722,5,x,,10,神佑,77012,1348,2023,3800,2155,2695,846
27222,变异美人鱼,2722,5,x,,10,神佑,77012,1523,2285,4298,2438,3048,846
27229,美人鱼宝宝,2722,5,,x,10,神佑,77012,1173,1758,3305,1875,2345,846
27230,成年美人鱼,2723,45,,,10,神佑,80604,1223,1835,3450,1958,2448,948
27231,变异美人鱼,2723,45,x,,10,神佑,80604,1345,2018,3795,2153,2690,948
27232,变异美人鱼,2723,45,x,,10,神佑,80604,1468,2203,4140,2348,2935,948
27233,变异美人鱼,2723,45,x,,10,神佑,80604,1590,2385,4485,2545,3180,948
27239,美人鱼宝宝,2723,45,,x,10,神佑,80604,1223,1835,3450,1958,2448,948
27240,成年美人鱼,2724,55,,,10,神佑,84195,1275,1913,3595,2040,2550,1051
27241,变异美人鱼,2724,55,x,,10,神佑,84195,1370,2055,3865,2193,2740,1051
27242,变异美人鱼,2724,55,x,,10,神佑,84195,1465,2198,4133,2345,2933,1051
27243,变异美人鱼,2724,55,x,,10,神佑,84195,1560,2343,4403,2498,3123,1051
27244,变异美人鱼,2724,55,x,,10,神佑,84195,1658,2485,4673,2650,3315,1051
27249,美人鱼宝宝,2724,55,,x,10,神佑,84195,1275,1913,3595,2040,2550,1051
27250,成年美人鱼,2725,65,,,10,神佑,87787,1325,1988,3740,2120,2653,1153
27251,变异美人鱼,2725,65,x,,10,神佑,87787,1405,2108,3963,2248,2810,1153
27252,变异美人鱼,2725,65,x,,10,神佑,87787,1485,2228,4188,2375,2970,1153
27253,变异美人鱼,2725,65,x,,10,神佑,87787,1563,2345,4413,2503,3128,1153
27254,变异美人鱼,2725,65,x,,10,神佑,87787,1643,2465,4638,2630,3288,1153
27255,变异美人鱼,2725,65,x,,10,神佑,87787,1723,2585,4860,2758,3448,1153
27259,美人鱼宝宝,2725,65,,x,10,神佑,87787,1325,1988,3740,2120,2653,1153
27260,成年美人鱼,2726,75,,,10,神佑,91379,1378,2065,3883,2203,2755,1255
27261,变异美人鱼,2726,75,x,,10,神佑,91379,1445,2168,4078,2313,2893,1255
27262,变异美人鱼,2726,75,x,,10,神佑,91379,1515,2273,4273,2423,3030,1255
27263,变异美人鱼,2726,75,x,,10,神佑,91379,1583,2375,4465,2533,3168,1255
27264,变异美人鱼,2726,75,x,,10,神佑,91379,1653,2478,4660,2643,3305,1255
27265,变异美人鱼,2726,75,x,,10,神佑,91379,1720,2583,4855,2755,3443,1255
27266,变异美人鱼,2726,75,x,,10,神佑,91379,1790,2685,5048,2865,3580,1255
27269,美人鱼宝宝,2726,75,,x,10,神佑,91379,1378,2065,3883,2203,2755,1255
27270,成年美人鱼,2727,85,,,10,神佑,94971,1428,2140,4025,2283,2855,1357
27271,变异美人鱼,2727,85,x,,10,神佑,94971,1488,2233,4198,2380,2975,1357
27272,变异美人鱼,2727,85,x,,10,神佑,94971,1548,2323,4370,2478,3098,1357
27273,变异美人鱼,2727,85,x,,10,神佑,94971,1610,2415,4543,2578,3220,1357
27274,变异美人鱼,2727,85,x,,10,神佑,94971,1670,2508,4715,2675,3343,1357
27275,变异美人鱼,2727,85,x,,10,神佑,94971,1733,2600,4888,2773,3465,1357
27276,变异美人鱼,2727,85,x,,10,神佑,94971,1793,2690,5060,2870,3588,1357
27277,变异美人鱼,2727,85,x,,10,神佑,94971,1855,2783,5233,2968,3710,1357
27279,美人鱼宝宝,2727,85,,x,10,神佑,94971,1428,2140,4025,2283,2855,1357
27280,成年美人鱼,2728,95,,,10,神佑,98563,1478,2218,4170,2365,2958,1459
27281,变异美人鱼,2728,95,x,,10,神佑,98563,1533,2300,4325,2453,3068,1459
27282,变异美人鱼,2728,95,x,,10,神佑,98563,1588,2383,4483,2543,3178,1459
27283,变异美人鱼,2728,95,x,,10,神佑,98563,1645,2468,4638,2630,3290,1459
27284,变异美人鱼,2728,95,x,,10,神佑,98563,1700,2550,4795,2720,3400,1459
27285,变异美人鱼,2728,95,x,,10,神佑,98563,1755,2633,4950,2808,3510,1459
27286,变异美人鱼,2728,95,x,,10,神佑,98563,1810,2715,5108,2898,3623,1459
27287,变异美人鱼,2728,95,x,,10,神佑,98563,1865,2800,5263,2985,3733,1459
27288,变异美人鱼,2728,95,x,,10,神佑,98563,1920,2883,5420,3075,3843,1459
27289,美人鱼宝宝,2728,95,,x,10,神佑,98563,1478,2218,4170,2365,2958,1459
27290,成年天蓬揽月,2729,5,,,10,嗜血,77012,3283,2345,1173,2110,1640,846
27291,变异天蓬揽月,2729,5,x,,10,嗜血,77012,3775,2695,1348,2425,1888,846
27292,变异天蓬揽月,2729,5,x,,10,嗜血,77012,4268,3048,1523,2743,2133,846
27299,天蓬揽月宝宝,2729,5,,x,10,嗜血,77012,3283,2345,1173,2110,1640,846
27300,成年天蓬揽月,2730,45,,,10,嗜血,80604,3425,2448,1223,2203,1713,948
27301,变异天蓬揽月,2730,45,x,,10,嗜血,80604,3768,2690,1345,2423,1883,948
27302,变异天蓬揽月,2730,45,x,,10,嗜血,80604,4110,2935,1468,2643,2055,948
27303,变异天蓬揽月,2730,45,x,,10,嗜血,80604,4453,3180,1590,2863,2225,948
27309,天蓬揽月宝宝,2730,45,,x,10,嗜血,80604,3425,2448,1223,2203,1713,948
27310,成年天蓬揽月,2731,55,,,10,嗜血,84195,3570,2550,1275,2295,1785,1051
27311,变异天蓬揽月,2731,55,x,,10,嗜血,84195,3838,2740,1370,2465,1918,1051
27312,变异天蓬揽月,2731,55,x,,10,嗜血,84195,4105,2933,1465,2638,2053,1051
27313,变异天蓬揽月,2731,55,x,,10,嗜血,84195,4373,3123,1560,2810,2185,1051
27314,变异天蓬揽月,2731,55,x,,10,嗜血,84195,4640,3315,1658,2983,2320,1051
27319,天蓬揽月宝宝,2731,55,,x,10,嗜血,84195,3570,2550,1275,2295,1785,1051
27320,成年天蓬揽月,2732,65,,,10,嗜血,87787,3713,2653,1325,2385,1855,1153
27321,变异天蓬揽月,2732,65,x,,10,嗜血,87787,3935,2810,1405,2530,1968,1153
27322,变异天蓬揽月,2732,65,x,,10,嗜血,87787,4158,2970,1485,2673,2078,1153
27323,变异天蓬揽月,2732,65,x,,10,嗜血,87787,4380,3128,1563,2815,2190,1153
27324,变异天蓬揽月,2732,65,x,,10,嗜血,87787,4603,3288,1643,2960,2300,1153
27325,变异天蓬揽月,2732,65,x,,10,嗜血,87787,4828,3448,1723,3103,2413,1153
27329,天蓬揽月宝宝,2732,65,,x,10,嗜血,87787,3713,2653,1325,2385,1855,1153
27330,成年天蓬揽月,2733,75,,,10,嗜血,91379,3855,2755,1378,2478,1928,1255
27331,变异天蓬揽月,2733,75,x,,10,嗜血,91379,4048,2893,1445,2603,2023,1255
27332,变异天蓬揽月,2733,75,x,,10,嗜血,91379,4243,3030,1515,2725,2120,1255
27333,变异天蓬揽月,2733,75,x,,10,嗜血,91379,4435,3168,1583,2850,2218,1255
27334,变异天蓬揽月,2733,75,x,,10,嗜血,91379,4628,3305,1653,2975,2313,1255
27335,变异天蓬揽月,2733,75,x,,10,嗜血,91379,4820,3443,1720,3098,2410,1255
27336,变异天蓬揽月,2733,75,x,,10,嗜血,91379,5013,3580,1790,3223,2505,1255
27339,天蓬揽月宝宝,2733,75,,x,10,嗜血,91379,3855,2755,1378,2478,1928,1255
27340,成年天蓬揽月,2734,85,,,10,嗜血,94971,3995,2855,1428,2568,1998,1357
27341,变异天蓬揽月,2734,85,x,,10,嗜血,94971,4168,2975,1488,2678,2083,1357
27342,变异天蓬揽月,2734,85,x,,10,嗜血,94971,4338,3098,1548,2788,2168,1357
27343,变异天蓬揽月,2734,85,x,,10,嗜血,94971,4510,3220,1610,2898,2255,1357
27344,变异天蓬揽月,2734,85,x,,10,嗜血,94971,4680,3343,1670,3008,2340,1357
27345,变异天蓬揽月,2734,85,x,,10,嗜血,94971,4853,3465,1733,3120,2425,1357
27346,变异天蓬揽月,2734,85,x,,10,嗜血,94971,5023,3588,1793,3230,2510,1357
27347,变异天蓬揽月,2734,85,x,,10,嗜血,94971,5195,3710,1855,3340,2598,1357
27349,天蓬揽月宝宝,2734,85,,x,10,嗜血,94971,3995,2855,1428,2568,1998,1357
27350,成年九黎妖虎,2735,5,,,10,嗜血,77012,3283,2345,1173,2110,1640,846
27351,变异九黎妖虎,2735,5,x,,10,嗜血,77012,3775,2695,1348,2425,1888,846
27352,变异九黎妖虎,2735,5,x,,10,嗜血,77012,4268,3048,1523,2743,2133,846
27359,九黎妖虎宝宝,2735,5,,x,10,嗜血,77012,3283,2345,1173,2110,1640,846
27360,成年九黎妖虎,2736,45,,,10,嗜血,80604,3425,2448,1223,2203,1713,948
27361,变异九黎妖虎,2736,45,x,,10,嗜血,80604,3768,2690,1345,2423,1883,948
27362,变异九黎妖虎,2736,45,x,,10,嗜血,80604,4110,2935,1468,2643,2055,948
27363,变异九黎妖虎,2736,45,x,,10,嗜血,80604,4453,3180,1590,2863,2225,948
27369,九黎妖虎宝宝,2736,45,,x,10,嗜血,80604,3425,2448,1223,2203,1713,948
27370,成年九黎妖虎,2737,55,,,10,嗜血,84195,3570,2550,1275,2295,1785,1051
27371,变异九黎妖虎,2737,55,x,,10,嗜血,84195,3838,2740,1370,2465,1918,1051
27372,变异九黎妖虎,2737,55,x,,10,嗜血,84195,4105,2933,1465,2638,2053,1051
27373,变异九黎妖虎,2737,55,x,,10,嗜血,84195,4373,3123,1560,2810,2185,1051
27374,变异九黎妖虎,2737,55,x,,10,嗜血,84195,4640,3315,1658,2983,2320,1051
27379,九黎妖虎宝宝,2737,55,,x,10,嗜血,84195,3570,2550,1275,2295,1785,1051
27380,成年九黎妖虎,2738,65,,,10,嗜血,87787,3713,2653,1325,2385,1855,1153
27381,变异九黎妖虎,2738,65,x,,10,嗜血,87787,3935,2810,1405,2530,1968,1153
27382,变异九黎妖虎,2738,65,x,,10,嗜血,87787,4158,2970,1485,2673,2078,1153
27383,变异九黎妖虎,2738,65,x,,10,嗜血,87787,4380,3128,1563,2815,2190,1153
27384,变异九黎妖虎,2738,65,x,,10,嗜血,87787,4603,3288,1643,2960,2300,1153
27385,变异九黎妖虎,2738,65,x,,10,嗜血,87787,4828,3448,1723,3103,2413,1153
27389,九黎妖虎宝宝,2738,65,,x,10,嗜血,87787,3713,2653,1325,2385,1855,1153
27390,成年九黎妖虎,2739,75,,,10,嗜血,91379,3855,2755,1378,2478,1928,1255
27391,变异九黎妖虎,2739,75,x,,10,嗜血,91379,4048,2893,1445,2603,2023,1255
27392,变异九黎妖虎,2739,75,x,,10,嗜血,91379,4243,3030,1515,2725,2120,1255
27393,变异九黎妖虎,2739,75,x,,10,嗜血,91379,4435,3168,1583,2850,2218,1255
27394,变异九黎妖虎,2739,75,x,,10,嗜血,91379,4628,3305,1653,2975,2313,1255
27395,变异九黎妖虎,2739,75,x,,10,嗜血,91379,4820,3443,1720,3098,2410,1255
27396,变异九黎妖虎,2739,75,x,,10,嗜血,91379,5013,3580,1790,3223,2505,1255
27399,九黎妖虎宝宝,2739,75,,x,10,嗜血,91379,3855,2755,1378,2478,1928,1255
27400,成年九黎妖虎,2740,85,,,10,嗜血,94971,3995,2855,1428,2568,1998,1357
27401,变异九黎妖虎,2740,85,x,,10,嗜血,94971,4168,2975,1488,2678,2083,1357
27402,变异九黎妖虎,2740,85,x,,10,嗜血,94971,4338,3098,1548,2788,2168,1357
27403,变异九黎妖虎,2740,85,x,,10,嗜血,94971,4510,3220,1610,2898,2255,1357
27404,变异九黎妖虎,2740,85,x,,10,嗜血,94971,4680,3343,1670,3008,2340,1357
27405,变异九黎妖虎,2740,85,x,,10,嗜血,94971,4853,3465,1733,3120,2425,1357
27406,变异九黎妖虎,2740,85,x,,10,嗜血,94971,5023,3588,1793,3230,2510,1357
27407,变异九黎妖虎,2740,85,x,,10,嗜血,94971,5195,3710,1855,3340,2598,1357
27409,九黎妖虎宝宝,2740,85,,x,10,嗜血,94971,3995,2855,1428,2568,1998,1357
27410,成年九黎妖虎,2741,95,,,10,嗜血,98563,4140,2958,1478,2660,2070,1459
27411,变异九黎妖虎,2741,95,x,,10,嗜血,98563,4295,3068,1533,2760,2148,1459
27412,变异九黎妖虎,2741,95,x,,10,嗜血,98563,4450,3178,1588,2860,2225,1459
27413,变异九黎妖虎,2741,95,x,,10,嗜血,98563,4605,3290,1645,2960,2303,1459
27414,变异九黎妖虎,2741,95,x,,10,嗜血,98563,4760,3400,1700,3060,2380,1459
27415,变异九黎妖虎,2741,95,x,,10,嗜血,98563,4915,3510,1755,3160,2458,1459
27416,变异九黎妖虎,2741,95,x,,10,嗜血,98563,5070,3623,1810,3260,2535,1459
27417,变异九黎妖虎,2741,95,x,,10,嗜血,98563,5225,3733,1865,3360,2613,1459
27418,变异九黎妖虎,2741,95,x,,10,嗜血,98563,5383,3843,1920,3460,2690,1459
27419,九黎妖虎宝宝,2741,95,,x,10,嗜血,98563,4140,2958,1478,2660,2070,1459
27420,成年轩辕天凤,2742,5,,,10,神佑,77012,1173,1758,3305,1875,2345,846
27421,变异轩辕天凤,2742,5,x,,10,神佑,77012,1348,2023,3800,2155,2695,846
27422,变异轩辕天凤,2742,5,x,,10,神佑,77012,1523,2285,4298,2438,3048,846
27429,轩辕天凤宝宝,2742,5,,x,10,神佑,77012,1173,1758,3305,1875,2345,846
27430,成年轩辕天凤,2743,45,,,10,神佑,80604,1223,1835,3450,1958,2448,948
27431,变异轩辕天凤,2743,45,x,,10,神佑,80604,1345,2018,3795,2153,2690,948
27432,变异轩辕天凤,2743,45,x,,10,神佑,80604,1468,2203,4140,2348,2935,948
27433,变异轩辕天凤,2743,45,x,,10,神佑,80604,1590,2385,4485,2545,3180,948
27439,轩辕天凤宝宝,2743,45,,x,10,神佑,80604,1223,1835,3450,1958,2448,948
27440,成年轩辕天凤,2744,55,,,10,神佑,84195,1275,1913,3595,2040,2550,1051
27441,变异轩辕天凤,2744,55,x,,10,神佑,84195,1370,2055,3865,2193,2740,1051
27442,变异轩辕天凤,2744,55,x,,10,神佑,84195,1465,2198,4133,2345,2933,1051
27443,变异轩辕天凤,2744,55,x,,10,神佑,84195,1560,2343,4403,2498,3123,1051
27444,变异轩辕天凤,2744,55,x,,10,神佑,84195,1658,2485,4673,2650,3315,1051
27449,轩辕天凤宝宝,2744,55,,x,10,神佑,84195,1275,1913,3595,2040,2550,1051
27450,成年轩辕天凤,2745,65,,,10,神佑,87787,1325,1988,3740,2120,2653,1153
27451,变异轩辕天凤,2745,65,x,,10,神佑,87787,1405,2108,3963,2248,2810,1153
27452,变异轩辕天凤,2745,65,x,,10,神佑,87787,1485,2228,4188,2375,2970,1153
27453,变异轩辕天凤,2745,65,x,,10,神佑,87787,1563,2345,4413,2503,3128,1153
27454,变异轩辕天凤,2745,65,x,,10,神佑,87787,1643,2465,4638,2630,3288,1153
27455,变异轩辕天凤,2745,65,x,,10,神佑,87787,1723,2585,4860,2758,3448,1153
27459,轩辕天凤宝宝,2745,65,,x,10,神佑,87787,1325,1988,3740,2120,2653,1153
27460,成年轩辕天凤,2746,75,,,10,神佑,91379,1378,2065,3883,2203,2755,1255
27461,变异轩辕天凤,2746,75,x,,10,神佑,91379,1445,2168,4078,2313,2893,1255
27462,变异轩辕天凤,2746,75,x,,10,神佑,91379,1515,2273,4273,2423,3030,1255
27463,变异轩辕天凤,2746,75,x,,10,神佑,91379,1583,2375,4465,2533,3168,1255
27464,变异轩辕天凤,2746,75,x,,10,神佑,91379,1653,2478,4660,2643,3305,1255
27465,变异轩辕天凤,2746,75,x,,10,神佑,91379,1720,2583,4855,2755,3443,1255
27466,变异轩辕天凤,2746,75,x,,10,神佑,91379,1790,2685,5048,2865,3580,1255
27469,轩辕天凤宝宝,2746,75,,x,10,神佑,91379,1378,2065,3883,2203,2755,1255
27470,成年轩辕天凤,2747,85,,,10,神佑,94971,1428,2140,4025,2283,2855,1357
27471,变异轩辕天凤,2747,85,x,,10,神佑,94971,1488,2233,4198,2380,2975,1357
27472,变异轩辕天凤,2747,85,x,,10,神佑,94971,1548,2323,4370,2478,3098,1357
27473,变异轩辕天凤,2747,85,x,,10,神佑,94971,1610,2415,4543,2578,3220,1357
27474,变异轩辕天凤,2747,85,x,,10,神佑,94971,1670,2508,4715,2675,3343,1357
27475,变异轩辕天凤,2747,85,x,,10,神佑,94971,1733,2600,4888,2773,3465,1357
27476,变异轩辕天凤,2747,85,x,,10,神佑,94971,1793,2690,5060,2870,3588,1357
27477,变异轩辕天凤,2747,85,x,,10,神佑,94971,1855,2783,5233,2968,3710,1357
27479,轩辕天凤宝宝,2747,85,,x,10,神佑,94971,1428,2140,4025,2283,2855,1357
27480,成年轩辕天凤,2748,95,,,10,神佑,98563,1478,2218,4170,2365,2958,1459
27481,变异轩辕天凤,2748,95,x,,10,神佑,98563,1533,2300,4325,2453,3068,1459
27482,变异轩辕天凤,2748,95,x,,10,神佑,98563,1588,2383,4483,2543,3178,1459
27483,变异轩辕天凤,2748,95,x,,10,神佑,98563,1645,2468,4638,2630,3290,1459
27484,变异轩辕天凤,2748,95,x,,10,神佑,98563,1700,2550,4795,2720,3400,1459
27485,变异轩辕天凤,2748,95,x,,10,神佑,98563,1755,2633,4950,2808,3510,1459
27486,变异轩辕天凤,2748,95,x,,10,神佑,98563,1810,2715,5108,2898,3623,1459
27487,变异轩辕天凤,2748,95,x,,10,神佑,98563,1865,2800,5263,2985,3733,1459
27488,变异轩辕天凤,2748,95,x,,10,神佑,98563,1920,2883,5420,3075,3843,1459
27489,轩辕天凤宝宝,2748,95,,x,10,神佑,98563,1478,2218,4170,2365,2958,1459
27490,成年百变汪仔,2749,5,,,10,嗜血,77012,3283,2578,1640,2110,1640,846
27491,变异百变汪仔,2749,5,x,,10,嗜血,77012,3775,2965,1888,2425,1888,846
27492,变异百变汪仔,2749,5,x,,10,嗜血,77012,4268,3353,2133,2743,2133,846
27499,百变汪仔宝宝,2749,5,,x,10,嗜血,77012,3283,2578,1640,2110,1640,846
27500,成年百变汪仔,2750,45,,,10,嗜血,80604,3425,2690,1713,2203,1713,948
27501,变异百变汪仔,2750,45,x,,10,嗜血,80604,3768,2960,1883,2423,1883,948
27502,变异百变汪仔,2750,45,x,,10,嗜血,80604,4110,3230,2055,2643,2055,948
27503,变异百变汪仔,2750,45,x,,10,嗜血,80604,4453,3498,2225,2863,2225,948
27509,百变汪仔宝宝,2750,45,,x,10,嗜血,80604,3425,2690,1713,2203,1713,948
27510,成年百变汪仔,2751,55,,,10,嗜血,84195,3570,2805,1785,2295,1785,1051
27511,变异百变汪仔,2751,55,x,,10,嗜血,84195,3838,3015,1918,2465,1918,1051
27512,变异百变汪仔,2751,55,x,,10,嗜血,84195,4105,3225,2053,2638,2053,1051
27513,变异百变汪仔,2751,55,x,,10,嗜血,84195,4373,3435,2185,2810,2185,1051
27514,变异百变汪仔,2751,55,x,,10,嗜血,84195,4640,3645,2320,2983,2320,1051
27519,百变汪仔宝宝,2751,55,,x,10,嗜血,84195,3570,2805,1785,2295,1785,1051
27520,成年百变汪仔,2752,65,,,10,嗜血,87787,3713,2918,1855,2385,1855,1153
27521,变异百变汪仔,2752,65,x,,10,嗜血,87787,3935,3093,1968,2530,1968,1153
27522,变异百变汪仔,2752,65,x,,10,嗜血,87787,4158,3268,2078,2673,2078,1153
27523,变异百变汪仔,2752,65,x,,10,嗜血,87787,4380,3443,2190,2815,2190,1153
27524,变异百变汪仔,2752,65,x,,10,嗜血,87787,4603,3618,2300,2960,2300,1153
27525,变异百变汪仔,2752,65,x,,10,嗜血,87787,4828,3793,2413,3103,2413,1153
27529,百变汪仔宝宝,2752,65,,x,10,嗜血,87787,3713,2918,1855,2385,1855,1153
27530,成年百变汪仔,2753,75,,,10,嗜血,91379,3855,3030,1928,2478,1928,1255
27531,变异百变汪仔,2753,75,x,,10,嗜血,91379,4048,3180,2023,2603,2023,1255
27532,变异百变汪仔,2753,75,x,,10,嗜血,91379,4243,3333,2120,2725,2120,1255
27533,变异百变汪仔,2753,75,x,,10,嗜血,91379,4435,3485,2218,2850,2218,1255
27534,变异百变汪仔,2753,75,x,,10,嗜血,91379,4628,3635,2313,2975,2313,1255
27535,变异百变汪仔,2753,75,x,,10,嗜血,91379,4820,3788,2410,3098,2410,1255
27536,变异百变汪仔,2753,75,x,,10,嗜血,91379,5013,3938,2505,3223,2505,1255
27539,百变汪仔宝宝,2753,75,,x,10,嗜血,91379,3855,3030,1928,2478,1928,1255
27540,成年百变汪仔,2754,85,,,10,嗜血,94971,3995,3140,1998,2568,1998,1357
27541,变异百变汪仔,2754,85,x,,10,嗜血,94971,4168,3275,2083,2678,2083,1357
27542,变异百变汪仔,2754,85,x,,10,嗜血,94971,4338,3408,2168,2788,2168,1357
27543,变异百变汪仔,2754,85,x,,10,嗜血,94971,4510,3543,2255,2898,2255,1357
27544,变异百变汪仔,2754,85,x,,10,嗜血,94971,4680,3678,2340,3008,2340,1357
27545,变异百变汪仔,2754,85,x,,10,嗜血,94971,4853,3813,2425,3120,2425,1357
27546,变异百变汪仔,2754,85,x,,10,嗜血,94971,5023,3948,2510,3230,2510,1357
27547,变异百变汪仔,2754,85,x,,10,嗜血,94971,5195,4083,2598,3340,2598,1357
27549,百变汪仔宝宝,2754,85,,x,10,嗜血,94971,3995,3140,1998,2568,1998,1357
27550,成年百变汪仔,2755,95,,,10,嗜血,98563,4140,3253,2070,2660,2070,1459
27551,变异百变汪仔,2755,95,x,,10,嗜血,98563,4295,3375,2148,2760,2148,1459
27552,变异百变汪仔,2755,95,x,,10,嗜血,98563,4450,3495,2225,2860,2225,1459
27553,变异百变汪仔,2755,95,x,,10,嗜血,98563,4605,3618,2303,2960,2303,1459
27554,变异百变汪仔,2755,95,x,,10,嗜血,98563,4760,3740,2380,3060,2380,1459
27555,变异百变汪仔,2755,95,x,,10,嗜血,98563,4915,3863,2458,3160,2458,1459
27556,变异百变汪仔,2755,95,x,,10,嗜血,98563,5070,3985,2535,3260,2535,1459
27557,变异百变汪仔,2755,95,x,,10,嗜血,98563,5225,4105,2613,3360,2613,1459
27558,变异百变汪仔,2755,95,x,,10,嗜血,98563,5383,4228,2690,3460,2690,1459
27559,百变汪仔宝宝,2755,95,,x,10,嗜血,98563,4140,3253,2070,2660,2070,1459
27560,成年玄荒腾蛇,2756,5,,,10,清醒,77012,1875,3283,1640,1405,1875,846
27561,变异玄荒腾蛇,2756,5,x,,10,清醒,77012,2155,3775,1888,1618,2155,846
27562,变异玄荒腾蛇,2756,5,x,,10,清醒,77012,2438,4268,2133,1828,2438,846
27569,玄荒腾蛇宝宝,2756,5,,x,10,清醒,77012,1875,3283,1640,1405,1875,846
27570,成年玄荒腾蛇,2757,45,,,10,清醒,80604,1958,3425,1713,1468,1958,948
27571,变异玄荒腾蛇,2757,45,x,,10,清醒,80604,2153,3768,1883,1615,2153,948
27572,变异玄荒腾蛇,2757,45,x,,10,清醒,80604,2348,4110,2055,1760,2348,948
27573,变异玄荒腾蛇,2757,45,x,,10,清醒,80604,2545,4453,2225,1908,2545,948
27579,玄荒腾蛇宝宝,2757,45,,x,10,清醒,80604,1958,3425,1713,1468,1958,948
27580,成年玄荒腾蛇,2758,55,,,10,清醒,84195,2040,3570,1785,1530,2040,1051
27581,变异玄荒腾蛇,2758,55,x,,10,清醒,84195,2193,3838,1918,1643,2193,1051
27582,变异玄荒腾蛇,2758,55,x,,10,清醒,84195,2345,4105,2053,1758,2345,1051
27583,变异玄荒腾蛇,2758,55,x,,10,清醒,84195,2498,4373,2185,1873,2498,1051
27584,变异玄荒腾蛇,2758,55,x,,10,清醒,84195,2650,4640,2320,1988,2650,1051
27589,玄荒腾蛇宝宝,2758,55,,x,10,清醒,84195,2040,3570,1785,1530,2040,1051
27590,成年玄荒腾蛇,2759,65,,,10,清醒,87787,2120,3713,1855,1590,2120,1153
27591,变异玄荒腾蛇,2759,65,x,,10,清醒,87787,2248,3935,1968,1685,2248,1153
27592,变异玄荒腾蛇,2759,65,x,,10,清醒,87787,2375,4158,2078,1780,2375,1153
27593,变异玄荒腾蛇,2759,65,x,,10,清醒,87787,2503,4380,2190,1878,2503,1153
27594,变异玄荒腾蛇,2759,65,x,,10,清醒,87787,2630,4603,2300,1973,2630,1153
27595,变异玄荒腾蛇,2759,65,x,,10,清醒,87787,2758,4828,2413,2068,2758,1153
27599,玄荒腾蛇宝宝,2759,65,,x,10,清醒,87787,2120,3713,1855,1590,2120,1153
27600,成年玄荒腾蛇,2760,75,,,10,清醒,91379,2203,3855,1928,1653,2203,1255
27601,变异玄荒腾蛇,2760,75,x,,10,清醒,91379,2313,4048,2023,1735,2313,1255
27602,变异玄荒腾蛇,2760,75,x,,10,清醒,91379,2423,4243,2120,1818,2423,1255
27603,变异玄荒腾蛇,2760,75,x,,10,清醒,91379,2533,4435,2218,1900,2533,1255
27604,变异玄荒腾蛇,2760,75,x,,10,清醒,91379,2643,4628,2313,1983,2643,1255
27605,变异玄荒腾蛇,2760,75,x,,10,清醒,91379,2755,4820,2410,2065,2755,1255
27606,变异玄荒腾蛇,2760,75,x,,10,清醒,91379,2865,5013,2505,2148,2865,1255
27609,玄荒腾蛇宝宝,2760,75,,x,10,清醒,91379,2203,3855,1928,1653,2203,1255
27610,成年玄荒腾蛇,2761,85,,,10,清醒,94971,2283,3995,1998,1713,2283,1357
27611,变异玄荒腾蛇,2761,85,x,,10,清醒,94971,2380,4168,2083,1785,2380,1357
27612,变异玄荒腾蛇,2761,85,x,,10,清醒,94971,2478,4338,2168,1858,2478,1357
27613,变异玄荒腾蛇,2761,85,x,,10,清醒,94971,2578,4510,2255,1933,2578,1357
27614,变异玄荒腾蛇,2761,85,x,,10,清醒,94971,2675,4680,2340,2005,2675,1357
27615,变异玄荒腾蛇,2761,85,x,,10,清醒,94971,2773,4853,2425,2080,2773,1357
27616,变异玄荒腾蛇,2761,85,x,,10,清醒,94971,2870,5023,2510,2153,2870,1357
27617,变异玄荒腾蛇,2761,85,x,,10,清醒,94971,2968,5195,2598,2225,2968,1357
27619,玄荒腾蛇宝宝,2761,85,,x,10,清醒,94971,2283,3995,1998,1713,2283,1357
27620,成年玄荒腾蛇,2762,95,,,10,清醒,98563,2365,4140,2070,1773,2365,1459
27621,变异玄荒腾蛇,2762,95,x,,10,清醒,98563,2453,4295,2148,1840,2453,1459
27622,变异玄荒腾蛇,2762,95,x,,10,清醒,98563,2543,4450,2225,1908,2543,1459
27623,变异玄荒腾蛇,2762,95,x,,10,清醒,98563,2630,4605,2303,1973,2630,1459
27624,变异玄荒腾蛇,2762,95,x,,10,清醒,98563,2720,4760,2380,2040,2720,1459
27625,变异玄荒腾蛇,2762,95,x,,10,清醒,98563,2808,4915,2458,2105,2808,1459
27626,变异玄荒腾蛇,2762,95,x,,10,清醒,98563,2898,5070,2535,2173,2898,1459
27627,变异玄荒腾蛇,2762,95,x,,10,清醒,98563,2985,5225,2613,2240,2985,1459
27628,变异玄荒腾蛇,2762,95,x,,10,清醒,98563,3075,5383,2690,2305,3075,1459
27629,玄荒腾蛇宝宝,2762,95,,x,10,清醒,98563,2365,4140,2070,1773,2365,1459
27630,成年娲皇龙蟒,2763,5,,,10,清醒,77012,1875,3283,1640,1405,1875,846
27631,变异娲皇龙蟒,2763,5,x,,10,清醒,77012,2155,3775,1888,1618,2155,846
27632,变异娲皇龙蟒,2763,5,x,,10,清醒,77012,2438,4268,2133,1828,2438,846
27639,娲皇龙蟒宝宝,2763,5,,x,10,清醒,77012,1875,3283,1640,1405,1875,846
27640,成年娲皇龙蟒,2764,45,,,10,清醒,80604,1958,3425,1713,1468,1958,948
27641,变异娲皇龙蟒,2764,45,x,,10,清醒,80604,2153,3768,1883,1615,2153,948
27642,变异娲皇龙蟒,2764,45,x,,10,清醒,80604,2348,4110,2055,1760,2348,948
27643,变异娲皇龙蟒,2764,45,x,,10,清醒,80604,2545,4453,2225,1908,2545,948
27649,娲皇龙蟒宝宝,2764,45,,x,10,清醒,80604,1958,3425,1713,1468,1958,948
27650,成年娲皇龙蟒,2765,55,,,10,清醒,84195,2040,3570,1785,1530,2040,1051
27651,变异娲皇龙蟒,2765,55,x,,10,清醒,84195,2193,3838,1918,1643,2193,1051
27652,变异娲皇龙蟒,2765,55,x,,10,清醒,84195,2345,4105,2053,1758,2345,1051
27653,变异娲皇龙蟒,2765,55,x,,10,清醒,84195,2498,4373,2185,1873,2498,1051
27654,变异娲皇龙蟒,2765,55,x,,10,清醒,84195,2650,4640,2320,1988,2650,1051
27659,娲皇龙蟒宝宝,2765,55,,x,10,清醒,84195,2040,3570,1785,1530,2040,1051
27660,成年娲皇龙蟒,2766,65,,,10,清醒,87787,2120,3713,1855,1590,2120,1153
27661,变异娲皇龙蟒,2766,65,x,,10,清醒,87787,2248,3935,1968,1685,2248,1153
27662,变异娲皇龙蟒,2766,65,x,,10,清醒,87787,2375,4158,2078,1780,2375,1153
27663,变异娲皇龙蟒,2766,65,x,,10,清醒,87787,2503,4380,2190,1878,2503,1153
27664,变异娲皇龙蟒,2766,65,x,,10,清醒,87787,2630,4603,2300,1973,2630,1153
27665,变异娲皇龙蟒,2766,65,x,,10,清醒,87787,2758,4828,2413,2068,2758,1153
27669,娲皇龙蟒宝宝,2766,65,,x,10,清醒,87787,2120,3713,1855,1590,2120,1153
27670,成年娲皇龙蟒,2767,75,,,10,清醒,91379,2203,3855,1928,1653,2203,1255
27671,变异娲皇龙蟒,2767,75,x,,10,清醒,91379,2313,4048,2023,1735,2313,1255
27672,变异娲皇龙蟒,2767,75,x,,10,清醒,91379,2423,4243,2120,1818,2423,1255
27673,变异娲皇龙蟒,2767,75,x,,10,清醒,91379,2533,4435,2218,1900,2533,1255
27674,变异娲皇龙蟒,2767,75,x,,10,清醒,91379,2643,4628,2313,1983,2643,1255
27675,变异娲皇龙蟒,2767,75,x,,10,清醒,91379,2755,4820,2410,2065,2755,1255
27676,变异娲皇龙蟒,2767,75,x,,10,清醒,91379,2865,5013,2505,2148,2865,1255
27679,娲皇龙蟒宝宝,2767,75,,x,10,清醒,91379,2203,3855,1928,1653,2203,1255
27680,成年娲皇龙蟒,2768,85,,,10,清醒,94971,2283,3995,1998,1713,2283,1357
27681,变异娲皇龙蟒,2768,85,x,,10,清醒,94971,2380,4168,2083,1785,2380,1357
27682,变异娲皇龙蟒,2768,85,x,,10,清醒,94971,2478,4338,2168,1858,2478,1357
27683,变异娲皇龙蟒,2768,85,x,,10,清醒,94971,2578,4510,2255,1933,2578,1357
27684,变异娲皇龙蟒,2768,85,x,,10,清醒,94971,2675,4680,2340,2005,2675,1357
27685,变异娲皇龙蟒,2768,85,x,,10,清醒,94971,2773,4853,2425,2080,2773,1357
27686,变异娲皇龙蟒,2768,85,x,,10,清醒,94971,2870,5023,2510,2153,2870,1357
27687,变异娲皇龙蟒,2768,85,x,,10,清醒,94971,2968,5195,2598,2225,2968,1357
27689,娲皇龙蟒宝宝,2768,85,,x,10,清醒,94971,2283,3995,1998,1713,2283,1357
27690,成年娲皇龙蟒,2769,95,,,10,清醒,98563,2365,4140,2070,1773,2365,1459
27691,变异娲皇龙蟒,2769,95,x,,10,清醒,98563,2453,4295,2148,1840,2453,1459
27692,变异娲皇龙蟒,2769,95,x,,10,清醒,98563,2543,4450,2225,1908,2543,1459
27693,变异娲皇龙蟒,2769,95,x,,10,清醒,98563,2630,4605,2303,1973,2630,1459
27694,变异娲皇龙蟒,2769,95,x,,10,清醒,98563,2720,4760,2380,2040,2720,1459
27695,变异娲皇龙蟒,2769,95,x,,10,清醒,98563,2808,4915,2458,2105,2808,1459
27696,变异娲皇龙蟒,2769,95,x,,10,清醒,98563,2898,5070,2535,2173,2898,1459
27697,变异娲皇龙蟒,2769,95,x,,10,清醒,98563,2985,5225,2613,2240,2985,1459
27698,变异娲皇龙蟒,2769,95,x,,10,清醒,98563,3075,5383,2690,2305,3075,1459
27699,娲皇龙蟒宝宝,2769,95,,x,10,清醒,98563,2365,4140,2070,1773,2365,1459
27700,成年太古龙魂,2770,95,,,10,神佑,98563,1478,2218,4170,2365,2958,1459
27701,变异太古龙魂,2770,95,x,,10,神佑,98563,1533,2300,4325,2453,3068,1459
27702,变异太古龙魂,2770,95,x,,10,神佑,98563,1588,2383,4483,2543,3178,1459
27703,变异太古龙魂,2770,95,x,,10,神佑,98563,1645,2468,4638,2630,3290,1459
27704,变异太古龙魂,2770,95,x,,10,神佑,98563,1700,2550,4795,2720,3400,1459
27705,变异太古龙魂,2770,95,x,,10,神佑,98563,1755,2633,4950,2808,3510,1459
27706,变异太古龙魂,2770,95,x,,10,神佑,98563,1810,2715,5108,2898,3623,1459
27707,变异太古龙魂,2770,95,x,,10,神佑,98563,1865,2800,5263,2985,3733,1459
27708,变异太古龙魂,2770,95,x,,10,神佑,98563,1920,2883,5750,3075,3843,1459
27709,太古龙魂宝宝,2770,95,,x,10,神佑,98563,1478,2218,4170,2365,2958,1459
27710,成年傲云苍龙,2771,95,,,10,神佑,98563,1478,2218,4170,2365,2958,1459
27711,变异傲云苍龙,2771,95,x,,10,神佑,98563,1533,2300,4325,2453,3068,1459
27712,变异傲云苍龙,2771,95,x,,10,神佑,98563,1588,2383,4483,2543,3178,1459
27713,变异傲云苍龙,2771,95,x,,10,神佑,98563,1645,2468,4638,2630,3290,1459
27714,变异傲云苍龙,2771,95,x,,10,神佑,98563,1700,2550,4795,2720,3400,1459
27715,变异傲云苍龙,2771,95,x,,10,神佑,98563,1755,2633,4950,2808,3510,1459
27716,变异傲云苍龙,2771,95,x,,10,神佑,98563,1810,2715,5108,2898,3623,1459
27717,变异傲云苍龙,2771,95,x,,10,神佑,98563,1865,2800,5263,2985,3733,1459
27718,变异傲云苍龙,2771,95,x,,10,神佑,98563,1920,2883,5500,3075,3843,1459
27719,傲云苍龙宝宝,2771,95,,x,10,神佑,98563,1478,2218,4170,2365,2958,1459
27720,成年娲皇龙蟒,2772,95,,,10,清醒,98563,2365,4140,2070,1773,2365,1459
27721,变异娲皇龙蟒,2772,95,x,,10,清醒,98563,2453,4295,2148,1840,2453,1459
27722,变异娲皇龙蟒,2772,95,x,,10,清醒,98563,2543,4450,2225,1908,2543,1459
27723,变异娲皇龙蟒,2772,95,x,,10,清醒,98563,2630,4605,2303,1973,2630,1459
27724,变异娲皇龙蟒,2772,95,x,,10,清醒,98563,2720,4760,2380,2040,2720,1459
27725,变异娲皇龙蟒,2772,95,x,,10,清醒,98563,2808,4915,2458,2105,2808,1459
27726,变异娲皇龙蟒,2772,95,x,,10,清醒,98563,2898,5070,2535,2173,2898,1459
27727,变异娲皇龙蟒,2772,95,x,,10,清醒,98563,2985,5225,2613,2240,2985,1459
27728,变异娲皇龙蟒,2772,95,x,,10,清醒,98563,3075,5750,2690,2305,3075,1459
27729,娲皇龙蟒宝宝,2772,95,,x,10,清醒,98563,2365,4140,2070,1773,2365,1459
27730,成年玄荒腾蛇,2773,95,,,10,清醒,98563,2365,4140,2070,1773,2365,1459
27731,变异玄荒腾蛇,2773,95,x,,10,清醒,98563,2453,4295,2148,1840,2453,1459
27732,变异玄荒腾蛇,2773,95,x,,10,清醒,98563,2543,4450,2225,1908,2543,1459
27733,变异玄荒腾蛇,2773,95,x,,10,清醒,98563,2630,4605,2303,1973,2630,1459
27734,变异玄荒腾蛇,2773,95,x,,10,清醒,98563,2720,4760,2380,2040,2720,1459
27735,变异玄荒腾蛇,2773,95,x,,10,清醒,98563,2808,4915,2458,2105,2808,1459
27736,变异玄荒腾蛇,2773,95,x,,10,清醒,98563,2898,5070,2535,2173,2898,1459
27737,变异玄荒腾蛇,2773,95,x,,10,清醒,98563,2985,5225,2613,2240,2985,1459
27738,变异玄荒腾蛇,2773,95,x,,10,清醒,98563,3075,5500,2690,2305,3075,1459
27739,玄荒腾蛇宝宝,2773,95,,x,10,清醒,98563,2365,4140,2070,1773,2365,1459
27740,成年靓靓马,2774,20,,,10,嗜血,71624,2850,1753,1533,1753,2410,693
27741,变异靓靓马,2774,20,x,,10,嗜血,71624,3278,2015,1763,2015,2773,693
27742,变异靓靓马,2774,20,x,,10,嗜血,71624,3705,2280,1995,2280,3135,693
27749,靓靓马宝宝,2774,20,,x,10,嗜血,71624,2850,1753,1533,1753,2410,693
27750,成年玄女蛇,2775,5,,,10,神佑,77012,1173,1758,3305,1875,2345,846
27751,变异玄女蛇,2775,5,x,,10,神佑,77012,1348,2023,3800,2155,2695,846
27752,变异玄女蛇,2775,5,x,,10,神佑,77012,1523,2285,4298,2438,3048,846
27759,玄女蛇宝宝,2775,5,,x,10,神佑,77012,1173,1758,3305,1875,2345,846
27760,成年玄女蛇,2776,45,,,10,神佑,80604,1223,1835,3450,1958,2448,948
27761,变异玄女蛇,2776,45,x,,10,神佑,80604,1345,2018,3795,2153,2690,948
27762,变异玄女蛇,2776,45,x,,10,神佑,80604,1468,2203,4140,2348,2935,948
27763,变异玄女蛇,2776,45,x,,10,神佑,80604,1590,2385,4485,2545,3180,948
27769,玄女蛇宝宝,2776,45,,x,10,神佑,80604,1223,1835,3450,1958,2448,948
27770,成年玄女蛇,2777,55,,,10,神佑,84195,1275,1913,3595,2040,2550,1051
27771,变异玄女蛇,2777,55,x,,10,神佑,84195,1370,2055,3865,2193,2740,1051
27772,变异玄女蛇,2777,55,x,,10,神佑,84195,1465,2198,4133,2345,2933,1051
27773,变异玄女蛇,2777,55,x,,10,神佑,84195,1560,2343,4403,2498,3123,1051
27774,变异玄女蛇,2777,55,x,,10,神佑,84195,1658,2485,4673,2650,3315,1051
27779,玄女蛇宝宝,2777,55,,x,10,神佑,84195,1275,1913,3595,2040,2550,1051
27780,成年玄女蛇,2778,65,,,10,神佑,87787,1325,1988,3740,2120,2653,1153
27781,变异玄女蛇,2778,65,x,,10,神佑,87787,1405,2108,3963,2248,2810,1153
27782,变异玄女蛇,2778,65,x,,10,神佑,87787,1485,2228,4188,2375,2970,1153
27783,变异玄女蛇,2778,65,x,,10,神佑,87787,1563,2345,4413,2503,3128,1153
27784,变异玄女蛇,2778,65,x,,10,神佑,87787,1643,2465,4638,2630,3288,1153
27785,变异玄女蛇,2778,65,x,,10,神佑,87787,1723,2585,4860,2758,3448,1153
27789,玄女蛇宝宝,2778,65,,x,10,神佑,87787,1325,1988,3740,2120,2653,1153
27790,成年玄女蛇,2779,75,,,10,神佑,91379,1378,2065,3883,2203,2755,1255
27791,变异玄女蛇,2779,75,x,,10,神佑,91379,1445,2168,4078,2313,2893,1255
27792,变异玄女蛇,2779,75,x,,10,神佑,91379,1515,2273,4273,2423,3030,1255
27793,变异玄女蛇,2779,75,x,,10,神佑,91379,1583,2375,4465,2533,3168,1255
27794,变异玄女蛇,2779,75,x,,10,神佑,91379,1653,2478,4660,2643,3305,1255
27795,变异玄女蛇,2779,75,x,,10,神佑,91379,1720,2583,4855,2755,3443,1255
27796,变异玄女蛇,2779,75,x,,10,神佑,91379,1790,2685,5048,2865,3580,1255
27799,玄女蛇宝宝,2779,75,,x,10,神佑,91379,1378,2065,3883,2203,2755,1255
27800,成年玄女蛇,2780,85,,,10,神佑,94971,1428,2140,4025,2283,2855,1357
27801,变异玄女蛇,2780,85,x,,10,神佑,94971,1488,2233,4198,2380,2975,1357
27802,变异玄女蛇,2780,85,x,,10,神佑,94971,1548,2323,4370,2478,3098,1357
27803,变异玄女蛇,2780,85,x,,10,神佑,94971,1610,2415,4543,2578,3220,1357
27804,变异玄女蛇,2780,85,x,,10,神佑,94971,1670,2508,4715,2675,3343,1357
27805,变异玄女蛇,2780,85,x,,10,神佑,94971,1733,2600,4888,2773,3465,1357
27806,变异玄女蛇,2780,85,x,,10,神佑,94971,1793,2690,5060,2870,3588,1357
27807,变异玄女蛇,2780,85,x,,10,神佑,94971,1855,2783,5233,2968,3710,1357
27809,玄女蛇宝宝,2780,85,,x,10,神佑,94971,1428,2140,4025,2283,2855,1357
27810,成年玄女蛇,2781,95,,,10,神佑,98563,1478,2218,4170,2365,2958,1459
27811,变异玄女蛇,2781,95,x,,10,神佑,98563,1533,2300,4325,2453,3068,1459
27812,变异玄女蛇,2781,95,x,,10,神佑,98563,1588,2383,4483,2543,3178,1459
27813,变异玄女蛇,2781,95,x,,10,神佑,98563,1645,2468,4638,2630,3290,1459
27814,变异玄女蛇,2781,95,x,,10,神佑,98563,1700,2550,4795,2720,3400,1459
27815,变异玄女蛇,2781,95,x,,10,神佑,98563,1755,2633,4950,2808,3510,1459
27816,变异玄女蛇,2781,95,x,,10,神佑,98563,1810,2715,5108,2898,3623,1459
27817,变异玄女蛇,2781,95,x,,10,神佑,98563,1865,2800,5263,2985,3733,1459
27818,变异玄女蛇,2781,95,x,,10,神佑,98563,1920,2883,5420,3075,3843,1459
27819,玄女蛇宝宝,2781,95,,x,10,神佑,98563,1478,2218,4170,2365,2958,1459
27820,成年巡游小仙,2782,20,,,10,明目,71624,1533,1753,2850,1753,2410,693
27821,变异巡游小仙,2782,20,x,,10,明目,71624,1763,2015,3278,2015,2773,693
27822,变异巡游小仙,2782,20,x,,10,明目,71624,1995,2280,3705,2280,3135,693
27829,巡游小仙宝宝,2782,20,,x,10,明目,71624,1533,1753,2850,1753,2410,693
27830,成年钟小花,2783,45,,,10,清醒,80604,2448,2448,2448,2448,2448,948
27831,变异钟小花,2783,45,x,,10,清醒,80604,2690,2690,2690,2690,2690,948
27832,变异钟小花,2783,45,x,,10,清醒,80604,2935,2935,2935,2935,2935,948
27833,变异钟小花,2783,45,x,,10,清醒,80604,3180,3180,3180,3180,3180,948
27839,钟小花宝宝,2783,45,,x,10,清醒,80604,2448,2448,2448,2448,2448,948
27840,成年小浪人,2784,20,,,10,嗜血,71624,2850,1753,1533,1753,2410,693
27841,变异小浪人,2784,20,x,,10,嗜血,71624,3278,2015,1763,2015,2773,693
27842,变异小浪人,2784,20,x,,10,嗜血,71624,3705,2280,1995,2280,3135,693
27849,小浪人宝宝,2784,20,,x,10,嗜血,71624,2850,1753,1533,1753,2410,693
27850,成年蜂鸟,2785,20,,,10,嗜血,71624,2850,1753,1533,1753,2410,693
27851,变异蜂鸟,2785,20,x,,10,嗜血,71624,3278,2015,1763,2015,2773,693
27852,变异蜂鸟,2785,20,x,,10,嗜血,71624,3705,2280,1995,2280,3135,693
27859,蜂鸟宝宝,2785,20,,x,10,嗜血,71624,2850,1753,1533,1753,2410,693
27860,成年安仔,2786,20,,,10,嗜血,71624,2850,1753,1533,1753,2410,693
27861,变异安仔,2786,20,x,,10,嗜血,71624,3278,2015,1763,2015,2773,693
27862,变异安仔,2786,20,x,,10,嗜血,71624,3705,2280,1995,2280,3135,693
27869,安仔宝宝,2786,20,,x,10,嗜血,71624,2850,1753,1533,1753,2410,693
27870,成年钟小黑,2787,5,,,10,肉墙,71624,2193,2193,2193,2193,2193,693
27871,变异钟小黑,2787,5,x,,10,肉墙,71624,2520,2520,2520,2520,2520,693
27872,变异钟小黑,2787,5,x,,10,肉墙,71624,2850,2850,2850,2850,2850,693
27879,钟小黑宝宝,2787,5,,x,10,肉墙,71624,2193,2193,2193,2193,2193,693
27880,闪电貂,2788,1,x,,10,血毒咒,64800,1250,1250,1250,1250,1250,500
27890,闪电貂,2789,1,x,,10,血毒咒,64800,1570,2125,2088,1888,1720,500
27900,成年毛毛牛,2790,5,,,10,嗜血,77012,3283,2578,1640,2110,1640,846
27901,变异毛毛牛,2790,5,x,,10,嗜血,77012,3775,2965,1888,2425,1888,846
27902,变异毛毛牛,2790,5,x,,10,嗜血,77012,4268,3353,2133,2743,2133,846
27909,毛毛牛宝宝,2790,5,,x,10,嗜血,77012,3283,2578,1640,2110,1640,846
27910,成年毛毛牛,2791,45,,,10,嗜血,80604,3425,2690,1713,2203,1713,948
27911,变异毛毛牛,2791,45,x,,10,嗜血,80604,3768,2960,1883,2423,1883,948
27912,变异毛毛牛,2791,45,x,,10,嗜血,80604,4110,3230,2055,2643,2055,948
27913,变异毛毛牛,2791,45,x,,10,嗜血,80604,4453,3498,2225,2863,2225,948
27919,毛毛牛宝宝,2791,45,,x,10,嗜血,80604,3425,2690,1713,2203,1713,948
27920,成年毛毛牛,2792,55,,,10,嗜血,84195,3570,2805,1785,2295,1785,1051
27921,变异毛毛牛,2792,55,x,,10,嗜血,84195,3838,3015,1918,2465,1918,1051
27922,变异毛毛牛,2792,55,x,,10,嗜血,84195,4105,3225,2053,2638,2053,1051
27923,变异毛毛牛,2792,55,x,,10,嗜血,84195,4373,3435,2185,2810,2185,1051
27924,变异毛毛牛,2792,55,x,,10,嗜血,84195,4640,3645,2320,2983,2320,1051
27929,毛毛牛宝宝,2792,55,,x,10,嗜血,84195,3570,2805,1785,2295,1785,1051
27930,成年毛毛牛,2793,65,,,10,嗜血,87787,3713,2918,1855,2385,1855,1153
27931,变异毛毛牛,2793,65,x,,10,嗜血,87787,3935,3093,1968,2530,1968,1153
27932,变异毛毛牛,2793,65,x,,10,嗜血,87787,4158,3268,2078,2673,2078,1153
27933,变异毛毛牛,2793,65,x,,10,嗜血,87787,4380,3443,2190,2815,2190,1153
27934,变异毛毛牛,2793,65,x,,10,嗜血,87787,4603,3618,2300,2960,2300,1153
27935,变异毛毛牛,2793,65,x,,10,嗜血,87787,4828,3793,2413,3103,2413,1153
27939,毛毛牛宝宝,2793,65,,x,10,嗜血,87787,3713,2918,1855,2385,1855,1153
27940,成年毛毛牛,2794,75,,,10,嗜血,91379,3855,3030,1928,2478,1928,1255
27941,变异毛毛牛,2794,75,x,,10,嗜血,91379,4048,3180,2023,2603,2023,1255
27942,变异毛毛牛,2794,75,x,,10,嗜血,91379,4243,3333,2120,2725,2120,1255
27943,变异毛毛牛,2794,75,x,,10,嗜血,91379,4435,3485,2218,2850,2218,1255
27944,变异毛毛牛,2794,75,x,,10,嗜血,91379,4628,3635,2313,2975,2313,1255
27945,变异毛毛牛,2794,75,x,,10,嗜血,91379,4820,3788,2410,3098,2410,1255
27946,变异毛毛牛,2794,75,x,,10,嗜血,91379,5013,3938,2505,3223,2505,1255
27949,毛毛牛宝宝,2794,75,,x,10,嗜血,91379,3855,3030,1928,2478,1928,1255
27950,成年毛毛牛,2795,85,,,10,嗜血,94971,3995,3140,1998,2568,1998,1357
27951,变异毛毛牛,2795,85,x,,10,嗜血,94971,4168,3275,2083,2678,2083,1357
27952,变异毛毛牛,2795,85,x,,10,嗜血,94971,4338,3408,2168,2788,2168,1357
27953,变异毛毛牛,2795,85,x,,10,嗜血,94971,4510,3543,2255,2898,2255,1357
27954,变异毛毛牛,2795,85,x,,10,嗜血,94971,4680,3678,2340,3008,2340,1357
27955,变异毛毛牛,2795,85,x,,10,嗜血,94971,4853,3813,2425,3120,2425,1357
27956,变异毛毛牛,2795,85,x,,10,嗜血,94971,5023,3948,2510,3230,2510,1357
27957,变异毛毛牛,2795,85,x,,10,嗜血,94971,5195,4083,2598,3340,2598,1357
27959,毛毛牛宝宝,2795,85,,x,10,嗜血,94971,3995,3140,1998,2568,1998,1357
27960,成年毛毛牛,2796,95,,,10,嗜血,98563,4140,3253,2070,2660,2070,1459
27961,变异毛毛牛,2796,95,x,,10,嗜血,98563,4295,3375,2148,2760,2148,1459
27962,变异毛毛牛,2796,95,x,,10,嗜血,98563,4450,3495,2225,2860,2225,1459
27963,变异毛毛牛,2796,95,x,,10,嗜血,98563,4605,3618,2303,2960,2303,1459
27964,变异毛毛牛,2796,95,x,,10,嗜血,98563,4760,3740,2380,3060,2380,1459
27965,变异毛毛牛,2796,95,x,,10,嗜血,98563,4915,3863,2458,3160,2458,1459
27966,变异毛毛牛,2796,95,x,,10,嗜血,98563,5070,3985,2535,3260,2535,1459
27967,变异毛毛牛,2796,95,x,,10,嗜血,98563,5225,4105,2613,3360,2613,1459
27968,变异毛毛牛,2796,95,x,,10,嗜血,98563,5383,4228,2690,3460,2690,1459
27969,毛毛牛宝宝,2796,95,,x,10,嗜血,98563,4140,3253,2070,2660,2070,1459
27970,成年圣妆小鹿,2797,5,,,10,神佑,77012,1173,1758,3305,1875,2345,846
27971,变异圣妆小鹿,2797,5,x,,10,神佑,77012,1348,2023,3800,2155,2695,846
27972,变异圣妆小鹿,2797,5,x,,10,神佑,77012,1523,2285,4298,2438,3048,846
27979,圣妆小鹿宝宝,2797,5,,x,10,神佑,77012,1173,1758,3305,1875,2345,846
27980,成年圣妆小鹿,2798,45,,,10,神佑,80604,1223,1835,3450,1958,2448,948
27981,变异圣妆小鹿,2798,45,x,,10,神佑,80604,1345,2018,3795,2153,2690,948
27982,变异圣妆小鹿,2798,45,x,,10,神佑,80604,1468,2203,4140,2348,2935,948
27983,变异圣妆小鹿,2798,45,x,,10,神佑,80604,1590,2385,4485,2545,3180,948
27989,圣妆小鹿宝宝,2798,45,,x,10,神佑,80604,1223,1835,3450,1958,2448,948
27990,成年圣妆小鹿,2799,55,,,10,神佑,84195,1275,1913,3595,2040,2550,1051
27991,变异圣妆小鹿,2799,55,x,,10,神佑,84195,1370,2055,3865,2193,2740,1051
27992,变异圣妆小鹿,2799,55,x,,10,神佑,84195,1465,2198,4133,2345,2933,1051
27993,变异圣妆小鹿,2799,55,x,,10,神佑,84195,1560,2343,4403,2498,3123,1051
27994,变异圣妆小鹿,2799,55,x,,10,神佑,84195,1658,2485,4673,2650,3315,1051
27999,圣妆小鹿宝宝,2799,55,,x,10,神佑,84195,1275,1913,3595,2040,2550,1051
28000,成年圣妆小鹿,2800,65,,,10,神佑,87787,1325,1988,3740,2120,2653,1153
28001,变异圣妆小鹿,2800,65,x,,10,神佑,87787,1405,2108,3963,2248,2810,1153
28002,变异圣妆小鹿,2800,65,x,,10,神佑,87787,1485,2228,4188,2375,2970,1153
28003,变异圣妆小鹿,2800,65,x,,10,神佑,87787,1563,2345,4413,2503,3128,1153
28004,变异圣妆小鹿,2800,65,x,,10,神佑,87787,1643,2465,4638,2630,3288,1153
28005,变异圣妆小鹿,2800,65,x,,10,神佑,87787,1723,2585,4860,2758,3448,1153
28009,圣妆小鹿宝宝,2800,65,,x,10,神佑,87787,1325,1988,3740,2120,2653,1153
28010,成年圣妆小鹿,2801,75,,,10,神佑,91379,1378,2065,3883,2203,2755,1255
28011,变异圣妆小鹿,2801,75,x,,10,神佑,91379,1445,2168,4078,2313,2893,1255
28012,变异圣妆小鹿,2801,75,x,,10,神佑,91379,1515,2273,4273,2423,3030,1255
28013,变异圣妆小鹿,2801,75,x,,10,神佑,91379,1583,2375,4465,2533,3168,1255
28014,变异圣妆小鹿,2801,75,x,,10,神佑,91379,1653,2478,4660,2643,3305,1255
28015,变异圣妆小鹿,2801,75,x,,10,神佑,91379,1720,2583,4855,2755,3443,1255
28016,变异圣妆小鹿,2801,75,x,,10,神佑,91379,1790,2685,5048,2865,3580,1255
28019,圣妆小鹿宝宝,2801,75,,x,10,神佑,91379,1378,2065,3883,2203,2755,1255
28020,成年圣妆小鹿,2802,85,,,10,神佑,94971,1428,2140,4025,2283,2855,1357
28021,变异圣妆小鹿,2802,85,x,,10,神佑,94971,1488,2233,4198,2380,2975,1357
28022,变异圣妆小鹿,2802,85,x,,10,神佑,94971,1548,2323,4370,2478,3098,1357
28023,变异圣妆小鹿,2802,85,x,,10,神佑,94971,1610,2415,4543,2578,3220,1357
28024,变异圣妆小鹿,2802,85,x,,10,神佑,94971,1670,2508,4715,2675,3343,1357
28025,变异圣妆小鹿,2802,85,x,,10,神佑,94971,1733,2600,4888,2773,3465,1357
28026,变异圣妆小鹿,2802,85,x,,10,神佑,94971,1793,2690,5060,2870,3588,1357
28027,变异圣妆小鹿,2802,85,x,,10,神佑,94971,1855,2783,5233,2968,3710,1357
28029,圣妆小鹿宝宝,2802,85,,x,10,神佑,94971,1428,2140,4025,2283,2855,1357
28030,成年圣妆小鹿,2803,95,,,10,神佑,98563,1478,2218,4170,2365,2958,1459
28031,变异圣妆小鹿,2803,95,x,,10,神佑,98563,1533,2300,4325,2453,3068,1459
28032,变异圣妆小鹿,2803,95,x,,10,神佑,98563,1588,2383,4483,2543,3178,1459
28033,变异圣妆小鹿,2803,95,x,,10,神佑,98563,1645,2468,4638,2630,3290,1459
28034,变异圣妆小鹿,2803,95,x,,10,神佑,98563,1700,2550,4795,2720,3400,1459
28035,变异圣妆小鹿,2803,95,x,,10,神佑,98563,1755,2633,4950,2808,3510,1459
28036,变异圣妆小鹿,2803,95,x,,10,神佑,98563,1810,2715,5108,2898,3623,1459
28037,变异圣妆小鹿,2803,95,x,,10,神佑,98563,1865,2800,5263,2985,3733,1459
28038,变异圣妆小鹿,2803,95,x,,10,神佑,98563,1920,2883,5420,3075,3843,1459
28039,圣妆小鹿宝宝,2803,95,,x,10,神佑,98563,1478,2218,4170,2365,2958,1459
28040,成年昆仑仙骏,2804,5,,,10,嗜血,77012,3283,2578,1640,2110,1640,846
28041,变异昆仑仙骏,2804,5,x,,10,嗜血,77012,3775,2965,1888,2425,1888,846
28042,变异昆仑仙骏,2804,5,x,,10,嗜血,77012,4268,3353,2133,2743,2133,846
28049,昆仑仙骏宝宝,2804,5,,x,10,嗜血,77012,3283,2578,1640,2110,1640,846
28050,成年昆仑仙骏,2805,45,,,10,嗜血,80604,3425,2690,1713,2203,1713,948
28051,变异昆仑仙骏,2805,45,x,,10,嗜血,80604,3768,2960,1883,2423,1883,948
28052,变异昆仑仙骏,2805,45,x,,10,嗜血,80604,4110,3230,2055,2643,2055,948
28053,变异昆仑仙骏,2805,45,x,,10,嗜血,80604,4453,3498,2225,2863,2225,948
28059,昆仑仙骏宝宝,2805,45,,x,10,嗜血,80604,3425,2690,1713,2203,1713,948
28060,成年昆仑仙骏,2806,55,,,10,嗜血,84195,3570,2805,1785,2295,1785,1051
28061,变异昆仑仙骏,2806,55,x,,10,嗜血,84195,3838,3015,1918,2465,1918,1051
28062,变异昆仑仙骏,2806,55,x,,10,嗜血,84195,4105,3225,2053,2638,2053,1051
28063,变异昆仑仙骏,2806,55,x,,10,嗜血,84195,4373,3435,2185,2810,2185,1051
28064,变异昆仑仙骏,2806,55,x,,10,嗜血,84195,4640,3645,2320,2983,2320,1051
28069,昆仑仙骏宝宝,2806,55,,x,10,嗜血,84195,3570,2805,1785,2295,1785,1051
28070,成年昆仑仙骏,2807,65,,,10,嗜血,87787,3713,2918,1855,2385,1855,1153
28071,变异昆仑仙骏,2807,65,x,,10,嗜血,87787,3935,3093,1968,2530,1968,1153
28072,变异昆仑仙骏,2807,65,x,,10,嗜血,87787,4158,3268,2078,2673,2078,1153
28073,变异昆仑仙骏,2807,65,x,,10,嗜血,87787,4380,3443,2190,2815,2190,1153
28074,变异昆仑仙骏,2807,65,x,,10,嗜血,87787,4603,3618,2300,2960,2300,1153
28075,变异昆仑仙骏,2807,65,x,,10,嗜血,87787,4828,3793,2413,3103,2413,1153
28079,昆仑仙骏宝宝,2807,65,,x,10,嗜血,87787,3713,2918,1855,2385,1855,1153
28080,成年昆仑仙骏,2808,75,,,10,嗜血,91379,3855,3030,1928,2478,1928,1255
28081,变异昆仑仙骏,2808,75,x,,10,嗜血,91379,4048,3180,2023,2603,2023,1255
28082,变异昆仑仙骏,2808,75,x,,10,嗜血,91379,4243,3333,2120,2725,2120,1255
28083,变异昆仑仙骏,2808,75,x,,10,嗜血,91379,4435,3485,2218,2850,2218,1255
28084,变异昆仑仙骏,2808,75,x,,10,嗜血,91379,4628,3635,2313,2975,2313,1255
28085,变异昆仑仙骏,2808,75,x,,10,嗜血,91379,4820,3788,2410,3098,2410,1255
28086,变异昆仑仙骏,2808,75,x,,10,嗜血,91379,5013,3938,2505,3223,2505,1255
28089,昆仑仙骏宝宝,2808,75,,x,10,嗜血,91379,3855,3030,1928,2478,1928,1255
28090,成年昆仑仙骏,2809,85,,,10,嗜血,94971,3995,3140,1998,2568,1998,1357
28091,变异昆仑仙骏,2809,85,x,,10,嗜血,94971,4168,3275,2083,2678,2083,1357
28092,变异昆仑仙骏,2809,85,x,,10,嗜血,94971,4338,3408,2168,2788,2168,1357
28093,变异昆仑仙骏,2809,85,x,,10,嗜血,94971,4510,3543,2255,2898,2255,1357
28094,变异昆仑仙骏,2809,85,x,,10,嗜血,94971,4680,3678,2340,3008,2340,1357
28095,变异昆仑仙骏,2809,85,x,,10,嗜血,94971,4853,3813,2425,3120,2425,1357
28096,变异昆仑仙骏,2809,85,x,,10,嗜血,94971,5023,3948,2510,3230,2510,1357
28097,变异昆仑仙骏,2809,85,x,,10,嗜血,94971,5195,4083,2598,3340,2598,1357
28099,昆仑仙骏宝宝,2809,85,,x,10,嗜血,94971,3995,3140,1998,2568,1998,1357
28100,成年昆仑仙骏,2810,95,,,10,嗜血,98563,4140,3253,2070,2660,2070,1459
28101,变异昆仑仙骏,2810,95,x,,10,嗜血,98563,4295,3375,2148,2760,2148,1459
28102,变异昆仑仙骏,2810,95,x,,10,嗜血,98563,4450,3495,2225,2860,2225,1459
28103,变异昆仑仙骏,2810,95,x,,10,嗜血,98563,4605,3618,2303,2960,2303,1459
28104,变异昆仑仙骏,2810,95,x,,10,嗜血,98563,4760,3740,2380,3060,2380,1459
28105,变异昆仑仙骏,2810,95,x,,10,嗜血,98563,4915,3863,2458,3160,2458,1459
28106,变异昆仑仙骏,2810,95,x,,10,嗜血,98563,5070,3985,2535,3260,2535,1459
28107,变异昆仑仙骏,2810,95,x,,10,嗜血,98563,5225,4105,2613,3360,2613,1459
28108,变异昆仑仙骏,2810,95,x,,10,嗜血,98563,5383,4228,2690,3460,2690,1459
28109,昆仑仙骏宝宝,2810,95,,x,10,嗜血,98563,4140,3253,2070,2660,2070,1459
28110,成年太苍龙子,2811,5,,,10,嗜血,77012,3283,2578,1640,2110,1640,846
28111,变异太苍龙子,2811,5,x,,10,嗜血,77012,3775,2965,1888,2425,1888,846
28112,变异太苍龙子,2811,5,x,,10,嗜血,77012,4268,3353,2133,2743,2133,846
28119,太苍龙子宝宝,2811,5,,x,10,嗜血,77012,3283,2578,1640,2110,1640,846
28120,成年太苍龙子,2812,45,,,10,嗜血,80604,3425,2690,1713,2203,1713,948
28121,变异太苍龙子,2812,45,x,,10,嗜血,80604,3768,2960,1883,2423,1883,948
28122,变异太苍龙子,2812,45,x,,10,嗜血,80604,4110,3230,2055,2643,2055,948
28123,变异太苍龙子,2812,45,x,,10,嗜血,80604,4453,3498,2225,2863,2225,948
28129,太苍龙子宝宝,2812,45,,x,10,嗜血,80604,3425,2690,1713,2203,1713,948
28130,成年太苍龙子,2813,55,,,10,嗜血,84195,3570,2805,1785,2295,1785,1051
28131,变异太苍龙子,2813,55,x,,10,嗜血,84195,3838,3015,1918,2465,1918,1051
28132,变异太苍龙子,2813,55,x,,10,嗜血,84195,4105,3225,2053,2638,2053,1051
28133,变异太苍龙子,2813,55,x,,10,嗜血,84195,4373,3435,2185,2810,2185,1051
28134,变异太苍龙子,2813,55,x,,10,嗜血,84195,4640,3645,2320,2983,2320,1051
28139,太苍龙子宝宝,2813,55,,x,10,嗜血,84195,3570,2805,1785,2295,1785,1051
28140,成年太苍龙子,2814,65,,,10,嗜血,87787,3713,2918,1855,2385,1855,1153
28141,变异太苍龙子,2814,65,x,,10,嗜血,87787,3935,3093,1968,2530,1968,1153
28142,变异太苍龙子,2814,65,x,,10,嗜血,87787,4158,3268,2078,2673,2078,1153
28143,变异太苍龙子,2814,65,x,,10,嗜血,87787,4380,3443,2190,2815,2190,1153
28144,变异太苍龙子,2814,65,x,,10,嗜血,87787,4603,3618,2300,2960,2300,1153
28145,变异太苍龙子,2814,65,x,,10,嗜血,87787,4828,3793,2413,3103,2413,1153
28149,太苍龙子宝宝,2814,65,,x,10,嗜血,87787,3713,2918,1855,2385,1855,1153
28150,成年太苍龙子,2815,75,,,10,嗜血,91379,3855,3030,1928,2478,1928,1255
28151,变异太苍龙子,2815,75,x,,10,嗜血,91379,4048,3180,2023,2603,2023,1255
28152,变异太苍龙子,2815,75,x,,10,嗜血,91379,4243,3333,2120,2725,2120,1255
28153,变异太苍龙子,2815,75,x,,10,嗜血,91379,4435,3485,2218,2850,2218,1255
28154,变异太苍龙子,2815,75,x,,10,嗜血,91379,4628,3635,2313,2975,2313,1255
28155,变异太苍龙子,2815,75,x,,10,嗜血,91379,4820,3788,2410,3098,2410,1255
28156,变异太苍龙子,2815,75,x,,10,嗜血,91379,5013,3938,2505,3223,2505,1255
28159,太苍龙子宝宝,2815,75,,x,10,嗜血,91379,3855,3030,1928,2478,1928,1255
28160,成年太苍龙子,2816,85,,,10,嗜血,94971,3995,3140,1998,2568,1998,1357
28161,变异太苍龙子,2816,85,x,,10,嗜血,94971,4168,3275,2083,2678,2083,1357
28162,变异太苍龙子,2816,85,x,,10,嗜血,94971,4338,3408,2168,2788,2168,1357
28163,变异太苍龙子,2816,85,x,,10,嗜血,94971,4510,3543,2255,2898,2255,1357
28164,变异太苍龙子,2816,85,x,,10,嗜血,94971,4680,3678,2340,3008,2340,1357
28165,变异太苍龙子,2816,85,x,,10,嗜血,94971,4853,3813,2425,3120,2425,1357
28166,变异太苍龙子,2816,85,x,,10,嗜血,94971,5023,3948,2510,3230,2510,1357
28167,变异太苍龙子,2816,85,x,,10,嗜血,94971,5195,4083,2598,3340,2598,1357
28169,太苍龙子宝宝,2816,85,,x,10,嗜血,94971,3995,3140,1998,2568,1998,1357
28170,成年太苍龙子,2817,95,,,10,嗜血,98563,4140,3253,2070,2660,2070,1459
28171,变异太苍龙子,2817,95,x,,10,嗜血,98563,4295,3375,2148,2760,2148,1459
28172,变异太苍龙子,2817,95,x,,10,嗜血,98563,4450,3495,2225,2860,2225,1459
28173,变异太苍龙子,2817,95,x,,10,嗜血,98563,4605,3618,2303,2960,2303,1459
28174,变异太苍龙子,2817,95,x,,10,嗜血,98563,4760,3740,2380,3060,2380,1459
28175,变异太苍龙子,2817,95,x,,10,嗜血,98563,4915,3863,2458,3160,2458,1459
28176,变异太苍龙子,2817,95,x,,10,嗜血,98563,5070,3985,2535,3260,2535,1459
28177,变异太苍龙子,2817,95,x,,10,嗜血,98563,5225,4105,2613,3360,2613,1459
28178,变异太苍龙子,2817,95,x,,10,嗜血,98563,5383,4228,2690,3460,2690,1459
28179,太苍龙子宝宝,2817,95,,x,10,嗜血,98563,4140,3253,2070,2660,2070,1459
28180,成年暴走熊猫,2818,5,,,10,肉墙,77012,1875,3283,1640,1405,1875,846
28181,变异暴走熊猫,2818,5,x,,10,肉墙,77012,2155,3775,1888,1618,2155,846
28182,变异暴走熊猫,2818,5,x,,10,肉墙,77012,2438,4268,2133,1828,2438,846
28189,暴走熊猫宝宝,2818,5,,x,10,肉墙,77012,1875,3283,1640,1405,1875,846
28190,成年暴走熊猫,2819,45,,,10,肉墙,80604,1958,3425,1713,1468,1958,948
28191,变异暴走熊猫,2819,45,x,,10,肉墙,80604,2153,3768,1883,1615,2153,948
28192,变异暴走熊猫,2819,45,x,,10,肉墙,80604,2348,4110,2055,1760,2348,948
28193,变异暴走熊猫,2819,45,x,,10,肉墙,80604,2545,4453,2225,1908,2545,948
28199,暴走熊猫宝宝,2819,45,,x,10,肉墙,80604,1958,3425,1713,1468,1958,948
28200,成年暴走熊猫,2820,55,,,10,肉墙,84195,2040,3570,1785,1530,2040,1051
28201,变异暴走熊猫,2820,55,x,,10,肉墙,84195,2193,3838,1918,1643,2193,1051
28202,变异暴走熊猫,2820,55,x,,10,肉墙,84195,2345,4105,2053,1758,2345,1051
28203,变异暴走熊猫,2820,55,x,,10,肉墙,84195,2498,4373,2185,1873,2498,1051
28204,变异暴走熊猫,2820,55,x,,10,肉墙,84195,2650,4640,2320,1988,2650,1051
28209,暴走熊猫宝宝,2820,55,,x,10,肉墙,84195,2040,3570,1785,1530,2040,1051
28210,成年暴走熊猫,2821,65,,,10,肉墙,87787,2120,3713,1855,1590,2120,1153
28211,变异暴走熊猫,2821,65,x,,10,肉墙,87787,2248,3935,1968,1685,2248,1153
28212,变异暴走熊猫,2821,65,x,,10,肉墙,87787,2375,4158,2078,1780,2375,1153
28213,变异暴走熊猫,2821,65,x,,10,肉墙,87787,2503,4380,2190,1878,2503,1153
28214,变异暴走熊猫,2821,65,x,,10,肉墙,87787,2630,4603,2300,1973,2630,1153
28215,变异暴走熊猫,2821,65,x,,10,肉墙,87787,2758,4828,2413,2068,2758,1153
28219,暴走熊猫宝宝,2821,65,,x,10,肉墙,87787,2120,3713,1855,1590,2120,1153
28220,成年暴走熊猫,2822,75,,,10,肉墙,91379,2203,3855,1928,1653,2203,1255
28221,变异暴走熊猫,2822,75,x,,10,肉墙,91379,2313,4048,2023,1735,2313,1255
28222,变异暴走熊猫,2822,75,x,,10,肉墙,91379,2423,4243,2120,1818,2423,1255
28223,变异暴走熊猫,2822,75,x,,10,肉墙,91379,2533,4435,2218,1900,2533,1255
28224,变异暴走熊猫,2822,75,x,,10,肉墙,91379,2643,4628,2313,1983,2643,1255
28225,变异暴走熊猫,2822,75,x,,10,肉墙,91379,2755,4820,2410,2065,2755,1255
28226,变异暴走熊猫,2822,75,x,,10,肉墙,91379,2865,5013,2505,2148,2865,1255
28229,暴走熊猫宝宝,2822,75,,x,10,肉墙,91379,2203,3855,1928,1653,2203,1255
28230,成年暴走熊猫,2823,85,,,10,肉墙,94971,2283,3995,1998,1713,2283,1357
28231,变异暴走熊猫,2823,85,x,,10,肉墙,94971,2380,4168,2083,1785,2380,1357
28232,变异暴走熊猫,2823,85,x,,10,肉墙,94971,2478,4338,2168,1858,2478,1357
28233,变异暴走熊猫,2823,85,x,,10,肉墙,94971,2578,4510,2255,1933,2578,1357
28234,变异暴走熊猫,2823,85,x,,10,肉墙,94971,2675,4680,2340,2005,2675,1357
28235,变异暴走熊猫,2823,85,x,,10,肉墙,94971,2773,4853,2425,2080,2773,1357
28236,变异暴走熊猫,2823,85,x,,10,肉墙,94971,2870,5023,2510,2153,2870,1357
28237,变异暴走熊猫,2823,85,x,,10,肉墙,94971,2968,5195,2598,2225,2968,1357
28239,暴走熊猫宝宝,2823,85,,x,10,肉墙,94971,2283,3995,1998,1713,2283,1357
28240,成年暴走熊猫,2824,95,,,10,肉墙,98563,2365,4140,2070,1773,2365,1459
28241,变异暴走熊猫,2824,95,x,,10,肉墙,98563,2453,4295,2148,1840,2453,1459
28242,变异暴走熊猫,2824,95,x,,10,肉墙,98563,2543,4450,2225,1908,2543,1459
28243,变异暴走熊猫,2824,95,x,,10,肉墙,98563,2630,4605,2303,1973,2630,1459
28244,变异暴走熊猫,2824,95,x,,10,肉墙,98563,2720,4760,2380,2040,2720,1459
28245,变异暴走熊猫,2824,95,x,,10,肉墙,98563,2808,4915,2458,2105,2808,1459
28246,变异暴走熊猫,2824,95,x,,10,肉墙,98563,2898,5070,2535,2173,2898,1459
28247,变异暴走熊猫,2824,95,x,,10,肉墙,98563,2985,5225,2613,2240,2985,1459
28248,变异暴走熊猫,2824,95,x,,10,肉墙,98563,3075,5383,2690,2305,3075,1459
28249,暴走熊猫宝宝,2824,95,,x,10,肉墙,98563,2365,4140,2070,1773,2365,1459
28250,成年萌音花灵,2825,5,,,10,神佑,77012,1173,1758,3305,1875,2345,846
28251,变异萌音花灵,2825,5,x,,10,神佑,77012,1348,2023,3800,2155,2695,846
28252,变异萌音花灵,2825,5,x,,10,神佑,77012,1523,2285,4298,2438,3048,846
28259,萌音花灵宝宝,2825,5,,x,10,神佑,77012,1173,1758,3305,1875,2345,846
28260,成年萌音花灵,2826,45,,,10,神佑,80604,1223,1835,3450,1958,2448,948
28261,变异萌音花灵,2826,45,x,,10,神佑,80604,1345,2018,3795,2153,2690,948
28262,变异萌音花灵,2826,45,x,,10,神佑,80604,1468,2203,4140,2348,2935,948
28263,变异萌音花灵,2826,45,x,,10,神佑,80604,1590,2385,4485,2545,3180,948
28269,萌音花灵宝宝,2826,45,,x,10,神佑,80604,1223,1835,3450,1958,2448,948
28270,成年萌音花灵,2827,55,,,10,神佑,84195,1275,1913,3595,2040,2550,1051
28271,变异萌音花灵,2827,55,x,,10,神佑,84195,1370,2055,3865,2193,2740,1051
28272,变异萌音花灵,2827,55,x,,10,神佑,84195,1465,2198,4133,2345,2933,1051
28273,变异萌音花灵,2827,55,x,,10,神佑,84195,1560,2343,4403,2498,3123,1051
28274,变异萌音花灵,2827,55,x,,10,神佑,84195,1658,2485,4673,2650,3315,1051
28279,萌音花灵宝宝,2827,55,,x,10,神佑,84195,1275,1913,3595,2040,2550,1051
28280,成年萌音花灵,2828,65,,,10,神佑,87787,1325,1988,3740,2120,2653,1153
28281,变异萌音花灵,2828,65,x,,10,神佑,87787,1405,2108,3963,2248,2810,1153
28282,变异萌音花灵,2828,65,x,,10,神佑,87787,1485,2228,4188,2375,2970,1153
28283,变异萌音花灵,2828,65,x,,10,神佑,87787,1563,2345,4413,2503,3128,1153
28284,变异萌音花灵,2828,65,x,,10,神佑,87787,1643,2465,4638,2630,3288,1153
28285,变异萌音花灵,2828,65,x,,10,神佑,87787,1723,2585,4860,2758,3448,1153
28289,萌音花灵宝宝,2828,65,,x,10,神佑,87787,1325,1988,3740,2120,2653,1153
28290,成年萌音花灵,2829,75,,,10,神佑,91379,1378,2065,3883,2203,2755,1255
28291,变异萌音花灵,2829,75,x,,10,神佑,91379,1445,2168,4078,2313,2893,1255
28292,变异萌音花灵,2829,75,x,,10,神佑,91379,1515,2273,4273,2423,3030,1255
28293,变异萌音花灵,2829,75,x,,10,神佑,91379,1583,2375,4465,2533,3168,1255
28294,变异萌音花灵,2829,75,x,,10,神佑,91379,1653,2478,4660,2643,3305,1255
28295,变异萌音花灵,2829,75,x,,10,神佑,91379,1720,2583,4855,2755,3443,1255
28296,变异萌音花灵,2829,75,x,,10,神佑,91379,1790,2685,5048,2865,3580,1255
28299,萌音花灵宝宝,2829,75,,x,10,神佑,91379,1378,2065,3883,2203,2755,1255
28300,成年萌音花灵,2830,85,,,10,神佑,94971,1428,2140,4025,2283,2855,1357
28301,变异萌音花灵,2830,85,x,,10,神佑,94971,1488,2233,4198,2380,2975,1357
28302,变异萌音花灵,2830,85,x,,10,神佑,94971,1548,2323,4370,2478,3098,1357
28303,变异萌音花灵,2830,85,x,,10,神佑,94971,1610,2415,4543,2578,3220,1357
28304,变异萌音花灵,2830,85,x,,10,神佑,94971,1670,2508,4715,2675,3343,1357
28305,变异萌音花灵,2830,85,x,,10,神佑,94971,1733,2600,4888,2773,3465,1357
28306,变异萌音花灵,2830,85,x,,10,神佑,94971,1793,2690,5060,2870,3588,1357
28307,变异萌音花灵,2830,85,x,,10,神佑,94971,1855,2783,5233,2968,3710,1357
28309,萌音花灵宝宝,2830,85,,x,10,神佑,94971,1428,2140,4025,2283,2855,1357
28310,成年萌音花灵,2831,95,,,10,神佑,98563,1478,2218,4170,2365,2958,1459
28311,变异萌音花灵,2831,95,x,,10,神佑,98563,1533,2300,4325,2453,3068,1459
28312,变异萌音花灵,2831,95,x,,10,神佑,98563,1588,2383,4483,2543,3178,1459
28313,变异萌音花灵,2831,95,x,,10,神佑,98563,1645,2468,4638,2630,3290,1459
28314,变异萌音花灵,2831,95,x,,10,神佑,98563,1700,2550,4795,2720,3400,1459
28315,变异萌音花灵,2831,95,x,,10,神佑,98563,1755,2633,4950,2808,3510,1459
28316,变异萌音花灵,2831,95,x,,10,神佑,98563,1810,2715,5108,2898,3623,1459
28317,变异萌音花灵,2831,95,x,,10,神佑,98563,1865,2800,5263,2985,3733,1459
28318,变异萌音花灵,2831,95,x,,10,神佑,98563,1920,2883,5420,3075,3843,1459
28319,萌音花灵宝宝,2831,95,,x,10,神佑,98563,1478,2218,4170,2365,2958,1459
28320,成年小易,2832,20,,,10,嗜血,71624,1973,2410,1533,2850,1533,693
28321,变异小易,2832,20,x,,10,嗜血,71624,2268,2773,1763,3278,1763,693
28322,变异小易,2832,20,x,,10,嗜血,71624,2565,3135,1995,3705,1995,693
28329,小易宝宝,2832,20,,x,10,嗜血,71624,1973,2410,1533,2850,1533,693
28330,成年小马哥,2833,5,,,10,嗜血,77012,3283,2578,1640,2110,1640,846
28331,变异小马哥,2833,5,x,,10,嗜血,77012,3775,2965,1888,2425,1888,846
28332,变异小马哥,2833,5,x,,10,嗜血,77012,4268,3353,2133,2743,2133,846
28339,小马哥宝宝,2833,5,,x,10,嗜血,77012,3283,2578,1640,2110,1640,846
28340,成年小马哥,2834,45,,,10,嗜血,80604,3425,2690,1713,2203,1713,948
28341,变异小马哥,2834,45,x,,10,嗜血,80604,3768,2960,1883,2423,1883,948
28342,变异小马哥,2834,45,x,,10,嗜血,80604,4110,3230,2055,2643,2055,948
28343,变异小马哥,2834,45,x,,10,嗜血,80604,4453,3498,2225,2863,2225,948
28349,小马哥宝宝,2834,45,,x,10,嗜血,80604,3425,2690,1713,2203,1713,948
28350,成年小马哥,2835,55,,,10,嗜血,84195,3570,2805,1785,2295,1785,1051
28351,变异小马哥,2835,55,x,,10,嗜血,84195,3838,3015,1918,2465,1918,1051
28352,变异小马哥,2835,55,x,,10,嗜血,84195,4105,3225,2053,2638,2053,1051
28353,变异小马哥,2835,55,x,,10,嗜血,84195,4373,3435,2185,2810,2185,1051
28354,变异小马哥,2835,55,x,,10,嗜血,84195,4640,3645,2320,2983,2320,1051
28359,小马哥宝宝,2835,55,,x,10,嗜血,84195,3570,2805,1785,2295,1785,1051
28360,成年小马哥,2836,65,,,10,嗜血,87787,3713,2918,1855,2385,1855,1153
28361,变异小马哥,2836,65,x,,10,嗜血,87787,3935,3093,1968,2530,1968,1153
28362,变异小马哥,2836,65,x,,10,嗜血,87787,4158,3268,2078,2673,2078,1153
28363,变异小马哥,2836,65,x,,10,嗜血,87787,4380,3443,2190,2815,2190,1153
28364,变异小马哥,2836,65,x,,10,嗜血,87787,4603,3618,2300,2960,2300,1153
28365,变异小马哥,2836,65,x,,10,嗜血,87787,4828,3793,2413,3103,2413,1153
28369,小马哥宝宝,2836,65,,x,10,嗜血,87787,3713,2918,1855,2385,1855,1153
28370,成年小马哥,2837,75,,,10,嗜血,91379,3855,3030,1928,2478,1928,1255
28371,变异小马哥,2837,75,x,,10,嗜血,91379,4048,3180,2023,2603,2023,1255
28372,变异小马哥,2837,75,x,,10,嗜血,91379,4243,3333,2120,2725,2120,1255
28373,变异小马哥,2837,75,x,,10,嗜血,91379,4435,3485,2218,2850,2218,1255
28374,变异小马哥,2837,75,x,,10,嗜血,91379,4628,3635,2313,2975,2313,1255
28375,变异小马哥,2837,75,x,,10,嗜血,91379,4820,3788,2410,3098,2410,1255
28376,变异小马哥,2837,75,x,,10,嗜血,91379,5013,3938,2505,3223,2505,1255
28379,小马哥宝宝,2837,75,,x,10,嗜血,91379,3855,3030,1928,2478,1928,1255
28380,成年小马哥,2838,85,,,10,嗜血,94971,3995,3140,1998,2568,1998,1357
28381,变异小马哥,2838,85,x,,10,嗜血,94971,4168,3275,2083,2678,2083,1357
28382,变异小马哥,2838,85,x,,10,嗜血,94971,4338,3408,2168,2788,2168,1357
28383,变异小马哥,2838,85,x,,10,嗜血,94971,4510,3543,2255,2898,2255,1357
28384,变异小马哥,2838,85,x,,10,嗜血,94971,4680,3678,2340,3008,2340,1357
28385,变异小马哥,2838,85,x,,10,嗜血,94971,4853,3813,2425,3120,2425,1357
28386,变异小马哥,2838,85,x,,10,嗜血,94971,5023,3948,2510,3230,2510,1357
28387,变异小马哥,2838,85,x,,10,嗜血,94971,5195,4083,2598,3340,2598,1357
28389,小马哥宝宝,2838,85,,x,10,嗜血,94971,3995,3140,1998,2568,1998,1357
28390,成年小马哥,2839,95,,,10,嗜血,98563,4140,3253,2070,2660,2070,1459
28391,变异小马哥,2839,95,x,,10,嗜血,98563,4295,3375,2148,2760,2148,1459
28392,变异小马哥,2839,95,x,,10,嗜血,98563,4450,3495,2225,2860,2225,1459
28393,变异小马哥,2839,95,x,,10,嗜血,98563,4605,3618,2303,2960,2303,1459
28394,变异小马哥,2839,95,x,,10,嗜血,98563,4760,3740,2380,3060,2380,1459
28395,变异小马哥,2839,95,x,,10,嗜血,98563,4915,3863,2458,3160,2458,1459
28396,变异小马哥,2839,95,x,,10,嗜血,98563,5070,3985,2535,3260,2535,1459
28397,变异小马哥,2839,95,x,,10,嗜血,98563,5225,4105,2613,3360,2613,1459
28398,变异小马哥,2839,95,x,,10,嗜血,98563,5383,4228,2690,3460,2690,1459
28399,小马哥宝宝,2839,95,,x,10,嗜血,98563,4140,3253,2070,2660,2070,1459
28400,成年百战金刚,2840,5,,,10,嗜血,77012,3283,2578,1640,2110,1640,846
28401,变异百战金刚,2840,5,x,,10,嗜血,77012,3775,2965,1888,2425,1888,846
28402,变异百战金刚,2840,5,x,,10,嗜血,77012,4268,3353,2133,2743,2133,846
28409,百战金刚宝宝,2840,5,,x,10,嗜血,77012,3283,2578,1640,2110,1640,846
28410,成年百战金刚,2841,45,,,10,嗜血,80604,3425,2690,1713,2203,1713,948
28411,变异百战金刚,2841,45,x,,10,嗜血,80604,3768,2960,1883,2423,1883,948
28412,变异百战金刚,2841,45,x,,10,嗜血,80604,4110,3230,2055,2643,2055,948
28413,变异百战金刚,2841,45,x,,10,嗜血,80604,4453,3498,2225,2863,2225,948
28419,百战金刚宝宝,2841,45,,x,10,嗜血,80604,3425,2690,1713,2203,1713,948
28420,成年百战金刚,2842,55,,,10,嗜血,84195,3570,2805,1785,2295,1785,1051
28421,变异百战金刚,2842,55,x,,10,嗜血,84195,3838,3015,1918,2465,1918,1051
28422,变异百战金刚,2842,55,x,,10,嗜血,84195,4105,3225,2053,2638,2053,1051
28423,变异百战金刚,2842,55,x,,10,嗜血,84195,4373,3435,2185,2810,2185,1051
28424,变异百战金刚,2842,55,x,,10,嗜血,84195,4640,3645,2320,2983,2320,1051
28429,百战金刚宝宝,2842,55,,x,10,嗜血,84195,3570,2805,1785,2295,1785,1051
28430,成年百战金刚,2843,65,,,10,嗜血,87787,3713,2918,1855,2385,1855,1153
28431,变异百战金刚,2843,65,x,,10,嗜血,87787,3935,3093,1968,2530,1968,1153
28432,变异百战金刚,2843,65,x,,10,嗜血,87787,4158,3268,2078,2673,2078,1153
28433,变异百战金刚,2843,65,x,,10,嗜血,87787,4380,3443,2190,2815,2190,1153
28434,变异百战金刚,2843,65,x,,10,嗜血,87787,4603,3618,2300,2960,2300,1153
28435,变异百战金刚,2843,65,x,,10,嗜血,87787,4828,3793,2413,3103,2413,1153
28439,百战金刚宝宝,2843,65,,x,10,嗜血,87787,3713,2918,1855,2385,1855,1153
28440,成年百战金刚,2844,75,,,10,嗜血,91379,3855,3030,1928,2478,1928,1255
28441,变异百战金刚,2844,75,x,,10,嗜血,91379,4048,3180,2023,2603,2023,1255
28442,变异百战金刚,2844,75,x,,10,嗜血,91379,4243,3333,2120,2725,2120,1255
28443,变异百战金刚,2844,75,x,,10,嗜血,91379,4435,3485,2218,2850,2218,1255
28444,变异百战金刚,2844,75,x,,10,嗜血,91379,4628,3635,2313,2975,2313,1255
28445,变异百战金刚,2844,75,x,,10,嗜血,91379,4820,3788,2410,3098,2410,1255
28446,变异百战金刚,2844,75,x,,10,嗜血,91379,5013,3938,2505,3223,2505,1255
28449,百战金刚宝宝,2844,75,,x,10,嗜血,91379,3855,3030,1928,2478,1928,1255
28450,成年百战金刚,2845,85,,,10,嗜血,94971,3995,3140,1998,2568,1998,1357
28451,变异百战金刚,2845,85,x,,10,嗜血,94971,4168,3275,2083,2678,2083,1357
28452,变异百战金刚,2845,85,x,,10,嗜血,94971,4338,3408,2168,2788,2168,1357
28453,变异百战金刚,2845,85,x,,10,嗜血,94971,4510,3543,2255,2898,2255,1357
28454,变异百战金刚,2845,85,x,,10,嗜血,94971,4680,3678,2340,3008,2340,1357
28455,变异百战金刚,2845,85,x,,10,嗜血,94971,4853,3813,2425,3120,2425,1357
28456,变异百战金刚,2845,85,x,,10,嗜血,94971,5023,3948,2510,3230,2510,1357
28457,变异百战金刚,2845,85,x,,10,嗜血,94971,5195,4083,2598,3340,2598,1357
28459,百战金刚宝宝,2845,85,,x,10,嗜血,94971,3995,3140,1998,2568,1998,1357
28460,成年百战金刚,2846,95,,,10,嗜血,98563,4140,3253,2070,2660,2070,1459
28461,变异百战金刚,2846,95,x,,10,嗜血,98563,4295,3375,2148,2760,2148,1459
28462,变异百战金刚,2846,95,x,,10,嗜血,98563,4450,3495,2225,2860,2225,1459
28463,变异百战金刚,2846,95,x,,10,嗜血,98563,4605,3618,2303,2960,2303,1459
28464,变异百战金刚,2846,95,x,,10,嗜血,98563,4760,3740,2380,3060,2380,1459
28465,变异百战金刚,2846,95,x,,10,嗜血,98563,4915,3863,2458,3160,2458,1459
28466,变异百战金刚,2846,95,x,,10,嗜血,98563,5070,3985,2535,3260,2535,1459
28467,变异百战金刚,2846,95,x,,10,嗜血,98563,5225,4105,2613,3360,2613,1459
28468,变异百战金刚,2846,95,x,,10,嗜血,98563,5383,4228,2690,3460,2690,1459
28469,百战金刚宝宝,2846,95,,x,10,嗜血,98563,4140,3253,2070,2660,2070,1459
28470,成年青羊真君,2847,5,,,10,神佑,77012,1875,3283,1640,1405,1875,846
28471,变异青羊真君,2847,5,x,,10,神佑,77012,2155,3775,1888,1618,2155,846
28472,变异青羊真君,2847,5,x,,10,神佑,77012,2438,4268,2133,1828,2438,846
28479,青羊真君宝宝,2847,5,,x,10,神佑,77012,1875,3283,1640,1405,1875,846
28480,成年青羊真君,2848,45,,,10,神佑,80604,1958,3425,1713,1468,1958,948
28481,变异青羊真君,2848,45,x,,10,神佑,80604,2153,3768,1883,1615,2153,948
28482,变异青羊真君,2848,45,x,,10,神佑,80604,2348,4110,2055,1760,2348,948
28483,变异青羊真君,2848,45,x,,10,神佑,80604,2545,4453,2225,1908,2545,948
28489,青羊真君宝宝,2848,45,,x,10,神佑,80604,1958,3425,1713,1468,1958,948
28490,成年青羊真君,2849,55,,,10,神佑,84195,2040,3570,1785,1530,2040,1051
28491,变异青羊真君,2849,55,x,,10,神佑,84195,2193,3838,1918,1643,2193,1051
28492,变异青羊真君,2849,55,x,,10,神佑,84195,2345,4105,2053,1758,2345,1051
28493,变异青羊真君,2849,55,x,,10,神佑,84195,2498,4373,2185,1873,2498,1051
28494,变异青羊真君,2849,55,x,,10,神佑,84195,2650,4640,2320,1988,2650,1051
28499,青羊真君宝宝,2849,55,,x,10,神佑,84195,2040,3570,1785,1530,2040,1051
28500,成年青羊真君,2850,65,,,10,神佑,87787,2120,3713,1855,1590,2120,1153
28501,变异青羊真君,2850,65,x,,10,神佑,87787,2248,3935,1968,1685,2248,1153
28502,变异青羊真君,2850,65,x,,10,神佑,87787,2375,4158,2078,1780,2375,1153
28503,变异青羊真君,2850,65,x,,10,神佑,87787,2503,4380,2190,1878,2503,1153
28504,变异青羊真君,2850,65,x,,10,神佑,87787,2630,4603,2300,1973,2630,1153
28505,变异青羊真君,2850,65,x,,10,神佑,87787,2758,4828,2413,2068,2758,1153
28509,青羊真君宝宝,2850,65,,x,10,神佑,87787,2120,3713,1855,1590,2120,1153
28510,成年青羊真君,2851,75,,,10,神佑,91379,2203,3855,1928,1653,2203,1255
28511,变异青羊真君,2851,75,x,,10,神佑,91379,2313,4048,2023,1735,2313,1255
28512,变异青羊真君,2851,75,x,,10,神佑,91379,2423,4243,2120,1818,2423,1255
28513,变异青羊真君,2851,75,x,,10,神佑,91379,2533,4435,2218,1900,2533,1255
28514,变异青羊真君,2851,75,x,,10,神佑,91379,2643,4628,2313,1983,2643,1255
28515,变异青羊真君,2851,75,x,,10,神佑,91379,2755,4820,2410,2065,2755,1255
28516,变异青羊真君,2851,75,x,,10,神佑,91379,2865,5013,2505,2148,2865,1255
28519,青羊真君宝宝,2851,75,,x,10,神佑,91379,2203,3855,1928,1653,2203,1255
28520,成年青羊真君,2852,85,,,10,神佑,94971,2283,3995,1998,1713,2283,1357
28521,变异青羊真君,2852,85,x,,10,神佑,94971,2380,4168,2083,1785,2380,1357
28522,变异青羊真君,2852,85,x,,10,神佑,94971,2478,4338,2168,1858,2478,1357
28523,变异青羊真君,2852,85,x,,10,神佑,94971,2578,4510,2255,1933,2578,1357
28524,变异青羊真君,2852,85,x,,10,神佑,94971,2675,4680,2340,2005,2675,1357
28525,变异青羊真君,2852,85,x,,10,神佑,94971,2773,4853,2425,2080,2773,1357
28526,变异青羊真君,2852,85,x,,10,神佑,94971,2870,5023,2510,2153,2870,1357
28527,变异青羊真君,2852,85,x,,10,神佑,94971,2968,5195,2598,2225,2968,1357
28529,青羊真君宝宝,2852,85,,x,10,神佑,94971,2283,3995,1998,1713,2283,1357
28530,成年青羊真君,2853,95,,,10,神佑,98563,2365,4140,2070,1773,2365,1459
28531,变异青羊真君,2853,95,x,,10,神佑,98563,2453,4295,2148,1840,2453,1459
28532,变异青羊真君,2853,95,x,,10,神佑,98563,2543,4450,2225,1908,2543,1459
28533,变异青羊真君,2853,95,x,,10,神佑,98563,2630,4605,2303,1973,2630,1459
28534,变异青羊真君,2853,95,x,,10,神佑,98563,2720,4760,2380,2040,2720,1459
28535,变异青羊真君,2853,95,x,,10,神佑,98563,2808,4915,2458,2105,2808,1459
28536,变异青羊真君,2853,95,x,,10,神佑,98563,2898,5070,2535,2173,2898,1459
28537,变异青羊真君,2853,95,x,,10,神佑,98563,2985,5225,2613,2240,2985,1459
28538,变异青羊真君,2853,95,x,,10,神佑,98563,3075,5383,2690,2305,3075,1459
28539,青羊真君宝宝,2853,95,,x,10,神佑,98563,2365,4140,2070,1773,2365,1459
28540,成年羚天大圣,2854,5,,,10,神佑,77012,1875,3283,1640,1405,1875,846
28541,变异羚天大圣,2854,5,x,,10,神佑,77012,2155,3775,1888,1618,2155,846
28542,变异羚天大圣,2854,5,x,,10,神佑,77012,2438,4268,2133,1828,2438,846
28549,羚天大圣宝宝,2854,5,,x,10,神佑,77012,1875,3283,1640,1405,1875,846
28550,成年羚天大圣,2855,45,,,10,神佑,80604,1958,3425,1713,1468,1958,948
28551,变异羚天大圣,2855,45,x,,10,神佑,80604,2153,3768,1883,1615,2153,948
28552,变异羚天大圣,2855,45,x,,10,神佑,80604,2348,4110,2055,1760,2348,948
28553,变异羚天大圣,2855,45,x,,10,神佑,80604,2545,4453,2225,1908,2545,948
28559,羚天大圣宝宝,2855,45,,x,10,神佑,80604,1958,3425,1713,1468,1958,948
28560,成年羚天大圣,2856,55,,,10,神佑,84195,2040,3570,1785,1530,2040,1051
28561,变异羚天大圣,2856,55,x,,10,神佑,84195,2193,3838,1918,1643,2193,1051
28562,变异羚天大圣,2856,55,x,,10,神佑,84195,2345,4105,2053,1758,2345,1051
28563,变异羚天大圣,2856,55,x,,10,神佑,84195,2498,4373,2185,1873,2498,1051
28564,变异羚天大圣,2856,55,x,,10,神佑,84195,2650,4640,2320,1988,2650,1051
28569,羚天大圣宝宝,2856,55,,x,10,神佑,84195,2040,3570,1785,1530,2040,1051
28570,成年羚天大圣,2857,65,,,10,神佑,87787,2120,3713,1855,1590,2120,1153
28571,变异羚天大圣,2857,65,x,,10,神佑,87787,2248,3935,1968,1685,2248,1153
28572,变异羚天大圣,2857,65,x,,10,神佑,87787,2375,4158,2078,1780,2375,1153
28573,变异羚天大圣,2857,65,x,,10,神佑,87787,2503,4380,2190,1878,2503,1153
28574,变异羚天大圣,2857,65,x,,10,神佑,87787,2630,4603,2300,1973,2630,1153
28575,变异羚天大圣,2857,65,x,,10,神佑,87787,2758,4828,2413,2068,2758,1153
28579,羚天大圣宝宝,2857,65,,x,10,神佑,87787,2120,3713,1855,1590,2120,1153
28580,成年羚天大圣,2858,75,,,10,神佑,91379,2203,3855,1928,1653,2203,1255
28581,变异羚天大圣,2858,75,x,,10,神佑,91379,2313,4048,2023,1735,2313,1255
28582,变异羚天大圣,2858,75,x,,10,神佑,91379,2423,4243,2120,1818,2423,1255
28583,变异羚天大圣,2858,75,x,,10,神佑,91379,2533,4435,2218,1900,2533,1255
28584,变异羚天大圣,2858,75,x,,10,神佑,91379,2643,4628,2313,1983,2643,1255
28585,变异羚天大圣,2858,75,x,,10,神佑,91379,2755,4820,2410,2065,2755,1255
28586,变异羚天大圣,2858,75,x,,10,神佑,91379,2865,5013,2505,2148,2865,1255
28589,羚天大圣宝宝,2858,75,,x,10,神佑,91379,2203,3855,1928,1653,2203,1255
28590,成年羚天大圣,2859,85,,,10,神佑,94971,2283,3995,1998,1713,2283,1357
28591,变异羚天大圣,2859,85,x,,10,神佑,94971,2380,4168,2083,1785,2380,1357
28592,变异羚天大圣,2859,85,x,,10,神佑,94971,2478,4338,2168,1858,2478,1357
28593,变异羚天大圣,2859,85,x,,10,神佑,94971,2578,4510,2255,1933,2578,1357
28594,变异羚天大圣,2859,85,x,,10,神佑,94971,2675,4680,2340,2005,2675,1357
28595,变异羚天大圣,2859,85,x,,10,神佑,94971,2773,4853,2425,2080,2773,1357
28596,变异羚天大圣,2859,85,x,,10,神佑,94971,2870,5023,2510,2153,2870,1357
28597,变异羚天大圣,2859,85,x,,10,神佑,94971,2968,5195,2598,2225,2968,1357
28599,羚天大圣宝宝,2859,85,,x,10,神佑,94971,2283,3995,1998,1713,2283,1357
28600,成年羚天大圣,2860,95,,,10,神佑,98563,2365,4140,2070,1773,2365,1459
28601,变异羚天大圣,2860,95,x,,10,神佑,98563,2453,4295,2148,1840,2453,1459
28602,变异羚天大圣,2860,95,x,,10,神佑,98563,2543,4450,2225,1908,2543,1459
28603,变异羚天大圣,2860,95,x,,10,神佑,98563,2630,4605,2303,1973,2630,1459
28604,变异羚天大圣,2860,95,x,,10,神佑,98563,2720,4760,2380,2040,2720,1459
28605,变异羚天大圣,2860,95,x,,10,神佑,98563,2808,4915,2458,2105,2808,1459
28606,变异羚天大圣,2860,95,x,,10,神佑,98563,2898,5070,2535,2173,2898,1459
28607,变异羚天大圣,2860,95,x,,10,神佑,98563,2985,5225,2613,2240,2985,1459
28608,变异羚天大圣,2860,95,x,,10,神佑,98563,3075,5383,2690,2305,3075,1459
28609,羚天大圣宝宝,2860,95,,x,10,神佑,98563,2365,4140,2070,1773,2365,1459
28610,成年金童玉女,2861,5,,,10,神佑,77012,1173,1758,3305,1875,2345,846
28611,变异金童玉女,2861,5,x,,10,神佑,77012,1348,2023,3800,2155,2695,846
28612,变异金童玉女,2861,5,x,,10,神佑,77012,1523,2285,4298,2438,3048,846
28619,金童玉女宝宝,2861,5,,x,10,神佑,77012,1173,1758,3305,1875,2345,846
28620,成年金童玉女,2862,45,,,10,神佑,80604,1223,1835,3450,1958,2448,948
28621,变异金童玉女,2862,45,x,,10,神佑,80604,1345,2018,3795,2153,2690,948
28622,变异金童玉女,2862,45,x,,10,神佑,80604,1468,2203,4140,2348,2935,948
28623,变异金童玉女,2862,45,x,,10,神佑,80604,1590,2385,4485,2545,3180,948
28629,金童玉女宝宝,2862,45,,x,10,神佑,80604,1223,1835,3450,1958,2448,948
28630,成年金童玉女,2863,55,,,10,神佑,84195,1275,1913,3595,2040,2550,1051
28631,变异金童玉女,2863,55,x,,10,神佑,84195,1370,2055,3865,2193,2740,1051
28632,变异金童玉女,2863,55,x,,10,神佑,84195,1465,2198,4133,2345,2933,1051
28633,变异金童玉女,2863,55,x,,10,神佑,84195,1560,2343,4403,2498,3123,1051
28634,变异金童玉女,2863,55,x,,10,神佑,84195,1658,2485,4673,2650,3315,1051
28639,金童玉女宝宝,2863,55,,x,10,神佑,84195,1275,1913,3595,2040,2550,1051
28640,成年金童玉女,2864,65,,,10,神佑,87787,1325,1988,3740,2120,2653,1153
28641,变异金童玉女,2864,65,x,,10,神佑,87787,1405,2108,3963,2248,2810,1153
28642,变异金童玉女,2864,65,x,,10,神佑,87787,1485,2228,4188,2375,2970,1153
28643,变异金童玉女,2864,65,x,,10,神佑,87787,1563,2345,4413,2503,3128,1153
28644,变异金童玉女,2864,65,x,,10,神佑,87787,1643,2465,4638,2630,3288,1153
28645,变异金童玉女,2864,65,x,,10,神佑,87787,1723,2585,4860,2758,3448,1153
28649,金童玉女宝宝,2864,65,,x,10,神佑,87787,1325,1988,3740,2120,2653,1153
28650,成年金童玉女,2865,75,,,10,神佑,91379,1378,2065,3883,2203,2755,1255
28651,变异金童玉女,2865,75,x,,10,神佑,91379,1445,2168,4078,2313,2893,1255
28652,变异金童玉女,2865,75,x,,10,神佑,91379,1515,2273,4273,2423,3030,1255
28653,变异金童玉女,2865,75,x,,10,神佑,91379,1583,2375,4465,2533,3168,1255
28654,变异金童玉女,2865,75,x,,10,神佑,91379,1653,2478,4660,2643,3305,1255
28655,变异金童玉女,2865,75,x,,10,神佑,91379,1720,2583,4855,2755,3443,1255
28656,变异金童玉女,2865,75,x,,10,神佑,91379,1790,2685,5048,2865,3580,1255
28659,金童玉女宝宝,2865,75,,x,10,神佑,91379,1378,2065,3883,2203,2755,1255
28660,成年金童玉女,2866,85,,,10,神佑,94971,1428,2140,4025,2283,2855,1357
28661,变异金童玉女,2866,85,x,,10,神佑,94971,1488,2233,4198,2380,2975,1357
28662,变异金童玉女,2866,85,x,,10,神佑,94971,1548,2323,4370,2478,3098,1357
28663,变异金童玉女,2866,85,x,,10,神佑,94971,1610,2415,4543,2578,3220,1357
28664,变异金童玉女,2866,85,x,,10,神佑,94971,1670,2508,4715,2675,3343,1357
28665,变异金童玉女,2866,85,x,,10,神佑,94971,1733,2600,4888,2773,3465,1357
28666,变异金童玉女,2866,85,x,,10,神佑,94971,1793,2690,5060,2870,3588,1357
28667,变异金童玉女,2866,85,x,,10,神佑,94971,1855,2783,5233,2968,3710,1357
28669,金童玉女宝宝,2866,85,,x,10,神佑,94971,1428,2140,4025,2283,2855,1357
28670,成年金童玉女,2867,95,,,10,神佑,98563,1478,2218,4170,2365,2958,1459
28671,变异金童玉女,2867,95,x,,10,神佑,98563,1533,2300,4325,2453,3068,1459
28672,变异金童玉女,2867,95,x,,10,神佑,98563,1588,2383,4483,2543,3178,1459
28673,变异金童玉女,2867,95,x,,10,神佑,98563,1645,2468,4638,2630,3290,1459
28674,变异金童玉女,2867,95,x,,10,神佑,98563,1700,2550,4795,2720,3400,1459
28675,变异金童玉女,2867,95,x,,10,神佑,98563,1755,2633,4950,2808,3510,1459
28676,变异金童玉女,2867,95,x,,10,神佑,98563,1810,2715,5108,2898,3623,1459
28677,变异金童玉女,2867,95,x,,10,神佑,98563,1865,2800,5263,2985,3733,1459
28678,变异金童玉女,2867,95,x,,10,神佑,98563,1920,2883,5420,3075,3843,1459
28679,金童玉女宝宝,2867,95,,x,10,神佑,98563,1478,2218,4170,2365,2958,1459
29310,成年七巧狸猫,2931,5,,,10,神佑,77012,1173,1758,3305,1875,2345,846
29311,变异七巧狸猫,2931,5,x,,10,神佑,77012,1348,2023,3800,2155,2695,846
29312,变异七巧狸猫,2931,5,x,,10,神佑,77012,1523,2285,4298,2438,3048,846
29319,七巧狸猫宝宝,2931,5,,x,10,神佑,77012,1173,1758,3305,1875,2345,846
29320,成年七巧狸猫,2932,45,,,10,神佑,80604,1223,1835,3450,1958,2448,948
29321,变异七巧狸猫,2932,45,x,,10,神佑,80604,1345,2018,3795,2153,2690,948
29322,变异七巧狸猫,2932,45,x,,10,神佑,80604,1468,2203,4140,2348,2935,948
29323,变异七巧狸猫,2932,45,x,,10,神佑,80604,1590,2385,4485,2545,3180,948
29329,七巧狸猫宝宝,2932,45,,x,10,神佑,80604,1223,1835,3450,1958,2448,948
29330,成年七巧狸猫,2933,55,,,10,神佑,84195,1275,1913,3595,2040,2550,1051
29331,变异七巧狸猫,2933,55,x,,10,神佑,84195,1370,2055,3865,2193,2740,1051
29332,变异七巧狸猫,2933,55,x,,10,神佑,84195,1465,2198,4133,2345,2933,1051
29333,变异七巧狸猫,2933,55,x,,10,神佑,84195,1560,2343,4403,2498,3123,1051
29334,变异七巧狸猫,2933,55,x,,10,神佑,84195,1658,2485,4673,2650,3315,1051
29339,七巧狸猫宝宝,2933,55,,x,10,神佑,84195,1275,1913,3595,2040,2550,1051
29340,成年七巧狸猫,2934,65,,,10,神佑,87787,1325,1988,3740,2120,2653,1153
29341,变异七巧狸猫,2934,65,x,,10,神佑,87787,1405,2108,3963,2248,2810,1153
29342,变异七巧狸猫,2934,65,x,,10,神佑,87787,1485,2228,4188,2375,2970,1153
29343,变异七巧狸猫,2934,65,x,,10,神佑,87787,1563,2345,4413,2503,3128,1153
29344,变异七巧狸猫,2934,65,x,,10,神佑,87787,1643,2465,4638,2630,3288,1153
29345,变异七巧狸猫,2934,65,x,,10,神佑,87787,1723,2585,4860,2758,3448,1153
29349,七巧狸猫宝宝,2934,65,,x,10,神佑,87787,1325,1988,3740,2120,2653,1153
29350,成年七巧狸猫,2935,75,,,10,神佑,91379,1378,2065,3883,2203,2755,1255
29351,变异七巧狸猫,2935,75,x,,10,神佑,91379,1445,2168,4078,2313,2893,1255
29352,变异七巧狸猫,2935,75,x,,10,神佑,91379,1515,2273,4273,2423,3030,1255
29353,变异七巧狸猫,2935,75,x,,10,神佑,91379,1583,2375,4465,2533,3168,1255
29354,变异七巧狸猫,2935,75,x,,10,神佑,91379,1653,2478,4660,2643,3305,1255
29355,变异七巧狸猫,2935,75,x,,10,神佑,91379,1720,2583,4855,2755,3443,1255
29356,变异七巧狸猫,2935,75,x,,10,神佑,91379,1790,2685,5048,2865,3580,1255
29359,七巧狸猫宝宝,2935,75,,x,10,神佑,91379,1378,2065,3883,2203,2755,1255
29360,成年七巧狸猫,2936,85,,,10,神佑,94971,1428,2140,4025,2283,2855,1357
29361,变异七巧狸猫,2936,85,x,,10,神佑,94971,1488,2233,4198,2380,2975,1357
29362,变异七巧狸猫,2936,85,x,,10,神佑,94971,1548,2323,4370,2478,3098,1357
29363,变异七巧狸猫,2936,85,x,,10,神佑,94971,1610,2415,4543,2578,3220,1357
29364,变异七巧狸猫,2936,85,x,,10,神佑,94971,1670,2508,4715,2675,3343,1357
29365,变异七巧狸猫,2936,85,x,,10,神佑,94971,1733,2600,4888,2773,3465,1357
29366,变异七巧狸猫,2936,85,x,,10,神佑,94971,1793,2690,5060,2870,3588,1357
29367,变异七巧狸猫,2936,85,x,,10,神佑,94971,1855,2783,5233,2968,3710,1357
29369,七巧狸猫宝宝,2936,85,,x,10,神佑,94971,1428,2140,4025,2283,2855,1357
29370,成年七巧狸猫,2937,95,,,10,神佑,98563,1478,2218,4170,2365,2958,1459
29371,变异七巧狸猫,2937,95,x,,10,神佑,98563,1533,2300,4325,2453,3068,1459
29372,变异七巧狸猫,2937,95,x,,10,神佑,98563,1588,2383,4483,2543,3178,1459
29373,变异七巧狸猫,2937,95,x,,10,神佑,98563,1645,2468,4638,2630,3290,1459
29374,变异七巧狸猫,2937,95,x,,10,神佑,98563,1700,2550,4795,2720,3400,1459
29375,变异七巧狸猫,2937,95,x,,10,神佑,98563,1755,2633,4950,2808,3510,1459
29376,变异七巧狸猫,2937,95,x,,10,神佑,98563,1810,2715,5108,2898,3623,1459
29377,变异七巧狸猫,2937,95,x,,10,神佑,98563,1865,2800,5263,2985,3733,1459
29378,变异七巧狸猫,2937,95,x,,10,神佑,98563,1920,2883,5420,3075,3843,1459
29379,七巧狸猫宝宝,2937,95,,x,10,神佑,98563,1478,2218,4170,2365,2958,1459
29380,成年憨逗熊,2938,5,,,10,肉墙,77012,1875,3283,1640,1405,1875,846
29381,变异憨逗熊,2938,5,x,,10,肉墙,77012,2155,3775,1888,1618,2155,846
29382,变异憨逗熊,2938,5,x,,10,肉墙,77012,2438,4268,2133,1828,2438,846
29389,憨逗熊宝宝,2938,5,,x,10,肉墙,77012,1875,3283,1640,1405,1875,846
29390,成年憨逗熊,2939,45,,,10,肉墙,80604,1958,3425,1713,1468,1958,948
29391,变异憨逗熊,2939,45,x,,10,肉墙,80604,2153,3768,1883,1615,2153,948
29392,变异憨逗熊,2939,45,x,,10,肉墙,80604,2348,4110,2055,1760,2348,948
29393,变异憨逗熊,2939,45,x,,10,肉墙,80604,2545,4453,2225,1908,2545,948
29399,憨逗熊宝宝,2939,45,,x,10,肉墙,80604,1958,3425,1713,1468,1958,948
29400,成年憨逗熊,2940,55,,,10,肉墙,84195,2040,3570,1785,1530,2040,1051
29401,变异憨逗熊,2940,55,x,,10,肉墙,84195,2193,3838,1918,1643,2193,1051
29402,变异憨逗熊,2940,55,x,,10,肉墙,84195,2345,4105,2053,1758,2345,1051
29403,变异憨逗熊,2940,55,x,,10,肉墙,84195,2498,4373,2185,1873,2498,1051
29404,变异憨逗熊,2940,55,x,,10,肉墙,84195,2650,4640,2320,1988,2650,1051
29409,憨逗熊宝宝,2940,55,,x,10,肉墙,84195,2040,3570,1785,1530,2040,1051
29410,成年憨逗熊,2941,65,,,10,肉墙,87787,2120,3713,1855,1590,2120,1153
29411,变异憨逗熊,2941,65,x,,10,肉墙,87787,2248,3935,1968,1685,2248,1153
29412,变异憨逗熊,2941,65,x,,10,肉墙,87787,2375,4158,2078,1780,2375,1153
29413,变异憨逗熊,2941,65,x,,10,肉墙,87787,2503,4380,2190,1878,2503,1153
29414,变异憨逗熊,2941,65,x,,10,肉墙,87787,2630,4603,2300,1973,2630,1153
29415,变异憨逗熊,2941,65,x,,10,肉墙,87787,2758,4828,2413,2068,2758,1153
29419,憨逗熊宝宝,2941,65,,x,10,肉墙,87787,2120,3713,1855,1590,2120,1153
29420,成年憨逗熊,2942,75,,,10,肉墙,91379,2203,3855,1928,1653,2203,1255
29421,变异憨逗熊,2942,75,x,,10,肉墙,91379,2313,4048,2023,1735,2313,1255
29422,变异憨逗熊,2942,75,x,,10,肉墙,91379,2423,4243,2120,1818,2423,1255
29423,变异憨逗熊,2942,75,x,,10,肉墙,91379,2533,4435,2218,1900,2533,1255
29424,变异憨逗熊,2942,75,x,,10,肉墙,91379,2643,4628,2313,1983,2643,1255
29425,变异憨逗熊,2942,75,x,,10,肉墙,91379,2755,4820,2410,2065,2755,1255
29426,变异憨逗熊,2942,75,x,,10,肉墙,91379,2865,5013,2505,2148,2865,1255
29429,憨逗熊宝宝,2942,75,,x,10,肉墙,91379,2203,3855,1928,1653,2203,1255
29430,成年憨逗熊,2943,85,,,10,肉墙,94971,2283,3995,1998,1713,2283,1357
29431,变异憨逗熊,2943,85,x,,10,肉墙,94971,2380,4168,2083,1785,2380,1357
29432,变异憨逗熊,2943,85,x,,10,肉墙,94971,2478,4338,2168,1858,2478,1357
29433,变异憨逗熊,2943,85,x,,10,肉墙,94971,2578,4510,2255,1933,2578,1357
29434,变异憨逗熊,2943,85,x,,10,肉墙,94971,2675,4680,2340,2005,2675,1357
29435,变异憨逗熊,2943,85,x,,10,肉墙,94971,2773,4853,2425,2080,2773,1357
29436,变异憨逗熊,2943,85,x,,10,肉墙,94971,2870,5023,2510,2153,2870,1357
29437,变异憨逗熊,2943,85,x,,10,肉墙,94971,2968,5195,2598,2225,2968,1357
29439,憨逗熊宝宝,2943,85,,x,10,肉墙,94971,2283,3995,1998,1713,2283,1357
29440,成年憨逗熊,2944,95,,,10,肉墙,98563,2365,4140,2070,1773,2365,1459
29441,变异憨逗熊,2944,95,x,,10,肉墙,98563,2453,4295,2148,1840,2453,1459
29442,变异憨逗熊,2944,95,x,,10,肉墙,98563,2543,4450,2225,1908,2543,1459
29443,变异憨逗熊,2944,95,x,,10,肉墙,98563,2630,4605,2303,1973,2630,1459
29444,变异憨逗熊,2944,95,x,,10,肉墙,98563,2720,4760,2380,2040,2720,1459
29445,变异憨逗熊,2944,95,x,,10,肉墙,98563,2808,4915,2458,2105,2808,1459
29446,变异憨逗熊,2944,95,x,,10,肉墙,98563,2898,5070,2535,2173,2898,1459
29447,变异憨逗熊,2944,95,x,,10,肉墙,98563,2985,5225,2613,2240,2985,1459
29448,变异憨逗熊,2944,95,x,,10,肉墙,98563,3075,5383,2690,2305,3075,1459
29449,憨逗熊宝宝,2944,95,,x,10,肉墙,98563,2365,4140,2070,1773,2365,1459
29450,成年元元,2945,5,,,10,重生,71624,2193,2193,2193,2193,2193,693
29451,变异元元,2945,5,x,,10,重生,71624,2520,2520,2520,2520,2520,693
29459,元元宝宝,2945,5,,x,10,重生,71624,2193,2193,2193,2193,2193,693
29460,成年人鱼公主,2946,5,,,10,神佑,77012,1173,1758,3305,1875,2345,846
29461,变异人鱼公主,2946,5,x,,10,神佑,77012,1348,2023,3800,2155,2695,846
29462,变异人鱼公主,2946,5,x,,10,神佑,77012,1523,2285,4298,2438,3048,846
29469,人鱼公主宝宝,2946,5,,x,10,神佑,77012,1173,1758,3305,1875,2345,846
29470,成年人鱼公主,2947,45,,,10,神佑,80604,1223,1835,3450,1958,2448,948
29471,变异人鱼公主,2947,45,x,,10,神佑,80604,1345,2018,3795,2153,2690,948
29472,变异人鱼公主,2947,45,x,,10,神佑,80604,1468,2203,4140,2348,2935,948
29473,变异人鱼公主,2947,45,x,,10,神佑,80604,1590,2385,4485,2545,3180,948
29479,人鱼公主宝宝,2947,45,,x,10,神佑,80604,1223,1835,3450,1958,2448,948
29480,成年人鱼公主,2948,55,,,10,神佑,84195,1275,1913,3595,2040,2550,1051
29481,变异人鱼公主,2948,55,x,,10,神佑,84195,1370,2055,3865,2193,2740,1051
29482,变异人鱼公主,2948,55,x,,10,神佑,84195,1465,2198,4133,2345,2933,1051
29483,变异人鱼公主,2948,55,x,,10,神佑,84195,1560,2343,4403,2498,3123,1051
29484,变异人鱼公主,2948,55,x,,10,神佑,84195,1658,2485,4673,2650,3315,1051
29489,人鱼公主宝宝,2948,55,,x,10,神佑,84195,1275,1913,3595,2040,2550,1051
29490,成年人鱼公主,2949,65,,,10,神佑,87787,1325,1988,3740,2120,2653,1153
29491,变异人鱼公主,2949,65,x,,10,神佑,87787,1405,2108,3963,2248,2810,1153
29492,变异人鱼公主,2949,65,x,,10,神佑,87787,1485,2228,4188,2375,2970,1153
29493,变异人鱼公主,2949,65,x,,10,神佑,87787,1563,2345,4413,2503,3128,1153
29494,变异人鱼公主,2949,65,x,,10,神佑,87787,1643,2465,4638,2630,3288,1153
29495,变异人鱼公主,2949,65,x,,10,神佑,87787,1723,2585,4860,2758,3448,1153
29499,人鱼公主宝宝,2949,65,,x,10,神佑,87787,1325,1988,3740,2120,2653,1153
29500,成年人鱼公主,2950,75,,,10,神佑,91379,1378,2065,3883,2203,2755,1255
29501,变异人鱼公主,2950,75,x,,10,神佑,91379,1445,2168,4078,2313,2893,1255
29502,变异人鱼公主,2950,75,x,,10,神佑,91379,1515,2273,4273,2423,3030,1255
29503,变异人鱼公主,2950,75,x,,10,神佑,91379,1583,2375,4465,2533,3168,1255
29504,变异人鱼公主,2950,75,x,,10,神佑,91379,1653,2478,4660,2643,3305,1255
29505,变异人鱼公主,2950,75,x,,10,神佑,91379,1720,2583,4855,2755,3443,1255
29506,变异人鱼公主,2950,75,x,,10,神佑,91379,1790,2685,5048,2865,3580,1255
29509,人鱼公主宝宝,2950,75,,x,10,神佑,91379,1378,2065,3883,2203,2755,1255
29510,成年人鱼公主,2951,85,,,10,神佑,94971,1428,2140,4025,2283,2855,1357
29511,变异人鱼公主,2951,85,x,,10,神佑,94971,1488,2233,4198,2380,2975,1357
29512,变异人鱼公主,2951,85,x,,10,神佑,94971,1548,2323,4370,2478,3098,1357
29513,变异人鱼公主,2951,85,x,,10,神佑,94971,1610,2415,4543,2578,3220,1357
29514,变异人鱼公主,2951,85,x,,10,神佑,94971,1670,2508,4715,2675,3343,1357
29515,变异人鱼公主,2951,85,x,,10,神佑,94971,1733,2600,4888,2773,3465,1357
29516,变异人鱼公主,2951,85,x,,10,神佑,94971,1793,2690,5060,2870,3588,1357
29517,变异人鱼公主,2951,85,x,,10,神佑,94971,1855,2783,5233,2968,3710,1357
29519,人鱼公主宝宝,2951,85,,x,10,神佑,94971,1428,2140,4025,2283,2855,1357
29520,成年人鱼公主,2952,95,,,10,神佑,98563,1478,2218,4170,2365,2958,1459
29521,变异人鱼公主,2952,95,x,,10,神佑,98563,1533,2300,4325,2453,3068,1459
29522,变异人鱼公主,2952,95,x,,10,神佑,98563,1588,2383,4483,2543,3178,1459
29523,变异人鱼公主,2952,95,x,,10,神佑,98563,1645,2468,4638,2630,3290,1459
29524,变异人鱼公主,2952,95,x,,10,神佑,98563,1700,2550,4795,2720,3400,1459
29525,变异人鱼公主,2952,95,x,,10,神佑,98563,1755,2633,4950,2808,3510,1459
29526,变异人鱼公主,2952,95,x,,10,神佑,98563,1810,2715,5108,2898,3623,1459
29527,变异人鱼公主,2952,95,x,,10,神佑,98563,1865,2800,5263,2985,3733,1459
29528,变异人鱼公主,2952,95,x,,10,神佑,98563,1920,2883,5420,3075,3843,1459
29529,人鱼公主宝宝,2952,95,,x,10,神佑,98563,1478,2218,4170,2365,2958,1459
29530,成年螃蟹,2953,20,,,10,嗜血,71624,2850,2410,1533,1973,1533,693
29531,变异螃蟹,2953,20,x,,10,嗜血,71624,3278,2773,1763,2268,1763,693
29532,变异螃蟹,2953,20,x,,10,嗜血,71624,3705,3135,1995,2565,1995,693
29539,螃蟹宝宝,2953,20,,x,10,嗜血,71624,2850,2410,1533,1973,1533,693
29540,成年战修罗,2954,5,,,10,嗜血,77012,3283,2578,1640,2110,1640,846
29541,变异战修罗,2954,5,x,,10,嗜血,77012,3775,2965,1888,2425,1888,846
29542,变异战修罗,2954,5,x,,10,嗜血,77012,4268,3353,2133,2743,2133,846
29549,战修罗宝宝,2954,5,,x,10,嗜血,77012,3283,2578,1640,2110,1640,846
29550,成年战修罗,2955,45,,,10,嗜血,80604,3425,2690,1713,2203,1713,948
29551,变异战修罗,2955,45,x,,10,嗜血,80604,3768,2960,1883,2423,1883,948
29552,变异战修罗,2955,45,x,,10,嗜血,80604,4110,3230,2055,2643,2055,948
29553,变异战修罗,2955,45,x,,10,嗜血,80604,4453,3498,2225,2863,2225,948
29559,战修罗宝宝,2955,45,,x,10,嗜血,80604,3425,2690,1713,2203,1713,948
29560,成年战修罗,2956,55,,,10,嗜血,84195,3570,2805,1785,2295,1785,1051
29561,变异战修罗,2956,55,x,,10,嗜血,84195,3838,3015,1918,2465,1918,1051
29562,变异战修罗,2956,55,x,,10,嗜血,84195,4105,3225,2053,2638,2053,1051
29563,变异战修罗,2956,55,x,,10,嗜血,84195,4373,3435,2185,2810,2185,1051
29564,变异战修罗,2956,55,x,,10,嗜血,84195,4640,3645,2320,2983,2320,1051
29569,战修罗宝宝,2956,55,,x,10,嗜血,84195,3570,2805,1785,2295,1785,1051
29570,成年战修罗,2957,65,,,10,嗜血,87787,3713,2918,1855,2385,1855,1153
29571,变异战修罗,2957,65,x,,10,嗜血,87787,3935,3093,1968,2530,1968,1153
29572,变异战修罗,2957,65,x,,10,嗜血,87787,4158,3268,2078,2673,2078,1153
29573,变异战修罗,2957,65,x,,10,嗜血,87787,4380,3443,2190,2815,2190,1153
29574,变异战修罗,2957,65,x,,10,嗜血,87787,4603,3618,2300,2960,2300,1153
29575,变异战修罗,2957,65,x,,10,嗜血,87787,4828,3793,2413,3103,2413,1153
29579,战修罗宝宝,2957,65,,x,10,嗜血,87787,3713,2918,1855,2385,1855,1153
29580,成年战修罗,2958,75,,,10,嗜血,91379,3855,3030,1928,2478,1928,1255
29581,变异战修罗,2958,75,x,,10,嗜血,91379,4048,3180,2023,2603,2023,1255
29582,变异战修罗,2958,75,x,,10,嗜血,91379,4243,3333,2120,2725,2120,1255
29583,变异战修罗,2958,75,x,,10,嗜血,91379,4435,3485,2218,2850,2218,1255
29584,变异战修罗,2958,75,x,,10,嗜血,91379,4628,3635,2313,2975,2313,1255
29585,变异战修罗,2958,75,x,,10,嗜血,91379,4820,3788,2410,3098,2410,1255
29586,变异战修罗,2958,75,x,,10,嗜血,91379,5013,3938,2505,3223,2505,1255
29589,战修罗宝宝,2958,75,,x,10,嗜血,91379,3855,3030,1928,2478,1928,1255
29590,成年战修罗,2959,85,,,10,嗜血,94971,3995,3140,1998,2568,1998,1357
29591,变异战修罗,2959,85,x,,10,嗜血,94971,4168,3275,2083,2678,2083,1357
29592,变异战修罗,2959,85,x,,10,嗜血,94971,4338,3408,2168,2788,2168,1357
29593,变异战修罗,2959,85,x,,10,嗜血,94971,4510,3543,2255,2898,2255,1357
29594,变异战修罗,2959,85,x,,10,嗜血,94971,4680,3678,2340,3008,2340,1357
29595,变异战修罗,2959,85,x,,10,嗜血,94971,4853,3813,2425,3120,2425,1357
29596,变异战修罗,2959,85,x,,10,嗜血,94971,5023,3948,2510,3230,2510,1357
29597,变异战修罗,2959,85,x,,10,嗜血,94971,5195,4083,2598,3340,2598,1357
29599,战修罗宝宝,2959,85,,x,10,嗜血,94971,3995,3140,1998,2568,1998,1357
29600,成年战修罗,2960,95,,,10,嗜血,98563,4140,3253,2070,2660,2070,1459
29601,变异战修罗,2960,95,x,,10,嗜血,98563,4295,3375,2148,2760,2148,1459
29602,变异战修罗,2960,95,x,,10,嗜血,98563,4450,3495,2225,2860,2225,1459
29603,变异战修罗,2960,95,x,,10,嗜血,98563,4605,3618,2303,2960,2303,1459
29604,变异战修罗,2960,95,x,,10,嗜血,98563,4760,3740,2380,3060,2380,1459
29605,变异战修罗,2960,95,x,,10,嗜血,98563,4915,3863,2458,3160,2458,1459
29606,变异战修罗,2960,95,x,,10,嗜血,98563,5070,3985,2535,3260,2535,1459
29607,变异战修罗,2960,95,x,,10,嗜血,98563,5225,4105,2613,3360,2613,1459
29608,变异战修罗,2960,95,x,,10,嗜血,98563,5383,4228,2690,3460,2690,1459
29609,战修罗宝宝,2960,95,,x,10,嗜血,98563,4140,3253,2070,2660,2070,1459
29610,成年邪灵,2961,5,,,10,肉墙,77012,1875,3283,1640,1405,1875,846
29611,变异邪灵,2961,5,x,,10,肉墙,77012,2155,3775,1888,1618,2155,846
29612,变异邪灵,2961,5,x,,10,肉墙,77012,2438,4268,2133,1828,2438,846
29619,邪灵宝宝,2961,5,,x,10,肉墙,77012,1875,3283,1640,1405,1875,846
29620,成年邪灵,2962,45,,,10,肉墙,80604,1958,3425,1713,1468,1958,948
29621,变异邪灵,2962,45,x,,10,肉墙,80604,2153,3768,1883,1615,2153,948
29622,变异邪灵,2962,45,x,,10,肉墙,80604,2348,4110,2055,1760,2348,948
29623,变异邪灵,2962,45,x,,10,肉墙,80604,2545,4453,2225,1908,2545,948
29629,邪灵宝宝,2962,45,,x,10,肉墙,80604,1958,3425,1713,1468,1958,948
29630,成年邪灵,2963,55,,,10,肉墙,84195,2040,3570,1785,1530,2040,1051
29631,变异邪灵,2963,55,x,,10,肉墙,84195,2193,3838,1918,1643,2193,1051
29632,变异邪灵,2963,55,x,,10,肉墙,84195,2345,4105,2053,1758,2345,1051
29633,变异邪灵,2963,55,x,,10,肉墙,84195,2498,4373,2185,1873,2498,1051
29634,变异邪灵,2963,55,x,,10,肉墙,84195,2650,4640,2320,1988,2650,1051
29639,邪灵宝宝,2963,55,,x,10,肉墙,84195,2040,3570,1785,1530,2040,1051
29640,成年邪灵,2964,65,,,10,肉墙,87787,2120,3713,1855,1590,2120,1153
29641,变异邪灵,2964,65,x,,10,肉墙,87787,2248,3935,1968,1685,2248,1153
29642,变异邪灵,2964,65,x,,10,肉墙,87787,2375,4158,2078,1780,2375,1153
29643,变异邪灵,2964,65,x,,10,肉墙,87787,2503,4380,2190,1878,2503,1153
29644,变异邪灵,2964,65,x,,10,肉墙,87787,2630,4603,2300,1973,2630,1153
29645,变异邪灵,2964,65,x,,10,肉墙,87787,2758,4828,2413,2068,2758,1153
29649,邪灵宝宝,2964,65,,x,10,肉墙,87787,2120,3713,1855,1590,2120,1153
29650,成年邪灵,2965,75,,,10,肉墙,91379,2203,3855,1928,1653,2203,1255
29651,变异邪灵,2965,75,x,,10,肉墙,91379,2313,4048,2023,1735,2313,1255
29652,变异邪灵,2965,75,x,,10,肉墙,91379,2423,4243,2120,1818,2423,1255
29653,变异邪灵,2965,75,x,,10,肉墙,91379,2533,4435,2218,1900,2533,1255
29654,变异邪灵,2965,75,x,,10,肉墙,91379,2643,4628,2313,1983,2643,1255
29655,变异邪灵,2965,75,x,,10,肉墙,91379,2755,4820,2410,2065,2755,1255
29656,变异邪灵,2965,75,x,,10,肉墙,91379,2865,5013,2505,2148,2865,1255
29659,邪灵宝宝,2965,75,,x,10,肉墙,91379,2203,3855,1928,1653,2203,1255
29660,成年邪灵,2966,85,,,10,肉墙,94971,2283,3995,1998,1713,2283,1357
29661,变异邪灵,2966,85,x,,10,肉墙,94971,2380,4168,2083,1785,2380,1357
29662,变异邪灵,2966,85,x,,10,肉墙,94971,2478,4338,2168,1858,2478,1357
29663,变异邪灵,2966,85,x,,10,肉墙,94971,2578,4510,2255,1933,2578,1357
29664,变异邪灵,2966,85,x,,10,肉墙,94971,2675,4680,2340,2005,2675,1357
29665,变异邪灵,2966,85,x,,10,肉墙,94971,2773,4853,2425,2080,2773,1357
29666,变异邪灵,2966,85,x,,10,肉墙,94971,2870,5023,2510,2153,2870,1357
29667,变异邪灵,2966,85,x,,10,肉墙,94971,2968,5195,2598,2225,2968,1357
29669,邪灵宝宝,2966,85,,x,10,肉墙,94971,2283,3995,1998,1713,2283,1357
29670,成年邪灵,2967,95,,,10,肉墙,98563,2365,4140,2070,1773,2365,1459
29671,变异邪灵,2967,95,x,,10,肉墙,98563,2453,4295,2148,1840,2453,1459
29672,变异邪灵,2967,95,x,,10,肉墙,98563,2543,4450,2225,1908,2543,1459
29673,变异邪灵,2967,95,x,,10,肉墙,98563,2630,4605,2303,1973,2630,1459
29674,变异邪灵,2967,95,x,,10,肉墙,98563,2720,4760,2380,2040,2720,1459
29675,变异邪灵,2967,95,x,,10,肉墙,98563,2808,4915,2458,2105,2808,1459
29676,变异邪灵,2967,95,x,,10,肉墙,98563,2898,5070,2535,2173,2898,1459
29677,变异邪灵,2967,95,x,,10,肉墙,98563,2985,5225,2613,2240,2985,1459
29678,变异邪灵,2967,95,x,,10,肉墙,98563,3075,5383,2690,2305,3075,1459
29679,邪灵宝宝,2967,95,,x,10,肉墙,98563,2365,4140,2070,1773,2365,1459
29680,成年狐妖剑君,2968,5,,,10,嗜血,77012,3283,2578,1640,2110,1640,846
29681,变异狐妖剑君,2968,5,x,,10,嗜血,77012,3775,2965,1888,2425,1888,846
29682,变异狐妖剑君,2968,5,x,,10,嗜血,77012,4268,3353,2133,2743,2133,846
29689,狐妖剑君宝宝,2968,5,,x,10,嗜血,77012,3283,2578,1640,2110,1640,846
29690,成年狐妖剑君,2969,45,,,10,嗜血,80604,3425,2690,1713,2203,1713,948
29691,变异狐妖剑君,2969,45,x,,10,嗜血,80604,3768,2960,1883,2423,1883,948
29692,变异狐妖剑君,2969,45,x,,10,嗜血,80604,4110,3230,2055,2643,2055,948
29693,变异狐妖剑君,2969,45,x,,10,嗜血,80604,4453,3498,2225,2863,2225,948
29699,狐妖剑君宝宝,2969,45,,x,10,嗜血,80604,3425,2690,1713,2203,1713,948
29700,成年狐妖剑君,2970,55,,,10,嗜血,84195,3570,2805,1785,2295,1785,1051
29701,变异狐妖剑君,2970,55,x,,10,嗜血,84195,3838,3015,1918,2465,1918,1051
29702,变异狐妖剑君,2970,55,x,,10,嗜血,84195,4105,3225,2053,2638,2053,1051
29703,变异狐妖剑君,2970,55,x,,10,嗜血,84195,4373,3435,2185,2810,2185,1051
29704,变异狐妖剑君,2970,55,x,,10,嗜血,84195,4640,3645,2320,2983,2320,1051
29709,狐妖剑君宝宝,2970,55,,x,10,嗜血,84195,3570,2805,1785,2295,1785,1051
29710,成年狐妖剑君,2971,65,,,10,嗜血,87787,3713,2918,1855,2385,1855,1153
29711,变异狐妖剑君,2971,65,x,,10,嗜血,87787,3935,3093,1968,2530,1968,1153
29712,变异狐妖剑君,2971,65,x,,10,嗜血,87787,4158,3268,2078,2673,2078,1153
29713,变异狐妖剑君,2971,65,x,,10,嗜血,87787,4380,3443,2190,2815,2190,1153
29714,变异狐妖剑君,2971,65,x,,10,嗜血,87787,4603,3618,2300,2960,2300,1153
29715,变异狐妖剑君,2971,65,x,,10,嗜血,87787,4828,3793,2413,3103,2413,1153
29719,狐妖剑君宝宝,2971,65,,x,10,嗜血,87787,3713,2918,1855,2385,1855,1153
29720,成年狐妖剑君,2972,75,,,10,嗜血,91379,3855,3030,1928,2478,1928,1255
29721,变异狐妖剑君,2972,75,x,,10,嗜血,91379,4048,3180,2023,2603,2023,1255
29722,变异狐妖剑君,2972,75,x,,10,嗜血,91379,4243,3333,2120,2725,2120,1255
29723,变异狐妖剑君,2972,75,x,,10,嗜血,91379,4435,3485,2218,2850,2218,1255
29724,变异狐妖剑君,2972,75,x,,10,嗜血,91379,4628,3635,2313,2975,2313,1255
29725,变异狐妖剑君,2972,75,x,,10,嗜血,91379,4820,3788,2410,3098,2410,1255
29726,变异狐妖剑君,2972,75,x,,10,嗜血,91379,5013,3938,2505,3223,2505,1255
29729,狐妖剑君宝宝,2972,75,,x,10,嗜血,91379,3855,3030,1928,2478,1928,1255
29730,成年狐妖剑君,2973,85,,,10,嗜血,94971,3995,3140,1998,2568,1998,1357
29731,变异狐妖剑君,2973,85,x,,10,嗜血,94971,4168,3275,2083,2678,2083,1357
29732,变异狐妖剑君,2973,85,x,,10,嗜血,94971,4338,3408,2168,2788,2168,1357
29733,变异狐妖剑君,2973,85,x,,10,嗜血,94971,4510,3543,2255,2898,2255,1357
29734,变异狐妖剑君,2973,85,x,,10,嗜血,94971,4680,3678,2340,3008,2340,1357
29735,变异狐妖剑君,2973,85,x,,10,嗜血,94971,4853,3813,2425,3120,2425,1357
29736,变异狐妖剑君,2973,85,x,,10,嗜血,94971,5023,3948,2510,3230,2510,1357
29737,变异狐妖剑君,2973,85,x,,10,嗜血,94971,5195,4083,2598,3340,2598,1357
29739,狐妖剑君宝宝,2973,85,,x,10,嗜血,94971,3995,3140,1998,2568,1998,1357
29740,成年狐妖剑君,2974,95,,,10,嗜血,98563,4140,3253,2070,2660,2070,1459
29741,变异狐妖剑君,2974,95,x,,10,嗜血,98563,4295,3375,2148,2760,2148,1459
29742,变异狐妖剑君,2974,95,x,,10,嗜血,98563,4450,3495,2225,2860,2225,1459
29743,变异狐妖剑君,2974,95,x,,10,嗜血,98563,4605,3618,2303,2960,2303,1459
29744,变异狐妖剑君,2974,95,x,,10,嗜血,98563,4760,3740,2380,3060,2380,1459
29745,变异狐妖剑君,2974,95,x,,10,嗜血,98563,4915,3863,2458,3160,2458,1459
29746,变异狐妖剑君,2974,95,x,,10,嗜血,98563,5070,3985,2535,3260,2535,1459
29747,变异狐妖剑君,2974,95,x,,10,嗜血,98563,5225,4105,2613,3360,2613,1459
29748,变异狐妖剑君,2974,95,x,,10,嗜血,98563,5383,4228,2690,3460,2690,1459
29749,狐妖剑君宝宝,2974,95,,x,10,嗜血,98563,4140,3253,2070,2660,2070,1459
29750,成年九霄战龙,2975,5,,,10,肉墙,77012,1875,3283,1640,1405,1875,846
29751,变异九霄战龙,2975,5,x,,10,肉墙,77012,2155,3775,1888,1618,2155,846
29752,变异九霄战龙,2975,5,x,,10,肉墙,77012,2438,4268,2133,1828,2438,846
29759,九霄战龙宝宝,2975,5,,x,10,肉墙,77012,1875,3283,1640,1405,1875,846
29760,成年九霄战龙,2976,45,,,10,肉墙,80604,1958,3425,1713,1468,1958,948
29761,变异九霄战龙,2976,45,x,,10,肉墙,80604,2153,3768,1883,1615,2153,948
29762,变异九霄战龙,2976,45,x,,10,肉墙,80604,2348,4110,2055,1760,2348,948
29763,变异九霄战龙,2976,45,x,,10,肉墙,80604,2545,4453,2225,1908,2545,948
29769,九霄战龙宝宝,2976,45,,x,10,肉墙,80604,1958,3425,1713,1468,1958,948
29770,成年九霄战龙,2977,55,,,10,肉墙,84195,2040,3570,1785,1530,2040,1051
29771,变异九霄战龙,2977,55,x,,10,肉墙,84195,2193,3838,1918,1643,2193,1051
29772,变异九霄战龙,2977,55,x,,10,肉墙,84195,2345,4105,2053,1758,2345,1051
29773,变异九霄战龙,2977,55,x,,10,肉墙,84195,2498,4373,2185,1873,2498,1051
29774,变异九霄战龙,2977,55,x,,10,肉墙,84195,2650,4640,2320,1988,2650,1051
29779,九霄战龙宝宝,2977,55,,x,10,肉墙,84195,2040,3570,1785,1530,2040,1051
29780,成年九霄战龙,2978,65,,,10,肉墙,87787,2120,3713,1855,1590,2120,1153
29781,变异九霄战龙,2978,65,x,,10,肉墙,87787,2248,3935,1968,1685,2248,1153
29782,变异九霄战龙,2978,65,x,,10,肉墙,87787,2375,4158,2078,1780,2375,1153
29783,变异九霄战龙,2978,65,x,,10,肉墙,87787,2503,4380,2190,1878,2503,1153
29784,变异九霄战龙,2978,65,x,,10,肉墙,87787,2630,4603,2300,1973,2630,1153
29785,变异九霄战龙,2978,65,x,,10,肉墙,87787,2758,4828,2413,2068,2758,1153
29789,九霄战龙宝宝,2978,65,,x,10,肉墙,87787,2120,3713,1855,1590,2120,1153
29790,成年九霄战龙,2979,75,,,10,肉墙,91379,2203,3855,1928,1653,2203,1255
29791,变异九霄战龙,2979,75,x,,10,肉墙,91379,2313,4048,2023,1735,2313,1255
29792,变异九霄战龙,2979,75,x,,10,肉墙,91379,2423,4243,2120,1818,2423,1255
29793,变异九霄战龙,2979,75,x,,10,肉墙,91379,2533,4435,2218,1900,2533,1255
29794,变异九霄战龙,2979,75,x,,10,肉墙,91379,2643,4628,2313,1983,2643,1255
29795,变异九霄战龙,2979,75,x,,10,肉墙,91379,2755,4820,2410,2065,2755,1255
29796,变异九霄战龙,2979,75,x,,10,肉墙,91379,2865,5013,2505,2148,2865,1255
29799,九霄战龙宝宝,2979,75,,x,10,肉墙,91379,2203,3855,1928,1653,2203,1255
29800,成年九霄战龙,2980,85,,,10,肉墙,94971,2283,3995,1998,1713,2283,1357
29801,变异九霄战龙,2980,85,x,,10,肉墙,94971,2380,4168,2083,1785,2380,1357
29802,变异九霄战龙,2980,85,x,,10,肉墙,94971,2478,4338,2168,1858,2478,1357
29803,变异九霄战龙,2980,85,x,,10,肉墙,94971,2578,4510,2255,1933,2578,1357
29804,变异九霄战龙,2980,85,x,,10,肉墙,94971,2675,4680,2340,2005,2675,1357
29805,变异九霄战龙,2980,85,x,,10,肉墙,94971,2773,4853,2425,2080,2773,1357
29806,变异九霄战龙,2980,85,x,,10,肉墙,94971,2870,5023,2510,2153,2870,1357
29807,变异九霄战龙,2980,85,x,,10,肉墙,94971,2968,5195,2598,2225,2968,1357
29809,九霄战龙宝宝,2980,85,,x,10,肉墙,94971,2283,3995,1998,1713,2283,1357
29810,成年九霄战龙,2981,95,,,10,肉墙,98563,2365,4140,2070,1773,2365,1459
29811,变异九霄战龙,2981,95,x,,10,肉墙,98563,2453,4295,2148,1840,2453,1459
29812,变异九霄战龙,2981,95,x,,10,肉墙,98563,2543,4450,2225,1908,2543,1459
29813,变异九霄战龙,2981,95,x,,10,肉墙,98563,2630,4605,2303,1973,2630,1459
29814,变异九霄战龙,2981,95,x,,10,肉墙,98563,2720,4760,2380,2040,2720,1459
29815,变异九霄战龙,2981,95,x,,10,肉墙,98563,2808,4915,2458,2105,2808,1459
29816,变异九霄战龙,2981,95,x,,10,肉墙,98563,2898,5070,2535,2173,2898,1459
29817,变异九霄战龙,2981,95,x,,10,肉墙,98563,2985,5225,2613,2240,2985,1459
29818,变异九霄战龙,2981,95,x,,10,肉墙,98563,3075,5383,2690,2305,3075,1459
29819,九霄战龙宝宝,2981,95,,x,10,肉墙,98563,2365,4140,2070,1773,2365,1459
29820,成年同心鸳鸯,2982,5,,,10,治疗,77012,1640,1875,3048,1875,2578,846
29821,变异同心鸳鸯,2982,5,x,,10,治疗,77012,1888,2155,3505,2155,2965,846
29822,变异同心鸳鸯,2982,5,x,,10,治疗,77012,2133,2438,3963,2438,3353,846
29829,同心鸳鸯宝宝,2982,5,,x,10,劫火焚杀,77012,1640,1875,3048,1875,2578,846
29830,成年同心鸳鸯,2983,45,,,10,治疗,80604,1713,1958,3180,1958,2690,948
29831,变异同心鸳鸯,2983,45,x,,10,治疗,80604,1883,2153,3498,2153,2960,948
29832,变异同心鸳鸯,2983,45,x,,10,治疗,80604,2055,2348,3818,2348,3230,948
29833,变异同心鸳鸯,2983,45,x,,10,治疗,80604,2225,2545,4135,2545,3498,948
29839,同心鸳鸯宝宝,2983,45,,x,10,劫火焚杀,80604,1713,1958,3180,1958,2690,948
29840,成年同心鸳鸯,2984,55,,,10,治疗,84195,1785,2040,3315,2040,2805,1051
29841,变异同心鸳鸯,2984,55,x,,10,治疗,84195,1918,2193,3563,2193,3015,1051
29842,变异同心鸳鸯,2984,55,x,,10,治疗,84195,2053,2345,3810,2345,3225,1051
29843,变异同心鸳鸯,2984,55,x,,10,治疗,84195,2185,2498,4060,2498,3435,1051
29844,变异同心鸳鸯,2984,55,x,,10,治疗,84195,2320,2650,4308,2650,3645,1051
29849,同心鸳鸯宝宝,2984,55,,x,10,劫火焚杀,84195,1785,2040,3315,2040,2805,1051
29850,成年同心鸳鸯,2985,65,,,10,治疗,87787,1855,2120,3448,2120,2918,1153
29851,变异同心鸳鸯,2985,65,x,,10,治疗,87787,1968,2248,3655,2248,3093,1153
29852,变异同心鸳鸯,2985,65,x,,10,治疗,87787,2078,2375,3860,2375,3268,1153
29853,变异同心鸳鸯,2985,65,x,,10,治疗,87787,2190,2503,4068,2503,3443,1153
29854,变异同心鸳鸯,2985,65,x,,10,治疗,87787,2300,2630,4275,2630,3618,1153
29855,变异同心鸳鸯,2985,65,x,,10,治疗,87787,2413,2758,4483,2758,3793,1153
29859,同心鸳鸯宝宝,2985,65,,x,10,劫火焚杀,87787,1855,2120,3448,2120,2918,1153
29860,成年同心鸳鸯,2986,75,,,10,治疗,91379,1928,2203,3580,2203,3030,1255
29861,变异同心鸳鸯,2986,75,x,,10,治疗,91379,2023,2313,3760,2313,3180,1255
29862,变异同心鸳鸯,2986,75,x,,10,治疗,91379,2120,2423,3938,2423,3333,1255
29863,变异同心鸳鸯,2986,75,x,,10,治疗,91379,2218,2533,4118,2533,3485,1255
29864,变异同心鸳鸯,2986,75,x,,10,治疗,91379,2313,2643,4298,2643,3635,1255
29865,变异同心鸳鸯,2986,75,x,,10,治疗,91379,2410,2755,4475,2755,3788,1255
29866,变异同心鸳鸯,2986,75,x,,10,治疗,91379,2505,2865,4655,2865,3938,1255
29869,同心鸳鸯宝宝,2986,75,,x,10,劫火焚杀,91379,1928,2203,3580,2203,3030,1255
29870,成年同心鸳鸯,2987,85,,,10,治疗,94971,1998,2283,3710,2283,3140,1357
29871,变异同心鸳鸯,2987,85,x,,10,治疗,94971,2083,2380,3870,2380,3275,1357
29872,变异同心鸳鸯,2987,85,x,,10,治疗,94971,2168,2478,4028,2478,3408,1357
29873,变异同心鸳鸯,2987,85,x,,10,治疗,94971,2255,2578,4188,2578,3543,1357
29874,变异同心鸳鸯,2987,85,x,,10,治疗,94971,2340,2675,4348,2675,3678,1357
29875,变异同心鸳鸯,2987,85,x,,10,治疗,94971,2425,2773,4505,2773,3813,1357
29876,变异同心鸳鸯,2987,85,x,,10,治疗,94971,2510,2870,4665,2870,3948,1357
29877,变异同心鸳鸯,2987,85,x,,10,治疗,94971,2598,2968,4823,2968,4083,1357
29879,同心鸳鸯宝宝,2987,85,,x,10,劫火焚杀,94971,1998,2283,3710,2283,3140,1357
29880,成年同心鸳鸯,2988,95,,,10,治疗,98563,2070,2365,3843,2365,3253,1459
29881,变异同心鸳鸯,2988,95,x,,10,治疗,98563,2148,2453,3988,2453,3375,1459
29882,变异同心鸳鸯,2988,95,x,,10,治疗,98563,2225,2543,4133,2543,3495,1459
29883,变异同心鸳鸯,2988,95,x,,10,治疗,98563,2303,2630,4275,2630,3618,1459
29884,变异同心鸳鸯,2988,95,x,,10,治疗,98563,2380,2720,4420,2720,3740,1459
29885,变异同心鸳鸯,2988,95,x,,10,治疗,98563,2458,2808,4565,2808,3863,1459
29886,变异同心鸳鸯,2988,95,x,,10,治疗,98563,2535,2898,4708,2898,3985,1459
29887,变异同心鸳鸯,2988,95,x,,10,治疗,98563,2613,2985,4853,2985,4105,1459
29888,变异同心鸳鸯,2988,95,x,,10,治疗,98563,2690,3075,4998,3075,4228,1459
29889,同心鸳鸯宝宝,2988,95,,x,10,劫火焚杀,98563,2070,2365,3843,2365,3253,1459
29890,成年铁扇公主,2989,5,,,10,神佑,77012,1173,1758,3305,1875,2345,846
29891,变异铁扇公主,2989,5,x,,10,神佑,77012,1348,2023,3800,2155,2695,846
29892,变异铁扇公主,2989,5,x,,10,神佑,77012,1523,2285,4298,2438,3048,846
29899,铁扇公主宝宝,2989,5,,x,10,神佑,77012,1173,1758,3305,1875,2345,846
29900,成年铁扇公主,2990,45,,,10,神佑,80604,1223,1835,3450,1958,2448,948
29901,变异铁扇公主,2990,45,x,,10,神佑,80604,1345,2018,3795,2153,2690,948
29902,变异铁扇公主,2990,45,x,,10,神佑,80604,1468,2203,4140,2348,2935,948
29903,变异铁扇公主,2990,45,x,,10,神佑,80604,1590,2385,4485,2545,3180,948
29909,铁扇公主宝宝,2990,45,,x,10,神佑,80604,1223,1835,3450,1958,2448,948
29910,成年铁扇公主,2991,55,,,10,神佑,84195,1275,1913,3595,2040,2550,1051
29911,变异铁扇公主,2991,55,x,,10,神佑,84195,1370,2055,3865,2193,2740,1051
29912,变异铁扇公主,2991,55,x,,10,神佑,84195,1465,2198,4133,2345,2933,1051
29913,变异铁扇公主,2991,55,x,,10,神佑,84195,1560,2343,4403,2498,3123,1051
29914,变异铁扇公主,2991,55,x,,10,神佑,84195,1658,2485,4673,2650,3315,1051
29919,铁扇公主宝宝,2991,55,,x,10,神佑,84195,1275,1913,3595,2040,2550,1051
29920,成年铁扇公主,2992,65,,,10,神佑,87787,1325,1988,3740,2120,2653,1153
29921,变异铁扇公主,2992,65,x,,10,神佑,87787,1405,2108,3963,2248,2810,1153
29922,变异铁扇公主,2992,65,x,,10,神佑,87787,1485,2228,4188,2375,2970,1153
29923,变异铁扇公主,2992,65,x,,10,神佑,87787,1563,2345,4413,2503,3128,1153
29924,变异铁扇公主,2992,65,x,,10,神佑,87787,1643,2465,4638,2630,3288,1153
29925,变异铁扇公主,2992,65,x,,10,神佑,87787,1723,2585,4860,2758,3448,1153
29929,铁扇公主宝宝,2992,65,,x,10,神佑,87787,1325,1988,3740,2120,2653,1153
29930,成年铁扇公主,2993,75,,,10,神佑,91379,1378,2065,3883,2203,2755,1255
29931,变异铁扇公主,2993,75,x,,10,神佑,91379,1445,2168,4078,2313,2893,1255
29932,变异铁扇公主,2993,75,x,,10,神佑,91379,1515,2273,4273,2423,3030,1255
29933,变异铁扇公主,2993,75,x,,10,神佑,91379,1583,2375,4465,2533,3168,1255
29934,变异铁扇公主,2993,75,x,,10,神佑,91379,1653,2478,4660,2643,3305,1255
29935,变异铁扇公主,2993,75,x,,10,神佑,91379,1720,2583,4855,2755,3443,1255
29936,变异铁扇公主,2993,75,x,,10,神佑,91379,1790,2685,5048,2865,3580,1255
29939,铁扇公主宝宝,2993,75,,x,10,神佑,91379,1378,2065,3883,2203,2755,1255
29940,成年铁扇公主,2994,85,,,10,神佑,94971,1428,2140,4025,2283,2855,1357
29941,变异铁扇公主,2994,85,x,,10,神佑,94971,1488,2233,4198,2380,2975,1357
29942,变异铁扇公主,2994,85,x,,10,神佑,94971,1548,2323,4370,2478,3098,1357
29943,变异铁扇公主,2994,85,x,,10,神佑,94971,1610,2415,4543,2578,3220,1357
29944,变异铁扇公主,2994,85,x,,10,神佑,94971,1670,2508,4715,2675,3343,1357
29945,变异铁扇公主,2994,85,x,,10,神佑,94971,1733,2600,4888,2773,3465,1357
29946,变异铁扇公主,2994,85,x,,10,神佑,94971,1793,2690,5060,2870,3588,1357
29947,变异铁扇公主,2994,85,x,,10,神佑,94971,1855,2783,5233,2968,3710,1357
29949,铁扇公主宝宝,2994,85,,x,10,神佑,94971,1428,2140,4025,2283,2855,1357
29950,成年铁扇公主,2995,95,,,10,神佑,98563,1478,2218,4170,2365,2958,1459
29951,变异铁扇公主,2995,95,x,,10,神佑,98563,1533,2300,4325,2453,3068,1459
29952,变异铁扇公主,2995,95,x,,10,神佑,98563,1588,2383,4483,2543,3178,1459
29953,变异铁扇公主,2995,95,x,,10,神佑,98563,1645,2468,4638,2630,3290,1459
29954,变异铁扇公主,2995,95,x,,10,神佑,98563,1700,2550,4795,2720,3400,1459
29955,变异铁扇公主,2995,95,x,,10,神佑,98563,1755,2633,4950,2808,3510,1459
29956,变异铁扇公主,2995,95,x,,10,神佑,98563,1810,2715,5108,2898,3623,1459
29957,变异铁扇公主,2995,95,x,,10,神佑,98563,1865,2800,5263,2985,3733,1459
29958,变异铁扇公主,2995,95,x,,10,神佑,98563,1920,2883,5420,3075,3843,1459
29959,铁扇公主宝宝,2995,95,,x,10,神佑,98563,1478,2218,4170,2365,2958,1459
29960,成年松鼠,2996,20,,,10,明目,71624,1533,1753,2850,1753,2410,693
29961,变异松鼠,2996,20,x,,10,明目,71624,1763,2015,3278,2015,2773,693
29962,变异松鼠,2996,20,x,,10,明目,71624,1995,2280,3705,2280,3135,693
29969,松鼠宝宝,2996,20,,x,10,明目,71624,1533,1753,2850,1753,2410,693
29970,成年通臂猿猴,2997,5,,,10,肉墙,77012,1875,3283,1640,1405,1875,846
29971,变异通臂猿猴,2997,5,x,,10,肉墙,77012,2155,3775,1888,1618,2155,846
29972,变异通臂猿猴,2997,5,x,,10,肉墙,77012,2438,4268,2133,1828,2438,846
29979,通臂猿猴宝宝,2997,5,,x,10,肉墙,77012,1875,3283,1640,1405,1875,846
29980,成年通臂猿猴,2998,45,,,10,肉墙,80604,1958,3425,1713,1468,1958,948
29981,变异通臂猿猴,2998,45,x,,10,肉墙,80604,2153,3768,1883,1615,2153,948
29982,变异通臂猿猴,2998,45,x,,10,肉墙,80604,2348,4110,2055,1760,2348,948
29983,变异通臂猿猴,2998,45,x,,10,肉墙,80604,2545,4453,2225,1908,2545,948
29989,通臂猿猴宝宝,2998,45,,x,10,肉墙,80604,1958,3425,1713,1468,1958,948
29990,成年通臂猿猴,2999,55,,,10,肉墙,84195,2040,3570,1785,1530,2040,1051
29991,变异通臂猿猴,2999,55,x,,10,肉墙,84195,2193,3838,1918,1643,2193,1051
29992,变异通臂猿猴,2999,55,x,,10,肉墙,84195,2345,4105,2053,1758,2345,1051
29993,变异通臂猿猴,2999,55,x,,10,肉墙,84195,2498,4373,2185,1873,2498,1051
29994,变异通臂猿猴,2999,55,x,,10,肉墙,84195,2650,4640,2320,1988,2650,1051
29999,通臂猿猴宝宝,2999,55,,x,10,肉墙,84195,2040,3570,1785,1530,2040,1051
30000,成年通臂猿猴,3000,65,,,10,肉墙,87787,2120,3713,1855,1590,2120,1153
30001,变异通臂猿猴,3000,65,x,,10,肉墙,87787,2248,3935,1968,1685,2248,1153
30002,变异通臂猿猴,3000,65,x,,10,肉墙,87787,2375,4158,2078,1780,2375,1153
30003,变异通臂猿猴,3000,65,x,,10,肉墙,87787,2503,4380,2190,1878,2503,1153
30004,变异通臂猿猴,3000,65,x,,10,肉墙,87787,2630,4603,2300,1973,2630,1153
30005,变异通臂猿猴,3000,65,x,,10,肉墙,87787,2758,4828,2413,2068,2758,1153
30009,通臂猿猴宝宝,3000,65,,x,10,肉墙,87787,2120,3713,1855,1590,2120,1153
30010,成年通臂猿猴,3001,75,,,10,肉墙,91379,2203,3855,1928,1653,2203,1255
30011,变异通臂猿猴,3001,75,x,,10,肉墙,91379,2313,4048,2023,1735,2313,1255
30012,变异通臂猿猴,3001,75,x,,10,肉墙,91379,2423,4243,2120,1818,2423,1255
30013,变异通臂猿猴,3001,75,x,,10,肉墙,91379,2533,4435,2218,1900,2533,1255
30014,变异通臂猿猴,3001,75,x,,10,肉墙,91379,2643,4628,2313,1983,2643,1255
30015,变异通臂猿猴,3001,75,x,,10,肉墙,91379,2755,4820,2410,2065,2755,1255
30016,变异通臂猿猴,3001,75,x,,10,肉墙,91379,2865,5013,2505,2148,2865,1255
30019,通臂猿猴宝宝,3001,75,,x,10,肉墙,91379,2203,3855,1928,1653,2203,1255
30020,成年通臂猿猴,3002,85,,,10,肉墙,94971,2283,3995,1998,1713,2283,1357
30021,变异通臂猿猴,3002,85,x,,10,肉墙,94971,2380,4168,2083,1785,2380,1357
30022,变异通臂猿猴,3002,85,x,,10,肉墙,94971,2478,4338,2168,1858,2478,1357
30023,变异通臂猿猴,3002,85,x,,10,肉墙,94971,2578,4510,2255,1933,2578,1357
30024,变异通臂猿猴,3002,85,x,,10,肉墙,94971,2675,4680,2340,2005,2675,1357
30025,变异通臂猿猴,3002,85,x,,10,肉墙,94971,2773,4853,2425,2080,2773,1357
30026,变异通臂猿猴,3002,85,x,,10,肉墙,94971,2870,5023,2510,2153,2870,1357
30027,变异通臂猿猴,3002,85,x,,10,肉墙,94971,2968,5195,2598,2225,2968,1357
30029,通臂猿猴宝宝,3002,85,,x,10,肉墙,94971,2283,3995,1998,1713,2283,1357
30030,成年通臂猿猴,3003,95,,,10,肉墙,98563,2365,4140,2070,1773,2365,1459
30031,变异通臂猿猴,3003,95,x,,10,肉墙,98563,2453,4295,2148,1840,2453,1459
30032,变异通臂猿猴,3003,95,x,,10,肉墙,98563,2543,4450,2225,1908,2543,1459
30033,变异通臂猿猴,3003,95,x,,10,肉墙,98563,2630,4605,2303,1973,2630,1459
30034,变异通臂猿猴,3003,95,x,,10,肉墙,98563,2720,4760,2380,2040,2720,1459
30035,变异通臂猿猴,3003,95,x,,10,肉墙,98563,2808,4915,2458,2105,2808,1459
30036,变异通臂猿猴,3003,95,x,,10,肉墙,98563,2898,5070,2535,2173,2898,1459
30037,变异通臂猿猴,3003,95,x,,10,肉墙,98563,2985,5225,2613,2240,2985,1459
30038,变异通臂猿猴,3003,95,x,,10,肉墙,98563,3075,5383,2690,2305,3075,1459
30039,通臂猿猴宝宝,3003,95,,x,10,肉墙,98563,2365,4140,2070,1773,2365,1459
30040,成年逗趣鲨,3004,5,,,10,嗜血,77012,3283,2578,1640,2110,1640,846
30041,变异逗趣鲨,3004,5,x,,10,嗜血,77012,3775,2965,1888,2425,1888,846
30042,变异逗趣鲨,3004,5,x,,10,嗜血,77012,4268,3353,2133,2743,2133,846
30049,逗趣鲨宝宝,3004,5,,x,10,嗜血,77012,3283,2578,1640,2110,1640,846
30050,成年逗趣鲨,3005,45,,,10,嗜血,80604,3425,2690,1713,2203,1713,948
30051,变异逗趣鲨,3005,45,x,,10,嗜血,80604,3768,2960,1883,2423,1883,948
30052,变异逗趣鲨,3005,45,x,,10,嗜血,80604,4110,3230,2055,2643,2055,948
30053,变异逗趣鲨,3005,45,x,,10,嗜血,80604,4453,3498,2225,2863,2225,948
30059,逗趣鲨宝宝,3005,45,,x,10,嗜血,80604,3425,2690,1713,2203,1713,948
30060,成年逗趣鲨,3006,55,,,10,嗜血,84195,3570,2805,1785,2295,1785,1051
30061,变异逗趣鲨,3006,55,x,,10,嗜血,84195,3838,3015,1918,2465,1918,1051
30062,变异逗趣鲨,3006,55,x,,10,嗜血,84195,4105,3225,2053,2638,2053,1051
30063,变异逗趣鲨,3006,55,x,,10,嗜血,84195,4373,3435,2185,2810,2185,1051
30064,变异逗趣鲨,3006,55,x,,10,嗜血,84195,4640,3645,2320,2983,2320,1051
30069,逗趣鲨宝宝,3006,55,,x,10,嗜血,84195,3570,2805,1785,2295,1785,1051
30070,成年逗趣鲨,3007,65,,,10,嗜血,87787,3713,2918,1855,2385,1855,1153
30071,变异逗趣鲨,3007,65,x,,10,嗜血,87787,3935,3093,1968,2530,1968,1153
30072,变异逗趣鲨,3007,65,x,,10,嗜血,87787,4158,3268,2078,2673,2078,1153
30073,变异逗趣鲨,3007,65,x,,10,嗜血,87787,4380,3443,2190,2815,2190,1153
30074,变异逗趣鲨,3007,65,x,,10,嗜血,87787,4603,3618,2300,2960,2300,1153
30075,变异逗趣鲨,3007,65,x,,10,嗜血,87787,4828,3793,2413,3103,2413,1153
30079,逗趣鲨宝宝,3007,65,,x,10,嗜血,87787,3713,2918,1855,2385,1855,1153
30080,成年逗趣鲨,3008,75,,,10,嗜血,91379,3855,3030,1928,2478,1928,1255
30081,变异逗趣鲨,3008,75,x,,10,嗜血,91379,4048,3180,2023,2603,2023,1255
30082,变异逗趣鲨,3008,75,x,,10,嗜血,91379,4243,3333,2120,2725,2120,1255
30083,变异逗趣鲨,3008,75,x,,10,嗜血,91379,4435,3485,2218,2850,2218,1255
30084,变异逗趣鲨,3008,75,x,,10,嗜血,91379,4628,3635,2313,2975,2313,1255
30085,变异逗趣鲨,3008,75,x,,10,嗜血,91379,4820,3788,2410,3098,2410,1255
30086,变异逗趣鲨,3008,75,x,,10,嗜血,91379,5013,3938,2505,3223,2505,1255
30089,逗趣鲨宝宝,3008,75,,x,10,嗜血,91379,3855,3030,1928,2478,1928,1255
30090,成年逗趣鲨,3009,85,,,10,嗜血,94971,3995,3140,1998,2568,1998,1357
30091,变异逗趣鲨,3009,85,x,,10,嗜血,94971,4168,3275,2083,2678,2083,1357
30092,变异逗趣鲨,3009,85,x,,10,嗜血,94971,4338,3408,2168,2788,2168,1357
30093,变异逗趣鲨,3009,85,x,,10,嗜血,94971,4510,3543,2255,2898,2255,1357
30094,变异逗趣鲨,3009,85,x,,10,嗜血,94971,4680,3678,2340,3008,2340,1357
30095,变异逗趣鲨,3009,85,x,,10,嗜血,94971,4853,3813,2425,3120,2425,1357
30096,变异逗趣鲨,3009,85,x,,10,嗜血,94971,5023,3948,2510,3230,2510,1357
30097,变异逗趣鲨,3009,85,x,,10,嗜血,94971,5195,4083,2598,3340,2598,1357
30099,逗趣鲨宝宝,3009,85,,x,10,嗜血,94971,3995,3140,1998,2568,1998,1357
30100,成年逗趣鲨,3010,95,,,10,嗜血,98563,4140,3253,2070,2660,2070,1459
30101,变异逗趣鲨,3010,95,x,,10,嗜血,98563,4295,3375,2148,2760,2148,1459
30102,变异逗趣鲨,3010,95,x,,10,嗜血,98563,4450,3495,2225,2860,2225,1459
30103,变异逗趣鲨,3010,95,x,,10,嗜血,98563,4605,3618,2303,2960,2303,1459
30104,变异逗趣鲨,3010,95,x,,10,嗜血,98563,4760,3740,2380,3060,2380,1459
30105,变异逗趣鲨,3010,95,x,,10,嗜血,98563,4915,3863,2458,3160,2458,1459
30106,变异逗趣鲨,3010,95,x,,10,嗜血,98563,5070,3985,2535,3260,2535,1459
30107,变异逗趣鲨,3010,95,x,,10,嗜血,98563,5225,4105,2613,3360,2613,1459
30108,变异逗趣鲨,3010,95,x,,10,嗜血,98563,5383,4228,2690,3460,2690,1459
30109,逗趣鲨宝宝,3010,95,,x,10,嗜血,98563,4140,3253,2070,2660,2070,1459
30110,成年美猴王,3011,5,,,10,神佑,77012,1875,3283,1640,1405,1875,846
30111,变异美猴王,3011,5,x,,10,神佑,77012,2155,3775,1888,1618,2155,846
30112,变异美猴王,3011,5,x,,10,神佑,77012,2438,4268,2133,1828,2438,846
30119,美猴王宝宝,3011,5,,x,10,神佑,77012,1875,3283,1640,1405,1875,846
30120,成年美猴王,3012,45,,,10,神佑,80604,1958,3425,1713,1468,1958,948
30121,变异美猴王,3012,45,x,,10,神佑,80604,2153,3768,1883,1615,2153,948
30122,变异美猴王,3012,45,x,,10,神佑,80604,2348,4110,2055,1760,2348,948
30123,变异美猴王,3012,45,x,,10,神佑,80604,2545,4453,2225,1908,2545,948
30129,美猴王宝宝,3012,45,,x,10,神佑,80604,1958,3425,1713,1468,1958,948
30130,成年美猴王,3013,55,,,10,神佑,84195,2040,3570,1785,1530,2040,1051
30131,变异美猴王,3013,55,x,,10,神佑,84195,2193,3838,1918,1643,2193,1051
30132,变异美猴王,3013,55,x,,10,神佑,84195,2345,4105,2053,1758,2345,1051
30133,变异美猴王,3013,55,x,,10,神佑,84195,2498,4373,2185,1873,2498,1051
30134,变异美猴王,3013,55,x,,10,神佑,84195,2650,4640,2320,1988,2650,1051
30139,美猴王宝宝,3013,55,,x,10,神佑,84195,2040,3570,1785,1530,2040,1051
30140,成年美猴王,3014,65,,,10,神佑,87787,2120,3713,1855,1590,2120,1153
30141,变异美猴王,3014,65,x,,10,神佑,87787,2248,3935,1968,1685,2248,1153
30142,变异美猴王,3014,65,x,,10,神佑,87787,2375,4158,2078,1780,2375,1153
30143,变异美猴王,3014,65,x,,10,神佑,87787,2503,4380,2190,1878,2503,1153
30144,变异美猴王,3014,65,x,,10,神佑,87787,2630,4603,2300,1973,2630,1153
30145,变异美猴王,3014,65,x,,10,神佑,87787,2758,4828,2413,2068,2758,1153
30149,美猴王宝宝,3014,65,,x,10,神佑,87787,2120,3713,1855,1590,2120,1153
30150,成年美猴王,3015,75,,,10,神佑,91379,2203,3855,1928,1653,2203,1255
30151,变异美猴王,3015,75,x,,10,神佑,91379,2313,4048,2023,1735,2313,1255
30152,变异美猴王,3015,75,x,,10,神佑,91379,2423,4243,2120,1818,2423,1255
30153,变异美猴王,3015,75,x,,10,神佑,91379,2533,4435,2218,1900,2533,1255
30154,变异美猴王,3015,75,x,,10,神佑,91379,2643,4628,2313,1983,2643,1255
30155,变异美猴王,3015,75,x,,10,神佑,91379,2755,4820,2410,2065,2755,1255
30156,变异美猴王,3015,75,x,,10,神佑,91379,2865,5013,2505,2148,2865,1255
30159,美猴王宝宝,3015,75,,x,10,神佑,91379,2203,3855,1928,1653,2203,1255
30160,成年美猴王,3016,85,,,10,神佑,94971,2283,3995,1998,1713,2283,1357
30161,变异美猴王,3016,85,x,,10,神佑,94971,2380,4168,2083,1785,2380,1357
30162,变异美猴王,3016,85,x,,10,神佑,94971,2478,4338,2168,1858,2478,1357
30163,变异美猴王,3016,85,x,,10,神佑,94971,2578,4510,2255,1933,2578,1357
30164,变异美猴王,3016,85,x,,10,神佑,94971,2675,4680,2340,2005,2675,1357
30165,变异美猴王,3016,85,x,,10,神佑,94971,2773,4853,2425,2080,2773,1357
30166,变异美猴王,3016,85,x,,10,神佑,94971,2870,5023,2510,2153,2870,1357
30167,变异美猴王,3016,85,x,,10,神佑,94971,2968,5195,2598,2225,2968,1357
30169,美猴王宝宝,3016,85,,x,10,神佑,94971,2283,3995,1998,1713,2283,1357
30170,成年美猴王,3017,95,,,10,神佑,98563,2365,4140,2070,1773,2365,1459
30171,变异美猴王,3017,95,x,,10,神佑,98563,2453,4295,2148,1840,2453,1459
30172,变异美猴王,3017,95,x,,10,神佑,98563,2543,4450,2225,1908,2543,1459
30173,变异美猴王,3017,95,x,,10,神佑,98563,2630,4605,2303,1973,2630,1459
30174,变异美猴王,3017,95,x,,10,神佑,98563,2720,4760,2380,2040,2720,1459
30175,变异美猴王,3017,95,x,,10,神佑,98563,2808,4915,2458,2105,2808,1459
30176,变异美猴王,3017,95,x,,10,神佑,98563,2898,5070,2535,2173,2898,1459
30177,变异美猴王,3017,95,x,,10,神佑,98563,2985,5225,2613,2240,2985,1459
30178,变异美猴王,3017,95,x,,10,神佑,98563,3075,5383,2690,2305,3075,1459
30179,美猴王宝宝,3017,95,,x,10,神佑,98563,2365,4140,2070,1773,2365,1459
30180,成年齐天大圣,3018,5,,,10,神佑,77012,1875,3283,1640,1405,1875,846
30181,变异齐天大圣,3018,5,x,,10,神佑,77012,2155,3775,1888,1618,2155,846
30182,变异齐天大圣,3018,5,x,,10,神佑,77012,2438,4268,2133,1828,2438,846
30189,齐天大圣宝宝,3018,5,,x,10,神佑,77012,1875,3283,1640,1405,1875,846
30190,成年齐天大圣,3019,45,,,10,神佑,80604,1958,3425,1713,1468,1958,948
30191,变异齐天大圣,3019,45,x,,10,神佑,80604,2153,3768,1883,1615,2153,948
30192,变异齐天大圣,3019,45,x,,10,神佑,80604,2348,4110,2055,1760,2348,948
30193,变异齐天大圣,3019,45,x,,10,神佑,80604,2545,4453,2225,1908,2545,948
30199,齐天大圣宝宝,3019,45,,x,10,神佑,80604,1958,3425,1713,1468,1958,948
30200,成年齐天大圣,3020,55,,,10,神佑,84195,2040,3570,1785,1530,2040,1051
30201,变异齐天大圣,3020,55,x,,10,神佑,84195,2193,3838,1918,1643,2193,1051
30202,变异齐天大圣,3020,55,x,,10,神佑,84195,2345,4105,2053,1758,2345,1051
30203,变异齐天大圣,3020,55,x,,10,神佑,84195,2498,4373,2185,1873,2498,1051
30204,变异齐天大圣,3020,55,x,,10,神佑,84195,2650,4640,2320,1988,2650,1051
30209,齐天大圣宝宝,3020,55,,x,10,神佑,84195,2040,3570,1785,1530,2040,1051
30210,成年齐天大圣,3021,65,,,10,神佑,87787,2120,3713,1855,1590,2120,1153
30211,变异齐天大圣,3021,65,x,,10,神佑,87787,2248,3935,1968,1685,2248,1153
30212,变异齐天大圣,3021,65,x,,10,神佑,87787,2375,4158,2078,1780,2375,1153
30213,变异齐天大圣,3021,65,x,,10,神佑,87787,2503,4380,2190,1878,2503,1153
30214,变异齐天大圣,3021,65,x,,10,神佑,87787,2630,4603,2300,1973,2630,1153
30215,变异齐天大圣,3021,65,x,,10,神佑,87787,2758,4828,2413,2068,2758,1153
30219,齐天大圣宝宝,3021,65,,x,10,神佑,87787,2120,3713,1855,1590,2120,1153
30220,成年齐天大圣,3022,75,,,10,神佑,91379,2203,3855,1928,1653,2203,1255
30221,变异齐天大圣,3022,75,x,,10,神佑,91379,2313,4048,2023,1735,2313,1255
30222,变异齐天大圣,3022,75,x,,10,神佑,91379,2423,4243,2120,1818,2423,1255
30223,变异齐天大圣,3022,75,x,,10,神佑,91379,2533,4435,2218,1900,2533,1255
30224,变异齐天大圣,3022,75,x,,10,神佑,91379,2643,4628,2313,1983,2643,1255
30225,变异齐天大圣,3022,75,x,,10,神佑,91379,2755,4820,2410,2065,2755,1255
30226,变异齐天大圣,3022,75,x,,10,神佑,91379,2865,5013,2505,2148,2865,1255
30229,齐天大圣宝宝,3022,75,,x,10,神佑,91379,2203,3855,1928,1653,2203,1255
30230,成年齐天大圣,3023,85,,,10,神佑,94971,2283,3995,1998,1713,2283,1357
30231,变异齐天大圣,3023,85,x,,10,神佑,94971,2380,4168,2083,1785,2380,1357
30232,变异齐天大圣,3023,85,x,,10,神佑,94971,2478,4338,2168,1858,2478,1357
30233,变异齐天大圣,3023,85,x,,10,神佑,94971,2578,4510,2255,1933,2578,1357
30234,变异齐天大圣,3023,85,x,,10,神佑,94971,2675,4680,2340,2005,2675,1357
30235,变异齐天大圣,3023,85,x,,10,神佑,94971,2773,4853,2425,2080,2773,1357
30236,变异齐天大圣,3023,85,x,,10,神佑,94971,2870,5023,2510,2153,2870,1357
30237,变异齐天大圣,3023,85,x,,10,神佑,94971,2968,5195,2598,2225,2968,1357
30239,齐天大圣宝宝,3023,85,,x,10,神佑,94971,2283,3995,1998,1713,2283,1357
30240,成年齐天大圣,3024,95,,,10,神佑,98563,2365,4140,2070,1773,2365,1459
30241,变异齐天大圣,3024,95,x,,10,神佑,98563,2453,4295,2148,1840,2453,1459
30242,变异齐天大圣,3024,95,x,,10,神佑,98563,2543,4450,2225,1908,2543,1459
30243,变异齐天大圣,3024,95,x,,10,神佑,98563,2630,4605,2303,1973,2630,1459
30244,变异齐天大圣,3024,95,x,,10,神佑,98563,2720,4760,2380,2040,2720,1459
30245,变异齐天大圣,3024,95,x,,10,神佑,98563,2808,4915,2458,2105,2808,1459
30246,变异齐天大圣,3024,95,x,,10,神佑,98563,2898,5070,2535,2173,2898,1459
30247,变异齐天大圣,3024,95,x,,10,神佑,98563,2985,5225,2613,2240,2985,1459
30248,变异齐天大圣,3024,95,x,,10,神佑,98563,3075,5383,2690,2305,3075,1459
30249,齐天大圣宝宝,3024,95,,x,10,神佑,98563,2365,4140,2070,1773,2365,1459
30250,成年稚月灵,3025,5,,,10,神佑,77012,1173,1758,3305,1875,2345,846
30251,变异稚月灵,3025,5,x,,10,神佑,77012,1348,2023,3800,2155,2695,846
30252,变异稚月灵,3025,5,x,,10,神佑,77012,1523,2285,4298,2438,3048,846
30259,稚月灵宝宝,3025,5,,x,10,神佑,77012,1173,1758,3305,1875,2345,846
30260,成年稚月灵,3026,45,,,10,神佑,80604,1223,1835,3450,1958,2448,948
30261,变异稚月灵,3026,45,x,,10,神佑,80604,1345,2018,3795,2153,2690,948
30262,变异稚月灵,3026,45,x,,10,神佑,80604,1468,2203,4140,2348,2935,948
30263,变异稚月灵,3026,45,x,,10,神佑,80604,1590,2385,4485,2545,3180,948
30269,稚月灵宝宝,3026,45,,x,10,神佑,80604,1223,1835,3450,1958,2448,948
30270,成年稚月灵,3027,55,,,10,神佑,84195,1275,1913,3595,2040,2550,1051
30271,变异稚月灵,3027,55,x,,10,神佑,84195,1370,2055,3865,2193,2740,1051
30272,变异稚月灵,3027,55,x,,10,神佑,84195,1465,2198,4133,2345,2933,1051
30273,变异稚月灵,3027,55,x,,10,神佑,84195,1560,2343,4403,2498,3123,1051
30274,变异稚月灵,3027,55,x,,10,神佑,84195,1658,2485,4673,2650,3315,1051
30279,稚月灵宝宝,3027,55,,x,10,神佑,84195,1275,1913,3595,2040,2550,1051
30280,成年稚月灵,3028,65,,,10,神佑,87787,1325,1988,3740,2120,2653,1153
30281,变异稚月灵,3028,65,x,,10,神佑,87787,1405,2108,3963,2248,2810,1153
30282,变异稚月灵,3028,65,x,,10,神佑,87787,1485,2228,4188,2375,2970,1153
30283,变异稚月灵,3028,65,x,,10,神佑,87787,1563,2345,4413,2503,3128,1153
30284,变异稚月灵,3028,65,x,,10,神佑,87787,1643,2465,4638,2630,3288,1153
30285,变异稚月灵,3028,65,x,,10,神佑,87787,1723,2585,4860,2758,3448,1153
30289,稚月灵宝宝,3028,65,,x,10,神佑,87787,1325,1988,3740,2120,2653,1153
30290,成年稚月灵,3029,75,,,10,神佑,91379,1378,2065,3883,2203,2755,1255
30291,变异稚月灵,3029,75,x,,10,神佑,91379,1445,2168,4078,2313,2893,1255
30292,变异稚月灵,3029,75,x,,10,神佑,91379,1515,2273,4273,2423,3030,1255
30293,变异稚月灵,3029,75,x,,10,神佑,91379,1583,2375,4465,2533,3168,1255
30294,变异稚月灵,3029,75,x,,10,神佑,91379,1653,2478,4660,2643,3305,1255
30295,变异稚月灵,3029,75,x,,10,神佑,91379,1720,2583,4855,2755,3443,1255
30296,变异稚月灵,3029,75,x,,10,神佑,91379,1790,2685,5048,2865,3580,1255
30299,稚月灵宝宝,3029,75,,x,10,神佑,91379,1378,2065,3883,2203,2755,1255
30300,成年稚月灵,3030,85,,,10,神佑,94971,1428,2140,4025,2283,2855,1357
30301,变异稚月灵,3030,85,x,,10,神佑,94971,1488,2233,4198,2380,2975,1357
30302,变异稚月灵,3030,85,x,,10,神佑,94971,1548,2323,4370,2478,3098,1357
30303,变异稚月灵,3030,85,x,,10,神佑,94971,1610,2415,4543,2578,3220,1357
30304,变异稚月灵,3030,85,x,,10,神佑,94971,1670,2508,4715,2675,3343,1357
30305,变异稚月灵,3030,85,x,,10,神佑,94971,1733,2600,4888,2773,3465,1357
30306,变异稚月灵,3030,85,x,,10,神佑,94971,1793,2690,5060,2870,3588,1357
30307,变异稚月灵,3030,85,x,,10,神佑,94971,1855,2783,5233,2968,3710,1357
30309,稚月灵宝宝,3030,85,,x,10,神佑,94971,1428,2140,4025,2283,2855,1357
30310,成年稚月灵,3031,95,,,10,神佑,98563,1478,2218,4170,2365,2958,1459
30311,变异稚月灵,3031,95,x,,10,神佑,98563,1533,2300,4325,2453,3068,1459
30312,变异稚月灵,3031,95,x,,10,神佑,98563,1588,2383,4483,2543,3178,1459
30313,变异稚月灵,3031,95,x,,10,神佑,98563,1645,2468,4638,2630,3290,1459
30314,变异稚月灵,3031,95,x,,10,神佑,98563,1700,2550,4795,2720,3400,1459
30315,变异稚月灵,3031,95,x,,10,神佑,98563,1755,2633,4950,2808,3510,1459
30316,变异稚月灵,3031,95,x,,10,神佑,98563,1810,2715,5108,2898,3623,1459
30317,变异稚月灵,3031,95,x,,10,神佑,98563,1865,2800,5263,2985,3733,1459
30318,变异稚月灵,3031,95,x,,10,神佑,98563,1920,2883,5420,3075,3843,1459
30319,稚月灵宝宝,3031,95,,x,10,神佑,98563,1478,2218,4170,2365,2958,1459
30320,成年二郎真君,3032,5,,,10,嗜血,77012,3283,2578,1640,2110,1640,846
30321,变异二郎真君,3032,5,x,,10,嗜血,77012,3775,2965,1888,2425,1888,846
30322,变异二郎真君,3032,5,x,,10,嗜血,77012,4268,3353,2133,2743,2133,846
30329,二郎真君宝宝,3032,5,,x,10,嗜血,77012,3283,2578,1640,2110,1640,846
30330,成年二郎真君,3033,45,,,10,嗜血,80604,3425,2690,1713,2203,1713,948
30331,变异二郎真君,3033,45,x,,10,嗜血,80604,3768,2960,1883,2423,1883,948
30332,变异二郎真君,3033,45,x,,10,嗜血,80604,4110,3230,2055,2643,2055,948
30333,变异二郎真君,3033,45,x,,10,嗜血,80604,4453,3498,2225,2863,2225,948
30339,二郎真君宝宝,3033,45,,x,10,嗜血,80604,3425,2690,1713,2203,1713,948
30340,成年二郎真君,3034,55,,,10,嗜血,84195,3570,2805,1785,2295,1785,1051
30341,变异二郎真君,3034,55,x,,10,嗜血,84195,3838,3015,1918,2465,1918,1051
30342,变异二郎真君,3034,55,x,,10,嗜血,84195,4105,3225,2053,2638,2053,1051
30343,变异二郎真君,3034,55,x,,10,嗜血,84195,4373,3435,2185,2810,2185,1051
30344,变异二郎真君,3034,55,x,,10,嗜血,84195,4640,3645,2320,2983,2320,1051
30349,二郎真君宝宝,3034,55,,x,10,嗜血,84195,3570,2805,1785,2295,1785,1051
30350,成年二郎真君,3035,65,,,10,嗜血,87787,3713,2918,1855,2385,1855,1153
30351,变异二郎真君,3035,65,x,,10,嗜血,87787,3935,3093,1968,2530,1968,1153
30352,变异二郎真君,3035,65,x,,10,嗜血,87787,4158,3268,2078,2673,2078,1153
30353,变异二郎真君,3035,65,x,,10,嗜血,87787,4380,3443,2190,2815,2190,1153
30354,变异二郎真君,3035,65,x,,10,嗜血,87787,4603,3618,2300,2960,2300,1153
30355,变异二郎真君,3035,65,x,,10,嗜血,87787,4828,3793,2413,3103,2413,1153
30359,二郎真君宝宝,3035,65,,x,10,嗜血,87787,3713,2918,1855,2385,1855,1153
30360,成年二郎真君,3036,75,,,10,嗜血,91379,3855,3030,1928,2478,1928,1255
30361,变异二郎真君,3036,75,x,,10,嗜血,91379,4048,3180,2023,2603,2023,1255
30362,变异二郎真君,3036,75,x,,10,嗜血,91379,4243,3333,2120,2725,2120,1255
30363,变异二郎真君,3036,75,x,,10,嗜血,91379,4435,3485,2218,2850,2218,1255
30364,变异二郎真君,3036,75,x,,10,嗜血,91379,4628,3635,2313,2975,2313,1255
30365,变异二郎真君,3036,75,x,,10,嗜血,91379,4820,3788,2410,3098,2410,1255
30366,变异二郎真君,3036,75,x,,10,嗜血,91379,5013,3938,2505,3223,2505,1255
30369,二郎真君宝宝,3036,75,,x,10,嗜血,91379,3855,3030,1928,2478,1928,1255
30370,成年二郎真君,3037,85,,,10,嗜血,94971,3995,3140,1998,2568,1998,1357
30371,变异二郎真君,3037,85,x,,10,嗜血,94971,4168,3275,2083,2678,2083,1357
30372,变异二郎真君,3037,85,x,,10,嗜血,94971,4338,3408,2168,2788,2168,1357
30373,变异二郎真君,3037,85,x,,10,嗜血,94971,4510,3543,2255,2898,2255,1357
30374,变异二郎真君,3037,85,x,,10,嗜血,94971,4680,3678,2340,3008,2340,1357
30375,变异二郎真君,3037,85,x,,10,嗜血,94971,4853,3813,2425,3120,2425,1357
30376,变异二郎真君,3037,85,x,,10,嗜血,94971,5023,3948,2510,3230,2510,1357
30377,变异二郎真君,3037,85,x,,10,嗜血,94971,5195,4083,2598,3340,2598,1357
30379,二郎真君宝宝,3037,85,,x,10,嗜血,94971,3995,3140,1998,2568,1998,1357
30380,成年二郎真君,3038,95,,,10,嗜血,98563,4140,3253,2070,2660,2070,1459
30381,变异二郎真君,3038,95,x,,10,嗜血,98563,4295,3375,2148,2760,2148,1459
30382,变异二郎真君,3038,95,x,,10,嗜血,98563,4450,3495,2225,2860,2225,1459
30383,变异二郎真君,3038,95,x,,10,嗜血,98563,4605,3618,2303,2960,2303,1459
30384,变异二郎真君,3038,95,x,,10,嗜血,98563,4760,3740,2380,3060,2380,1459
30385,变异二郎真君,3038,95,x,,10,嗜血,98563,4915,3863,2458,3160,2458,1459
30386,变异二郎真君,3038,95,x,,10,嗜血,98563,5070,3985,2535,3260,2535,1459
30387,变异二郎真君,3038,95,x,,10,嗜血,98563,5225,4105,2613,3360,2613,1459
30388,变异二郎真君,3038,95,x,,10,嗜血,98563,5383,4228,2690,3460,2690,1459
30389,二郎真君宝宝,3038,95,,x,10,嗜血,98563,4140,3253,2070,2660,2070,1459
30390,成年东仔,3039,20,,,10,明目,71624,2850,1753,1533,1753,2410,693
30391,变异东仔,3039,20,x,,10,明目,71624,3278,2015,1763,2015,2773,693
30392,变异东仔,3039,20,x,,10,明目,71624,3705,2280,1995,2280,3135,693
30399,东仔宝宝,3039,20,,x,10,明目,71624,2850,1753,1533,1753,2410,693
30400,成年龙三太子,3040,5,,,10,肉墙,77012,1875,3283,1640,1405,1875,846
30401,变异龙三太子,3040,5,x,,10,肉墙,77012,2155,3775,1888,1618,2155,846
30402,变异龙三太子,3040,5,x,,10,肉墙,77012,2438,4268,2133,1828,2438,846
30409,龙三太子宝宝,3040,5,,x,10,肉墙,77012,1875,3283,1640,1405,1875,846
30410,成年龙三太子,3041,45,,,10,肉墙,80604,1958,3425,1713,1468,1958,948
30411,变异龙三太子,3041,45,x,,10,肉墙,80604,2153,3768,1883,1615,2153,948
30412,变异龙三太子,3041,45,x,,10,肉墙,80604,2348,4110,2055,1760,2348,948
30413,变异龙三太子,3041,45,x,,10,肉墙,80604,2545,4453,2225,1908,2545,948
30419,龙三太子宝宝,3041,45,,x,10,肉墙,80604,1958,3425,1713,1468,1958,948
30420,成年龙三太子,3042,55,,,10,肉墙,84195,2040,3570,1785,1530,2040,1051
30421,变异龙三太子,3042,55,x,,10,肉墙,84195,2193,3838,1918,1643,2193,1051
30422,变异龙三太子,3042,55,x,,10,肉墙,84195,2345,4105,2053,1758,2345,1051
30423,变异龙三太子,3042,55,x,,10,肉墙,84195,2498,4373,2185,1873,2498,1051
30424,变异龙三太子,3042,55,x,,10,肉墙,84195,2650,4640,2320,1988,2650,1051
30429,龙三太子宝宝,3042,55,,x,10,肉墙,84195,2040,3570,1785,1530,2040,1051
30430,成年龙三太子,3043,65,,,10,肉墙,87787,2120,3713,1855,1590,2120,1153
30431,变异龙三太子,3043,65,x,,10,肉墙,87787,2248,3935,1968,1685,2248,1153
30432,变异龙三太子,3043,65,x,,10,肉墙,87787,2375,4158,2078,1780,2375,1153
30433,变异龙三太子,3043,65,x,,10,肉墙,87787,2503,4380,2190,1878,2503,1153
30434,变异龙三太子,3043,65,x,,10,肉墙,87787,2630,4603,2300,1973,2630,1153
30435,变异龙三太子,3043,65,x,,10,肉墙,87787,2758,4828,2413,2068,2758,1153
30439,龙三太子宝宝,3043,65,,x,10,肉墙,87787,2120,3713,1855,1590,2120,1153
30440,成年龙三太子,3044,75,,,10,肉墙,91379,2203,3855,1928,1653,2203,1255
30441,变异龙三太子,3044,75,x,,10,肉墙,91379,2313,4048,2023,1735,2313,1255
30442,变异龙三太子,3044,75,x,,10,肉墙,91379,2423,4243,2120,1818,2423,1255
30443,变异龙三太子,3044,75,x,,10,肉墙,91379,2533,4435,2218,1900,2533,1255
30444,变异龙三太子,3044,75,x,,10,肉墙,91379,2643,4628,2313,1983,2643,1255
30445,变异龙三太子,3044,75,x,,10,肉墙,91379,2755,4820,2410,2065,2755,1255
30446,变异龙三太子,3044,75,x,,10,肉墙,91379,2865,5013,2505,2148,2865,1255
30449,龙三太子宝宝,3044,75,,x,10,肉墙,91379,2203,3855,1928,1653,2203,1255
30450,成年龙三太子,3045,85,,,10,肉墙,94971,2283,3995,1998,1713,2283,1357
30451,变异龙三太子,3045,85,x,,10,肉墙,94971,2380,4168,2083,1785,2380,1357
30452,变异龙三太子,3045,85,x,,10,肉墙,94971,2478,4338,2168,1858,2478,1357
30453,变异龙三太子,3045,85,x,,10,肉墙,94971,2578,4510,2255,1933,2578,1357
30454,变异龙三太子,3045,85,x,,10,肉墙,94971,2675,4680,2340,2005,2675,1357
30455,变异龙三太子,3045,85,x,,10,肉墙,94971,2773,4853,2425,2080,2773,1357
30456,变异龙三太子,3045,85,x,,10,肉墙,94971,2870,5023,2510,2153,2870,1357
30457,变异龙三太子,3045,85,x,,10,肉墙,94971,2968,5195,2598,2225,2968,1357
30459,龙三太子宝宝,3045,85,,x,10,肉墙,94971,2283,3995,1998,1713,2283,1357
30460,成年龙三太子,3046,95,,,10,肉墙,98563,2365,4140,2070,1773,2365,1459
30461,变异龙三太子,3046,95,x,,10,肉墙,98563,2453,4295,2148,1840,2453,1459
30462,变异龙三太子,3046,95,x,,10,肉墙,98563,2543,4450,2225,1908,2543,1459
30463,变异龙三太子,3046,95,x,,10,肉墙,98563,2630,4605,2303,1973,2630,1459
30464,变异龙三太子,3046,95,x,,10,肉墙,98563,2720,4760,2380,2040,2720,1459
30465,变异龙三太子,3046,95,x,,10,肉墙,98563,2808,4915,2458,2105,2808,1459
30466,变异龙三太子,3046,95,x,,10,肉墙,98563,2898,5070,2535,2173,2898,1459
30467,变异龙三太子,3046,95,x,,10,肉墙,98563,2985,5225,2613,2240,2985,1459
30468,变异龙三太子,3046,95,x,,10,肉墙,98563,3075,5383,2690,2305,3075,1459
30469,龙三太子宝宝,3046,95,,x,10,肉墙,98563,2365,4140,2070,1773,2365,1459
30500,成年狐小仙,3050,5,,,10,神佑,77012,1173,1758,3305,1875,2345,846
30501,变异狐小仙,3050,5,x,,10,神佑,77012,1348,2023,3800,2155,2695,846
30502,变异狐小仙,3050,5,x,,10,神佑,77012,1523,2285,4298,2438,3048,846
30509,狐小仙宝宝,3050,5,,x,10,神佑,77012,1173,1758,3305,1875,2345,846
30510,成年狐小仙,3051,45,,,10,神佑,80604,1223,1835,3450,1958,2448,948
30511,变异狐小仙,3051,45,x,,10,神佑,80604,1345,2018,3795,2153,2690,948
30512,变异狐小仙,3051,45,x,,10,神佑,80604,1468,2203,4140,2348,2935,948
30513,变异狐小仙,3051,45,x,,10,神佑,80604,1590,2385,4485,2545,3180,948
30519,狐小仙宝宝,3051,45,,x,10,神佑,80604,1223,1835,3450,1958,2448,948
30520,成年狐小仙,3052,55,,,10,神佑,84195,1275,1913,3595,2040,2550,1051
30521,变异狐小仙,3052,55,x,,10,神佑,84195,1370,2055,3865,2193,2740,1051
30522,变异狐小仙,3052,55,x,,10,神佑,84195,1465,2198,4133,2345,2933,1051
30523,变异狐小仙,3052,55,x,,10,神佑,84195,1560,2343,4403,2498,3123,1051
30524,变异狐小仙,3052,55,x,,10,神佑,84195,1658,2485,4673,2650,3315,1051
30529,狐小仙宝宝,3052,55,,x,10,神佑,84195,1275,1913,3595,2040,2550,1051
30530,成年狐小仙,3053,65,,,10,神佑,87787,1325,1988,3740,2120,2653,1153
30531,变异狐小仙,3053,65,x,,10,神佑,87787,1405,2108,3963,2248,2810,1153
30532,变异狐小仙,3053,65,x,,10,神佑,87787,1485,2228,4188,2375,2970,1153
30533,变异狐小仙,3053,65,x,,10,神佑,87787,1563,2345,4413,2503,3128,1153
30534,变异狐小仙,3053,65,x,,10,神佑,87787,1643,2465,4638,2630,3288,1153
30535,变异狐小仙,3053,65,x,,10,神佑,87787,1723,2585,4860,2758,3448,1153
30539,狐小仙宝宝,3053,65,,x,10,神佑,87787,1325,1988,3740,2120,2653,1153
30540,成年狐小仙,3054,75,,,10,神佑,91379,1378,2065,3883,2203,2755,1255
30541,变异狐小仙,3054,75,x,,10,神佑,91379,1445,2168,4078,2313,2893,1255
30542,变异狐小仙,3054,75,x,,10,神佑,91379,1515,2273,4273,2423,3030,1255
30543,变异狐小仙,3054,75,x,,10,神佑,91379,1583,2375,4465,2533,3168,1255
30544,变异狐小仙,3054,75,x,,10,神佑,91379,1653,2478,4660,2643,3305,1255
30545,变异狐小仙,3054,75,x,,10,神佑,91379,1720,2583,4855,2755,3443,1255
30546,变异狐小仙,3054,75,x,,10,神佑,91379,1790,2685,5048,2865,3580,1255
30549,狐小仙宝宝,3054,75,,x,10,神佑,91379,1378,2065,3883,2203,2755,1255
30550,成年狐小仙,3055,85,,,10,神佑,94971,1428,2140,4025,2283,2855,1357
30551,变异狐小仙,3055,85,x,,10,神佑,94971,1488,2233,4198,2380,2975,1357
30552,变异狐小仙,3055,85,x,,10,神佑,94971,1548,2323,4370,2478,3098,1357
30553,变异狐小仙,3055,85,x,,10,神佑,94971,1610,2415,4543,2578,3220,1357
30554,变异狐小仙,3055,85,x,,10,神佑,94971,1670,2508,4715,2675,3343,1357
30555,变异狐小仙,3055,85,x,,10,神佑,94971,1733,2600,4888,2773,3465,1357
30556,变异狐小仙,3055,85,x,,10,神佑,94971,1793,2690,5060,2870,3588,1357
30557,变异狐小仙,3055,85,x,,10,神佑,94971,1855,2783,5233,2968,3710,1357
30559,狐小仙宝宝,3055,85,,x,10,神佑,94971,1428,2140,4025,2283,2855,1357
30560,成年狐小仙,3056,95,,,10,神佑,98563,1478,2218,4170,2365,2958,1459
30561,变异狐小仙,3056,95,x,,10,神佑,98563,1533,2300,4325,2453,3068,1459
30562,变异狐小仙,3056,95,x,,10,神佑,98563,1588,2383,4483,2543,3178,1459
30563,变异狐小仙,3056,95,x,,10,神佑,98563,1645,2468,4638,2630,3290,1459
30564,变异狐小仙,3056,95,x,,10,神佑,98563,1700,2550,4795,2720,3400,1459
30565,变异狐小仙,3056,95,x,,10,神佑,98563,1755,2633,4950,2808,3510,1459
30566,变异狐小仙,3056,95,x,,10,神佑,98563,1810,2715,5108,2898,3623,1459
30567,变异狐小仙,3056,95,x,,10,神佑,98563,1865,2800,5263,2985,3733,1459
30568,变异狐小仙,3056,95,x,,10,神佑,98563,1920,2883,5420,3075,3843,1459
30569,狐小仙宝宝,3056,95,,x,10,神佑,98563,1478,2218,4170,2365,2958,1459
30570,成年萌宝猪,3057,5,,,10,神佑,77012,1173,1758,3305,1875,2345,846
30571,变异萌宝猪,3057,5,x,,10,神佑,77012,1348,2023,3800,2155,2695,846
30572,变异萌宝猪,3057,5,x,,10,神佑,77012,1523,2285,4298,2438,3048,846
30579,萌宝猪宝宝,3057,5,,x,10,神佑,77012,1173,1758,3305,1875,2345,846
30580,成年萌宝猪,3058,45,,,10,神佑,80604,1223,1835,3450,1958,2448,948
30581,变异萌宝猪,3058,45,x,,10,神佑,80604,1345,2018,3795,2153,2690,948
30582,变异萌宝猪,3058,45,x,,10,神佑,80604,1468,2203,4140,2348,2935,948
30583,变异萌宝猪,3058,45,x,,10,神佑,80604,1590,2385,4485,2545,3180,948
30589,萌宝猪宝宝,3058,45,,x,10,神佑,80604,1223,1835,3450,1958,2448,948
30590,成年萌宝猪,3059,55,,,10,神佑,84195,1275,1913,3595,2040,2550,1051
30591,变异萌宝猪,3059,55,x,,10,神佑,84195,1370,2055,3865,2193,2740,1051
30592,变异萌宝猪,3059,55,x,,10,神佑,84195,1465,2198,4133,2345,2933,1051
30593,变异萌宝猪,3059,55,x,,10,神佑,84195,1560,2343,4403,2498,3123,1051
30594,变异萌宝猪,3059,55,x,,10,神佑,84195,1658,2485,4673,2650,3315,1051
30599,萌宝猪宝宝,3059,55,,x,10,神佑,84195,1275,1913,3595,2040,2550,1051
30600,成年萌宝猪,3060,65,,,10,神佑,87787,1325,1988,3740,2120,2653,1153
30601,变异萌宝猪,3060,65,x,,10,神佑,87787,1405,2108,3963,2248,2810,1153
30602,变异萌宝猪,3060,65,x,,10,神佑,87787,1485,2228,4188,2375,2970,1153
30603,变异萌宝猪,3060,65,x,,10,神佑,87787,1563,2345,4413,2503,3128,1153
30604,变异萌宝猪,3060,65,x,,10,神佑,87787,1643,2465,4638,2630,3288,1153
30605,变异萌宝猪,3060,65,x,,10,神佑,87787,1723,2585,4860,2758,3448,1153
30609,萌宝猪宝宝,3060,65,,x,10,神佑,87787,1325,1988,3740,2120,2653,1153
30610,成年萌宝猪,3061,75,,,10,神佑,91379,1378,2065,3883,2203,2755,1255
30611,变异萌宝猪,3061,75,x,,10,神佑,91379,1445,2168,4078,2313,2893,1255
30612,变异萌宝猪,3061,75,x,,10,神佑,91379,1515,2273,4273,2423,3030,1255
30613,变异萌宝猪,3061,75,x,,10,神佑,91379,1583,2375,4465,2533,3168,1255
30614,变异萌宝猪,3061,75,x,,10,神佑,91379,1653,2478,4660,2643,3305,1255
30615,变异萌宝猪,3061,75,x,,10,神佑,91379,1720,2583,4855,2755,3443,1255
30616,变异萌宝猪,3061,75,x,,10,神佑,91379,1790,2685,5048,2865,3580,1255
30619,萌宝猪宝宝,3061,75,,x,10,神佑,91379,1378,2065,3883,2203,2755,1255
30620,成年萌宝猪,3062,85,,,10,神佑,94971,1428,2140,4025,2283,2855,1357
30621,变异萌宝猪,3062,85,x,,10,神佑,94971,1488,2233,4198,2380,2975,1357
30622,变异萌宝猪,3062,85,x,,10,神佑,94971,1548,2323,4370,2478,3098,1357
30623,变异萌宝猪,3062,85,x,,10,神佑,94971,1610,2415,4543,2578,3220,1357
30624,变异萌宝猪,3062,85,x,,10,神佑,94971,1670,2508,4715,2675,3343,1357
30625,变异萌宝猪,3062,85,x,,10,神佑,94971,1733,2600,4888,2773,3465,1357
30626,变异萌宝猪,3062,85,x,,10,神佑,94971,1793,2690,5060,2870,3588,1357
30627,变异萌宝猪,3062,85,x,,10,神佑,94971,1855,2783,5233,2968,3710,1357
30629,萌宝猪宝宝,3062,85,,x,10,神佑,94971,1428,2140,4025,2283,2855,1357
30630,成年萌宝猪,3063,95,,,10,神佑,98563,1478,2218,4170,2365,2958,1459
30631,变异萌宝猪,3063,95,x,,10,神佑,98563,1533,2300,4325,2453,3068,1459
30632,变异萌宝猪,3063,95,x,,10,神佑,98563,1588,2383,4483,2543,3178,1459
30633,变异萌宝猪,3063,95,x,,10,神佑,98563,1645,2468,4638,2630,3290,1459
30634,变异萌宝猪,3063,95,x,,10,神佑,98563,1700,2550,4795,2720,3400,1459
30635,变异萌宝猪,3063,95,x,,10,神佑,98563,1755,2633,4950,2808,3510,1459
30636,变异萌宝猪,3063,95,x,,10,神佑,98563,1810,2715,5108,2898,3623,1459
30637,变异萌宝猪,3063,95,x,,10,神佑,98563,1865,2800,5263,2985,3733,1459
30638,变异萌宝猪,3063,95,x,,10,神佑,98563,1920,2883,5420,3075,3843,1459
30639,萌宝猪宝宝,3063,95,,x,10,神佑,98563,1478,2218,4170,2365,2958,1459
30640,成年娲皇龙君,3064,95,,,10,清醒,98563,4365,4640,3070,2273,2865,1459
30641,变异娲皇龙君,3064,95,x,,10,清醒,98563,5500,7000,5500,3450,4100,1459
30649,娲皇龙君宝宝,3064,95,,x,10,清醒,98563,4365,4800,4350,2773,3365,1459
30650,成年灵魅儿,3065,5,,,10,神佑,77012,3283,2578,1640,2110,1640,846
30651,变异灵魅儿,3065,5,x,,10,神佑,77012,3775,2965,1888,2425,1888,846
30652,变异灵魅儿,3065,5,x,,10,神佑,77012,4268,3353,2133,2743,2133,846
30659,灵魅儿宝宝,3065,5,,x,10,神佑,77012,3283,2578,1640,2110,1640,846
30660,成年灵魅儿,3066,45,,,10,神佑,80604,3425,2690,1713,2203,1713,948
30661,变异灵魅儿,3066,45,x,,10,神佑,80604,3768,2960,1883,2423,1883,948
30662,变异灵魅儿,3066,45,x,,10,神佑,80604,4110,3230,2055,2643,2055,948
30663,变异灵魅儿,3066,45,x,,10,神佑,80604,4453,3498,2225,2863,2225,948
30669,灵魅儿宝宝,3066,45,,x,10,神佑,80604,3425,2690,1713,2203,1713,948
30670,成年灵魅儿,3067,55,,,10,神佑,84195,3570,2805,1785,2295,1785,1051
30671,变异灵魅儿,3067,55,x,,10,神佑,84195,3838,3015,1918,2465,1918,1051
30672,变异灵魅儿,3067,55,x,,10,神佑,84195,4105,3225,2053,2638,2053,1051
30673,变异灵魅儿,3067,55,x,,10,神佑,84195,4373,3435,2185,2810,2185,1051
30674,变异灵魅儿,3067,55,x,,10,神佑,84195,4640,3645,2320,2983,2320,1051
30679,灵魅儿宝宝,3067,55,,x,10,神佑,84195,3570,2805,1785,2295,1785,1051
30680,成年灵魅儿,3068,65,,,10,神佑,87787,3713,2918,1855,2385,1855,1153
30681,变异灵魅儿,3068,65,x,,10,神佑,87787,3935,3093,1968,2530,1968,1153
30682,变异灵魅儿,3068,65,x,,10,神佑,87787,4158,3268,2078,2673,2078,1153
30683,变异灵魅儿,3068,65,x,,10,神佑,87787,4380,3443,2190,2815,2190,1153
30684,变异灵魅儿,3068,65,x,,10,神佑,87787,4603,3618,2300,2960,2300,1153
30685,变异灵魅儿,3068,65,x,,10,神佑,87787,4828,3793,2413,3103,2413,1153
30689,灵魅儿宝宝,3068,65,,x,10,神佑,87787,3713,2918,1855,2385,1855,1153
30690,成年灵魅儿,3069,75,,,10,神佑,91379,3855,3030,1928,2478,1928,1255
30691,变异灵魅儿,3069,75,x,,10,神佑,91379,4048,3180,2023,2603,2023,1255
30692,变异灵魅儿,3069,75,x,,10,神佑,91379,4243,3333,2120,2725,2120,1255
30693,变异灵魅儿,3069,75,x,,10,神佑,91379,4435,3485,2218,2850,2218,1255
30694,变异灵魅儿,3069,75,x,,10,神佑,91379,4628,3635,2313,2975,2313,1255
30695,变异灵魅儿,3069,75,x,,10,神佑,91379,4820,3788,2410,3098,2410,1255
30696,变异灵魅儿,3069,75,x,,10,神佑,91379,5013,3938,2505,3223,2505,1255
30699,灵魅儿宝宝,3069,75,,x,10,神佑,91379,3855,3030,1928,2478,1928,1255
30700,成年灵魅儿,3070,85,,,10,神佑,94971,3995,3140,1998,2568,1998,1357
30701,变异灵魅儿,3070,85,x,,10,神佑,94971,4168,3275,2083,2678,2083,1357
30702,变异灵魅儿,3070,85,x,,10,神佑,94971,4338,3408,2168,2788,2168,1357
30703,变异灵魅儿,3070,85,x,,10,神佑,94971,4510,3543,2255,2898,2255,1357
30704,变异灵魅儿,3070,85,x,,10,神佑,94971,4680,3678,2340,3008,2340,1357
30705,变异灵魅儿,3070,85,x,,10,神佑,94971,4853,3813,2425,3120,2425,1357
30706,变异灵魅儿,3070,85,x,,10,神佑,94971,5023,3948,2510,3230,2510,1357
30707,变异灵魅儿,3070,85,x,,10,神佑,94971,5195,4083,2598,3340,2598,1357
30709,灵魅儿宝宝,3070,85,,x,10,神佑,94971,3995,3140,1998,2568,1998,1357
30710,成年灵魅儿,3071,95,,,10,神佑,98563,4140,3253,2070,2660,2070,1459
30711,变异灵魅儿,3071,95,x,,10,神佑,98563,4295,3375,2148,2760,2148,1459
30712,变异灵魅儿,3071,95,x,,10,神佑,98563,4450,3495,2225,2860,2225,1459
30713,变异灵魅儿,3071,95,x,,10,神佑,98563,4605,3618,2303,2960,2303,1459
30714,变异灵魅儿,3071,95,x,,10,神佑,98563,4760,3740,2380,3060,2380,1459
30715,变异灵魅儿,3071,95,x,,10,神佑,98563,4915,3863,2458,3160,2458,1459
30716,变异灵魅儿,3071,95,x,,10,神佑,98563,5070,3985,2535,3260,2535,1459
30717,变异灵魅儿,3071,95,x,,10,神佑,98563,5225,4105,2613,3360,2613,1459
30718,变异灵魅儿,3071,95,x,,10,神佑,98563,5383,4228,2690,3460,2690,1459
30719,灵魅儿宝宝,3071,95,,x,10,神佑,98563,4140,3253,2070,2660,2070,1459
30720,成年娲皇龙帝,3072,95,,,10,清醒,98563,4365,4640,3070,2273,4065,1459
30721,变异娲皇龙帝,3072,95,x,,10,清醒,98563,5500,7250,5500,2750,4600,1459
30729,娲皇龙帝宝宝,3072,95,,x,10,清醒,98563,4365,4800,4350,2573,4365,1459
30730,成年傀儡狼,3073,20,,,10,嗜血,98563,2365,4140,2070,1923,2365,1459
30731,变异傀儡狼,3073,20,x,,10,嗜血,98563,3075,5500,2690,2305,3075,1459
30732,变异傀儡狼,3073,20,x,,10,嗜血,98563,3075,5500,2690,2305,3075,1459
30739,傀儡狼宝宝,3073,20,,x,10,嗜血,98563,2365,4140,2070,1773,2365,1459
30740,成年碧落青鸾,3074,5,,,10,神佑,77012,3283,2578,1640,2110,1640,846
30741,变异碧落青鸾,3074,5,x,,10,神佑,77012,3775,2965,1888,2425,1888,846
30742,变异碧落青鸾,3074,5,x,,10,神佑,77012,4268,3353,2133,2743,2133,846
30749,碧落青鸾宝宝,3074,5,,x,10,神佑,77012,3283,2578,1640,2110,1640,846
30750,成年碧落青鸾,3075,45,,,10,神佑,80604,3425,2690,1713,2203,1713,948
30751,变异碧落青鸾,3075,45,x,,10,神佑,80604,3768,2960,1883,2423,1883,948
30752,变异碧落青鸾,3075,45,x,,10,神佑,80604,4110,3230,2055,2643,2055,948
30753,变异碧落青鸾,3075,45,x,,10,神佑,80604,4453,3498,2225,2863,2225,948
30759,碧落青鸾宝宝,3075,45,,x,10,神佑,80604,3425,2690,1713,2203,1713,948
30760,成年碧落青鸾,3076,55,,,10,神佑,84195,3570,2805,1785,2295,1785,1051
30761,变异碧落青鸾,3076,55,x,,10,神佑,84195,3838,3015,1918,2465,1918,1051
30762,变异碧落青鸾,3076,55,x,,10,神佑,84195,4105,3225,2053,2638,2053,1051
30763,变异碧落青鸾,3076,55,x,,10,神佑,84195,4373,3435,2185,2810,2185,1051
30764,变异碧落青鸾,3076,55,x,,10,神佑,84195,4640,3645,2320,2983,2320,1051
30769,碧落青鸾宝宝,3076,55,,x,10,神佑,84195,3570,2805,1785,2295,1785,1051
30770,成年碧落青鸾,3077,65,,,10,神佑,87787,3713,2918,1855,2385,1855,1153
30771,变异碧落青鸾,3077,65,x,,10,神佑,87787,3935,3093,1968,2530,1968,1153
30772,变异碧落青鸾,3077,65,x,,10,神佑,87787,4158,3268,2078,2673,2078,1153
30773,变异碧落青鸾,3077,65,x,,10,神佑,87787,4380,3443,2190,2815,2190,1153
30774,变异碧落青鸾,3077,65,x,,10,神佑,87787,4603,3618,2300,2960,2300,1153
30775,变异碧落青鸾,3077,65,x,,10,神佑,87787,4828,3793,2413,3103,2413,1153
30779,碧落青鸾宝宝,3077,65,,x,10,神佑,87787,3713,2918,1855,2385,1855,1153
30780,成年碧落青鸾,3078,75,,,10,神佑,91379,3855,3030,1928,2478,1928,1255
30781,变异碧落青鸾,3078,75,x,,10,神佑,91379,4048,3180,2023,2603,2023,1255
30782,变异碧落青鸾,3078,75,x,,10,神佑,91379,4243,3333,2120,2725,2120,1255
30783,变异碧落青鸾,3078,75,x,,10,神佑,91379,4435,3485,2218,2850,2218,1255
30784,变异碧落青鸾,3078,75,x,,10,神佑,91379,4628,3635,2313,2975,2313,1255
30785,变异碧落青鸾,3078,75,x,,10,神佑,91379,4820,3788,2410,3098,2410,1255
30786,变异碧落青鸾,3078,75,x,,10,神佑,91379,5013,3938,2505,3223,2505,1255
30789,碧落青鸾宝宝,3078,75,,x,10,神佑,91379,3855,3030,1928,2478,1928,1255
30790,成年碧落青鸾,3079,85,,,10,神佑,94971,3995,3140,1998,2568,1998,1357
30791,变异碧落青鸾,3079,85,x,,10,神佑,94971,4168,3275,2083,2678,2083,1357
30792,变异碧落青鸾,3079,85,x,,10,神佑,94971,4338,3408,2168,2788,2168,1357
30793,变异碧落青鸾,3079,85,x,,10,神佑,94971,4510,3543,2255,2898,2255,1357
30794,变异碧落青鸾,3079,85,x,,10,神佑,94971,4680,3678,2340,3008,2340,1357
30795,变异碧落青鸾,3079,85,x,,10,神佑,94971,4853,3813,2425,3120,2425,1357
30796,变异碧落青鸾,3079,85,x,,10,神佑,94971,5023,3948,2510,3230,2510,1357
30797,变异碧落青鸾,3079,85,x,,10,神佑,94971,5195,4083,2598,3340,2598,1357
30799,碧落青鸾宝宝,3079,85,,x,10,神佑,94971,3995,3140,1998,2568,1998,1357
30800,成年碧落青鸾,3080,95,,,10,神佑,98563,4140,3253,2070,2660,2070,1459
30801,变异碧落青鸾,3080,95,x,,10,神佑,98563,4295,3375,2148,2760,2148,1459
30802,变异碧落青鸾,3080,95,x,,10,神佑,98563,4450,3495,2225,2860,2225,1459
30803,变异碧落青鸾,3080,95,x,,10,神佑,98563,4605,3618,2303,2960,2303,1459
30804,变异碧落青鸾,3080,95,x,,10,神佑,98563,4760,3740,2380,3060,2380,1459
30805,变异碧落青鸾,3080,95,x,,10,神佑,98563,4915,3863,2458,3160,2458,1459
30806,变异碧落青鸾,3080,95,x,,10,神佑,98563,5070,3985,2535,3260,2535,1459
30807,变异碧落青鸾,3080,95,x,,10,神佑,98563,5225,4105,2613,3360,2613,1459
30808,变异碧落青鸾,3080,95,x,,10,神佑,98563,5383,4228,2690,3460,2690,1459
30809,碧落青鸾宝宝,3080,95,,x,10,神佑,98563,4140,3253,2070,2660,2070,1459
30810,成年天命玄凤,3081,5,,,10,神佑,77012,3283,2578,1640,2110,1640,846
30811,变异天命玄凤,3081,5,x,,10,神佑,77012,3775,2965,1888,2425,1888,846
30812,变异天命玄凤,3081,5,x,,10,神佑,77012,4268,3353,2133,2743,2133,846
30819,天命玄凤宝宝,3081,5,,x,10,神佑,77012,3283,2578,1640,2110,1640,846
30820,成年天命玄凤,3082,45,,,10,神佑,80604,3425,2690,1713,2203,1713,948
30821,变异天命玄凤,3082,45,x,,10,神佑,80604,3768,2960,1883,2423,1883,948
30822,变异天命玄凤,3082,45,x,,10,神佑,80604,4110,3230,2055,2643,2055,948
30823,变异天命玄凤,3082,45,x,,10,神佑,80604,4453,3498,2225,2863,2225,948
30829,天命玄凤宝宝,3082,45,,x,10,神佑,80604,3425,2690,1713,2203,1713,948
30830,成年天命玄凤,3083,55,,,10,神佑,84195,3570,2805,1785,2295,1785,1051
30831,变异天命玄凤,3083,55,x,,10,神佑,84195,3838,3015,1918,2465,1918,1051
30832,变异天命玄凤,3083,55,x,,10,神佑,84195,4105,3225,2053,2638,2053,1051
30833,变异天命玄凤,3083,55,x,,10,神佑,84195,4373,3435,2185,2810,2185,1051
30834,变异天命玄凤,3083,55,x,,10,神佑,84195,4640,3645,2320,2983,2320,1051
30839,天命玄凤宝宝,3083,55,,x,10,神佑,84195,3570,2805,1785,2295,1785,1051
30840,成年天命玄凤,3084,65,,,10,神佑,87787,3713,2918,1855,2385,1855,1153
30841,变异天命玄凤,3084,65,x,,10,神佑,87787,3935,3093,1968,2530,1968,1153
30842,变异天命玄凤,3084,65,x,,10,神佑,87787,4158,3268,2078,2673,2078,1153
30843,变异天命玄凤,3084,65,x,,10,神佑,87787,4380,3443,2190,2815,2190,1153
30844,变异天命玄凤,3084,65,x,,10,神佑,87787,4603,3618,2300,2960,2300,1153
30845,变异天命玄凤,3084,65,x,,10,神佑,87787,4828,3793,2413,3103,2413,1153
30849,天命玄凤宝宝,3084,65,,x,10,神佑,87787,3713,2918,1855,2385,1855,1153
30850,成年天命玄凤,3085,75,,,10,神佑,91379,3855,3030,1928,2478,1928,1255
30851,变异天命玄凤,3085,75,x,,10,神佑,91379,4048,3180,2023,2603,2023,1255
30852,变异天命玄凤,3085,75,x,,10,神佑,91379,4243,3333,2120,2725,2120,1255
30853,变异天命玄凤,3085,75,x,,10,神佑,91379,4435,3485,2218,2850,2218,1255
30854,变异天命玄凤,3085,75,x,,10,神佑,91379,4628,3635,2313,2975,2313,1255
30855,变异天命玄凤,3085,75,x,,10,神佑,91379,4820,3788,2410,3098,2410,1255
30856,变异天命玄凤,3085,75,x,,10,神佑,91379,5013,3938,2505,3223,2505,1255
30859,天命玄凤宝宝,3085,75,,x,10,神佑,91379,3855,3030,1928,2478,1928,1255
30860,成年天命玄凤,3086,85,,,10,神佑,94971,3995,3140,1998,2568,1998,1357
30861,变异天命玄凤,3086,85,x,,10,神佑,94971,4168,3275,2083,2678,2083,1357
30862,变异天命玄凤,3086,85,x,,10,神佑,94971,4338,3408,2168,2788,2168,1357
30863,变异天命玄凤,3086,85,x,,10,神佑,94971,4510,3543,2255,2898,2255,1357
30864,变异天命玄凤,3086,85,x,,10,神佑,94971,4680,3678,2340,3008,2340,1357
30865,变异天命玄凤,3086,85,x,,10,神佑,94971,4853,3813,2425,3120,2425,1357
30866,变异天命玄凤,3086,85,x,,10,神佑,94971,5023,3948,2510,3230,2510,1357
30867,变异天命玄凤,3086,85,x,,10,神佑,94971,5195,4083,2598,3340,2598,1357
30869,天命玄凤宝宝,3086,85,,x,10,神佑,94971,3995,3140,1998,2568,1998,1357
30870,成年天命玄凤,3087,95,,,10,神佑,98563,4140,3253,2070,2660,2070,1459
30871,变异天命玄凤,3087,95,x,,10,神佑,98563,4295,3375,2148,2760,2148,1459
30872,变异天命玄凤,3087,95,x,,10,神佑,98563,4450,3495,2225,2860,2225,1459
30873,变异天命玄凤,3087,95,x,,10,神佑,98563,4605,3618,2303,2960,2303,1459
30874,变异天命玄凤,3087,95,x,,10,神佑,98563,4760,3740,2380,3060,2380,1459
30875,变异天命玄凤,3087,95,x,,10,神佑,98563,4915,3863,2458,3160,2458,1459
30876,变异天命玄凤,3087,95,x,,10,神佑,98563,5070,3985,2535,3260,2535,1459
30877,变异天命玄凤,3087,95,x,,10,神佑,98563,5225,4105,2613,3360,2613,1459
30878,变异天命玄凤,3087,95,x,,10,神佑,98563,5383,4228,2690,3460,2690,1459
30879,天命玄凤宝宝,3087,95,,x,10,神佑,98563,4140,3253,2070,2660,2070,1459
30880,成年妙鼠小仙,3088,5,,,10,嗜血,77012,3283,2578,1640,2110,1640,846
30881,变异妙鼠小仙,3088,5,x,,10,嗜血,77012,3775,2965,1888,2425,1888,846
30882,变异妙鼠小仙,3088,5,x,,10,嗜血,77012,4268,3353,2133,2743,2133,846
30889,妙鼠小仙宝宝,3088,5,,x,10,嗜血,77012,3283,2578,1640,2110,1640,846
30890,成年妙鼠小仙,3089,45,,,10,嗜血,80604,3425,2690,1713,2203,1713,948
30891,变异妙鼠小仙,3089,45,x,,10,嗜血,80604,3768,2960,1883,2423,1883,948
30892,变异妙鼠小仙,3089,45,x,,10,嗜血,80604,4110,3230,2055,2643,2055,948
30893,变异妙鼠小仙,3089,45,x,,10,嗜血,80604,4453,3498,2225,2863,2225,948
30899,妙鼠小仙宝宝,3089,45,,x,10,嗜血,80604,3425,2690,1713,2203,1713,948
30900,成年妙鼠小仙,3090,55,,,10,嗜血,84195,3570,2805,1785,2295,1785,1051
30901,变异妙鼠小仙,3090,55,x,,10,嗜血,84195,3838,3015,1918,2465,1918,1051
30902,变异妙鼠小仙,3090,55,x,,10,嗜血,84195,4105,3225,2053,2638,2053,1051
30903,变异妙鼠小仙,3090,55,x,,10,嗜血,84195,4373,3435,2185,2810,2185,1051
30904,变异妙鼠小仙,3090,55,x,,10,嗜血,84195,4640,3645,2320,2983,2320,1051
30909,妙鼠小仙宝宝,3090,55,,x,10,嗜血,84195,3570,2805,1785,2295,1785,1051
30910,成年妙鼠小仙,3091,65,,,10,嗜血,87787,3713,2918,1855,2385,1855,1153
30911,变异妙鼠小仙,3091,65,x,,10,嗜血,87787,3935,3093,1968,2530,1968,1153
30912,变异妙鼠小仙,3091,65,x,,10,嗜血,87787,4158,3268,2078,2673,2078,1153
30913,变异妙鼠小仙,3091,65,x,,10,嗜血,87787,4380,3443,2190,2815,2190,1153
30914,变异妙鼠小仙,3091,65,x,,10,嗜血,87787,4603,3618,2300,2960,2300,1153
30915,变异妙鼠小仙,3091,65,x,,10,嗜血,87787,4828,3793,2413,3103,2413,1153
30919,妙鼠小仙宝宝,3091,65,,x,10,嗜血,87787,3713,2918,1855,2385,1855,1153
30920,成年妙鼠小仙,3092,75,,,10,嗜血,91379,3855,3030,1928,2478,1928,1255
30921,变异妙鼠小仙,3092,75,x,,10,嗜血,91379,4048,3180,2023,2603,2023,1255
30922,变异妙鼠小仙,3092,75,x,,10,嗜血,91379,4243,3333,2120,2725,2120,1255
30923,变异妙鼠小仙,3092,75,x,,10,嗜血,91379,4435,3485,2218,2850,2218,1255
30924,变异妙鼠小仙,3092,75,x,,10,嗜血,91379,4628,3635,2313,2975,2313,1255
30925,变异妙鼠小仙,3092,75,x,,10,嗜血,91379,4820,3788,2410,3098,2410,1255
30926,变异妙鼠小仙,3092,75,x,,10,嗜血,91379,5013,3938,2505,3223,2505,1255
30929,妙鼠小仙宝宝,3092,75,,x,10,嗜血,91379,3855,3030,1928,2478,1928,1255
30930,成年妙鼠小仙,3093,85,,,10,嗜血,94971,3995,3140,1998,2568,1998,1357
30931,变异妙鼠小仙,3093,85,x,,10,嗜血,94971,4168,3275,2083,2678,2083,1357
30932,变异妙鼠小仙,3093,85,x,,10,嗜血,94971,4338,3408,2168,2788,2168,1357
30933,变异妙鼠小仙,3093,85,x,,10,嗜血,94971,4510,3543,2255,2898,2255,1357
30934,变异妙鼠小仙,3093,85,x,,10,嗜血,94971,4680,3678,2340,3008,2340,1357
30935,变异妙鼠小仙,3093,85,x,,10,嗜血,94971,4853,3813,2425,3120,2425,1357
30936,变异妙鼠小仙,3093,85,x,,10,嗜血,94971,5023,3948,2510,3230,2510,1357
30937,变异妙鼠小仙,3093,85,x,,10,嗜血,94971,5195,4083,2598,3340,2598,1357
30939,妙鼠小仙宝宝,3093,85,,x,10,嗜血,94971,3995,3140,1998,2568,1998,1357
30940,成年妙鼠小仙,3094,95,,,10,嗜血,98563,4140,3253,2070,2660,2070,1459
30941,变异妙鼠小仙,3094,95,x,,10,嗜血,98563,4295,3375,2148,2760,2148,1459
30942,变异妙鼠小仙,3094,95,x,,10,嗜血,98563,4450,3495,2225,2860,2225,1459
30943,变异妙鼠小仙,3094,95,x,,10,嗜血,98563,4605,3618,2303,2960,2303,1459
30944,变异妙鼠小仙,3094,95,x,,10,嗜血,98563,4760,3740,2380,3060,2380,1459
30945,变异妙鼠小仙,3094,95,x,,10,嗜血,98563,4915,3863,2458,3160,2458,1459
30946,变异妙鼠小仙,3094,95,x,,10,嗜血,98563,5070,3985,2535,3260,2535,1459
30947,变异妙鼠小仙,3094,95,x,,10,嗜血,98563,5225,4105,2613,3360,2613,1459
30948,变异妙鼠小仙,3094,95,x,,10,嗜血,98563,5383,4228,2690,3460,2690,1459
30949,妙鼠小仙宝宝,3094,95,,x,10,嗜血,98563,4140,3253,2070,2660,2070,1459
