# Ten tieng Viet cho trang bi (trang-bi.tsv chi co ten tieng Trung). Tao bang tools/viet-hoa-trang-bi.js, dung chinh sua tay.
# Ten = phien am Han-Viet may, co the khac ten client hien. Cot: ID, Ten, Loai, Cap, Khoa, Ten goc
10100000	Thanh Đồng Đao	Đao phủ	1	giao dịch được	青铜刀
10100001	Bát Phong Đao	Đao phủ	10	giao dịch được	泼风刀
10100002	Chiết Thiết Đao	Đao phủ	20	giao dịch được	折铁刀
10100003	Cổ Nguyệt Đao	Đao phủ	30	giao dịch được	古月刀
10100004	Khai Sơn Việt	Đao phủ	40	giao dịch được	开山钺
10100005	Kim Bối Đao	Đao phủ	50	giao dịch được	金背刀
10100006	Nguyệt Nha Sạn	Đao phủ	60	giao dịch được	月牙铲
10100007	Liệt Diễm Đao	Đao phủ	70	giao dịch được	烈焰刀
10100008	Ô Long Sạn	Đao phủ	80	giao dịch được	乌龙铲
10100009	Tử Kim Đao	Đao phủ	90	giao dịch được	紫金刀
10100010	Chấn Thiên Phủ	Đao phủ	100	giao dịch được	震天斧
10100011	Khổ Lực Đích Khảm Sài Đao	Đao phủ	1	khóa	苦力的砍柴刀
10100012	Ô Mã Phủ	Đao phủ	110	giao dịch được	乌玛斧
10100013	Khảm Kim Minh Đầu Chuỳ	Đao phủ	120	giao dịch được	嵌金铭头锤
10100014	130 Cấp Đao Phủ	Đao phủ	130	giao dịch được	130级刀斧
10100015	140 Cấp Đao Phủ	Đao phủ	140	giao dịch được	140级刀斧
10100016	150 Cấp Đao Phủ	Đao phủ	150	giao dịch được	150级刀斧
10100021	Nhiệm Vụ Lâm Thời Chiếm Dụng	Đao phủ	100	giao dịch được	任务临时占用
10100031	Điếu Ngư Can	Công cụ	10	giao dịch được	钓鱼竿
10100032	Thái Công Điếu	Công cụ	10	khóa khi mặc	太公钓
10100100	Đại Khảm Đao	Thương bổng	1	giao dịch được	大砍刀
10101000	Điểm Cương Thương	Thương bổng	1	giao dịch được	点钢枪
10101001	Lượng Ngân Thương	Thương bổng	10	giao dịch được	亮银枪
10101002	Nhạn Linh Thương	Thương bổng	20	giao dịch được	雁翎枪
10101003	Ngân Xà Thương	Thương bổng	30	giao dịch được	银蛇枪
10101004	Nguyệt Nha Kích	Thương bổng	40	giao dịch được	月牙戟
10101005	Hoả Tiêm Thương	Thương bổng	50	giao dịch được	火尖枪
10101006	Phong Lôi Thương	Thương bổng	60	giao dịch được	风雷枪
10101007	Dạ Xoa Mâu	Thương bổng	70	giao dịch được	夜叉矛
10101008	Chạm Kim Thương	Thương bổng	80	giao dịch được	錾金枪
10101009	Ẩm Huyết Thương	Thương bổng	90	giao dịch được	饮血枪
10101010	Huyền Lô Thương	Thương bổng	100	giao dịch được	玄卢枪
10101011	Ngao Hán	Thương bổng	110	giao dịch được	敖汉
10101012	Song Đồng	Thương bổng	120	giao dịch được	双瞳
10101013	130 Cấp Thương Bổng	Thương bổng	130	giao dịch được	130级枪棒
10101014	140 Cấp Thương Bổng	Thương bổng	140	giao dịch được	140级枪棒
10101015	150 Cấp Thương Bổng	Thương bổng	150	giao dịch được	150级枪棒
10101100	Hồng Anh Thương	Thương bổng	1	giao dịch được	红缨枪
10102000	Bạch Thiết Kiếm	Đoản binh	1	giao dịch được	白铁剑
10102001	Thu Hiệp Nhận	Đoản binh	10	giao dịch được	秋叶刃
10102002	Bạch Hồng Kiếm	Đoản binh	20	giao dịch được	白虹剑
10102003	Lam Ngọc Kiếm	Đoản binh	30	giao dịch được	蓝玉剑
10102004	Băng Huyền Kiếm	Đoản binh	40	giao dịch được	冰弦剑
10102005	Tinh Cương Kiếm	Đoản binh	50	giao dịch được	精钢剑
10102006	Trấn Yêu Nhận	Đoản binh	60	giao dịch được	镇妖刃
10102007	Kim Linh Kiếm	Đoản binh	70	giao dịch được	金翎剑
10102008	Kinh Hồng Nhận	Đoản binh	80	giao dịch được	惊鸿刃
10102009	Long Lân Nhận	Đoản binh	90	giao dịch được	龙麟刃
10102010	Huyền Thiết Kiếm	Đoản binh	100	giao dịch được	玄铁剑
10102012	Khoáng Sừ	Công cụ	10	giao dịch được	矿锄
10102013	Thái Dược Liêm	Công cụ	10	giao dịch được	采药镰
10102014	Tháp Ha	Đoản binh	110	giao dịch được	塔哈
10102015	Thạch Cốc	Đoản binh	120	giao dịch được	石谷
10102016	130 Cấp Đơn Đoản	Đoản binh	130	giao dịch được	130级单短
10102017	140 Cấp Đơn Đoản	Đoản binh	140	giao dịch được	140级单短
10102018	150 Cấp Đơn Đoản	Đoản binh	150	giao dịch được	150级单短
10102100	Thiết Kiếm	Đoản binh	1	giao dịch được	铁剑
10102201	Lạnh Ngọc Hàn Phương	Huyễn sức vũ khí	102	khóa	冷玉寒芳
10102202	Noãn Hương Phấn Nhuỵ	Huyễn sức vũ khí	102	khóa	暖香粉蕊
10102203	Phù Dung Hương	Huyễn sức vũ khí	102	khóa	芙蓉香
10102204	U Mộng	Huyễn sức vũ khí	102	khóa	幽梦
10102205	Nhu Tình	Huyễn sức vũ khí	102	khóa	柔情
10102206	Ngọc Ẩn Đào Phương	Huyễn sức vũ khí	102	khóa	玉隐桃芳
10102207	Lục Ỷ	Huyễn sức vũ khí	102	khóa	绿绮
10102208	Liên U	Huyễn sức vũ khí	102	khóa	莲幽
10102209	Bổng Bổng Đường （ Hồng ）	Huyễn sức vũ khí	102	khóa	棒棒糖（红）
10102210	Bổng Bổng Đường （ Lục ）	Huyễn sức vũ khí	102	khóa	棒棒糖（绿）
10102211	Bổng Bổng Đường （ Lam ）	Huyễn sức vũ khí	102	khóa	棒棒糖（蓝）
10102212	Hồng Úc Kim Hương	Huyễn sức vũ khí	102	khóa	红郁金香
10102213	Tử Úc Kim Hương	Huyễn sức vũ khí	102	khóa	紫郁金香
10102214	Phấn Mai Khôi	Huyễn sức vũ khí	102	khóa	粉玫瑰
10102215	Hồng Mai Khôi	Huyễn sức vũ khí	102	khóa	红玫瑰
10102216	Sơn Tra Băng Đường Hồ Lô	Huyễn sức vũ khí	102	khóa	山楂冰糖葫芦
10102217	Đại Phong Xa	Huyễn sức vũ khí	102	khóa	大风车
10102218	Lam Sắc Yêu Cơ	Huyễn sức vũ khí	102	khóa	蓝色妖姬
10102219	Nhất Sinh Nhất Thế	Huyễn sức vũ khí	102	khóa	一生一世
10102220	Anh Đào Bố Đinh	Huyễn sức vũ khí	102	khóa	樱桃布丁
10102221	Thảo Môi Điềm Đồng	Huyễn sức vũ khí	102	khóa	草莓甜筒
10102222	Lãng Mạn Tiểu Hùng	Huyễn sức vũ khí	102	khóa	浪漫小熊
10102223	Ỷ Mộng Mai Khôi	Huyễn sức vũ khí	102	khóa	绮梦玫瑰
10103000	Song Khẩu Nhận	Song đoản	1	giao dịch được	双口刃
10103001	Long Hổ Nhận	Song đoản	10	giao dịch được	龙虎刃
10103002	Thư Hùng Kiếm	Song đoản	20	giao dịch được	雌雄剑
10103003	Tử Mẫu Kiếm	Song đoản	30	giao dịch được	子母剑
10103004	Nga My Thích	Song đoản	40	giao dịch được	峨嵋刺
10103005	Xuyên Vân Kiếm	Song đoản	50	giao dịch được	穿云剑
10103006	Huyết Hoả Kiếm	Song đoản	60	giao dịch được	血火剑
10103007	Điện Quang Chuỳ	Song đoản	70	giao dịch được	电光锤
10103008	Âm Dương Kiếm	Song đoản	80	giao dịch được	阴阳剑
10103009	Thiên Địa Kiếm	Song đoản	90	giao dịch được	天地剑
10103010	Uyên Ương Đao	Song đoản	100	giao dịch được	鸳鸯刀
10103011	Nộ Ha	Song đoản	110	giao dịch được	怒哈
10103012	Nhã Tân	Song đoản	120	giao dịch được	雅辛
10103013	130 Cấp Song Đoản	Song đoản	130	giao dịch được	130级双短
10103014	140 Cấp Song Đoản	Song đoản	140	giao dịch được	140级双短
10103015	150 Cấp Song Đoản	Song đoản	150	giao dịch được	150级双短
10103100	Đào Mộc Kiếm	Song đoản	1	giao dịch được	桃木剑
10104000	Thuỷ Mặc Phiến	Quạt	1	giao dịch được	水墨扇
10104001	Đàn Hương Phiến	Quạt	10	giao dịch được	檀香扇
10104002	Quyên Cung Phiến	Quạt	20	giao dịch được	绢宫扇
10104003	Miên Trúc Phiến	Quạt	30	giao dịch được	绵竹扇
10104004	Tượng Nha Phiến	Quạt	40	giao dịch được	象牙扇
10104005	Tương Ngọc Phiến	Quạt	50	giao dịch được	镶玉扇
10104006	Tài Vân Phiến	Quạt	60	giao dịch được	裁云扇
10104007	Điêu Linh Phiến	Quạt	70	giao dịch được	雕翎扇
10104008	Định Quân Phiến	Quạt	80	giao dịch được	定军扇
10104009	Chinh Lỗ Phiến	Quạt	90	giao dịch được	征虏扇
10104010	Phong Vũ Phiến	Quạt	100	giao dịch được	风雨扇
10104011	Sa Khâu	Quạt	110	giao dịch được	沙丘
10104012	Tượng Huyết	Quạt	120	giao dịch được	象血
10104013	130 Cấp Phiến	Quạt	130	giao dịch được	130级扇
10104014	140 Cấp Phiến	Quạt	140	giao dịch được	140级扇
10104015	150 Cấp Phiến	Quạt	150	giao dịch được	150级扇
10104100	Chiết Phiến	Quạt	1	giao dịch được	折扇
10105000	Trúc Chi Hoàn	Hoàn	1	giao dịch được	竹枝环
10105001	Bạch Hồng Hoàn	Hoàn	10	giao dịch được	白虹环
10105002	Tử Ngọc Hoàn	Hoàn	20	giao dịch được	紫玉环
10105003	Ngưng Sương Hoàn	Hoàn	30	giao dịch được	凝霜环
10105004	Phất Hương Hoàn	Hoàn	40	giao dịch được	拂香环
10105005	Bích Ngọc Hoàn	Hoàn	50	giao dịch được	碧玉环
10105006	Hỗn Độn Hoàn	Hoàn	60	giao dịch được	混沌环
10105007	Tiêu Dao Hoàn	Hoàn	70	giao dịch được	逍遥环
10105008	Thiên Mục Hoàn	Hoàn	80	giao dịch được	天目环
10105009	U Minh Hoàn	Hoàn	90	giao dịch được	幽冥环
10105010	Long Phượng Hoàn	Hoàn	100	giao dịch được	龙凤环
10105011	Hạ Phất Hoàn	Hoàn	110	giao dịch được	夏弗环
10105012	Tích Lan	Hoàn	120	giao dịch được	锡兰
10105013	130 Cấp Hoàn	Hoàn	130	giao dịch được	130级环
10105014	140 Cấp Hoàn	Hoàn	140	giao dịch được	140级环
10105015	150 Cấp Hoàn	Hoàn	150	giao dịch được	150级环
10105100	Thiết Hoàn	Hoàn	1	giao dịch được	铁环
10106000	Hoa Mộc Nỗ	Nỏ	1	giao dịch được	桦木弩
10106001	Tùng Chi Nỗ	Nỏ	10	giao dịch được	松枝弩
10106002	Đàn Mộc Nỗ	Nỏ	20	giao dịch được	檀木弩
10106003	Đào Mộc Nỗ	Nỏ	30	giao dịch được	桃木弩
10106004	Lê Hoa Nỗ	Nỏ	40	giao dịch được	梨花弩
10106005	Đoán Thiết Nỗ	Nỏ	50	giao dịch được	锻铁弩
10106006	Xích Đồng Nỗ	Nỏ	60	giao dịch được	赤铜弩
10106007	Lưu Kim Nỗ	Nỏ	70	giao dịch được	鎏金弩
10106008	Nhạn Linh Nỗ	Nỏ	80	giao dịch được	雁翎弩
10106009	Vân Bối Nỗ	Nỏ	90	giao dịch được	云背弩
10106010	Thuỷ Nguyệt Nỗ	Nỏ	100	giao dịch được	水月弩
10106011	Vân Lộc Tấn Nỗ	Nỏ	110	giao dịch được	云鹿迅弩
10106012	Khuynh Vân Lãng Nguyệt Nỗ	Nỏ	120	giao dịch được	倾云朗月弩
10106013	130 Cấp Nỗ	Nỏ	130	giao dịch được	130级弩
10106014	140 Cấp Nỗ	Nỏ	140	giao dịch được	140级弩
10106015	150 Cấp Nỗ	Nỏ	150	giao dịch được	150级弩
10106100	Tử Đằng Nỗ	Nỏ	1	giao dịch được	紫藤弩
10107000	Hoa Mộc Trượng	Trượng	1	giao dịch được	桦木杖
10107001	Tùng Chi Trượng	Trượng	10	giao dịch được	松枝杖
10107002	Đào Văn Trượng	Trượng	20	giao dịch được	桃纹杖
10107003	Hắc Đàn Trượng	Trượng	30	giao dịch được	黑檀杖
10107004	Lê Hoa Trượng	Trượng	40	giao dịch được	梨花杖
10107005	Kim Ti Trượng	Trượng	50	giao dịch được	金丝杖
10107006	Hàn Thiết Trượng	Trượng	60	giao dịch được	寒铁杖
10107007	Xích Đồng Trượng	Trượng	70	giao dịch được	赤铜杖
10107008	Lượng Ngân Trượng	Trượng	80	giao dịch được	亮银杖
10107009	Lưu Kim Trượng	Trượng	90	giao dịch được	鎏金杖
10107010	Thuỷ Nguyệt Trượng	Trượng	100	giao dịch được	水月杖
10107011	Phi Hoa Trượng	Trượng	110	giao dịch được	飞花杖
10107012	Bích Hải Thanh Vân Trượng	Trượng	120	giao dịch được	碧海青云杖
10107013	130 Cấp Trượng	Trượng	130	giao dịch được	130级杖
10107014	140 Cấp Trượng	Trượng	140	giao dịch được	140级杖
10107015	150 Cấp Trượng	Trượng	150	giao dịch được	150级杖
10107100	Hồng Tùng Trượng	Trượng	1	giao dịch được	红松杖
10110000	Đầu Cân	Mũ	1	giao dịch được	头巾
10110001	Bố Mạo	Mũ	2	giao dịch được	布帽
10110002	Ma Bố Mạo	Mũ	2	giao dịch được	麻布帽
10110003	Miên Bố Mạo	Mũ	2	giao dịch được	棉布帽
10110004	Sa Nhung Mạo	Mũ	12	giao dịch được	纱绒帽
10110005	Quyên Ti Mạo	Mũ	12	giao dịch được	绢丝帽
10110006	Cẩm Bạch Mạo	Mũ	22	giao dịch được	锦帛帽
10110007	Ti Trù Mạo	Mũ	22	giao dịch được	丝绸帽
10110008	Lăng La Mạo	Mũ	22	giao dịch được	绫罗帽
10110009	Lang Nha Mạo	Mũ	32	giao dịch được	狼牙帽
10110010	Lang Trảo Mạo	Mũ	32	giao dịch được	狼爪帽
10110011	Lang Bì Mạo	Mũ	32	giao dịch được	狼皮帽
10110012	Hổ Nha Mạo	Mũ	42	giao dịch được	虎牙帽
10110013	Hổ Trảo Mạo	Mũ	42	giao dịch được	虎爪帽
10110014	Bì Cách Mạo	Mũ	42	giao dịch được	皮革帽
10110015	Giao Long Mạo	Mũ	52	giao dịch được	蛟龙帽
10110016	Ô Tằm Mạo	Mũ	52	giao dịch được	乌蚕帽
10110017	Thương Mãng Mạo	Mũ	52	giao dịch được	苍蟒帽
10110018	Thiên Xu Mạo	Mũ	62	giao dịch được	天枢帽
10110019	Thiên Ky Mạo	Mũ	62	giao dịch được	天玑帽
10110020	Thiên Tuyền Mạo	Mũ	62	giao dịch được	天璇帽
10110021	Thiên Quyền Mạo	Mũ	62	giao dịch được	天权帽
10110022	Dao Quang Mạo	Mũ	62	giao dịch được	瑶光帽
10110023	Khai Dương Mạo	Mũ	62	giao dịch được	开阳帽
10110024	Tham Lang Mạo	Mũ	71	giao dịch được	贪狼帽
10110025	Cự Môn Mạo	Mũ	71	giao dịch được	巨门帽
10110026	Lộc Tồn Mạo	Mũ	71	giao dịch được	禄存帽
10110027	Văn Khúc Mạo	Mũ	71	giao dịch được	文曲帽
10110028	Phá Quân Mạo	Mũ	71	giao dịch được	破军帽
10110029	Võ Khúc Mạo	Mũ	71	giao dịch được	武曲帽
10110030	Như Lai Mạo	Mũ	76	giao dịch được	如来帽
10110031	Long Nữ Mạo	Mũ	76	giao dịch được	龙女帽
10110032	Thánh Võ Mạo	Mũ	76	giao dịch được	圣武帽
10110033	Đạt Ma Mạo	Mũ	76	giao dịch được	达摩帽
10110034	La Hán Mạo	Mũ	76	giao dịch được	罗汉帽
10110035	Lạt Ma Mạo	Mũ	76	giao dịch được	喇嘛帽
10110036	Phù Vân Mạo	Mũ	81	giao dịch được	浮云帽
10110037	Thần Hành Mạo	Mũ	81	giao dịch được	神行帽
10110038	Đạp Phong Mạo	Mũ	81	giao dịch được	踏风帽
10110039	Truy Nhật Mạo	Mũ	81	giao dịch được	追日帽
10110040	Trục Nguyệt Mạo	Mũ	81	giao dịch được	逐月帽
10110041	Chu Tước Quan	Mũ	86	giao dịch được	朱雀冠
10110042	Huyền Võ Quan	Mũ	86	giao dịch được	玄武冠
10110043	Bạch Hổ Quan	Mũ	86	giao dịch được	白虎冠
10110044	Thanh Long Quan	Mũ	86	giao dịch được	青龙冠
10110045	Thánh Linh Cân	Mũ	91	giao dịch được	圣灵巾
10110046	U Minh Quan	Mũ	91	giao dịch được	幽冥冠
10110047	Liên Mẫn Mạo	Mũ	91	giao dịch được	怜悯帽
10110048	Nghê Vân Vũ Quan	Mũ	96	giao dịch được	霓云羽冠
10110049	Cửu Bảo Thiên Cân	Mũ	96	giao dịch được	九宝天巾
10110050	Quy Nguyên Thần Quan	Mũ	96	giao dịch được	归元神冠
10110051	Mạc Sầu Mạo	Mũ	102	giao dịch được	莫愁帽
10110052	Khổng Vũ Quan	Mũ	112	giao dịch được	孔羽冠
10110053	130 Cấp Mạo	Mũ	122	giao dịch được	130级帽
10110054	140 Cấp Mạo	Mũ	132	giao dịch được	140级帽
10110055	150 Cấp Mạo	Mũ	142	giao dịch được	150级帽
10110100	Phá Đầu Cân	Mũ	1	giao dịch được	破头巾
10111000	Triền Cước	Giày	1	giao dịch được	缠脚
10111001	Bố Hài	Giày	4	giao dịch được	布鞋
10111002	Ma Bố Hài	Giày	4	giao dịch được	麻布鞋
10111003	Miên Bố Hài	Giày	4	giao dịch được	棉布鞋
10111004	Sa Nhung Hài	Giày	14	giao dịch được	纱绒鞋
10111005	Quyên Ti Hài	Giày	14	giao dịch được	绢丝鞋
10111006	Cẩm Bạch Hài	Giày	24	giao dịch được	锦帛鞋
10111007	Ti Trù Hài	Giày	24	giao dịch được	丝绸鞋
10111008	Lăng La Hài	Giày	24	giao dịch được	绫罗鞋
10111009	Lang Nha Hài	Giày	34	giao dịch được	狼牙鞋
10111010	Lang Trảo Hài	Giày	34	giao dịch được	狼爪鞋
10111011	Lang Bì Hài	Giày	34	giao dịch được	狼皮鞋
10111012	Hổ Nha Hài	Giày	44	giao dịch được	虎牙鞋
10111013	Hổ Trảo Hài	Giày	44	giao dịch được	虎爪鞋
10111014	Hổ Bì Hài	Giày	44	giao dịch được	虎皮鞋
10111015	Giao Long Hài	Giày	54	giao dịch được	蛟龙鞋
10111016	Ô Tằm Hài	Giày	54	giao dịch được	乌蚕鞋
10111017	Thương Mãng Hài	Giày	54	giao dịch được	苍蟒鞋
10111018	Thiên Xu Hài	Giày	64	giao dịch được	天枢鞋
10111019	Thiên Ky Hài	Giày	64	giao dịch được	天玑鞋
10111020	Thiên Tuyền Hài	Giày	64	giao dịch được	天璇鞋
10111021	Thiên Quyền Hài	Giày	64	giao dịch được	天权鞋
10111022	Dao Quang Hài	Giày	64	giao dịch được	瑶光鞋
10111023	Khai Dương Hài	Giày	64	giao dịch được	开阳鞋
10111024	Tham Lang Hài	Giày	72	giao dịch được	贪狼鞋
10111025	Cự Môn Hài	Giày	72	giao dịch được	巨门鞋
10111026	Lộc Tồn Hài	Giày	72	giao dịch được	禄存鞋
10111027	Văn Khúc Hài	Giày	72	giao dịch được	文曲鞋
10111028	Phá Quân Hài	Giày	72	giao dịch được	破军鞋
10111029	Võ Khúc Hài	Giày	72	giao dịch được	武曲鞋
10111030	Như Lai Hài	Giày	77	giao dịch được	如来鞋
10111031	Long Nữ Hài	Giày	77	giao dịch được	龙女鞋
10111032	Thánh Võ Hài	Giày	77	giao dịch được	圣武鞋
10111033	Đạt Ma Hài	Giày	77	giao dịch được	达摩鞋
10111034	La Hán Hài	Giày	77	giao dịch được	罗汉鞋
10111035	Lạt Ma Ngoa	Giày	77	giao dịch được	喇嘛靴
10111036	Phù Vân Ngoa	Giày	82	giao dịch được	浮云靴
10111037	Thần Hành Ngoa	Giày	82	giao dịch được	神行靴
10111038	Đạp Phong Ngoa	Giày	82	giao dịch được	踏风靴
10111039	Truy Nhật Ngoa	Giày	82	giao dịch được	追日靴
10111040	Trục Nguyệt Ngoa	Giày	82	giao dịch được	逐月靴
10111041	Chu Tước Ngoa	Giày	87	giao dịch được	朱雀靴
10111042	Huyền Võ Ngoa	Giày	87	giao dịch được	玄武靴
10111043	Bạch Hổ Ngoa	Giày	87	giao dịch được	白虎靴
10111044	Thanh Long Ngoa	Giày	87	giao dịch được	青龙靴
10111045	Thánh Linh Chiến Ngoa	Giày	92	giao dịch được	圣灵战靴
10111046	U Minh Ma Ngoa	Giày	92	giao dịch được	幽冥魔靴
10111047	Liên Mẫn Chi Ngoa	Giày	92	giao dịch được	怜悯之靴
10111048	Nghê Vân Vũ Ngoa	Giày	97	giao dịch được	霓云羽靴
10111049	Cửu Bảo Thiên Ngoa	Giày	97	giao dịch được	九宝天靴
10111050	Quy Nguyên Thần Ngoa	Giày	97	giao dịch được	归元神靴
10111051	Khai Nguyên Ngoa	Giày	104	giao dịch được	开源靴
10111052	Thận Lâu Hài	Giày	114	giao dịch được	蜃楼鞋
10111053	130 Cấp Ngoa	Giày	124	giao dịch được	130级靴
10111054	140 Cấp Ngoa	Giày	134	giao dịch được	140级靴
10111055	150 Cấp Ngoa	Giày	144	giao dịch được	150级靴
10111100	Phá Triền Cước	Giày	1	giao dịch được	破缠脚
10112000	Khoả Thủ	Bao tay	1	giao dịch được	裹手
10112001	Bố Thủ Sáo	Bao tay	6	giao dịch được	布手套
10112002	Ma Bố Thủ Sáo	Bao tay	6	giao dịch được	麻布手套
10112003	Miên Bố Thủ Sáo	Bao tay	6	giao dịch được	棉布手套
10112004	Sa Nhung Thủ Sáo	Bao tay	16	giao dịch được	纱绒手套
10112005	Quyên Ti Thủ Sáo	Bao tay	16	giao dịch được	绢丝手套
10112006	Cẩm Bạch Thủ Sáo	Bao tay	26	giao dịch được	锦帛手套
10112007	Ti Trù Thủ Sáo	Bao tay	26	giao dịch được	丝绸手套
10112008	Lăng La Thủ Sáo	Bao tay	26	giao dịch được	绫罗手套
10112009	Lang Nha Thủ Sáo	Bao tay	36	giao dịch được	狼牙手套
10112010	Lang Trảo Thủ Sáo	Bao tay	36	giao dịch được	狼爪手套
10112011	Lang Bì Thủ Sáo	Bao tay	36	giao dịch được	狼皮手套
10112012	Hổ Nha Thủ Sáo	Bao tay	46	giao dịch được	虎牙手套
10112013	Hổ Trảo Thủ Sáo	Bao tay	46	giao dịch được	虎爪手套
10112014	Hổ Bì Thủ Sáo	Bao tay	46	giao dịch được	虎皮手套
10112015	Giao Long Thủ Sáo	Bao tay	56	giao dịch được	蛟龙手套
10112016	Ô Tằm Thủ Sáo	Bao tay	56	giao dịch được	乌蚕手套
10112017	Thương Mãng Thủ Sáo	Bao tay	56	giao dịch được	苍蟒手套
10112018	Thiên Xu Thủ Sáo	Bao tay	66	giao dịch được	天枢手套
10112019	Thiên Ky Thủ Sáo	Bao tay	66	giao dịch được	天玑手套
10112020	Thiên Tuyền Thủ Sáo	Bao tay	66	giao dịch được	天璇手套
10112021	Thiên Quyền Thủ Sáo	Bao tay	66	giao dịch được	天权手套
10112022	Dao Quang Thủ Sáo	Bao tay	66	giao dịch được	瑶光手套
10112023	Khai Dương Thủ Sáo	Bao tay	66	giao dịch được	开阳手套
10112024	Tham Lang Thủ Sáo	Bao tay	73	giao dịch được	贪狼手套
10112025	Cự Môn Thủ Sáo	Bao tay	73	giao dịch được	巨门手套
10112026	Lộc Tồn Thủ Sáo	Bao tay	73	giao dịch được	禄存手套
10112027	Văn Khúc Thủ Sáo	Bao tay	73	giao dịch được	文曲手套
10112028	Phá Quân Thủ Sáo	Bao tay	73	giao dịch được	破军手套
10112029	Võ Khúc Thủ Sáo	Bao tay	73	giao dịch được	武曲手套
10112030	Như Lai Thủ Sáo	Bao tay	78	giao dịch được	如来手套
10112031	Long Nữ Thủ Sáo	Bao tay	78	giao dịch được	龙女手套
10112032	Thánh Võ Thủ Sáo	Bao tay	78	giao dịch được	圣武手套
10112033	Đạt Ma Thủ Sáo	Bao tay	78	giao dịch được	达摩手套
10112034	La Hán Thủ Sáo	Bao tay	78	giao dịch được	罗汉手套
10112035	Lạt Ma Thủ Sáo	Bao tay	78	giao dịch được	喇嘛手套
10112036	Phù Vân Thủ Sáo	Bao tay	83	giao dịch được	浮云手套
10112037	Thần Hành Thủ Sáo	Bao tay	83	giao dịch được	神行手套
10112038	Đạp Phong Thủ Sáo	Bao tay	83	giao dịch được	踏风手套
10112039	Truy Nhật Thủ Sáo	Bao tay	83	giao dịch được	追日手套
10112040	Trục Nguyệt Thủ Sáo	Bao tay	83	giao dịch được	逐月手套
10112041	Chu Tước Thủ Sáo	Bao tay	88	giao dịch được	朱雀手套
10112042	Huyền Võ Thủ Sáo	Bao tay	88	giao dịch được	玄武手套
10112043	Bạch Hổ Thủ Sáo	Bao tay	88	giao dịch được	白虎手套
10112044	Thanh Long Thủ Sáo	Bao tay	88	giao dịch được	青龙手套
10112045	Thánh Linh Thủ Sáo	Bao tay	93	giao dịch được	圣灵手套
10112046	U Minh Thủ Sáo	Bao tay	93	giao dịch được	幽冥手套
10112047	Liên Mẫn Thủ Sáo	Bao tay	93	giao dịch được	怜悯手套
10112048	Nghê Vân Thủ Sáo	Bao tay	98	giao dịch được	霓云手套
10112049	Cửu Bảo Thủ Sáo	Bao tay	98	giao dịch được	九宝手套
10112050	Quy Nguyên Thủ Sáo	Bao tay	98	giao dịch được	归元手套
10112051	Lạc Hoả Hộ Thủ	Bao tay	106	giao dịch được	落火护手
10112052	Hung Nô Hộ Thủ	Bao tay	116	giao dịch được	匈奴护手
10112053	130 Cấp Thủ Sáo	Bao tay	126	giao dịch được	130级手套
10112054	140 Cấp Thủ Sáo	Bao tay	136	giao dịch được	140级手套
10112055	150 Cấp Thủ Sáo	Bao tay	146	giao dịch được	150级手套
10112100	Phá Khoả Thủ	Bao tay	1	giao dịch được	破裹手
10113000	Bố Sam	Áo	1	giao dịch được	布衫
10113001	Bố Y	Áo	8	giao dịch được	布衣
10113002	Ma Bố Y	Áo	8	giao dịch được	麻布衣
10113003	Miên Bố Y	Áo	8	giao dịch được	棉布衣
10113004	Sa Nhung Y	Áo	18	giao dịch được	纱绒衣
10113005	Quyên Ti Y	Áo	18	giao dịch được	绢丝衣
10113006	Cẩm Bạch Y	Áo	28	giao dịch được	锦帛衣
10113007	Ti Trù Y	Áo	28	giao dịch được	丝绸衣
10113008	Lăng La Y	Áo	28	giao dịch được	绫罗衣
10113009	Lang Nha Y	Áo	38	giao dịch được	狼牙衣
10113010	Lang Trảo Y	Áo	38	giao dịch được	狼爪衣
10113011	Lang Bì Y	Áo	38	giao dịch được	狼皮衣
10113012	Hổ Nha Y	Áo	48	giao dịch được	虎牙衣
10113013	Hổ Trảo Y	Áo	48	giao dịch được	虎爪衣
10113014	Hổ Bì Y	Áo	48	giao dịch được	虎皮衣
10113015	Giao Long Y	Áo	58	giao dịch được	蛟龙衣
10113016	Ô Tằm Y	Áo	58	giao dịch được	乌蚕衣
10113017	Thương Mãng Y	Áo	58	giao dịch được	苍蟒衣
10113018	Thiên Xu Y	Áo	68	giao dịch được	天枢衣
10113019	Thiên Ky Y	Áo	68	giao dịch được	天玑衣
10113020	Thiên Tuyền Y	Áo	68	giao dịch được	天璇衣
10113021	Thiên Quyền Y	Áo	68	giao dịch được	天权衣
10113022	Dao Quang Y	Áo	68	giao dịch được	瑶光衣
10113023	Khai Dương Y	Áo	68	giao dịch được	开阳衣
10113024	Tham Lang Y	Áo	74	giao dịch được	贪狼衣
10113025	Cự Môn Y	Áo	74	giao dịch được	巨门衣
10113026	Lộc Tồn Y	Áo	74	giao dịch được	禄存衣
10113027	Văn Khúc Y	Áo	74	giao dịch được	文曲衣
10113028	Phá Quân Y	Áo	74	giao dịch được	破军衣
10113029	Võ Khúc Y	Áo	74	giao dịch được	武曲衣
10113030	Như Lai Y	Áo	79	giao dịch được	如来衣
10113031	Long Nữ Y	Áo	79	giao dịch được	龙女衣
10113032	Thánh Võ Y	Áo	79	giao dịch được	圣武衣
10113033	Đạt Ma Y	Áo	79	giao dịch được	达摩衣
10113034	La Hán Y	Áo	79	giao dịch được	罗汉衣
10113035	Lạt Ma Y	Áo	79	giao dịch được	喇嘛衣
10113036	Phù Vân Giáp	Áo	84	giao dịch được	浮云甲
10113037	Thần Hành Giáp	Áo	84	giao dịch được	神行甲
10113038	Đạp Phong Giáp	Áo	84	giao dịch được	踏风甲
10113039	Truy Nhật Giáp	Áo	84	giao dịch được	追日甲
10113040	Trục Nguyệt Giáp	Áo	84	giao dịch được	逐月甲
10113041	Chu Tước Khải Giáp	Áo	89	giao dịch được	朱雀铠甲
10113042	Huyền Võ Khải Giáp	Áo	89	giao dịch được	玄武铠甲
10113043	Bạch Hổ Khải Giáp	Áo	89	giao dịch được	白虎铠甲
10113044	Thanh Long Khải Giáp	Áo	89	giao dịch được	青龙铠甲
10113045	Thánh Linh Chiến Giáp	Áo	94	giao dịch được	圣灵战甲
10113046	U Minh Ma Giáp	Áo	94	giao dịch được	幽冥魔甲
10113047	Liên Mẫn Chi Giáp	Áo	94	giao dịch được	怜悯之甲
10113048	Nghê Vân Vũ Y	Áo	99	giao dịch được	霓云羽衣
10113049	Cửu Bảo Thiên Y	Áo	99	giao dịch được	九宝天衣
10113050	Quy Nguyên Thần Y	Áo	99	giao dịch được	归元神衣
10113051	Chiểu Trạch Cừu	Áo	108	giao dịch được	沼泽裘
10113052	Cao Xương Bào	Áo	118	giao dịch được	高昌袍
10113053	130 Cấp Hộ Giáp	Áo	128	giao dịch được	130级护甲
10113054	140 Cấp Hộ Giáp	Áo	138	giao dịch được	140级护甲
10113055	150 Cấp Hộ Giáp	Áo	148	giao dịch được	150级护甲
10113100	Phá Bố Sam	Áo	1	giao dịch được	破布衫
10114000	Miên Bố Hộ Oản	Hộ uyển	4	giao dịch được	棉布护腕
10114001	Sa Nhung Hộ Oản	Hộ uyển	14	giao dịch được	纱绒护腕
10114002	Cẩm Bạch Hộ Oản	Hộ uyển	24	giao dịch được	锦帛护腕
10114003	Lăng La Hộ Oản	Hộ uyển	34	giao dịch được	绫罗护腕
10114004	Lang Bì Hộ Oản	Hộ uyển	44	giao dịch được	狼皮护腕
10114005	Hổ Bì Hộ Oản	Hộ uyển	54	giao dịch được	虎皮护腕
10114006	Thương Mãng Hộ Oản	Hộ uyển	64	giao dịch được	苍蟒护腕
10114007	Thiên Tuyền Hộ Oản	Hộ uyển	74	giao dịch được	天璇护腕
10114008	Dao Quang Hộ Oản	Hộ uyển	84	giao dịch được	瑶光护腕
10114009	Phá Quân Hộ Oản	Hộ uyển	94	giao dịch được	破军护腕
10114010	Lan Thấm Hộ Oản	Hộ uyển	104	giao dịch được	兰沁护腕
10114011	Như Cố Hộ Oản	Hộ uyển	114	giao dịch được	如故护腕
10114012	130 Cấp Hộ Oản	Hộ uyển	124	giao dịch được	130级护腕
10114013	140 Cấp Hộ Oản	Hộ uyển	134	giao dịch được	140级护腕
10114014	150 Cấp Hộ Oản	Hộ uyển	144	giao dịch được	150级护腕
10115000	Miên Bố Hộ Kiên	Hộ kiên	5	giao dịch được	棉布护肩
10115001	Sa Nhung Hộ Kiên	Hộ kiên	15	giao dịch được	纱绒护肩
10115002	Cẩm Bạch Hộ Kiên	Hộ kiên	25	giao dịch được	锦帛护肩
10115003	Lăng La Hộ Kiên	Hộ kiên	35	giao dịch được	绫罗护肩
10115004	Lang Bì Hộ Kiên	Hộ kiên	45	giao dịch được	狼皮护肩
10115005	Hổ Bì Hộ Kiên	Hộ kiên	55	giao dịch được	虎皮护肩
10115006	Thương Mãng Hộ Kiên	Hộ kiên	65	giao dịch được	苍蟒护肩
10115007	Thiên Tuyền Hộ Kiên	Hộ kiên	75	giao dịch được	天璇护肩
10115008	Dao Quang Hộ Kiên	Hộ kiên	85	giao dịch được	瑶光护肩
10115009	Phá Quân Hộ Kiên	Hộ kiên	95	giao dịch được	破军护肩
10115010	Nạp Lâm Hộ Kiên	Hộ kiên	105	giao dịch được	纳林护肩
10115011	Thánh Linh Kiên	Hộ kiên	115	giao dịch được	圣灵肩
10115012	130 Cấp Hộ Kiên	Hộ kiên	125	giao dịch được	130级护肩
10115013	140 Cấp Hộ Kiên	Hộ kiên	135	giao dịch được	140级护肩
10115014	150 Cấp Hộ Kiên	Hộ kiên	145	giao dịch được	150级护肩
10120001	Thiên Hoa Kết	Dây chuyền	8	giao dịch được	千花结
10120002	Phỉ Thuý Hạng Liên	Dây chuyền	18	giao dịch được	翡翠项链
10120003	Loạn Hoa Duyên	Dây chuyền	28	giao dịch được	乱花缘
10120004	Lam Vân Hạng Liên	Dây chuyền	38	giao dịch được	蓝云项链
10120005	Vân Miến Liên	Dây chuyền	48	giao dịch được	云缅链
10120006	Lục Niệm Thúc	Dây chuyền	58	giao dịch được	六念束
10120007	U Tình Lệ	Dây chuyền	68	giao dịch được	幽情泪
10120008	Dẫn Hồn Linh	Dây chuyền	78	giao dịch được	引魂铃
10120009	Nguyệt U	Dây chuyền	88	giao dịch được	月幽
10120010	Điệp Thần	Dây chuyền	98	giao dịch được	蝶神
10120011	Tịch Dạ	Dây chuyền	108	giao dịch được	寂夜
10120012	Thất Miên Liên	Dây chuyền	118	giao dịch được	七眠链
10120013	130 Cấp Hạng Luyện	Dây chuyền	128	giao dịch được	130级项炼
10120014	140 Cấp Hạng Luyện	Dây chuyền	138	giao dịch được	140级项炼
10120015	150 Cấp Hạng Luyện	Dây chuyền	148	giao dịch được	150级项炼
10121001	Liễu Sắc Yêu Đới	Đai lưng	2	giao dịch được	柳色腰带
10121002	Như Tâm Yêu Đới	Đai lưng	12	giao dịch được	如心腰带
10121003	Minh Kiêu Yêu Đới	Đai lưng	22	giao dịch được	明骁腰带
10121004	Bắc Can Cô Hoàn	Đai lưng	32	giao dịch được	北干箍环
10121005	Địa Viêm Hoàn Đới	Đai lưng	42	giao dịch được	地炎环带
10121006	Phi Thiên Yêu Hoàn	Đai lưng	52	giao dịch được	飞天腰环
10121007	Thần Toái Đới	Đai lưng	62	giao dịch được	神碎带
10121008	Thất Nguyên Yêu Hoàn	Đai lưng	72	giao dịch được	七元腰环
10121009	Bích Mộ	Đai lưng	82	giao dịch được	碧暮
10121010	Thương Nhật	Đai lưng	92	giao dịch được	殇日
10121011	Huyết Ngọc Đới	Đai lưng	102	giao dịch được	血玉带
10121012	Tiên Võ Đới	Đai lưng	112	giao dịch được	仙武带
10121013	130 Cấp Yêu Đới	Đai lưng	122	giao dịch được	130级腰带
10121014	140 Cấp Yêu Đới	Đai lưng	132	giao dịch được	140级腰带
10121015	150 Cấp Yêu Đới	Đai lưng	142	giao dịch được	150级腰带
10122001	Thanh Giới	Nhẫn	5	giao dịch được	青戒
10122002	Thuý Trúc Giới Chỉ	Nhẫn	15	giao dịch được	翠竹戒指
10122003	Bách Phỉ Giới Chỉ	Nhẫn	25	giao dịch được	百斐戒指
10122004	Như Ngọc Giới Chỉ	Nhẫn	35	giao dịch được	如玉戒指
10122005	Lưu Doanh	Nhẫn	45	giao dịch được	流盈
10122006	Linh Hủ	Nhẫn	55	giao dịch được	灵诩
10122007	Cửu Hoa	Nhẫn	65	giao dịch được	九华
10122008	Trân Linh Lung	Nhẫn	75	giao dịch được	珍玲珑
10122009	Lạnh Hồn	Nhẫn	85	giao dịch được	冷魂
10122010	Tế Phách	Nhẫn	95	giao dịch được	祭魄
10122011	An Tức Chỉ Hoàn	Nhẫn	105	giao dịch được	安息指环
10122012	Mạn Đà Giới Chỉ	Nhẫn	115	giao dịch được	曼陀戒指
10122013	130 Cấp Giới Chỉ	Nhẫn	125	giao dịch được	130级戒指
10122014	140 Cấp Giới Chỉ	Nhẫn	135	giao dịch được	140级戒指
10122015	150 Cấp Giới Chỉ	Nhẫn	145	giao dịch được	150级戒指
10123001	Liễu Sắc Hộ Phù	Hộ phù	5	giao dịch được	柳色护符
10123002	Như Tâm Hộ Phù	Hộ phù	15	giao dịch được	如心护符
10123003	Minh Kiêu Hộ Phù	Hộ phù	25	giao dịch được	明骁护符
10123004	Bắc Can Thần Phù	Hộ phù	35	giao dịch được	北干神符
10123005	Địa Viêm Nang	Hộ phù	45	giao dịch được	地炎囊
10123006	Phi Thiên Bao	Hộ phù	55	giao dịch được	飞天包
10123007	Thần Toái Đới	Hộ phù	65	giao dịch được	神碎带
10123008	Thất Nguyên Yêu Hoàn	Hộ phù	75	giao dịch được	七元腰环
10123009	Bích Mộ	Hộ phù	85	giao dịch được	碧暮
10123010	Thương Nhật	Hộ phù	95	giao dịch được	殇日
10123011	Lưu Tinh	Hộ phù	105	giao dịch được	琉晶
10123012	Bà Sa Văn Chương	Hộ phù	115	giao dịch được	婆娑纹章
10123013	130 Cấp Hộ Phù	Hộ phù	125	giao dịch được	130级护符
10123014	140 Cấp Hộ Phù	Hộ phù	135	giao dịch được	140级护符
10123015	150 Cấp Hộ Phù	Hộ phù	145	giao dịch được	150级护符
10124000	Như Lai Phật Y	Thời trang	1	khóa khi mặc	如来佛衣
10124001	Hoả Hoang Thánh Y	Thời trang	1	khóa khi mặc	火荒圣衣
10124002	Bách Động Cái Trang	Thời trang	1	khóa khi mặc	百洞丐装
10124003	Ngọc Nữ Hoa Phục	Thời trang	1	khóa khi mặc	玉女华服
10124004	Ngọc Hư Đạo Y	Thời trang	1	khóa khi mặc	玉虚道衣
10124005	Ngũ Độc Cẩm Phục	Thời trang	1	khóa khi mặc	五毒锦服
10124006	Thiên Sơn Tố Phục	Thời trang	1	khóa khi mặc	天山素服
10124007	Tiêu Dao Cẩm Y	Thời trang	1	khóa khi mặc	逍遥锦衣
10124008	Thần Kiếm Cẩm Trang	Thời trang	1	khóa khi mặc	神剑锦装
10124009	Không Sắc	Thời trang	1	khóa khi mặc	空色
10124010	Thánh Hoả	Thời trang	1	khóa khi mặc	圣火
10124011	Bích Mạch	Thời trang	1	khóa khi mặc	碧陌
10124012	Khấp Ảnh	Thời trang	1	khóa khi mặc	泣影
10124013	Hạc Tuyết	Thời trang	1	khóa khi mặc	鹤雪
10124014	Hung Lạc	Thời trang	1	khóa khi mặc	凶落
10124015	Nguyệt Mạn	Thời trang	1	khóa khi mặc	月漫
10124016	Huyễn Thương	Thời trang	1	khóa khi mặc	幻殇
10124017	Dương Tiêu	Thời trang	1	khóa khi mặc	阳潇
10124018	Nữ Chân Thị Phục	Thời trang	1	khóa khi mặc	女真氏服
10124019	Loan Phượng Hoà Minh	Thời trang	1	khóa khi mặc	鸾凤和鸣
10124020	Tình Thánh Ngoại Sáo	Thời trang	1	khóa khi mặc	情圣外套
10124021	Mai Khôi Tiên Tử	Thời trang	1	khóa khi mặc	玫瑰仙子
10124022	Ám Dạ Bách Hợp	Thời trang	1	khóa khi mặc	暗夜百合
10124023	Miêu Vực Phong Tình	Thời trang	1	khóa khi mặc	苗域风情
10124024	Phấn Mặc Nhân Sinh	Thời trang	1	khóa khi mặc	粉墨人生
10124025	Đoạn Dự Ngữ Yên	Thời trang	1	khóa khi mặc	段誉语嫣
10124026	Khô Lâu Chiến Giáp	Thời trang	1	khóa khi mặc	骷髅战甲
10124027	Tây Dương Phong Tình	Thời trang	1	khóa khi mặc	西洋风情
10124028	Đại Nội Cung Phong	Thời trang	1	khóa khi mặc	大内宫风
10124029	Cổ Hoặc Giang Hồ	Thời trang	1	khóa khi mặc	蛊惑江湖
10124030	Hoàng Kim Chiến Giáp	Thời trang	1	khóa khi mặc	黄金战甲
10124031	Tài Tử Giai Nhân	Thời trang	1	khóa khi mặc	才子佳人
10124032	Hổ Văn Liệp Thủ	Thời trang	1	khóa khi mặc	虎纹猎手
10124033	Huyết Sắc Chiến Giáp	Thời trang	1	khóa khi mặc	血色战甲
10124034	Khô Lâu Chiến Giáp	Thời trang	1	khóa khi mặc	骷髅战甲
10124035	Tây Dương Phong Tình	Thời trang	1	khóa khi mặc	西洋风情
10124036	Đại Nội Cung Phong	Thời trang	1	khóa khi mặc	大内宫风
10124037	Cổ Hoặc Giang Hồ	Thời trang	1	khóa khi mặc	蛊惑江湖
10124038	Hoàng Kim Chiến Giáp	Thời trang	1	khóa khi mặc	黄金战甲
10124039	Tài Tử Giai Nhân	Thời trang	1	khóa khi mặc	才子佳人
10124040	Hổ Văn Liệp Thủ	Thời trang	1	khóa khi mặc	虎纹猎手
10124041	Huyết Sắc Chiến Giáp	Thời trang	1	khóa khi mặc	血色战甲
10124042	Tuyết Vũ Sương Y	Thời trang	1	khóa khi mặc	雪羽霜衣
10124043	Dã Tính Chi Phong	Thời trang	1	khóa khi mặc	野性之风
10124044	Tiên Lữ Tình Duyên	Thời trang	1	khóa khi mặc	仙侣情缘
10124045	Hoan Lạc Thánh Đản	Thời trang	1	khóa khi mặc	欢乐圣诞
10124046	Dạ Hoả Long Ngâm	Thời trang	1	khóa khi mặc	夜火龙吟
10124047	Mặc Tử Thiên Hồng	Thời trang	1	khóa khi mặc	万紫千红
10124048	Lương Hồng Mạnh Quang	Thời trang	1	khóa khi mặc	梁鸿孟光
10124049	Ảm Đạm Điêu Linh	Thời trang	1	khóa khi mặc	黯淡雕灵
10124050	Thanh Phong Di Giang	Thời trang	1	khóa khi mặc	清风怡江
10124051	Nguyệt Thỏ Thương Lang	Thời trang	1	khóa khi mặc	月兔苍狼
10124052	Nghịch Kích Thanh Cương	Thời trang	1	khóa khi mặc	逆戟青钢
10124053	Mạch Ly	Thời trang	1	khóa khi mặc	陌离
10124054	Tiên Trần	Thời trang	1	khóa khi mặc	仙尘
10124055	Tuý Ý	Thời trang	1	khóa khi mặc	醉意
10124056	Tà Diễm	Thời trang	1	khóa khi mặc	邪焱
10124057	Ca La	Thời trang	1	khóa khi mặc	迦罗
10124058	Dao Quang	Thời trang	1	khóa khi mặc	瑶光
10124059	Lưu Hà	Thời trang	1	khóa khi mặc	流霞
10124060	Lục Ỷ	Thời trang	1	khóa khi mặc	绿绮
10124061	Tinh Hàn	Thời trang	1	khóa khi mặc	星寒
10124062	Thiên Thiên Hướng Thượng	Thời trang	1	khóa khi mặc	天天向上
10124063	Tiêu Phong A Chu	Thời trang	1	khóa khi mặc	萧峰阿朱
10124064	Kích Tình Thánh Đản	Thời trang	1	khóa khi mặc	激情圣诞
10124065	Xuân Phong Dư Tuyết	Thời trang	1	khóa khi mặc	春风余雪
10124066	Sơ Cuồng Ám Hương	Thời trang	1	khóa khi mặc	疏狂暗香
10124067	Tử Mị Huyễn Ảnh	Thời trang	1	khóa khi mặc	紫魅幻影
10124068	Tiên Vũ Ngưng Nguyệt	Thời trang	1	khóa khi mặc	仙羽凝月
10124069	Tử Mạch Hồng Trần	Thời trang	1	khóa khi mặc	紫陌红尘
10124070	Thuý Trúc Du Du	Thời trang	1	khóa khi mặc	翠竹悠悠
10124071	Hắc Dạ Giáng Lâm	Thời trang	1	khóa khi mặc	黑夜降临
10124072	Thánh Đản Lễ Phục	Thời trang	1	khóa khi mặc	圣诞礼服
10124073	Lục Dã Tiên Tung	Thời trang	1	khóa khi mặc	绿野仙踪
10124074	Mộ Dung Kiếm Phục	Thời trang	1	khóa khi mặc	慕容剑服
10124075	Binh Trá	Thời trang	1	khóa khi mặc	兵咤
10124076	Huyền Thương	Thời trang	1	khóa khi mặc	玄苍
10124077	Xích Tuyết Huyền Phượng	Thời trang	1	khóa khi mặc	赤雪玄凤
10124078	Mặc Vũ U Long	Thời trang	1	khóa khi mặc	墨羽幽龙
10124079	Hắc Dạ Giáng Lâm	Thời trang	1	khóa khi mặc	黑夜降临
10124080	Ám Ảnh Phong Ngân	Thời trang	1	khóa khi mặc	暗影锋痕
10124081	Tử Trừng Hiệp Ảnh	Thời trang	1	khóa khi mặc	紫澄侠影
10124082	Cổ Vận Hoa Tranh	Thời trang	1	khóa khi mặc	古韵华筝
10124083	Cẩm Tú Niên Hoa	Thời trang	1	khóa khi mặc	锦绣年华
10124084	Khinh Sa Mộng Điệp	Thời trang	1	khóa khi mặc	轻纱梦蝶
10124085	Tuyết Vũ Nhiên Tình	Thời trang	1	khóa khi mặc	雪舞燃情
10124086	Xích Vũ Tình Duyên	Thời trang	1	khóa khi mặc	赤羽情缘
10124087	Cẩm Tú Ngọc Hoàn	Thời trang	1	khóa khi mặc	锦绣玉环
10124088	Xích Vũ Tình Duyên	Thời trang	1	khóa khi mặc	赤羽情缘
10124089	Hiệp Môn Thanh Sam	Thời trang	1	khóa khi mặc	侠门青衫
10124090	Thương Vũ Thái Lam	Thời trang	1	khóa khi mặc	苍羽彩岚
10124091	Bích Thảo Thanh Tâm	Thời trang	1	khóa khi mặc	碧草清心
10124092	Nguyệt Ảnh Ỷ Mộng	Thời trang	1	khóa khi mặc	月影绮梦
10124093	Thuần Hoa	Thời trang	1	khóa khi mặc	淳华
10124094	Thái Dực	Thời trang	1	khóa khi mặc	彩翼
10124095	Thiên Lang	Thời trang	1	khóa khi mặc	天狼
10124096	Nộ Diễm	Thời trang	1	khóa khi mặc	怒焱
10124097	Nhược Thuỷ	Thời trang	1	khóa khi mặc	若水
10124098	Phục Hổ	Thời trang	1	khóa khi mặc	伏虎
10124099	Ưng Kích	Thời trang	1	khóa khi mặc	鹰击
10124100	Tuyền Ky	Thời trang	1	khóa khi mặc	璇玑
10124101	Lăng Ba	Thời trang	1	khóa khi mặc	凌波
10124102	Linh Xà	Thời trang	1	khóa khi mặc	灵蛇
10124103	Xích Hà Văn Long	Thời trang	1	khóa khi mặc	赤霞纹龙
10124104	Xuân Noãn Long Hồn	Thời trang	1	khóa khi mặc	春暖龙魂
10124105	Cẩm Tú Thánh Trang	Thời trang	1	khóa khi mặc	锦绣圣装
10124106	Tử Dật Sương Nhung	Thời trang	1	khóa khi mặc	紫逸霜绒
10124107	Phi Long Thừa Vân	Thời trang	1	khóa khi mặc	飞龙乘云
10124108	Thanh Hà Ngư Thiển	Thời trang	1	khóa khi mặc	清荷鱼浅
10124109	Kiêu Long Bá Khải	Thời trang	1	khóa khi mặc	枭龙霸铠
10124110	Hổ Khiếu Hùng Trang	Thời trang	1	khóa khi mặc	虎啸雄装
10124111	Viêm Lang Tôn Bào	Thời trang	1	khóa khi mặc	炎狼尊袍
10124112	Kiếm Ảnh Hoa Hinh	Thời trang	1	khóa khi mặc	剑影花馨
10124113	Phi Vũ Du Long	Thời trang	1	khóa khi mặc	飞羽游龙
10124114	Phiên Điệp Lạc Vũ	Thời trang	1	khóa khi mặc	翩蝶落羽
10124115	Thuỵ Ảnh Tường Phong	Thời trang	1	khóa khi mặc	瑞影祥风
10124116	Kiếm Ảnh Cầm Âm	Thời trang	1	khóa khi mặc	剑影琴音
10124117	Lưu Vân Cẩm Trang	Thời trang	1	khóa khi mặc	流云锦装
10124118	Hồng Thiền Cẩm Trang	Thời trang	1	khóa khi mặc	虹蝉锦装
10124119	Đường Môn Kình Trang	Thời trang	1	khóa khi mặc	唐门劲装
10124120	Dạ Ảnh	Thời trang	1	khóa khi mặc	夜影
10124121	Hàn Phong	Thời trang	1	khóa khi mặc	寒锋
10124122	Truy Hồn	Thời trang	1	khóa khi mặc	追魂
10124123	Mặc Nhiễm Thanh Phong	Thời trang	1	khóa khi mặc	墨染青风
10124124	Ngọc Vũ Thanh Trù	Thời trang	1	khóa khi mặc	玉羽青绸
10124125	Úc Hương Hinh Phương	Thời trang	1	khóa khi mặc	郁香馨芳
10124126	Dục Huyết Hàn Phong	Thời trang	1	khóa khi mặc	浴血寒锋
10124127	Lý Hí Lan Phương	Thời trang	1	khóa khi mặc	鲤戏澜芳
10124128	Bích Huỷ Hàm Phương	Thời trang	1	khóa khi mặc	碧卉含芳
10124129	Ngọc Cẩm Kim Sa	Thời trang	1	khóa khi mặc	玉锦金纱
10124130	Mặc Vũ Tiềm U	Thời trang	1	khóa khi mặc	墨羽潜幽
10124131	Dạ Cẩm Thiên Lan	Thời trang	1	khóa khi mặc	夜锦天澜
10124132	Tố Vãn Huyền Thường	Thời trang	1	khóa khi mặc	素挽玄裳
10124133	Thương Vân Sương Nguyệt	Thời trang	1	khóa khi mặc	苍云霜月
10124134	Mặc Vũ Tiềm U	Thời trang	1	khóa khi mặc	墨羽潜幽
10124135	Tường Vy Chi Mộng	Thời trang	1	khóa khi mặc	蔷薇之梦
10124136	Vân Noãn Phương Hoa	Thời trang	1	khóa khi mặc	云暖芳华
10124137	Long Phượng Trình Tường	Thời trang	1	khóa khi mặc	龙凤呈祥
10124138	Ngọc Cẩm Hồi Phong	Thời trang	1	khóa khi mặc	玉锦回枫
10124139	Nghê Thường Vũ Y	Thời trang	1	khóa khi mặc	霓裳羽衣
10124140	Phi Hồng Cẩm Trang	Thời trang	1	khóa khi mặc	飞虹锦装
10124141	Hoàng Kim Bá Long Giáp	Thời trang	1	khóa khi mặc	黄金霸龙甲
10124142	Thiên Cương Chiến Giáp	Thời trang	1	khóa khi mặc	天罡战甲
10124143	Băng Tâm Như Mộng	Thời trang	1	khóa khi mặc	冰心如梦
10124144	Linh Ô Lộng Vũ	Thời trang	1	khóa khi mặc	灵乌弄羽
10124145	Nộ Hải Phong Tình	Thời trang	1	khóa khi mặc	怒海风情
10124146	Tố Vãn Huyền Thường	Thời trang	1	khóa khi mặc	素挽玄裳
10124147	Tiên Lữ Tình Duyên	Thời trang	1	khóa khi mặc	仙侣情缘
10124148	Vân Mộng Tinh Thường	Thời trang	1	khóa khi mặc	云梦星裳
10124149	Thiên Thu Trang	Thời trang	1	khóa khi mặc	千秋装
10124150	Bất Quy Trang	Thời trang	1	khóa khi mặc	不归装
10124151	Vô Nhai Trang	Thời trang	1	khóa khi mặc	无涯装
10124152	Viêm La Trang	Thời trang	1	khóa khi mặc	炎罗装
10124153	Ngọc Hoàng Trang	Thời trang	1	khóa khi mặc	玉皇装
10124154	Phong Hoa Thiên Hương	Thời trang	1	khóa khi mặc	风华天香
10124155	Nguyệt Ảnh Man Y	Thời trang	1	khóa khi mặc	月影蛮衣
10124156	Bích Mộng Liên Hoa	Thời trang	1	khóa khi mặc	碧梦莲华
10124157	Điệp Vũ Lưu Phương	Thời trang	1	khóa khi mặc	蝶舞流芳
10124158	Sương Tuyết Long Hồn	Thời trang	1	khóa khi mặc	霜雪龙魂
10124159	Phi Long Thừa Vân	Thời trang	1	khóa khi mặc	飞龙乘云
10124160	Vân Tô Mộng Thường	Thời trang	1	khóa khi mặc	云酥梦裳
10124161	Tuý Mộng Liên Phương	Thời trang	1	khóa khi mặc	醉梦莲芳
10124162	Mộ Dung Kiếm Phục	Thời trang	1	khóa khi mặc	慕容剑服
10124163	Binh Trá	Thời trang	1	khóa khi mặc	兵咤
10124164	Lục Dã Tiên Tung	Thời trang	1	khóa khi mặc	绿野仙踪
10124165	Lôi Ti Dụ Hoặc Dục Y	Thời trang	1	khóa	蕾丝诱惑浴衣
10124166	Ngân Phi Nhiễm Nguyệt	Thời trang	1	khóa khi mặc	银霏染月
10124167	Cẩm Y Tuý Hoạ	Thời trang	1	khóa khi mặc	锦衣醉画
10124300	#e330066#gFFFFF0 Tiên Lữ Tình Duyên	#gf00ff0 Nhiễm Sắc Thời Trang	1	khóa khi mặc	#e330066#gFFFFF0仙侣情缘
10124301	#e330066#gFFFFF0 Tiên Lữ Tình Duyên	#gf00ff0 Nhiễm Sắc Thời Trang	1	khóa khi mặc	#e330066#gFFFFF0仙侣情缘
10124302	#e330066#gFFFFF0 Tiên Lữ Tình Duyên	#gf00ff0 Nhiễm Sắc Thời Trang	1	khóa khi mặc	#e330066#gFFFFF0仙侣情缘
10124303	#e330066#gFFFFF0 Tiên Lữ Tình Duyên	#gf00ff0 Nhiễm Sắc Thời Trang	1	khóa khi mặc	#e330066#gFFFFF0仙侣情缘
10124304	#e330066#gFFFFF0 Tiên Lữ Tình Duyên	#gf00ff0 Nhiễm Sắc Thời Trang	1	khóa khi mặc	#e330066#gFFFFF0仙侣情缘
10124305	#e330066#gFFFFF0 Tiên Lữ Tình Duyên	#gf00ff0 Nhiễm Sắc Thời Trang	1	khóa khi mặc	#e330066#gFFFFF0仙侣情缘
10124306	#e330066#gFFFFF0 Tiên Lữ Tình Duyên	#gf00ff0 Nhiễm Sắc Thời Trang	1	khóa khi mặc	#e330066#gFFFFF0仙侣情缘
10124307	#e330066#gFFFFF0 Tiên Lữ Tình Duyên	#gf00ff0 Nhiễm Sắc Thời Trang	1	khóa khi mặc	#e330066#gFFFFF0仙侣情缘
10124308	#e330066#gFFFFF0 Tiên Lữ Tình Duyên	#gf00ff0 Nhiễm Sắc Thời Trang	1	khóa khi mặc	#e330066#gFFFFF0仙侣情缘
10124310	#e330066#gFFFFF0 Tuyết Vũ Sương Y	#gf00ff0 Nhiễm Sắc Thời Trang	1	khóa khi mặc	#e330066#gFFFFF0雪羽霜衣
10124311	#e330066#gFFFFF0 Tuyết Vũ Sương Y	#gf00ff0 Nhiễm Sắc Thời Trang	1	khóa khi mặc	#e330066#gFFFFF0雪羽霜衣
10124312	#e330066#gFFFFF0 Tuyết Vũ Sương Y	#gf00ff0 Nhiễm Sắc Thời Trang	1	khóa khi mặc	#e330066#gFFFFF0雪羽霜衣
10124313	#e330066#gFFFFF0 Tuyết Vũ Sương Y	#gf00ff0 Nhiễm Sắc Thời Trang	1	khóa khi mặc	#e330066#gFFFFF0雪羽霜衣
10124314	#e330066#gFFFFF0 Tuyết Vũ Sương Y	#gf00ff0 Nhiễm Sắc Thời Trang	1	khóa khi mặc	#e330066#gFFFFF0雪羽霜衣
10124315	#e330066#gFFFFF0 Tuyết Vũ Sương Y	#gf00ff0 Nhiễm Sắc Thời Trang	1	khóa khi mặc	#e330066#gFFFFF0雪羽霜衣
10124316	#e330066#gFFFFF0 Tuyết Vũ Sương Y	#gf00ff0 Nhiễm Sắc Thời Trang	1	khóa khi mặc	#e330066#gFFFFF0雪羽霜衣
10124317	#e330066#gFFFFF0 Tuyết Vũ Sương Y	#gf00ff0 Nhiễm Sắc Thời Trang	1	khóa khi mặc	#e330066#gFFFFF0雪羽霜衣
10124318	#e330066#gFFFFF0 Tuyết Vũ Sương Y	#gf00ff0 Nhiễm Sắc Thời Trang	1	khóa khi mặc	#e330066#gFFFFF0雪羽霜衣
10124320	#e330066#gFFFFF0 Mặc Tử Thiên Hồng	#gf00ff0 Nhiễm Sắc Thời Trang	1	khóa khi mặc	#e330066#gFFFFF0万紫千红
10124321	#e330066#gFFFFF0 Mặc Tử Thiên Hồng	#gf00ff0 Nhiễm Sắc Thời Trang	1	khóa khi mặc	#e330066#gFFFFF0万紫千红
10124322	#e330066#gFFFFF0 Mặc Tử Thiên Hồng	#gf00ff0 Nhiễm Sắc Thời Trang	1	khóa khi mặc	#e330066#gFFFFF0万紫千红
10124323	#e330066#gFFFFF0 Mặc Tử Thiên Hồng	#gf00ff0 Nhiễm Sắc Thời Trang	1	khóa khi mặc	#e330066#gFFFFF0万紫千红
10124324	#e330066#gFFFFF0 Mặc Tử Thiên Hồng	#gf00ff0 Nhiễm Sắc Thời Trang	1	khóa khi mặc	#e330066#gFFFFF0万紫千红
10124325	#e330066#gFFFFF0 Mặc Tử Thiên Hồng	#gf00ff0 Nhiễm Sắc Thời Trang	1	khóa khi mặc	#e330066#gFFFFF0万紫千红
10124326	#e330066#gFFFFF0 Mặc Tử Thiên Hồng	#gf00ff0 Nhiễm Sắc Thời Trang	1	khóa khi mặc	#e330066#gFFFFF0万紫千红
10124327	#e330066#gFFFFF0 Mặc Tử Thiên Hồng	#gf00ff0 Nhiễm Sắc Thời Trang	1	khóa khi mặc	#e330066#gFFFFF0万紫千红
10124328	#e330066#gFFFFF0 Mặc Tử Thiên Hồng	#gf00ff0 Nhiễm Sắc Thời Trang	1	khóa khi mặc	#e330066#gFFFFF0万紫千红
10124330	#e330066#gFFFFF0 Ảm Đạm Điêu Linh	#gf00ff0 Nhiễm Sắc Thời Trang	1	khóa khi mặc	#e330066#gFFFFF0黯淡雕灵
10124331	#e330066#gFFFFF0 Ảm Đạm Điêu Linh	#gf00ff0 Nhiễm Sắc Thời Trang	1	khóa khi mặc	#e330066#gFFFFF0黯淡雕灵
10124332	#e330066#gFFFFF0 Ảm Đạm Điêu Linh	#gf00ff0 Nhiễm Sắc Thời Trang	1	khóa khi mặc	#e330066#gFFFFF0黯淡雕灵
10124333	#e330066#gFFFFF0 Ảm Đạm Điêu Linh	#gf00ff0 Nhiễm Sắc Thời Trang	1	khóa khi mặc	#e330066#gFFFFF0黯淡雕灵
10124334	#e330066#gFFFFF0 Ảm Đạm Điêu Linh	#gf00ff0 Nhiễm Sắc Thời Trang	1	khóa khi mặc	#e330066#gFFFFF0黯淡雕灵
10124335	#e330066#gFFFFF0 Ảm Đạm Điêu Linh	#gf00ff0 Nhiễm Sắc Thời Trang	1	khóa khi mặc	#e330066#gFFFFF0黯淡雕灵
10124336	#e330066#gFFFFF0 Ảm Đạm Điêu Linh	#gf00ff0 Nhiễm Sắc Thời Trang	1	khóa khi mặc	#e330066#gFFFFF0黯淡雕灵
10124337	#e330066#gFFFFF0 Ảm Đạm Điêu Linh	#gf00ff0 Nhiễm Sắc Thời Trang	1	khóa khi mặc	#e330066#gFFFFF0黯淡雕灵
10124338	#e330066#gFFFFF0 Ảm Đạm Điêu Linh	#gf00ff0 Nhiễm Sắc Thời Trang	1	khóa khi mặc	#e330066#gFFFFF0黯淡雕灵
10124340	#e330066#gFFFFF0 Thanh Phong Di Giang	#gf00ff0 Nhiễm Sắc Thời Trang	1	khóa khi mặc	#e330066#gFFFFF0清风怡江
10124341	#e330066#gFFFFF0 Thanh Phong Di Giang	#gf00ff0 Nhiễm Sắc Thời Trang	1	khóa khi mặc	#e330066#gFFFFF0清风怡江
10124342	#e330066#gFFFFF0 Thanh Phong Di Giang	#gf00ff0 Nhiễm Sắc Thời Trang	1	khóa khi mặc	#e330066#gFFFFF0清风怡江
10124343	#e330066#gFFFFF0 Thanh Phong Di Giang	#gf00ff0 Nhiễm Sắc Thời Trang	1	khóa khi mặc	#e330066#gFFFFF0清风怡江
10124344	#e330066#gFFFFF0 Thanh Phong Di Giang	#gf00ff0 Nhiễm Sắc Thời Trang	1	khóa khi mặc	#e330066#gFFFFF0清风怡江
10124345	#e330066#gFFFFF0 Thanh Phong Di Giang	#gf00ff0 Nhiễm Sắc Thời Trang	1	khóa khi mặc	#e330066#gFFFFF0清风怡江
10124346	#e330066#gFFFFF0 Thanh Phong Di Giang	#gf00ff0 Nhiễm Sắc Thời Trang	1	khóa khi mặc	#e330066#gFFFFF0清风怡江
10124347	#e330066#gFFFFF0 Thanh Phong Di Giang	#gf00ff0 Nhiễm Sắc Thời Trang	1	khóa khi mặc	#e330066#gFFFFF0清风怡江
10124348	#e330066#gFFFFF0 Thanh Phong Di Giang	#gf00ff0 Nhiễm Sắc Thời Trang	1	khóa khi mặc	#e330066#gFFFFF0清风怡江
10124350	#e330066#gFFFFF0 Xuân Phong Dư Tuyết	#gf00ff0 Nhiễm Sắc Thời Trang	1	khóa khi mặc	#e330066#gFFFFF0春风余雪
10124351	#e330066#gFFFFF0 Xuân Phong Dư Tuyết	#gf00ff0 Nhiễm Sắc Thời Trang	1	khóa khi mặc	#e330066#gFFFFF0春风余雪
10124352	#e330066#gFFFFF0 Xuân Phong Dư Tuyết	#gf00ff0 Nhiễm Sắc Thời Trang	1	khóa khi mặc	#e330066#gFFFFF0春风余雪
10124353	#e330066#gFFFFF0 Xuân Phong Dư Tuyết	#gf00ff0 Nhiễm Sắc Thời Trang	1	khóa khi mặc	#e330066#gFFFFF0春风余雪
10124354	#e330066#gFFFFF0 Xuân Phong Dư Tuyết	#gf00ff0 Nhiễm Sắc Thời Trang	1	khóa khi mặc	#e330066#gFFFFF0春风余雪
10124355	#e330066#gFFFFF0 Xuân Phong Dư Tuyết	#gf00ff0 Nhiễm Sắc Thời Trang	1	khóa khi mặc	#e330066#gFFFFF0春风余雪
10124356	#e330066#gFFFFF0 Xuân Phong Dư Tuyết	#gf00ff0 Nhiễm Sắc Thời Trang	1	khóa khi mặc	#e330066#gFFFFF0春风余雪
10124357	#e330066#gFFFFF0 Xuân Phong Dư Tuyết	#gf00ff0 Nhiễm Sắc Thời Trang	1	khóa khi mặc	#e330066#gFFFFF0春风余雪
10124358	#e330066#gFFFFF0 Xuân Phong Dư Tuyết	#gf00ff0 Nhiễm Sắc Thời Trang	1	khóa khi mặc	#e330066#gFFFFF0春风余雪
10124360	#e330066#gFFFFF0 Sơ Cuồng Ám Hương	#gf00ff0 Nhiễm Sắc Thời Trang	1	khóa khi mặc	#e330066#gFFFFF0疏狂暗香
10124361	#e330066#gFFFFF0 Sơ Cuồng Ám Hương	#gf00ff0 Nhiễm Sắc Thời Trang	1	khóa khi mặc	#e330066#gFFFFF0疏狂暗香
10124362	#e330066#gFFFFF0 Sơ Cuồng Ám Hương	#gf00ff0 Nhiễm Sắc Thời Trang	1	khóa khi mặc	#e330066#gFFFFF0疏狂暗香
10124363	#e330066#gFFFFF0 Sơ Cuồng Ám Hương	#gf00ff0 Nhiễm Sắc Thời Trang	1	khóa khi mặc	#e330066#gFFFFF0疏狂暗香
10124364	#e330066#gFFFFF0 Sơ Cuồng Ám Hương	#gf00ff0 Nhiễm Sắc Thời Trang	1	khóa khi mặc	#e330066#gFFFFF0疏狂暗香
10124365	#e330066#gFFFFF0 Sơ Cuồng Ám Hương	#gf00ff0 Nhiễm Sắc Thời Trang	1	khóa khi mặc	#e330066#gFFFFF0疏狂暗香
10124366	#e330066#gFFFFF0 Sơ Cuồng Ám Hương	#gf00ff0 Nhiễm Sắc Thời Trang	1	khóa khi mặc	#e330066#gFFFFF0疏狂暗香
10124367	#e330066#gFFFFF0 Sơ Cuồng Ám Hương	#gf00ff0 Nhiễm Sắc Thời Trang	1	khóa khi mặc	#e330066#gFFFFF0疏狂暗香
10124368	#e330066#gFFFFF0 Sơ Cuồng Ám Hương	#gf00ff0 Nhiễm Sắc Thời Trang	1	khóa khi mặc	#e330066#gFFFFF0疏狂暗香
10124370	#e330066#gFFFFF0 Tiên Vũ Ngưng Nguyệt	#gf00ff0 Nhiễm Sắc Thời Trang	1	khóa khi mặc	#e330066#gFFFFF0仙羽凝月
10124371	#e330066#gFFFFF0 Tiên Vũ Ngưng Nguyệt	#gf00ff0 Nhiễm Sắc Thời Trang	1	khóa khi mặc	#e330066#gFFFFF0仙羽凝月
10124372	#e330066#gFFFFF0 Tiên Vũ Ngưng Nguyệt	#gf00ff0 Nhiễm Sắc Thời Trang	1	khóa khi mặc	#e330066#gFFFFF0仙羽凝月
10124373	#e330066#gFFFFF0 Tiên Vũ Ngưng Nguyệt	#gf00ff0 Nhiễm Sắc Thời Trang	1	khóa khi mặc	#e330066#gFFFFF0仙羽凝月
10124374	#e330066#gFFFFF0 Tiên Vũ Ngưng Nguyệt	#gf00ff0 Nhiễm Sắc Thời Trang	1	khóa khi mặc	#e330066#gFFFFF0仙羽凝月
10124375	#e330066#gFFFFF0 Tiên Vũ Ngưng Nguyệt	#gf00ff0 Nhiễm Sắc Thời Trang	1	khóa khi mặc	#e330066#gFFFFF0仙羽凝月
10124376	#e330066#gFFFFF0 Tiên Vũ Ngưng Nguyệt	#gf00ff0 Nhiễm Sắc Thời Trang	1	khóa khi mặc	#e330066#gFFFFF0仙羽凝月
10124377	#e330066#gFFFFF0 Tiên Vũ Ngưng Nguyệt	#gf00ff0 Nhiễm Sắc Thời Trang	1	khóa khi mặc	#e330066#gFFFFF0仙羽凝月
10124378	#e330066#gFFFFF0 Tiên Vũ Ngưng Nguyệt	#gf00ff0 Nhiễm Sắc Thời Trang	1	khóa khi mặc	#e330066#gFFFFF0仙羽凝月
10124380	#e330066#gFFFFF0 Tử Dật Sương Nhung	#gf00ff0 Nhiễm Sắc Thời Trang	1	khóa khi mặc	#e330066#gFFFFF0紫逸霜绒
10124381	#e330066#gFFFFF0 Tử Dật Sương Nhung	#gf00ff0 Nhiễm Sắc Thời Trang	1	khóa khi mặc	#e330066#gFFFFF0紫逸霜绒
10124382	#e330066#gFFFFF0 Tử Dật Sương Nhung	#gf00ff0 Nhiễm Sắc Thời Trang	1	khóa khi mặc	#e330066#gFFFFF0紫逸霜绒
10124383	#e330066#gFFFFF0 Tử Dật Sương Nhung	#gf00ff0 Nhiễm Sắc Thời Trang	1	khóa khi mặc	#e330066#gFFFFF0紫逸霜绒
10124384	#e330066#gFFFFF0 Tử Dật Sương Nhung	#gf00ff0 Nhiễm Sắc Thời Trang	1	khóa khi mặc	#e330066#gFFFFF0紫逸霜绒
10124385	#e330066#gFFFFF0 Tử Dật Sương Nhung	#gf00ff0 Nhiễm Sắc Thời Trang	1	khóa khi mặc	#e330066#gFFFFF0紫逸霜绒
10124386	#e330066#gFFFFF0 Tử Dật Sương Nhung	#gf00ff0 Nhiễm Sắc Thời Trang	1	khóa khi mặc	#e330066#gFFFFF0紫逸霜绒
10124387	#e330066#gFFFFF0 Tử Dật Sương Nhung	#gf00ff0 Nhiễm Sắc Thời Trang	1	khóa khi mặc	#e330066#gFFFFF0紫逸霜绒
10124388	#e330066#gFFFFF0 Tử Dật Sương Nhung	#gf00ff0 Nhiễm Sắc Thời Trang	1	khóa khi mặc	#e330066#gFFFFF0紫逸霜绒
10124390	#e330066#gFFFFF0 Phi Long Thừa Vân	#gf00ff0 Nhiễm Sắc Thời Trang	1	khóa khi mặc	#e330066#gFFFFF0飞龙乘云
10124391	#e330066#gFFFFF0 Phi Long Thừa Vân	#gf00ff0 Nhiễm Sắc Thời Trang	1	khóa khi mặc	#e330066#gFFFFF0飞龙乘云
10124392	#e330066#gFFFFF0 Phi Long Thừa Vân	#gf00ff0 Nhiễm Sắc Thời Trang	1	khóa khi mặc	#e330066#gFFFFF0飞龙乘云
10124393	#e330066#gFFFFF0 Phi Long Thừa Vân	#gf00ff0 Nhiễm Sắc Thời Trang	1	khóa khi mặc	#e330066#gFFFFF0飞龙乘云
10124394	#e330066#gFFFFF0 Phi Long Thừa Vân	#gf00ff0 Nhiễm Sắc Thời Trang	1	khóa khi mặc	#e330066#gFFFFF0飞龙乘云
10124395	#e330066#gFFFFF0 Phi Long Thừa Vân	#gf00ff0 Nhiễm Sắc Thời Trang	1	khóa khi mặc	#e330066#gFFFFF0飞龙乘云
10124396	#e330066#gFFFFF0 Phi Long Thừa Vân	#gf00ff0 Nhiễm Sắc Thời Trang	1	khóa khi mặc	#e330066#gFFFFF0飞龙乘云
10124397	#e330066#gFFFFF0 Phi Long Thừa Vân	#gf00ff0 Nhiễm Sắc Thời Trang	1	khóa khi mặc	#e330066#gFFFFF0飞龙乘云
10124398	#e330066#gFFFFF0 Phi Long Thừa Vân	#gf00ff0 Nhiễm Sắc Thời Trang	1	khóa khi mặc	#e330066#gFFFFF0飞龙乘云
10124400	#e330066#gFFFFF0 Thanh Hà Ngư Thiển	#gf00ff0 Nhiễm Sắc Thời Trang	1	khóa khi mặc	#e330066#gFFFFF0清荷鱼浅
10124401	#e330066#gFFFFF0 Thanh Hà Ngư Thiển	#gf00ff0 Nhiễm Sắc Thời Trang	1	khóa khi mặc	#e330066#gFFFFF0清荷鱼浅
10124402	#e330066#gFFFFF0 Thanh Hà Ngư Thiển	#gf00ff0 Nhiễm Sắc Thời Trang	1	khóa khi mặc	#e330066#gFFFFF0清荷鱼浅
10124403	#e330066#gFFFFF0 Thanh Hà Ngư Thiển	#gf00ff0 Nhiễm Sắc Thời Trang	1	khóa khi mặc	#e330066#gFFFFF0清荷鱼浅
10124404	#e330066#gFFFFF0 Thanh Hà Ngư Thiển	#gf00ff0 Nhiễm Sắc Thời Trang	1	khóa khi mặc	#e330066#gFFFFF0清荷鱼浅
10124405	#e330066#gFFFFF0 Thanh Hà Ngư Thiển	#gf00ff0 Nhiễm Sắc Thời Trang	1	khóa khi mặc	#e330066#gFFFFF0清荷鱼浅
10124406	#e330066#gFFFFF0 Thanh Hà Ngư Thiển	#gf00ff0 Nhiễm Sắc Thời Trang	1	khóa khi mặc	#e330066#gFFFFF0清荷鱼浅
10124407	#e330066#gFFFFF0 Thanh Hà Ngư Thiển	#gf00ff0 Nhiễm Sắc Thời Trang	1	khóa khi mặc	#e330066#gFFFFF0清荷鱼浅
10124408	#e330066#gFFFFF0 Thanh Hà Ngư Thiển	#gf00ff0 Nhiễm Sắc Thời Trang	1	khóa khi mặc	#e330066#gFFFFF0清荷鱼浅
10124410	#e330066#gFFFFF0 Phiên Điệp Lạc Vũ	#gf00ff0 Nhiễm Sắc Thời Trang	1	khóa khi mặc	#e330066#gFFFFF0翩蝶落羽
10124411	#e330066#gFFFFF0 Phiên Điệp Lạc Vũ	#gf00ff0 Nhiễm Sắc Thời Trang	1	khóa khi mặc	#e330066#gFFFFF0翩蝶落羽
10124412	#e330066#gFFFFF0 Phiên Điệp Lạc Vũ	#gf00ff0 Nhiễm Sắc Thời Trang	1	khóa khi mặc	#e330066#gFFFFF0翩蝶落羽
10124413	#e330066#gFFFFF0 Phiên Điệp Lạc Vũ	#gf00ff0 Nhiễm Sắc Thời Trang	1	khóa khi mặc	#e330066#gFFFFF0翩蝶落羽
10124414	#e330066#gFFFFF0 Phiên Điệp Lạc Vũ	#gf00ff0 Nhiễm Sắc Thời Trang	1	khóa khi mặc	#e330066#gFFFFF0翩蝶落羽
10124415	#e330066#gFFFFF0 Phiên Điệp Lạc Vũ	#gf00ff0 Nhiễm Sắc Thời Trang	1	khóa khi mặc	#e330066#gFFFFF0翩蝶落羽
10124416	#e330066#gFFFFF0 Phiên Điệp Lạc Vũ	#gf00ff0 Nhiễm Sắc Thời Trang	1	khóa khi mặc	#e330066#gFFFFF0翩蝶落羽
10124417	#e330066#gFFFFF0 Phiên Điệp Lạc Vũ	#gf00ff0 Nhiễm Sắc Thời Trang	1	khóa khi mặc	#e330066#gFFFFF0翩蝶落羽
10124418	#e330066#gFFFFF0 Phiên Điệp Lạc Vũ	#gf00ff0 Nhiễm Sắc Thời Trang	1	khóa khi mặc	#e330066#gFFFFF0翩蝶落羽
10124420	#e330066#gFFFFF0 Ngọc Vũ Thanh Trù	#gf00ff0 Nhiễm Sắc Thời Trang	1	khóa khi mặc	#e330066#gFFFFF0玉羽青绸
10124421	#e330066#gFFFFF0 Ngọc Vũ Thanh Trù	#gf00ff0 Nhiễm Sắc Thời Trang	1	khóa khi mặc	#e330066#gFFFFF0玉羽青绸
10124422	#e330066#gFFFFF0 Ngọc Vũ Thanh Trù	#gf00ff0 Nhiễm Sắc Thời Trang	1	khóa khi mặc	#e330066#gFFFFF0玉羽青绸
10124423	#e330066#gFFFFF0 Ngọc Vũ Thanh Trù	#gf00ff0 Nhiễm Sắc Thời Trang	1	khóa khi mặc	#e330066#gFFFFF0玉羽青绸
10124424	#e330066#gFFFFF0 Ngọc Vũ Thanh Trù	#gf00ff0 Nhiễm Sắc Thời Trang	1	khóa khi mặc	#e330066#gFFFFF0玉羽青绸
10124425	#e330066#gFFFFF0 Ngọc Vũ Thanh Trù	#gf00ff0 Nhiễm Sắc Thời Trang	1	khóa khi mặc	#e330066#gFFFFF0玉羽青绸
10124426	#e330066#gFFFFF0 Ngọc Vũ Thanh Trù	#gf00ff0 Nhiễm Sắc Thời Trang	1	khóa khi mặc	#e330066#gFFFFF0玉羽青绸
10124427	#e330066#gFFFFF0 Ngọc Vũ Thanh Trù	#gf00ff0 Nhiễm Sắc Thời Trang	1	khóa khi mặc	#e330066#gFFFFF0玉羽青绸
10124428	#e330066#gFFFFF0 Ngọc Vũ Thanh Trù	#gf00ff0 Nhiễm Sắc Thời Trang	1	khóa khi mặc	#e330066#gFFFFF0玉羽青绸
10124430	#e330066#gFFFFF0 Úc Hương Hinh Phương	#gf00ff0 Nhiễm Sắc Thời Trang	1	khóa khi mặc	#e330066#gFFFFF0郁香馨芳
10124431	#e330066#gFFFFF0 Úc Hương Hinh Phương	#gf00ff0 Nhiễm Sắc Thời Trang	1	khóa khi mặc	#e330066#gFFFFF0郁香馨芳
10124432	#e330066#gFFFFF0 Úc Hương Hinh Phương	#gf00ff0 Nhiễm Sắc Thời Trang	1	khóa khi mặc	#e330066#gFFFFF0郁香馨芳
10124433	#e330066#gFFFFF0 Úc Hương Hinh Phương	#gf00ff0 Nhiễm Sắc Thời Trang	1	khóa khi mặc	#e330066#gFFFFF0郁香馨芳
10124434	#e330066#gFFFFF0 Úc Hương Hinh Phương	#gf00ff0 Nhiễm Sắc Thời Trang	1	khóa khi mặc	#e330066#gFFFFF0郁香馨芳
10124435	#e330066#gFFFFF0 Úc Hương Hinh Phương	#gf00ff0 Nhiễm Sắc Thời Trang	1	khóa khi mặc	#e330066#gFFFFF0郁香馨芳
10124436	#e330066#gFFFFF0 Úc Hương Hinh Phương	#gf00ff0 Nhiễm Sắc Thời Trang	1	khóa khi mặc	#e330066#gFFFFF0郁香馨芳
10124437	#e330066#gFFFFF0 Úc Hương Hinh Phương	#gf00ff0 Nhiễm Sắc Thời Trang	1	khóa khi mặc	#e330066#gFFFFF0郁香馨芳
10124438	#e330066#gFFFFF0 Úc Hương Hinh Phương	#gf00ff0 Nhiễm Sắc Thời Trang	1	khóa khi mặc	#e330066#gFFFFF0郁香馨芳
10124440	#e330066#gFFFFF0 Lý Hí Lan Phương	#gf00ff0 Nhiễm Sắc Thời Trang	1	khóa khi mặc	#e330066#gFFFFF0鲤戏澜芳
10124441	#e330066#gFFFFF0 Lý Hí Lan Phương	#gf00ff0 Nhiễm Sắc Thời Trang	1	khóa khi mặc	#e330066#gFFFFF0鲤戏澜芳
10124442	#e330066#gFFFFF0 Lý Hí Lan Phương	#gf00ff0 Nhiễm Sắc Thời Trang	1	khóa khi mặc	#e330066#gFFFFF0鲤戏澜芳
10124443	#e330066#gFFFFF0 Lý Hí Lan Phương	#gf00ff0 Nhiễm Sắc Thời Trang	1	khóa khi mặc	#e330066#gFFFFF0鲤戏澜芳
10124444	#e330066#gFFFFF0 Lý Hí Lan Phương	#gf00ff0 Nhiễm Sắc Thời Trang	1	khóa khi mặc	#e330066#gFFFFF0鲤戏澜芳
10124445	#e330066#gFFFFF0 Lý Hí Lan Phương	#gf00ff0 Nhiễm Sắc Thời Trang	1	khóa khi mặc	#e330066#gFFFFF0鲤戏澜芳
10124446	#e330066#gFFFFF0 Lý Hí Lan Phương	#gf00ff0 Nhiễm Sắc Thời Trang	1	khóa khi mặc	#e330066#gFFFFF0鲤戏澜芳
10124447	#e330066#gFFFFF0 Lý Hí Lan Phương	#gf00ff0 Nhiễm Sắc Thời Trang	1	khóa khi mặc	#e330066#gFFFFF0鲤戏澜芳
10124448	#e330066#gFFFFF0 Lý Hí Lan Phương	#gf00ff0 Nhiễm Sắc Thời Trang	1	khóa khi mặc	#e330066#gFFFFF0鲤戏澜芳
10124450	#e330066#gFFFFF0 Ngọc Cẩm Kim Sa	#gf00ff0 Nhiễm Sắc Thời Trang	1	khóa khi mặc	#e330066#gFFFFF0玉锦金纱
10124451	#e330066#gFFFFF0 Ngọc Cẩm Kim Sa	#gf00ff0 Nhiễm Sắc Thời Trang	1	khóa khi mặc	#e330066#gFFFFF0玉锦金纱
10124452	#e330066#gFFFFF0 Ngọc Cẩm Kim Sa	#gf00ff0 Nhiễm Sắc Thời Trang	1	khóa khi mặc	#e330066#gFFFFF0玉锦金纱
10124453	#e330066#gFFFFF0 Ngọc Cẩm Kim Sa	#gf00ff0 Nhiễm Sắc Thời Trang	1	khóa khi mặc	#e330066#gFFFFF0玉锦金纱
10124454	#e330066#gFFFFF0 Ngọc Cẩm Kim Sa	#gf00ff0 Nhiễm Sắc Thời Trang	1	khóa khi mặc	#e330066#gFFFFF0玉锦金纱
10124455	#e330066#gFFFFF0 Ngọc Cẩm Kim Sa	#gf00ff0 Nhiễm Sắc Thời Trang	1	khóa khi mặc	#e330066#gFFFFF0玉锦金纱
10124456	#e330066#gFFFFF0 Ngọc Cẩm Kim Sa	#gf00ff0 Nhiễm Sắc Thời Trang	1	khóa khi mặc	#e330066#gFFFFF0玉锦金纱
10124457	#e330066#gFFFFF0 Ngọc Cẩm Kim Sa	#gf00ff0 Nhiễm Sắc Thời Trang	1	khóa khi mặc	#e330066#gFFFFF0玉锦金纱
10124458	#e330066#gFFFFF0 Ngọc Cẩm Kim Sa	#gf00ff0 Nhiễm Sắc Thời Trang	1	khóa khi mặc	#e330066#gFFFFF0玉锦金纱
10124460	#e330066#gFFFFF0 Mặc Vũ Tiềm U	#gf00ff0 Nhiễm Sắc Thời Trang	1	khóa khi mặc	#e330066#gFFFFF0墨羽潜幽
10124461	#e330066#gFFFFF0 Mặc Vũ Tiềm U	#gf00ff0 Nhiễm Sắc Thời Trang	1	khóa khi mặc	#e330066#gFFFFF0墨羽潜幽
10124462	#e330066#gFFFFF0 Mặc Vũ Tiềm U	#gf00ff0 Nhiễm Sắc Thời Trang	1	khóa khi mặc	#e330066#gFFFFF0墨羽潜幽
10124463	#e330066#gFFFFF0 Mặc Vũ Tiềm U	#gf00ff0 Nhiễm Sắc Thời Trang	1	khóa khi mặc	#e330066#gFFFFF0墨羽潜幽
10124464	#e330066#gFFFFF0 Mặc Vũ Tiềm U	#gf00ff0 Nhiễm Sắc Thời Trang	1	khóa khi mặc	#e330066#gFFFFF0墨羽潜幽
10124465	#e330066#gFFFFF0 Mặc Vũ Tiềm U	#gf00ff0 Nhiễm Sắc Thời Trang	1	khóa khi mặc	#e330066#gFFFFF0墨羽潜幽
10124466	#e330066#gFFFFF0 Mặc Vũ Tiềm U	#gf00ff0 Nhiễm Sắc Thời Trang	1	khóa khi mặc	#e330066#gFFFFF0墨羽潜幽
10124467	#e330066#gFFFFF0 Mặc Vũ Tiềm U	#gf00ff0 Nhiễm Sắc Thời Trang	1	khóa khi mặc	#e330066#gFFFFF0墨羽潜幽
10124468	#e330066#gFFFFF0 Mặc Vũ Tiềm U	#gf00ff0 Nhiễm Sắc Thời Trang	1	khóa khi mặc	#e330066#gFFFFF0墨羽潜幽
10124470	#e330066#gFFFFF0 Dạ Cẩm Thiên Lan	#gf00ff0 Nhiễm Sắc Thời Trang	1	khóa khi mặc	#e330066#gFFFFF0夜锦天澜
10124471	#e330066#gFFFFF0 Dạ Cẩm Thiên Lan	#gf00ff0 Nhiễm Sắc Thời Trang	1	khóa khi mặc	#e330066#gFFFFF0夜锦天澜
10124472	#e330066#gFFFFF0 Dạ Cẩm Thiên Lan	#gf00ff0 Nhiễm Sắc Thời Trang	1	khóa khi mặc	#e330066#gFFFFF0夜锦天澜
10124473	#e330066#gFFFFF0 Dạ Cẩm Thiên Lan	#gf00ff0 Nhiễm Sắc Thời Trang	1	khóa khi mặc	#e330066#gFFFFF0夜锦天澜
10124474	#e330066#gFFFFF0 Dạ Cẩm Thiên Lan	#gf00ff0 Nhiễm Sắc Thời Trang	1	khóa khi mặc	#e330066#gFFFFF0夜锦天澜
10124475	#e330066#gFFFFF0 Dạ Cẩm Thiên Lan	#gf00ff0 Nhiễm Sắc Thời Trang	1	khóa khi mặc	#e330066#gFFFFF0夜锦天澜
10124476	#e330066#gFFFFF0 Dạ Cẩm Thiên Lan	#gf00ff0 Nhiễm Sắc Thời Trang	1	khóa khi mặc	#e330066#gFFFFF0夜锦天澜
10124477	#e330066#gFFFFF0 Dạ Cẩm Thiên Lan	#gf00ff0 Nhiễm Sắc Thời Trang	1	khóa khi mặc	#e330066#gFFFFF0夜锦天澜
10124478	#e330066#gFFFFF0 Dạ Cẩm Thiên Lan	#gf00ff0 Nhiễm Sắc Thời Trang	1	khóa khi mặc	#e330066#gFFFFF0夜锦天澜
10124480	#e330066#gFFFFF0 Tố Vãn Huyền Thường	#gf00ff0 Nhiễm Sắc Thời Trang	1	khóa khi mặc	#e330066#gFFFFF0素挽玄裳
10124481	#e330066#gFFFFF0 Tố Vãn Huyền Thường	#gf00ff0 Nhiễm Sắc Thời Trang	1	khóa khi mặc	#e330066#gFFFFF0素挽玄裳
10124482	#e330066#gFFFFF0 Tố Vãn Huyền Thường	#gf00ff0 Nhiễm Sắc Thời Trang	1	khóa khi mặc	#e330066#gFFFFF0素挽玄裳
10124483	#e330066#gFFFFF0 Tố Vãn Huyền Thường	#gf00ff0 Nhiễm Sắc Thời Trang	1	khóa khi mặc	#e330066#gFFFFF0素挽玄裳
10124484	#e330066#gFFFFF0 Tố Vãn Huyền Thường	#gf00ff0 Nhiễm Sắc Thời Trang	1	khóa khi mặc	#e330066#gFFFFF0素挽玄裳
10124485	#e330066#gFFFFF0 Tố Vãn Huyền Thường	#gf00ff0 Nhiễm Sắc Thời Trang	1	khóa khi mặc	#e330066#gFFFFF0素挽玄裳
10124486	#e330066#gFFFFF0 Tố Vãn Huyền Thường	#gf00ff0 Nhiễm Sắc Thời Trang	1	khóa khi mặc	#e330066#gFFFFF0素挽玄裳
10124487	#e330066#gFFFFF0 Tố Vãn Huyền Thường	#gf00ff0 Nhiễm Sắc Thời Trang	1	khóa khi mặc	#e330066#gFFFFF0素挽玄裳
10124488	#e330066#gFFFFF0 Tố Vãn Huyền Thường	#gf00ff0 Nhiễm Sắc Thời Trang	1	khóa khi mặc	#e330066#gFFFFF0素挽玄裳
10124490	#e330066#gFFFFF0 Tường Vy Chi Mộng	#gf00ff0 Nhiễm Sắc Thời Trang	1	khóa khi mặc	#e330066#gFFFFF0蔷薇之梦
10124491	#e330066#gFFFFF0 Tường Vy Chi Mộng	#gf00ff0 Nhiễm Sắc Thời Trang	1	khóa khi mặc	#e330066#gFFFFF0蔷薇之梦
10124492	#e330066#gFFFFF0 Tường Vy Chi Mộng	#gf00ff0 Nhiễm Sắc Thời Trang	1	khóa khi mặc	#e330066#gFFFFF0蔷薇之梦
10124493	#e330066#gFFFFF0 Tường Vy Chi Mộng	#gf00ff0 Nhiễm Sắc Thời Trang	1	khóa khi mặc	#e330066#gFFFFF0蔷薇之梦
10124494	#e330066#gFFFFF0 Tường Vy Chi Mộng	#gf00ff0 Nhiễm Sắc Thời Trang	1	khóa khi mặc	#e330066#gFFFFF0蔷薇之梦
10124495	#e330066#gFFFFF0 Tường Vy Chi Mộng	#gf00ff0 Nhiễm Sắc Thời Trang	1	khóa khi mặc	#e330066#gFFFFF0蔷薇之梦
10124496	#e330066#gFFFFF0 Tường Vy Chi Mộng	#gf00ff0 Nhiễm Sắc Thời Trang	1	khóa khi mặc	#e330066#gFFFFF0蔷薇之梦
10124497	#e330066#gFFFFF0 Tường Vy Chi Mộng	#gf00ff0 Nhiễm Sắc Thời Trang	1	khóa khi mặc	#e330066#gFFFFF0蔷薇之梦
10124498	#e330066#gFFFFF0 Tường Vy Chi Mộng	#gf00ff0 Nhiễm Sắc Thời Trang	1	khóa khi mặc	#e330066#gFFFFF0蔷薇之梦
10124500	#e330066#gFFFFF0 Vân Noãn Phương Hoa	#gf00ff0 Nhiễm Sắc Thời Trang	1	khóa khi mặc	#e330066#gFFFFF0云暖芳华
10124501	#e330066#gFFFFF0 Vân Noãn Phương Hoa	#gf00ff0 Nhiễm Sắc Thời Trang	1	khóa khi mặc	#e330066#gFFFFF0云暖芳华
10124502	#e330066#gFFFFF0 Vân Noãn Phương Hoa	#gf00ff0 Nhiễm Sắc Thời Trang	1	khóa khi mặc	#e330066#gFFFFF0云暖芳华
10124503	#e330066#gFFFFF0 Vân Noãn Phương Hoa	#gf00ff0 Nhiễm Sắc Thời Trang	1	khóa khi mặc	#e330066#gFFFFF0云暖芳华
10124504	#e330066#gFFFFF0 Vân Noãn Phương Hoa	#gf00ff0 Nhiễm Sắc Thời Trang	1	khóa khi mặc	#e330066#gFFFFF0云暖芳华
10124505	#e330066#gFFFFF0 Vân Noãn Phương Hoa	#gf00ff0 Nhiễm Sắc Thời Trang	1	khóa khi mặc	#e330066#gFFFFF0云暖芳华
10124506	#e330066#gFFFFF0 Vân Noãn Phương Hoa	#gf00ff0 Nhiễm Sắc Thời Trang	1	khóa khi mặc	#e330066#gFFFFF0云暖芳华
10124507	#e330066#gFFFFF0 Vân Noãn Phương Hoa	#gf00ff0 Nhiễm Sắc Thời Trang	1	khóa khi mặc	#e330066#gFFFFF0云暖芳华
10124508	#e330066#gFFFFF0 Vân Noãn Phương Hoa	#gf00ff0 Nhiễm Sắc Thời Trang	1	khóa khi mặc	#e330066#gFFFFF0云暖芳华
10124510	#e330066#gFFFFF0 Long Phượng Trình Tường	#gf00ff0 Nhiễm Sắc Thời Trang	1	khóa khi mặc	#e330066#gFFFFF0龙凤呈祥
10124511	#e330066#gFFFFF0 Long Phượng Trình Tường	#gf00ff0 Nhiễm Sắc Thời Trang	1	khóa khi mặc	#e330066#gFFFFF0龙凤呈祥
10124512	#e330066#gFFFFF0 Long Phượng Trình Tường	#gf00ff0 Nhiễm Sắc Thời Trang	1	khóa khi mặc	#e330066#gFFFFF0龙凤呈祥
10124513	#e330066#gFFFFF0 Long Phượng Trình Tường	#gf00ff0 Nhiễm Sắc Thời Trang	1	khóa khi mặc	#e330066#gFFFFF0龙凤呈祥
10124514	#e330066#gFFFFF0 Long Phượng Trình Tường	#gf00ff0 Nhiễm Sắc Thời Trang	1	khóa khi mặc	#e330066#gFFFFF0龙凤呈祥
10124515	#e330066#gFFFFF0 Long Phượng Trình Tường	#gf00ff0 Nhiễm Sắc Thời Trang	1	khóa khi mặc	#e330066#gFFFFF0龙凤呈祥
10124516	#e330066#gFFFFF0 Long Phượng Trình Tường	#gf00ff0 Nhiễm Sắc Thời Trang	1	khóa khi mặc	#e330066#gFFFFF0龙凤呈祥
10124517	#e330066#gFFFFF0 Long Phượng Trình Tường	#gf00ff0 Nhiễm Sắc Thời Trang	1	khóa khi mặc	#e330066#gFFFFF0龙凤呈祥
10124518	#e330066#gFFFFF0 Long Phượng Trình Tường	#gf00ff0 Nhiễm Sắc Thời Trang	1	khóa khi mặc	#e330066#gFFFFF0龙凤呈祥
10124520	#e330066#gFFFFF0 Ngọc Cẩm Hồi Phong	#gf00ff0 Nhiễm Sắc Thời Trang	1	khóa khi mặc	#e330066#gFFFFF0玉锦回枫
10124521	#e330066#gFFFFF0 Ngọc Cẩm Hồi Phong	#gf00ff0 Nhiễm Sắc Thời Trang	1	khóa khi mặc	#e330066#gFFFFF0玉锦回枫
10124522	#e330066#gFFFFF0 Ngọc Cẩm Hồi Phong	#gf00ff0 Nhiễm Sắc Thời Trang	1	khóa khi mặc	#e330066#gFFFFF0玉锦回枫
10124523	#e330066#gFFFFF0 Ngọc Cẩm Hồi Phong	#gf00ff0 Nhiễm Sắc Thời Trang	1	khóa khi mặc	#e330066#gFFFFF0玉锦回枫
10124524	#e330066#gFFFFF0 Ngọc Cẩm Hồi Phong	#gf00ff0 Nhiễm Sắc Thời Trang	1	khóa khi mặc	#e330066#gFFFFF0玉锦回枫
10124525	#e330066#gFFFFF0 Ngọc Cẩm Hồi Phong	#gf00ff0 Nhiễm Sắc Thời Trang	1	khóa khi mặc	#e330066#gFFFFF0玉锦回枫
10124526	#e330066#gFFFFF0 Ngọc Cẩm Hồi Phong	#gf00ff0 Nhiễm Sắc Thời Trang	1	khóa khi mặc	#e330066#gFFFFF0玉锦回枫
10124527	#e330066#gFFFFF0 Ngọc Cẩm Hồi Phong	#gf00ff0 Nhiễm Sắc Thời Trang	1	khóa khi mặc	#e330066#gFFFFF0玉锦回枫
10124528	#e330066#gFFFFF0 Ngọc Cẩm Hồi Phong	#gf00ff0 Nhiễm Sắc Thời Trang	1	khóa khi mặc	#e330066#gFFFFF0玉锦回枫
10124530	#e330066#gFFFFF0 Phi Hồng Cẩm Trang	#gf00ff0 Nhiễm Sắc Thời Trang	1	khóa khi mặc	#e330066#gFFFFF0飞虹锦装
10124531	#e330066#gFFFFF0 Phi Hồng Cẩm Trang	#gf00ff0 Nhiễm Sắc Thời Trang	1	khóa khi mặc	#e330066#gFFFFF0飞虹锦装
10124532	#e330066#gFFFFF0 Phi Hồng Cẩm Trang	#gf00ff0 Nhiễm Sắc Thời Trang	1	khóa khi mặc	#e330066#gFFFFF0飞虹锦装
10124533	#e330066#gFFFFF0 Phi Hồng Cẩm Trang	#gf00ff0 Nhiễm Sắc Thời Trang	1	khóa khi mặc	#e330066#gFFFFF0飞虹锦装
10124534	#e330066#gFFFFF0 Phi Hồng Cẩm Trang	#gf00ff0 Nhiễm Sắc Thời Trang	1	khóa khi mặc	#e330066#gFFFFF0飞虹锦装
10124535	#e330066#gFFFFF0 Phi Hồng Cẩm Trang	#gf00ff0 Nhiễm Sắc Thời Trang	1	khóa khi mặc	#e330066#gFFFFF0飞虹锦装
10124536	#e330066#gFFFFF0 Phi Hồng Cẩm Trang	#gf00ff0 Nhiễm Sắc Thời Trang	1	khóa khi mặc	#e330066#gFFFFF0飞虹锦装
10124537	#e330066#gFFFFF0 Phi Hồng Cẩm Trang	#gf00ff0 Nhiễm Sắc Thời Trang	1	khóa khi mặc	#e330066#gFFFFF0飞虹锦装
10124538	#e330066#gFFFFF0 Phi Hồng Cẩm Trang	#gf00ff0 Nhiễm Sắc Thời Trang	1	khóa khi mặc	#e330066#gFFFFF0飞虹锦装
10124540	#e330066#gFFFFF0 Linh Ô Lộng Vũ	#gf00ff0 Nhiễm Sắc Thời Trang	1	khóa khi mặc	#e330066#gFFFFF0灵乌弄羽
10124541	#e330066#gFFFFF0 Linh Ô Lộng Vũ	#gf00ff0 Nhiễm Sắc Thời Trang	1	khóa khi mặc	#e330066#gFFFFF0灵乌弄羽
10124542	#e330066#gFFFFF0 Linh Ô Lộng Vũ	#gf00ff0 Nhiễm Sắc Thời Trang	1	khóa khi mặc	#e330066#gFFFFF0灵乌弄羽
10124543	#e330066#gFFFFF0 Linh Ô Lộng Vũ	#gf00ff0 Nhiễm Sắc Thời Trang	1	khóa khi mặc	#e330066#gFFFFF0灵乌弄羽
10124544	#e330066#gFFFFF0 Linh Ô Lộng Vũ	#gf00ff0 Nhiễm Sắc Thời Trang	1	khóa khi mặc	#e330066#gFFFFF0灵乌弄羽
10124545	#e330066#gFFFFF0 Linh Ô Lộng Vũ	#gf00ff0 Nhiễm Sắc Thời Trang	1	khóa khi mặc	#e330066#gFFFFF0灵乌弄羽
10124546	#e330066#gFFFFF0 Linh Ô Lộng Vũ	#gf00ff0 Nhiễm Sắc Thời Trang	1	khóa khi mặc	#e330066#gFFFFF0灵乌弄羽
10124547	#e330066#gFFFFF0 Linh Ô Lộng Vũ	#gf00ff0 Nhiễm Sắc Thời Trang	1	khóa khi mặc	#e330066#gFFFFF0灵乌弄羽
10124548	#e330066#gFFFFF0 Linh Ô Lộng Vũ	#gf00ff0 Nhiễm Sắc Thời Trang	1	khóa khi mặc	#e330066#gFFFFF0灵乌弄羽
10124550	#e330066#gFFFFF0 Vân Mộng Tinh Thường	#gf00ff0 Nhiễm Sắc Thời Trang	1	khóa khi mặc	#e330066#gFFFFF0云梦星裳
10124551	#e330066#gFFFFF0 Vân Mộng Tinh Thường	#gf00ff0 Nhiễm Sắc Thời Trang	1	khóa khi mặc	#e330066#gFFFFF0云梦星裳
10124552	#e330066#gFFFFF0 Vân Mộng Tinh Thường	#gf00ff0 Nhiễm Sắc Thời Trang	1	khóa khi mặc	#e330066#gFFFFF0云梦星裳
10124553	#e330066#gFFFFF0 Vân Mộng Tinh Thường	#gf00ff0 Nhiễm Sắc Thời Trang	1	khóa khi mặc	#e330066#gFFFFF0云梦星裳
10124554	#e330066#gFFFFF0 Vân Mộng Tinh Thường	#gf00ff0 Nhiễm Sắc Thời Trang	1	khóa khi mặc	#e330066#gFFFFF0云梦星裳
10124555	#e330066#gFFFFF0 Vân Mộng Tinh Thường	#gf00ff0 Nhiễm Sắc Thời Trang	1	khóa khi mặc	#e330066#gFFFFF0云梦星裳
10124556	#e330066#gFFFFF0 Vân Mộng Tinh Thường	#gf00ff0 Nhiễm Sắc Thời Trang	1	khóa khi mặc	#e330066#gFFFFF0云梦星裳
10124557	#e330066#gFFFFF0 Vân Mộng Tinh Thường	#gf00ff0 Nhiễm Sắc Thời Trang	1	khóa khi mặc	#e330066#gFFFFF0云梦星裳
10124558	#e330066#gFFFFF0 Vân Mộng Tinh Thường	#gf00ff0 Nhiễm Sắc Thời Trang	1	khóa khi mặc	#e330066#gFFFFF0云梦星裳
10124560	#e330066#gFFFFF0 Bích Mộng Liên Hoa	#gf00ff0 Nhiễm Sắc Thời Trang	1	khóa khi mặc	#e330066#gFFFFF0碧梦莲华
10124561	#e330066#gFFFFF0 Bích Mộng Liên Hoa	#gf00ff0 Nhiễm Sắc Thời Trang	1	khóa khi mặc	#e330066#gFFFFF0碧梦莲华
10124562	#e330066#gFFFFF0 Bích Mộng Liên Hoa	#gf00ff0 Nhiễm Sắc Thời Trang	1	khóa khi mặc	#e330066#gFFFFF0碧梦莲华
10124563	#e330066#gFFFFF0 Bích Mộng Liên Hoa	#gf00ff0 Nhiễm Sắc Thời Trang	1	khóa khi mặc	#e330066#gFFFFF0碧梦莲华
10124564	#e330066#gFFFFF0 Bích Mộng Liên Hoa	#gf00ff0 Nhiễm Sắc Thời Trang	1	khóa khi mặc	#e330066#gFFFFF0碧梦莲华
10124565	#e330066#gFFFFF0 Bích Mộng Liên Hoa	#gf00ff0 Nhiễm Sắc Thời Trang	1	khóa khi mặc	#e330066#gFFFFF0碧梦莲华
10124566	#e330066#gFFFFF0 Bích Mộng Liên Hoa	#gf00ff0 Nhiễm Sắc Thời Trang	1	khóa khi mặc	#e330066#gFFFFF0碧梦莲华
10124567	#e330066#gFFFFF0 Bích Mộng Liên Hoa	#gf00ff0 Nhiễm Sắc Thời Trang	1	khóa khi mặc	#e330066#gFFFFF0碧梦莲华
10124568	#e330066#gFFFFF0 Bích Mộng Liên Hoa	#gf00ff0 Nhiễm Sắc Thời Trang	1	khóa khi mặc	#e330066#gFFFFF0碧梦莲华
10124570	#e330066#gFFFFF0 Điệp Vũ Lưu Phương	#gf00ff0 Nhiễm Sắc Thời Trang	1	khóa khi mặc	#e330066#gFFFFF0蝶舞流芳
10124571	#e330066#gFFFFF0 Điệp Vũ Lưu Phương	#gf00ff0 Nhiễm Sắc Thời Trang	1	khóa khi mặc	#e330066#gFFFFF0蝶舞流芳
10124572	#e330066#gFFFFF0 Điệp Vũ Lưu Phương	#gf00ff0 Nhiễm Sắc Thời Trang	1	khóa khi mặc	#e330066#gFFFFF0蝶舞流芳
10124573	#e330066#gFFFFF0 Điệp Vũ Lưu Phương	#gf00ff0 Nhiễm Sắc Thời Trang	1	khóa khi mặc	#e330066#gFFFFF0蝶舞流芳
10124574	#e330066#gFFFFF0 Điệp Vũ Lưu Phương	#gf00ff0 Nhiễm Sắc Thời Trang	1	khóa khi mặc	#e330066#gFFFFF0蝶舞流芳
10124575	#e330066#gFFFFF0 Điệp Vũ Lưu Phương	#gf00ff0 Nhiễm Sắc Thời Trang	1	khóa khi mặc	#e330066#gFFFFF0蝶舞流芳
10124576	#e330066#gFFFFF0 Điệp Vũ Lưu Phương	#gf00ff0 Nhiễm Sắc Thời Trang	1	khóa khi mặc	#e330066#gFFFFF0蝶舞流芳
10124577	#e330066#gFFFFF0 Điệp Vũ Lưu Phương	#gf00ff0 Nhiễm Sắc Thời Trang	1	khóa khi mặc	#e330066#gFFFFF0蝶舞流芳
10124578	#e330066#gFFFFF0 Điệp Vũ Lưu Phương	#gf00ff0 Nhiễm Sắc Thời Trang	1	khóa khi mặc	#e330066#gFFFFF0蝶舞流芳
10124580	#e330066#gFFFFF0 Sương Tuyết Long Hồn	#gf00ff0 Nhiễm Sắc Thời Trang	1	khóa khi mặc	#e330066#gFFFFF0霜雪龙魂
10124581	#e330066#gFFFFF0 Sương Tuyết Long Hồn	#gf00ff0 Nhiễm Sắc Thời Trang	1	khóa khi mặc	#e330066#gFFFFF0霜雪龙魂
10124582	#e330066#gFFFFF0 Sương Tuyết Long Hồn	#gf00ff0 Nhiễm Sắc Thời Trang	1	khóa khi mặc	#e330066#gFFFFF0霜雪龙魂
10124583	#e330066#gFFFFF0 Sương Tuyết Long Hồn	#gf00ff0 Nhiễm Sắc Thời Trang	1	khóa khi mặc	#e330066#gFFFFF0霜雪龙魂
10124584	#e330066#gFFFFF0 Sương Tuyết Long Hồn	#gf00ff0 Nhiễm Sắc Thời Trang	1	khóa khi mặc	#e330066#gFFFFF0霜雪龙魂
10124585	#e330066#gFFFFF0 Sương Tuyết Long Hồn	#gf00ff0 Nhiễm Sắc Thời Trang	1	khóa khi mặc	#e330066#gFFFFF0霜雪龙魂
10124586	#e330066#gFFFFF0 Sương Tuyết Long Hồn	#gf00ff0 Nhiễm Sắc Thời Trang	1	khóa khi mặc	#e330066#gFFFFF0霜雪龙魂
10124587	#e330066#gFFFFF0 Sương Tuyết Long Hồn	#gf00ff0 Nhiễm Sắc Thời Trang	1	khóa khi mặc	#e330066#gFFFFF0霜雪龙魂
10124588	#e330066#gFFFFF0 Sương Tuyết Long Hồn	#gf00ff0 Nhiễm Sắc Thời Trang	1	khóa khi mặc	#e330066#gFFFFF0霜雪龙魂
10124590	#e330066#gFFFFF0 Cẩm Tú Du Tiên	#gf00ff0 Nhiễm Sắc Thời Trang	1	khóa khi mặc	#e330066#gFFFFF0锦绣游仙
10124591	#e330066#gFFFFF0 Cẩm Tú Du Tiên	#gf00ff0 Nhiễm Sắc Thời Trang	1	khóa khi mặc	#e330066#gFFFFF0锦绣游仙
10124592	#e330066#gFFFFF0 Cẩm Tú Du Tiên	#gf00ff0 Nhiễm Sắc Thời Trang	1	khóa khi mặc	#e330066#gFFFFF0锦绣游仙
10124593	#e330066#gFFFFF0 Cẩm Tú Du Tiên	#gf00ff0 Nhiễm Sắc Thời Trang	1	khóa khi mặc	#e330066#gFFFFF0锦绣游仙
10124594	#e330066#gFFFFF0 Cẩm Tú Du Tiên	#gf00ff0 Nhiễm Sắc Thời Trang	1	khóa khi mặc	#e330066#gFFFFF0锦绣游仙
10124595	#e330066#gFFFFF0 Cẩm Tú Du Tiên	#gf00ff0 Nhiễm Sắc Thời Trang	1	khóa khi mặc	#e330066#gFFFFF0锦绣游仙
10124596	#e330066#gFFFFF0 Cẩm Tú Du Tiên	#gf00ff0 Nhiễm Sắc Thời Trang	1	khóa khi mặc	#e330066#gFFFFF0锦绣游仙
10124597	#e330066#gFFFFF0 Cẩm Tú Du Tiên	#gf00ff0 Nhiễm Sắc Thời Trang	1	khóa khi mặc	#e330066#gFFFFF0锦绣游仙
10124598	#e330066#gFFFFF0 Cẩm Tú Du Tiên	#gf00ff0 Nhiễm Sắc Thời Trang	1	khóa khi mặc	#e330066#gFFFFF0锦绣游仙
10124600	#e330066#gFFFFF0 Thanh Long Tuý Vũ	#gf00ff0 Nhiễm Sắc Thời Trang	1	khóa khi mặc	#e330066#gFFFFF0青龙醉舞
10124601	#e330066#gFFFFF0 Thanh Long Tuý Vũ	#gf00ff0 Nhiễm Sắc Thời Trang	1	khóa khi mặc	#e330066#gFFFFF0青龙醉舞
10124602	#e330066#gFFFFF0 Thanh Long Tuý Vũ	#gf00ff0 Nhiễm Sắc Thời Trang	1	khóa khi mặc	#e330066#gFFFFF0青龙醉舞
10124603	#e330066#gFFFFF0 Thanh Long Tuý Vũ	#gf00ff0 Nhiễm Sắc Thời Trang	1	khóa khi mặc	#e330066#gFFFFF0青龙醉舞
10124604	#e330066#gFFFFF0 Thanh Long Tuý Vũ	#gf00ff0 Nhiễm Sắc Thời Trang	1	khóa khi mặc	#e330066#gFFFFF0青龙醉舞
10124605	#e330066#gFFFFF0 Thanh Long Tuý Vũ	#gf00ff0 Nhiễm Sắc Thời Trang	1	khóa khi mặc	#e330066#gFFFFF0青龙醉舞
10124606	#e330066#gFFFFF0 Thanh Long Tuý Vũ	#gf00ff0 Nhiễm Sắc Thời Trang	1	khóa khi mặc	#e330066#gFFFFF0青龙醉舞
10124607	#e330066#gFFFFF0 Thanh Long Tuý Vũ	#gf00ff0 Nhiễm Sắc Thời Trang	1	khóa khi mặc	#e330066#gFFFFF0青龙醉舞
10124608	#e330066#gFFFFF0 Thanh Long Tuý Vũ	#gf00ff0 Nhiễm Sắc Thời Trang	1	khóa khi mặc	#e330066#gFFFFF0青龙醉舞
10124610	#e330066#gFFFFF0 Đan Hà Cẩm Tú	#gf00ff0 Nhiễm Sắc Thời Trang	1	khóa khi mặc	#e330066#gFFFFF0丹霞锦绣
10124611	#e330066#gFFFFF0 Đan Hà Cẩm Tú	#gf00ff0 Nhiễm Sắc Thời Trang	1	khóa khi mặc	#e330066#gFFFFF0丹霞锦绣
10124612	#e330066#gFFFFF0 Đan Hà Cẩm Tú	#gf00ff0 Nhiễm Sắc Thời Trang	1	khóa khi mặc	#e330066#gFFFFF0丹霞锦绣
10124613	#e330066#gFFFFF0 Đan Hà Cẩm Tú	#gf00ff0 Nhiễm Sắc Thời Trang	1	khóa khi mặc	#e330066#gFFFFF0丹霞锦绣
10124614	#e330066#gFFFFF0 Đan Hà Cẩm Tú	#gf00ff0 Nhiễm Sắc Thời Trang	1	khóa khi mặc	#e330066#gFFFFF0丹霞锦绣
10124615	#e330066#gFFFFF0 Đan Hà Cẩm Tú	#gf00ff0 Nhiễm Sắc Thời Trang	1	khóa khi mặc	#e330066#gFFFFF0丹霞锦绣
10124616	#e330066#gFFFFF0 Đan Hà Cẩm Tú	#gf00ff0 Nhiễm Sắc Thời Trang	1	khóa khi mặc	#e330066#gFFFFF0丹霞锦绣
10124617	#e330066#gFFFFF0 Đan Hà Cẩm Tú	#gf00ff0 Nhiễm Sắc Thời Trang	1	khóa khi mặc	#e330066#gFFFFF0丹霞锦绣
10124618	#e330066#gFFFFF0 Đan Hà Cẩm Tú	#gf00ff0 Nhiễm Sắc Thời Trang	1	khóa khi mặc	#e330066#gFFFFF0丹霞锦绣
10124901	Tinh Ẩn	Thời trang	1	khóa khi mặc	星隐
10124902	Âm Dương	Thời trang	1	khóa khi mặc	阴阳
10124904	Mặc Thánh	Thời trang	90	khóa khi mặc	万圣
10124943	Quỷ Cốc Tố Bào	Thời trang	1	khóa khi mặc	鬼谷素袍
10125018	Cẩm Tú Du Tiên	Thời trang	1	khóa khi mặc	锦绣游仙
10125019	Tiên Lữ Tình Duyên	Thời trang	1	khóa khi mặc	仙侣情缘
10126000	(chưa dùng)	Dự phòng	1	giao dịch được	未使用
10141000	Toạ Kỵ: Lục Hành Điêu	Tọa kỵ	20	khóa khi mặc	坐骑：陆行雕
10141001	Toạ Kỵ: Hổ	Tọa kỵ	40	khóa khi mặc	坐骑：虎
10141002	Toạ Kỵ: Hoàng Phiếu Mã	Tọa kỵ	40	khóa khi mặc	坐骑：黄骠马
10141003	Toạ Kỵ: Lạc Đà	Tọa kỵ	40	khóa khi mặc	坐骑：骆驼
10141004	Toạ Kỵ: Hạc	Tọa kỵ	40	khóa khi mặc	坐骑：鹤
10141005	Toạ Kỵ: Thanh Phượng	Tọa kỵ	40	khóa khi mặc	坐骑：青凤
10141006	Toạ Kỵ: Mao Ngưu	Tọa kỵ	40	khóa khi mặc	坐骑：牦牛
10141007	Toạ Kỵ: Lộc	Tọa kỵ	40	khóa khi mặc	坐骑：鹿
10141008	Toạ Kỵ: Điêu	Tọa kỵ	40	khóa khi mặc	坐骑：雕
10141009	Toạ Kỵ: Hôi Lang	Tọa kỵ	40	khóa khi mặc	坐骑：灰狼
10141010	Toạ Kỵ: Bạch Hổ	Tọa kỵ	60	khóa khi mặc	坐骑：白虎
10141011	Toạ Kỵ: Thanh Bạch Thông Mã	Tọa kỵ	60	khóa khi mặc	坐骑：青白骢马
10141012	Toạ Kỵ: Bạch Lạc Đà	Tọa kỵ	60	khóa khi mặc	坐骑：白骆驼
10141013	Toạ Kỵ: Kim Dực Hạc	Tọa kỵ	60	khóa khi mặc	坐骑：金翼鹤
10141014	Toạ Kỵ: Hồng Bạch Phượng	Tọa kỵ	60	khóa khi mặc	坐骑：红白凤
10141015	Toạ Kỵ: Bạch Mao Ngưu	Tọa kỵ	60	khóa khi mặc	坐骑：白牦牛
10141016	Toạ Kỵ: Bạch Lộc	Tọa kỵ	60	khóa khi mặc	坐骑：白鹿
10141017	Toạ Kỵ: Bạch Điêu	Tọa kỵ	60	khóa khi mặc	坐骑：白雕
10141018	Toạ Kỵ: Bạch Lang	Tọa kỵ	60	khóa khi mặc	坐骑：白狼
10141019	Toạ Kỵ: Sư Tử	Tọa kỵ	40	khóa khi mặc	坐骑：狮子
10141020	Toạ Kỵ: Bạch Sư	Tọa kỵ	60	khóa khi mặc	坐骑：白狮
10141021	Tiểu Hành Nang	Hành nang	1	khóa khi mặc	小行囊
10141022	Trung Hành Nang	Hành nang	2	khóa khi mặc	中行囊
10141023	Đại Hành Nang	Hành nang	3	khóa khi mặc	大行囊
10141024	Ma Chế Nang	Hành nang	4	khóa khi mặc	麻制囊
10141025	Miên Chế Nang	Hành nang	5	khóa khi mặc	绵制囊
10141026	Bì Chế Nang	Hành nang	6	khóa khi mặc	皮制囊
10141027	Cách Chế Nang	Hành nang	7	khóa khi mặc	革制囊
10141028	Quyên Ti Nang	Hành nang	8	khóa khi mặc	绢丝囊
10141029	Chân Ti Nang	Hành nang	9	khóa khi mặc	真丝囊
10141030	Bách Bảo Nang	Hành nang	10	giao dịch được	百宝囊
10141031	Tiểu Cách Rương	Cách tương	1	khóa khi mặc	小格箱
10141032	Trung Cách Rương	Cách tương	2	khóa khi mặc	中格箱
10141033	Đại Cách Rương	Cách tương	3	khóa khi mặc	大格箱
10141034	Du Mộc Rương	Cách tương	4	khóa khi mặc	榆木箱
10141035	Nam Mộc Rương	Cách tương	5	khóa khi mặc	楠木箱
10141036	Tử Đàn Rương	Cách tương	6	khóa khi mặc	紫檀箱
10141037	Tương Đồng Rương	Cách tương	7	khóa khi mặc	镶铜箱
10141038	Hội Ngân Rương	Cách tương	8	khóa khi mặc	绘银箱
10141039	Bao Kim Rương	Cách tương	9	khóa khi mặc	包金箱
10141040	Bách Bảo Rương	Cách tương	10	giao dịch được	百宝箱
10141041	Toạ Kỵ: Đại Tượng	Tọa kỵ	10	khóa khi mặc	坐骑：大象
10141042	Toạ Kỵ: Lục Ngô	Tọa kỵ	10	khóa khi mặc	坐骑：陆吾
10141043	Toạ Kỵ: Mộc Ngưu Lưu Mã	Tọa kỵ	10	khóa khi mặc	坐骑：木牛流马
10141044	Toạ Kỵ: Đà Điểu	Tọa kỵ	10	khóa khi mặc	坐骑：鸵鸟
10141045	Toạ Kỵ: Tê Ngưu	Tọa kỵ	10	khóa khi mặc	坐骑：犀牛
10141046	Toạ Kỵ: Hùng	Tọa kỵ	10	khóa khi mặc	坐骑：熊
10141047	Toạ Kỵ: Huyền Quy	Tọa kỵ	10	khóa khi mặc	坐骑：玄龟
10141048	Toạ Kỵ: Phù Văn Kỵ Sĩ	Tọa kỵ	10	khóa khi mặc	坐骑：符文骑士
10141049	Toạ Kỵ: Hà Mã	Tọa kỵ	10	khóa khi mặc	坐骑：河马
10141050	Ma Chế Nang	Hành nang	4	khóa	麻制囊
10141051	Du Mộc Rương	Cách tương	4	khóa	榆木箱
10141052	Toạ Kỵ: Mã Xa	Tọa kỵ	10	khóa khi mặc	坐骑：马车
10141053	Toạ Kỵ: Thiên Mã	Tọa kỵ	10	khóa khi mặc	坐骑：天马
10141054	Toạ Kỵ: Thỏ Tử	Tọa kỵ	10	khóa khi mặc	坐骑：兔子
10141055	Toạ Kỵ: Vũ Sư	Tọa kỵ	10	khóa khi mặc	坐骑：舞狮
10141056	Toạ Kỵ: Tuần Lộc	Tọa kỵ	10	khóa khi mặc	坐骑：驯鹿
10141057	Sí Bảng: Tuyết Vũ	Tọa kỵ	10	khóa khi mặc	翅膀：雪羽
10141058	Cự Nhân: Hoàng Cân Lực Sĩ	Tọa kỵ	10	khóa khi mặc	巨人：黄巾力士
10141059	Phi Long: Đại Phong	Tọa kỵ	10	khóa khi mặc	飞龙：大风
10141060	Toạ Kỵ: Tuyết Khiêu	Tọa kỵ	10	khóa khi mặc	坐骑：雪橇
10141061	Toạ Kỵ: Tử Điện	Tọa kỵ	10	khóa khi mặc	坐骑：紫电
10141062	Sí Bảng: Minh Vũ	Tọa kỵ	10	khóa khi mặc	翅膀：冥羽
10141063	Toạ Kỵ: Như Ý Hùng	Tọa kỵ	10	khóa khi mặc	坐骑：如意熊
10141064	Toạ Kỵ: Bích Thuỷ Kim Tình Thú	Tọa kỵ	10	khóa khi mặc	坐骑：碧水金睛兽
10141065	Toạ Kỵ: Hoàn Chuyển Mộc Mã	Tọa kỵ	10	khóa khi mặc	坐骑：旋转木马
10141066	Toạ Kỵ: Niên Thú	Tọa kỵ	10	khóa khi mặc	坐骑：年兽
10141067	Toạ Kỵ: Hoa Xa	Tọa kỵ	10	khóa khi mặc	坐骑：花车
10141068	Toạ Kỵ: Bạch Vân	Tọa kỵ	10	khóa khi mặc	坐骑：白云
10141069	Toạ Kỵ: Hắc Thổ	Tọa kỵ	10	khóa khi mặc	坐骑：黑土
10141070	Toạ Kỵ: Cự Viên	Tọa kỵ	10	khóa khi mặc	坐骑：巨猿
10141071	Toạ Kỵ: Vụ Ảnh Điêu	Tọa kỵ	80	khóa khi mặc	坐骑：鹜影雕
10141072	Toạ Kỵ: Lưu Ly Phượng	Tọa kỵ	80	khóa khi mặc	坐骑：琉璃凤
10141073	Toạ Kỵ: Thuỵ Liên Hạc	Tọa kỵ	80	khóa khi mặc	坐骑：瑞莲鹤
10141074	Toạ Kỵ: Như Ý Hổ	Tọa kỵ	80	khóa khi mặc	坐骑：如意虎
10141075	Toạ Kỵ: Ngân Nguyệt Lang	Tọa kỵ	80	khóa khi mặc	坐骑：银月狼
10141076	Toạ Kỵ: Thất Thái Lộc	Tọa kỵ	80	khóa khi mặc	坐骑：七彩鹿
10141077	Toạ Kỵ: Long Huyết Mã	Tọa kỵ	80	khóa khi mặc	坐骑：龙血马
10141078	Toạ Kỵ: Thanh Mao Ngưu	Tọa kỵ	80	khóa khi mặc	坐骑：青牦牛
10141079	Toạ Kỵ: Liệt Diễm Sư	Tọa kỵ	80	khóa khi mặc	坐骑：烈焰狮
10141080	Sí Bảng: Huyễn Vũ	Tọa kỵ	10	khóa khi mặc	翅膀：幻羽
10141081	Toạ Kỵ: Thiểm Điện Điêu	Tọa kỵ	10	khóa khi mặc	坐骑：闪电貂
10141082	Toạ Kỵ: Điệp Vũ	Tọa kỵ	10	khóa khi mặc	坐骑：蝶羽
10141083	Toạ Kỵ: Ba Thiên Hổ	Tọa kỵ	10	khóa khi mặc	坐骑：巴天虎
10141084	Toạ Kỵ: Linh Dương	Tọa kỵ	40	khóa khi mặc	坐骑：羚羊
10141085	Toạ Kỵ: Tuyết Linh Dương	Tọa kỵ	60	khóa khi mặc	坐骑：雪羚羊
10141086	Toạ Kỵ: U Quang Linh	Tọa kỵ	80	khóa khi mặc	坐骑：幽光羚
10141087	Toạ Kỵ: Phi Long Ỷ	Tọa kỵ	10	khóa khi mặc	坐骑：飞龙椅
10141088	Toạ Kỵ: Hoả Diễm Điêu	Tọa kỵ	1	khóa khi mặc	坐骑：火焰貂
10141089	Toạ Kỵ: Hùng Miêu	Tọa kỵ	10	khóa khi mặc	坐骑：熊猫
10141090	Toạ Kỵ: Lôi Nhận Thú	Tọa kỵ	10	khóa khi mặc	坐骑：雷刃兽
10141091	Toạ Kỵ: Xích Mị Ưng	Tọa kỵ	10	khóa khi mặc	坐骑：赤魅鹰
10141092	Toạ Kỵ: Ám Mị Ưng	Tọa kỵ	10	khóa khi mặc	坐骑：暗魅鹰
10141093	Toạ Kỵ: Tử Mị Ưng	Tọa kỵ	10	khóa khi mặc	坐骑：紫魅鹰
10141094	Toạ Kỵ: Khô Mộc Quỷ Lỗi	Tọa kỵ	10	khóa	坐骑：枯木傀儡
10141095	Toạ Kỵ: Hoả Vân Tà Thú	Tọa kỵ	10	khóa khi mặc	坐骑：火云邪兽
10141096	Thánh Đản Lão Nhân Đích Khẩu Đại	Hành nang	2	khóa	圣诞老人的口袋
10141097	Thánh Đản Vạt	Cách tương	2	khóa	圣诞袜
10141098	Thánh Đản Lão Nhân Đích Khẩu Đại	Hành nang	2	khóa	圣诞老人的口袋
10141099	Thánh Đản Vạt	Cách tương	2	khóa	圣诞袜
10141100	Thánh Đản Lão Nhân Đích Khẩu Đại	Hành nang	2	khóa	圣诞老人的口袋
10141101	Thánh Đản Vạt	Cách tương	2	khóa	圣诞袜
10141102	Toạ Kỵ: Huyền Thiên Lôi Thú	Tọa kỵ	10	khóa khi mặc	坐骑：玄天雷兽
10141103	Toạ Kỵ: Cửu Châu Thần Long	Tọa kỵ	10	khóa khi mặc	坐骑：九州神龙
10141104	Toạ Kỵ: Nguyệt Thỏ	Tọa kỵ	10	khóa khi mặc	坐骑：月兔
10141105	Toạ Kỵ: Giang Nam Toả Giáp Mã	Tọa kỵ	10	khóa khi mặc	坐骑：江南锁甲马
10141106	Toạ Kỵ: Đại Mạc Kim Qua Mã	Tọa kỵ	10	khóa khi mặc	坐骑：大漠金戈马
10141107	Toạ Kỵ: Yên Vũ Thanh Hà	Tọa kỵ	10	khóa	坐骑：烟雨清荷
10141108	Toạ Kỵ: Huyễn Hoả Xích Lân Thú	Tọa kỵ	10	khóa	坐骑：幻火赤麟兽
10141109	Toạ Kỵ: Chích Túc Quỷ Mã	Tọa kỵ	10	khóa	坐骑：炙足鬼马
10141110	Toạ Kỵ: Thiêm Phúc Cẩm Lân	Tọa kỵ	10	khóa khi mặc	坐骑：添福锦鳞
10141111	Toạ Kỵ: Thiên Công Linh Lung Thử	Tọa kỵ	10	khóa	坐骑：天工玲珑鼠
10141112	Toạ Kỵ: Lục Hành Điểu	Tọa kỵ	10	khóa	坐骑：陆行鸟
10141113	Toạ Kỵ: Kim Lân Vũ Sư	Tọa kỵ	10	khóa khi mặc	坐骑：金麟舞狮
10141114	Toạ Kỵ: Ký Cư Giải	Tọa kỵ	10	khóa	坐骑：寄居蟹
10141115	Toạ Kỵ: Thất Bảo Liên Toạ	Tọa kỵ	10	khóa khi mặc	坐骑：七宝莲座
10141116	Toạ Kỵ: Xích Lân Bạch Trạch	Tọa kỵ	10	khóa khi mặc	坐骑：赤麟白泽
10141117	Toạ Kỵ: Thanh Lân Bạch Trạch	Tọa kỵ	10	khóa khi mặc	坐骑：青麟白泽
10141118	Toạ Kỵ: Kim Dực Long Thú	Tọa kỵ	10	khóa khi mặc	坐骑：金翼龙兽
10141120	Toạ Kỵ: Phỉ Thuý Ngự Giá	Tọa kỵ	10	khóa	坐骑：翡翠御驾
10141122	Toạ Kỵ: Dung Nham Ma Tê	Tọa kỵ	10	khóa	坐骑：熔岩魔犀
10141123	Toạ Kỵ: Tứ Hỷ Tống Lý Đài	Tọa kỵ	10	khóa	坐骑：四喜送鲤台
10141124	Toạ Kỵ: Nguyệt Bạch Long Mã	Tọa kỵ	10	khóa	坐骑：月白龙马
10141125	Phi Long: Đại Phong	Tọa kỵ	10	khóa khi mặc	飞龙：大风
10141126	Toạ Kỵ: Lam Dực Long Thú	Tọa kỵ	10	khóa khi mặc	坐骑：蓝翼龙兽
10141127	Toạ Kỵ: Thanh Dực Long Thú	Tọa kỵ	10	khóa khi mặc	坐骑：青翼龙兽
10141128	Toạ Kỵ: Ngạo Tuyết Linh Sư	Tọa kỵ	10	khóa khi mặc	坐骑：傲雪灵狮
10141129	Toạ Kỵ: Bá Thế Vũ Long	Tọa kỵ	10	khóa	坐骑：霸世羽龙
10141130	Toạ Kỵ: Thanh Dực Chiến Long	Tọa kỵ	10	khóa	坐骑：青翼战龙
10141131	Toạ Kỵ: Tuyệt Vân Diễm Long	Tọa kỵ	10	khóa	坐骑：绝云焱龙
10141132	Toạ Kỵ: Phúc Thuỵ Tuyết Điêu	Tọa kỵ	10	khóa	坐骑：福瑞雪貂
10141133	Toạ Kỵ: Hồng Mai Nhuyễn Giá	Tọa kỵ	10	khóa khi mặc	坐骑：红梅软驾
10141134	Sí Bảng: Kim Vũ	Tọa kỵ	10	khóa	翅膀：金羽
10141135	Toạ Kỵ: Minh Tà Thú	Tọa kỵ	10	khóa	坐骑：冥邪兽
10141136	Toạ Kỵ: Liệt Hoả Kim Cương	Tọa kỵ	10	khóa khi mặc	坐骑：烈火金刚
10141137	Toạ Kỵ: Xích Tiêu Viêm Lang	Tọa kỵ	10	khóa	坐骑：赤霄炎狼
10141138	Toạ Kỵ: Mị Vũ	Tọa kỵ	10	khóa	坐骑：魅羽
10141139	Toạ Kỵ: Thiên Hà Linh Thước	Tọa kỵ	10	khóa khi mặc	坐骑：天河灵鹊
10141140	Toạ Kỵ: Vân Thuỷ Kim Tình Thú	Tọa kỵ	10	khóa	坐骑：云水金睛兽
10141141	Toạ Kỵ: Hắc Thiên Mã	Tọa kỵ	10	khóa	坐骑：黑天马
10141142	Toạ Kỵ: Huyền Đồng Hải Long	Tọa kỵ	10	khóa	坐骑：玄彤海龙
10141143	Toạ Kỵ: U Lam Hải Long	Tọa kỵ	10	khóa	坐骑：幽蓝海龙
10141144	Toạ Kỵ: Ám Viêm Khai Minh Thú	Tọa kỵ	10	khóa khi mặc	坐骑：暗炎开明兽
10141145	Toạ Kỵ: Dao Quang Khai Minh Thú	Tọa kỵ	10	khóa khi mặc	坐骑：瑶光开明兽
10141146	Toạ Kỵ: Tinh Hồng Vân Chu	Tọa kỵ	10	khóa khi mặc	坐骑：星虹云舟
10141147	Toạ Kỵ: Ám Viêm Minh Sư	Tọa kỵ	10	khóa	坐骑：暗炎冥狮
10141148	Toạ Kỵ: Hư Không Hùng Hồn	Tọa kỵ	10	khóa	坐骑：虚空熊魂
10141149	Toạ Kỵ: Tường Vân Hạc	Tọa kỵ	10	khóa khi mặc	坐骑：祥云鹤
10141150	Toạ Kỵ: Kim Tiền Báo	Tọa kỵ	40	khóa khi mặc	坐骑：金钱豹
10141151	Toạ Kỵ: Vân Tuyết Báo	Tọa kỵ	60	khóa khi mặc	坐骑：云雪豹
10141152	Toạ Kỵ: U Minh Báo	Tọa kỵ	80	khóa khi mặc	坐骑：幽冥豹
10141153	Toạ Kỵ: Viêm Vũ	Tọa kỵ	10	khóa	坐骑：炎羽
10141154	Toạ Kỵ: Ưng Long Huyễn Hồn	Tọa kỵ	10	khóa khi mặc	坐骑：应龙幻魂
10141155	Toạ Kỵ: Hắc Mai Khôi	Tọa kỵ	1	khóa	坐骑：黑玫瑰
10141156	Toạ Kỵ: Nhung Tuyết Thần Ngưu	Tọa kỵ	10	khóa khi mặc	坐骑：绒雪神牛
10141157	Toạ Kỵ: Thương Hải Long Câu	Tọa kỵ	10	khóa khi mặc	坐骑：沧海龙驹
10141158	Toạ Kỵ: Bách Biến Kim Cương	Tọa kỵ	10	khóa khi mặc	坐骑：百变金刚
10141159	Toạ Kỵ: Đậu Đậu Tuyết Khiêu	Tọa kỵ	10	khóa khi mặc	坐骑：豆豆雪橇
10141160	Toạ Kỵ: Nguyệt Mã Hương Câu	Tọa kỵ	10	khóa khi mặc	坐骑：月马香驹
10141161	Toạ Kỵ: Xích Luyện Câu	Tọa kỵ	10	khóa khi mặc	坐骑：赤炼驹
10141162	Toạ Kỵ: Bích Giáp Huyền Quy	Tọa kỵ	10	khóa khi mặc	坐骑：碧甲玄龟
10141163	Toạ Kỵ: Tinh Vũ Du Long	Tọa kỵ	10	khóa khi mặc	坐骑：星羽游龙
10141164	Toạ Kỵ: Thương Lan Vũ Dực	Tọa kỵ	10	khóa khi mặc	坐骑：沧澜羽翼
10141165	Toạ Kỵ: Vân Tiêu Vũ Dực	Tọa kỵ	10	khóa khi mặc	坐骑：云霄羽翼
10141166	Toạ Kỵ: Đoàn Dương Dương	Tọa kỵ	10	khóa khi mặc	坐骑：团羊羊
10141167	Toạ Kỵ: Vân Thuỷ Thanh Hà	Tọa kỵ	10	khóa khi mặc	坐骑：云水青荷
10141168	Toạ Kỵ: Diệt Thế Hoả Phượng	Tọa kỵ	10	khóa khi mặc	坐骑：灭世火凤
10141169	Toạ Kỵ: Liệt Hải Ma Long	Tọa kỵ	10	khóa khi mặc	坐骑：裂海魔龙
10141170	Toạ Kỵ: Nhiếp Linh Cổ Hoa	Tọa kỵ	10	khóa khi mặc	坐骑：摄灵蛊花
10141171	Toạ Kỵ: Thuỷ Bích Phi Diên	Tọa kỵ	10	khóa	坐骑：水碧飞鸢
10141172	Toạ Kỵ: Giáng Tử Phi Diên	Tọa kỵ	10	khóa	坐骑：绛紫飞鸢
10141173	Toạ Kỵ: Cương Tông Thú	Tọa kỵ	10	khóa	坐骑：钢鬃兽
10141174	Toạ Kỵ: Quỷ Mã Long Chu	Tọa kỵ	10	khóa khi mặc	坐骑：鬼马龙舟
10141175	Toạ Kỵ: Vọng Nguyệt Long Câu	Tọa kỵ	10	khóa	坐骑：望月龙驹
10141176	Toạ Kỵ: Đạp Tuyết Ô Chuy	Tọa kỵ	10	khóa	坐骑：踏雪乌骓
10141177	Toạ Kỵ: Ngọc Lân Long	Tọa kỵ	10	khóa khi mặc	坐骑：玉麟龙
10141178	Toạ Kỵ: Mộng Linh Tiên Câu	Tọa kỵ	10	khóa	坐骑：梦灵仙驹
10141179	Toạ Kỵ: Mộng Huyễn Tiên Câu	Tọa kỵ	10	khóa	坐骑：梦幻仙驹
10141180	Toạ Kỵ: Vân Hộc Cẩm Xa	Tọa kỵ	10	khóa	坐骑：云鹄锦车
10141181	Toạ Kỵ: Bích Thuỷ Linh Quân	Tọa kỵ	10	khóa	坐骑：碧水灵君
10141182	Toạ Kỵ: Tử Ngọc Linh Miêu	Tọa kỵ	10	khóa	坐骑：紫玉灵猫
10141183	Toạ Kỵ: Tố Tuyết Linh Miêu	Tọa kỵ	10	khóa	坐骑：素雪灵猫
10141184	Toạ Kỵ: Hàm Bảo Hùng	Tọa kỵ	10	khóa	坐骑：憨宝熊
10141185	Toạ Kỵ: Hồng Vy Mộng Ỷ	Tọa kỵ	10	khóa	坐骑：红薇梦椅
10141186	Toạ Kỵ: Linh Vy Mộng Ỷ	Tọa kỵ	10	khóa	坐骑：灵薇梦椅
10141187	Toạ Kỵ: Lưu Ly Tước Vũ	Tọa kỵ	10	khóa	坐骑：琉璃雀羽
10141188	Toạ Kỵ: Linh Vu Tước Vũ	Tọa kỵ	10	khóa	坐骑：灵巫雀羽
10141189	Toạ Kỵ: Phi Hoàng Vũ Dực	Tọa kỵ	10	khóa	坐骑：飞凰羽翼
10141190	Toạ Kỵ: Hỷ Khánh Hùng Miêu	Tọa kỵ	10	khóa	坐骑：喜庆熊猫
10141191	Toạ Kỵ: Địa Hoả Ly Viêm Thú	Tọa kỵ	10	khóa	坐骑：地火离炎兽
10141192	Toạ Kỵ: Bố Đinh Điềm Tâm	Tọa kỵ	10	khóa	坐骑：布丁甜心
10141193	Toạ Kỵ: Bố Đinh Điềm Tâm Lam	Tọa kỵ	10	khóa	坐骑：布丁甜心蓝
10141194	Toạ Kỵ: Linh Hồ	Tọa kỵ	40	khóa khi mặc	坐骑：灵狐
10141195	Toạ Kỵ: Xích Vĩ Hồ	Tọa kỵ	60	khóa khi mặc	坐骑：赤尾狐
10141196	Toạ Kỵ: Huyền Thiên Hồ	Tọa kỵ	80	khóa khi mặc	坐骑：玄天狐
10141197	Toạ Kỵ: Tấn Mãnh Long	Tọa kỵ	80	khóa khi mặc	坐骑：迅猛龙
10141198	Toạ Kỵ: Hoả Phượng Hoàng	Tọa kỵ	80	khóa khi mặc	坐骑：火凤凰
10141199	Toạ Kỵ: Độc Giác Thú	Tọa kỵ	80	khóa khi mặc	坐骑：独角兽
10141200	Toạ Kỵ: Phượng Lôi Thú	Tọa kỵ	80	khóa khi mặc	坐骑：凤雷兽
10141201	Toạ Kỵ: Hiết Vĩ Sư	Tọa kỵ	80	khóa khi mặc	坐骑：蝎尾狮
10141202	Sí Bảng: Đẩu Vương Chi Dực	Tọa kỵ	80	khóa khi mặc	翅膀：斗王之翼
10141203	Sí Bảng: Đẩu Hoàng Chi Dực	Tọa kỵ	80	khóa khi mặc	翅膀：斗皇之翼
10141204	Sí Bảng: Đẩu Thánh Chi Dực	Tọa kỵ	80	khóa khi mặc	翅膀：斗圣之翼
10141205	Sí Bảng: Đẩu Đế Chi Dực	Tọa kỵ	80	khóa khi mặc	翅膀：斗帝之翼
10141206	Sí Bảng: Đẩu Thần Chi Dực	Tọa kỵ	80	khóa khi mặc	翅膀：斗神之翼
10141207	Kỵ Thừa: Tự Hành Xa-Phấn	Tọa kỵ	80	khóa khi mặc	骑乘：自行车·粉
10141208	Kỵ Thừa: Tự Hành Xa-Hoàng	Tọa kỵ	80	khóa khi mặc	骑乘：自行车·黄
10141209	Kỵ Thừa: Tự Hành Xa-Lam	Tọa kỵ	80	khóa khi mặc	骑乘：自行车·蓝
10141210	Kỵ Thừa: Tự Hành Xa-Hồng	Tọa kỵ	80	khóa khi mặc	骑乘：自行车·红
10141211	Kỵ Thừa: Phi Thiên Tảo Bả	Tọa kỵ	80	khóa khi mặc	骑乘：飞天扫把
10141212	Kỵ Thừa: Bạo Lực Ma Thác	Tọa kỵ	80	khóa khi mặc	骑乘：暴力摩托
10141213	Kỵ Thừa: Linh Mộng Dương Đà	Tọa kỵ	80	khóa khi mặc	骑乘：灵梦羊驼
10141214	Kỵ Thừa: Huyễn Tuyết Dương Đà	Tọa kỵ	80	khóa khi mặc	骑乘：幻雪羊驼
10141215	Kỵ Thừa: Ngự Phong Dương Đà	Tọa kỵ	80	khóa khi mặc	骑乘：御风羊驼
10141216	Kỵ Thừa: Truy Nguyệt Dương Đà	Tọa kỵ	80	khóa khi mặc	骑乘：追月羊驼
10146103	Toạ Kỵ: Linh Hồ	Tọa kỵ	40	khóa khi mặc	坐骑：灵狐
10146104	Toạ Kỵ: Xích Vĩ Hồ	Tọa kỵ	60	khóa khi mặc	坐骑：赤尾狐
10146108	Toạ Kỵ: Huyền Thiên Hồ	Tọa kỵ	80	khóa khi mặc	坐骑：玄天狐
10155001	Phi Hoàng Thạch	Ám khí	10	khóa	飞蝗石
10155002	Băng Phách Thần Châm	Ám khí	70	khóa	冰魄神针
10155003	Mai Hoa Tiêu	Ám khí	50	khóa	梅花镖
10155004	Phi Hoàng Thạch	Ám khí	30	khóa	飞蝗石
10155005	Mai Hoa Tiêu	Ám khí	50	khóa	梅花镖
10155006	Đoạn Hồn Tiêu	Ám khí	30	khóa	断魂镖
10155007	Huyết Tích Tử	Ám khí	30	khóa	血滴子
10155011	Băng Phách Thần Châm	Ám khí	70	giao dịch được	冰魄神针
10155012	Băng Phách Thần Châm	Ám khí	70	giao dịch được	冰魄神针
10155013	Băng Phách Thần Châm	Ám khí	70	giao dịch được	冰魄神针
10155014	Băng Phách Thần Châm	Ám khí	70	giao dịch được	冰魄神针
10155015	Băng Phách Thần Châm	Ám khí	70	giao dịch được	冰魄神针
10155016	Băng Phách Thần Châm	Ám khí	70	giao dịch được	冰魄神针
10155017	Băng Phách Thần Châm	Ám khí	70	giao dịch được	冰魄神针
10155018	Băng Phách Thần Châm	Ám khí	70	giao dịch được	冰魄神针
10155019	Băng Phách Thần Châm	Ám khí	70	giao dịch được	冰魄神针
10155020	Băng Phách Thần Châm	Ám khí	70	giao dịch được	冰魄神针
10155021	Kim Sí Linh Vũ	Ám khí	90	giao dịch được	金翅翎羽
10155100	Kim Sí Linh Vũ	Ám khí	90	giao dịch được	金翅翎羽
10155101	Kim Sí Linh Vũ	Ám khí	90	giao dịch được	金翅翎羽
10155102	Kim Sí Linh Vũ	Ám khí	90	giao dịch được	金翅翎羽
10155103	Kim Sí Linh Vũ	Ám khí	90	giao dịch được	金翅翎羽
10155104	Kim Sí Linh Vũ	Ám khí	90	giao dịch được	金翅翎羽
10155105	Kim Sí Linh Vũ	Ám khí	90	giao dịch được	金翅翎羽
10155106	Kim Sí Linh Vũ	Ám khí	90	giao dịch được	金翅翎羽
10155107	Kim Sí Linh Vũ	Ám khí	90	giao dịch được	金翅翎羽
10155108	Kim Sí Linh Vũ	Ám khí	90	giao dịch được	金翅翎羽
10155109	Kim Sí Linh Vũ	Ám khí	90	giao dịch được	金翅翎羽
10155110	Kim Sí Linh Vũ	Ám khí	90	giao dịch được	金翅翎羽
10155111	Kim Sí Linh Vũ	Ám khí	90	giao dịch được	金翅翎羽
10155112	Kim Sí Linh Vũ	Ám khí	90	giao dịch được	金翅翎羽
10155113	Kim Sí Linh Vũ	Ám khí	90	giao dịch được	金翅翎羽
10155114	Kim Sí Linh Vũ	Ám khí	90	giao dịch được	金翅翎羽
10155115	Kim Sí Linh Vũ	Ám khí	90	giao dịch được	金翅翎羽
10155116	Kim Sí Linh Vũ	Ám khí	90	giao dịch được	金翅翎羽
10155117	Kim Sí Linh Vũ	Ám khí	90	giao dịch được	金翅翎羽
10155118	Kim Sí Linh Vũ	Ám khí	90	giao dịch được	金翅翎羽
10155119	Kim Sí Linh Vũ	Ám khí	90	giao dịch được	金翅翎羽
10155120	Kim Sí Linh Vũ	Ám khí	90	giao dịch được	金翅翎羽
10155121	Kim Sí Linh Vũ	Ám khí	90	giao dịch được	金翅翎羽
10155122	Kim Sí Linh Vũ	Ám khí	90	giao dịch được	金翅翎羽
10155123	Kim Sí Linh Vũ	Ám khí	90	giao dịch được	金翅翎羽
10155124	Kim Sí Linh Vũ	Ám khí	90	giao dịch được	金翅翎羽
10155125	Kim Sí Linh Vũ	Ám khí	90	giao dịch được	金翅翎羽
10155126	Kim Sí Linh Vũ	Ám khí	90	giao dịch được	金翅翎羽
10155127	Kim Sí Linh Vũ	Ám khí	90	giao dịch được	金翅翎羽
10155128	Kim Sí Linh Vũ	Ám khí	90	giao dịch được	金翅翎羽
10155129	Kim Sí Linh Vũ	Ám khí	90	giao dịch được	金翅翎羽
10155130	Kim Sí Linh Vũ	Ám khí	90	giao dịch được	金翅翎羽
10155131	Kim Sí Linh Vũ	Ám khí	90	giao dịch được	金翅翎羽
10155132	Kim Sí Linh Vũ	Ám khí	90	giao dịch được	金翅翎羽
10155133	Kim Sí Linh Vũ	Ám khí	90	giao dịch được	金翅翎羽
10155134	Kim Sí Linh Vũ	Ám khí	90	giao dịch được	金翅翎羽
10155135	Kim Sí Linh Vũ	Ám khí	90	giao dịch được	金翅翎羽
10155136	Kim Sí Linh Vũ	Ám khí	90	giao dịch được	金翅翎羽
10155137	Kim Sí Linh Vũ	Ám khí	90	giao dịch được	金翅翎羽
10155138	Kim Sí Linh Vũ	Ám khí	90	giao dịch được	金翅翎羽
10155139	Kim Sí Linh Vũ	Ám khí	90	giao dịch được	金翅翎羽
10156001	Pháp Bảo-Lưu Ly Diễm	Võ hồn	65	khóa khi mặc	法宝·琉璃焰
10156002	Pháp Bảo-Ngự Dao Bàn	Võ hồn	65	khóa khi mặc	法宝·御瑶盘
10156003	Lưu Ly Diễm	Võ hồn	65	khóa	琉璃焰
10156004	Ngự Dao Bàn	Võ hồn	65	khóa	御瑶盘
10156005	Võ Hồn Đãi Định	Võ hồn	65	khóa khi mặc	武魂待定
10156100	Ngự Dao Bàn	Võ hồn	65	khóa khi mặc	御瑶盘
10156101	Ngự Dao Bàn	Võ hồn	65	khóa khi mặc	御瑶盘
10156102	Ngự Dao Bàn	Võ hồn	65	khóa khi mặc	御瑶盘
10156103	Ngự Dao Bàn	Võ hồn	65	khóa khi mặc	御瑶盘
10156104	Ngự Dao Bàn	Võ hồn	65	khóa khi mặc	御瑶盘
10156105	Ngự Dao Bàn	Võ hồn	65	khóa khi mặc	御瑶盘
10156106	Ngự Dao Bàn	Võ hồn	65	khóa khi mặc	御瑶盘
10156107	Ngự Dao Bàn	Võ hồn	65	khóa khi mặc	御瑶盘
10156108	Ngự Dao Bàn	Võ hồn	65	khóa khi mặc	御瑶盘
10156200	Lưu Ly Diễm	Võ hồn	65	khóa khi mặc	琉璃焰
10156201	Lưu Ly Diễm	Võ hồn	65	khóa khi mặc	琉璃焰
10156202	Lưu Ly Diễm	Võ hồn	65	khóa khi mặc	琉璃焰
10156203	Lưu Ly Diễm	Võ hồn	65	khóa khi mặc	琉璃焰
10156204	Lưu Ly Diễm	Võ hồn	65	khóa khi mặc	琉璃焰
10156205	Lưu Ly Diễm	Võ hồn	65	khóa khi mặc	琉璃焰
10156206	Lưu Ly Diễm	Võ hồn	65	khóa khi mặc	琉璃焰
10156207	Lưu Ly Diễm	Võ hồn	65	khóa khi mặc	琉璃焰
10156208	Lưu Ly Diễm	Võ hồn	65	khóa khi mặc	琉璃焰
10157001	Long Văn +1	Long văn	80	khóa	龙纹+1
10157002	Long Văn +2	Long văn	80	khóa	龙纹+2
10157003	Long Văn +3	Long văn	80	khóa	龙纹+3
10157004	Long Văn +4	Long văn	80	khóa	龙纹+4
10157005	Long Văn +5	Long văn	80	khóa	龙纹+5
10157006	Long Văn +6	Long văn	80	khóa	龙纹+6
10157007	Long Văn +7	Long văn	80	khóa	龙纹+7
10157008	Long Văn +8	Long văn	80	khóa	龙纹+8
10157009	Long Văn +9	Long văn	80	khóa	龙纹+9
10158001	Giang Hồ Lệnh	Lệnh bài bang	80	khóa	江湖令
10158002	Kim Lan Lệnh	Lệnh bài bang	80	khóa	金兰令
10158003	Tụ Nghĩa Lệnh	Lệnh bài bang	80	khóa	聚义令
10158004	Sáp Huyết Lệnh	Lệnh bài bang	80	khóa	歃血令
10158005	Bá Vương Lệnh	Lệnh bài bang	80	khóa	霸王令
10159001	Thanh Long Hào Hiệp Ấn-Thái Nhất	Hào hiệp ấn	85	giao dịch được	青龙豪侠印·太一
10159002	Thanh Long Hào Hiệp Ấn-Lưỡng Nghi	Hào hiệp ấn	85	giao dịch được	青龙豪侠印·两仪
10159003	Thanh Long Hào Hiệp Ấn-Tam Tài	Hào hiệp ấn	85	giao dịch được	青龙豪侠印·三才
10159004	Thanh Long Hào Hiệp Ấn-Tứ Tượng	Hào hiệp ấn	85	giao dịch được	青龙豪侠印·四象
10159005	Thanh Long Hào Hiệp Ấn-Ngũ Hành	Hào hiệp ấn	85	giao dịch được	青龙豪侠印·五行
10159006	Thanh Long Hào Hiệp Ấn-Lục Hợp	Hào hiệp ấn	85	giao dịch được	青龙豪侠印·六合
10159007	Thanh Long Hào Hiệp Ấn-Thất Tinh	Hào hiệp ấn	85	giao dịch được	青龙豪侠印·七星
10159008	Thanh Long Hào Hiệp Ấn-Bát Cực	Hào hiệp ấn	85	giao dịch được	青龙豪侠印·八极
10159011	Bạch Hổ Hào Hiệp Ấn-Thái Nhất	Hào hiệp ấn	85	giao dịch được	白虎豪侠印·太一
10159012	Bạch Hổ Hào Hiệp Ấn-Lưỡng Nghi	Hào hiệp ấn	85	giao dịch được	白虎豪侠印·两仪
10159013	Bạch Hổ Hào Hiệp Ấn-Tam Tài	Hào hiệp ấn	85	giao dịch được	白虎豪侠印·三才
10159014	Bạch Hổ Hào Hiệp Ấn-Tứ Tượng	Hào hiệp ấn	85	giao dịch được	白虎豪侠印·四象
10159015	Bạch Hổ Hào Hiệp Ấn-Ngũ Hành	Hào hiệp ấn	85	giao dịch được	白虎豪侠印·五行
10159016	Bạch Hổ Hào Hiệp Ấn-Lục Hợp	Hào hiệp ấn	85	giao dịch được	白虎豪侠印·六合
10159017	Bạch Hổ Hào Hiệp Ấn-Thất Tinh	Hào hiệp ấn	85	giao dịch được	白虎豪侠印·七星
10159018	Bạch Hổ Hào Hiệp Ấn-Bát Cực	Hào hiệp ấn	85	giao dịch được	白虎豪侠印·八极
10159021	Chu Tước Hào Hiệp Ấn-Thái Nhất	Hào hiệp ấn	85	giao dịch được	朱雀豪侠印·太一
10159022	Chu Tước Hào Hiệp Ấn-Lưỡng Nghi	Hào hiệp ấn	85	giao dịch được	朱雀豪侠印·两仪
10159023	Chu Tước Hào Hiệp Ấn-Tam Tài	Hào hiệp ấn	85	giao dịch được	朱雀豪侠印·三才
10159024	Chu Tước Hào Hiệp Ấn-Tứ Tượng	Hào hiệp ấn	85	giao dịch được	朱雀豪侠印·四象
10159025	Chu Tước Hào Hiệp Ấn-Ngũ Hành	Hào hiệp ấn	85	giao dịch được	朱雀豪侠印·五行
10159026	Chu Tước Hào Hiệp Ấn-Lục Hợp	Hào hiệp ấn	85	giao dịch được	朱雀豪侠印·六合
10159027	Chu Tước Hào Hiệp Ấn-Thất Tinh	Hào hiệp ấn	85	giao dịch được	朱雀豪侠印·七星
10159028	Chu Tước Hào Hiệp Ấn-Bát Cực	Hào hiệp ấn	85	giao dịch được	朱雀豪侠印·八极
10159031	Huyền Võ Hào Hiệp Ấn-Thái Nhất	Hào hiệp ấn	85	giao dịch được	玄武豪侠印·太一
10159032	Huyền Võ Hào Hiệp Ấn-Lưỡng Nghi	Hào hiệp ấn	85	giao dịch được	玄武豪侠印·两仪
10159033	Huyền Võ Hào Hiệp Ấn-Tam Tài	Hào hiệp ấn	85	giao dịch được	玄武豪侠印·三才
10159034	Huyền Võ Hào Hiệp Ấn-Tứ Tượng	Hào hiệp ấn	85	giao dịch được	玄武豪侠印·四象
10159035	Huyền Võ Hào Hiệp Ấn-Ngũ Hành	Hào hiệp ấn	85	giao dịch được	玄武豪侠印·五行
10159036	Huyền Võ Hào Hiệp Ấn-Lục Hợp	Hào hiệp ấn	85	giao dịch được	玄武豪侠印·六合
10159037	Huyền Võ Hào Hiệp Ấn-Thất Tinh	Hào hiệp ấn	85	giao dịch được	玄武豪侠印·七星
10159038	Huyền Võ Hào Hiệp Ấn-Bát Cực	Hào hiệp ấn	85	giao dịch được	玄武豪侠印·八极
10200001	Ngân Bối Khảm Sơn Đao	Đao phủ	10	giao dịch được	银背砍山刀
10200002	Phi Liêm Đại Khảm Đao	Đao phủ	20	giao dịch được	飞镰大砍刀
10200003	Song Sí Khai Sơn Việt	Đao phủ	30	giao dịch được	双翅开山钺
10200004	Bát Quái Tuyên Hoa Phủ	Đao phủ	40	giao dịch được	八卦宣花斧
10200005	Cửu Long Phương Tiện Sạn	Đao phủ	50	giao dịch được	九龙方便铲
10200006	Kim Đỉnh Lang Nha Sóc	Đao phủ	60	giao dịch được	金顶狼牙槊
10200007	Thần Long Khai Thiên Việt	Đao phủ	70	giao dịch được	神龙开天钺
10200008	Hứng Vong	Đao phủ	80	giao dịch được	兴亡
10200009	Trần Duyên	Đao phủ	90	giao dịch được	尘缘
10200010	Bách Luyện	Đao phủ	100	giao dịch được	百炼
10200011	Tam Đình Khảm Sơn Đao	Đao phủ	10	khóa khi mặc	三亭砍山刀
10200012	Liễu Hiệp Bát Phong Đao	Đao phủ	20	khóa khi mặc	柳叶泼风刀
10200013	Nguyệt Nha Khai Sơn Phủ	Đao phủ	30	khóa khi mặc	月牙开山斧
10200014	Bảo Quang Xa Luân Phủ	Đao phủ	40	khóa khi mặc	宝光车轮斧
10200015	Ngũ Hành Nhật Nguyệt Sạn	Đao phủ	50	khóa khi mặc	五行日月铲
10200016	Kim Đỉnh Táo Dương Sóc	Đao phủ	60	khóa khi mặc	金顶枣阳槊
10200017	Chu Tước Phách Thiên Phủ	Đao phủ	70	khóa khi mặc	朱雀劈天斧
10200018	Thử Ly	Đao phủ	80	khóa khi mặc	黍离
10200019	Hoạ Phúc	Đao phủ	90	khóa khi mặc	祸福
10200020	Bách Chiến	Đao phủ	100	khóa khi mặc	百战
10200021	Ô Mã Phủ	Đao phủ	110	giao dịch được	乌玛斧
10200022	Khảm Kim Minh Đầu Chuỳ	Đao phủ	120	giao dịch được	嵌金铭头锤
10200023	130 Điệu Lạc	Đao phủ	130	giao dịch được	130掉落
10200024	140 Điệu Lạc	Đao phủ	140	giao dịch được	140掉落
10200025	150 Điệu Lạc	Đao phủ	150	giao dịch được	150掉落
10200026	Trì Mã	Đao phủ	110	khóa khi mặc	驰马
10200027	Tàng Nhân Trưởng Nhận	Đao phủ	120	khóa khi mặc	藏因长刃
10200028	130 Chú Tạo	Đao phủ	130	khóa khi mặc	130铸造
10200029	140 Chú Tạo	Đao phủ	140	khóa khi mặc	140铸造
10200030	150 Chú Tạo	Đao phủ	150	khóa khi mặc	150铸造
10201001	Tam Cổ Lượng Ngân Xoa	Thương bổng	10	giao dịch được	三股亮银叉
10201002	Thần Phi Câu Liêm Thương	Thương bổng	20	giao dịch được	神飞钩镰枪
10201003	Bạch Ngọc Đằng Long Thương	Thương bổng	30	giao dịch được	白玉腾龙枪
10201004	Tam Cổ Thác Thiên Xoa	Thương bổng	40	giao dịch được	三股托天叉
10201005	Thú Giác Điểm Kim Thương	Thương bổng	50	giao dịch được	兽角点金枪
10201006	Địa Hoả Huyền Lô Thương	Thương bổng	60	giao dịch được	地火玄卢枪
10201007	Phật Mẫu Tử Kim Thương	Thương bổng	70	giao dịch được	佛母紫金枪
10201008	Trấn Nhạc Đoạn Hồn	Thương bổng	80	giao dịch được	镇岳断魂
10201009	Toả Hầu	Thương bổng	90	giao dịch được	锁喉
10201010	Trưởng Lạc	Thương bổng	100	giao dịch được	长乐
10201011	Tam Cổ Bôn Lôi Xoa	Thương bổng	10	khóa khi mặc	三股奔雷叉
10201012	Tinh Cương Liệp Hổ Xoa	Thương bổng	20	khóa khi mặc	精钢猎虎叉
10201013	Thanh Ngọc Đằng Long Thương	Thương bổng	30	khóa khi mặc	青玉腾龙枪
10201014	Tam Cổ Liệt Diễm Xoa	Thương bổng	40	khóa khi mặc	三股烈焰叉
10201015	Hổ Vĩ Chạm Kim Thương	Thương bổng	50	khóa khi mặc	虎尾錾金枪
10201016	Ngũ Độc Thấu Cốt Thương	Thương bổng	60	khóa khi mặc	五毒透骨枪
10201017	Bạo Vũ Diệt Hồn Thương	Thương bổng	70	khóa khi mặc	暴雨灭魂枪
10201018	Xiết Tinh Xuyên Thiên	Thương bổng	80	khóa khi mặc	掣星穿天
10201019	Đoạn Tràng	Thương bổng	90	khóa khi mặc	断肠
10201020	Vị Ương	Thương bổng	100	khóa khi mặc	未央
10201021	Ngao Hán	Thương bổng	110	giao dịch được	敖汉
10201022	Song Đồng	Thương bổng	120	giao dịch được	双瞳
10201023	130 Điệu Lạc	Thương bổng	130	giao dịch được	130掉落
10201024	140 Điệu Lạc	Thương bổng	140	giao dịch được	140掉落
10201025	150 Điệu Lạc	Thương bổng	150	giao dịch được	150掉落
10201026	Lộc Minh Thương	Thương bổng	110	khóa khi mặc	鹿鸣枪
10201027	Nguyệt Bạch	Thương bổng	120	khóa khi mặc	月白
10201028	130 Chú Tạo	Thương bổng	130	khóa khi mặc	130铸造
10201029	140 Chú Tạo	Thương bổng	140	khóa khi mặc	140铸造
10201030	150 Chú Tạo	Thương bổng	150	khóa khi mặc	150铸造
10202001	Xích Đồng Nhận	Đoản binh	10	giao dịch được	赤铜刃
10202002	Thanh Phong Kiếm	Đoản binh	20	giao dịch được	青锋剑
10202003	Thiên Lang Kiếm	Đoản binh	30	giao dịch được	天狼剑
10202004	Việt Vương Nhận	Đoản binh	40	giao dịch được	越王刃
10202005	Tùng Văn Cổ Định Đao	Đoản binh	50	giao dịch được	松纹古定刀
10202006	Tài Kim Kiếm	Đoản binh	60	giao dịch được	裁金剑
10202007	Du Long Kiếm	Đoản binh	70	giao dịch được	游龙剑
10202008	Tử Điện Thanh Sương	Đoản binh	80	giao dịch được	紫电清霜
10202009	Mặc Cầu	Đoản binh	90	giao dịch được	墨求
10202010	Trạm Lô	Đoản binh	100	giao dịch được	湛卢
10202011	Thanh Đồng Nhận	Đoản binh	10	khóa khi mặc	青铜刃
10202012	Khi Sương Kiếm	Đoản binh	20	khóa khi mặc	欺霜剑
10202013	Phá Quân Kiếm	Đoản binh	30	khóa khi mặc	破军剑
10202014	Ngô Câu Kiếm	Đoản binh	40	khóa khi mặc	吴钩剑
10202015	Bế Nguyệt Tu Quang Kiếm	Đoản binh	50	khóa khi mặc	闭月羞光剑
10202016	Đoạn Ngọc Kiếm	Đoản binh	60	khóa khi mặc	断玉剑
10202017	Thiên Bộc Kiếm	Đoản binh	70	khóa khi mặc	天瀑剑
10202018	Xích Tiêu Bạch Đế	Đoản binh	80	khóa khi mặc	赤霄白帝
10202019	Công Bố	Đoản binh	90	khóa khi mặc	工布
10202020	Long Uyên	Đoản binh	100	khóa khi mặc	龙渊
10202021	Tháp Ha	Đoản binh	110	giao dịch được	塔哈
10202022	Thạch Cốc	Đoản binh	120	giao dịch được	石谷
10202023	130 Điệu Lạc	Đoản binh	130	giao dịch được	130掉落
10202024	140 Điệu Lạc	Đoản binh	140	giao dịch được	140掉落
10202025	150 Điệu Lạc	Đoản binh	150	giao dịch được	150掉落
10202026	Khởi Minh	Đoản binh	110	khóa khi mặc	启明
10202027	Hàn Khương	Đoản binh	120	khóa khi mặc	寒姜
10202028	130 Chú Tạo	Đoản binh	130	khóa khi mặc	130铸造
10202029	140 Chú Tạo	Đoản binh	140	khóa khi mặc	140铸造
10202030	150 Chú Tạo	Đoản binh	150	khóa khi mặc	150铸造
10203001	Tú Nhung Song Đao	Song đoản	10	giao dịch được	绣绒双刀
10203002	Bạch Hổ Song Kiếm	Song đoản	20	giao dịch được	白虎双剑
10203003	Nhật Nguyệt Song Kiếm	Song đoản	30	giao dịch được	日月双剑
10203004	Phân Thuỷ Nga My Thích	Song đoản	40	giao dịch được	分水峨嵋刺
10203005	Long Phượng Song Kiếm	Song đoản	50	giao dịch được	龙凤双剑
10203006	Đoàn Hoa Song Phủ	Song đoản	60	giao dịch được	团花双斧
10203007	Thất Tinh Mộng Điệp Song Đao	Song đoản	70	giao dịch được	七星梦蝶双刀
10203008	Lạnh Nguyệt Hàn Tinh	Song đoản	80	giao dịch được	冷月寒星
10203009	Phượng Cầu Hoàng	Song đoản	90	giao dịch được	凤求凰
10203010	Phách Phong	Song đoản	100	giao dịch được	劈风
10203011	Liễu Hiệp Song Đao	Song đoản	10	khóa khi mặc	柳叶双刀
10203012	Linh Xà Song Kiếm	Song đoản	20	khóa khi mặc	灵蛇双剑
10203013	Tinh Thìn Song Kiếm	Song đoản	30	khóa khi mặc	星辰双剑
10203014	Tam Tinh Nga My Thích	Song đoản	40	khóa khi mặc	三星峨嵋刺
10203015	Xuân Thu Song Đao	Song đoản	50	khóa khi mặc	春秋双刀
10203016	Thù Lưu Song Phủ	Song đoản	60	khóa khi mặc	殊流双斧
10203017	Thu Thuỷ Nhạn Linh Song Đao	Song đoản	70	khóa khi mặc	秋水雁翎双刀
10203018	Sương Thiên Hiểu Giác	Song đoản	80	khóa khi mặc	霜天晓角
10203019	Vân Truy Nguyệt	Song đoản	90	khóa khi mặc	云追月
10203020	Thương Long	Song đoản	100	khóa khi mặc	苍龙
10203021	Nộ Ha	Song đoản	110	giao dịch được	怒哈
10203022	Nhã Tân	Song đoản	120	giao dịch được	雅辛
10203023	130 Điệu Lạc	Song đoản	130	giao dịch được	130掉落
10203024	140 Điệu Lạc	Song đoản	140	giao dịch được	140掉落
10203025	150 Điệu Lạc	Song đoản	150	giao dịch được	150掉落
10203026	Quân Thiên	Song đoản	110	khóa khi mặc	君天
10203027	Cổ Lan	Song đoản	120	khóa khi mặc	古兰
10203028	130 Chú Tạo	Song đoản	130	khóa khi mặc	130铸造
10203029	140 Chú Tạo	Song đoản	140	khóa khi mặc	140铸造
10203030	150 Chú Tạo	Song đoản	150	khóa khi mặc	150铸造
10204001	Tuyên Chỉ Phiến	Quạt	10	giao dịch được	宣纸扇
10204002	Thiên Tú Quyên Cung Phiến	Quạt	20	giao dịch được	千绣绢宫扇
10204003	Tê Giác Phiến	Quạt	30	giao dịch được	犀角扇
10204004	Tinh Ngọc Phiến	Quạt	40	giao dịch được	晶玉扇
10204005	Bích Vân Phiến	Quạt	50	giao dịch được	碧云扇
10204006	Tương Phi Phiến	Quạt	60	giao dịch được	湘妃扇
10204007	Bách Chuyển Thiên Hình Phiến	Quạt	70	giao dịch được	百转千形扇
10204008	Vũ Đả Ba Tiêu	Quạt	80	giao dịch được	雨打芭蕉
10204009	Phá Trận Tử	Quạt	90	giao dịch được	破阵子
10204010	卧 Long	Quạt	100	giao dịch được	卧龙
10204011	Nga Mao Phiến	Quạt	10	khóa khi mặc	鹅毛扇
10204012	Thập Tự Miên Trúc Phiến	Quạt	20	khóa khi mặc	十字绵竹扇
10204013	Bạch Vũ Phiến	Quạt	30	khóa khi mặc	白羽扇
10204014	Thanh Tâm Phiến	Quạt	40	khóa khi mặc	清心扇
10204015	Thiết Cốt Phiến	Quạt	50	khóa khi mặc	铁骨扇
10204016	Thuỷ Kính Phiến	Quạt	60	khóa khi mặc	水镜扇
10204017	Ngũ Hoả Thất Cầm Phiến	Quạt	70	khóa khi mặc	五火七禽扇
10204018	Phong Bài Tông Lư	Quạt	80	khóa khi mặc	风摆棕榈
10204019	Định Phong Ba	Quạt	90	khóa khi mặc	定风波
10204020	Phượng Sồ	Quạt	100	khóa khi mặc	凤雏
10204021	Sa Khâu	Quạt	110	giao dịch được	沙丘
10204022	Tượng Huyết	Quạt	120	giao dịch được	象血
10204023	130 Điệu Lạc	Quạt	130	giao dịch được	130掉落
10204024	140 Điệu Lạc	Quạt	140	giao dịch được	140掉落
10204025	150 Điệu Lạc	Quạt	150	giao dịch được	150掉落
10204026	San Hô Phiến	Quạt	110	khóa khi mặc	珊瑚扇
10204027	Vong Xuyên Phiến	Quạt	120	khóa khi mặc	忘川扇
10204028	130 Chú Tạo	Quạt	130	khóa khi mặc	130铸造
10204029	140 Chú Tạo	Quạt	140	khóa khi mặc	140铸造
10204030	150 Chú Tạo	Quạt	150	khóa khi mặc	150铸造
10205001	Tân Thiết Hoàn	Hoàn	10	giao dịch được	镔铁环
10205002	Bạch Ngọc Hoàn	Hoàn	20	giao dịch được	白玉环
10205003	Anh Hùng Hoàn	Hoàn	30	giao dịch được	英雄环
10205004	Tử Mẫu Ô Kim Hoàn	Hoàn	40	giao dịch được	子母乌金环
10205005	Trục Nhật Hoàn	Hoàn	50	giao dịch được	逐日环
10205006	Thiên Mạch Hoàn	Hoàn	60	giao dịch được	天脉环
10205007	Phong Hoả Luân	Hoàn	70	giao dịch được	风火轮
10205008	Thanh Giác	Hoàn	80	giao dịch được	清角
10205009	Trích Tinh	Hoàn	90	giao dịch được	摘星
10205010	Thái Hoàng	Hoàn	100	giao dịch được	太皇
10205011	Bạch Ngân Hoàn	Hoàn	10	khóa khi mặc	白银环
10205012	Minh Nguyệt Hoàn	Hoàn	20	khóa khi mặc	明月环
10205013	Ngũ Hành Luân	Hoàn	30	khóa khi mặc	五行轮
10205014	Thiên Địa Kim Cương Khuyên	Hoàn	40	khóa khi mặc	天地金刚圈
10205015	Nhiếp Tinh Hoàn	Hoàn	50	khóa khi mặc	摄星环
10205016	Thiên Lạc Hoàn	Hoàn	60	khóa khi mặc	天络环
10205017	Can Khôn Khuyên	Hoàn	70	khóa khi mặc	干坤圈
10205018	Mệnh Vận	Hoàn	80	khóa khi mặc	命运
10205019	Thám Hoa	Hoàn	90	khóa khi mặc	探花
10205020	Trảm Quan	Hoàn	100	khóa khi mặc	斩关
10205021	Hạ Phất Hoàn	Hoàn	110	giao dịch được	夏弗环
10205022	Tích Lan	Hoàn	120	giao dịch được	锡兰
10205023	130 Điệu Lạc	Hoàn	130	giao dịch được	130掉落
10205024	140 Điệu Lạc	Hoàn	140	giao dịch được	140掉落
10205025	150 Điệu Lạc	Hoàn	150	giao dịch được	150掉落
10205026	Tứ Hiệp Quỹ	Hoàn	110	khóa khi mặc	四叶轨
10205027	Cẩm Sắt Bích	Hoàn	120	khóa khi mặc	锦瑟璧
10205028	130 Chú Tạo	Hoàn	130	khóa khi mặc	130铸造
10205029	140 Chú Tạo	Hoàn	140	khóa khi mặc	140铸造
10205030	150 Chú Tạo	Hoàn	150	khóa khi mặc	150铸造
10206001	Ngạnh Mộc Nỗ	Nỏ	10	giao dịch được	硬木弩
10206002	Tất Mộc Nỗ	Nỏ	20	giao dịch được	漆木弩
10206003	Nhạn Linh Trưởng Nỗ	Nỏ	30	giao dịch được	雁翎长弩
10206004	Trầm Hương Trưởng Nỗ	Nỏ	40	giao dịch được	沉香长弩
10206005	Vân Yến Chiến Nỗ	Nỏ	50	giao dịch được	云燕战弩
10206006	Tinh Cương Tấn Nỗ	Nỏ	60	giao dịch được	精钢迅弩
10206007	Tê Giác Tấn Nỗ	Nỏ	70	giao dịch được	犀角迅弩
10206008	Thanh Đồng Lộc Điêu Nỗ	Nỏ	80	giao dịch được	青铜鹿雕弩
10206009	Lưỡng Nghi Chiến Vân Nỗ	Nỏ	90	giao dịch được	两仪战云弩
10206010	Tứ Tượng Hổ Cốt Nỗ	Nỏ	100	giao dịch được	四象虎骨弩
10206011	Bàn Long Tượng Nha Nỗ	Nỏ	110	giao dịch được	盘龙象牙弩
10206012	Đan Dương Phượng Ngô Nỗ	Nỏ	120	giao dịch được	丹阳凤梧弩
10206013	130 Điệu Lạc	Nỏ	130	giao dịch được	130掉落
10206014	140 Điệu Lạc	Nỏ	140	giao dịch được	140掉落
10206015	150 Điệu Lạc	Nỏ	150	giao dịch được	150掉落
10206016	Hàn Lộ Nỗ	Nỏ	10	khóa khi mặc	寒露弩
10206017	Thôn Vân Nỗ	Nỏ	20	khóa khi mặc	吞云弩
10206018	Lăng Sương Nỗ	Nỏ	30	khóa khi mặc	凌霜弩
10206019	Hoá Tuyết Nỗ	Nỏ	40	khóa khi mặc	化雪弩
10206020	Lãng Nguyệt Nỗ	Nỏ	50	khóa khi mặc	朗月弩
10206021	Sắc Tội Nỗ	Nỏ	60	khóa khi mặc	敕罪弩
10206022	Bá Vương Nỗ	Nỏ	70	khóa khi mặc	霸王弩
10206023	Long Thiệt Nỗ	Nỏ	80	khóa khi mặc	龙舌弩
10206024	Thiết Tý Nỗ	Nỏ	90	khóa khi mặc	铁臂弩
10206025	Linh Bảo Nỗ	Nỏ	100	khóa khi mặc	灵宝弩
10206026	Chấn Thiên Nỗ	Nỏ	110	khóa khi mặc	震天弩
10206027	Lạc Nhật Nỗ	Nỏ	120	khóa khi mặc	落日弩
10206028	130 Chú Tạo	Nỏ	130	khóa khi mặc	130铸造
10206029	140 Chú Tạo	Nỏ	140	khóa khi mặc	140铸造
10206030	150 Chú Tạo	Nỏ	150	khóa khi mặc	150铸造
10207001	Liễu Mộc Trưởng Trượng	Trượng	10	giao dịch được	柳木长杖
10207002	Tất Mộc Trưởng Trượng	Trượng	20	giao dịch được	漆木长杖
10207003	Đoạn Mộc Trưởng Trượng	Trượng	30	giao dịch được	椴木长杖
10207004	Đàn Hương Trưởng Trượng	Trượng	40	giao dịch được	檀香长杖
10207005	Lưu Vân Chiến Trượng	Trượng	50	giao dịch được	流云战杖
10207006	Kim Cương Chiến Trượng	Trượng	60	giao dịch được	金刚战杖
10207007	Linh Tê Chiến Trượng	Trượng	70	giao dịch được	灵犀战杖
10207008	Mẫu Lộc Linh Trượng	Trượng	80	giao dịch được	牡鹿灵杖
10207009	Âm Dương Linh Trượng	Trượng	90	giao dịch được	阴阳灵杖
10207010	Tứ Tượng Lê Hoa Trượng	Trượng	100	giao dịch được	四象梨花杖
10207011	Lâu Lan Bát Bảo Trượng	Trượng	110	giao dịch được	楼兰八宝杖
10207012	Phượng Dương Linh Ngô Trượng	Trượng	120	giao dịch được	凤阳灵梧杖
10207013	130 Điệu Lạc	Trượng	130	giao dịch được	130掉落
10207014	140 Điệu Lạc	Trượng	140	giao dịch được	140掉落
10207015	150 Điệu Lạc	Trượng	150	giao dịch được	150掉落
10207016	Phương Thảo Trượng	Trượng	10	khóa khi mặc	芳草杖
10207017	Loạn Hoa Trượng	Trượng	20	khóa khi mặc	乱花杖
10207018	Ngọc Trúc Trượng	Trượng	30	khóa khi mặc	玉竹杖
10207019	Hàn Lưu Trượng	Trượng	40	khóa khi mặc	寒流杖
10207020	Phi Thoan Trượng	Trượng	50	khóa khi mặc	飞湍杖
10207021	Bích Ba Trượng	Trượng	60	khóa khi mặc	碧波杖
10207022	Dũng Lãng Trượng	Trượng	70	khóa khi mặc	涌浪杖
10207023	Thiên Hà Trượng	Trượng	80	khóa khi mặc	天河杖
10207024	Tinh Vân Trượng	Trượng	90	khóa khi mặc	星云杖
10207025	Linh Minh Trượng	Trượng	100	khóa khi mặc	灵冥杖
10207026	Diệu Thiên Trượng	Trượng	110	khóa khi mặc	妙天杖
10207027	Thần Tiêu Trượng	Trượng	120	khóa khi mặc	神霄杖
10207028	130 Chú Tạo	Trượng	130	khóa khi mặc	130铸造
10207029	140 Chú Tạo	Trượng	140	khóa khi mặc	140铸造
10207030	150 Chú Tạo	Trượng	150	khóa khi mặc	150铸造
10210001	Miên Ma Mạo	Mũ	2	giao dịch được	棉麻帽
10210002	Thô Bố Mạo	Mũ	2	khóa khi mặc	粗布帽
10210003	Miên Sa Mạo	Mũ	12	giao dịch được	棉纱帽
10210004	Thanh Bố Mạo	Mũ	12	khóa khi mặc	青布帽
10210005	Lam Bố Mạo	Mũ	22	giao dịch được	岚布帽
10210006	Giáng Ma Mạo	Mũ	22	khóa khi mặc	绛麻帽
10210007	Bố Cẩm Mạo	Mũ	32	giao dịch được	布锦帽
10210008	Nhuyễn Trù Mạo	Mũ	32	khóa khi mặc	软绸帽
10210009	Thục Cẩm Quan	Mũ	42	giao dịch được	蜀锦冠
10210010	Ngân Cẩm Quan	Mũ	42	khóa khi mặc	银锦冠
10210011	Hàn Sương Quan	Mũ	52	giao dịch được	寒霜冠
10210012	Nguyên Linh Quan	Mũ	52	khóa khi mặc	元灵冠
10210013	Địa Hoàng Quan	Mũ	62	giao dịch được	地皇冠
10210014	Thất Tinh Quan	Mũ	62	khóa khi mặc	七星冠
10210015	Ngạo Hoàng Mạo	Mũ	72	giao dịch được	傲凰帽
10210016	Dẫn Phượng Mạo	Mũ	72	khóa khi mặc	引凤帽
10210017	Dục Hoả Thiên Quan	Mũ	82	giao dịch được	浴火天冠
10210018	Mộc Thuỷ Thiên Quan	Mũ	82	khóa khi mặc	沐水天冠
10210019	Huyền Vũ Thánh Cân	Mũ	92	giao dịch được	玄羽圣巾
10210020	Huyễn Thế Thánh Cân	Mũ	92	khóa khi mặc	幻世圣巾
10210021	Lộc Bì Mạo	Mũ	2	giao dịch được	鹿皮帽
10210022	Cức Bì Mạo	Mũ	2	khóa khi mặc	棘皮帽
10210023	Hổ Bì Mạo	Mũ	12	giao dịch được	虎皮帽
10210024	Xà Bì Mạo	Mũ	12	khóa khi mặc	蛇皮帽
10210025	Điêu Bì Mạo	Mũ	22	giao dịch được	貂皮帽
10210026	Cẩm Thử Mạo	Mũ	22	khóa khi mặc	锦鼠帽
10210027	Huyền Hồ Mạo	Mũ	32	giao dịch được	玄狐帽
10210028	Linh Ly Mạo	Mũ	32	khóa khi mặc	灵狸帽
10210029	Địa Huyền Mạo	Mũ	42	giao dịch được	地玄帽
10210030	Bích Nguyệt Mạo	Mũ	42	khóa khi mặc	璧月帽
10210031	Bích Nguyên Mạo	Mũ	52	giao dịch được	碧元帽
10210032	Thánh Thiên Mạo	Mũ	52	khóa khi mặc	圣天帽
10210033	Lạc Hoàng Mạo	Mũ	62	giao dịch được	落凰帽
10210034	Xích Dao Mạo	Mũ	62	khóa khi mặc	赤瑶帽
10210035	Xích Diên Mạo	Mũ	72	giao dịch được	赤鸢帽
10210036	Cửu Tiêu Mạo	Mũ	72	khóa khi mặc	九霄帽
10210037	Huyễn Phượng Tiên Mạo	Mũ	82	giao dịch được	幻凤仙帽
10210038	Huyền Phách Vũ Mạo	Mũ	82	khóa khi mặc	玄魄羽帽
10210039	Lân Mộ Xích Quan	Mũ	92	giao dịch được	麟暮赤冠
10210040	Phệ Lân Thánh Quan	Mũ	92	khóa khi mặc	噬麟圣冠
10210041	Liên Thiết Khôi	Mũ	2	giao dịch được	链铁盔
10210042	Túc Thiết Khôi	Mũ	2	khóa khi mặc	宿铁盔
10210043	Tế Lân Khôi	Mũ	12	giao dịch được	细麟盔
10210044	Xích Cương Khôi	Mũ	12	khóa khi mặc	赤钢盔
10210045	Hàn Nguyệt Khôi	Mũ	22	giao dịch được	寒月盔
10210046	Xích Cương Khôi	Mũ	22	khóa khi mặc	赤钢盔
10210047	Nguyệt Sắc Khôi	Mũ	32	giao dịch được	月色盔
10210048	Huyền Vân Khôi	Mũ	32	khóa khi mặc	玄云盔
10210049	Nho Huyền Khôi	Mũ	42	giao dịch được	儒玄盔
10210050	Túc Ảnh Khôi	Mũ	42	khóa khi mặc	宿影盔
10210051	Bích Ảnh Khôi	Mũ	52	giao dịch được	碧影盔
10210052	Loan Mộ Khôi	Mũ	52	khóa khi mặc	鸾暮盔
10210053	Thương Khuyết Khôi	Mũ	62	giao dịch được	殇阙盔
10210054	Ẩn Lang Khôi	Mũ	62	khóa khi mặc	隐狼盔
10210055	Xích Kiêu Khôi	Mũ	72	giao dịch được	赤骁盔
10210056	Toái Phách Khôi	Mũ	72	khóa khi mặc	碎魄盔
10210057	Vô Mị Vũ Khôi	Mũ	82	giao dịch được	无魅羽盔
10210058	Ai Hoàng Thiên Khôi	Mũ	82	khóa khi mặc	哀凰天盔
10210059	Huyễn Lân Thánh Khôi	Mũ	92	giao dịch được	幻麟圣盔
10210060	Hung Mạch Thánh Khôi	Mũ	92	khóa khi mặc	凶陌圣盔
10210061	Mạc Sầu Mạo	Mũ	102	giao dịch được	莫愁帽
10210062	Thận Lâu Mạo	Mũ	112	giao dịch được	蜃楼帽
10210063	130_ Bố _ Điệu Lạc	Mũ	122	giao dịch được	130_布_掉落
10210064	140_ Bố _ Điệu Lạc	Mũ	132	giao dịch được	140_布_掉落
10210065	150_ Bố _ Điệu Lạc	Mũ	142	giao dịch được	150_布_掉落
10210066	Vô Đạo Quan	Mũ	102	khóa khi mặc	无道冠
10210067	Kiểu Nguyệt Cân	Mũ	112	khóa khi mặc	皎月巾
10210068	130_ Bố _ Chú Tạo	Mũ	122	khóa khi mặc	130_布_铸造
10210069	140_ Bố _ Chú Tạo	Mũ	132	khóa khi mặc	140_布_铸造
10210070	150_ Bố _ Chú Tạo	Mũ	142	khóa khi mặc	150_布_铸造
10210071	Khai Nguyên Mạo	Mũ	102	giao dịch được	开源帽
10210072	Khổng Vũ Quan	Mũ	112	giao dịch được	孔羽冠
10210073	130_ Bì _ Điệu Lạc	Mũ	122	giao dịch được	130_皮_掉落
10210074	140_ Bì _ Điệu Lạc	Mũ	132	giao dịch được	140_皮_掉落
10210075	150_ Bì _ Điệu Lạc	Mũ	142	giao dịch được	150_皮_掉落
10210076	Mạn Sa Quan	Mũ	102	khóa khi mặc	漫沙冠
10210077	Côn Luân Cân	Mũ	112	khóa khi mặc	昆仑巾
10210078	130_ Bì _ Chú Tạo	Mũ	122	khóa khi mặc	130_皮_铸造
10210079	140_ Bì _ Chú Tạo	Mũ	132	khóa khi mặc	140_皮_铸造
10210080	150_ Bì _ Chú Tạo	Mũ	142	khóa khi mặc	150_皮_铸造
10210081	Lạc Hoả Mạo	Mũ	102	giao dịch được	落火帽
10210082	Hung Nô Quan	Mũ	112	giao dịch được	匈奴冠
10210083	130_ Thiết _ Điệu Lạc	Mũ	122	giao dịch được	130_铁_掉落
10210084	140_ Thiết _ Điệu Lạc	Mũ	132	giao dịch được	140_铁_掉落
10210085	150_ Thiết _ Điệu Lạc	Mũ	142	giao dịch được	150_铁_掉落
10210086	Cổ Doanh Quan	Mũ	102	khóa khi mặc	古营冠
10210087	Tiên Tri Quan	Mũ	112	khóa khi mặc	先知冠
10210088	130_ Thiết _ Chú Tạo	Mũ	122	khóa khi mặc	130_铁_铸造
10210089	140_ Thiết _ Chú Tạo	Mũ	132	khóa khi mặc	140_铁_铸造
10210090	150_ Thiết _ Chú Tạo	Mũ	142	khóa khi mặc	150_铁_铸造
10211001	Miên Ma Hài	Giày	4	giao dịch được	棉麻鞋
10211002	Thô Bố Hài	Giày	4	khóa khi mặc	粗布鞋
10211003	Miên Sa Hài	Giày	14	giao dịch được	棉纱鞋
10211004	Thanh Bố Hài	Giày	14	khóa khi mặc	青布鞋
10211005	Lam Bố Hài	Giày	24	giao dịch được	岚布鞋
10211006	Giáng Ma Hài	Giày	24	khóa khi mặc	绛麻鞋
10211007	Bố Cẩm Hài	Giày	34	giao dịch được	布锦鞋
10211008	Nhuyễn Trù Hài	Giày	34	khóa khi mặc	软绸鞋
10211009	Thục Cẩm Hài	Giày	44	giao dịch được	蜀锦鞋
10211010	Ngân Cẩm Hài	Giày	44	khóa khi mặc	银锦鞋
10211011	Hàn Sương Hài	Giày	54	giao dịch được	寒霜鞋
10211012	Nguyên Linh Hài	Giày	54	khóa khi mặc	元灵鞋
10211013	Địa Hoàng Hài	Giày	64	giao dịch được	地皇鞋
10211014	Thất Tinh Hài	Giày	64	khóa khi mặc	七星鞋
10211015	Ngạo Hoàng Hài	Giày	74	giao dịch được	傲凰鞋
10211016	Dẫn Phượng Hài	Giày	74	khóa khi mặc	引凤鞋
10211017	Dục Hoả Thiên Ngoa	Giày	84	giao dịch được	浴火天靴
10211018	Mộc Thuỷ Thiên Ngoa	Giày	84	khóa khi mặc	沐水天靴
10211019	Huyền Vũ Thánh Ngoa	Giày	94	giao dịch được	玄羽圣靴
10211020	Huyễn Thế Thánh Ngoa	Giày	94	khóa khi mặc	幻世圣靴
10211021	Lộc Bì Lý	Giày	4	giao dịch được	鹿皮履
10211022	Cức Bì Lý	Giày	4	khóa khi mặc	棘皮履
10211023	Hổ Bì Lý	Giày	14	giao dịch được	虎皮履
10211024	Xà Bì Lý	Giày	14	khóa khi mặc	蛇皮履
10211025	Điêu Bì Lý	Giày	24	giao dịch được	貂皮履
10211026	Cẩm Thử Lý	Giày	24	khóa khi mặc	锦鼠履
10211027	Huyền Hồ Lý	Giày	34	giao dịch được	玄狐履
10211028	Địa Tịch Lý	Giày	34	khóa khi mặc	地夕履
10211029	Địa Huyền Lý	Giày	44	giao dịch được	地玄履
10211030	Bích Nguyệt Lý	Giày	44	khóa khi mặc	璧月履
10211031	Bích Nguyên Lý	Giày	54	giao dịch được	碧元履
10211032	Thánh Thiên Lý	Giày	54	khóa khi mặc	圣天履
10211033	Lạc Hoàng Lý	Giày	64	giao dịch được	落凰履
10211034	Xích Dao Lý	Giày	64	khóa khi mặc	赤瑶履
10211035	Xích Diên Lý	Giày	74	giao dịch được	赤鸢履
10211036	Cửu Tiêu Lý	Giày	74	khóa khi mặc	九霄履
10211037	Huyễn Phượng Bì Lý	Giày	84	giao dịch được	幻凤皮履
10211038	Huyền Phách Tiên Lý	Giày	84	khóa khi mặc	玄魄仙履
10211039	Lân Mộ Xích Lý	Giày	94	giao dịch được	麟暮赤履
10211040	Phệ Lân Thánh Lý	Giày	94	khóa khi mặc	噬麟圣履
10211041	Liên Thiết Ngoa	Giày	4	giao dịch được	链铁靴
10211042	Túc Thiết Ngoa	Giày	4	khóa khi mặc	宿铁靴
10211043	Tế Lân Ngoa	Giày	14	giao dịch được	细麟靴
10211044	Xích Cương Ngoa	Giày	14	khóa khi mặc	赤钢靴
10211045	Hàn Nguyệt Ngoa	Giày	24	giao dịch được	寒月靴
10211046	Tuyết Mộc Ngoa	Giày	24	khóa khi mặc	雪沐靴
10211047	Nguyệt Sắc Ngoa	Giày	34	giao dịch được	月色靴
10211048	Huyền Vân Ngoa	Giày	34	khóa khi mặc	玄云靴
10211049	Nho Huyền Ngoa	Giày	44	giao dịch được	儒玄靴
10211050	Túc Ảnh Ngoa	Giày	44	khóa khi mặc	宿影靴
10211051	Bích Ảnh Ngoa	Giày	54	giao dịch được	碧影靴
10211052	Loan Mộ Ngoa	Giày	54	khóa khi mặc	鸾暮靴
10211053	Thương Khuyết Ngoa	Giày	64	giao dịch được	殇阙靴
10211054	Ẩn Lang Ngoa	Giày	64	khóa khi mặc	隐狼靴
10211055	Xích Kiêu Ngoa	Giày	74	giao dịch được	赤骁靴
10211056	Toái Phách Ngoa	Giày	74	khóa khi mặc	碎魄靴
10211057	Vô Mị Vũ Ngoa	Giày	84	giao dịch được	无魅羽靴
10211058	Ai Hoàng Thiên Ngoa	Giày	84	khóa khi mặc	哀凰天靴
10211059	Huyễn Lân Thánh Ngoa	Giày	94	giao dịch được	幻麟圣靴
10211060	Hung Mạch Thánh Ngoa	Giày	94	khóa khi mặc	凶陌圣靴
10211061	Mạc Sầu Hài	Giày	104	giao dịch được	莫愁鞋
10211062	Thận Lâu Hài	Giày	114	giao dịch được	蜃楼鞋
10211063	130_ Bố _ Điệu Lạc	Giày	124	giao dịch được	130_布_掉落
10211064	140_ Bố _ Điệu Lạc	Giày	134	giao dịch được	140_布_掉落
10211065	150_ Bố _ Điệu Lạc	Giày	144	giao dịch được	150_布_掉落
10211066	Tiêu Dao Ngoa	Giày	104	khóa khi mặc	逍遥靴
10211067	Khai Minh Ngoa	Giày	114	khóa khi mặc	开明靴
10211068	130_ Bố _ Chú Tạo	Giày	124	khóa khi mặc	130_布_铸造
10211069	140_ Bố _ Chú Tạo	Giày	134	khóa khi mặc	140_布_铸造
10211070	150_ Bố _ Chú Tạo	Giày	144	khóa khi mặc	150_布_铸造
10211071	Khai Nguyên Ngoa	Giày	104	giao dịch được	开源靴
10211072	Khổng Vũ Ngoa	Giày	114	giao dịch được	孔羽靴
10211073	130_ Bì _ Điệu Lạc	Giày	124	giao dịch được	130_皮_掉落
10211074	140_ Bì _ Điệu Lạc	Giày	134	giao dịch được	140_皮_掉落
10211075	150_ Bì _ Điệu Lạc	Giày	144	giao dịch được	150_皮_掉落
10211076	Tháp Chung Hài	Giày	104	khóa khi mặc	塔钟鞋
10211077	Thanh Tu Hài	Giày	114	khóa khi mặc	清修鞋
10211078	130_ Bì _ Chú Tạo	Giày	124	khóa khi mặc	130_皮_铸造
10211079	140_ Bì _ Chú Tạo	Giày	134	khóa khi mặc	140_皮_铸造
10211080	150_ Bì _ Chú Tạo	Giày	144	khóa khi mặc	150_皮_铸造
10211081	Lạc Hoả Ngoa	Giày	104	giao dịch được	落火靴
10211082	Hung Nô Chiến Ngoa	Giày	114	giao dịch được	匈奴战靴
10211083	130_ Thiết _ Điệu Lạc	Giày	124	giao dịch được	130_铁_掉落
10211084	140_ Thiết _ Điệu Lạc	Giày	134	giao dịch được	140_铁_掉落
10211085	150_ Thiết _ Điệu Lạc	Giày	144	giao dịch được	150_铁_掉落
10211086	Dực Ngưu Hài	Giày	104	khóa khi mặc	翼牛鞋
10211087	Thất Long Ngoa	Giày	114	khóa khi mặc	七龙靴
10211088	130_ Thiết _ Chú Tạo	Giày	124	khóa khi mặc	130_铁_铸造
10211089	140_ Thiết _ Chú Tạo	Giày	134	khóa khi mặc	140_铁_铸造
10211090	150_ Thiết _ Chú Tạo	Giày	144	khóa khi mặc	150_铁_铸造
10212001	Miên Ma Thủ Sáo	Bao tay	6	giao dịch được	棉麻手套
10212002	Thô Bố Thủ Sáo	Bao tay	6	khóa khi mặc	粗布手套
10212003	Miên Sa Thủ Sáo	Bao tay	16	giao dịch được	棉纱手套
10212004	Thanh Bố Thủ Sáo	Bao tay	16	khóa khi mặc	青布手套
10212005	Lam Bố Thủ Sáo	Bao tay	26	giao dịch được	岚布手套
10212006	Giáng Ma Thủ Sáo	Bao tay	26	khóa khi mặc	绛麻手套
10212007	Bố Cẩm Thủ Sáo	Bao tay	36	giao dịch được	布锦手套
10212008	Nhuyễn Trù Thủ Sáo	Bao tay	36	khóa khi mặc	软绸手套
10212009	Thục Cẩm Thủ Sáo	Bao tay	46	giao dịch được	蜀锦手套
10212010	Ngân Cẩm Thủ Sáo	Bao tay	46	khóa khi mặc	银锦手套
10212011	Hàn Sương Thủ Sáo	Bao tay	56	giao dịch được	寒霜手套
10212012	Nguyên Linh Thủ Sáo	Bao tay	56	khóa khi mặc	元灵手套
10212013	Địa Hoàng Thủ Sáo	Bao tay	66	giao dịch được	地皇手套
10212014	Thất Tinh Thủ Sáo	Bao tay	66	khóa khi mặc	七星手套
10212015	Ngạo Hoàng Thủ Sáo	Bao tay	76	giao dịch được	傲凰手套
10212016	Dẫn Phượng Thủ Sáo	Bao tay	76	khóa khi mặc	引凤手套
10212017	Dục Hoả Thủ Sáo	Bao tay	86	giao dịch được	浴火手套
10212018	Mộc Thuỷ Thủ Sáo	Bao tay	86	khóa khi mặc	沐水手套
10212019	Huyền Vũ Thủ Sáo	Bao tay	96	giao dịch được	玄羽手套
10212020	Huyễn Thế Thủ Sáo	Bao tay	96	khóa khi mặc	幻世手套
10212021	Lộc Bì Hộ Thủ	Bao tay	6	giao dịch được	鹿皮护手
10212022	Cức Bì Hộ Thủ	Bao tay	6	khóa khi mặc	棘皮护手
10212023	Hổ Bì Hộ Thủ	Bao tay	16	giao dịch được	虎皮护手
10212024	Xà Bì Hộ Thủ	Bao tay	16	khóa khi mặc	蛇皮护手
10212025	Điêu Bì Hộ Thủ	Bao tay	26	giao dịch được	貂皮护手
10212026	Cẩm Thử Hộ Thủ	Bao tay	26	khóa khi mặc	锦鼠护手
10212027	Huyền Hồ Hộ Thủ	Bao tay	36	giao dịch được	玄狐护手
10212028	Địa Tịch Hộ Thủ	Bao tay	36	khóa khi mặc	地夕护手
10212029	Địa Huyền Hộ Thủ	Bao tay	46	giao dịch được	地玄护手
10212030	Bích Nguyệt Hộ Thủ	Bao tay	46	khóa khi mặc	璧月护手
10212031	Bích Nguyên Hộ Thủ	Bao tay	56	giao dịch được	碧元护手
10212032	Thánh Thiên Hộ Thủ	Bao tay	56	khóa khi mặc	圣天护手
10212033	Lạc Hoàng Hộ Thủ	Bao tay	66	giao dịch được	落凰护手
10212034	Xích Dao Hộ Thủ	Bao tay	66	khóa khi mặc	赤瑶护手
10212035	Xích Diên Hộ Thủ	Bao tay	76	giao dịch được	赤鸢护手
10212036	Cửu Tiêu Hộ Thủ	Bao tay	76	khóa khi mặc	九霄护手
10212037	Huyễn Phượng Thánh Thủ	Bao tay	86	giao dịch được	幻凤圣手
10212038	Huyền Phách Lân Thủ	Bao tay	86	khóa khi mặc	玄魄麟手
10212039	Lân Mộ Xích Thủ	Bao tay	96	giao dịch được	麟暮赤手
10212040	Phệ Lân Huyền Thủ	Bao tay	96	khóa khi mặc	噬麟玄手
10212041	Liên Thiết Thủ Giáp	Bao tay	6	giao dịch được	链铁手甲
10212042	Túc Thiết Chưởng	Bao tay	6	khóa khi mặc	宿铁掌
10212043	Tế Lân Thủ Giáp	Bao tay	16	giao dịch được	细麟手甲
10212044	Xích Cương Chưởng	Bao tay	16	khóa khi mặc	赤钢掌
10212045	Hàn Nguyệt Thủ Giáp	Bao tay	26	giao dịch được	寒月手甲
10212046	Tuyết Mộc Chưởng	Bao tay	26	khóa khi mặc	雪沐掌
10212047	Nguyệt Sắc Thủ Giáp	Bao tay	36	giao dịch được	月色手甲
10212048	Huyền Vân Chưởng	Bao tay	36	khóa khi mặc	玄云掌
10212049	Nho Huyền Thủ Giáp	Bao tay	46	giao dịch được	儒玄手甲
10212050	Túc Ảnh Chưởng	Bao tay	46	khóa khi mặc	宿影掌
10212051	Bích Ảnh Thủ Giáp	Bao tay	56	giao dịch được	碧影手甲
10212052	Loan Mộ Chưởng	Bao tay	56	khóa khi mặc	鸾暮掌
10212053	Thương Khuyết Thủ Giáp	Bao tay	66	giao dịch được	殇阙手甲
10212054	Ẩn Lang Chưởng	Bao tay	66	khóa khi mặc	隐狼掌
10212055	Xích Kiêu Thủ Giáp	Bao tay	76	giao dịch được	赤骁手甲
10212056	Toái Phách Chưởng	Bao tay	76	khóa khi mặc	碎魄掌
10212057	Vô Mị Thủ Giáp	Bao tay	86	giao dịch được	无魅手甲
10212058	Ai Hoàng Thiên Chưởng	Bao tay	86	khóa khi mặc	哀凰天掌
10212059	Huyễn Lân Thủ Giáp	Bao tay	96	giao dịch được	幻麟手甲
10212060	Hung Mạch Thánh Chưởng	Bao tay	96	khóa khi mặc	凶陌圣掌
10212061	Mạc Sầu Hộ Thủ	Bao tay	106	giao dịch được	莫愁护手
10212062	Thận Lâu Hộ Thủ	Bao tay	116	giao dịch được	蜃楼护手
10212063	130_ Bố _ Điệu Lạc	Bao tay	126	giao dịch được	130_布_掉落
10212064	140_ Bố _ Điệu Lạc	Bao tay	136	giao dịch được	140_布_掉落
10212065	150_ Bố _ Điệu Lạc	Bao tay	146	giao dịch được	150_布_掉落
10212066	Thuyền Quyên Hộ Thủ	Bao tay	106	khóa khi mặc	婵娟护手
10212067	Kiền Tâm Hộ Thủ	Bao tay	116	khóa khi mặc	虔心护手
10212068	130_ Bố _ Chú Tạo	Bao tay	126	khóa khi mặc	130_布_铸造
10212069	140_ Bố _ Chú Tạo	Bao tay	136	khóa khi mặc	140_布_铸造
10212070	150_ Bố _ Chú Tạo	Bao tay	146	khóa khi mặc	150_布_铸造
10212071	Khai Nguyên Hộ Thủ	Bao tay	106	giao dịch được	开源护手
10212072	Khổng Vũ Hộ Thủ	Bao tay	116	giao dịch được	孔羽护手
10212073	130_ Bì _ Điệu Lạc	Bao tay	126	giao dịch được	130_皮_掉落
10212074	140_ Bì _ Điệu Lạc	Bao tay	136	giao dịch được	140_皮_掉落
10212075	150_ Bì _ Điệu Lạc	Bao tay	146	giao dịch được	150_皮_掉落
10212076	Khổ Tuyền Hộ Thủ	Bao tay	106	khóa khi mặc	苦泉护手
10212077	Giới Luật Thủ	Bao tay	116	khóa khi mặc	戒律手
10212078	130_ Bì _ Chú Tạo	Bao tay	126	khóa khi mặc	130_皮_铸造
10212079	140_ Bì _ Chú Tạo	Bao tay	136	khóa khi mặc	140_皮_铸造
10212080	150_ Bì _ Chú Tạo	Bao tay	146	khóa khi mặc	150_皮_铸造
10212081	Lạc Hoả Hộ Thủ	Bao tay	106	giao dịch được	落火护手
10212082	Hung Nô Hộ Thủ	Bao tay	116	giao dịch được	匈奴护手
10212083	130_ Thiết _ Điệu Lạc	Bao tay	126	giao dịch được	130_铁_掉落
10212084	140_ Thiết _ Điệu Lạc	Bao tay	136	giao dịch được	140_铁_掉落
10212085	150_ Thiết _ Điệu Lạc	Bao tay	146	giao dịch được	150_铁_掉落
10212086	Huyết Ảnh Thủ	Bao tay	106	khóa khi mặc	血影手
10212087	Hiên Viên Thủ	Bao tay	116	khóa khi mặc	轩辕手
10212088	130_ Thiết _ Chú Tạo	Bao tay	126	khóa khi mặc	130_铁_铸造
10212089	140_ Thiết _ Chú Tạo	Bao tay	136	khóa khi mặc	140_铁_铸造
10212090	150_ Thiết _ Chú Tạo	Bao tay	146	khóa khi mặc	150_铁_铸造
10213001	Miên Ma Y	Áo	8	giao dịch được	棉麻衣
10213002	Thô Bố Y	Áo	8	khóa khi mặc	粗布衣
10213003	Miên Sa Y	Áo	18	giao dịch được	棉纱衣
10213004	Thanh Bố Y	Áo	18	khóa khi mặc	青布衣
10213005	Lam Bố Y	Áo	28	giao dịch được	岚布衣
10213006	Giáng Ma Y	Áo	28	khóa khi mặc	绛麻衣
10213007	Bố Cẩm Y	Áo	38	giao dịch được	布锦衣
10213008	Nhuyễn Trù Y	Áo	38	khóa khi mặc	软绸衣
10213009	Thục Cẩm Y	Áo	48	giao dịch được	蜀锦衣
10213010	Ngân Cẩm Y	Áo	48	khóa khi mặc	银锦衣
10213011	Hàn Sương Y	Áo	58	giao dịch được	寒霜衣
10213012	Nguyên Linh Y	Áo	58	khóa khi mặc	元灵衣
10213013	Địa Hoàng Cẩm Phục	Áo	68	giao dịch được	地皇锦服
10213014	Thất Tinh Cẩm Phục	Áo	68	khóa khi mặc	七星锦服
10213015	Ngạo Hoàng Cẩm Y	Áo	78	giao dịch được	傲凰锦衣
10213016	Dẫn Phượng Cẩm Y	Áo	78	khóa khi mặc	引凤锦衣
10213017	Dục Hoả Thiên Y	Áo	88	giao dịch được	浴火天衣
10213018	Mộc Thuỷ Thiên Y	Áo	88	khóa khi mặc	沐水天衣
10213019	Huyền Vũ Thánh Y	Áo	98	giao dịch được	玄羽圣衣
10213020	Huyễn Thế Ma Y	Áo	98	khóa khi mặc	幻世魔衣
10213021	Lộc Bì Cừu	Áo	8	giao dịch được	鹿皮裘
10213022	Cức Bì Cừu	Áo	8	khóa khi mặc	棘皮裘
10213023	Hổ Bì Cừu	Áo	18	giao dịch được	虎皮裘
10213024	Xà Bì Cừu	Áo	18	khóa khi mặc	蛇皮裘
10213025	Điêu Bì Cừu	Áo	28	giao dịch được	貂皮裘
10213026	Cẩm Thử Cừu	Áo	28	khóa khi mặc	锦鼠裘
10213027	Huyền Hồ Cừu	Áo	38	giao dịch được	玄狐裘
10213028	Địa Tịch Cừu	Áo	38	khóa khi mặc	地夕裘
10213029	Địa Huyền Cừu	Áo	48	giao dịch được	地玄裘
10213030	Bích Nguyệt Cừu	Áo	48	khóa khi mặc	璧月裘
10213031	Bích Nguyên Cừu	Áo	58	giao dịch được	碧元裘
10213032	Thánh Thiên Cừu	Áo	58	khóa khi mặc	圣天裘
10213033	Lạc Hoàng Cừu	Áo	68	giao dịch được	落凰裘
10213034	Xích Dao Cừu	Áo	68	khóa khi mặc	赤瑶裘
10213035	Xích Diên Cừu	Áo	78	giao dịch được	赤鸢裘
10213036	Cửu Tiêu Cừu	Áo	78	khóa khi mặc	九霄裘
10213037	Huyễn Phượng Thánh Cừu	Áo	88	giao dịch được	幻凤圣裘
10213038	Huyền Phách Thiên Cừu	Áo	88	khóa khi mặc	玄魄天裘
10213039	Lân Mộ Xích Cừu	Áo	98	giao dịch được	麟暮赤裘
10213040	Phệ Lân Thánh Cừu	Áo	98	khóa khi mặc	噬麟圣裘
10213041	Liên Thiết Giáp	Áo	8	giao dịch được	链铁甲
10213042	Túc Thiết Khải	Áo	8	khóa khi mặc	宿铁铠
10213043	Tế Lân Khải	Áo	18	giao dịch được	细麟铠
10213044	Xích Cương Khải	Áo	18	khóa khi mặc	赤钢铠
10213045	Hàn Nguyệt Giáp	Áo	28	giao dịch được	寒月甲
10213046	Tuyết Mộc Khải	Áo	28	khóa khi mặc	雪沐铠
10213047	Nguyệt Sắc Khải	Áo	38	giao dịch được	月色铠
10213048	Huyền Vân Khải	Áo	38	khóa khi mặc	玄云铠
10213049	Nho Huyền Khải	Áo	48	giao dịch được	儒玄铠
10213050	Túc Ảnh Khải	Áo	48	khóa khi mặc	宿影铠
10213051	Bích Ảnh Khải	Áo	58	giao dịch được	碧影铠
10213052	Loan Mộ Khải	Áo	58	khóa khi mặc	鸾暮铠
10213053	Thương Khuyết Giáp	Áo	68	giao dịch được	殇阙甲
10213054	Ẩn Lang Khải	Áo	68	khóa khi mặc	隐狼铠
10213055	Xích Kiêu Khải	Áo	78	giao dịch được	赤骁铠
10213056	Toái Phách Khải	Áo	78	khóa khi mặc	碎魄铠
10213057	Vô Mị Vũ Khải	Áo	88	giao dịch được	无魅羽铠
10213058	Ai Hoàng Thiên Khải	Áo	88	khóa khi mặc	哀凰天铠
10213059	Huyễn Lân Thánh Giáp	Áo	98	giao dịch được	幻麟圣甲
10213060	Hung Mạch Thánh Giáp	Áo	98	khóa khi mặc	凶陌圣甲
10213061	Mạc Sầu Y	Áo	108	giao dịch được	莫愁衣
10213062	Thận Lâu Bào	Áo	118	giao dịch được	蜃楼袍
10213063	130_ Bố _ Điệu Lạc	Áo	128	giao dịch được	130_布_掉落
10213064	140_ Bố _ Điệu Lạc	Áo	138	giao dịch được	140_布_掉落
10213065	150_ Bố _ Điệu Lạc	Áo	148	giao dịch được	150_布_掉落
10213066	Sư Vương Cẩm Bào	Áo	108	khóa khi mặc	狮王锦袍
10213067	Cao Xương Bào	Áo	118	khóa khi mặc	高昌袍
10213068	130_ Bố _ Chú Tạo	Áo	128	khóa khi mặc	130_布_铸造
10213069	140_ Bố _ Chú Tạo	Áo	138	khóa khi mặc	140_布_铸造
10213070	150_ Bố _ Chú Tạo	Áo	148	khóa khi mặc	150_布_铸造
10213071	Khai Nguyên Cừu	Áo	108	giao dịch được	开源裘
10213072	Khổng Vũ Cừu	Áo	118	giao dịch được	孔羽裘
10213073	130_ Bì _ Điệu Lạc	Áo	128	giao dịch được	130_皮_掉落
10213074	140_ Bì _ Điệu Lạc	Áo	138	giao dịch được	140_皮_掉落
10213075	150_ Bì _ Điệu Lạc	Áo	148	giao dịch được	150_皮_掉落
10213076	Chiểu Trạch Cừu	Áo	108	khóa khi mặc	沼泽裘
10213077	Sinh Cơ Cừu	Áo	118	khóa khi mặc	生机裘
10213078	130_ Bì _ Chú Tạo	Áo	128	khóa khi mặc	130_皮_铸造
10213079	140_ Bì _ Chú Tạo	Áo	138	khóa khi mặc	140_皮_铸造
10213080	150_ Bì _ Chú Tạo	Áo	148	khóa khi mặc	150_皮_铸造
10213081	Lạc Hoả Khải	Áo	108	giao dịch được	落火铠
10213082	Hung Nô Khải	Áo	118	giao dịch được	匈奴铠
10213083	130_ Thiết _ Điệu Lạc	Áo	128	giao dịch được	130_铁_掉落
10213084	140_ Thiết _ Điệu Lạc	Áo	138	giao dịch được	140_铁_掉落
10213085	150_ Thiết _ Điệu Lạc	Áo	148	giao dịch được	150_铁_掉落
10213086	Trọng Hoa Khải	Áo	108	khóa khi mặc	重华铠
10213087	Phong Toại Khải	Áo	118	khóa khi mặc	烽燧铠
10213088	130_ Thiết _ Chú Tạo	Áo	128	khóa khi mặc	130_铁_铸造
10213089	140_ Thiết _ Chú Tạo	Áo	138	khóa khi mặc	140_铁_铸造
10213090	150_ Thiết _ Chú Tạo	Áo	148	khóa khi mặc	150_铁_铸造
10214001	Miên Ma Oản	Hộ uyển	6	giao dịch được	棉麻腕
10214002	Thô Bố Oản	Hộ uyển	6	khóa khi mặc	粗布腕
10214003	Miên Sa Oản	Hộ uyển	16	giao dịch được	棉纱腕
10214004	Thanh Bố Oản	Hộ uyển	16	khóa khi mặc	青布腕
10214005	Lam Bố Oản	Hộ uyển	26	giao dịch được	岚布腕
10214006	Giáng Ma Oản	Hộ uyển	26	khóa khi mặc	绛麻腕
10214007	Bố Cẩm Oản	Hộ uyển	36	giao dịch được	布锦腕
10214008	Nhuyễn Trù Oản	Hộ uyển	36	khóa khi mặc	软绸腕
10214009	Thục Cẩm Oản	Hộ uyển	46	giao dịch được	蜀锦腕
10214010	Ngân Cẩm Oản	Hộ uyển	46	khóa khi mặc	银锦腕
10214011	Hàn Sương Oản	Hộ uyển	56	giao dịch được	寒霜腕
10214012	Nguyên Linh Oản	Hộ uyển	56	khóa khi mặc	元灵腕
10214013	Địa Hoàng Oản	Hộ uyển	66	giao dịch được	地皇腕
10214014	Thất Tinh Oản	Hộ uyển	66	khóa khi mặc	七星腕
10214015	Ngạo Hoàng Oản	Hộ uyển	76	giao dịch được	傲凰腕
10214016	Dẫn Phượng Oản	Hộ uyển	76	khóa khi mặc	引凤腕
10214017	Dục Hoả Thiên Oản	Hộ uyển	86	giao dịch được	浴火天腕
10214018	Mộc Thuỷ Thiên Oản	Hộ uyển	86	khóa khi mặc	沐水天腕
10214019	Huyền Vũ Thánh Oản	Hộ uyển	96	giao dịch được	玄羽圣腕
10214020	Huyễn Thế Ma Oản	Hộ uyển	96	khóa khi mặc	幻世魔腕
10214021	Lan Thấm Hộ Oản	Hộ uyển	106	giao dịch được	兰沁护腕
10214022	Như Cố Hộ Oản	Hộ uyển	116	giao dịch được	如故护腕
10214023	130 Điệu Lạc	Hộ uyển	126	giao dịch được	130掉落
10214024	140 Điệu Lạc	Hộ uyển	136	giao dịch được	140掉落
10214025	150 Điệu Lạc	Hộ uyển	146	giao dịch được	150掉落
10214026	Thị Phật	Hộ uyển	106	khóa khi mặc	侍佛
10214027	Quy Túc	Hộ uyển	116	khóa khi mặc	归宿
10214028	130 Chú Tạo	Hộ uyển	126	khóa khi mặc	130铸造
10214029	140 Chú Tạo	Hộ uyển	136	khóa khi mặc	140铸造
10214030	150 Chú Tạo	Hộ uyển	146	khóa khi mặc	150铸造
10215001	Miên Ma Kiên	Hộ kiên	8	giao dịch được	棉麻肩
10215002	Thô Bố Kiên	Hộ kiên	8	khóa khi mặc	粗布肩
10215003	Miên Sa Kiên	Hộ kiên	18	giao dịch được	棉纱肩
10215004	Thanh Bố Kiên	Hộ kiên	18	khóa khi mặc	青布肩
10215005	Lam Bố Kiên	Hộ kiên	28	giao dịch được	岚布肩
10215006	Giáng Ma Kiên	Hộ kiên	28	khóa khi mặc	绛麻肩
10215007	Bố Cẩm Kiên	Hộ kiên	38	giao dịch được	布锦肩
10215008	Nhuyễn Trù Kiên	Hộ kiên	38	khóa khi mặc	软绸肩
10215009	Thục Cẩm Kiên	Hộ kiên	48	giao dịch được	蜀锦肩
10215010	Ngân Cẩm Kiên	Hộ kiên	48	khóa khi mặc	银锦肩
10215011	Hàn Sương Kiên	Hộ kiên	58	giao dịch được	寒霜肩
10215012	Nguyên Linh Kiên	Hộ kiên	58	khóa khi mặc	元灵肩
10215013	Địa Hoàng Kiên	Hộ kiên	68	giao dịch được	地皇肩
10215014	Thất Tinh Kiên	Hộ kiên	68	khóa khi mặc	七星肩
10215015	Ngạo Hoàng Kiên	Hộ kiên	78	giao dịch được	傲凰肩
10215016	Dẫn Phượng Kiên	Hộ kiên	78	khóa khi mặc	引凤肩
10215017	Dục Hoả Thiên Kiên	Hộ kiên	88	giao dịch được	浴火天肩
10215018	Mộc Thuỷ Thiên Kiên	Hộ kiên	88	khóa khi mặc	沐水天肩
10215019	Huyền Vũ Thánh Kiên	Hộ kiên	98	giao dịch được	玄羽圣肩
10215020	Huyễn Thế Ma Kiên	Hộ kiên	98	khóa khi mặc	幻世魔肩
10215021	Nạp Lâm Hộ Kiên	Hộ kiên	108	giao dịch được	纳林护肩
10215022	Thánh Linh Kiên	Hộ kiên	118	giao dịch được	圣灵肩
10215023	130 Điệu Lạc	Hộ kiên	128	giao dịch được	130掉落
10215024	140 Điệu Lạc	Hộ kiên	138	giao dịch được	140掉落
10215025	150 Điệu Lạc	Hộ kiên	148	giao dịch được	150掉落
10215026	Bạch Thạch Kiên	Hộ kiên	108	khóa khi mặc	白石肩
10215027	Nhật Nguyệt Kiên	Hộ kiên	118	khóa khi mặc	日月肩
10215028	130 Chú Tạo	Hộ kiên	128	khóa khi mặc	130铸造
10215029	140 Chú Tạo	Hộ kiên	138	khóa khi mặc	140铸造
10215030	150 Chú Tạo	Hộ kiên	148	khóa khi mặc	150铸造
10220001	Loạn Hoa Kết	Dây chuyền	8	giao dịch được	乱花结
10220002	Lam Bảo Hạng Liên	Dây chuyền	18	giao dịch được	蓝宝项链
10220003	Thái Cực Liên	Dây chuyền	28	giao dịch được	太极链
10220004	Vân Hải Liên	Dây chuyền	38	giao dịch được	云海链
10220005	Hổ Phách Liên	Dây chuyền	48	giao dịch được	琥珀链
10220006	Thất Tình Thúc	Dây chuyền	58	giao dịch được	七情束
10220007	Tình Nhân Lệ	Dây chuyền	68	giao dịch được	情人泪
10220008	Dẫn Lộ Linh	Dây chuyền	78	giao dịch được	引路铃
10220009	Nguyệt Quang	Dây chuyền	88	giao dịch được	月光
10220010	Điệp Tiên	Dây chuyền	98	giao dịch được	蝶仙
10220011	Phồn Tinh Kết	Dây chuyền	8	khóa khi mặc	繁星结
10220012	Hoàng Ngọc Hạng Liên	Dây chuyền	18	khóa khi mặc	黄玉项链
10220013	Lưỡng Nghi Liên	Dây chuyền	28	khóa khi mặc	两仪链
10220014	Phong Xuyên Liên	Dây chuyền	38	khóa khi mặc	风川链
10220015	Lưu Ly Kết	Dây chuyền	48	khóa khi mặc	琉璃结
10220016	Tuyên Thanh Thúc	Dây chuyền	58	khóa khi mặc	宣清束
10220017	Âm Dương Liên	Dây chuyền	68	khóa khi mặc	阴阳链
10220018	Câu Hồn Linh	Dây chuyền	78	khóa khi mặc	勾魂铃
10220019	Liệt Nhật	Dây chuyền	88	khóa khi mặc	烈日
10220020	Điệp Luyến	Dây chuyền	98	khóa khi mặc	蝶恋
10220021	Tịch Dạ	Dây chuyền	108	giao dịch được	寂夜
10220022	Thất Miên Liên	Dây chuyền	118	giao dịch được	七眠链
10220023	130 Điệu Lạc	Dây chuyền	128	giao dịch được	130掉落
10220024	140 Điệu Lạc	Dây chuyền	138	giao dịch được	140掉落
10220025	150 Điệu Lạc	Dây chuyền	148	giao dịch được	150掉落
10220026	Mạn Thù Sa Hoa	Dây chuyền	108	khóa khi mặc	曼殊沙华
10220027	Khấp Lộ Liên	Dây chuyền	118	khóa khi mặc	泣露链
10220028	130 Chú Tạo	Dây chuyền	128	khóa khi mặc	130铸造
10220029	140 Chú Tạo	Dây chuyền	138	khóa khi mặc	140铸造
10220030	150 Chú Tạo	Dây chuyền	148	khóa khi mặc	150铸造
10221001	Liễu Ý Yêu Đới	Đai lưng	2	giao dịch được	柳意腰带
10221002	Như Ý Yêu Đới	Đai lưng	12	giao dịch được	如意腰带
10221003	Minh Giao Yêu Đới	Đai lưng	22	giao dịch được	明蛟腰带
10221004	Bắc Đẩu Cô Hoàn	Đai lưng	32	giao dịch được	北斗箍环
10221005	Thiên Hoả Hoàn Đới	Đai lưng	42	giao dịch được	天火环带
10221006	Hỗn Thiên Hoàn Đới	Đai lưng	52	giao dịch được	混天环带
10221007	Thần Tiêu Đới	Đai lưng	62	giao dịch được	神霄带
10221008	Thất Diệu Yêu Hoàn	Đai lưng	72	giao dịch được	七曜腰环
10221009	Tử Hà	Đai lưng	82	giao dịch được	紫霞
10221010	Trấn Nhật	Đai lưng	92	giao dịch được	镇日
10221011	Bình An Yêu Đới	Đai lưng	2	khóa khi mặc	平安腰带
10221012	Cát Tường Yêu Đới	Đai lưng	12	khóa khi mặc	吉祥腰带
10221013	Ám Lân Yêu Đới	Đai lưng	22	khóa khi mặc	暗麟腰带
10221014	Thất Tinh Cô Hoàn	Đai lưng	32	khóa khi mặc	七星箍环
10221015	Địa Linh Hoàn Đới	Đai lưng	42	khóa khi mặc	地灵环带
10221016	Triệt Địa Hoàn Đới	Đai lưng	52	khóa khi mặc	彻地环带
10221017	Vụ Nghê Đới	Đai lưng	62	khóa khi mặc	雾霓带
10221018	Lục Nghệ Yêu Hoàn	Đai lưng	72	khóa khi mặc	六艺腰环
10221019	Thôi Tuyết	Đai lưng	82	khóa khi mặc	催雪
10221020	Bộ Nguyệt	Đai lưng	92	khóa khi mặc	步月
10221021	Huyết Ngọc Đới	Đai lưng	102	giao dịch được	血玉带
10221022	Tiên Võ Đới	Đai lưng	112	giao dịch được	仙武带
10221023	130 Điệu Lạc	Đai lưng	122	giao dịch được	130掉落
10221024	140 Điệu Lạc	Đai lưng	132	giao dịch được	140掉落
10221025	150 Điệu Lạc	Đai lưng	142	giao dịch được	150掉落
10221026	Thị Cốt Đới	Đai lưng	102	khóa khi mặc	示骨带
10221027	Trích Tiên Đới	Đai lưng	112	khóa khi mặc	谪仙带
10221028	130 Chú Tạo	Đai lưng	122	khóa khi mặc	130铸造
10221029	140 Chú Tạo	Đai lưng	132	khóa khi mặc	140铸造
10221030	150 Chú Tạo	Đai lưng	142	khóa khi mặc	150铸造
10222001	Thảo Giới	Nhẫn	5	giao dịch được	草戒
10222002	Ngân Trúc Giới Chỉ	Nhẫn	15	giao dịch được	银竹戒指
10222003	Bách Liệt Giới Chỉ	Nhẫn	25	giao dịch được	百裂戒指
10222004	Như Ý Giới Chỉ	Nhẫn	35	giao dịch được	如意戒指
10222005	Lưu Ảnh	Nhẫn	45	giao dịch được	流影
10222006	Linh Vận	Nhẫn	55	giao dịch được	灵韵
10222007	Cửu Cung	Nhẫn	65	giao dịch được	九宫
10222008	Linh Lung	Nhẫn	75	giao dịch được	玲珑
10222009	Nhiếp Hồn	Nhẫn	85	giao dịch được	摄魂
10222010	Thần Tế	Nhẫn	95	giao dịch được	神祭
10222011	Kinh Giới	Nhẫn	5	khóa khi mặc	荆戒
10222012	Thanh Tùng Giới Chỉ	Nhẫn	15	khóa khi mặc	青松戒指
10222013	Thiên Hợp Giới Chỉ	Nhẫn	25	khóa khi mặc	千合戒指
10222014	Cát Tường Giới Chỉ	Nhẫn	35	khóa khi mặc	吉祥戒指
10222015	Huyền Quyết	Nhẫn	45	khóa khi mặc	悬决
10222016	Thiên Ảnh	Nhẫn	55	khóa khi mặc	天影
10222017	Bát Trân	Nhẫn	65	khóa khi mặc	八珍
10222018	Bách Xuyên	Nhẫn	75	khóa khi mặc	百川
10222019	Yêu Ngôn	Nhẫn	85	khóa khi mặc	妖言
10222020	Phật Ngữ	Nhẫn	95	khóa khi mặc	佛语
10222021	An Tức Chỉ Hoàn	Nhẫn	105	giao dịch được	安息指环
10222022	Mạn Đà Giới Chỉ	Nhẫn	115	giao dịch được	曼陀戒指
10222023	130 Điệu Lạc	Nhẫn	125	giao dịch được	130掉落
10222024	140 Điệu Lạc	Nhẫn	135	giao dịch được	140掉落
10222025	150 Điệu Lạc	Nhẫn	145	giao dịch được	150掉落
10222026	Bỉ Ngạn	Nhẫn	105	khóa khi mặc	彼岸
10222027	Cát Tường Dạ	Nhẫn	115	khóa khi mặc	吉祥夜
10222028	130 Chú Tạo	Nhẫn	125	khóa khi mặc	130铸造
10222029	140 Chú Tạo	Nhẫn	135	khóa khi mặc	140铸造
10222030	150 Chú Tạo	Nhẫn	145	khóa khi mặc	150铸造
10222031	Phá Hồn	Nhẫn	75	khóa khi mặc	破魂
10222032	Phượng Võ	Nhẫn	75	khóa khi mặc	凤武
10222033	Phá Thiên	Nhẫn	85	khóa khi mặc	破天
10222034	Sương Hiểu	Nhẫn	85	khóa khi mặc	霜晓
10222035	Kinh Tâm	Nhẫn	95	khóa khi mặc	惊心
10222036	Hoành Địch	Nhẫn	95	khóa khi mặc	横笛
10223001	Ngọc Tu Hộ Phù	Hộ phù	5	giao dịch được	玉修护符
10223002	Thanh Thù Hộ Phù	Hộ phù	15	giao dịch được	青殊护符
10223003	Ý Ảnh Hộ Phù	Hộ phù	25	giao dịch được	意影护符
10223004	Thuỷ Luân Hộ Phù	Hộ phù	35	giao dịch được	水轮护符
10223005	Ảnh Lam Hộ Phù	Hộ phù	45	giao dịch được	影岚护符
10223006	Vân Diệt Hộ Phù	Hộ phù	55	giao dịch được	云灭护符
10223007	Cửu Tuân	Hộ phù	65	giao dịch được	九荀
10223008	Túc Diệu	Hộ phù	75	giao dịch được	宿曜
10223009	Bích Lưu	Hộ phù	85	giao dịch được	碧流
10223010	Thanh Hồ	Hộ phù	95	giao dịch được	清狐
10223011	Hàn Mộc Hộ Phù	Hộ phù	5	khóa khi mặc	寒沐护符
10223012	Thanh Ngữ Hộ Phù	Hộ phù	15	khóa khi mặc	青语护符
10223013	Huyền Điệp Hộ Phù	Hộ phù	25	khóa khi mặc	玄蝶护符
10223014	Ám Ti Hộ Phù	Hộ phù	35	khóa khi mặc	暗丝护符
10223015	Như Giao Hộ Phù	Hộ phù	45	khóa khi mặc	如蛟护符
10223016	Vân Lạc Hộ Phù	Hộ phù	55	khóa khi mặc	云落护符
10223017	Cửu Liên	Hộ phù	65	khóa khi mặc	九涟
10223018	Túc Giao	Hộ phù	75	khóa khi mặc	宿蛟
10223019	Xuyên Mộ	Hộ phù	85	khóa khi mặc	川暮
10223020	Phi Tuyết	Hộ phù	95	khóa khi mặc	飞雪
10223021	Lưu Tinh	Hộ phù	105	giao dịch được	琉晶
10223022	Bà Sa Văn Chương	Hộ phù	115	giao dịch được	婆娑纹章
10223023	130 Điệu Lạc	Hộ phù	125	giao dịch được	130掉落
10223024	140 Điệu Lạc	Hộ phù	135	giao dịch được	140掉落
10223025	150 Điệu Lạc	Hộ phù	145	giao dịch được	150掉落
10223026	Ô Đức Hộ Phù	Hộ phù	105	khóa khi mặc	乌德护符
10223027	Ưng Tường Văn Chương	Hộ phù	115	khóa khi mặc	鹰翔纹章
10223028	130 Chú Tạo	Hộ phù	125	khóa khi mặc	130铸造
10223029	140 Chú Tạo	Hộ phù	135	khóa khi mặc	140铸造
10223030	150 Chú Tạo	Hộ phù	145	khóa khi mặc	150铸造
10223031	Nguyệt Tạ	Hộ phù	75	khóa khi mặc	月榭
10223032	Ưng Dương	Hộ phù	75	khóa khi mặc	鹰扬
10223033	Khinh Hàn	Hộ phù	85	khóa khi mặc	轻寒
10223034	Tuý Vũ	Hộ phù	85	khóa khi mặc	醉舞
10223035	Bích Lâu	Hộ phù	95	khóa khi mặc	碧楼
10223036	Thiển Lãng	Hộ phù	95	khóa khi mặc	浅浪
10300000	Dung Kim Lạc Nhật Đao	Đao phủ	42	khóa	熔金落日刀
10300001	Dung Kim Lạc Nhật Đao	Đao phủ	52	khóa	熔金落日刀
10300002	Dung Kim Lạc Nhật Đao	Đao phủ	62	khóa	熔金落日刀
10300003	Dung Kim Lạc Nhật Đao	Đao phủ	72	khóa	熔金落日刀
10300004	Dung Kim Lạc Nhật Đao	Đao phủ	82	khóa	熔金落日刀
10300005	Dung Kim Lạc Nhật Đao	Đao phủ	92	khóa	熔金落日刀
10300006	Xích Diễm Cửu Văn Đao	Đao phủ	86	khóa	赤焰九纹刀
10300007	Xích Diễm Cửu Văn Đao	Đao phủ	96	khóa	赤焰九纹刀
10300100	Đại Hạ Long Tước	Đao phủ	102	khóa	大夏龙雀
10300101	Đại Hạ Long Tước	Đao phủ	102	khóa	大夏龙雀
10300102	Đại Hạ Long Tước	Đao phủ	102	khóa	大夏龙雀
10300103	Đại Hạ Long Tước	Đao phủ	102	khóa	大夏龙雀
10300104	Đại Hạ Long Tước	Đao phủ	102	khóa	大夏龙雀
10300105	Đại Hạ Long Tước	Đao phủ	102	khóa	大夏龙雀
10300106	Đại Hạ Long Tước	Đao phủ	102	khóa	大夏龙雀
10300107	Đại Hạ Long Tước	Đao phủ	102	khóa	大夏龙雀
10300108	Đại Hạ Long Tước	Đao phủ	102	khóa	大夏龙雀
10300109	Đại Hạ Long Tước	Đao phủ	102	khóa	大夏龙雀
10300110	Đại Hạ Long Tước	Đao phủ	102	khóa	大夏龙雀
10300111	Đại Hạ Long Tước	Đao phủ	102	khóa	大夏龙雀
10300400	Xích Diễm Cửu Văn Đao	Đao phủ	86	khóa	赤焰九纹刀
10300401	Sí Diễm Cửu Long Đao	Đao phủ	86	khóa	炽焰九龙刀
10300402	Xích Diễm Cửu Văn Đao	Đao phủ	96	khóa	赤焰九纹刀
10300403	Sí Diễm Cửu Long Đao	Đao phủ	96	khóa	炽焰九龙刀
10300404	Đại Hạ Long Tước	Đao phủ	102	khóa	大夏龙雀
10300405	Đại Hạ Long Tước	Đao phủ	102	khóa	大夏龙雀
10300406	Đại Hạ Long Tước	Đao phủ	102	khóa	大夏龙雀
10300407	Đại Hạ Long Tước	Đao phủ	102	khóa	大夏龙雀
10300408	Đại Hạ Long Tước	Đao phủ	102	khóa	大夏龙雀
10300409	Đại Hạ Long Tước	Đao phủ	102	khóa	大夏龙雀
10300410	Đại Hạ Long Tước	Đao phủ	102	khóa	大夏龙雀
10300411	Đại Hạ Long Tước	Đao phủ	102	khóa	大夏龙雀
10300412	Đại Hạ Long Tước	Đao phủ	102	khóa	大夏龙雀
10300413	Cửu Tiêu Diễm Dương	Đao phủ	102	khóa	九霄焱阳
10300414	Cửu Tiêu Diễm Dương	Đao phủ	102	khóa	九霄焱阳
10300415	Cửu Tiêu Diễm Dương	Đao phủ	102	khóa	九霄焱阳
10300416	Cửu Tiêu Diễm Dương	Đao phủ	102	khóa	九霄焱阳
10300417	Cửu Tiêu Diễm Dương	Đao phủ	102	khóa	九霄焱阳
10300418	Cửu Tiêu Diễm Dương	Đao phủ	102	khóa	九霄焱阳
10300419	Cửu Tiêu Diễm Dương	Đao phủ	102	khóa	九霄焱阳
10300420	Cửu Tiêu Diễm Dương	Đao phủ	102	khóa	九霄焱阳
10300421	Cửu Tiêu Diễm Dương	Đao phủ	102	khóa	九霄焱阳
10300422	Dung Kim Lạc Nhật Đao	Đao phủ	15	khóa	熔金落日刀
10300423	Minh Tôn	Đao phủ	102	khóa	明尊
10300424	Minh Tôn	Đao phủ	102	khóa	明尊
10300425	Minh Tôn	Đao phủ	102	khóa	明尊
10300426	Minh Tôn	Đao phủ	102	khóa	明尊
10300427	Minh Tôn	Đao phủ	102	khóa	明尊
10300428	Minh Tôn	Đao phủ	102	khóa	明尊
10300429	Minh Tôn	Đao phủ	102	khóa	明尊
10300430	Minh Tôn	Đao phủ	102	khóa	明尊
10300431	Minh Tôn	Đao phủ	102	khóa	明尊
10301000	Trảm Ưu Đoạn Sầu Thương	Thương bổng	86	khóa	斩忧断愁枪
10301001	Trảm Ưu Đoạn Sầu Thương	Thương bổng	96	khóa	斩忧断愁枪
10301100	Đại Tần Phong Đích	Thương bổng	102	khóa	大秦锋镝
10301101	Đại Tần Phong Đích	Thương bổng	102	khóa	大秦锋镝
10301102	Đại Tần Phong Đích	Thương bổng	102	khóa	大秦锋镝
10301103	Đại Tần Phong Đích	Thương bổng	102	khóa	大秦锋镝
10301104	Đại Tần Phong Đích	Thương bổng	102	khóa	大秦锋镝
10301105	Đại Tần Phong Đích	Thương bổng	102	khóa	大秦锋镝
10301106	Đại Tần Phong Đích	Thương bổng	102	khóa	大秦锋镝
10301107	Đại Tần Phong Đích	Thương bổng	102	khóa	大秦锋镝
10301108	Đại Tần Phong Đích	Thương bổng	102	khóa	大秦锋镝
10301109	Đại Tần Phong Đích	Thương bổng	102	khóa	大秦锋镝
10301110	Đại Tần Phong Đích	Thương bổng	102	khóa	大秦锋镝
10301111	Đại Tần Phong Đích	Thương bổng	102	khóa	大秦锋镝
10301198	Dịch Thiên Phá Tà Trượng	Thương bổng	86	khóa	弈天破邪杖
10301199	Dịch Thiên Phá Tà Trượng	Thương bổng	96	khóa	弈天破邪杖
10301200	Đại Đường Côn Nhạc	Thương bổng	102	khóa	大唐昆岳
10301201	Đại Đường Côn Nhạc	Thương bổng	102	khóa	大唐昆岳
10301202	Đại Đường Côn Nhạc	Thương bổng	102	khóa	大唐昆岳
10301203	Đại Đường Côn Nhạc	Thương bổng	102	khóa	大唐昆岳
10301204	Đại Đường Côn Nhạc	Thương bổng	102	khóa	大唐昆岳
10301205	Đại Đường Côn Nhạc	Thương bổng	102	khóa	大唐昆岳
10301206	Đại Đường Côn Nhạc	Thương bổng	102	khóa	大唐昆岳
10301207	Đại Đường Côn Nhạc	Thương bổng	102	khóa	大唐昆岳
10301208	Đại Đường Côn Nhạc	Thương bổng	102	khóa	大唐昆岳
10301209	Đại Đường Côn Nhạc	Thương bổng	102	khóa	大唐昆岳
10301210	Đại Đường Côn Nhạc	Thương bổng	102	khóa	大唐昆岳
10301211	Đại Đường Côn Nhạc	Thương bổng	102	khóa	大唐昆岳
10301400	Trảm Ưu Đoạn Sầu Thương	Thương bổng	86	khóa	斩忧断愁枪
10301401	Dịch Thiên Phá Tà Trượng	Thương bổng	86	khóa	弈天破邪杖
10301402	Vong Ưu Tiêu Hồn Thương	Thương bổng	86	khóa	忘忧销魂枪
10301403	Pháp Thiên Tịch Tà Trượng	Thương bổng	86	khóa	法天辟邪杖
10301404	Trảm Ưu Đoạn Sầu Thương	Thương bổng	96	khóa	斩忧断愁枪
10301405	Dịch Thiên Phá Tà Trượng	Thương bổng	96	khóa	弈天破邪杖
10301406	Vong Ưu Tiêu Hồn Thương	Thương bổng	96	khóa	忘忧销魂枪
10301407	Pháp Thiên Tịch Tà Trượng	Thương bổng	96	khóa	法天辟邪杖
10301408	Đại Tần Phong Đích	Thương bổng	102	khóa	大秦锋镝
10301409	Đại Tần Phong Đích	Thương bổng	102	khóa	大秦锋镝
10301410	Đại Tần Phong Đích	Thương bổng	102	khóa	大秦锋镝
10301411	Đại Tần Phong Đích	Thương bổng	102	khóa	大秦锋镝
10301412	Đại Tần Phong Đích	Thương bổng	102	khóa	大秦锋镝
10301413	Đại Tần Phong Đích	Thương bổng	102	khóa	大秦锋镝
10301414	Đại Tần Phong Đích	Thương bổng	102	khóa	大秦锋镝
10301415	Đại Tần Phong Đích	Thương bổng	102	khóa	大秦锋镝
10301416	Đại Tần Phong Đích	Thương bổng	102	khóa	大秦锋镝
10301417	Đại Đường Côn Nhạc	Thương bổng	102	khóa	大唐昆岳
10301418	Đại Đường Côn Nhạc	Thương bổng	102	khóa	大唐昆岳
10301419	Đại Đường Côn Nhạc	Thương bổng	102	khóa	大唐昆岳
10301420	Đại Đường Côn Nhạc	Thương bổng	102	khóa	大唐昆岳
10301421	Đại Đường Côn Nhạc	Thương bổng	102	khóa	大唐昆岳
10301422	Đại Đường Côn Nhạc	Thương bổng	102	khóa	大唐昆岳
10301423	Đại Đường Côn Nhạc	Thương bổng	102	khóa	大唐昆岳
10301424	Đại Đường Côn Nhạc	Thương bổng	102	khóa	大唐昆岳
10301425	Đại Đường Côn Nhạc	Thương bổng	102	khóa	大唐昆岳
10301426	Hồng Hoang Long Vũ	Thương bổng	102	khóa	洪荒龙舞
10301427	Hồng Hoang Long Vũ	Thương bổng	102	khóa	洪荒龙舞
10301428	Hồng Hoang Long Vũ	Thương bổng	102	khóa	洪荒龙舞
10301429	Hồng Hoang Long Vũ	Thương bổng	102	khóa	洪荒龙舞
10301430	Hồng Hoang Long Vũ	Thương bổng	102	khóa	洪荒龙舞
10301431	Hồng Hoang Long Vũ	Thương bổng	102	khóa	洪荒龙舞
10301432	Hồng Hoang Long Vũ	Thương bổng	102	khóa	洪荒龙舞
10301433	Hồng Hoang Long Vũ	Thương bổng	102	khóa	洪荒龙舞
10301434	Hồng Hoang Long Vũ	Thương bổng	102	khóa	洪荒龙舞
10301435	Đạt Ma Nhất Thán	Thương bổng	102	khóa	达摩一叹
10301436	Đạt Ma Nhất Thán	Thương bổng	102	khóa	达摩一叹
10301437	Đạt Ma Nhất Thán	Thương bổng	102	khóa	达摩一叹
10301438	Đạt Ma Nhất Thán	Thương bổng	102	khóa	达摩一叹
10301439	Đạt Ma Nhất Thán	Thương bổng	102	khóa	达摩一叹
10301440	Đạt Ma Nhất Thán	Thương bổng	102	khóa	达摩一叹
10301441	Đạt Ma Nhất Thán	Thương bổng	102	khóa	达摩一叹
10301442	Đạt Ma Nhất Thán	Thương bổng	102	khóa	达摩一叹
10301443	Đạt Ma Nhất Thán	Thương bổng	102	khóa	达摩一叹
10301444	Phục Long	Thương bổng	102	khóa	伏龙
10301445	Phục Long	Thương bổng	102	khóa	伏龙
10301446	Phục Long	Thương bổng	102	khóa	伏龙
10301447	Phục Long	Thương bổng	102	khóa	伏龙
10301448	Phục Long	Thương bổng	102	khóa	伏龙
10301449	Phục Long	Thương bổng	102	khóa	伏龙
10301450	Phục Long	Thương bổng	102	khóa	伏龙
10301451	Phục Long	Thương bổng	102	khóa	伏龙
10301452	Phục Long	Thương bổng	102	khóa	伏龙
10301453	Thích Ca	Thương bổng	102	khóa	释迦
10301454	Thích Ca	Thương bổng	102	khóa	释迦
10301455	Thích Ca	Thương bổng	102	khóa	释迦
10301456	Thích Ca	Thương bổng	102	khóa	释迦
10301457	Thích Ca	Thương bổng	102	khóa	释迦
10301458	Thích Ca	Thương bổng	102	khóa	释迦
10301459	Thích Ca	Thương bổng	102	khóa	释迦
10301460	Thích Ca	Thương bổng	102	khóa	释迦
10301461	Thích Ca	Thương bổng	102	khóa	释迦
10302000	Thu Thuỷ Vô Ngân Kiếm	Đoản binh	42	khóa	秋水无痕剑
10302001	Thu Thuỷ Vô Ngân Kiếm	Đoản binh	52	khóa	秋水无痕剑
10302002	Thu Thuỷ Vô Ngân Kiếm	Đoản binh	62	khóa	秋水无痕剑
10302003	Thu Thuỷ Vô Ngân Kiếm	Đoản binh	72	khóa	秋水无痕剑
10302004	Thu Thuỷ Vô Ngân Kiếm	Đoản binh	82	khóa	秋水无痕剑
10302005	Thu Thuỷ Vô Ngân Kiếm	Đoản binh	92	khóa	秋水无痕剑
10302006	Hàm Quang Lộng Ảnh Kiếm	Đoản binh	86	khóa	含光弄影剑
10302007	Hàm Quang Lộng Ảnh Kiếm	Đoản binh	96	khóa	含光弄影剑
10302008	Mặc Nhận Long Uyên Kiếm	Đoản binh	86	khóa	万仞龙渊剑
10302009	Mặc Nhận Long Uyên Kiếm	Đoản binh	96	khóa	万仞龙渊剑
10302010	Tinh Di Vô Ngân Kiếm	Đoản binh	86	khóa	星移无痕剑
10302011	Tinh Di Vô Ngân Kiếm	Đoản binh	96	khóa	星移无痕剑
10302100	Đại Thương Trần Ảnh	Đoản binh	102	khóa	大商尘影
10302101	Đại Thương Trần Ảnh	Đoản binh	102	khóa	大商尘影
10302102	Đại Thương Trần Ảnh	Đoản binh	102	khóa	大商尘影
10302103	Đại Thương Trần Ảnh	Đoản binh	102	khóa	大商尘影
10302104	Đại Thương Trần Ảnh	Đoản binh	102	khóa	大商尘影
10302105	Đại Thương Trần Ảnh	Đoản binh	102	khóa	大商尘影
10302106	Đại Thương Trần Ảnh	Đoản binh	102	khóa	大商尘影
10302107	Đại Thương Trần Ảnh	Đoản binh	102	khóa	大商尘影
10302108	Đại Thương Trần Ảnh	Đoản binh	102	khóa	大商尘影
10302109	Đại Thương Trần Ảnh	Đoản binh	102	khóa	大商尘影
10302110	Đại Thương Trần Ảnh	Đoản binh	102	khóa	大商尘影
10302111	Đại Thương Trần Ảnh	Đoản binh	102	khóa	大商尘影
10302200	Đại Yến Vận Chương	Đoản binh	102	khóa	大燕韵章
10302201	Đại Yến Vận Chương	Đoản binh	102	khóa	大燕韵章
10302202	Đại Yến Vận Chương	Đoản binh	102	khóa	大燕韵章
10302203	Đại Yến Vận Chương	Đoản binh	102	khóa	大燕韵章
10302204	Đại Yến Vận Chương	Đoản binh	102	khóa	大燕韵章
10302205	Đại Yến Vận Chương	Đoản binh	102	khóa	大燕韵章
10302206	Đại Yến Vận Chương	Đoản binh	102	khóa	大燕韵章
10302207	Đại Yến Vận Chương	Đoản binh	102	khóa	大燕韵章
10302208	Đại Yến Vận Chương	Đoản binh	102	khóa	大燕韵章
10302209	Đại Yến Vận Chương	Đoản binh	102	khóa	大燕韵章
10302210	Đại Yến Vận Chương	Đoản binh	102	khóa	大燕韵章
10302211	Đại Yến Vận Chương	Đoản binh	102	khóa	大燕韵章
10302400	Hàm Quang Lộng Ảnh Kiếm	Đoản binh	86	khóa	含光弄影剑
10302401	Mặc Nhận Long Uyên Kiếm	Đoản binh	86	khóa	万仞龙渊剑
10302402	Tinh Di Vô Ngân Kiếm	Đoản binh	86	khóa	星移无痕剑
10302403	Thiên Quang Lưu Ảnh Kiếm	Đoản binh	86	khóa	天光流影剑
10302404	Cửu Chuyển Long Tuyền Kiếm	Đoản binh	86	khóa	九转龙泉剑
10302405	Tinh Di Nguyệt Động Kiếm	Đoản binh	86	khóa	星移月动剑
10302406	Hàm Quang Lộng Ảnh Kiếm	Đoản binh	96	khóa	含光弄影剑
10302407	Mặc Nhận Long Uyên Kiếm	Đoản binh	96	khóa	万仞龙渊剑
10302408	Tinh Di Vô Ngân Kiếm	Đoản binh	96	khóa	星移无痕剑
10302409	Thiên Quang Lưu Ảnh Kiếm	Đoản binh	96	khóa	天光流影剑
10302410	Cửu Chuyển Long Tuyền Kiếm	Đoản binh	96	khóa	九转龙泉剑
10302411	Tinh Di Nguyệt Động Kiếm	Đoản binh	96	khóa	星移月动剑
10302412	Đại Thương Trần Ảnh	Đoản binh	102	khóa	大商尘影
10302413	Đại Thương Trần Ảnh	Đoản binh	102	khóa	大商尘影
10302414	Đại Thương Trần Ảnh	Đoản binh	102	khóa	大商尘影
10302415	Đại Thương Trần Ảnh	Đoản binh	102	khóa	大商尘影
10302416	Đại Thương Trần Ảnh	Đoản binh	102	khóa	大商尘影
10302417	Đại Thương Trần Ảnh	Đoản binh	102	khóa	大商尘影
10302418	Đại Thương Trần Ảnh	Đoản binh	102	khóa	大商尘影
10302419	Đại Thương Trần Ảnh	Đoản binh	102	khóa	大商尘影
10302420	Đại Thương Trần Ảnh	Đoản binh	102	khóa	大商尘影
10302421	Đại Yến Vận Chương	Đoản binh	102	khóa	大燕韵章
10302422	Đại Yến Vận Chương	Đoản binh	102	khóa	大燕韵章
10302423	Đại Yến Vận Chương	Đoản binh	102	khóa	大燕韵章
10302424	Đại Yến Vận Chương	Đoản binh	102	khóa	大燕韵章
10302425	Đại Yến Vận Chương	Đoản binh	102	khóa	大燕韵章
10302426	Đại Yến Vận Chương	Đoản binh	102	khóa	大燕韵章
10302427	Đại Yến Vận Chương	Đoản binh	102	khóa	大燕韵章
10302428	Đại Yến Vận Chương	Đoản binh	102	khóa	大燕韵章
10302429	Đại Yến Vận Chương	Đoản binh	102	khóa	大燕韵章
10302430	Đại Diễn Thiên Huyền	Đoản binh	102	khóa	大衍天玄
10302431	Đại Diễn Thiên Huyền	Đoản binh	102	khóa	大衍天玄
10302432	Đại Diễn Thiên Huyền	Đoản binh	102	khóa	大衍天玄
10302433	Đại Diễn Thiên Huyền	Đoản binh	102	khóa	大衍天玄
10302434	Đại Diễn Thiên Huyền	Đoản binh	102	khóa	大衍天玄
10302435	Đại Diễn Thiên Huyền	Đoản binh	102	khóa	大衍天玄
10302436	Đại Diễn Thiên Huyền	Đoản binh	102	khóa	大衍天玄
10302437	Đại Diễn Thiên Huyền	Đoản binh	102	khóa	大衍天玄
10302438	Đại Diễn Thiên Huyền	Đoản binh	102	khóa	大衍天玄
10302439	Mạt Thế Vương Quyền	Đoản binh	102	khóa	末世王权
10302440	Mạt Thế Vương Quyền	Đoản binh	102	khóa	末世王权
10302441	Mạt Thế Vương Quyền	Đoản binh	102	khóa	末世王权
10302442	Mạt Thế Vương Quyền	Đoản binh	102	khóa	末世王权
10302443	Mạt Thế Vương Quyền	Đoản binh	102	khóa	末世王权
10302444	Mạt Thế Vương Quyền	Đoản binh	102	khóa	末世王权
10302445	Mạt Thế Vương Quyền	Đoản binh	102	khóa	末世王权
10302446	Mạt Thế Vương Quyền	Đoản binh	102	khóa	末世王权
10302447	Mạt Thế Vương Quyền	Đoản binh	102	khóa	末世王权
10302448	Thu Thuỷ Vô Ngân Kiếm	Đoản binh	15	khóa	秋水无痕剑
10302449	Đạo Xung	Đoản binh	102	khóa	道冲
10302450	Đạo Xung	Đoản binh	102	khóa	道冲
10302451	Đạo Xung	Đoản binh	102	khóa	道冲
10302452	Đạo Xung	Đoản binh	102	khóa	道冲
10302453	Đạo Xung	Đoản binh	102	khóa	道冲
10302454	Đạo Xung	Đoản binh	102	khóa	道冲
10302455	Đạo Xung	Đoản binh	102	khóa	道冲
10302456	Đạo Xung	Đoản binh	102	khóa	道冲
10302457	Đạo Xung	Đoản binh	102	khóa	道冲
10302458	Đế Khuyết	Đoản binh	102	khóa	帝阙
10302459	Đế Khuyết	Đoản binh	102	khóa	帝阙
10302460	Đế Khuyết	Đoản binh	102	khóa	帝阙
10302461	Đế Khuyết	Đoản binh	102	khóa	帝阙
10302462	Đế Khuyết	Đoản binh	102	khóa	帝阙
10302463	Đế Khuyết	Đoản binh	102	khóa	帝阙
10302464	Đế Khuyết	Đoản binh	102	khóa	帝阙
10302465	Đế Khuyết	Đoản binh	102	khóa	帝阙
10302466	Đế Khuyết	Đoản binh	102	khóa	帝阙
10303000	Chuyển Hồn Diệt Phách Câu	Song đoản	86	khóa	转魂灭魄钩
10303001	Chuyển Hồn Diệt Phách Câu	Song đoản	96	khóa	转魂灭魄钩
10303100	Đại Chu Lam Dạ	Song đoản	102	khóa	大周岚夜
10303101	Đại Chu Lam Dạ	Song đoản	102	khóa	大周岚夜
10303102	Đại Chu Lam Dạ	Song đoản	102	khóa	大周岚夜
10303103	Đại Chu Lam Dạ	Song đoản	102	khóa	大周岚夜
10303104	Đại Chu Lam Dạ	Song đoản	102	khóa	大周岚夜
10303105	Đại Chu Lam Dạ	Song đoản	102	khóa	大周岚夜
10303106	Đại Chu Lam Dạ	Song đoản	102	khóa	大周岚夜
10303107	Đại Chu Lam Dạ	Song đoản	102	khóa	大周岚夜
10303108	Đại Chu Lam Dạ	Song đoản	102	khóa	大周岚夜
10303109	Đại Chu Lam Dạ	Song đoản	102	khóa	大周岚夜
10303110	Đại Chu Lam Dạ	Song đoản	102	khóa	大周岚夜
10303111	Đại Chu Lam Dạ	Song đoản	102	khóa	大周岚夜
10303200	Đại Tấn Tinh Ngân	Song đoản	102	khóa	大晋星痕
10303201	Đại Tấn Tinh Ngân	Song đoản	102	khóa	大晋星痕
10303202	Đại Tấn Tinh Ngân	Song đoản	102	khóa	大晋星痕
10303203	Đại Tấn Tinh Ngân	Song đoản	102	khóa	大晋星痕
10303204	Đại Tấn Tinh Ngân	Song đoản	102	khóa	大晋星痕
10303205	Đại Tấn Tinh Ngân	Song đoản	102	khóa	大晋星痕
10303206	Đại Tấn Tinh Ngân	Song đoản	102	khóa	大晋星痕
10303207	Đại Tấn Tinh Ngân	Song đoản	102	khóa	大晋星痕
10303208	Đại Tấn Tinh Ngân	Song đoản	102	khóa	大晋星痕
10303209	Đại Tấn Tinh Ngân	Song đoản	102	khóa	大晋星痕
10303210	Đại Tấn Tinh Ngân	Song đoản	102	khóa	大晋星痕
10303211	Đại Tấn Tinh Ngân	Song đoản	102	khóa	大晋星痕
10303400	Chuyển Hồn Diệt Phách Câu	Song đoản	86	khóa	转魂灭魄钩
10303401	Diệt Hồn Luân Hồi Câu	Song đoản	86	khóa	灭魂轮回钩
10303402	Chuyển Hồn Diệt Phách Câu	Song đoản	96	khóa	转魂灭魄钩
10303403	Diệt Hồn Luân Hồi Câu	Song đoản	96	khóa	灭魂轮回钩
10303404	Đại Chu Lam Dạ	Song đoản	102	khóa	大周岚夜
10303405	Đại Chu Lam Dạ	Song đoản	102	khóa	大周岚夜
10303406	Đại Chu Lam Dạ	Song đoản	102	khóa	大周岚夜
10303407	Đại Chu Lam Dạ	Song đoản	102	khóa	大周岚夜
10303408	Đại Chu Lam Dạ	Song đoản	102	khóa	大周岚夜
10303409	Đại Chu Lam Dạ	Song đoản	102	khóa	大周岚夜
10303410	Đại Chu Lam Dạ	Song đoản	102	khóa	大周岚夜
10303411	Đại Chu Lam Dạ	Song đoản	102	khóa	大周岚夜
10303412	Đại Chu Lam Dạ	Song đoản	102	khóa	大周岚夜
10303413	Đại Tấn Tinh Ngân	Song đoản	102	khóa	大晋星痕
10303414	Đại Tấn Tinh Ngân	Song đoản	102	khóa	大晋星痕
10303415	Đại Tấn Tinh Ngân	Song đoản	102	khóa	大晋星痕
10303416	Đại Tấn Tinh Ngân	Song đoản	102	khóa	大晋星痕
10303417	Đại Tấn Tinh Ngân	Song đoản	102	khóa	大晋星痕
10303418	Đại Tấn Tinh Ngân	Song đoản	102	khóa	大晋星痕
10303419	Đại Tấn Tinh Ngân	Song đoản	102	khóa	大晋星痕
10303420	Đại Tấn Tinh Ngân	Song đoản	102	khóa	大晋星痕
10303421	Đại Tấn Tinh Ngân	Song đoản	102	khóa	大晋星痕
10303422	Ỷ Thiên Trưởng Sinh	Song đoản	102	khóa	倚天长生
10303423	Ỷ Thiên Trưởng Sinh	Song đoản	102	khóa	倚天长生
10303424	Ỷ Thiên Trưởng Sinh	Song đoản	102	khóa	倚天长生
10303425	Ỷ Thiên Trưởng Sinh	Song đoản	102	khóa	倚天长生
10303426	Ỷ Thiên Trưởng Sinh	Song đoản	102	khóa	倚天长生
10303427	Ỷ Thiên Trưởng Sinh	Song đoản	102	khóa	倚天长生
10303428	Ỷ Thiên Trưởng Sinh	Song đoản	102	khóa	倚天长生
10303429	Ỷ Thiên Trưởng Sinh	Song đoản	102	khóa	倚天长生
10303430	Ỷ Thiên Trưởng Sinh	Song đoản	102	khóa	倚天长生
10303431	Lục Đạo Hoàng Tuyền	Song đoản	102	khóa	六道黄泉
10303432	Lục Đạo Hoàng Tuyền	Song đoản	102	khóa	六道黄泉
10303433	Lục Đạo Hoàng Tuyền	Song đoản	102	khóa	六道黄泉
10303434	Lục Đạo Hoàng Tuyền	Song đoản	102	khóa	六道黄泉
10303435	Lục Đạo Hoàng Tuyền	Song đoản	102	khóa	六道黄泉
10303436	Lục Đạo Hoàng Tuyền	Song đoản	102	khóa	六道黄泉
10303437	Lục Đạo Hoàng Tuyền	Song đoản	102	khóa	六道黄泉
10303438	Lục Đạo Hoàng Tuyền	Song đoản	102	khóa	六道黄泉
10303439	Lục Đạo Hoàng Tuyền	Song đoản	102	khóa	六道黄泉
10303440	Tạo Hoá	Song đoản	102	khóa	造化
10303441	Tạo Hoá	Song đoản	102	khóa	造化
10303442	Tạo Hoá	Song đoản	102	khóa	造化
10303443	Tạo Hoá	Song đoản	102	khóa	造化
10303444	Tạo Hoá	Song đoản	102	khóa	造化
10303445	Tạo Hoá	Song đoản	102	khóa	造化
10303446	Tạo Hoá	Song đoản	102	khóa	造化
10303447	Tạo Hoá	Song đoản	102	khóa	造化
10303448	Tạo Hoá	Song đoản	102	khóa	造化
10303449	U Minh	Song đoản	102	khóa	幽冥
10303450	U Minh	Song đoản	102	khóa	幽冥
10303451	U Minh	Song đoản	102	khóa	幽冥
10303452	U Minh	Song đoản	102	khóa	幽冥
10303453	U Minh	Song đoản	102	khóa	幽冥
10303454	U Minh	Song đoản	102	khóa	幽冥
10303455	U Minh	Song đoản	102	khóa	幽冥
10303456	U Minh	Song đoản	102	khóa	幽冥
10303457	U Minh	Song đoản	102	khóa	幽冥
10304000	Mặc Hác Tùng Phong Phiến	Quạt	42	khóa	万壑松风扇
10304001	Mặc Hác Tùng Phong Phiến	Quạt	52	khóa	万壑松风扇
10304002	Mặc Hác Tùng Phong Phiến	Quạt	62	khóa	万壑松风扇
10304003	Mặc Hác Tùng Phong Phiến	Quạt	72	khóa	万壑松风扇
10304004	Mặc Hác Tùng Phong Phiến	Quạt	82	khóa	万壑松风扇
10304005	Mặc Hác Tùng Phong Phiến	Quạt	92	khóa	万壑松风扇
10304006	Lôi Minh Ly Hoả Phiến	Quạt	86	khóa	雷鸣离火扇
10304007	Lôi Minh Ly Hoả Phiến	Quạt	96	khóa	雷鸣离火扇
10304008	Lôi Minh Ly Hoả Phiến	Quạt	86	khóa	雷鸣离火扇
10304009	Lôi Minh Ly Hoả Phiến	Quạt	96	khóa	雷鸣离火扇
10304100	Đại Tống Quân Sầm	Quạt	102	khóa	大宋君岑
10304101	Đại Tống Quân Sầm	Quạt	102	khóa	大宋君岑
10304102	Đại Tống Quân Sầm	Quạt	102	khóa	大宋君岑
10304103	Đại Tống Quân Sầm	Quạt	102	khóa	大宋君岑
10304104	Đại Tống Quân Sầm	Quạt	102	khóa	大宋君岑
10304105	Đại Tống Quân Sầm	Quạt	102	khóa	大宋君岑
10304106	Đại Tống Quân Sầm	Quạt	102	khóa	大宋君岑
10304107	Đại Tống Quân Sầm	Quạt	102	khóa	大宋君岑
10304108	Đại Tống Quân Sầm	Quạt	102	khóa	大宋君岑
10304109	Đại Tống Quân Sầm	Quạt	102	khóa	大宋君岑
10304110	Đại Tống Quân Sầm	Quạt	102	khóa	大宋君岑
10304111	Đại Tống Quân Sầm	Quạt	102	khóa	大宋君岑
10304400	Lôi Minh Ly Hoả Phiến	Quạt	86	khóa	雷鸣离火扇
10304401	Lôi Minh Ly Hoả Phiến	Quạt	86	khóa	雷鸣离火扇
10304402	Thiên Lôi Chân Hoả Phiến	Quạt	86	khóa	天雷真火扇
10304403	Thiên Lôi Chân Hoả Phiến	Quạt	86	khóa	天雷真火扇
10304404	Lôi Minh Ly Hoả Phiến	Quạt	96	khóa	雷鸣离火扇
10304405	Lôi Minh Ly Hoả Phiến	Quạt	96	khóa	雷鸣离火扇
10304406	Thiên Lôi Chân Hoả Phiến	Quạt	96	khóa	天雷真火扇
10304407	Thiên Lôi Chân Hoả Phiến	Quạt	96	khóa	天雷真火扇
10304408	Đại Tống Quân Sầm	Quạt	102	khóa	大宋君岑
10304409	Đại Tống Quân Sầm	Quạt	102	khóa	大宋君岑
10304410	Đại Tống Quân Sầm	Quạt	102	khóa	大宋君岑
10304411	Đại Tống Quân Sầm	Quạt	102	khóa	大宋君岑
10304412	Đại Tống Quân Sầm	Quạt	102	khóa	大宋君岑
10304413	Đại Tống Quân Sầm	Quạt	102	khóa	大宋君岑
10304414	Đại Tống Quân Sầm	Quạt	102	khóa	大宋君岑
10304415	Đại Tống Quân Sầm	Quạt	102	khóa	大宋君岑
10304416	Đại Tống Quân Sầm	Quạt	102	khóa	大宋君岑
10304417	Thái Cổ Phiêu Linh	Quạt	102	khóa	太古飘翎
10304418	Thái Cổ Phiêu Linh	Quạt	102	khóa	太古飘翎
10304419	Thái Cổ Phiêu Linh	Quạt	102	khóa	太古飘翎
10304420	Thái Cổ Phiêu Linh	Quạt	102	khóa	太古飘翎
10304421	Thái Cổ Phiêu Linh	Quạt	102	khóa	太古飘翎
10304422	Thái Cổ Phiêu Linh	Quạt	102	khóa	太古飘翎
10304423	Thái Cổ Phiêu Linh	Quạt	102	khóa	太古飘翎
10304424	Thái Cổ Phiêu Linh	Quạt	102	khóa	太古飘翎
10304425	Thái Cổ Phiêu Linh	Quạt	102	khóa	太古飘翎
10304426	Mặc Hác Tùng Phong Phiến	Quạt	15	khóa	万壑松风扇
10304427	Phù Sinh	Quạt	102	khóa	浮生
10304428	Phù Sinh	Quạt	102	khóa	浮生
10304429	Phù Sinh	Quạt	102	khóa	浮生
10304430	Phù Sinh	Quạt	102	khóa	浮生
10304431	Phù Sinh	Quạt	102	khóa	浮生
10304432	Phù Sinh	Quạt	102	khóa	浮生
10304433	Phù Sinh	Quạt	102	khóa	浮生
10304434	Phù Sinh	Quạt	102	khóa	浮生
10304435	Phù Sinh	Quạt	102	khóa	浮生
10305000	Bích Hải Ngân Đào Hoàn	Hoàn	42	khóa	碧海银涛环
10305001	Bích Hải Ngân Đào Hoàn	Hoàn	52	khóa	碧海银涛环
10305002	Bích Hải Ngân Đào Hoàn	Hoàn	62	khóa	碧海银涛环
10305003	Bích Hải Ngân Đào Hoàn	Hoàn	72	khóa	碧海银涛环
10305004	Bích Hải Ngân Đào Hoàn	Hoàn	82	khóa	碧海银涛环
10305005	Bích Hải Ngân Đào Hoàn	Hoàn	92	khóa	碧海银涛环
10305006	Toái Tình Vụ Ảnh Hoàn	Hoàn	86	khóa	碎情雾影环
10305007	Toái Tình Vụ Ảnh Hoàn	Hoàn	96	khóa	碎情雾影环
10305008	Thiên Tinh Diệu Dương Hoàn	Hoàn	86	khóa	天星耀阳环
10305009	Thiên Tinh Diệu Dương Hoàn	Hoàn	96	khóa	天星耀阳环
10305021	Bổng Bổng Đường （ Hồng ）	Đoản binh	1	khóa khi mặc	棒棒糖（红）
10305022	Bổng Bổng Đường （ Lục ）	Đoản binh	1	khóa khi mặc	棒棒糖（绿）
10305023	Bổng Bổng Đường （ Lam ）	Đoản binh	1	khóa khi mặc	棒棒糖（蓝）
10305024	Hồng Úc Kim Hương	Đoản binh	1	khóa khi mặc	红郁金香
10305025	Tử Úc Kim Hương	Đoản binh	1	khóa khi mặc	紫郁金香
10305026	Phấn Mai Khôi	Đoản binh	1	khóa khi mặc	粉玫瑰
10305027	Hồng Mai Khôi	Đoản binh	1	khóa khi mặc	红玫瑰
10305028	Sơn Tra Băng Đường Hồ Lô	Đoản binh	1	khóa khi mặc	山楂冰糖葫芦
10305029	Đại Phong Xa	Đoản binh	1	khóa khi mặc	大风车
10305030	Lam Sắc Yêu Cơ	Đoản binh	1	khóa khi mặc	蓝色妖姬
10305031	Nhất Sinh Nhất Thế	Đoản binh	1	khóa khi mặc	一生一世
10305032	Anh Đào Bố Đinh	Đoản binh	1	khóa khi mặc	樱桃布丁
10305033	Thảo Môi Điềm Đồng	Đoản binh	1	khóa khi mặc	草莓甜筒
10305034	Lãng Mạn Tiểu Hùng	Đoản binh	1	khóa khi mặc	浪漫小熊
10305035	Ỷ Mộng Mai Khôi	Đoản binh	1	khóa khi mặc	绮梦玫瑰
10305100	Đại Hán Hoằng Cương	Hoàn	102	khóa	大汉弘纲
10305101	Đại Hán Hoằng Cương	Hoàn	102	khóa	大汉弘纲
10305102	Đại Hán Hoằng Cương	Hoàn	102	khóa	大汉弘纲
10305103	Đại Hán Hoằng Cương	Hoàn	102	khóa	大汉弘纲
10305104	Đại Hán Hoằng Cương	Hoàn	102	khóa	大汉弘纲
10305105	Đại Hán Hoằng Cương	Hoàn	102	khóa	大汉弘纲
10305106	Đại Hán Hoằng Cương	Hoàn	102	khóa	大汉弘纲
10305107	Đại Hán Hoằng Cương	Hoàn	102	khóa	大汉弘纲
10305108	Đại Hán Hoằng Cương	Hoàn	102	khóa	大汉弘纲
10305109	Đại Hán Hoằng Cương	Hoàn	102	khóa	大汉弘纲
10305110	Đại Hán Hoằng Cương	Hoàn	102	khóa	大汉弘纲
10305111	Đại Hán Hoằng Cương	Hoàn	102	khóa	大汉弘纲
10305200	Đại Tuỳ Ngưng Sương	Hoàn	102	khóa	大隋凝霜
10305201	Đại Tuỳ Ngưng Sương	Hoàn	102	khóa	大隋凝霜
10305202	Đại Tuỳ Ngưng Sương	Hoàn	102	khóa	大隋凝霜
10305203	Đại Tuỳ Ngưng Sương	Hoàn	102	khóa	大隋凝霜
10305204	Đại Tuỳ Ngưng Sương	Hoàn	102	khóa	大隋凝霜
10305205	Đại Tuỳ Ngưng Sương	Hoàn	102	khóa	大隋凝霜
10305206	Đại Tuỳ Ngưng Sương	Hoàn	102	khóa	大隋凝霜
10305207	Đại Tuỳ Ngưng Sương	Hoàn	102	khóa	大隋凝霜
10305208	Đại Tuỳ Ngưng Sương	Hoàn	102	khóa	大隋凝霜
10305209	Đại Tuỳ Ngưng Sương	Hoàn	102	khóa	大隋凝霜
10305210	Đại Tuỳ Ngưng Sương	Hoàn	102	khóa	大隋凝霜
10305211	Đại Tuỳ Ngưng Sương	Hoàn	102	khóa	大隋凝霜
10305281	Bổng Bổng Đường （ Hồng ）	Đoản binh	102	khóa khi mặc	棒棒糖（红）
10305282	Bổng Bổng Đường （ Lục ）	Đoản binh	102	khóa khi mặc	棒棒糖（绿）
10305283	Bổng Bổng Đường （ Lam ）	Đoản binh	102	khóa khi mặc	棒棒糖（蓝）
10305284	Hồng Úc Kim Hương	Đoản binh	102	khóa khi mặc	红郁金香
10305285	Tử Úc Kim Hương	Đoản binh	102	khóa khi mặc	紫郁金香
10305286	Phấn Mai Khôi	Đoản binh	102	khóa khi mặc	粉玫瑰
10305287	Hồng Mai Khôi	Đoản binh	102	khóa khi mặc	红玫瑰
10305288	Sơn Tra Băng Đường Hồ Lô	Đoản binh	102	khóa khi mặc	山楂冰糖葫芦
10305289	Đại Phong Xa	Đoản binh	102	khóa khi mặc	大风车
10305290	Lam Sắc Yêu Cơ	Đoản binh	102	khóa khi mặc	蓝色妖姬
10305291	Nhất Sinh Nhất Thế	Đoản binh	102	khóa khi mặc	一生一世
10305292	Anh Đào Bố Đinh	Đoản binh	102	khóa khi mặc	樱桃布丁
10305293	Thảo Môi Điềm Đồng	Đoản binh	102	khóa khi mặc	草莓甜筒
10305294	Lãng Mạn Tiểu Hùng	Đoản binh	102	khóa khi mặc	浪漫小熊
10305295	Ỷ Mộng Mai Khôi	Đoản binh	102	khóa khi mặc	绮梦玫瑰
10305400	Toái Tình Vụ Ảnh Hoàn	Hoàn	86	khóa	碎情雾影环
10305401	Thiên Tinh Diệu Dương Hoàn	Hoàn	86	khóa	天星耀阳环
10305402	Tuyệt Tình Liệt Ảnh Hoàn	Hoàn	86	khóa	绝情裂影环
10305403	Tinh Vân Tụ Nhật Hoàn	Hoàn	86	khóa	星云聚日环
10305404	Toái Tình Vụ Ảnh Hoàn	Hoàn	96	khóa	碎情雾影环
10305405	Thiên Tinh Diệu Dương Hoàn	Hoàn	96	khóa	天星耀阳环
10305406	Tuyệt Tình Liệt Ảnh Hoàn	Hoàn	96	khóa	绝情裂影环
10305407	Tinh Vân Tụ Nhật Hoàn	Hoàn	96	khóa	星云聚日环
10305408	Đại Hán Hoằng Cương	Hoàn	102	khóa	大汉弘纲
10305409	Đại Hán Hoằng Cương	Hoàn	102	khóa	大汉弘纲
10305410	Đại Hán Hoằng Cương	Hoàn	102	khóa	大汉弘纲
10305411	Đại Hán Hoằng Cương	Hoàn	102	khóa	大汉弘纲
10305412	Đại Hán Hoằng Cương	Hoàn	102	khóa	大汉弘纲
10305413	Đại Hán Hoằng Cương	Hoàn	102	khóa	大汉弘纲
10305414	Đại Hán Hoằng Cương	Hoàn	102	khóa	大汉弘纲
10305415	Đại Hán Hoằng Cương	Hoàn	102	khóa	大汉弘纲
10305416	Đại Hán Hoằng Cương	Hoàn	102	khóa	大汉弘纲
10305417	Đại Tuỳ Ngưng Sương	Hoàn	102	khóa	大隋凝霜
10305418	Đại Tuỳ Ngưng Sương	Hoàn	102	khóa	大隋凝霜
10305419	Đại Tuỳ Ngưng Sương	Hoàn	102	khóa	大隋凝霜
10305420	Đại Tuỳ Ngưng Sương	Hoàn	102	khóa	大隋凝霜
10305421	Đại Tuỳ Ngưng Sương	Hoàn	102	khóa	大隋凝霜
10305422	Đại Tuỳ Ngưng Sương	Hoàn	102	khóa	大隋凝霜
10305423	Đại Tuỳ Ngưng Sương	Hoàn	102	khóa	大隋凝霜
10305424	Đại Tuỳ Ngưng Sương	Hoàn	102	khóa	大隋凝霜
10305425	Đại Tuỳ Ngưng Sương	Hoàn	102	khóa	大隋凝霜
10305426	Mặc Thế Khô Vinh	Hoàn	102	khóa	万世枯荣
10305427	Mặc Thế Khô Vinh	Hoàn	102	khóa	万世枯荣
10305428	Mặc Thế Khô Vinh	Hoàn	102	khóa	万世枯荣
10305429	Mặc Thế Khô Vinh	Hoàn	102	khóa	万世枯荣
10305430	Mặc Thế Khô Vinh	Hoàn	102	khóa	万世枯荣
10305431	Mặc Thế Khô Vinh	Hoàn	102	khóa	万世枯荣
10305432	Mặc Thế Khô Vinh	Hoàn	102	khóa	万世枯荣
10305433	Mặc Thế Khô Vinh	Hoàn	102	khóa	万世枯荣
10305434	Mặc Thế Khô Vinh	Hoàn	102	khóa	万世枯荣
10305435	Vô Tướng Tuyệt Tung	Hoàn	102	khóa	无相绝踪
10305436	Vô Tướng Tuyệt Tung	Hoàn	102	khóa	无相绝踪
10305437	Vô Tướng Tuyệt Tung	Hoàn	102	khóa	无相绝踪
10305438	Vô Tướng Tuyệt Tung	Hoàn	102	khóa	无相绝踪
10305439	Vô Tướng Tuyệt Tung	Hoàn	102	khóa	无相绝踪
10305440	Vô Tướng Tuyệt Tung	Hoàn	102	khóa	无相绝踪
10305441	Vô Tướng Tuyệt Tung	Hoàn	102	khóa	无相绝踪
10305442	Vô Tướng Tuyệt Tung	Hoàn	102	khóa	无相绝踪
10305443	Vô Tướng Tuyệt Tung	Hoàn	102	khóa	无相绝踪
10305444	Bích Hải Ngân Đào Hoàn	Hoàn	15	khóa	碧海银涛环
10305445	Nhập Diệt	Hoàn	102	khóa	入灭
10305446	Nhập Diệt	Hoàn	102	khóa	入灭
10305447	Nhập Diệt	Hoàn	102	khóa	入灭
10305448	Nhập Diệt	Hoàn	102	khóa	入灭
10305449	Nhập Diệt	Hoàn	102	khóa	入灭
10305450	Nhập Diệt	Hoàn	102	khóa	入灭
10305451	Nhập Diệt	Hoàn	102	khóa	入灭
10305452	Nhập Diệt	Hoàn	102	khóa	入灭
10305453	Nhập Diệt	Hoàn	102	khóa	入灭
10305454	Thần Ẩn	Hoàn	102	khóa	神隐
10305455	Thần Ẩn	Hoàn	102	khóa	神隐
10305456	Thần Ẩn	Hoàn	102	khóa	神隐
10305457	Thần Ẩn	Hoàn	102	khóa	神隐
10305458	Thần Ẩn	Hoàn	102	khóa	神隐
10305459	Thần Ẩn	Hoàn	102	khóa	神隐
10305460	Thần Ẩn	Hoàn	102	khóa	神隐
10305461	Thần Ẩn	Hoàn	102	khóa	神隐
10305462	Thần Ẩn	Hoàn	102	khóa	神隐
10306000	Tử Dương Tuyệt Linh Nỗ	Nỏ	42	khóa	紫阳绝翎弩
10306001	Tử Dương Tuyệt Linh Nỗ	Nỏ	52	khóa	紫阳绝翎弩
10306002	Tử Dương Tuyệt Linh Nỗ	Nỏ	62	khóa	紫阳绝翎弩
10306003	Tử Dương Tuyệt Linh Nỗ	Nỏ	72	khóa	紫阳绝翎弩
10306004	Tử Dương Tuyệt Linh Nỗ	Nỏ	82	khóa	紫阳绝翎弩
10306005	Tử Dương Tuyệt Linh Nỗ	Nỏ	92	khóa	紫阳绝翎弩
10306006	Lăng Tiêu Ngọc Quỳnh Nỗ	Nỏ	86	khóa	凌霄玉琼弩
10306007	Lăng Tiêu Ngọc Quỳnh Nỗ	Nỏ	96	khóa	凌霄玉琼弩
10306008	Lăng Tiêu Ngọc Quỳnh Nỗ	Nỏ	86	khóa	凌霄玉琼弩
10306009	Lăng Tiêu Ngọc Quỳnh Nỗ	Nỏ	96	khóa	凌霄玉琼弩
10306010	Cửu Tiêu Hoa Quỳnh Nỗ	Nỏ	86	khóa	九霄华琼弩
10306011	Cửu Tiêu Hoa Quỳnh Nỗ	Nỏ	96	khóa	九霄华琼弩
10306012	Đại Lương Tịch Thiên	Nỏ	102	khóa	大梁辟天
10306013	Đại Lương Tịch Thiên	Nỏ	102	khóa	大梁辟天
10306014	Đại Lương Tịch Thiên	Nỏ	102	khóa	大梁辟天
10306015	Đại Lương Tịch Thiên	Nỏ	102	khóa	大梁辟天
10306016	Đại Lương Tịch Thiên	Nỏ	102	khóa	大梁辟天
10306017	Đại Lương Tịch Thiên	Nỏ	102	khóa	大梁辟天
10306018	Đại Lương Tịch Thiên	Nỏ	102	khóa	大梁辟天
10306019	Đại Lương Tịch Thiên	Nỏ	102	khóa	大梁辟天
10306020	Đại Lương Tịch Thiên	Nỏ	102	khóa	大梁辟天
10306021	Đại Lương Tịch Thiên	Nỏ	102	khóa	大梁辟天
10306022	Đại Lương Tịch Thiên	Nỏ	102	khóa	大梁辟天
10306023	Đại Lương Tịch Thiên	Nỏ	102	khóa	大梁辟天
10306024	Đại Lương Tịch Thiên	Nỏ	102	khóa	大梁辟天
10306025	Đại Lương Tịch Thiên	Nỏ	102	khóa	大梁辟天
10306026	Đại Lương Tịch Thiên	Nỏ	102	khóa	大梁辟天
10306027	Đại Lương Tịch Thiên	Nỏ	102	khóa	大梁辟天
10306028	Đại Lương Tịch Thiên	Nỏ	102	khóa	大梁辟天
10306029	Đại Lương Tịch Thiên	Nỏ	102	khóa	大梁辟天
10306030	Đại Lương Tịch Thiên	Nỏ	102	khóa	大梁辟天
10306031	Đại Lương Tịch Thiên	Nỏ	102	khóa	大梁辟天
10306032	Đại Lương Tịch Thiên	Nỏ	102	khóa	大梁辟天
10306033	Diệt Ảnh Thiên Tru	Nỏ	102	khóa	灭影天诛
10306034	Diệt Ảnh Thiên Tru	Nỏ	102	khóa	灭影天诛
10306035	Diệt Ảnh Thiên Tru	Nỏ	102	khóa	灭影天诛
10306036	Diệt Ảnh Thiên Tru	Nỏ	102	khóa	灭影天诛
10306037	Diệt Ảnh Thiên Tru	Nỏ	102	khóa	灭影天诛
10306038	Diệt Ảnh Thiên Tru	Nỏ	102	khóa	灭影天诛
10306039	Diệt Ảnh Thiên Tru	Nỏ	102	khóa	灭影天诛
10306040	Diệt Ảnh Thiên Tru	Nỏ	102	khóa	灭影天诛
10306041	Diệt Ảnh Thiên Tru	Nỏ	102	khóa	灭影天诛
10306042	Tử Dương Tuyệt Linh Nỗ	Nỏ	15	khóa	紫阳绝翎弩
10306043	Quy Khư	Nỏ	102	khóa	归墟
10306044	Quy Khư	Nỏ	102	khóa	归墟
10306045	Quy Khư	Nỏ	102	khóa	归墟
10306046	Quy Khư	Nỏ	102	khóa	归墟
10306047	Quy Khư	Nỏ	102	khóa	归墟
10306048	Quy Khư	Nỏ	102	khóa	归墟
10306049	Quy Khư	Nỏ	102	khóa	归墟
10306050	Quy Khư	Nỏ	102	khóa	归墟
10306051	Quy Khư	Nỏ	102	khóa	归墟
10307000	Bích Hải Lăng Ba Trượng	Trượng	42	khóa	碧海凌波杖
10307001	Bích Hải Lăng Ba Trượng	Trượng	52	khóa	碧海凌波杖
10307002	Bích Hải Lăng Ba Trượng	Trượng	62	khóa	碧海凌波杖
10307003	Bích Hải Lăng Ba Trượng	Trượng	72	khóa	碧海凌波杖
10307004	Bích Hải Lăng Ba Trượng	Trượng	82	khóa	碧海凌波杖
10307005	Bích Hải Lăng Ba Trượng	Trượng	92	khóa	碧海凌波杖
10307006	Thái Hư Quy Tinh Trượng	Trượng	86	khóa	太虚归星杖
10307007	Thái Hư Quy Tinh Trượng	Trượng	96	khóa	太虚归星杖
10307008	Thái Hư Quy Tinh Trượng	Trượng	86	khóa	太虚归星杖
10307009	Thái Hư Quy Tinh Trượng	Trượng	96	khóa	太虚归星杖
10307010	Thái Hư Liễm Nguyệt Trượng	Trượng	86	khóa	太虚敛月杖
10307011	Thái Hư Liễm Nguyệt Trượng	Trượng	96	khóa	太虚敛月杖
10307012	Đại Nguỵ Trưởng Ca	Trượng	102	khóa	大魏长歌
10307013	Đại Nguỵ Trưởng Ca	Trượng	102	khóa	大魏长歌
10307014	Đại Nguỵ Trưởng Ca	Trượng	102	khóa	大魏长歌
10307015	Đại Nguỵ Trưởng Ca	Trượng	102	khóa	大魏长歌
10307016	Đại Nguỵ Trưởng Ca	Trượng	102	khóa	大魏长歌
10307017	Đại Nguỵ Trưởng Ca	Trượng	102	khóa	大魏长歌
10307018	Đại Nguỵ Trưởng Ca	Trượng	102	khóa	大魏长歌
10307019	Đại Nguỵ Trưởng Ca	Trượng	102	khóa	大魏长歌
10307020	Đại Nguỵ Trưởng Ca	Trượng	102	khóa	大魏长歌
10307021	Đại Nguỵ Trưởng Ca	Trượng	102	khóa	大魏长歌
10307022	Đại Nguỵ Trưởng Ca	Trượng	102	khóa	大魏长歌
10307023	Đại Nguỵ Trưởng Ca	Trượng	102	khóa	大魏长歌
10307024	Đại Nguỵ Trưởng Ca	Trượng	102	khóa	大魏长歌
10307025	Đại Nguỵ Trưởng Ca	Trượng	102	khóa	大魏长歌
10307026	Đại Nguỵ Trưởng Ca	Trượng	102	khóa	大魏长歌
10307027	Đại Nguỵ Trưởng Ca	Trượng	102	khóa	大魏长歌
10307028	Đại Nguỵ Trưởng Ca	Trượng	102	khóa	大魏长歌
10307029	Đại Nguỵ Trưởng Ca	Trượng	102	khóa	大魏长歌
10307030	Đại Nguỵ Trưởng Ca	Trượng	102	khóa	大魏长歌
10307031	Đại Nguỵ Trưởng Ca	Trượng	102	khóa	大魏长歌
10307032	Đại Nguỵ Trưởng Ca	Trượng	102	khóa	大魏长歌
10307033	Ngọc Pháp Huyền Khung	Trượng	102	khóa	玉法玄穹
10307034	Ngọc Pháp Huyền Khung	Trượng	102	khóa	玉法玄穹
10307035	Ngọc Pháp Huyền Khung	Trượng	102	khóa	玉法玄穹
10307036	Ngọc Pháp Huyền Khung	Trượng	102	khóa	玉法玄穹
10307037	Ngọc Pháp Huyền Khung	Trượng	102	khóa	玉法玄穹
10307038	Ngọc Pháp Huyền Khung	Trượng	102	khóa	玉法玄穹
10307039	Ngọc Pháp Huyền Khung	Trượng	102	khóa	玉法玄穹
10307040	Ngọc Pháp Huyền Khung	Trượng	102	khóa	玉法玄穹
10307041	Ngọc Pháp Huyền Khung	Trượng	102	khóa	玉法玄穹
10307042	Bích Hải Lăng Ba Trượng	Trượng	15	khóa	碧海凌波杖
10307043	Thiên Dụ	Trượng	102	khóa	天谕
10307044	Thiên Dụ	Trượng	102	khóa	天谕
10307045	Thiên Dụ	Trượng	102	khóa	天谕
10307046	Thiên Dụ	Trượng	102	khóa	天谕
10307047	Thiên Dụ	Trượng	102	khóa	天谕
10307048	Thiên Dụ	Trượng	102	khóa	天谕
10307049	Thiên Dụ	Trượng	102	khóa	天谕
10307050	Thiên Dụ	Trượng	102	khóa	天谕
10307051	Thiên Dụ	Trượng	102	khóa	天谕
10400001	Tam Đình Môn Phiến Đại Đao	Đao phủ	10	khóa	三亭门扇大刀
10400002	Lượng Ngân Bát Phong Đại Đao	Đao phủ	20	khóa	亮银泼风大刀
10400003	Bát Quái Phách Thuỷ Đại Đao	Đao phủ	30	khóa	八卦劈水大刀
10400004	Lượng Ngân Uyên Ương Đại Phủ	Đao phủ	40	khóa	亮银鸳鸯大斧
10400005	Ngũ Long Trục Nhật Đại Đao	Đao phủ	50	khóa	五龙逐日大刀
10400006	Cưa Xỉ Lang Nha Bản Môn Đại Đao	Đao phủ	60	khóa	锯齿狼牙板门大刀
10400007	Kim Tước Khai Sơn Đại Phủ	Đao phủ	70	khóa	金雀开山大斧
10400008	Thần Mộc Nặc Nguyệt Đại Đao	Đao phủ	80	khóa	神木匿月大刀
10400009	Cự Phật Thôn Nhật Đại Đao	Đao phủ	90	khóa	巨佛吞日大刀
10400010	Kim Toản Xuyên Vân	Đao phủ	100	khóa	金纂穿云
10400011	Nhiệm Vụ Trang 1	Đao phủ	10	khóa	任务装1
10400012	Thượng Huyền	Đao phủ	20	khóa	上玄
10400013	Nhiệm Vụ Trang 3	Đao phủ	30	khóa	任务装3
10400014	Phạn Nhật	Đao phủ	40	khóa	梵日
10400015	Nhiệm Vụ Trang 5	Đao phủ	50	khóa	任务装5
10400016	Nhiệm Vụ Trang 6	Đao phủ	60	khóa	任务装6
10400017	Nhiệm Vụ Trang 7	Đao phủ	70	khóa	任务装7
10400018	Nhiệm Vụ Trang 8	Đao phủ	80	khóa	任务装8
10400019	Nhiệm Vụ Trang 9	Đao phủ	90	khóa	任务装9
10400020	Nhiệm Vụ Trang 10	Đao phủ	100	khóa	任务装10
10400021	Tam Đình Môn Phiến Đại Đao	Đao phủ	10	khóa	三亭门扇大刀
10400022	Lượng Ngân Bát Phong Đại Đao	Đao phủ	20	khóa	亮银泼风大刀
10400023	Bát Quái Phách Thuỷ Đại Đao	Đao phủ	30	khóa	八卦劈水大刀
10400024	Lượng Ngân Uyên Ương Đại Phủ	Đao phủ	40	khóa	亮银鸳鸯大斧
10400025	Ngũ Long Trục Nhật Đại Đao	Đao phủ	50	khóa	五龙逐日大刀
10400026	Cưa Xỉ Lang Nha Bản Môn Đại Đao	Đao phủ	60	khóa	锯齿狼牙板门大刀
10400027	Kim Tước Khai Sơn Đại Phủ	Đao phủ	70	khóa	金雀开山大斧
10400028	Thần Mộc Nặc Nguyệt Đại Đao	Đao phủ	80	khóa	神木匿月大刀
10400029	Cự Phật Thôn Nhật Đại Đao	Đao phủ	90	khóa	巨佛吞日大刀
10400030	Kim Toản Xuyên Vân	Đao phủ	100	khóa	金纂穿云
10400031	Nhiệm Vụ Trang 1	Đao phủ	10	khóa	任务装1
10400032	Thượng Huyền	Đao phủ	20	khóa	上玄
10400033	Nhiệm Vụ Trang 3	Đao phủ	30	khóa	任务装3
10400034	Phạn Nhật	Đao phủ	40	khóa	梵日
10400035	Nhiệm Vụ Trang 5	Đao phủ	50	khóa	任务装5
10400036	Nhiệm Vụ Trang 6	Đao phủ	60	khóa	任务装6
10400037	Nhiệm Vụ Trang 7	Đao phủ	70	khóa	任务装7
10400038	Nhiệm Vụ Trang 8	Đao phủ	80	khóa	任务装8
10400039	Nhiệm Vụ Trang 9	Đao phủ	90	khóa	任务装9
10400040	Nhiệm Vụ Trang 10	Đao phủ	100	khóa	任务装10
10400041	Tam Đình Môn Phiến Đại Đao	Đao phủ	10	khóa	三亭门扇大刀
10400042	Lượng Ngân Bát Phong Đại Đao	Đao phủ	20	khóa	亮银泼风大刀
10400043	Bát Quái Phách Thuỷ Đại Đao	Đao phủ	30	khóa	八卦劈水大刀
10400044	Lượng Ngân Uyên Ương Đại Phủ	Đao phủ	40	khóa	亮银鸳鸯大斧
10400045	Ngũ Long Trục Nhật Đại Đao	Đao phủ	50	khóa	五龙逐日大刀
10400046	Cưa Xỉ Lang Nha Bản Môn Đại Đao	Đao phủ	60	khóa	锯齿狼牙板门大刀
10400047	Kim Tước Khai Sơn Đại Phủ	Đao phủ	70	khóa	金雀开山大斧
10400048	Thần Mộc Nặc Nguyệt Đại Đao	Đao phủ	80	khóa	神木匿月大刀
10400049	Cự Phật Thôn Nhật Đại Đao	Đao phủ	90	khóa	巨佛吞日大刀
10400050	Kim Toản Xuyên Vân	Đao phủ	100	khóa	金纂穿云
10400051	Nhiệm Vụ Trang 1	Đao phủ	10	khóa	任务装1
10400052	Thượng Huyền	Đao phủ	20	khóa	上玄
10400053	Nhiệm Vụ Trang 3	Đao phủ	30	khóa	任务装3
10400054	Phạn Nhật	Đao phủ	40	khóa	梵日
10400055	Nhiệm Vụ Trang 5	Đao phủ	50	khóa	任务装5
10400056	Nhiệm Vụ Trang 6	Đao phủ	60	khóa	任务装6
10400057	Nhiệm Vụ Trang 7	Đao phủ	70	khóa	任务装7
10400058	Nhiệm Vụ Trang 8	Đao phủ	80	khóa	任务装8
10400059	Phổ Nhĩ Đao	Đao phủ	35	khóa	普洱刀
10400060	Viên Môn Vệ Sĩ Đại Đao	Đao phủ	1	khóa	辕门卫士大刀
10400061	Kim Bối Khảm Sơn Đao	Đao phủ	13	khóa	金背砍山刀
10400062	Tung Dương Nhạn Linh Đao	Đao phủ	18	khóa	嵩阳雁翎刀
10400063	Quái Tử Thủ	Đao phủ	30	khóa	刽子手
10400064	Lang Nhân Đoạt Lương Đao	Đao phủ	40	khóa	狼人夺粮刀
10400065	Viên Nguyệt Loan Đao	Đao phủ	55	khóa	圆月弯刀
10400066	Tùng Lâm Phách Sơn Phủ	Đao phủ	67	khóa	丛林劈山斧
10400067	Khoái Ý Đao	Đao phủ	72	khóa	快意刀
10400068	Tinh Chế Huyền Thiết Đại Đao	Đao phủ	78	khóa	精制玄铁大刀
10400069	Phục Thù Chi Nhận	Đao phủ	82	khóa	复仇之刃
10400070	Cửu Phượng Triều Dương Đao	Đao phủ	87	khóa	九凤朝阳刀
10400071	Bát Quái Kim Toản Khai Sơn Việt	Đao phủ	94	khóa	八卦金纂开山钺
10400072	Trầm Thuỷ Long Tước Đao	Đao phủ	98	khóa	沉水龙雀刀
10400073	Chiến Thần	Đao phủ	98	khóa	战神
10400074	Tần Võ-Phần Thiên	Đao phủ	75	khóa khi mặc	秦武·焚天
10400075	Tần Hồn-Mạt Nhật	Đao phủ	85	khóa khi mặc	秦魂·末日
10401001	Minh Sa Trưởng Thương	Thương bổng	15	khóa	鸣沙长枪
10401002	Yến Hầu-Lục	Thương bổng	50	khóa khi mặc	燕侯·戮
10401003	Hạo Linh-Phong Dương	Thương bổng	60	khóa khi mặc	皓灵·风炀
10401004	Xích Luyện-Bá Vương	Thương bổng	70	khóa khi mặc	赤炼·霸王
10401005	Bàn Long Đại Thương	Thương bổng	50	khóa	盘龙大枪
10401006	Tam Cổ Kim Cương Mã Xoa	Thương bổng	60	khóa	三股金刚马叉
10401007	Ngũ Cổ Liệt Diễm Mã Xoa	Thương bổng	70	khóa	五股烈焰马叉
10401008	Thất Tinh Phệ Hồn Mã Xoa	Thương bổng	80	khóa	七星噬魂马叉
10401009	Long Ngâm Phượng Khiếu Đại Thương	Thương bổng	90	khóa	龙吟凤啸大枪
10401010	Phá Nguyệt Đại Thương	Thương bổng	100	khóa	破月大枪
10401011	Vũ Lãng	Thương bổng	10	khóa	舞浪
10401012	Nhiệm Vụ Trang 2	Thương bổng	20	khóa	任务装2
10401013	Đoạn Tương	Thương bổng	30	khóa	断湘
10401014	Nhiệm Vụ Trang 4	Thương bổng	40	khóa	任务装4
10401015	Hàn Dương	Thương bổng	50	khóa	寒炀
10401016	Nhiệm Vụ Trang 6	Thương bổng	60	khóa	任务装6
10401017	Nhiệm Vụ Trang 7	Thương bổng	70	khóa	任务装7
10401018	Nhiệm Vụ Trang 8	Thương bổng	80	khóa	任务装8
10401019	Cổ Thương	Thương bổng	90	khóa	古苍
10401020	Nhiệm Vụ Trang 10	Thương bổng	100	khóa	任务装10
10401021	Tước Thiệt Đại Thương	Thương bổng	10	khóa	雀舌大枪
10401022	Trúc Tiết Đại Thương	Thương bổng	20	khóa	竹节大枪
10401023	Tố Anh Đại Thương	Thương bổng	30	khóa	素缨大枪
10401024	Lục Hợp Đại Thương	Thương bổng	40	khóa	六合大枪
10401025	Bàn Long Đại Thương	Thương bổng	50	khóa	盘龙大枪
10401026	Tam Cổ Kim Cương Mã Xoa	Thương bổng	60	khóa	三股金刚马叉
10401027	Ngũ Cổ Liệt Diễm Mã Xoa	Thương bổng	70	khóa	五股烈焰马叉
10401028	Thất Tinh Phệ Hồn Mã Xoa	Thương bổng	80	khóa	七星噬魂马叉
10401029	Long Ngâm Phượng Khiếu Đại Thương	Thương bổng	90	khóa	龙吟凤啸大枪
10401030	Phá Nguyệt Đại Thương	Thương bổng	100	khóa	破月大枪
10401031	Vũ Lãng	Thương bổng	10	khóa	舞浪
10401032	Nhiệm Vụ Trang 2	Thương bổng	20	khóa	任务装2
10401033	Đoạn Tương	Thương bổng	30	khóa	断湘
10401034	Nhiệm Vụ Trang 4	Thương bổng	40	khóa	任务装4
10401035	Hàn Dương	Thương bổng	50	khóa	寒炀
10401036	Nhiệm Vụ Trang 6	Thương bổng	60	khóa	任务装6
10401037	Nhiệm Vụ Trang 7	Thương bổng	70	khóa	任务装7
10401038	Nhiệm Vụ Trang 8	Thương bổng	80	khóa	任务装8
10401039	Cổ Thương	Thương bổng	90	khóa	古苍
10401040	Nhiệm Vụ Trang 10	Thương bổng	100	khóa	任务装10
10401041	Tước Thiệt Đại Thương	Thương bổng	10	khóa	雀舌大枪
10401042	Trúc Tiết Đại Thương	Thương bổng	20	khóa	竹节大枪
10401043	Tố Anh Đại Thương	Thương bổng	30	khóa	素缨大枪
10401044	Lục Hợp Đại Thương	Thương bổng	40	khóa	六合大枪
10401045	Bàn Long Đại Thương	Thương bổng	50	khóa	盘龙大枪
10401046	Tam Cổ Kim Cương Mã Xoa	Thương bổng	60	khóa	三股金刚马叉
10401047	Ngũ Cổ Liệt Diễm Mã Xoa	Thương bổng	70	khóa	五股烈焰马叉
10401048	Thất Tinh Phệ Hồn Mã Xoa	Thương bổng	80	khóa	七星噬魂马叉
10401049	Long Ngâm Phượng Khiếu Đại Thương	Thương bổng	90	khóa	龙吟凤啸大枪
10401050	Phá Nguyệt Đại Thương	Thương bổng	100	khóa	破月大枪
10401051	Vũ Lãng	Thương bổng	10	khóa	舞浪
10401052	Nhiệm Vụ Trang 2	Thương bổng	20	khóa	任务装2
10401053	Đoạn Tương	Thương bổng	30	khóa	断湘
10401054	Nhiệm Vụ Trang 4	Thương bổng	40	khóa	任务装4
10401055	Hàn Dương	Thương bổng	50	khóa	寒炀
10401056	Nhiệm Vụ Trang 6	Thương bổng	60	khóa	任务装6
10401057	Nhiệm Vụ Trang 7	Thương bổng	70	khóa	任务装7
10401058	Nhiệm Vụ Trang 8	Thương bổng	80	khóa	任务装8
10401059	Cổ Thương	Thương bổng	90	khóa	古苍
10401060	Nguyệt Ảnh Trượng	Thương bổng	22	khóa	月影杖
10401061	Viên Môn Vệ Sĩ Trưởng Thương	Thương bổng	1	khóa	辕门卫士长枪
10401062	Tung Dương Tề Mi Côn	Thương bổng	18	khóa	嵩阳齐眉棍
10401063	Điển Ngục Quan	Thương bổng	30	khóa	典狱官
10401064	Lang Nhân Cản Trư Thương	Thương bổng	40	khóa	狼人赶猪枪
10401065	Hấp Thuỷ Đề Lò Thương	Thương bổng	48	khóa	吸水提炉枪
10401066	Viên Nguyệt Đà Long Thương	Thương bổng	55	khóa	圆月驼龙枪
10401067	Tinh Chế Huyền Thiết Trưởng Thương	Thương bổng	78	khóa	精制玄铁长枪
10401068	Bát Bảo Lịch Tuyền Thương	Thương bổng	87	khóa	八宝沥泉枪
10401069	Cửu Chuyển Bàn Long Lượng Ngân Thương	Thương bổng	94	khóa	九转蟠龙亮银枪
10401070	Lạc Ảnh Truy Hồn Thương	Thương bổng	98	khóa	落影追魂枪
10401071	Bá Vương	Thương bổng	99	khóa	霸王
10402001	Thiên Long Tân Thủ Kiếm	Đoản binh	1	khóa	天龙新手剑
10402002	Thái Khang Trưởng Kiếm	Đoản binh	20	khóa	太康长剑
10402003	Thanh Minh Trưởng Kiếm	Đoản binh	30	khóa	青冥长剑
10402004	Phi Nguyệt Trưởng Kiếm	Đoản binh	40	khóa	飞月长剑
10402005	Long Lân Trưởng Kiếm	Đoản binh	50	khóa	龙鳞长剑
10402006	Ngũ Thái Trưởng Kiếm	Đoản binh	60	khóa	五彩长剑
10402007	Côn Ngô Trưởng Kiếm	Đoản binh	70	khóa	昆吾长剑
10402008	Long Huyết Trưởng Kiếm	Đoản binh	80	khóa	龙血长剑
10402009	Tuyệt Tiên Trưởng Đao	Đoản binh	90	khóa	绝仙长刀
10402010	Tru Thiên Trưởng Kiếm	Đoản binh	100	khóa	诛天长剑
10402011	Nhiệm Vụ Trang 1	Đoản binh	10	khóa	任务装1
10402012	Nhiệm Vụ Trang 2	Đoản binh	20	khóa	任务装2
10402013	Nhiệm Vụ Trang 3	Đoản binh	30	khóa	任务装3
10402014	Nhiệm Vụ Trang 4	Đoản binh	40	khóa	任务装4
10402015	Nhiệm Vụ Trang 5	Đoản binh	50	khóa	任务装5
10402016	Lang Ngà	Đoản binh	60	khóa	琅玡
10402017	Nhiệm Vụ Trang 7	Đoản binh	70	khóa	任务装7
10402018	Nhiệm Vụ Trang 8	Đoản binh	80	khóa	任务装8
10402019	Nhiệm Vụ Trang 9	Đoản binh	90	khóa	任务装9
10402020	Nhiệm Vụ Trang 10	Đoản binh	100	khóa	任务装10
10402021	Hàn Quang Trưởng Kiếm	Đoản binh	10	khóa	寒光长剑
10402022	Thái Khang Trưởng Kiếm	Đoản binh	20	khóa	太康长剑
10402023	Thanh Minh Trưởng Kiếm	Đoản binh	30	khóa	青冥长剑
10402024	Phi Nguyệt Trưởng Kiếm	Đoản binh	40	khóa	飞月长剑
10402025	Long Lân Trưởng Kiếm	Đoản binh	50	khóa	龙鳞长剑
10402026	Ngũ Thái Trưởng Kiếm	Đoản binh	60	khóa	五彩长剑
10402027	Côn Ngô Trưởng Kiếm	Đoản binh	70	khóa	昆吾长剑
10402028	Long Huyết Trưởng Kiếm	Đoản binh	80	khóa	龙血长剑
10402029	Tuyệt Tiên Trưởng Đao	Đoản binh	90	khóa	绝仙长刀
10402030	Tru Thiên Trưởng Kiếm	Đoản binh	100	khóa	诛天长剑
10402031	Nhiệm Vụ Trang 1	Đoản binh	10	khóa	任务装1
10402032	Nhiệm Vụ Trang 2	Đoản binh	20	khóa	任务装2
10402033	Nhiệm Vụ Trang 3	Đoản binh	30	khóa	任务装3
10402034	Nhiệm Vụ Trang 4	Đoản binh	40	khóa	任务装4
10402035	Nhiệm Vụ Trang 5	Đoản binh	50	khóa	任务装5
10402036	Lang Ngà	Đoản binh	60	khóa	琅玡
10402037	Nhiệm Vụ Trang 7	Đoản binh	70	khóa	任务装7
10402038	Nhiệm Vụ Trang 8	Đoản binh	80	khóa	任务装8
10402039	Nhiệm Vụ Trang 9	Đoản binh	90	khóa	任务装9
10402040	Nhiệm Vụ Trang 10	Đoản binh	100	khóa	任务装10
10402041	Hàn Quang Trưởng Kiếm	Đoản binh	10	khóa	寒光长剑
10402042	Thái Khang Trưởng Kiếm	Đoản binh	20	khóa	太康长剑
10402043	Thanh Minh Trưởng Kiếm	Đoản binh	30	khóa	青冥长剑
10402044	Phi Nguyệt Trưởng Kiếm	Đoản binh	40	khóa	飞月长剑
10402045	Long Lân Trưởng Kiếm	Đoản binh	50	khóa	龙鳞长剑
10402046	Ngũ Thái Trưởng Kiếm	Đoản binh	60	khóa	五彩长剑
10402047	Côn Ngô Trưởng Kiếm	Đoản binh	70	khóa	昆吾长剑
10402048	Long Huyết Trưởng Kiếm	Đoản binh	80	khóa	龙血长剑
10402049	Tuyệt Tiên Trưởng Đao	Đoản binh	90	khóa	绝仙长刀
10402050	Tru Thiên Trưởng Kiếm	Đoản binh	100	khóa	诛天长剑
10402051	Nhiệm Vụ Trang 1	Đoản binh	10	khóa	任务装1
10402052	Nhiệm Vụ Trang 2	Đoản binh	20	khóa	任务装2
10402053	Nhiệm Vụ Trang 3	Đoản binh	30	khóa	任务装3
10402054	Nhiệm Vụ Trang 4	Đoản binh	40	khóa	任务装4
10402055	Nhiệm Vụ Trang 5	Đoản binh	50	khóa	任务装5
10402056	Lang Ngà	Đoản binh	60	khóa	琅玡
10402057	Nhiệm Vụ Trang 7	Đoản binh	70	khóa	任务装7
10402058	Nhiệm Vụ Trang 8	Đoản binh	80	khóa	任务装8
10402059	Nhiệm Vụ Trang 9	Đoản binh	90	khóa	任务装9
10402060	Can Khôn Đỉnh	Đoản binh	22	khóa	干坤鼎
10402061	Thiên Luân Đao	Đoản binh	22	khóa	天轮刀
10402062	Viên Môn Vệ Sĩ Trưởng Kiếm	Đoản binh	1	khóa	辕门卫士长剑
10402063	Linh Châu Trưởng Kiếm	Đoản binh	13	khóa	灵州长剑
10402064	Tung Dương Trảm Mã Kiếm	Đoản binh	18	khóa	嵩阳斩马剑
10402065	Phẫu Tích	Đoản binh	25	khóa	剖析
10402066	Quan Âm Kiếm	Đoản binh	35	khóa	观音剑
10402067	Tàn Nhẫn Lợi Nhận	Đoản binh	53	khóa	残忍利刃
10402068	Bạch Lang Nha	Đoản binh	62	khóa	白狼牙
10402069	Thánh Kiếm Ai Khắc Tư Ca Lý Ba	Đoản binh	70	khóa	圣剑埃克斯卡里巴
10402070	Thất Tinh Hàn Ngọc Kiếm	Đoản binh	87	khóa	七星寒玉剑
10402071	Thư Hùng Hổ Vĩ Trúc Tiết Tiên	Đoản binh	94	khóa	雌雄虎尾竹节鞭
10402072	Thiên Bá Thê Hoàng Kiếm	Đoản binh	98	khóa	天霸凄惶剑
10402073	Võ Thánh	Đoản binh	99	khóa	武圣
10402074	Tần Võ-Thiên Hạ	Đoản binh	75	khóa khi mặc	秦武·天下
10402075	Tần Hồn-Huyết Dạ	Đoản binh	85	khóa khi mặc	秦魂·血夜
10403001	Chiết Liễu Song Kiếm	Song đoản	15	khóa	折柳双剑
10403002	Yến Hầu-Nộ	Song đoản	50	khóa khi mặc	燕侯·怒
10403003	Hạo Linh-Đình Dương	Song đoản	60	khóa khi mặc	皓灵·霆炀
10403004	Xích Luyện-Trưởng Sinh	Song đoản	70	khóa khi mặc	赤炼·长生
10403005	Phượng Vĩ Song Phủ	Song đoản	50	khóa	凤尾双斧
10403006	Yết Dầu Song Chuỳ	Song đoản	60	khóa	轧油双锤
10403007	Tử Kim Song Đao	Song đoản	70	khóa	紫金双刀
10403008	Tinh Nguyệt Song Kiếm	Song đoản	80	khóa	星月双剑
10403009	Cam Lâm Song Kiếm	Song đoản	90	khóa	甘霖双剑
10403010	Tuyền Ky Song Nhận	Song đoản	100	khóa	璇玑双刃
10403011	Thiết Bối Song Đao	Song đoản	10	khóa	铁背双刀
10403012	Lượng Ngân Song Đao	Song đoản	20	khóa	亮银双刀
10403013	Dật Long Song Kiếm	Song đoản	30	khóa	逸龙双剑
10403014	Thất Bảo Song Đao	Song đoản	40	khóa	七宝双刀
10403015	Phượng Vĩ Song Phủ	Song đoản	50	khóa	凤尾双斧
10403016	Yết Dầu Song Chuỳ	Song đoản	60	khóa	轧油双锤
10403017	Tử Kim Song Đao	Song đoản	70	khóa	紫金双刀
10403018	Tinh Nguyệt Song Kiếm	Song đoản	80	khóa	星月双剑
10403019	Cam Lâm Song Kiếm	Song đoản	90	khóa	甘霖双剑
10403020	Tuyền Ky Song Nhận	Song đoản	100	khóa	璇玑双刃
10403021	Thiết Bối Song Đao	Song đoản	10	khóa	铁背双刀
10403022	Lượng Ngân Song Đao	Song đoản	20	khóa	亮银双刀
10403023	Dật Long Song Kiếm	Song đoản	30	khóa	逸龙双剑
10403024	Thất Bảo Song Đao	Song đoản	40	khóa	七宝双刀
10403025	Phượng Vĩ Song Phủ	Song đoản	50	khóa	凤尾双斧
10403026	Yết Dầu Song Chuỳ	Song đoản	60	khóa	轧油双锤
10403027	Tử Kim Song Đao	Song đoản	70	khóa	紫金双刀
10403028	Tinh Nguyệt Song Kiếm	Song đoản	80	khóa	星月双剑
10403029	Cam Lâm Song Kiếm	Song đoản	90	khóa	甘霖双剑
10403030	Tuyền Ky Song Nhận	Song đoản	100	khóa	璇玑双刃
10403031	Thiết Bối Song Đao	Song đoản	10	khóa	铁背双刀
10403032	Lượng Ngân Song Đao	Song đoản	20	khóa	亮银双刀
10403033	Dật Long Song Kiếm	Song đoản	30	khóa	逸龙双剑
10403034	Thất Bảo Song Đao	Song đoản	40	khóa	七宝双刀
10403035	Phượng Vĩ Song Phủ	Song đoản	50	khóa	凤尾双斧
10403036	Yết Dầu Song Chuỳ	Song đoản	60	khóa	轧油双锤
10403037	Tử Kim Song Đao	Song đoản	70	khóa	紫金双刀
10403038	Tinh Nguyệt Song Kiếm	Song đoản	80	khóa	星月双剑
10403039	Cam Lâm Song Kiếm	Song đoản	90	khóa	甘霖双剑
10403040	Tuyền Ky Song Nhận	Song đoản	100	khóa	璇玑双刃
10403041	Thiết Bối Song Đao	Song đoản	10	khóa	铁背双刀
10403042	Lượng Ngân Song Đao	Song đoản	20	khóa	亮银双刀
10403043	Dật Long Song Kiếm	Song đoản	30	khóa	逸龙双剑
10403044	Thất Bảo Song Đao	Song đoản	40	khóa	七宝双刀
10403045	Phượng Vĩ Song Phủ	Song đoản	50	khóa	凤尾双斧
10403046	Yết Dầu Song Chuỳ	Song đoản	60	khóa	轧油双锤
10403047	Tử Kim Song Đao	Song đoản	70	khóa	紫金双刀
10403048	Tinh Nguyệt Song Kiếm	Song đoản	80	khóa	星月双剑
10403049	Cam Lâm Song Kiếm	Song đoản	90	khóa	甘霖双剑
10403050	Nhiệm Vụ Trang 1	Song đoản	10	khóa	任务装1
10403051	Nhiệm Vụ Trang 2	Song đoản	20	khóa	任务装2
10403052	Nhiệm Vụ Trang 3	Song đoản	30	khóa	任务装3
10403053	Nhiệm Vụ Trang 4	Song đoản	40	khóa	任务装4
10403054	Nhiệm Vụ Trang 5	Song đoản	50	khóa	任务装5
10403055	Nhiệm Vụ Trang 6	Song đoản	60	khóa	任务装6
10403056	Sơn Việt Hộ Pháp Song Kiếm	Song đoản	70	khóa	山越护法双剑
10403057	Ly Sương	Song đoản	80	khóa	离霜
10403058	Nhiệm Vụ Trang 9	Song đoản	90	khóa	任务装9
10403059	Thuộc Lũ	Song đoản	100	khóa	属镂
10403060	Khoa Khúc Kiếm	Song đoản	22	khóa khi mặc	夸曲剑
10403061	Khương Gia Tập Song Kiếm	Song đoản	1	khóa	姜家集双剑
10403062	Kim Lũ Kiếm	Song đoản	18	khóa	金缕剑
10403063	Quy Vân Song Kiếm	Song đoản	25	khóa	归云双剑
10403064	Phổ Nhĩ Song Đao	Song đoản	35	khóa	普洱双刀
10403065	Lang Nhân Khiên Dương Kiếm	Song đoản	40	khóa	狼人牵羊剑
10403066	Viên Nguyệt Tử Mẫu Kiếm	Song đoản	55	khóa	圆月子母剑
10403067	Lang Tình Thiếp Ý Kiếm	Song đoản	62	khóa	郎情妾意剑
10403068	Phục Thù Chi Kiếm	Song đoản	80	khóa	复仇之剑
10403069	Hoang Hoả Song Kiếm	Song đoản	90	khóa	荒火双剑
10403070	Tứ Lăng Ngoã Diện Kim Trang Giản	Song đoản	94	khóa	四棱瓦面金装锏
10403071	Đẩu Thần	Song đoản	98	khóa	斗神
10404001	Tam Nguy Chiết Phiến	Quạt	15	khóa	三危折扇
10404002	Yến Hầu-Ngộ	Quạt	50	khóa khi mặc	燕侯·悟
10404003	Hạo Linh-Tiêu Dương	Quạt	60	khóa khi mặc	皓灵·潇炀
10404004	Xích Luyện-Ly Biệt	Quạt	70	khóa khi mặc	赤炼·离别
10404005	Bồ Phiến	Quạt	55	khóa khi mặc	蒲扇
10404006	Cung Phiến	Quạt	55	khóa khi mặc	宫扇
10404007	Bồ Phiến	Quạt	55	khóa khi mặc	蒲扇
10404008	Cung Phiến	Quạt	55	khóa khi mặc	宫扇
10404009	Huyền Thiết Phiến	Quạt	70	khóa khi mặc	玄铁扇
10404010	Ba Tiêu Phiến	Quạt	70	khóa khi mặc	芭蕉扇
10404011	Huyền Thiết Phiến	Quạt	70	khóa khi mặc	玄铁扇
10404012	Ba Tiêu Phiến	Quạt	70	khóa khi mặc	芭蕉扇
10404013	Nhiệm Vụ Trang 3	Quạt	30	khóa	任务装3
10404014	Nhiệm Vụ Trang 4	Quạt	40	khóa	任务装4
10404015	Nhiệm Vụ Trang 5	Quạt	50	khóa	任务装5
10404016	Nhiệm Vụ Trang 6	Quạt	60	khóa	任务装6
10404017	Súc Ngọc	Quạt	70	khóa	漱玉
10404018	Nhiệm Vụ Trang 8	Quạt	80	khóa	任务装8
10404019	Nhiệm Vụ Trang 9	Quạt	90	khóa	任务装9
10404020	Nhiệm Vụ Trang 10	Quạt	100	khóa	任务装10
10404021	Bách Chiết Vũ Phiến	Quạt	10	khóa	百折羽扇
10404022	Giá Cô Vũ Phiến	Quạt	20	khóa	鹧鸪羽扇
10404023	Tử Trúc Vũ Phiến	Quạt	30	khóa	紫竹羽扇
10404024	Ngọc Cương Vũ Phiến	Quạt	40	khóa	玉钢羽扇
10404025	Đào Hoa Vũ Phiến	Quạt	50	khóa	桃花羽扇
10404026	Hoả Liên Vũ Phiến	Quạt	60	khóa	火莲羽扇
10404027	Long Lân Vũ Phiến	Quạt	70	khóa	龙鳞羽扇
10404028	Phượng Tường Vũ Phiến	Quạt	80	khóa	凤翔羽扇
10404029	Cùng Kỳ Vũ Phiến	Quạt	90	khóa	穷奇羽扇
10404030	Lăng Tiêu Vũ Phiến	Quạt	100	khóa	淩霄羽扇
10404031	Nhiệm Vụ Trang 1	Quạt	10	khóa	任务装1
10404032	Nhiệm Vụ Trang 2	Quạt	20	khóa	任务装2
10404033	Nhiệm Vụ Trang 3	Quạt	30	khóa	任务装3
10404034	Nhiệm Vụ Trang 4	Quạt	40	khóa	任务装4
10404035	Nhiệm Vụ Trang 5	Quạt	50	khóa	任务装5
10404036	Nhiệm Vụ Trang 6	Quạt	60	khóa	任务装6
10404037	Súc Ngọc	Quạt	70	khóa	漱玉
10404038	Nhiệm Vụ Trang 8	Quạt	80	khóa	任务装8
10404039	Nhiệm Vụ Trang 9	Quạt	90	khóa	任务装9
10404040	Nhiệm Vụ Trang 10	Quạt	100	khóa	任务装10
10404041	Bách Chiết Vũ Phiến	Quạt	10	khóa	百折羽扇
10404042	Giá Cô Vũ Phiến	Quạt	20	khóa	鹧鸪羽扇
10404043	Tử Trúc Vũ Phiến	Quạt	30	khóa	紫竹羽扇
10404044	Ngọc Cương Vũ Phiến	Quạt	40	khóa	玉钢羽扇
10404045	Đào Hoa Vũ Phiến	Quạt	50	khóa	桃花羽扇
10404046	Hoả Liên Vũ Phiến	Quạt	60	khóa	火莲羽扇
10404047	Long Lân Vũ Phiến	Quạt	70	khóa	龙鳞羽扇
10404048	Phượng Tường Vũ Phiến	Quạt	80	khóa	凤翔羽扇
10404049	Cùng Kỳ Vũ Phiến	Quạt	90	khóa	穷奇羽扇
10404050	Lăng Tiêu Vũ Phiến	Quạt	100	khóa	淩霄羽扇
10404051	Nhiệm Vụ Trang 1	Quạt	10	khóa	任务装1
10404052	Nhiệm Vụ Trang 2	Quạt	20	khóa	任务装2
10404053	Nhiệm Vụ Trang 3	Quạt	30	khóa	任务装3
10404054	Nhiệm Vụ Trang 4	Quạt	40	khóa	任务装4
10404055	Nhiệm Vụ Trang 5	Quạt	50	khóa	任务装5
10404056	Nhiệm Vụ Trang 6	Quạt	60	khóa	任务装6
10404057	Súc Ngọc	Quạt	70	khóa	漱玉
10404058	Nhiệm Vụ Trang 8	Quạt	80	khóa	任务装8
10404059	Nhiệm Vụ Trang 9	Quạt	90	khóa	任务装9
10404060	Thông Cật Phiến	Quạt	22	khóa	通吃扇
10404061	Khương Gia Tập Chiết Phiến	Quạt	1	khóa	姜家集折扇
10404062	Giam Trảm Quan	Quạt	30	khóa	监斩官
10404063	Đại Liêu Quân Phiến	Quạt	51	khóa	大辽军扇
10404064	Điêu Linh Vũ Phiến	Quạt	53	khóa	凋零羽扇
10404065	Bạch Mã Phiến	Quạt	62	khóa	白马扇
10404066	Ẩn Bí Chi Phiến	Quạt	65	khóa	隐秘之扇
10404067	La Bốc Phiến Phiến Tử	Quạt	72	khóa	萝卜片扇子
10404068	Phục Thù Chi Phiến	Quạt	82	khóa	复仇之扇
10404069	Sơn Yêu Chiết Phiến	Quạt	90	khóa	山妖折扇
10404070	Quân Thần	Quạt	98	khóa	军神
10404071	Tần Võ-Quân Sách	Quạt	75	khóa khi mặc	秦武·君策
10404072	Tần Hồn-Tung Hoành	Quạt	85	khóa khi mặc	秦魂·纵横
10405001	Yến Hầu-Hộ	Hoàn	50	khóa khi mặc	燕侯·护
10405002	Hạo Linh-Vân Dương	Hoàn	60	khóa khi mặc	皓灵·云炀
10405003	Xích Luyện-Đa Tình	Hoàn	70	khóa khi mặc	赤炼·多情
10405004	Thê Hà Kỳ Hoàn	Hoàn	40	khóa	栖霞奇环
10405005	Hàn Băng Kỳ Hoàn	Hoàn	50	khóa	寒冰奇环
10405006	Tứ Tượng Kỳ Hoàn	Hoàn	60	khóa	四象奇环
10405007	Thái Cực Kỳ Hoàn	Hoàn	70	khóa	太极奇环
10405008	Cửu Long Kỳ Hoàn	Hoàn	80	khóa	九龙奇环
10405009	Toả Yêu Kỳ Hoàn	Hoàn	90	khóa	锁妖奇环
10405010	Hỗn Nguyên Kỳ Hoàn	Hoàn	100	khóa	混元奇环
10405011	Nhiệm Vụ Trang 1	Hoàn	10	khóa	任务装1
10405012	Tuyệt Trần	Hoàn	20	khóa	绝尘
10405013	Nhiệm Vụ Trang 3	Hoàn	30	khóa	任务装3
10405014	Nhiệm Vụ Trang 4	Hoàn	40	khóa	任务装4
10405015	Nhiệm Vụ Trang 5	Hoàn	50	khóa	任务装5
10405016	Nhiệm Vụ Trang 6	Hoàn	60	khóa	任务装6
10405017	Bích Lạc	Hoàn	70	khóa	碧落
10405018	Nhiệm Vụ Trang 8	Hoàn	80	khóa	任务装8
10405019	Nhiệm Vụ Trang 9	Hoàn	90	khóa	任务装9
10405020	Nhiệm Vụ Trang 10	Hoàn	100	khóa	任务装10
10405021	Thanh Đồng Kỳ Hoàn	Hoàn	10	khóa	青铜奇环
10405022	Bạch Kim Kỳ Hoàn	Hoàn	20	khóa	白金奇环
10405023	Mộc Thạch Kỳ Hoàn	Hoàn	30	khóa	木石奇环
10405024	Thê Hà Kỳ Hoàn	Hoàn	40	khóa	栖霞奇环
10405025	Hàn Băng Kỳ Hoàn	Hoàn	50	khóa	寒冰奇环
10405026	Tứ Tượng Kỳ Hoàn	Hoàn	60	khóa	四象奇环
10405027	Thái Cực Kỳ Hoàn	Hoàn	70	khóa	太极奇环
10405028	Cửu Long Kỳ Hoàn	Hoàn	80	khóa	九龙奇环
10405029	Toả Yêu Kỳ Hoàn	Hoàn	90	khóa	锁妖奇环
10405030	Hỗn Nguyên Kỳ Hoàn	Hoàn	100	khóa	混元奇环
10405031	Nhiệm Vụ Trang 1	Hoàn	10	khóa	任务装1
10405032	Tuyệt Trần	Hoàn	20	khóa	绝尘
10405033	Nhiệm Vụ Trang 3	Hoàn	30	khóa	任务装3
10405034	Nhiệm Vụ Trang 4	Hoàn	40	khóa	任务装4
10405035	Nhiệm Vụ Trang 5	Hoàn	50	khóa	任务装5
10405036	Nhiệm Vụ Trang 6	Hoàn	60	khóa	任务装6
10405037	Bích Lạc	Hoàn	70	khóa	碧落
10405038	Nhiệm Vụ Trang 8	Hoàn	80	khóa	任务装8
10405039	Nhiệm Vụ Trang 9	Hoàn	90	khóa	任务装9
10405040	Nhiệm Vụ Trang 10	Hoàn	100	khóa	任务装10
10405041	Thanh Đồng Kỳ Hoàn	Hoàn	10	khóa	青铜奇环
10405042	Bạch Kim Kỳ Hoàn	Hoàn	20	khóa	白金奇环
10405043	Mộc Thạch Kỳ Hoàn	Hoàn	30	khóa	木石奇环
10405044	Thê Hà Kỳ Hoàn	Hoàn	40	khóa	栖霞奇环
10405045	Hàn Băng Kỳ Hoàn	Hoàn	50	khóa	寒冰奇环
10405046	Tứ Tượng Kỳ Hoàn	Hoàn	60	khóa	四象奇环
10405047	Thái Cực Kỳ Hoàn	Hoàn	70	khóa	太极奇环
10405048	Cửu Long Kỳ Hoàn	Hoàn	80	khóa	九龙奇环
10405049	Toả Yêu Kỳ Hoàn	Hoàn	90	khóa	锁妖奇环
10405050	Hỗn Nguyên Kỳ Hoàn	Hoàn	100	khóa	混元奇环
10405051	Nhiệm Vụ Trang 1	Hoàn	10	khóa	任务装1
10405052	Tuyệt Trần	Hoàn	20	khóa	绝尘
10405053	Nhiệm Vụ Trang 3	Hoàn	30	khóa	任务装3
10405054	Nhiệm Vụ Trang 4	Hoàn	40	khóa	任务装4
10405055	Nhiệm Vụ Trang 5	Hoàn	50	khóa	任务装5
10405056	Nhiệm Vụ Trang 6	Hoàn	60	khóa	任务装6
10405057	Bích Lạc	Hoàn	70	khóa	碧落
10405058	Nhiệm Vụ Trang 8	Hoàn	80	khóa	任务装8
10405059	Nhiệm Vụ Trang 9	Hoàn	90	khóa	任务装9
10405060	Âm Dương Nhận	Song đoản	22	khóa	阴阳刃
10405061	Khương Gia Tập Song Hoàn	Hoàn	1	khóa	姜家集双环
10405062	Quy Vân Song Hoàn	Hoàn	25	khóa	归云双环
10405063	Ô Long Hoàn	Hoàn	35	khóa	乌龙环
10405064	Thiết Trảo Song Hoàn	Hoàn	45	khóa	铁爪双环
10405065	Tuyệt Tình Hoàn	Hoàn	53	khóa	绝情环
10405066	Đa Tình Hoàn	Hoàn	72	khóa	多情环
10405067	Tinh Chế Huyền Thiết Song Hoàn	Hoàn	78	khóa	精制玄铁双环
10405068	Kích Hồng Song Hoàn	Hoàn	90	khóa	激洪双环
10405069	Thiên Tương	Hoàn	99	khóa	天将
10405070	Tần Võ-Toái Nguyệt	Hoàn	75	khóa khi mặc	秦武·碎月
10405071	Tần Hồn-Ly Hận	Hoàn	85	khóa khi mặc	秦魂·骊恨
10406001	Gia Truyền Trưởng Nỗ	Nỏ	1	khóa	家传长弩
10406002	Yến Hầu-Phú	Nỏ	50	khóa khi mặc	燕侯·赋
10406003	Hạo Linh-Thanh Dương	Nỏ	60	khóa khi mặc	皓灵·清炀
10406004	Xích Luyện-Vô Trú	Nỏ	70	khóa khi mặc	赤炼·无昼
10406005	Tần Võ-Sở Ca	Nỏ	75	khóa khi mặc	秦武·楚歌
10406006	Tần Hồn-Phiên Vũ	Nỏ	85	khóa khi mặc	秦魂·翻羽
10406007	Thiên Phật Kình Nỗ	Nỏ	15	khóa	千佛劲弩
10406008	Quy Vân Nỗ	Nỏ	25	khóa	归云弩
10406009	Cẩm Y Vệ Nỗ	Nỏ	30	khóa	锦衣卫弩
10406010	Lang Nhân Thám Bảo Nỗ	Nỏ	40	khóa	狼人探宝弩
10406011	Đại Liêu Tiêm Nỗ	Nỏ	51	khóa	大辽尖弩
10406012	La Bốc Hoa Nỗ	Nỏ	72	khóa	萝卜花弩
10406013	Phục Thù Chi Nỗ	Nỏ	82	khóa	复仇之弩
10406014	Liệt Không Linh Nỗ	Nỏ	90	khóa	裂空灵弩
10406015	Băng Thiên Lạc Nhật Nỗ	Nỏ	98	khóa	崩天落日弩
10406016	Hoàng Dương Nỗ	Nỏ	62	khóa	黄羊弩
10407001	Gia Truyền Trưởng Trượng	Trượng	1	khóa	家传长杖
10407002	Yến Hầu-Dung	Trượng	50	khóa khi mặc	燕侯·融
10407003	Hạo Linh-Huyền Phong	Trượng	60	khóa khi mặc	皓灵·玄风
10407004	Xích Luyện-Linh Hư	Trượng	70	khóa khi mặc	赤炼·灵虚
10407005	Tần Võ-Vô Vị	Trượng	75	khóa khi mặc	秦武·无为
10407006	Tần Hồn-Tự Nhiên	Trượng	85	khóa khi mặc	秦魂·自然
10407007	Thiên Phật Kình Trượng	Trượng	15	khóa	千佛劲杖
10407008	Quy Vân Trượng	Trượng	25	khóa	归云杖
10407009	Cẩm Y Vệ Trượng	Trượng	30	khóa	锦衣卫杖
10407010	Lang Nhân Khai Sơn Trượng	Trượng	40	khóa	狼人开山杖
10407011	Đại Liêu Cương Trượng	Trượng	51	khóa	大辽钢杖
10407012	La Bốc Hoa Trượng	Trượng	72	khóa	萝卜花杖
10407013	Phục Thù Chi Trượng	Trượng	82	khóa	复仇之杖
10407014	Âm Dương Huyễn Trượng	Trượng	90	khóa	阴阳幻杖
10407015	Nữ Oa Trượng	Trượng	98	khóa	女娲杖
10407016	Mục Dương Trượng	Trượng	62	khóa	牧羊杖
10410001	Yến Hầu Tôn Quan	Mũ	50	khóa	燕侯尊冠
10410002	Hạo Linh Hoang Đỉnh	Mũ	60	khóa	皓灵荒顶
10410003	Xích Luyện Quan	Mũ	70	khóa	赤炼冠
10410004	Thỏ Nhĩ Đoá	Mũ	30	khóa khi mặc	兔耳朵
10410005	Thỏ Nhĩ Đoá	Mũ	40	khóa khi mặc	兔耳朵
10410006	Thỏ Nhĩ Đoá	Mũ	50	khóa khi mặc	兔耳朵
10410007	Thỏ Nhĩ Đoá	Mũ	60	khóa khi mặc	兔耳朵
10410008	Thỏ Nhĩ Đoá	Mũ	70	khóa khi mặc	兔耳朵
10410009	Thỏ Nhĩ Đoá	Mũ	80	khóa khi mặc	兔耳朵
10410010	Thỏ Nhĩ Đoá	Mũ	90	khóa khi mặc	兔耳朵
10410011	Thỏ Nhĩ Đoá	Mũ	100	khóa khi mặc	兔耳朵
10410012	Thỏ Nhĩ Đoá	Mũ	30	khóa khi mặc	兔耳朵
10410013	Thỏ Nhĩ Đoá	Mũ	40	khóa khi mặc	兔耳朵
10410014	Thỏ Nhĩ Đoá	Mũ	50	khóa khi mặc	兔耳朵
10410015	Thỏ Nhĩ Đoá	Mũ	60	khóa khi mặc	兔耳朵
10410016	Thỏ Nhĩ Đoá	Mũ	70	khóa khi mặc	兔耳朵
10410017	Thỏ Nhĩ Đoá	Mũ	80	khóa khi mặc	兔耳朵
10410018	Thỏ Nhĩ Đoá	Mũ	90	khóa khi mặc	兔耳朵
10410019	Thỏ Nhĩ Đoá	Mũ	100	khóa khi mặc	兔耳朵
10410020	Thỏ Nhĩ Đoá	Mũ	30	khóa khi mặc	兔耳朵
10410021	Thỏ Nhĩ Đoá	Mũ	40	khóa khi mặc	兔耳朵
10410022	Thỏ Nhĩ Đoá	Mũ	50	khóa khi mặc	兔耳朵
10410023	Thỏ Nhĩ Đoá	Mũ	60	khóa khi mặc	兔耳朵
10410024	Thỏ Nhĩ Đoá	Mũ	70	khóa khi mặc	兔耳朵
10410025	Thỏ Nhĩ Đoá	Mũ	80	khóa khi mặc	兔耳朵
10410026	Thỏ Nhĩ Đoá	Mũ	90	khóa khi mặc	兔耳朵
10410027	Thỏ Nhĩ Đoá	Mũ	100	khóa khi mặc	兔耳朵
10410028	Thỏ Nhĩ Đoá	Mũ	30	khóa khi mặc	兔耳朵
10410029	Thỏ Nhĩ Đoá	Mũ	40	khóa khi mặc	兔耳朵
10410030	Thỏ Nhĩ Đoá	Mũ	50	khóa khi mặc	兔耳朵
10410031	Thỏ Nhĩ Đoá	Mũ	60	khóa khi mặc	兔耳朵
10410032	Thỏ Nhĩ Đoá	Mũ	70	khóa khi mặc	兔耳朵
10410033	Thỏ Nhĩ Đoá	Mũ	80	khóa khi mặc	兔耳朵
10410034	Thỏ Nhĩ Đoá	Mũ	90	khóa khi mặc	兔耳朵
10410035	Thỏ Nhĩ Đoá	Mũ	100	khóa khi mặc	兔耳朵
10410036	Tán Tinh Mạo	Mũ	32	khóa	散晶帽
10410037	Địa Hoàng Quan	Mũ	42	khóa	地皇冠
10410038	Vân La Chiến Khôi	Mũ	52	khóa	云罗战盔
10410039	Kinh Vân Chiến Khôi	Mũ	62	khóa	惊云战盔
10410040	Thiên Hiên Bảo Cân	Mũ	72	khóa	天轩宝巾
10410041	Can Chi Thiên Quan	Mũ	82	khóa	干支天冠
10410042	Ma Thánh Bảo Khôi	Mũ	92	khóa	魔圣宝盔
10410043	Linh Động Mạo	Mũ	12	khóa	灵动帽
10410044	Bình Ngân Mạo	Mũ	22	khóa	屏银帽
10410045	Thần Uy Mạo	Mũ	32	khóa	神威帽
10410046	Thuý Vũ Quan	Mũ	42	khóa	翠羽冠
10410047	Ngự Tứ Tinh Phưởng Mạo	Mũ	1	khóa	御赐精纺帽
10410048	Bất Diệt Quan	Mũ	62	khóa	不灭冠
10410049	Long Tình Mạo	Mũ	72	khóa	龙睛帽
10410050	Niết Bàn Thiên Quan	Mũ	82	khóa	涅磐天冠
10410051	Thiên Tôn Ma Cân	Mũ	92	khóa	天尊魔巾
10410052	Tinh Phưởng Mạo	Mũ	1	khóa	精纺帽
10410053	Cẩm Bạch Mạo	Mũ	2	khóa	锦帛帽
10410054	Tị Tà Mạo	Mũ	12	khóa	避邪帽
10410055	Nhuyễn Vị Mạo	Mũ	22	khóa	软猬帽
10410056	Tán Tinh Mạo	Mũ	32	khóa	散晶帽
10410057	Địa Hoàng Quan	Mũ	42	khóa	地皇冠
10410058	Vân La Chiến Khôi	Mũ	52	khóa	云罗战盔
10410059	Kinh Vân Chiến Khôi	Mũ	62	khóa	惊云战盔
10410060	Ngọc Bích Chi Ảnh	Mũ	3	khóa	玉璧之影
10410061	Chư Cát Cân	Mũ	9	khóa	诸葛巾
10410062	Lý Lăng Bi	Mũ	13	khóa	李陵碑
10410063	Thời Chi Sa	Mũ	20	khóa	时之纱
10410064	Quỷ Lỗi Mạo	Mũ	23	khóa	傀儡帽
10410065	Thái Dược Nhân Đích Đẩu Lạp	Mũ	25	khóa	采药人的斗笠
10410066	Truy Tung Giả Đầu Khôi	Mũ	32	khóa	追踪者头盔
10410067	Thông Thiên Xung Vân Quan	Mũ	38	khóa	通天冲云冠
10410068	Thất Bảo Dạ Minh Khôi	Mũ	48	khóa	七宝夜明盔
10410069	Thương Tinh Diện Giáp	Mũ	53	khóa	商星面甲
10410070	Thạch Phượng Hoàng Chi Quan	Mũ	55	khóa	石凤凰之冠
10410071	Thanh Ngưu Quan	Mũ	62	khóa	青牛冠
10410072	Khuy Tứ Chi Nhãn	Mũ	65	khóa	窥伺之眼
10410073	Lôi Thần Chi Khôi	Mũ	70	khóa	雷神之盔
10410074	Long Thắng Đích Phi Huyết Đầu Quan	Mũ	80	khóa	龙胜的飞血头冠
10410075	Nam Hải Kiếm Phái Kiếm Đạo Mạo	Mũ	80	khóa	南海剑派剑道帽
10410076	Thủ Hộ Giả Đích Ý Chí	Mũ	82	khóa	守护者的意志
10410077	Tàn Khuyết Đích Phượng Hoàng Linh	Mũ	84	khóa	残缺的凤凰翎
10410078	Nữ Chân Thủ Lãnh Vương Quan	Mũ	90	khóa	女真首领王冠
10410079	Thân Hình Vô Ảnh	Mũ	92	khóa	身形无影
10410080	Hắc Miêu Đầu Sức	Mũ	96	khóa	黑苗头饰
10410081	Bình Thiên Quan	Mũ	98	khóa	平天冠
10410082	Tiểu Bạch Thỏ Nhĩ Đoá	Mũ	30	khóa khi mặc	小白兔耳朵
10410083	Tiểu Bạch Thỏ Nhĩ Đoá	Mũ	40	khóa khi mặc	小白兔耳朵
10410084	Tiểu Bạch Thỏ Nhĩ Đoá	Mũ	50	khóa khi mặc	小白兔耳朵
10410085	Tiểu Bạch Thỏ Nhĩ Đoá	Mũ	60	khóa khi mặc	小白兔耳朵
10410086	Tiểu Bạch Thỏ Nhĩ Đoá	Mũ	70	khóa khi mặc	小白兔耳朵
10410087	Tiểu Bạch Thỏ Nhĩ Đoá	Mũ	80	khóa khi mặc	小白兔耳朵
10410088	Tiểu Bạch Thỏ Nhĩ Đoá	Mũ	90	khóa khi mặc	小白兔耳朵
10410089	Tiểu Bạch Thỏ Nhĩ Đoá	Mũ	100	khóa khi mặc	小白兔耳朵
10410090	Tiểu Bạch Thỏ Nhĩ Đoá	Mũ	30	khóa khi mặc	小白兔耳朵
10410091	Tiểu Bạch Thỏ Nhĩ Đoá	Mũ	40	khóa khi mặc	小白兔耳朵
10410092	Tiểu Bạch Thỏ Nhĩ Đoá	Mũ	50	khóa khi mặc	小白兔耳朵
10410093	Tiểu Bạch Thỏ Nhĩ Đoá	Mũ	60	khóa khi mặc	小白兔耳朵
10410094	Tiểu Bạch Thỏ Nhĩ Đoá	Mũ	70	khóa khi mặc	小白兔耳朵
10410095	Tiểu Bạch Thỏ Nhĩ Đoá	Mũ	80	khóa khi mặc	小白兔耳朵
10410096	Tiểu Bạch Thỏ Nhĩ Đoá	Mũ	90	khóa khi mặc	小白兔耳朵
10410097	Tiểu Bạch Thỏ Nhĩ Đoá	Mũ	100	khóa khi mặc	小白兔耳朵
10410098	Hoan Lạc Thánh Đản Mạo	Mũ	1	khóa khi mặc	欢乐圣诞帽
10410099	Hoan Lạc Thánh Đản Mạo	Mũ	10	khóa khi mặc	欢乐圣诞帽
10410100	Hoan Lạc Thánh Đản Mạo	Mũ	20	khóa khi mặc	欢乐圣诞帽
10410101	Hoan Lạc Thánh Đản Mạo	Mũ	30	khóa khi mặc	欢乐圣诞帽
10410102	Hoan Lạc Thánh Đản Mạo	Mũ	40	khóa khi mặc	欢乐圣诞帽
10410103	Hoan Lạc Thánh Đản Mạo	Mũ	50	khóa khi mặc	欢乐圣诞帽
10410104	Hoan Lạc Thánh Đản Mạo	Mũ	60	khóa khi mặc	欢乐圣诞帽
10410105	Hoan Lạc Thánh Đản Mạo	Mũ	70	khóa khi mặc	欢乐圣诞帽
10410106	Hoan Lạc Thánh Đản Mạo	Mũ	80	khóa khi mặc	欢乐圣诞帽
10410107	Hoan Lạc Thánh Đản Mạo	Mũ	90	khóa khi mặc	欢乐圣诞帽
10410108	Hạnh Phúc Thánh Đản Mạo	Mũ	1	giao dịch được	幸福圣诞帽
10410109	Hạnh Phúc Thánh Đản Mạo	Mũ	10	giao dịch được	幸福圣诞帽
10410110	Hạnh Phúc Thánh Đản Mạo	Mũ	20	giao dịch được	幸福圣诞帽
10410111	Hạnh Phúc Thánh Đản Mạo	Mũ	30	giao dịch được	幸福圣诞帽
10410112	Hạnh Phúc Thánh Đản Mạo	Mũ	40	giao dịch được	幸福圣诞帽
10410113	Hạnh Phúc Thánh Đản Mạo	Mũ	50	giao dịch được	幸福圣诞帽
10410114	Hạnh Phúc Thánh Đản Mạo	Mũ	60	giao dịch được	幸福圣诞帽
10410115	Hạnh Phúc Thánh Đản Mạo	Mũ	70	giao dịch được	幸福圣诞帽
10410116	Hạnh Phúc Thánh Đản Mạo	Mũ	80	giao dịch được	幸福圣诞帽
10410117	Hạnh Phúc Thánh Đản Mạo	Mũ	90	giao dịch được	幸福圣诞帽
10410118	Hoan Lạc Thánh Đản Mạo	Mũ	1	khóa	欢乐圣诞帽
10410119	Hoan Lạc Thánh Đản Mạo	Mũ	12	khóa	欢乐圣诞帽
10410120	Hoan Lạc Thánh Đản Mạo	Mũ	22	khóa	欢乐圣诞帽
10410121	Hoan Lạc Thánh Đản Mạo	Mũ	32	khóa	欢乐圣诞帽
10410122	Hoan Lạc Thánh Đản Mạo	Mũ	42	khóa	欢乐圣诞帽
10410123	Hoan Lạc Thánh Đản Mạo	Mũ	52	khóa	欢乐圣诞帽
10410124	Hoan Lạc Thánh Đản Mạo	Mũ	62	khóa	欢乐圣诞帽
10410125	Hoan Lạc Thánh Đản Mạo	Mũ	72	khóa	欢乐圣诞帽
10410126	Hoan Lạc Thánh Đản Mạo	Mũ	82	khóa	欢乐圣诞帽
10410127	Hoan Lạc Thánh Đản Mạo	Mũ	92	khóa	欢乐圣诞帽
10411001	Ngự Tứ Thục Đồng Ngoa	Giày	18	khóa	御赐熟铜靴
10411002	Ngự Tứ Tinh Cương Ngoa	Giày	30	khóa	御赐精钢靴
10411003	Ngự Tứ Hoàng Kim Chiến Ngoa	Giày	40	khóa	御赐黄金战靴
10411004	Ngự Tứ Hỗn Độn Hộ Hĩnh	Giày	50	khóa	御赐混沌护胫
10411005	Ngự Tứ Phi Hổ Hĩnh Giáp	Giày	60	khóa	御赐飞虎胫甲
10411006	Ngự Tứ Thiên Uy Hộ Hĩnh Giáp	Giày	70	khóa	御赐天威护胫甲
10411007	Ngự Tứ Tằm Ti Ngoa	Giày	18	khóa	御赐蚕丝靴
10411008	Ngự Tứ Lăng La Ngoa	Giày	30	khóa	御赐绫罗靴
10411009	Ngự Tứ Thục Cẩm Trưởng Ngoa	Giày	40	khóa	御赐蜀锦长靴
10411010	Ngự Tứ Huyền Minh Triều Ngoa	Giày	50	khóa	御赐玄冥朝靴
10411011	Ngự Tứ Đằng Long Trưởng Ngoa	Giày	60	khóa	御赐腾龙长靴
10411012	Ngự Tứ Thiên Cơ Chiến Ngoa	Giày	70	khóa	御赐天机战靴
10411013	Thái Niểu Hài	Giày	15	khóa	蔡袅鞋
10411014	Ngự Tứ Nam Cơ Chiến Ngoa	Giày	80	khóa	御赐南箕战靴
10411015	Ngự Tứ Bắc Đẩu Hộ Hĩnh Giáp	Giày	80	khóa	御赐北斗护胫甲
10411016	Ngự Tứ Vương Sư Chiến Ngoa	Giày	90	khóa	御赐王师战靴
10411017	Ngự Tứ Bá Chủ Hộ Hĩnh Giáp	Giày	90	khóa	御赐霸主护胫甲
10411018	Kinh Vân Chiến Ngoa	Giày	64	khóa	惊云战靴
10411019	Thiên Hiên Bảo Ngoa	Giày	74	khóa	天轩宝靴
10411020	Can Chi Thiên Ngoa	Giày	84	khóa	干支天靴
10411021	Ma Thánh Lược Ảnh	Giày	94	khóa	魔圣掠影
10411022	Tinh Phưởng Hài	Giày	4	khóa	精纺鞋
10411023	Linh Động Hài	Giày	14	khóa	灵动鞋
10411024	Bình Ngân Hài	Giày	24	khóa	屏银鞋
10411025	Thần Uy Hài	Giày	34	khóa	神威鞋
10411026	Thuý Vũ Hài	Giày	44	khóa	翠羽鞋
10411027	Cửu Châu Hài	Giày	54	khóa	九州鞋
10411028	Bất Diệt Hài	Giày	64	khóa	不灭鞋
10411029	Long Tình Hài	Giày	74	khóa	龙睛鞋
10411030	Niết Bàn Thiên Ngoa	Giày	84	khóa	涅磐天靴
10411031	Thiên Tôn Ma Hài	Giày	1	khóa	天尊魔鞋
10411032	Cẩm Bạch Hài	Giày	4	khóa	锦帛鞋
10411033	Tị Tà Hài	Giày	14	khóa	避邪鞋
10411034	Nhuyễn Vị Ngoa	Giày	24	khóa	软猬靴
10411035	Tán Tinh Ngoa	Giày	34	khóa	散晶靴
10411036	Địa Hoàng Ngoa	Giày	44	khóa	地皇靴
10411037	Vân La Chiến Ngoa	Giày	54	khóa	云罗战靴
10411038	Kinh Vân Chiến Ngoa	Giày	64	khóa	惊云战靴
10411039	Thiên Hiên Bảo Ngoa	Giày	74	khóa	天轩宝靴
10411040	Can Chi Thiên Ngoa	Giày	84	khóa	干支天靴
10411041	Ma Thánh Lược Ảnh	Giày	94	khóa	魔圣掠影
10411042	Tinh Phưởng Hài	Giày	4	khóa	精纺鞋
10411043	Linh Động Hài	Giày	14	khóa	灵动鞋
10411044	Bình Ngân Hài	Giày	24	khóa	屏银鞋
10411045	Thần Uy Hài	Giày	34	khóa	神威鞋
10411046	Thiên Tôn Ma Hài	Giày	94	khóa	天尊魔鞋
10411047	Ngự Tứ Tinh Phưởng Hài	Giày	1	khóa	御赐精纺鞋
10411048	Cẩm Bạch Hài	Giày	4	khóa	锦帛鞋
10411049	Tị Tà Hài	Giày	14	khóa	避邪鞋
10411050	Cẩm Bạch Hài	Giày	4	khóa	锦帛鞋
10411051	Tị Tà Hài	Giày	14	khóa	避邪鞋
10411052	Nhuyễn Vị Ngoa	Giày	24	khóa	软猬靴
10411053	Tán Tinh Ngoa	Giày	34	khóa	散晶靴
10411054	Địa Hoàng Ngoa	Giày	44	khóa	地皇靴
10411055	Vân La Chiến Ngoa	Giày	54	khóa	云罗战靴
10411056	Kinh Vân Chiến Ngoa	Giày	64	khóa	惊云战靴
10411057	Thiên Hiên Bảo Ngoa	Giày	74	khóa	天轩宝靴
10411058	Can Chi Thiên Ngoa	Giày	84	khóa	干支天靴
10411059	Ma Thánh Lược Ảnh	Giày	94	khóa	魔圣掠影
10411060	Ngự Phong Ngoa	Giày	20	khóa	驭风靴
10411061	Hạo Thiên Ngoa	Giày	20	khóa	昊天靴
10411062	Thuấn Lôi Ngoa	Giày	20	khóa	瞬雷靴
10411063	Trục Nhật Ngoa	Giày	20	khóa	逐日靴
10411064	Dật Ảnh Ngoa	Giày	20	khóa	逸影靴
10411065	Sùng Hoan Ngoa	Giày	20	khóa	崇欢靴
10411066	Chu Ti Chi Ngoa	Giày	7	khóa	蛛丝之靴
10411067	Túc Hạ	Giày	8	khóa	足下
10411068	Kim Sa Than	Giày	13	khóa	金沙滩
10411069	Thiên Chi Đạo	Giày	20	khóa	天之道
10411070	Quỷ Lỗi Ngoa	Giày	23	khóa	傀儡靴
10411071	Bất Triêm Nê Đích Ngoa Tử	Giày	25	khóa	不沾泥的靴子
10411072	Tần Gia Trại Toả Liên Ngoa	Giày	35	khóa	秦家寨锁链靴
10411073	Thông Thiên Bộ Vân Ngoa	Giày	38	khóa	通天步云靴
10411074	Nhất Sinh Đích Túc Tích	Giày	43	khóa	一生的足迹
10411075	Đại Liêu Mã Ngoa	Giày	51	khóa	大辽马靴
10411076	Đằng Giáp Trưởng Ngoa	Giày	50	khóa	藤甲长靴
10411077	Chức Võng Chi Ngoa	Giày	53	khóa	织网之靴
10411078	Hạnh Phúc Chi Lộ	Giày	62	khóa	幸福之路
10411079	Mật Lâm Chi Ngoa	Giày	67	khóa	密林之靴
10411080	Tiêu Dao Du	Giày	72	khóa	逍遥游
10411081	Khu Trục Giả Chi Ngoa	Giày	75	khóa	驱逐者之靴
10411082	Nam Hải Kiếm Phái Kiếm Đạo Ngoa	Giày	80	khóa	南海剑派剑道靴
10411083	Cổ Đằng Hĩnh Giáp	Giày	87	khóa	古藤胫甲
10411084	Vô Tích Chi Ngoa	Giày	90	khóa	无迹之靴
10411085	Đạp Tuyết Vô Ngân	Giày	92	khóa	踏雪无痕
10411086	Hàn Ngọc Ngoa	Giày	98	khóa	寒玉靴
10411087	Vô Ưu Lý	Giày	98	khóa	无忧履
10412001	Ngự Tứ Thục Đồng Thủ Giáp	Bao tay	18	khóa	御赐熟铜手甲
10412002	Ngự Tứ Tinh Cương Thủ Giáp	Bao tay	30	khóa	御赐精钢手甲
10412003	Ngự Tứ Hoàng Kim Thủ Giáp	Bao tay	40	khóa	御赐黄金手甲
10412004	Ngự Tứ Hỗn Độn Hộ Thủ	Bao tay	50	khóa	御赐混沌护手
10412005	Ngự Tứ Phi Hổ Thủ Giáp	Bao tay	60	khóa	御赐飞虎手甲
10412006	Ngự Tứ Thiên Uy Hộ Thủ Giáp	Bao tay	70	khóa	御赐天威护手甲
10412007	Ngự Tứ Tằm Ti Thủ Sáo	Bao tay	18	khóa	御赐蚕丝手套
10412008	Ngự Tứ Lăng La Thủ Sáo	Bao tay	30	khóa	御赐绫罗手套
10412009	Ngự Tứ Thục Cẩm Thủ Sáo	Bao tay	40	khóa	御赐蜀锦手套
10412010	Ngự Tứ Huyền Minh Khoả Thủ	Bao tay	50	khóa	御赐玄冥裹手
10412011	Ngự Tứ Đằng Long Thủ Sáo	Bao tay	60	khóa	御赐腾龙手套
10412012	Ngự Tứ Thiên Cơ Khoả Thủ	Bao tay	70	khóa	御赐天机裹手
10412013	Thái Niểu Thủ Sáo	Bao tay	15	khóa	蔡袅手套
10412014	Tung Dương Tinh Cương Thủ Giáp	Bao tay	18	khóa	嵩阳精钢手甲
10412015	Tung Dương Bì Chất Hộ Thủ	Bao tay	18	khóa	嵩阳皮质护手
10412016	Tung Dương Nhu Ti Thủ Sáo	Bao tay	18	khóa	嵩阳柔丝手套
10412017	Ngự Tứ Nam Cơ Khoả Thủ	Bao tay	80	khóa	御赐南箕裹手
10412018	Ngự Tứ Bắc Đẩu Hộ Thủ Giáp	Bao tay	80	khóa	御赐北斗护手甲
10412019	Ngự Tứ Vương Sư Khoả Thủ	Bao tay	90	khóa	御赐王师裹手
10412020	Ngự Tứ Bá Chủ Hộ Thủ Giáp	Bao tay	90	khóa	御赐霸主护手甲
10412021	Tinh Phưởng Hộ Thủ Sáo	Bao tay	6	khóa	精纺护手套
10412022	Linh Động Hộ Thủ Sáo	Bao tay	16	khóa	灵动护手套
10412023	Bình Ngân Hộ Thủ Sáo	Bao tay	26	khóa	屏银护手套
10412024	Thần Uy Hộ Thủ Sáo	Bao tay	36	khóa	神威护手套
10412025	Thuý Vũ Hộ Thủ Sáo	Bao tay	46	khóa	翠羽护手套
10412026	Cửu Châu Hộ Thủ Sáo	Bao tay	56	khóa	九州护手套
10412027	Bất Diệt Hộ Thủ Sáo	Bao tay	66	khóa	不灭护手套
10412028	Long Tình Hộ Thủ Sáo	Bao tay	76	khóa	龙睛护手套
10412029	Niết Bàn Thiên Thủ Sáo	Bao tay	86	khóa	涅磐天手套
10412030	Thiên Tôn Ma Thủ Sáo	Bao tay	96	khóa	天尊魔手套
10412031	Tinh Phưởng Hộ Thủ Sáo	Bao tay	6	khóa	精纺护手套
10412032	Linh Động Hộ Thủ Sáo	Bao tay	16	khóa	灵动护手套
10412033	Bình Ngân Hộ Thủ Sáo	Bao tay	26	khóa	屏银护手套
10412034	Thần Uy Hộ Thủ Sáo	Bao tay	36	khóa	神威护手套
10412035	Thuý Vũ Hộ Thủ Sáo	Bao tay	46	khóa	翠羽护手套
10412036	Cửu Châu Hộ Thủ Sáo	Bao tay	56	khóa	九州护手套
10412037	Bất Diệt Hộ Thủ Sáo	Bao tay	66	khóa	不灭护手套
10412038	Long Tình Hộ Thủ Sáo	Bao tay	76	khóa	龙睛护手套
10412039	Niết Bàn Thiên Thủ Sáo	Bao tay	86	khóa	涅磐天手套
10412040	Thiên Tôn Ma Thủ Sáo	Bao tay	96	khóa	天尊魔手套
10412041	Tinh Phưởng Hộ Thủ Sáo	Bao tay	6	khóa	精纺护手套
10412042	Linh Động Hộ Thủ Sáo	Bao tay	16	khóa	灵动护手套
10412043	Bình Ngân Hộ Thủ Sáo	Bao tay	26	khóa	屏银护手套
10412044	Thần Uy Hộ Thủ Sáo	Bao tay	36	khóa	神威护手套
10412045	Thuý Vũ Hộ Thủ Sáo	Bao tay	46	khóa	翠羽护手套
10412046	Cửu Châu Hộ Thủ Sáo	Bao tay	56	khóa	九州护手套
10412047	Ngự Tứ Tinh Phưởng Hộ Thủ	Bao tay	1	khóa	御赐精纺护手
10412048	Niết Bàn Thiên Thủ Sáo	Bao tay	86	khóa	涅磐天手套
10412049	Thiên Tôn Ma Thủ Sáo	Bao tay	96	khóa	天尊魔手套
10412050	Cẩm Bạch Thủ Sáo	Bao tay	6	khóa	锦帛手套
10412051	Tị Tà Trảo	Bao tay	16	khóa	避邪爪
10412052	Nhuyễn Vị Chưởng	Bao tay	26	khóa	软猬掌
10412053	Tán Tinh Thủ Sáo	Bao tay	36	khóa	散晶手套
10412054	Địa Hoàng Trảo	Bao tay	46	khóa	地皇爪
10412055	Vân La Chiến Thủ Sáo	Bao tay	56	khóa	云罗战手套
10412056	Kinh Vân Chiến Thủ	Bao tay	66	khóa	惊云战手
10412057	Thiên Hiên Bảo Trảo	Bao tay	76	khóa	天轩宝爪
10412058	Can Chi Thiên Chưởng	Bao tay	86	khóa	干支天掌
10412059	Ma Thánh Ảnh Triền	Bao tay	96	khóa	魔圣影缠
10412060	Vô Lượng Hộ Thủ	Bao tay	9	khóa	无量护手
10412061	Miên Sơn	Bao tay	8	khóa	绵山
10412062	Linh Châu Hộ Thủ	Bao tay	13	khóa	灵州护手
10412063	Thương Thống Đích Phủ Mò	Bao tay	25	khóa	伤痛的抚摸
10412064	Thái Dược Nhân Đích Thủ Sáo	Bao tay	25	khóa	采药人的手套
10412065	Cung Đình Ngự Tứ Hộ Thủ	Bao tay	35	khóa	宫廷御赐护手
10412066	Lôi Hoán Tinh Chế Thủ Giáp	Bao tay	38	khóa	雷焕精制手甲
10412067	Nhất Sinh Đích Chưởng Ác	Bao tay	43	khóa	一生的掌握
10412068	Thiết Trảo Hộ Thủ	Bao tay	45	khóa	铁爪护手
10412069	Đằng Giáp Hộ Thủ	Bao tay	50	khóa	藤甲护手
10412070	Thạch Phượng Hoàng Chi Dực	Bao tay	55	khóa	石凤凰之翼
10412071	Tự Do Chi Ác	Bao tay	62	khóa	自由之握
10412072	Sơn Việt Tế Ti Thủ Sáo Giáp	Bao tay	70	khóa	山越祭司手套甲
10412073	Kinh Luân Thủ	Bao tay	72	khóa	经纶手
10412074	Khu Trục Giả Hộ Thủ	Bao tay	75	khóa	驱逐者护手
10412075	Cổ Đằng Thủ Sáo Giáp	Bao tay	87	khóa	古藤手套甲
10412076	Nhân Tham Oạt Quật Giả	Bao tay	88	khóa	人参挖掘者
10412077	Thiên Niên Ngạc Ngư Bì Hộ Thủ	Bao tay	92	khóa	千年鳄鱼皮护手
10412078	A Tu La Chi Trảo	Bao tay	98	khóa	阿修罗之爪
10412079	Ôn Noãn Chi Phong	Bao tay	98	khóa	温暖之风
10412080	Tần Võ-Tà	Bao tay	75	khóa	秦武·邪
10412081	Tần Hồn-Ẩn	Bao tay	85	khóa	秦魂·隐
10412082	Tần Võ-Diệt	Bao tay	75	khóa	秦武·灭
10412083	Tần Hồn-Phá	Bao tay	85	khóa	秦魂·破
10413001	Ngự Tứ Thục Đồng Khải	Áo	18	khóa	御赐熟铜铠
10413002	Ngự Tứ Tinh Cương Giáp	Áo	30	khóa	御赐精钢甲
10413003	Ngự Tứ Hoàng Kim Giáp	Áo	40	khóa	御赐黄金甲
10413004	Ngự Tứ Hỗn Độn Hộ Hung	Áo	50	khóa	御赐混沌护胸
10413005	Ngự Tứ Phi Hổ Chiến Giáp	Áo	60	khóa	御赐飞虎战甲
10413006	Ngự Tứ Thiên Uy Hộ Hung Giáp	Áo	70	khóa	御赐天威护胸甲
10413007	Ngự Tứ Tằm Ti Y	Áo	18	khóa	御赐蚕丝衣
10413008	Ngự Tứ Lăng La Y	Áo	30	khóa	御赐绫罗衣
10413009	Ngự Tứ Thục Cẩm Bào	Áo	40	khóa	御赐蜀锦袍
10413010	Ngự Tứ Huyền Minh Tiên Y	Áo	50	khóa	御赐玄冥仙衣
10413011	Ngự Tứ Đằng Long Trưởng Bào	Áo	60	khóa	御赐腾龙长袍
10413012	Ngự Tứ Thiên Cơ Chiến Bào	Áo	70	khóa	御赐天机战袍
10413013	Thái Niểu Y	Áo	15	khóa	蔡袅衣
10413014	Hổ Bào Thục Đồng Khải Giáp	Áo	20	khóa	虎跑熟铜铠甲
10413015	Hổ Bào Hổ Bì Ngoại Sáo	Áo	20	khóa	虎跑虎皮外套
10413016	Hổ Bào Cẩm Đoạn Ngoại Y	Áo	20	khóa	虎跑锦缎外衣
10413017	Ngự Tứ Nam Cơ Pháp Bào	Áo	80	khóa	御赐南箕法袍
10413018	Ngự Tứ Bắc Đẩu Hộ Hung Giáp	Áo	80	khóa	御赐北斗护胸甲
10413019	Ngự Tứ Vương Sư Pháp Bào	Áo	90	khóa	御赐王师法袍
10413020	Ngự Tứ Bá Chủ Hộ Hung Giáp	Áo	90	khóa	御赐霸主护胸甲
10413021	Linh Động Y	Áo	18	khóa	灵动衣
10413022	Bình Ngân Y	Áo	28	khóa	屏银衣
10413023	Thần Uy Y	Áo	38	khóa	神威衣
10413024	Thuý Vũ Y	Áo	48	khóa	翠羽衣
10413025	Cửu Châu Y	Áo	58	khóa	九州衣
10413026	Bất Diệt Y	Áo	68	khóa	不灭衣
10413027	Long Tình Y	Áo	78	khóa	龙睛衣
10413028	Niết Bàn Thiên Y	Áo	88	khóa	涅磐天衣
10413029	Tinh Phưởng Y	Áo	8	khóa	精纺衣
10413030	Linh Động Y	Áo	18	khóa	灵动衣
10413031	Bình Ngân Y	Áo	28	khóa	屏银衣
10413032	Thần Uy Y	Áo	38	khóa	神威衣
10413033	Thuý Vũ Y	Áo	48	khóa	翠羽衣
10413034	Cửu Châu Y	Áo	58	khóa	九州衣
10413035	Bất Diệt Y	Áo	68	khóa	不灭衣
10413036	Long Tình Y	Áo	78	khóa	龙睛衣
10413037	Long Tình Y	Áo	78	khóa	龙睛衣
10413038	Long Tình Y	Áo	78	khóa	龙睛衣
10413039	Linh Động Y	Áo	78	khóa	灵动衣
10413040	Bình Ngân Y	Áo	28	khóa	屏银衣
10413041	Thần Uy Y	Áo	38	khóa	神威衣
10413042	Thuý Vũ Y	Áo	48	khóa	翠羽衣
10413043	Cửu Châu Y	Áo	58	khóa	九州衣
10413044	Bất Diệt Y	Áo	68	khóa	不灭衣
10413045	Long Tình Y	Áo	78	khóa	龙睛衣
10413046	Thiên Tôn Ma Y	Áo	98	khóa	天尊魔衣
10413047	Ngự Tứ Tinh Phưởng Y	Áo	1	khóa	御赐精纺衣
10413048	(chưa dùng)	Áo	1	khóa	未使用
10413049	(chưa dùng)	Áo	1	khóa	未使用
10413050	Cẩm Bạch Y	Áo	8	khóa	锦帛衣
10413051	Tị Tà Y	Áo	18	khóa	避邪衣
10413052	Kim Ti Nhuyễn Giáp	Áo	28	khóa	金丝软甲
10413053	Tán Tinh Y	Áo	38	khóa	散晶衣
10413054	Địa Hoàng Trụ	Áo	48	khóa	地皇胄
10413055	Vân La Chiến Y	Áo	58	khóa	云罗战衣
10413056	Kinh Vân Chiến Giáp	Áo	68	khóa	惊云战甲
10413057	Thiên Hiên Bảo Y	Áo	78	khóa	天轩宝衣
10413058	Can Chi Thiên Giáp	Áo	88	khóa	干支天甲
10413059	Ma Thánh Hợp Thể	Áo	98	khóa	魔圣合体
10413060	Vô Lượng Pháp Y	Áo	9	khóa	无量法衣
10413061	Võ Hầu Bào	Áo	9	khóa	武侯袍
10413062	Kim Lũ Y	Áo	18	khóa	金缕衣
10413063	Thủ Hộ Giả Đích Pháp Y	Áo	18	khóa	守护者的法衣
10413064	Quỷ Lỗi Y	Áo	23	khóa	傀儡衣
10413065	Huyết Dữ Hoả Đích Ủng Bão	Áo	25	khóa	血与火的拥抱
10413066	Tần Gia Trại Toả Liên Giáp	Áo	35	khóa	秦家寨锁链甲
10413067	Lôi Hoán Tinh Chế Chiến Giáp	Áo	38	khóa	雷焕精制战甲
10413068	Nhất Sinh Đích Thủ Hộ	Áo	43	khóa	一生的守护
10413069	Liễu Hiệp Miên Trúc Khải	Áo	48	khóa	柳叶绵竹铠
10413070	Tham Tinh Chiến Giáp	Áo	53	khóa	参星战甲
10413071	Chức Võng Chiến Giáp	Áo	55	khóa	织网战甲
10413072	Vong Giả Đích Giáp Trụ	Áo	65	khóa	亡者的甲胄
10413073	Cách Lý Cao Lợi Đích Trưởng Bào	Áo	70	khóa	格里高利的长袍
10413074	Quỷ Lỗi Ngoại Xác	Áo	72	khóa	傀儡外壳
10413075	Lý Thông Đích Tẩm Huyết Triều Y	Áo	80	khóa	李通的浸血朝衣
10413076	Nam Hải Kiếm Phái Kiếm Đạo Phục	Áo	80	khóa	南海剑派剑道服
10413077	Cổ Đại Y Giả Chi Y	Áo	80	khóa	古代医者之衣
10413078	Cổ Đằng Hung Giáp	Áo	87	khóa	古藤胸甲
10413079	Ẩn Tế Chi Y	Áo	90	khóa	隐蔽之衣
10413080	Thanh Thanh Tử Câm	Áo	92	khóa	青青子衿
10413081	Băng Phong Giáp	Áo	98	khóa	冰封甲
10413082	Cổn Long Bào	Áo	98	khóa	衮龙袍
10413083	Tần Võ-Tuyệt	Áo	75	khóa	秦武·绝
10413084	Tần Hồn-Không	Áo	85	khóa	秦魂·空
10413085	Tần Võ-Chiến	Áo	75	khóa	秦武·战
10413086	Tần Hồn-Thương	Áo	85	khóa	秦魂·殇
10414001	Mặc Kiếp Cốc Tinh Cương Oản Giáp	Hộ uyển	20	khóa	万劫谷精钢腕甲
10414002	Mặc Kiếp Cốc Toả Liên Oản Giáp	Hộ uyển	20	khóa	万劫谷锁链腕甲
10414003	Mặc Kiếp Cốc Thúc Bì Oản Giáp	Hộ uyển	20	khóa	万劫谷束皮腕甲
10414004	Mặc Kiếp Cốc Bách Kết Oản Giáp	Hộ uyển	20	khóa	万劫谷百结腕甲
10414005	Thiên Hàn Tinh Nguyên Ung Oản Giáp	Hộ uyển	30	khóa	天翰星元邕腕甲
10414006	Thiên Khác Tinh Huyền Cung Oản Giáp	Hộ uyển	30	khóa	天恪星玄恭腕甲
10414007	Thiên Bá Tinh Thúc Nhân Oản Giáp	Hộ uyển	30	khóa	天霸星叔仁腕甲
10414008	Thiên Đức Tinh Huyền Minh Oản Giáp	Hộ uyển	30	khóa	天德星玄明腕甲
10414009	Ngự Doanh Hộ Oản	Hộ uyển	50	khóa	御营护腕
10414010	Hổ Trướng Hộ Oản	Hộ uyển	50	khóa	虎帐护腕
10414011	Sơn Âm Hộ Oản	Hộ uyển	50	khóa	山阴护腕
10414012	Sơn Dương Hộ Oản	Hộ uyển	50	khóa	山阳护腕
10414013	Thắng Phụ Thủ	Hộ uyển	60	khóa	胜负手
10414014	Đại Quốc Thủ	Hộ uyển	60	khóa	大国手
10414015	Vô Mục Thủ	Hộ uyển	60	khóa	无目手
10414016	Thực Nhục Tẩm Bì Hộ Oản	Hộ uyển	60	khóa	食肉寝皮护腕
10414017	Khô Tỉnh Ô Nê Hộ Oản	Hộ uyển	70	khóa	枯井污泥护腕
10414018	Vô Tri Vô Giác Hộ Oản	Hộ uyển	70	khóa	无知无觉护腕
10414019	Hắc Ám Băng Tuyết Hộ Oản	Hộ uyển	70	khóa	黑暗冰雪护腕
10414020	Ngự Tứ Hoàng Kim Oản Giáp	Hộ uyển	40	khóa	御赐黄金腕甲
10414021	Ngự Tứ Hỗn Độn Hộ Oản	Hộ uyển	50	khóa	御赐混沌护腕
10414022	Ngự Tứ Phi Hổ Oản Giáp	Hộ uyển	60	khóa	御赐飞虎腕甲
10414023	Ngự Tứ Thiên Uy Hộ Oản Giáp	Hộ uyển	70	khóa	御赐天威护腕甲
10414024	Ngự Tứ Thục Cẩm Hộ Oản	Hộ uyển	40	khóa	御赐蜀锦护腕
10414025	Ngự Tứ Huyền Minh Hộ Oản	Hộ uyển	50	khóa	御赐玄冥护腕
10414026	Ngự Tứ Đằng Long Hộ Oản	Hộ uyển	60	khóa	御赐腾龙护腕
10414027	Ngự Tứ Thiên Cơ Hộ Oản	Hộ uyển	70	khóa	御赐天机护腕
10414028	Ngự Tứ Nam Cơ Hộ Oản	Hộ uyển	80	khóa	御赐南箕护腕
10414029	Ngự Tứ Bắc Đẩu Hộ Oản Giáp	Hộ uyển	80	khóa	御赐北斗护腕甲
10414030	Ngự Tứ Vương Sư Hộ Oản	Hộ uyển	90	khóa	御赐王师护腕
10414031	Ngự Tứ Bá Chủ Hộ Oản Giáp	Hộ uyển	90	khóa	御赐霸主护腕甲
10414032	Hộ Oản	Hộ uyển	53	khóa	护腕
10414033	Hộ Oản	Hộ uyển	55	khóa	护腕
10414034	Hộ Oản	Hộ uyển	65	khóa	护腕
10414035	Hộ Oản	Hộ uyển	70	khóa	护腕
10414036	Hộ Oản	Hộ uyển	72	khóa	护腕
10414037	Hộ Oản	Hộ uyển	80	khóa	护腕
10414038	Hộ Oản	Hộ uyển	80	khóa	护腕
10414039	Hộ Oản	Hộ uyển	80	khóa	护腕
10414040	Hộ Oản	Hộ uyển	87	khóa	护腕
10414041	Hộ Oản	Hộ uyển	90	khóa	护腕
10414042	Hộ Oản	Hộ uyển	92	khóa	护腕
10414043	Hộ Oản	Hộ uyển	98	khóa	护腕
10414044	Hộ Oản	Hộ uyển	98	khóa	护腕
10414541	Lục Bác Hộ Oản	Hộ uyển	50	khóa khi mặc	六博护腕
10414542	Lục Bác Hộ Oản	Hộ uyển	50	khóa khi mặc	六博护腕
10414543	Lục Bác Hộ Oản	Hộ uyển	50	khóa khi mặc	六博护腕
10414544	Lục Bác Hộ Oản	Hộ uyển	50	khóa khi mặc	六博护腕
10414551	Lục Bác Hộ Oản	Hộ uyển	50	khóa khi mặc	六博护腕
10414552	Lục Bác Hộ Oản	Hộ uyển	50	khóa khi mặc	六博护腕
10414553	Lục Bác Hộ Oản	Hộ uyển	50	khóa khi mặc	六博护腕
10414554	Lục Bác Hộ Oản	Hộ uyển	50	khóa khi mặc	六博护腕
10414561	Lục Bác Hộ Oản	Hộ uyển	50	khóa khi mặc	六博护腕
10414562	Lục Bác Hộ Oản	Hộ uyển	50	khóa khi mặc	六博护腕
10414563	Lục Bác Hộ Oản	Hộ uyển	50	khóa khi mặc	六博护腕
10414564	Lục Bác Hộ Oản	Hộ uyển	50	khóa khi mặc	六博护腕
10414641	Lục Bác Hộ Oản	Hộ uyển	60	khóa khi mặc	六博护腕
10414642	Lục Bác Hộ Oản	Hộ uyển	60	khóa khi mặc	六博护腕
10414643	Lục Bác Hộ Oản	Hộ uyển	60	khóa khi mặc	六博护腕
10414644	Lục Bác Hộ Oản	Hộ uyển	60	khóa khi mặc	六博护腕
10414651	Lục Bác Hộ Oản	Hộ uyển	60	khóa khi mặc	六博护腕
10414652	Lục Bác Hộ Oản	Hộ uyển	60	khóa khi mặc	六博护腕
10414653	Lục Bác Hộ Oản	Hộ uyển	60	khóa khi mặc	六博护腕
10414654	Lục Bác Hộ Oản	Hộ uyển	60	khóa khi mặc	六博护腕
10414661	Lục Bác Hộ Oản	Hộ uyển	60	khóa khi mặc	六博护腕
10414662	Lục Bác Hộ Oản	Hộ uyển	60	khóa khi mặc	六博护腕
10414663	Lục Bác Hộ Oản	Hộ uyển	60	khóa khi mặc	六博护腕
10414664	Lục Bác Hộ Oản	Hộ uyển	60	khóa khi mặc	六博护腕
10414741	Lục Bác Hộ Oản	Hộ uyển	70	khóa khi mặc	六博护腕
10414742	Lục Bác Hộ Oản	Hộ uyển	70	khóa khi mặc	六博护腕
10414743	Lục Bác Hộ Oản	Hộ uyển	70	khóa khi mặc	六博护腕
10414744	Lục Bác Hộ Oản	Hộ uyển	70	khóa khi mặc	六博护腕
10414751	Lục Bác Hộ Oản	Hộ uyển	70	khóa khi mặc	六博护腕
10414752	Lục Bác Hộ Oản	Hộ uyển	70	khóa khi mặc	六博护腕
10414753	Lục Bác Hộ Oản	Hộ uyển	70	khóa khi mặc	六博护腕
10414754	Lục Bác Hộ Oản	Hộ uyển	70	khóa khi mặc	六博护腕
10414761	Lục Bác Hộ Oản	Hộ uyển	70	khóa khi mặc	六博护腕
10414762	Lục Bác Hộ Oản	Hộ uyển	70	khóa khi mặc	六博护腕
10414763	Lục Bác Hộ Oản	Hộ uyển	70	khóa khi mặc	六博护腕
10414764	Lục Bác Hộ Oản	Hộ uyển	70	khóa khi mặc	六博护腕
10414841	Lục Bác Hộ Oản	Hộ uyển	80	khóa khi mặc	六博护腕
10414842	Lục Bác Hộ Oản	Hộ uyển	80	khóa khi mặc	六博护腕
10414843	Lục Bác Hộ Oản	Hộ uyển	80	khóa khi mặc	六博护腕
10414844	Lục Bác Hộ Oản	Hộ uyển	80	khóa khi mặc	六博护腕
10414851	Lục Bác Hộ Oản	Hộ uyển	80	khóa khi mặc	六博护腕
10414852	Lục Bác Hộ Oản	Hộ uyển	80	khóa khi mặc	六博护腕
10414853	Lục Bác Hộ Oản	Hộ uyển	80	khóa khi mặc	六博护腕
10414854	Lục Bác Hộ Oản	Hộ uyển	80	khóa khi mặc	六博护腕
10414861	Lục Bác Hộ Oản	Hộ uyển	80	khóa khi mặc	六博护腕
10414862	Lục Bác Hộ Oản	Hộ uyển	80	khóa khi mặc	六博护腕
10414863	Lục Bác Hộ Oản	Hộ uyển	80	khóa khi mặc	六博护腕
10414864	Lục Bác Hộ Oản	Hộ uyển	80	khóa khi mặc	六博护腕
10414941	Lục Bác Hộ Oản	Hộ uyển	90	khóa khi mặc	六博护腕
10414942	Lục Bác Hộ Oản	Hộ uyển	90	khóa khi mặc	六博护腕
10414943	Lục Bác Hộ Oản	Hộ uyển	90	khóa khi mặc	六博护腕
10414944	Lục Bác Hộ Oản	Hộ uyển	90	khóa khi mặc	六博护腕
10414951	Lục Bác Hộ Oản	Hộ uyển	90	khóa khi mặc	六博护腕
10414952	Lục Bác Hộ Oản	Hộ uyển	90	khóa khi mặc	六博护腕
10414953	Lục Bác Hộ Oản	Hộ uyển	90	khóa khi mặc	六博护腕
10414954	Lục Bác Hộ Oản	Hộ uyển	90	khóa khi mặc	六博护腕
10414961	Lục Bác Hộ Oản	Hộ uyển	90	khóa khi mặc	六博护腕
10414962	Lục Bác Hộ Oản	Hộ uyển	90	khóa khi mặc	六博护腕
10414963	Lục Bác Hộ Oản	Hộ uyển	90	khóa khi mặc	六博护腕
10414964	Lục Bác Hộ Oản	Hộ uyển	90	khóa khi mặc	六博护腕
10415001	Lôi Công Kiên Khải	Hộ kiên	30	khóa	雷公肩铠
10415002	Ngũ Hổ Kiên Khải	Hộ kiên	30	khóa	五虎肩铠
10415003	Đoạn Môn Kiên Khải	Hộ kiên	30	khóa	断门肩铠
10415004	Dục Huyết Long Lân Kiên Khải	Hộ kiên	40	khóa	浴血龙鳞肩铠
10415005	Cuồng Phong Liệt Hoả Kiên Giáp	Hộ kiên	40	khóa	狂风烈火肩甲
10415006	Bách Chiến Kim Trần Kiên Điếm	Hộ kiên	40	khóa	百战金尘肩垫
10415007	Phần Thiên Phượng Vũ Kiên Sức	Hộ kiên	40	khóa	焚天凤羽肩饰
10415008	Cộng Hoạt Hộ Kiên	Hộ kiên	60	khóa	共活护肩
10415009	Trưởng Sinh Hộ Kiên	Hộ kiên	60	khóa	长生护肩
10415010	Khúc Trấn Hộ Kiên	Hộ kiên	60	khóa	曲镇护肩
10415011	Liên Ban Hộ Kiên	Hộ kiên	60	khóa	连扳护肩
10415012	Bất Cộng Đội Thiên Kiên Khải	Hộ kiên	60	khóa	不共戴天肩铠
10415013	Củ Cát Kiên Khải	Hộ kiên	70	khóa	纠葛肩铠
10415014	Tình Duyên Kiên Giáp	Hộ kiên	70	khóa	情缘肩甲
10415015	Oán Niệm Kiên Sức	Hộ kiên	70	khóa	怨念肩饰
10415016	Ngự Tứ Phi Hổ Kiên Giáp	Hộ kiên	60	khóa	御赐飞虎肩甲
10415017	Ngự Tứ Thiên Uy Hộ Kiên Giáp	Hộ kiên	70	khóa	御赐天威护肩甲
10415018	Ngự Tứ Đằng Long Sấn Kiên	Hộ kiên	60	khóa	御赐腾龙衬肩
10415019	Ngự Tứ Thiên Cơ Sấn Kiên	Hộ kiên	70	khóa	御赐天机衬肩
10415020	Ngự Tứ Nam Cơ Sấn Kiên	Hộ kiên	80	khóa	御赐南箕衬肩
10415021	Ngự Tứ Bắc Đẩu Hộ Kiên Giáp	Hộ kiên	80	khóa	御赐北斗护肩甲
10415022	Ngự Tứ Vương Sư Sấn Kiên	Hộ kiên	90	khóa	御赐王师衬肩
10415023	Ngự Tứ Bá Chủ Hộ Kiên Giáp	Hộ kiên	90	khóa	御赐霸主护肩甲
10415024	(chưa dùng)	Hộ kiên	18	khóa	未使用
10415025	(chưa dùng)	Hộ kiên	18	khóa	未使用
10415026	(chưa dùng)	Hộ kiên	23	khóa	未使用
10415027	(chưa dùng)	Hộ kiên	25	khóa	未使用
10415028	(chưa dùng)	Hộ kiên	35	khóa	未使用
10415029	(chưa dùng)	Hộ kiên	38	khóa	未使用
10415030	(chưa dùng)	Hộ kiên	43	khóa	未使用
10415031	(chưa dùng)	Hộ kiên	48	khóa	未使用
10415032	(chưa dùng)	Hộ kiên	53	khóa	未使用
10415033	(chưa dùng)	Hộ kiên	55	khóa	未使用
10415034	(chưa dùng)	Hộ kiên	65	khóa	未使用
10415035	(chưa dùng)	Hộ kiên	70	khóa	未使用
10415036	(chưa dùng)	Hộ kiên	72	khóa	未使用
10415037	(chưa dùng)	Hộ kiên	80	khóa	未使用
10415038	(chưa dùng)	Hộ kiên	80	khóa	未使用
10415039	(chưa dùng)	Hộ kiên	80	khóa	未使用
10415040	(chưa dùng)	Hộ kiên	87	khóa	未使用
10415041	(chưa dùng)	Hộ kiên	90	khóa	未使用
10415042	(chưa dùng)	Hộ kiên	92	khóa	未使用
10415043	(chưa dùng)	Hộ kiên	98	khóa	未使用
10415044	(chưa dùng)	Hộ kiên	98	khóa	未使用
10415541	Lục Bác Hộ Kiên	Hộ kiên	50	khóa khi mặc	六博护肩
10415542	Lục Bác Hộ Kiên	Hộ kiên	50	khóa khi mặc	六博护肩
10415543	Lục Bác Hộ Kiên	Hộ kiên	50	khóa khi mặc	六博护肩
10415544	Lục Bác Hộ Kiên	Hộ kiên	50	khóa khi mặc	六博护肩
10415551	Lục Bác Hộ Kiên	Hộ kiên	50	khóa khi mặc	六博护肩
10415552	Lục Bác Hộ Kiên	Hộ kiên	50	khóa khi mặc	六博护肩
10415553	Lục Bác Hộ Kiên	Hộ kiên	50	khóa khi mặc	六博护肩
10415554	Lục Bác Hộ Kiên	Hộ kiên	50	khóa khi mặc	六博护肩
10415561	Lục Bác Hộ Kiên	Hộ kiên	50	khóa khi mặc	六博护肩
10415562	Lục Bác Hộ Kiên	Hộ kiên	50	khóa khi mặc	六博护肩
10415563	Lục Bác Hộ Kiên	Hộ kiên	50	khóa khi mặc	六博护肩
10415564	Lục Bác Hộ Kiên	Hộ kiên	50	khóa khi mặc	六博护肩
10415641	Lục Bác Hộ Kiên	Hộ kiên	60	khóa khi mặc	六博护肩
10415642	Lục Bác Hộ Kiên	Hộ kiên	60	khóa khi mặc	六博护肩
10415643	Lục Bác Hộ Kiên	Hộ kiên	60	khóa khi mặc	六博护肩
10415644	Lục Bác Hộ Kiên	Hộ kiên	60	khóa khi mặc	六博护肩
10415651	Lục Bác Hộ Kiên	Hộ kiên	60	khóa khi mặc	六博护肩
10415652	Lục Bác Hộ Kiên	Hộ kiên	60	khóa khi mặc	六博护肩
10415653	Lục Bác Hộ Kiên	Hộ kiên	60	khóa khi mặc	六博护肩
10415654	Lục Bác Hộ Kiên	Hộ kiên	60	khóa khi mặc	六博护肩
10415661	Lục Bác Hộ Kiên	Hộ kiên	60	khóa khi mặc	六博护肩
10415662	Lục Bác Hộ Kiên	Hộ kiên	60	khóa khi mặc	六博护肩
10415663	Lục Bác Hộ Kiên	Hộ kiên	60	khóa khi mặc	六博护肩
10415664	Lục Bác Hộ Kiên	Hộ kiên	60	khóa khi mặc	六博护肩
10415741	Lục Bác Hộ Kiên	Hộ kiên	70	khóa khi mặc	六博护肩
10415742	Lục Bác Hộ Kiên	Hộ kiên	70	khóa khi mặc	六博护肩
10415743	Lục Bác Hộ Kiên	Hộ kiên	70	khóa khi mặc	六博护肩
10415744	Lục Bác Hộ Kiên	Hộ kiên	70	khóa khi mặc	六博护肩
10415751	Lục Bác Hộ Kiên	Hộ kiên	70	khóa khi mặc	六博护肩
10415752	Lục Bác Hộ Kiên	Hộ kiên	70	khóa khi mặc	六博护肩
10415753	Lục Bác Hộ Kiên	Hộ kiên	70	khóa khi mặc	六博护肩
10415754	Lục Bác Hộ Kiên	Hộ kiên	70	khóa khi mặc	六博护肩
10415761	Lục Bác Hộ Kiên	Hộ kiên	70	khóa khi mặc	六博护肩
10415762	Lục Bác Hộ Kiên	Hộ kiên	70	khóa khi mặc	六博护肩
10415763	Lục Bác Hộ Kiên	Hộ kiên	70	khóa khi mặc	六博护肩
10415764	Lục Bác Hộ Kiên	Hộ kiên	70	khóa khi mặc	六博护肩
10415841	Lục Bác Hộ Kiên	Hộ kiên	80	khóa khi mặc	六博护肩
10415842	Lục Bác Hộ Kiên	Hộ kiên	80	khóa khi mặc	六博护肩
10415843	Lục Bác Hộ Kiên	Hộ kiên	80	khóa khi mặc	六博护肩
10415844	Lục Bác Hộ Kiên	Hộ kiên	80	khóa khi mặc	六博护肩
10415851	Lục Bác Hộ Kiên	Hộ kiên	80	khóa khi mặc	六博护肩
10415852	Lục Bác Hộ Kiên	Hộ kiên	80	khóa khi mặc	六博护肩
10415853	Lục Bác Hộ Kiên	Hộ kiên	80	khóa khi mặc	六博护肩
10415854	Lục Bác Hộ Kiên	Hộ kiên	80	khóa khi mặc	六博护肩
10415861	Lục Bác Hộ Kiên	Hộ kiên	80	khóa khi mặc	六博护肩
10415862	Lục Bác Hộ Kiên	Hộ kiên	80	khóa khi mặc	六博护肩
10415863	Lục Bác Hộ Kiên	Hộ kiên	80	khóa khi mặc	六博护肩
10415864	Lục Bác Hộ Kiên	Hộ kiên	80	khóa khi mặc	六博护肩
10415941	Lục Bác Hộ Kiên	Hộ kiên	90	khóa khi mặc	六博护肩
10415942	Lục Bác Hộ Kiên	Hộ kiên	90	khóa khi mặc	六博护肩
10415943	Lục Bác Hộ Kiên	Hộ kiên	90	khóa khi mặc	六博护肩
10415944	Lục Bác Hộ Kiên	Hộ kiên	90	khóa khi mặc	六博护肩
10415951	Lục Bác Hộ Kiên	Hộ kiên	90	khóa khi mặc	六博护肩
10415952	Lục Bác Hộ Kiên	Hộ kiên	90	khóa khi mặc	六博护肩
10415953	Lục Bác Hộ Kiên	Hộ kiên	90	khóa khi mặc	六博护肩
10415954	Lục Bác Hộ Kiên	Hộ kiên	90	khóa khi mặc	六博护肩
10415961	Lục Bác Hộ Kiên	Hộ kiên	90	khóa khi mặc	六博护肩
10415962	Lục Bác Hộ Kiên	Hộ kiên	90	khóa khi mặc	六博护肩
10415963	Lục Bác Hộ Kiên	Hộ kiên	90	khóa khi mặc	六博护肩
10415964	Lục Bác Hộ Kiên	Hộ kiên	90	khóa khi mặc	六博护肩
10420001	Ảm Đạm Đích Hạng Liên	Dây chuyền	15	khóa	黯淡的项链
10420002	Phá Cựu Đích Hạng Liên	Dây chuyền	15	khóa	破旧的项链
10420003	Cổ Lão Đích Hạng Liên	Dây chuyền	15	khóa	古老的项链
10420004	Yến Hầu Hoa Liên	Dây chuyền	50	khóa	燕侯华链
10420005	Hạo Linh Thái Tượng	Dây chuyền	60	khóa	皓灵彩象
10420006	Xích Luyện Tinh	Dây chuyền	70	khóa	赤炼星
10420007	Long Tiên Tích	Dây chuyền	68	khóa	龙涎滴
10420008	Vũ Lâm Linh	Dây chuyền	78	khóa	雨霖铃
10420009	Phong Hồn	Dây chuyền	88	khóa	封魂
10420010	Điệp Vũ	Dây chuyền	98	khóa	蝶舞
10420011	卧 Hoa Truỵ	Dây chuyền	8	khóa	卧花坠
10420012	Tam Tiên Phù	Dây chuyền	18	khóa	三仙符
10420013	Hoa Tự Lạc	Dây chuyền	28	khóa	花自落
10420014	Sưu Tà Truỵ	Dây chuyền	38	khóa	搜邪坠
10420015	Tị Trần	Dây chuyền	48	khóa	避尘
10420016	Quỷ Khiếu	Dây chuyền	58	khóa	鬼啸
10420017	Vô Mộng Bảo Liên	Dây chuyền	68	khóa	无梦宝链
10420018	Vân Trạch Truỵ	Dây chuyền	78	khóa	云泽坠
10420019	Ma Nhãn	Dây chuyền	88	khóa	魔眼
10420020	Hồi Nguyên Lưu Kim	Dây chuyền	98	khóa	回元流金
10420021	Hộ Kiên	Hộ kiên	98	khóa	护肩
10420022	Bách Hoa Liên	Dây chuyền	8	khóa	百花链
10420023	Tùng Thạch Kết	Dây chuyền	18	khóa	松石结
10420024	Mã Não Hộ Phù	Dây chuyền	28	khóa	玛瑙护符
10420025	Lam Nha Thúc	Dây chuyền	38	khóa	蓝牙束
10420026	Noãn Tinh Hạng Liên	Dây chuyền	48	khóa	暖晶项链
10420027	Kim Ti Thúc	Dây chuyền	58	khóa	金丝束
10420028	Long Tiên Tích	Dây chuyền	68	khóa	龙涎滴
10420029	Vũ Lâm Linh	Dây chuyền	78	khóa	雨霖铃
10420030	Phong Hồn	Dây chuyền	88	khóa	封魂
10420031	Điệp Vũ	Dây chuyền	98	khóa	蝶舞
10420032	卧 Hoa Truỵ	Dây chuyền	8	khóa	卧花坠
10420033	Tam Tiên Phù	Dây chuyền	18	khóa	三仙符
10420034	Hoa Tự Lạc	Dây chuyền	28	khóa	花自落
10420035	Sưu Tà Truỵ	Dây chuyền	38	khóa	搜邪坠
10420036	Tị Trần	Dây chuyền	48	khóa	避尘
10420037	Quỷ Khiếu	Dây chuyền	58	khóa	鬼啸
10420038	Vô Mộng Bảo Liên	Dây chuyền	68	khóa	无梦宝链
10420039	Vân Trạch Truỵ	Dây chuyền	78	khóa	云泽坠
10420040	Ma Nhãn	Dây chuyền	88	khóa	魔眼
10420041	Hồi Nguyên Lưu Kim	Dây chuyền	98	khóa	回元流金
10420042	Bách Hoa Liên	Dây chuyền	8	khóa	百花链
10420043	Tùng Thạch Kết	Dây chuyền	18	khóa	松石结
10420044	Mã Não Hộ Phù	Dây chuyền	28	khóa	玛瑙护符
10420045	Lam Nha Thúc	Dây chuyền	38	khóa	蓝牙束
10420046	Noãn Tinh Hạng Liên	Dây chuyền	48	khóa	暖晶项链
10420047	Kim Ti Thúc	Dây chuyền	58	khóa	金丝束
10420048	Long Tiên Tích	Dây chuyền	68	khóa	龙涎滴
10420049	Vũ Lâm Linh	Dây chuyền	78	khóa	雨霖铃
10420050	Phong Hồn	Dây chuyền	88	khóa	封魂
10420051	Điệp Vũ	Dây chuyền	98	khóa	蝶舞
10420052	卧 Hoa Truỵ	Dây chuyền	8	khóa	卧花坠
10420053	Tam Tiên Phù	Dây chuyền	18	khóa	三仙符
10420054	Hoa Tự Lạc	Dây chuyền	28	khóa	花自落
10420055	Sưu Tà Truỵ	Dây chuyền	38	khóa	搜邪坠
10420056	Tị Trần	Dây chuyền	48	khóa	避尘
10420057	Quỷ Khiếu	Dây chuyền	58	khóa	鬼啸
10420058	Vô Mộng Bảo Liên	Dây chuyền	68	khóa	无梦宝链
10420059	Vân Trạch Truỵ	Dây chuyền	78	khóa	云泽坠
10420060	Tế Tảo Giả Hộ Liên	Dây chuyền	9	khóa	祭扫者护链
10420061	Linh Châu Hạng Liên	Dây chuyền	13	khóa	灵州项链
10420062	Thủ Dương Quyết	Dây chuyền	15	khóa	首阳蕨
10420063	Phong Vĩ Hạng Liên	Dây chuyền	23	khóa	蜂尾项链
10420064	Tật Tốc Hạng Liên	Dây chuyền	30	khóa	疾速项链
10420065	Ủng Đội Chi Liên	Dây chuyền	35	khóa	拥戴之链
10420066	Quy Vân Vô Song Liên	Dây chuyền	38	khóa	归云无双链
10420067	Thương Sơn Lang Nha Hạng Liên	Dây chuyền	43	khóa	苍山狼牙项链
10420068	Tiểu Bàn Đích Hạng Khuyên	Dây chuyền	48	khóa	小胖的项圈
10420069	Đằng Giáp Hộ Thân Liên	Dây chuyền	50	khóa	藤甲护身链
10420070	Linh Hồn Đích Khiên Quải	Dây chuyền	60	khóa	灵魂的牵挂
10420071	Vong Giả Đích Hạng Liên	Dây chuyền	65	khóa	亡者的项链
10420072	Điện Thần Quải Kiện	Dây chuyền	70	khóa	电神挂件
10420073	Mã Phỉ Chi Liên	Dây chuyền	80	khóa	马匪之链
10420074	Thủ Hộ Giả Đích Tín Niệm	Dây chuyền	82	khóa	守护者的信念
10420075	Tàn Khuyết Đích Phượng Hoàng Chuỷ	Dây chuyền	84	khóa	残缺的凤凰嘴
10420076	Nữ Chân Thủ Lãnh Huy Ký	Dây chuyền	90	khóa	女真首领徽记
10420077	Du Du Ngã Tâm	Dây chuyền	92	khóa	悠悠我心
10420078	Hắc Miêu Hạng Liên	Dây chuyền	96	khóa	黑苗项链
10420079	Bất Miên Chi Tâm	Dây chuyền	98	khóa	不眠之心
10421001	Ngự Tứ Thục Đồng Thúc Đới	Đai lưng	18	khóa	御赐熟铜束带
10421002	Ngự Tứ Tinh Cương Thúc Đới	Đai lưng	30	khóa	御赐精钢束带
10421003	Ngự Tứ Hoàng Kim Đới	Đai lưng	40	khóa	御赐黄金带
10421004	Ngự Tứ Hỗn Độn Hộ Yêu	Đai lưng	50	khóa	御赐混沌护腰
10421005	Ngự Tứ Phi Hổ Thúc Đới	Đai lưng	60	khóa	御赐飞虎束带
10421006	Ngự Tứ Thiên Uy Hộ Yêu Giáp	Đai lưng	70	khóa	御赐天威护腰甲
10421007	Ngự Tứ Tằm Ti Yêu Đới	Đai lưng	18	khóa	御赐蚕丝腰带
10421008	Ngự Tứ Lăng La Yêu Đới	Đai lưng	30	khóa	御赐绫罗腰带
10421009	Ngự Tứ Thục Cẩm Đới	Đai lưng	40	khóa	御赐蜀锦带
10421010	Ngự Tứ Huyền Minh Yêu Đới	Đai lưng	50	khóa	御赐玄冥腰带
10421011	Ngự Tứ Đằng Long Ngọc Đới	Đai lưng	60	khóa	御赐腾龙玉带
10421012	Ngự Tứ Thiên Cơ Ngọc Đới	Đai lưng	70	khóa	御赐天机玉带
10421013	Thái Niểu Yêu Sức	Đai lưng	15	khóa	蔡袅腰饰
10421014	Ngự Tứ Nam Cơ Ngọc Đới	Đai lưng	80	khóa	御赐南箕玉带
10421015	Ngự Tứ Bắc Đẩu Hộ Yêu Giáp	Đai lưng	80	khóa	御赐北斗护腰甲
10421016	Ngự Tứ Vương Sư Ngọc Đới	Đai lưng	90	khóa	御赐王师玉带
10421017	Ngự Tứ Bá Chủ Hộ Yêu Giáp	Đai lưng	90	khóa	御赐霸主护腰甲
10421018	Minh Chủ Đồng Yêu Đới	Đai lưng	35	khóa	盟主铜腰带
10421019	Minh Chủ Ngân Yêu Đới	Đai lưng	35	khóa	盟主银腰带
10421020	Minh Chủ Kim Yêu Đới	Đai lưng	35	khóa	盟主金腰带
10421021	Minh Chủ Thất Bảo Yêu Đới	Đai lưng	35	khóa	盟主七宝腰带
10421022	Cát Tường Yêu Đới	Đai lưng	12	khóa	吉祥腰带
10421023	Thương Mãng Yêu Đới	Đai lưng	22	khóa	苍蟒腰带
10421024	Vân Dao Cô Hoàn	Đai lưng	32	khóa	云瑶箍环
10421025	Kinh Lôi Hoàn Đới	Đai lưng	42	khóa	惊雷环带
10421026	Thán Vân Cô Hoàn	Đai lưng	52	khóa	叹云箍环
10421027	Thái Ky Đới	Đai lưng	62	khóa	彩矶带
10421028	Bát Quái Yêu Hoàn	Đai lưng	72	khóa	八卦腰环
10421029	Chiết Thiên	Đai lưng	82	khóa	折天
10421030	Bá Châu	Đai lưng	92	khóa	霸州
10421031	Thuý Vũ Khấu	Đai lưng	2	khóa	翠羽扣
10421032	Ngưng Tâm Ngọc Đới	Đai lưng	12	khóa	凝心玉带
10421033	Huyền Hành Yêu Đới	Đai lưng	22	khóa	玄衡腰带
10421034	Phượng Loan Song Vũ	Đai lưng	32	khóa	凤鸾双舞
10421035	Hệ Băng Yêu Khấu	Đai lưng	42	khóa	系冰腰扣
10421036	Nhiễm Vận	Đai lưng	52	khóa	冉韵
10421037	Hà Thái Ngọc Đới	Đai lưng	62	khóa	霞彩玉带
10421038	Kỳ Lân Thiên Khấu	Đai lưng	72	khóa	麒麟天扣
10421039	Vô Ưu	Đai lưng	82	khóa	无忧
10421040	Phật Tâm	Đai lưng	92	khóa	佛心
10421041	Anh Hoa Yêu Đới	Đai lưng	2	khóa	樱花腰带
10421042	Cát Tường Yêu Đới	Đai lưng	12	khóa	吉祥腰带
10421043	Thương Mãng Yêu Đới	Đai lưng	22	khóa	苍蟒腰带
10421044	Vân Dao Cô Hoàn	Đai lưng	32	khóa	云瑶箍环
10421045	Kinh Lôi Hoàn Đới	Đai lưng	42	khóa	惊雷环带
10421046	Thán Vân Cô Hoàn	Đai lưng	52	khóa	叹云箍环
10421047	Thái Ky Đới	Đai lưng	62	khóa	彩矶带
10421048	Bát Quái Yêu Hoàn	Đai lưng	72	khóa	八卦腰环
10421049	Chiết Thiên	Đai lưng	82	khóa	折天
10421050	Bá Châu	Đai lưng	92	khóa	霸州
10421051	Thuý Vũ Khấu	Đai lưng	2	khóa	翠羽扣
10421052	Ngưng Tâm Ngọc Đới	Đai lưng	12	khóa	凝心玉带
10421053	Huyền Hành Yêu Đới	Đai lưng	22	khóa	玄衡腰带
10421054	Phượng Loan Song Vũ	Đai lưng	32	khóa	凤鸾双舞
10421055	Hệ Băng Yêu Khấu	Đai lưng	42	khóa	系冰腰扣
10421056	Nhiễm Vận	Đai lưng	52	khóa	冉韵
10421057	Hà Thái Ngọc Đới	Đai lưng	62	khóa	霞彩玉带
10421058	Kỳ Lân Thiên Khấu	Đai lưng	72	khóa	麒麟天扣
10421059	Vô Ưu	Đai lưng	82	khóa	无忧
10421060	Chu Võng Yêu Đới	Đai lưng	7	khóa	蛛网腰带
10421061	Hàn Thực	Đai lưng	8	khóa	寒食
10421062	Kim Lũ Yêu Đới	Đai lưng	18	khóa	金缕腰带
10421063	Thủ Hộ Giả Đích Yêu Đới	Đai lưng	18	khóa	守护者的腰带
10421064	Quy Vân Yêu Đới	Đai lưng	25	khóa	归云腰带
10421065	Cung Đình Ngự Tứ Yêu Đới	Đai lưng	35	khóa	宫廷御赐腰带
10421066	Thông Thiên Lưu Vân Đới	Đai lưng	38	khóa	通天流云带
10421067	Phiêu Tuyết Yêu Đới	Đai lưng	43	khóa	飘雪腰带
10421068	Tiểu Bàn Đích Yêu Sức	Đai lưng	48	khóa	小胖的腰饰
10421069	Tử Vy Đích Thúc Đới	Đai lưng	50	khóa	紫薇的束带
10421070	Nhu Tình Ti	Đai lưng	62	khóa	柔情丝
10421071	La Bốc Ti Yêu Đới	Đai lưng	72	khóa	萝卜丝腰带
10421072	Tiếu Duẫn Đích Nhiễm Huyết Thúc Đới	Đai lưng	80	khóa	肖允的染血束带
10421073	Cổ Đại Y Giả Thúc Đới	Đai lưng	80	khóa	古代医者束带
10421074	Nguyên Soái Đích Ngọc Đới	Đai lưng	87	khóa	元帅的玉带
10421075	Nhân Tham Khiên Hệ Giả	Đai lưng	88	khóa	人参牵系者
10421076	Tu La Phong Cuồng Chi Hồn	Đai lưng	98	khóa	修罗疯狂之魂
10421077	Bích Ngọc Đới	Đai lưng	98	khóa	碧玉带
10421541	Lục Bác Yêu Đới	Đai lưng	50	khóa khi mặc	六博腰带
10421542	Lục Bác Yêu Đới	Đai lưng	50	khóa khi mặc	六博腰带
10421543	Lục Bác Yêu Đới	Đai lưng	50	khóa khi mặc	六博腰带
10421544	Lục Bác Yêu Đới	Đai lưng	50	khóa khi mặc	六博腰带
10421551	Lục Bác Yêu Đới	Đai lưng	50	khóa khi mặc	六博腰带
10421552	Lục Bác Yêu Đới	Đai lưng	50	khóa khi mặc	六博腰带
10421553	Lục Bác Yêu Đới	Đai lưng	50	khóa khi mặc	六博腰带
10421554	Lục Bác Yêu Đới	Đai lưng	50	khóa khi mặc	六博腰带
10421561	Lục Bác Yêu Đới	Đai lưng	50	khóa khi mặc	六博腰带
10421562	Lục Bác Yêu Đới	Đai lưng	50	khóa khi mặc	六博腰带
10421563	Lục Bác Yêu Đới	Đai lưng	50	khóa khi mặc	六博腰带
10421564	Lục Bác Yêu Đới	Đai lưng	50	khóa khi mặc	六博腰带
10421641	Lục Bác Yêu Đới	Đai lưng	60	khóa khi mặc	六博腰带
10421642	Lục Bác Yêu Đới	Đai lưng	60	khóa khi mặc	六博腰带
10421643	Lục Bác Yêu Đới	Đai lưng	60	khóa khi mặc	六博腰带
10421644	Lục Bác Yêu Đới	Đai lưng	60	khóa khi mặc	六博腰带
10421651	Lục Bác Yêu Đới	Đai lưng	60	khóa khi mặc	六博腰带
10421652	Lục Bác Yêu Đới	Đai lưng	60	khóa khi mặc	六博腰带
10421653	Lục Bác Yêu Đới	Đai lưng	60	khóa khi mặc	六博腰带
10421654	Lục Bác Yêu Đới	Đai lưng	60	khóa khi mặc	六博腰带
10421661	Lục Bác Yêu Đới	Đai lưng	60	khóa khi mặc	六博腰带
10421662	Lục Bác Yêu Đới	Đai lưng	60	khóa khi mặc	六博腰带
10421663	Lục Bác Yêu Đới	Đai lưng	60	khóa khi mặc	六博腰带
10421664	Lục Bác Yêu Đới	Đai lưng	60	khóa khi mặc	六博腰带
10421741	Lục Bác Yêu Đới	Đai lưng	70	khóa khi mặc	六博腰带
10421742	Lục Bác Yêu Đới	Đai lưng	70	khóa khi mặc	六博腰带
10421743	Lục Bác Yêu Đới	Đai lưng	70	khóa khi mặc	六博腰带
10421744	Lục Bác Yêu Đới	Đai lưng	70	khóa khi mặc	六博腰带
10421751	Lục Bác Yêu Đới	Đai lưng	70	khóa khi mặc	六博腰带
10421752	Lục Bác Yêu Đới	Đai lưng	70	khóa khi mặc	六博腰带
10421753	Lục Bác Yêu Đới	Đai lưng	70	khóa khi mặc	六博腰带
10421754	Lục Bác Yêu Đới	Đai lưng	70	khóa khi mặc	六博腰带
10421761	Lục Bác Yêu Đới	Đai lưng	70	khóa khi mặc	六博腰带
10421762	Lục Bác Yêu Đới	Đai lưng	70	khóa khi mặc	六博腰带
10421763	Lục Bác Yêu Đới	Đai lưng	70	khóa khi mặc	六博腰带
10421764	Lục Bác Yêu Đới	Đai lưng	70	khóa khi mặc	六博腰带
10421841	Lục Bác Yêu Đới	Đai lưng	80	khóa khi mặc	六博腰带
10421842	Lục Bác Yêu Đới	Đai lưng	80	khóa khi mặc	六博腰带
10421843	Lục Bác Yêu Đới	Đai lưng	80	khóa khi mặc	六博腰带
10421844	Lục Bác Yêu Đới	Đai lưng	80	khóa khi mặc	六博腰带
10421851	Lục Bác Yêu Đới	Đai lưng	80	khóa khi mặc	六博腰带
10421852	Lục Bác Yêu Đới	Đai lưng	80	khóa khi mặc	六博腰带
10421853	Lục Bác Yêu Đới	Đai lưng	80	khóa khi mặc	六博腰带
10421854	Lục Bác Yêu Đới	Đai lưng	80	khóa khi mặc	六博腰带
10421861	Lục Bác Yêu Đới	Đai lưng	80	khóa khi mặc	六博腰带
10421862	Lục Bác Yêu Đới	Đai lưng	80	khóa khi mặc	六博腰带
10421863	Lục Bác Yêu Đới	Đai lưng	80	khóa khi mặc	六博腰带
10421864	Lục Bác Yêu Đới	Đai lưng	80	khóa khi mặc	六博腰带
10421941	Lục Bác Yêu Đới	Đai lưng	90	khóa khi mặc	六博腰带
10421942	Lục Bác Yêu Đới	Đai lưng	90	khóa khi mặc	六博腰带
10421943	Lục Bác Yêu Đới	Đai lưng	90	khóa khi mặc	六博腰带
10421944	Lục Bác Yêu Đới	Đai lưng	90	khóa khi mặc	六博腰带
10421951	Lục Bác Yêu Đới	Đai lưng	90	khóa khi mặc	六博腰带
10421952	Lục Bác Yêu Đới	Đai lưng	90	khóa khi mặc	六博腰带
10421953	Lục Bác Yêu Đới	Đai lưng	90	khóa khi mặc	六博腰带
10421954	Lục Bác Yêu Đới	Đai lưng	90	khóa khi mặc	六博腰带
10421961	Lục Bác Yêu Đới	Đai lưng	90	khóa khi mặc	六博腰带
10421962	Lục Bác Yêu Đới	Đai lưng	90	khóa khi mặc	六博腰带
10421963	Lục Bác Yêu Đới	Đai lưng	90	khóa khi mặc	六博腰带
10421964	Lục Bác Yêu Đới	Đai lưng	90	khóa khi mặc	六博腰带
10422001	Trấn Ác Chỉ Hoàn	Nhẫn	20	khóa	镇恶指环
10422002	Trừ Ác Chỉ Hoàn	Nhẫn	20	khóa	除恶指环
10422003	Trừng Ác Chỉ Hoàn	Nhẫn	20	khóa	惩恶指环
10422004	Một Bản Tiền	Nhẫn	40	khóa	没本钱
10422005	Khoái Đao	Nhẫn	40	khóa	快刀
10422006	Tương Đông Vương	Nhẫn	40	khóa	湘东王
10422007	Nam Viện Đại Vương Giới Chỉ	Nhẫn	50	khóa	南院大王戒指
10422008	Sở Vương Giới Chỉ	Nhẫn	50	khóa	楚王戒指
10422009	Bình Nam Đại Tương Quân Giới Chỉ	Nhẫn	50	khóa	平南大将军戒指
10422010	Binh Mã Đại Nguyên Soái Giới Chỉ	Nhẫn	50	khóa	兵马大元帅戒指
10422011	Khắc Cốt Minh Tâm Chỉ Hoàn	Nhẫn	60	khóa	刻骨铭心指环
10422012	Thiên Long Tân Thủ Chỉ Hoàn	Nhẫn	1	khóa	天龙新手指环
10422013	Yến Hầu Quyền Giới	Nhẫn	50	khóa	燕侯权戒
10422014	Hạo Linh Thanh Tường	Nhẫn	60	khóa	皓灵清翔
10422015	Xích Luyện Giới	Nhẫn	70	khóa	赤炼戒
10422016	Trùng Lâu Giới	Nhẫn	50	giao dịch được	重楼戒
10422017	Thất Bảo Thuyền Quyên	Nhẫn	65	khóa	七宝婵娟
10422018	Trùng Lâu Giới	Nhẫn	50	khóa	重楼戒
10422019	Băng Ngọc Phong Nguyệt	Nhẫn	85	khóa	冰玉风月
10422020	Sát Tâm	Nhẫn	95	khóa	煞心
10422021	Dao Sắt	Nhẫn	15	khóa	瑶瑟
10422022	Bích Vân Thâm	Nhẫn	25	khóa	碧云深
10422023	Dao Trì Nguyệt	Nhẫn	35	khóa	瑶池月
10422024	Thuý Hoa Dẫn	Nhẫn	45	khóa	翠华引
10422025	Ngọc Lung Giản Tuyết	Nhẫn	55	khóa	玉珑涧雪
10422026	Thất Bảo Thuyền Quyên	Nhẫn	65	khóa	七宝婵娟
10422027	Ngọc Nhị Kim Hoàn	Nhẫn	75	khóa	玉珥金环
10422028	Băng Ngọc Phong Nguyệt	Nhẫn	85	khóa	冰玉风月
10422029	Sát Tâm	Nhẫn	95	khóa	煞心
10422030	Dao Sắt	Nhẫn	15	khóa	瑶瑟
10422031	Bích Vân Thâm	Nhẫn	25	khóa	碧云深
10422032	Dao Trì Nguyệt	Nhẫn	35	khóa	瑶池月
10422033	Thuý Hoa Dẫn	Nhẫn	45	khóa	翠华引
10422034	Ngọc Lung Giản Tuyết	Nhẫn	55	khóa	玉珑涧雪
10422035	Thất Bảo Thuyền Quyên	Nhẫn	65	khóa	七宝婵娟
10422036	Ngọc Nhị Kim Hoàn	Nhẫn	75	khóa	玉珥金环
10422037	Băng Ngọc Phong Nguyệt	Nhẫn	85	khóa	冰玉风月
10422038	Sát Tâm	Nhẫn	95	khóa	煞心
10422039	Dao Sắt	Nhẫn	15	khóa	瑶瑟
10422040	Bích Vân Thâm	Nhẫn	25	khóa	碧云深
10422041	Dao Trì Nguyệt	Nhẫn	35	khóa	瑶池月
10422042	Thuý Hoa Dẫn	Nhẫn	45	khóa	翠华引
10422043	Ngọc Lung Giản Tuyết	Nhẫn	55	khóa	玉珑涧雪
10422044	Thất Bảo Thuyền Quyên	Nhẫn	65	khóa	七宝婵娟
10422045	Ngọc Nhị Kim Hoàn	Nhẫn	75	khóa	玉珥金环
10422046	Băng Ngọc Phong Nguyệt	Nhẫn	85	khóa	冰玉风月
10422047	Sát Tâm	Nhẫn	95	khóa	煞心
10422048	Dao Sắt	Nhẫn	15	khóa	瑶瑟
10422049	Bích Vân Thâm	Nhẫn	25	khóa	碧云深
10422050	Dao Trì Nguyệt	Nhẫn	35	khóa	瑶池月
10422051	Thuý Hoa Dẫn	Nhẫn	45	khóa	翠华引
10422052	Ngọc Lung Giản Tuyết	Nhẫn	55	khóa	玉珑涧雪
10422053	Thất Bảo Thuyền Quyên	Nhẫn	65	khóa	七宝婵娟
10422054	Ngọc Nhị Kim Hoàn	Nhẫn	75	khóa	玉珥金环
10422055	Băng Ngọc Phong Nguyệt	Nhẫn	85	khóa	冰玉风月
10422056	Sát Tâm	Nhẫn	95	khóa	煞心
10422057	Dao Sắt	Nhẫn	15	khóa	瑶瑟
10422058	Bích Vân Thâm	Nhẫn	25	khóa	碧云深
10422059	Dao Trì Nguyệt	Nhẫn	35	khóa	瑶池月
10422060	Thuý Hoa Dẫn	Nhẫn	45	khóa	翠华引
10422061	Ngọc Lung Giản Tuyết	Nhẫn	55	khóa	玉珑涧雪
10422062	Thất Bảo Thuyền Quyên	Nhẫn	65	khóa	七宝婵娟
10422063	Ngọc Nhị Kim Hoàn	Nhẫn	75	khóa	玉珥金环
10422064	Băng Ngọc Phong Nguyệt	Nhẫn	85	khóa	冰玉风月
10422065	Sát Tâm	Nhẫn	95	khóa	煞心
10422066	Dao Sắt	Nhẫn	15	khóa	瑶瑟
10422067	Bích Vân Thâm	Nhẫn	25	khóa	碧云深
10422068	Dao Trì Nguyệt	Nhẫn	35	khóa	瑶池月
10422069	Thuý Hoa Dẫn	Nhẫn	45	khóa	翠华引
10422070	Ngọc Lung Giản Tuyết	Nhẫn	55	khóa	玉珑涧雪
10422071	Thất Bảo Thuyền Quyên	Nhẫn	65	khóa	七宝婵娟
10422072	Ngọc Nhị Kim Hoàn	Nhẫn	75	khóa	玉珥金环
10422073	Băng Ngọc Phong Nguyệt	Nhẫn	85	khóa	冰玉风月
10422074	Sát Tâm	Nhẫn	95	khóa	煞心
10422075	Dao Sắt	Nhẫn	15	khóa	瑶瑟
10422076	Bích Vân Thâm	Nhẫn	25	khóa	碧云深
10422077	Dao Trì Nguyệt	Nhẫn	35	khóa	瑶池月
10422078	Thuý Hoa Dẫn	Nhẫn	45	khóa	翠华引
10422079	Ngọc Lung Giản Tuyết	Nhẫn	55	khóa	玉珑涧雪
10422080	Thất Bảo Thuyền Quyên	Nhẫn	65	khóa	七宝婵娟
10422081	Ngọc Nhị Kim Hoàn	Nhẫn	75	khóa	玉珥金环
10422082	Băng Ngọc Phong Nguyệt	Nhẫn	85	khóa	冰玉风月
10422083	Sát Tâm	Nhẫn	95	khóa	煞心
10422084	Băng Ngọc Phong Nguyệt	Nhẫn	85	khóa	冰玉风月
10422085	Sát Tâm	Nhẫn	95	khóa	煞心
10422086	Dao Sắt	Nhẫn	15	khóa	瑶瑟
10422087	Bích Vân Thâm	Nhẫn	25	khóa	碧云深
10422088	Dao Trì Nguyệt	Nhẫn	35	khóa	瑶池月
10422089	Thuý Hoa Dẫn	Nhẫn	45	khóa	翠华引
10422090	Ngọc Lung Giản Tuyết	Nhẫn	55	khóa	玉珑涧雪
10422091	Thất Bảo Thuyền Quyên	Nhẫn	65	khóa	七宝婵娟
10422092	Ngọc Nhị Kim Hoàn	Nhẫn	75	khóa	玉珥金环
10422093	Băng Ngọc Phong Nguyệt	Nhẫn	85	khóa	冰玉风月
10422094	Sát Tâm	Nhẫn	95	khóa	煞心
10422095	Dao Sắt	Nhẫn	15	khóa	瑶瑟
10422096	Kết Hôn Ngân Giới	Nhẫn	10	khóa	结婚银戒
10422097	Kết Hôn Kim Giới	Nhẫn	10	khóa	结婚金戒
10422098	Kết Hôn Khoan Giới	Nhẫn	10	khóa	结婚钻戒
10422099	Kết Hôn Giới Chỉ	Nhẫn	10	khóa	结婚戒指
10422100	Vô Lượng Ngọc Giới	Nhẫn	9	khóa	无量玉戒
10422101	Nguyệt Anh Chi Giới	Nhẫn	9	khóa	月英之戒
10422102	Tương Quân Đích Di Vật	Nhẫn	10	khóa	将军的遗物
10422103	Dĩnh Xuyên Thuỷ	Nhẫn	15	khóa	颍川水
10422104	Phong Thích Giới Chỉ	Nhẫn	23	khóa	蜂刺戒指
10422105	Lữ Hành Giả Chi Giới	Nhẫn	30	khóa	旅行者之戒
10422106	Ái Hộ Chi Giới	Nhẫn	35	khóa	爱护之戒
10422107	Quy Vân Vô Song Giới	Nhẫn	38	khóa	归云无双戒
10422108	Thương Sơn Lang Cốt Giới Chỉ	Nhẫn	43	khóa	苍山狼骨戒指
10422109	Thiết Trảo Giới Chỉ	Nhẫn	45	khóa	铁爪戒指
10422110	Tử Vy Đích Giới Chỉ	Nhẫn	50	khóa	紫薇的戒指
10422111	Linh Hồn Đích Ký Thác	Nhẫn	60	khóa	灵魂的寄托
10422112	Tinh Quân Nhãn	Nhẫn	62	khóa	星君眼
10422113	Ni Bá Long Căn Giới Chỉ	Nhẫn	70	khóa	尼伯龙根戒指
10422114	Quỷ Lỗi Toái Phiến	Nhẫn	72	khóa	傀儡碎片
10422115	Mã Phỉ Bình An Giới	Nhẫn	78	khóa	马匪平安戒
10422116	Nguyên Soái Đích Kim Giới	Nhẫn	87	khóa	元帅的金戒
10422117	Nữ Chân Thủ Lãnh Chỉ Hoàn	Nhẫn	90	khóa	女真首领指环
10422118	Thiên Niên Ngạc Ngư Nha Giới Chỉ	Nhẫn	92	khóa	千年鳄鱼牙戒指
10422119	Tu La Phong Cuồng Chi Lực	Nhẫn	98	khóa	修罗疯狂之力
10422120	Trữ Tĩnh Chi Tuyết	Nhẫn	98	khóa	宁静之雪
10422121	Tần Võ-Trác	Nhẫn	75	khóa	秦武·卓
10422122	Tần Hồn-Huyễn	Nhẫn	85	khóa	秦魂·幻
10422123	Tần Võ-Tru	Nhẫn	75	khóa	秦武·诛
10422124	Tần Hồn-Ly	Nhẫn	85	khóa	秦魂·离
10422125	Vĩnh Hằng Khoan Giới	Nhẫn	30	khóa	永恒钻戒
10422126	Vĩnh Hằng Khoan Giới	Nhẫn	40	khóa	永恒钻戒
10422127	Vĩnh Hằng Khoan Giới	Nhẫn	50	khóa	永恒钻戒
10422128	Vĩnh Hằng Khoan Giới	Nhẫn	60	khóa	永恒钻戒
10422129	Vĩnh Hằng Khoan Giới	Nhẫn	70	khóa	永恒钻戒
10422130	Vĩnh Hằng Khoan Giới	Nhẫn	80	khóa	永恒钻戒
10422131	Vĩnh Hằng Khoan Giới	Nhẫn	90	khóa	永恒钻戒
10422132	Vĩnh Hằng Khoan Giới	Nhẫn	100	khóa	永恒钻戒
10422133	Chúc Phúc Đích Vĩnh Hằng Khoan Giới	Nhẫn	30	khóa	祝福的永恒钻戒
10422134	Chúc Phúc Đích Vĩnh Hằng Khoan Giới	Nhẫn	40	khóa	祝福的永恒钻戒
10422135	Chúc Phúc Đích Vĩnh Hằng Khoan Giới	Nhẫn	50	khóa	祝福的永恒钻戒
10422136	Chúc Phúc Đích Vĩnh Hằng Khoan Giới	Nhẫn	60	khóa	祝福的永恒钻戒
10422137	Chúc Phúc Đích Vĩnh Hằng Khoan Giới	Nhẫn	70	khóa	祝福的永恒钻戒
10422138	Chúc Phúc Đích Vĩnh Hằng Khoan Giới	Nhẫn	80	khóa	祝福的永恒钻戒
10422139	Chúc Phúc Đích Vĩnh Hằng Khoan Giới	Nhẫn	90	khóa	祝福的永恒钻戒
10422140	Chúc Phúc Đích Vĩnh Hằng Khoan Giới	Nhẫn	100	khóa	祝福的永恒钻戒
10423001	Đại Lý Quốc Hiền Thần Ngọc Bội	Hộ phù	20	khóa	大理国贤臣玉佩
10423002	Đại Lý Quốc Lương Tương Ngọc Bội	Hộ phù	20	khóa	大理国良将玉佩
10423003	Đại Lý Quốc Anh Hùng Ngọc Bội	Hộ phù	20	khóa	大理国英雄玉佩
10423004	Đại Lý Quốc Mãnh Sĩ Ngọc Bội	Hộ phù	20	khóa	大理国猛士玉佩
10423005	Di Hình Hộ Thân Phù	Hộ phù	30	khóa	移形护身符
10423006	Bách Biến Hộ Thân Phù	Hộ phù	30	khóa	百变护身符
10423007	Thần Nhãn Hộ Thân Phù	Hộ phù	30	khóa	神眼护身符
10423008	Đề Nhĩ Thần Tượng	Hộ phù	40	khóa	提尔神像
10423009	Tắc Đặc Thần Tượng	Hộ phù	40	khóa	塞特神像
10423010	Nhân Đà La Thần Tượng	Hộ phù	40	khóa	因陀罗神像
10423011	A Thuỵ Tư Thần Tượng	Hộ phù	40	khóa	阿瑞斯神像
10423012	Chuyên Chư Miêu Kim Hương Nang	Hộ phù	50	khóa	专诸描金香囊
10423013	Nhiếp Chính Thanh Ngọc Bội Sức	Hộ phù	50	khóa	聂政青玉佩饰
10423014	Yếu Ly Long Cốt Hộ Phù	Hộ phù	50	khóa	要离龙骨护符
10423015	Huyết Hải Thâm Thù Ngọc Bội	Hộ phù	60	khóa	血海深仇玉佩
10423016	Thần Thánh Hiệp Nghĩa Hộ Phù	Hộ phù	70	khóa	神圣侠义护符
10423017	Thần Thánh Tình Cảm Hộ Phù	Hộ phù	70	khóa	神圣情感护符
10423018	Thần Thánh Mộng Tưởng Hộ Phù	Hộ phù	70	khóa	神圣梦想护符
10423019	Thần Thánh Tự Do Hộ Phù	Hộ phù	70	khóa	神圣自由护符
10423020	Thiên Long Tân Thủ Hộ Phù	Hộ phù	1	khóa	天龙新手护符
10423021	Yến Hầu Thánh Phù	Hộ phù	50	khóa	燕侯圣符
10423022	Hạo Linh Tĩnh Ảnh	Hộ phù	60	khóa	皓灵静影
10423023	Xích Luyện Ngọc	Hộ phù	70	khóa	赤炼玉
10423024	Trùng Lâu Ngọc	Hộ phù	50	giao dịch được	重楼玉
10423025	Chân-Trùng Lâu Ngọc	Hộ phù	50	khóa	真·重楼玉
10423026	Trùng Lâu Ngọc	Hộ phù	50	khóa	重楼玉
10423027	Hộ Phù	Hộ phù	10	khóa	护符
10423028	Hộ Phù	Hộ phù	15	khóa	护符
10423029	Hộ Phù	Hộ phù	23	khóa	护符
10423030	Hộ Phù	Hộ phù	30	khóa	护符
10423031	Hộ Phù	Hộ phù	35	khóa	护符
10423032	Hộ Phù	Hộ phù	38	khóa	护符
10423033	Hộ Phù	Hộ phù	43	khóa	护符
10423034	Hộ Phù	Hộ phù	45	khóa	护符
10423035	Hộ Phù	Hộ phù	50	khóa	护符
10423036	Hộ Phù	Hộ phù	60	khóa	护符
10423037	Hộ Phù	Hộ phù	62	khóa	护符
10423038	Hộ Phù	Hộ phù	70	khóa	护符
10423039	Hộ Phù	Hộ phù	72	khóa	护符
10423040	Hộ Phù	Hộ phù	78	khóa	护符
10423041	Hộ Phù	Hộ phù	87	khóa	护符
10423042	Hộ Phù	Hộ phù	90	khóa	护符
10423043	Hộ Phù	Hộ phù	92	khóa	护符
10423044	Hộ Phù	Hộ phù	98	khóa	护符
10423045	Hộ Phù	Hộ phù	98	khóa	护符
10423046	Tần Võ-Thắng	Hộ phù	75	khóa	秦武·胜
10423047	Tần Hồn-Mạch	Hộ phù	85	khóa	秦魂·陌
10423048	Tần Võ-Lược	Hộ phù	75	khóa	秦武·掠
10423049	Tần Hồn-Tàn	Hộ phù	85	khóa	秦魂·残
10423050	Gia Niên Hoa Kỷ Niệm Chương	Hộ phù	30	khóa	嘉年华纪念章
10430001	Đạt Ma Chi Tân Thiết Liên Hoàn Đao	Đao phủ	1	giao dịch được	达摩之镔铁连环刀
10430002	Đạt Ma Chi Tân Thiết Liên Hoàn Đao	Đao phủ	2	giao dịch được	达摩之镔铁连环刀
10430003	Đạt Ma Chi Tân Thiết Liên Hoàn Đao	Đao phủ	3	giao dịch được	达摩之镔铁连环刀
10430004	Đạt Ma Chi Tân Thiết Liên Hoàn Đao	Đao phủ	4	giao dịch được	达摩之镔铁连环刀
10430005	Đạt Ma Chi Tân Thiết Liên Hoàn Đao	Đao phủ	5	giao dịch được	达摩之镔铁连环刀
10430006	Đạt Ma Chi Tân Thiết Liên Hoàn Đao	Đao phủ	6	giao dịch được	达摩之镔铁连环刀
10430007	Đạt Ma Chi Tân Thiết Liên Hoàn Đao	Đao phủ	7	giao dịch được	达摩之镔铁连环刀
10430008	Đạt Ma Chi Tân Thiết Liên Hoàn Đao	Đao phủ	8	giao dịch được	达摩之镔铁连环刀
10430009	Đạt Ma Chi Tân Thiết Liên Hoàn Đao	Đao phủ	9	giao dịch được	达摩之镔铁连环刀
10430010	Đạt Ma Chi Tân Thiết Liên Hoàn Đao	Đao phủ	10	giao dịch được	达摩之镔铁连环刀
10430011	Đạt Ma Chi Xung Trận Trảm Mã Đao	Đao phủ	11	giao dịch được	达摩之冲阵斩马刀
10430012	Đạt Ma Chi Xung Trận Trảm Mã Đao	Đao phủ	12	giao dịch được	达摩之冲阵斩马刀
10430013	Đạt Ma Chi Xung Trận Trảm Mã Đao	Đao phủ	13	giao dịch được	达摩之冲阵斩马刀
10430014	Đạt Ma Chi Xung Trận Trảm Mã Đao	Đao phủ	14	giao dịch được	达摩之冲阵斩马刀
10430015	Đạt Ma Chi Xung Trận Trảm Mã Đao	Đao phủ	15	giao dịch được	达摩之冲阵斩马刀
10430016	Đạt Ma Chi Xung Trận Trảm Mã Đao	Đao phủ	16	giao dịch được	达摩之冲阵斩马刀
10430017	Đạt Ma Chi Xung Trận Trảm Mã Đao	Đao phủ	17	giao dịch được	达摩之冲阵斩马刀
10430018	Đạt Ma Chi Xung Trận Trảm Mã Đao	Đao phủ	18	giao dịch được	达摩之冲阵斩马刀
10430019	Đạt Ma Chi Xung Trận Trảm Mã Đao	Đao phủ	19	giao dịch được	达摩之冲阵斩马刀
10430020	Đạt Ma Chi Xung Trận Trảm Mã Đao	Đao phủ	20	giao dịch được	达摩之冲阵斩马刀
10430021	Đạt Ma Chi Phách Thuỷ Điện Quang Đao	Đao phủ	21	giao dịch được	达摩之劈水电光刀
10430022	Đạt Ma Chi Phách Thuỷ Điện Quang Đao	Đao phủ	22	giao dịch được	达摩之劈水电光刀
10430023	Đạt Ma Chi Phách Thuỷ Điện Quang Đao	Đao phủ	23	giao dịch được	达摩之劈水电光刀
10430024	Đạt Ma Chi Phách Thuỷ Điện Quang Đao	Đao phủ	24	giao dịch được	达摩之劈水电光刀
10430025	Đạt Ma Chi Phách Thuỷ Điện Quang Đao	Đao phủ	25	giao dịch được	达摩之劈水电光刀
10430026	Đạt Ma Chi Phách Thuỷ Điện Quang Đao	Đao phủ	26	giao dịch được	达摩之劈水电光刀
10430027	Đạt Ma Chi Phách Thuỷ Điện Quang Đao	Đao phủ	27	giao dịch được	达摩之劈水电光刀
10430028	Đạt Ma Chi Phách Thuỷ Điện Quang Đao	Đao phủ	28	giao dịch được	达摩之劈水电光刀
10430029	Đạt Ma Chi Phách Thuỷ Điện Quang Đao	Đao phủ	29	giao dịch được	达摩之劈水电光刀
10430030	Đạt Ma Chi Phách Thuỷ Điện Quang Đao	Đao phủ	30	giao dịch được	达摩之劈水电光刀
10430031	Đạt Ma Chi Ngư Lân Thiếp Kim Đao	Đao phủ	31	giao dịch được	达摩之鱼鳞贴金刀
10430032	Đạt Ma Chi Ngư Lân Thiếp Kim Đao	Đao phủ	32	giao dịch được	达摩之鱼鳞贴金刀
10430033	Đạt Ma Chi Ngư Lân Thiếp Kim Đao	Đao phủ	33	giao dịch được	达摩之鱼鳞贴金刀
10430034	Đạt Ma Chi Ngư Lân Thiếp Kim Đao	Đao phủ	34	giao dịch được	达摩之鱼鳞贴金刀
10430035	Đạt Ma Chi Ngư Lân Thiếp Kim Đao	Đao phủ	35	giao dịch được	达摩之鱼鳞贴金刀
10430036	Đạt Ma Chi Ngư Lân Thiếp Kim Đao	Đao phủ	36	giao dịch được	达摩之鱼鳞贴金刀
10430037	Đạt Ma Chi Ngư Lân Thiếp Kim Đao	Đao phủ	37	giao dịch được	达摩之鱼鳞贴金刀
10430038	Đạt Ma Chi Ngư Lân Thiếp Kim Đao	Đao phủ	38	giao dịch được	达摩之鱼鳞贴金刀
10430039	Đạt Ma Chi Ngư Lân Thiếp Kim Đao	Đao phủ	39	giao dịch được	达摩之鱼鳞贴金刀
10430040	Đạt Ma Chi Ngư Lân Thiếp Kim Đao	Đao phủ	40	giao dịch được	达摩之鱼鳞贴金刀
10430041	Đạt Ma Chi Hỗn Thiên Cái Địa Sóc	Đao phủ	41	giao dịch được	达摩之混天盖地槊
10430042	Đạt Ma Chi Hỗn Thiên Cái Địa Sóc	Đao phủ	42	giao dịch được	达摩之混天盖地槊
10430043	Đạt Ma Chi Hỗn Thiên Cái Địa Sóc	Đao phủ	43	giao dịch được	达摩之混天盖地槊
10430044	Đạt Ma Chi Hỗn Thiên Cái Địa Sóc	Đao phủ	44	giao dịch được	达摩之混天盖地槊
10430045	Đạt Ma Chi Hỗn Thiên Cái Địa Sóc	Đao phủ	45	giao dịch được	达摩之混天盖地槊
10430046	Đạt Ma Chi Hỗn Thiên Cái Địa Sóc	Đao phủ	46	giao dịch được	达摩之混天盖地槊
10430047	Đạt Ma Chi Hỗn Thiên Cái Địa Sóc	Đao phủ	47	giao dịch được	达摩之混天盖地槊
10430048	Đạt Ma Chi Hỗn Thiên Cái Địa Sóc	Đao phủ	48	giao dịch được	达摩之混天盖地槊
10430049	Đạt Ma Chi Hỗn Thiên Cái Địa Sóc	Đao phủ	49	giao dịch được	达摩之混天盖地槊
10430050	Đạt Ma Chi Hỗn Thiên Cái Địa Sóc	Đao phủ	50	giao dịch được	达摩之混天盖地槊
10430051	Đạt Ma Chi Song Sí Khốn Long Việt	Đao phủ	51	giao dịch được	达摩之双翅困龙钺
10430052	Đạt Ma Chi Song Sí Khốn Long Việt	Đao phủ	52	giao dịch được	达摩之双翅困龙钺
10430053	Đạt Ma Chi Song Sí Khốn Long Việt	Đao phủ	53	giao dịch được	达摩之双翅困龙钺
10430054	Đạt Ma Chi Song Sí Khốn Long Việt	Đao phủ	54	giao dịch được	达摩之双翅困龙钺
10430055	Đạt Ma Chi Song Sí Khốn Long Việt	Đao phủ	55	giao dịch được	达摩之双翅困龙钺
10430056	Đạt Ma Chi Song Sí Khốn Long Việt	Đao phủ	56	giao dịch được	达摩之双翅困龙钺
10430057	Đạt Ma Chi Song Sí Khốn Long Việt	Đao phủ	57	giao dịch được	达摩之双翅困龙钺
10430058	Đạt Ma Chi Song Sí Khốn Long Việt	Đao phủ	58	giao dịch được	达摩之双翅困龙钺
10430059	Đạt Ma Chi Song Sí Khốn Long Việt	Đao phủ	59	giao dịch được	达摩之双翅困龙钺
10430060	Đạt Ma Chi Song Sí Khốn Long Việt	Đao phủ	60	giao dịch được	达摩之双翅困龙钺
10430061	Đạt Ma Chi Phượng Sí Lưu Kim Đảng	Đao phủ	61	giao dịch được	达摩之凤翅镏金镋
10430062	Đạt Ma Chi Phượng Sí Lưu Kim Đảng	Đao phủ	62	giao dịch được	达摩之凤翅镏金镋
10430063	Đạt Ma Chi Phượng Sí Lưu Kim Đảng	Đao phủ	63	giao dịch được	达摩之凤翅镏金镋
10430064	Đạt Ma Chi Phượng Sí Lưu Kim Đảng	Đao phủ	64	giao dịch được	达摩之凤翅镏金镋
10430065	Đạt Ma Chi Phượng Sí Lưu Kim Đảng	Đao phủ	65	giao dịch được	达摩之凤翅镏金镋
10430066	Đạt Ma Chi Phượng Sí Lưu Kim Đảng	Đao phủ	66	giao dịch được	达摩之凤翅镏金镋
10430067	Đạt Ma Chi Phượng Sí Lưu Kim Đảng	Đao phủ	67	giao dịch được	达摩之凤翅镏金镋
10430068	Đạt Ma Chi Phượng Sí Lưu Kim Đảng	Đao phủ	68	giao dịch được	达摩之凤翅镏金镋
10430069	Đạt Ma Chi Phượng Sí Lưu Kim Đảng	Đao phủ	69	giao dịch được	达摩之凤翅镏金镋
10430070	Đạt Ma Chi Phượng Sí Lưu Kim Đảng	Đao phủ	70	giao dịch được	达摩之凤翅镏金镋
10430071	Đạt Ma Chi Hợp Phiến Bản Môn Đao	Đao phủ	71	giao dịch được	达摩之合扇板门刀
10430072	Đạt Ma Chi Hợp Phiến Bản Môn Đao	Đao phủ	72	giao dịch được	达摩之合扇板门刀
10430073	Đạt Ma Chi Hợp Phiến Bản Môn Đao	Đao phủ	73	giao dịch được	达摩之合扇板门刀
10430074	Đạt Ma Chi Hợp Phiến Bản Môn Đao	Đao phủ	74	giao dịch được	达摩之合扇板门刀
10430075	Đạt Ma Chi Hợp Phiến Bản Môn Đao	Đao phủ	75	giao dịch được	达摩之合扇板门刀
10430076	Đạt Ma Chi Hợp Phiến Bản Môn Đao	Đao phủ	76	giao dịch được	达摩之合扇板门刀
10430077	Đạt Ma Chi Hợp Phiến Bản Môn Đao	Đao phủ	77	giao dịch được	达摩之合扇板门刀
10430078	Đạt Ma Chi Hợp Phiến Bản Môn Đao	Đao phủ	78	giao dịch được	达摩之合扇板门刀
10430079	Đạt Ma Chi Hợp Phiến Bản Môn Đao	Đao phủ	79	giao dịch được	达摩之合扇板门刀
10430080	Đạt Ma Chi Hợp Phiến Bản Môn Đao	Đao phủ	80	giao dịch được	达摩之合扇板门刀
10430081	Đạt Ma Chi Thanh Long Yển Nguyệt Đao	Đao phủ	81	giao dịch được	达摩之青龙偃月刀
10430082	Đạt Ma Chi Thanh Long Yển Nguyệt Đao	Đao phủ	82	giao dịch được	达摩之青龙偃月刀
10430083	Đạt Ma Chi Thanh Long Yển Nguyệt Đao	Đao phủ	83	giao dịch được	达摩之青龙偃月刀
10430084	Đạt Ma Chi Thanh Long Yển Nguyệt Đao	Đao phủ	84	giao dịch được	达摩之青龙偃月刀
10430085	Đạt Ma Chi Thanh Long Yển Nguyệt Đao	Đao phủ	85	giao dịch được	达摩之青龙偃月刀
10430086	Đạt Ma Chi Thanh Long Yển Nguyệt Đao	Đao phủ	86	giao dịch được	达摩之青龙偃月刀
10430087	Đạt Ma Chi Thanh Long Yển Nguyệt Đao	Đao phủ	87	giao dịch được	达摩之青龙偃月刀
10430088	Đạt Ma Chi Thanh Long Yển Nguyệt Đao	Đao phủ	88	giao dịch được	达摩之青龙偃月刀
10430089	Đạt Ma Chi Thanh Long Yển Nguyệt Đao	Đao phủ	89	giao dịch được	达摩之青龙偃月刀
10430090	Đạt Ma Chi Thanh Long Yển Nguyệt Đao	Đao phủ	90	giao dịch được	达摩之青龙偃月刀
10430091	Đạt Ma Chi Sát Vũ	Đao phủ	91	giao dịch được	达摩之铩羽
10430092	Đạt Ma Chi Sát Vũ	Đao phủ	92	giao dịch được	达摩之铩羽
10430093	Đạt Ma Chi Sát Vũ	Đao phủ	93	giao dịch được	达摩之铩羽
10430094	Đạt Ma Chi Sát Vũ	Đao phủ	94	giao dịch được	达摩之铩羽
10430095	Đạt Ma Chi Sát Vũ	Đao phủ	95	giao dịch được	达摩之铩羽
10430096	Đạt Ma Chi Sát Vũ	Đao phủ	96	giao dịch được	达摩之铩羽
10430097	Đạt Ma Chi Sát Vũ	Đao phủ	97	giao dịch được	达摩之铩羽
10430098	Đạt Ma Chi Sát Vũ	Đao phủ	98	giao dịch được	达摩之铩羽
10430099	Đạt Ma Chi Sát Vũ	Đao phủ	99	giao dịch được	达摩之铩羽
10430100	Đạt Ma Chi Sát Vũ	Đao phủ	100	giao dịch được	达摩之铩羽
10430101	Thánh Hoả Chi Tân Thiết Liên Hoàn Đao	Đao phủ	1	giao dịch được	圣火之镔铁连环刀
10430102	Thánh Hoả Chi Tân Thiết Liên Hoàn Đao	Đao phủ	2	giao dịch được	圣火之镔铁连环刀
10430103	Thánh Hoả Chi Tân Thiết Liên Hoàn Đao	Đao phủ	3	giao dịch được	圣火之镔铁连环刀
10430104	Thánh Hoả Chi Tân Thiết Liên Hoàn Đao	Đao phủ	4	giao dịch được	圣火之镔铁连环刀
10430105	Thánh Hoả Chi Tân Thiết Liên Hoàn Đao	Đao phủ	5	giao dịch được	圣火之镔铁连环刀
10430106	Thánh Hoả Chi Tân Thiết Liên Hoàn Đao	Đao phủ	6	giao dịch được	圣火之镔铁连环刀
10430107	Thánh Hoả Chi Tân Thiết Liên Hoàn Đao	Đao phủ	7	giao dịch được	圣火之镔铁连环刀
10430108	Thánh Hoả Chi Tân Thiết Liên Hoàn Đao	Đao phủ	8	giao dịch được	圣火之镔铁连环刀
10430109	Thánh Hoả Chi Tân Thiết Liên Hoàn Đao	Đao phủ	9	giao dịch được	圣火之镔铁连环刀
10430110	Thánh Hoả Chi Tân Thiết Liên Hoàn Đao	Đao phủ	10	giao dịch được	圣火之镔铁连环刀
10430111	Thánh Hoả Chi Xung Trận Trảm Mã Đao	Đao phủ	11	giao dịch được	圣火之冲阵斩马刀
10430112	Thánh Hoả Chi Xung Trận Trảm Mã Đao	Đao phủ	12	giao dịch được	圣火之冲阵斩马刀
10430113	Thánh Hoả Chi Xung Trận Trảm Mã Đao	Đao phủ	13	giao dịch được	圣火之冲阵斩马刀
10430114	Thánh Hoả Chi Xung Trận Trảm Mã Đao	Đao phủ	14	giao dịch được	圣火之冲阵斩马刀
10430115	Thánh Hoả Chi Xung Trận Trảm Mã Đao	Đao phủ	15	giao dịch được	圣火之冲阵斩马刀
10430116	Thánh Hoả Chi Xung Trận Trảm Mã Đao	Đao phủ	16	giao dịch được	圣火之冲阵斩马刀
10430117	Thánh Hoả Chi Xung Trận Trảm Mã Đao	Đao phủ	17	giao dịch được	圣火之冲阵斩马刀
10430118	Thánh Hoả Chi Xung Trận Trảm Mã Đao	Đao phủ	18	giao dịch được	圣火之冲阵斩马刀
10430119	Thánh Hoả Chi Xung Trận Trảm Mã Đao	Đao phủ	19	giao dịch được	圣火之冲阵斩马刀
10430120	Thánh Hoả Chi Xung Trận Trảm Mã Đao	Đao phủ	20	giao dịch được	圣火之冲阵斩马刀
10430121	Thánh Hoả Chi Phách Thuỷ Điện Quang Đao	Đao phủ	21	giao dịch được	圣火之劈水电光刀
10430122	Thánh Hoả Chi Phách Thuỷ Điện Quang Đao	Đao phủ	22	giao dịch được	圣火之劈水电光刀
10430123	Thánh Hoả Chi Phách Thuỷ Điện Quang Đao	Đao phủ	23	giao dịch được	圣火之劈水电光刀
10430124	Thánh Hoả Chi Phách Thuỷ Điện Quang Đao	Đao phủ	24	giao dịch được	圣火之劈水电光刀
10430125	Thánh Hoả Chi Phách Thuỷ Điện Quang Đao	Đao phủ	25	giao dịch được	圣火之劈水电光刀
10430126	Thánh Hoả Chi Phách Thuỷ Điện Quang Đao	Đao phủ	26	giao dịch được	圣火之劈水电光刀
10430127	Thánh Hoả Chi Phách Thuỷ Điện Quang Đao	Đao phủ	27	giao dịch được	圣火之劈水电光刀
10430128	Thánh Hoả Chi Phách Thuỷ Điện Quang Đao	Đao phủ	28	giao dịch được	圣火之劈水电光刀
10430129	Thánh Hoả Chi Phách Thuỷ Điện Quang Đao	Đao phủ	29	giao dịch được	圣火之劈水电光刀
10430130	Thánh Hoả Chi Phách Thuỷ Điện Quang Đao	Đao phủ	30	giao dịch được	圣火之劈水电光刀
10430131	Thánh Hoả Chi Ngư Lân Thiếp Kim Đao	Đao phủ	31	giao dịch được	圣火之鱼鳞贴金刀
10430132	Thánh Hoả Chi Ngư Lân Thiếp Kim Đao	Đao phủ	32	giao dịch được	圣火之鱼鳞贴金刀
10430133	Thánh Hoả Chi Ngư Lân Thiếp Kim Đao	Đao phủ	33	giao dịch được	圣火之鱼鳞贴金刀
10430134	Thánh Hoả Chi Ngư Lân Thiếp Kim Đao	Đao phủ	34	giao dịch được	圣火之鱼鳞贴金刀
10430135	Thánh Hoả Chi Ngư Lân Thiếp Kim Đao	Đao phủ	35	giao dịch được	圣火之鱼鳞贴金刀
10430136	Thánh Hoả Chi Ngư Lân Thiếp Kim Đao	Đao phủ	36	giao dịch được	圣火之鱼鳞贴金刀
10430137	Thánh Hoả Chi Ngư Lân Thiếp Kim Đao	Đao phủ	37	giao dịch được	圣火之鱼鳞贴金刀
10430138	Thánh Hoả Chi Ngư Lân Thiếp Kim Đao	Đao phủ	38	giao dịch được	圣火之鱼鳞贴金刀
10430139	Thánh Hoả Chi Ngư Lân Thiếp Kim Đao	Đao phủ	39	giao dịch được	圣火之鱼鳞贴金刀
10430140	Thánh Hoả Chi Ngư Lân Thiếp Kim Đao	Đao phủ	40	giao dịch được	圣火之鱼鳞贴金刀
10430141	Thánh Hoả Chi Hỗn Thiên Cái Địa Sóc	Đao phủ	41	giao dịch được	圣火之混天盖地槊
10430142	Thánh Hoả Chi Hỗn Thiên Cái Địa Sóc	Đao phủ	42	giao dịch được	圣火之混天盖地槊
10430143	Thánh Hoả Chi Hỗn Thiên Cái Địa Sóc	Đao phủ	43	giao dịch được	圣火之混天盖地槊
10430144	Thánh Hoả Chi Hỗn Thiên Cái Địa Sóc	Đao phủ	44	giao dịch được	圣火之混天盖地槊
10430145	Thánh Hoả Chi Hỗn Thiên Cái Địa Sóc	Đao phủ	45	giao dịch được	圣火之混天盖地槊
10430146	Thánh Hoả Chi Hỗn Thiên Cái Địa Sóc	Đao phủ	46	giao dịch được	圣火之混天盖地槊
10430147	Thánh Hoả Chi Hỗn Thiên Cái Địa Sóc	Đao phủ	47	giao dịch được	圣火之混天盖地槊
10430148	Thánh Hoả Chi Hỗn Thiên Cái Địa Sóc	Đao phủ	48	giao dịch được	圣火之混天盖地槊
10430149	Thánh Hoả Chi Hỗn Thiên Cái Địa Sóc	Đao phủ	49	giao dịch được	圣火之混天盖地槊
10430150	Thánh Hoả Chi Hỗn Thiên Cái Địa Sóc	Đao phủ	50	giao dịch được	圣火之混天盖地槊
10430151	Thánh Hoả Chi Song Sí Khốn Long Việt	Đao phủ	51	giao dịch được	圣火之双翅困龙钺
10430152	Thánh Hoả Chi Song Sí Khốn Long Việt	Đao phủ	52	giao dịch được	圣火之双翅困龙钺
10430153	Thánh Hoả Chi Song Sí Khốn Long Việt	Đao phủ	53	giao dịch được	圣火之双翅困龙钺
10430154	Thánh Hoả Chi Song Sí Khốn Long Việt	Đao phủ	54	giao dịch được	圣火之双翅困龙钺
10430155	Thánh Hoả Chi Song Sí Khốn Long Việt	Đao phủ	55	giao dịch được	圣火之双翅困龙钺
10430156	Thánh Hoả Chi Song Sí Khốn Long Việt	Đao phủ	56	giao dịch được	圣火之双翅困龙钺
10430157	Thánh Hoả Chi Song Sí Khốn Long Việt	Đao phủ	57	giao dịch được	圣火之双翅困龙钺
10430158	Thánh Hoả Chi Song Sí Khốn Long Việt	Đao phủ	58	giao dịch được	圣火之双翅困龙钺
10430159	Thánh Hoả Chi Song Sí Khốn Long Việt	Đao phủ	59	giao dịch được	圣火之双翅困龙钺
10430160	Thánh Hoả Chi Song Sí Khốn Long Việt	Đao phủ	60	giao dịch được	圣火之双翅困龙钺
10430161	Thánh Hoả Chi Phượng Sí Lưu Kim Đảng	Đao phủ	61	giao dịch được	圣火之凤翅镏金镋
10430162	Thánh Hoả Chi Phượng Sí Lưu Kim Đảng	Đao phủ	62	giao dịch được	圣火之凤翅镏金镋
10430163	Thánh Hoả Chi Phượng Sí Lưu Kim Đảng	Đao phủ	63	giao dịch được	圣火之凤翅镏金镋
10430164	Thánh Hoả Chi Phượng Sí Lưu Kim Đảng	Đao phủ	64	giao dịch được	圣火之凤翅镏金镋
10430165	Thánh Hoả Chi Phượng Sí Lưu Kim Đảng	Đao phủ	65	giao dịch được	圣火之凤翅镏金镋
10430166	Thánh Hoả Chi Phượng Sí Lưu Kim Đảng	Đao phủ	66	giao dịch được	圣火之凤翅镏金镋
10430167	Thánh Hoả Chi Phượng Sí Lưu Kim Đảng	Đao phủ	67	giao dịch được	圣火之凤翅镏金镋
10430168	Thánh Hoả Chi Phượng Sí Lưu Kim Đảng	Đao phủ	68	giao dịch được	圣火之凤翅镏金镋
10430169	Thánh Hoả Chi Phượng Sí Lưu Kim Đảng	Đao phủ	69	giao dịch được	圣火之凤翅镏金镋
10430170	Thánh Hoả Chi Phượng Sí Lưu Kim Đảng	Đao phủ	70	giao dịch được	圣火之凤翅镏金镋
10430171	Thánh Hoả Chi Hợp Phiến Bản Môn Đao	Đao phủ	71	giao dịch được	圣火之合扇板门刀
10430172	Thánh Hoả Chi Hợp Phiến Bản Môn Đao	Đao phủ	72	giao dịch được	圣火之合扇板门刀
10430173	Thánh Hoả Chi Hợp Phiến Bản Môn Đao	Đao phủ	73	giao dịch được	圣火之合扇板门刀
10430174	Thánh Hoả Chi Hợp Phiến Bản Môn Đao	Đao phủ	74	giao dịch được	圣火之合扇板门刀
10430175	Thánh Hoả Chi Hợp Phiến Bản Môn Đao	Đao phủ	75	giao dịch được	圣火之合扇板门刀
10430176	Thánh Hoả Chi Hợp Phiến Bản Môn Đao	Đao phủ	76	giao dịch được	圣火之合扇板门刀
10430177	Thánh Hoả Chi Hợp Phiến Bản Môn Đao	Đao phủ	77	giao dịch được	圣火之合扇板门刀
10430178	Thánh Hoả Chi Hợp Phiến Bản Môn Đao	Đao phủ	78	giao dịch được	圣火之合扇板门刀
10430179	Thánh Hoả Chi Hợp Phiến Bản Môn Đao	Đao phủ	79	giao dịch được	圣火之合扇板门刀
10430180	Thánh Hoả Chi Hợp Phiến Bản Môn Đao	Đao phủ	80	giao dịch được	圣火之合扇板门刀
10430181	Thánh Hoả Chi Thanh Long Yển Nguyệt Đao	Đao phủ	81	giao dịch được	圣火之青龙偃月刀
10430182	Thánh Hoả Chi Thanh Long Yển Nguyệt Đao	Đao phủ	82	giao dịch được	圣火之青龙偃月刀
10430183	Thánh Hoả Chi Thanh Long Yển Nguyệt Đao	Đao phủ	83	giao dịch được	圣火之青龙偃月刀
10430184	Thánh Hoả Chi Thanh Long Yển Nguyệt Đao	Đao phủ	84	giao dịch được	圣火之青龙偃月刀
10430185	Thánh Hoả Chi Thanh Long Yển Nguyệt Đao	Đao phủ	85	giao dịch được	圣火之青龙偃月刀
10430186	Thánh Hoả Chi Thanh Long Yển Nguyệt Đao	Đao phủ	86	giao dịch được	圣火之青龙偃月刀
10430187	Thánh Hoả Chi Thanh Long Yển Nguyệt Đao	Đao phủ	87	giao dịch được	圣火之青龙偃月刀
10430188	Thánh Hoả Chi Thanh Long Yển Nguyệt Đao	Đao phủ	88	giao dịch được	圣火之青龙偃月刀
10430189	Thánh Hoả Chi Thanh Long Yển Nguyệt Đao	Đao phủ	89	giao dịch được	圣火之青龙偃月刀
10430190	Thánh Hoả Chi Thanh Long Yển Nguyệt Đao	Đao phủ	90	giao dịch được	圣火之青龙偃月刀
10430191	Thánh Hoả Chi Sát Vũ	Đao phủ	91	giao dịch được	圣火之铩羽
10430192	Thánh Hoả Chi Sát Vũ	Đao phủ	92	giao dịch được	圣火之铩羽
10430193	Thánh Hoả Chi Sát Vũ	Đao phủ	93	giao dịch được	圣火之铩羽
10430194	Thánh Hoả Chi Sát Vũ	Đao phủ	94	giao dịch được	圣火之铩羽
10430195	Thánh Hoả Chi Sát Vũ	Đao phủ	95	giao dịch được	圣火之铩羽
10430196	Thánh Hoả Chi Sát Vũ	Đao phủ	96	giao dịch được	圣火之铩羽
10430197	Thánh Hoả Chi Sát Vũ	Đao phủ	97	giao dịch được	圣火之铩羽
10430198	Thánh Hoả Chi Sát Vũ	Đao phủ	98	giao dịch được	圣火之铩羽
10430199	Thánh Hoả Chi Sát Vũ	Đao phủ	99	giao dịch được	圣火之铩羽
10430200	Thánh Hoả Chi Sát Vũ	Đao phủ	100	giao dịch được	圣火之铩羽
10430201	Giáng Long Chi Tân Thiết Liên Hoàn Đao	Đao phủ	1	giao dịch được	降龙之镔铁连环刀
10430202	Giáng Long Chi Tân Thiết Liên Hoàn Đao	Đao phủ	2	giao dịch được	降龙之镔铁连环刀
10430203	Giáng Long Chi Tân Thiết Liên Hoàn Đao	Đao phủ	3	giao dịch được	降龙之镔铁连环刀
10430204	Giáng Long Chi Tân Thiết Liên Hoàn Đao	Đao phủ	4	giao dịch được	降龙之镔铁连环刀
10430205	Giáng Long Chi Tân Thiết Liên Hoàn Đao	Đao phủ	5	giao dịch được	降龙之镔铁连环刀
10430206	Giáng Long Chi Tân Thiết Liên Hoàn Đao	Đao phủ	6	giao dịch được	降龙之镔铁连环刀
10430207	Giáng Long Chi Tân Thiết Liên Hoàn Đao	Đao phủ	7	giao dịch được	降龙之镔铁连环刀
10430208	Giáng Long Chi Tân Thiết Liên Hoàn Đao	Đao phủ	8	giao dịch được	降龙之镔铁连环刀
10430209	Giáng Long Chi Tân Thiết Liên Hoàn Đao	Đao phủ	9	giao dịch được	降龙之镔铁连环刀
10430210	Giáng Long Chi Tân Thiết Liên Hoàn Đao	Đao phủ	10	giao dịch được	降龙之镔铁连环刀
10430211	Giáng Long Chi Xung Trận Trảm Mã Đao	Đao phủ	11	giao dịch được	降龙之冲阵斩马刀
10430212	Giáng Long Chi Xung Trận Trảm Mã Đao	Đao phủ	12	giao dịch được	降龙之冲阵斩马刀
10430213	Giáng Long Chi Xung Trận Trảm Mã Đao	Đao phủ	13	giao dịch được	降龙之冲阵斩马刀
10430214	Giáng Long Chi Xung Trận Trảm Mã Đao	Đao phủ	14	giao dịch được	降龙之冲阵斩马刀
10430215	Giáng Long Chi Xung Trận Trảm Mã Đao	Đao phủ	15	giao dịch được	降龙之冲阵斩马刀
10430216	Giáng Long Chi Xung Trận Trảm Mã Đao	Đao phủ	16	giao dịch được	降龙之冲阵斩马刀
10430217	Giáng Long Chi Xung Trận Trảm Mã Đao	Đao phủ	17	giao dịch được	降龙之冲阵斩马刀
10430218	Giáng Long Chi Xung Trận Trảm Mã Đao	Đao phủ	18	giao dịch được	降龙之冲阵斩马刀
10430219	Giáng Long Chi Xung Trận Trảm Mã Đao	Đao phủ	19	giao dịch được	降龙之冲阵斩马刀
10430220	Giáng Long Chi Xung Trận Trảm Mã Đao	Đao phủ	20	giao dịch được	降龙之冲阵斩马刀
10430221	Giáng Long Chi Phách Thuỷ Điện Quang Đao	Đao phủ	21	giao dịch được	降龙之劈水电光刀
10430222	Giáng Long Chi Phách Thuỷ Điện Quang Đao	Đao phủ	22	giao dịch được	降龙之劈水电光刀
10430223	Giáng Long Chi Phách Thuỷ Điện Quang Đao	Đao phủ	23	giao dịch được	降龙之劈水电光刀
10430224	Giáng Long Chi Phách Thuỷ Điện Quang Đao	Đao phủ	24	giao dịch được	降龙之劈水电光刀
10430225	Giáng Long Chi Phách Thuỷ Điện Quang Đao	Đao phủ	25	giao dịch được	降龙之劈水电光刀
10430226	Giáng Long Chi Phách Thuỷ Điện Quang Đao	Đao phủ	26	giao dịch được	降龙之劈水电光刀
10430227	Giáng Long Chi Phách Thuỷ Điện Quang Đao	Đao phủ	27	giao dịch được	降龙之劈水电光刀
10430228	Giáng Long Chi Phách Thuỷ Điện Quang Đao	Đao phủ	28	giao dịch được	降龙之劈水电光刀
10430229	Giáng Long Chi Phách Thuỷ Điện Quang Đao	Đao phủ	29	giao dịch được	降龙之劈水电光刀
10430230	Giáng Long Chi Phách Thuỷ Điện Quang Đao	Đao phủ	30	giao dịch được	降龙之劈水电光刀
10430231	Giáng Long Chi Ngư Lân Thiếp Kim Đao	Đao phủ	31	giao dịch được	降龙之鱼鳞贴金刀
10430232	Giáng Long Chi Ngư Lân Thiếp Kim Đao	Đao phủ	32	giao dịch được	降龙之鱼鳞贴金刀
10430233	Giáng Long Chi Ngư Lân Thiếp Kim Đao	Đao phủ	33	giao dịch được	降龙之鱼鳞贴金刀
10430234	Giáng Long Chi Ngư Lân Thiếp Kim Đao	Đao phủ	34	giao dịch được	降龙之鱼鳞贴金刀
10430235	Giáng Long Chi Ngư Lân Thiếp Kim Đao	Đao phủ	35	giao dịch được	降龙之鱼鳞贴金刀
10430236	Giáng Long Chi Ngư Lân Thiếp Kim Đao	Đao phủ	36	giao dịch được	降龙之鱼鳞贴金刀
10430237	Giáng Long Chi Ngư Lân Thiếp Kim Đao	Đao phủ	37	giao dịch được	降龙之鱼鳞贴金刀
10430238	Giáng Long Chi Ngư Lân Thiếp Kim Đao	Đao phủ	38	giao dịch được	降龙之鱼鳞贴金刀
10430239	Giáng Long Chi Ngư Lân Thiếp Kim Đao	Đao phủ	39	giao dịch được	降龙之鱼鳞贴金刀
10430240	Giáng Long Chi Ngư Lân Thiếp Kim Đao	Đao phủ	40	giao dịch được	降龙之鱼鳞贴金刀
10430241	Giáng Long Chi Hỗn Thiên Cái Địa Sóc	Đao phủ	41	giao dịch được	降龙之混天盖地槊
10430242	Giáng Long Chi Hỗn Thiên Cái Địa Sóc	Đao phủ	42	giao dịch được	降龙之混天盖地槊
10430243	Giáng Long Chi Hỗn Thiên Cái Địa Sóc	Đao phủ	43	giao dịch được	降龙之混天盖地槊
10430244	Giáng Long Chi Hỗn Thiên Cái Địa Sóc	Đao phủ	44	giao dịch được	降龙之混天盖地槊
10430245	Giáng Long Chi Hỗn Thiên Cái Địa Sóc	Đao phủ	45	giao dịch được	降龙之混天盖地槊
10430246	Giáng Long Chi Hỗn Thiên Cái Địa Sóc	Đao phủ	46	giao dịch được	降龙之混天盖地槊
10430247	Giáng Long Chi Hỗn Thiên Cái Địa Sóc	Đao phủ	47	giao dịch được	降龙之混天盖地槊
10430248	Giáng Long Chi Hỗn Thiên Cái Địa Sóc	Đao phủ	48	giao dịch được	降龙之混天盖地槊
10430249	Giáng Long Chi Hỗn Thiên Cái Địa Sóc	Đao phủ	49	giao dịch được	降龙之混天盖地槊
10430250	Giáng Long Chi Hỗn Thiên Cái Địa Sóc	Đao phủ	50	giao dịch được	降龙之混天盖地槊
10430251	Giáng Long Chi Song Sí Khốn Long Việt	Đao phủ	51	giao dịch được	降龙之双翅困龙钺
10430252	Giáng Long Chi Song Sí Khốn Long Việt	Đao phủ	52	giao dịch được	降龙之双翅困龙钺
10430253	Giáng Long Chi Song Sí Khốn Long Việt	Đao phủ	53	giao dịch được	降龙之双翅困龙钺
10430254	Giáng Long Chi Song Sí Khốn Long Việt	Đao phủ	54	giao dịch được	降龙之双翅困龙钺
10430255	Giáng Long Chi Song Sí Khốn Long Việt	Đao phủ	55	giao dịch được	降龙之双翅困龙钺
10430256	Giáng Long Chi Song Sí Khốn Long Việt	Đao phủ	56	giao dịch được	降龙之双翅困龙钺
10430257	Giáng Long Chi Song Sí Khốn Long Việt	Đao phủ	57	giao dịch được	降龙之双翅困龙钺
10430258	Giáng Long Chi Song Sí Khốn Long Việt	Đao phủ	58	giao dịch được	降龙之双翅困龙钺
10430259	Giáng Long Chi Song Sí Khốn Long Việt	Đao phủ	59	giao dịch được	降龙之双翅困龙钺
10430260	Giáng Long Chi Song Sí Khốn Long Việt	Đao phủ	60	giao dịch được	降龙之双翅困龙钺
10430261	Giáng Long Chi Phượng Sí Lưu Kim Đảng	Đao phủ	61	giao dịch được	降龙之凤翅镏金镋
10430262	Giáng Long Chi Phượng Sí Lưu Kim Đảng	Đao phủ	62	giao dịch được	降龙之凤翅镏金镋
10430263	Giáng Long Chi Phượng Sí Lưu Kim Đảng	Đao phủ	63	giao dịch được	降龙之凤翅镏金镋
10430264	Giáng Long Chi Phượng Sí Lưu Kim Đảng	Đao phủ	64	giao dịch được	降龙之凤翅镏金镋
10430265	Giáng Long Chi Phượng Sí Lưu Kim Đảng	Đao phủ	65	giao dịch được	降龙之凤翅镏金镋
10430266	Giáng Long Chi Phượng Sí Lưu Kim Đảng	Đao phủ	66	giao dịch được	降龙之凤翅镏金镋
10430267	Giáng Long Chi Phượng Sí Lưu Kim Đảng	Đao phủ	67	giao dịch được	降龙之凤翅镏金镋
10430268	Giáng Long Chi Phượng Sí Lưu Kim Đảng	Đao phủ	68	giao dịch được	降龙之凤翅镏金镋
10430269	Giáng Long Chi Phượng Sí Lưu Kim Đảng	Đao phủ	69	giao dịch được	降龙之凤翅镏金镋
10430270	Giáng Long Chi Phượng Sí Lưu Kim Đảng	Đao phủ	70	giao dịch được	降龙之凤翅镏金镋
10430271	Giáng Long Chi Hợp Phiến Bản Môn Đao	Đao phủ	71	giao dịch được	降龙之合扇板门刀
10430272	Giáng Long Chi Hợp Phiến Bản Môn Đao	Đao phủ	72	giao dịch được	降龙之合扇板门刀
10430273	Giáng Long Chi Hợp Phiến Bản Môn Đao	Đao phủ	73	giao dịch được	降龙之合扇板门刀
10430274	Giáng Long Chi Hợp Phiến Bản Môn Đao	Đao phủ	74	giao dịch được	降龙之合扇板门刀
10430275	Giáng Long Chi Hợp Phiến Bản Môn Đao	Đao phủ	75	giao dịch được	降龙之合扇板门刀
10430276	Giáng Long Chi Hợp Phiến Bản Môn Đao	Đao phủ	76	giao dịch được	降龙之合扇板门刀
10430277	Giáng Long Chi Hợp Phiến Bản Môn Đao	Đao phủ	77	giao dịch được	降龙之合扇板门刀
10430278	Giáng Long Chi Hợp Phiến Bản Môn Đao	Đao phủ	78	giao dịch được	降龙之合扇板门刀
10430279	Giáng Long Chi Hợp Phiến Bản Môn Đao	Đao phủ	79	giao dịch được	降龙之合扇板门刀
10430280	Giáng Long Chi Hợp Phiến Bản Môn Đao	Đao phủ	80	giao dịch được	降龙之合扇板门刀
10430281	Giáng Long Chi Thanh Long Yển Nguyệt Đao	Đao phủ	81	giao dịch được	降龙之青龙偃月刀
10430282	Giáng Long Chi Thanh Long Yển Nguyệt Đao	Đao phủ	82	giao dịch được	降龙之青龙偃月刀
10430283	Giáng Long Chi Thanh Long Yển Nguyệt Đao	Đao phủ	83	giao dịch được	降龙之青龙偃月刀
10430284	Giáng Long Chi Thanh Long Yển Nguyệt Đao	Đao phủ	84	giao dịch được	降龙之青龙偃月刀
10430285	Giáng Long Chi Thanh Long Yển Nguyệt Đao	Đao phủ	85	giao dịch được	降龙之青龙偃月刀
10430286	Giáng Long Chi Thanh Long Yển Nguyệt Đao	Đao phủ	86	giao dịch được	降龙之青龙偃月刀
10430287	Giáng Long Chi Thanh Long Yển Nguyệt Đao	Đao phủ	87	giao dịch được	降龙之青龙偃月刀
10430288	Giáng Long Chi Thanh Long Yển Nguyệt Đao	Đao phủ	88	giao dịch được	降龙之青龙偃月刀
10430289	Giáng Long Chi Thanh Long Yển Nguyệt Đao	Đao phủ	89	giao dịch được	降龙之青龙偃月刀
10430290	Giáng Long Chi Thanh Long Yển Nguyệt Đao	Đao phủ	90	giao dịch được	降龙之青龙偃月刀
10430291	Giáng Long Chi Sát Vũ	Đao phủ	91	giao dịch được	降龙之铩羽
10430292	Giáng Long Chi Sát Vũ	Đao phủ	92	giao dịch được	降龙之铩羽
10430293	Giáng Long Chi Sát Vũ	Đao phủ	93	giao dịch được	降龙之铩羽
10430294	Giáng Long Chi Sát Vũ	Đao phủ	94	giao dịch được	降龙之铩羽
10430295	Giáng Long Chi Sát Vũ	Đao phủ	95	giao dịch được	降龙之铩羽
10430296	Giáng Long Chi Sát Vũ	Đao phủ	96	giao dịch được	降龙之铩羽
10430297	Giáng Long Chi Sát Vũ	Đao phủ	97	giao dịch được	降龙之铩羽
10430298	Giáng Long Chi Sát Vũ	Đao phủ	98	giao dịch được	降龙之铩羽
10430299	Giáng Long Chi Sát Vũ	Đao phủ	99	giao dịch được	降龙之铩羽
10430300	Giáng Long Chi Sát Vũ	Đao phủ	100	giao dịch được	降龙之铩羽
10430301	Thương Bổng	Thương bổng	81	giao dịch được	枪棒
10430302	Đao Phủ	Đao phủ	82	giao dịch được	刀斧
10430303	Đơn Đoản	Đoản binh	83	giao dịch được	单短
10430304	Hoàn	Hoàn	84	giao dịch được	环
10430305	Phiến	Quạt	85	giao dịch được	扇
10430306	Song Đoản	Song đoản	86	giao dịch được	双短
10430307	(chưa dùng)	Đao phủ	87	giao dịch được	未使用
10430308	(chưa dùng)	Đao phủ	88	giao dịch được	未使用
10430309	(chưa dùng)	Đao phủ	89	giao dịch được	未使用
10430310	(chưa dùng)	Đao phủ	90	giao dịch được	未使用
10430311	(chưa dùng)	Đao phủ	81	giao dịch được	未使用
10430312	(chưa dùng)	Đao phủ	82	giao dịch được	未使用
10430313	(chưa dùng)	Đao phủ	83	giao dịch được	未使用
10430314	(chưa dùng)	Đao phủ	84	giao dịch được	未使用
10430315	(chưa dùng)	Đao phủ	85	giao dịch được	未使用
10430316	(chưa dùng)	Đao phủ	86	giao dịch được	未使用
10430317	(chưa dùng)	Đao phủ	87	giao dịch được	未使用
10430318	(chưa dùng)	Đao phủ	88	giao dịch được	未使用
10430319	(chưa dùng)	Đao phủ	89	giao dịch được	未使用
10430320	(chưa dùng)	Đao phủ	90	giao dịch được	未使用
10430321	(chưa dùng)	Đao phủ	81	giao dịch được	未使用
10430322	(chưa dùng)	Đao phủ	82	giao dịch được	未使用
10430323	(chưa dùng)	Đao phủ	83	giao dịch được	未使用
10430324	(chưa dùng)	Đao phủ	84	giao dịch được	未使用
10430325	(chưa dùng)	Đao phủ	85	giao dịch được	未使用
10430326	(chưa dùng)	Đao phủ	86	giao dịch được	未使用
10430327	(chưa dùng)	Đao phủ	87	giao dịch được	未使用
10430328	(chưa dùng)	Đao phủ	88	giao dịch được	未使用
10430329	(chưa dùng)	Đao phủ	89	giao dịch được	未使用
10430330	(chưa dùng)	Đao phủ	90	giao dịch được	未使用
10430331	(chưa dùng)	Đao phủ	81	giao dịch được	未使用
10430332	(chưa dùng)	Đao phủ	82	giao dịch được	未使用
10430333	(chưa dùng)	Đao phủ	83	giao dịch được	未使用
10430334	(chưa dùng)	Đao phủ	84	giao dịch được	未使用
10430335	(chưa dùng)	Đao phủ	85	giao dịch được	未使用
10430336	(chưa dùng)	Đao phủ	86	giao dịch được	未使用
10430337	(chưa dùng)	Đao phủ	87	giao dịch được	未使用
10430338	(chưa dùng)	Đao phủ	88	giao dịch được	未使用
10430339	(chưa dùng)	Đao phủ	89	giao dịch được	未使用
10430340	(chưa dùng)	Đao phủ	90	giao dịch được	未使用
10430341	(chưa dùng)	Đao phủ	81	giao dịch được	未使用
10430342	(chưa dùng)	Đao phủ	82	giao dịch được	未使用
10430343	(chưa dùng)	Đao phủ	83	giao dịch được	未使用
10430344	(chưa dùng)	Đao phủ	84	giao dịch được	未使用
10430345	(chưa dùng)	Đao phủ	85	giao dịch được	未使用
10430346	(chưa dùng)	Đao phủ	86	giao dịch được	未使用
10430347	(chưa dùng)	Đao phủ	87	giao dịch được	未使用
10430348	(chưa dùng)	Đao phủ	88	giao dịch được	未使用
10430349	(chưa dùng)	Đao phủ	89	giao dịch được	未使用
10430350	(chưa dùng)	Đao phủ	90	giao dịch được	未使用
10430351	(chưa dùng)	Đao phủ	91	giao dịch được	未使用
10430352	(chưa dùng)	Đao phủ	92	giao dịch được	未使用
10430353	(chưa dùng)	Đao phủ	93	giao dịch được	未使用
10430354	(chưa dùng)	Đao phủ	94	giao dịch được	未使用
10430355	(chưa dùng)	Đao phủ	95	giao dịch được	未使用
10430356	(chưa dùng)	Đao phủ	96	giao dịch được	未使用
10430357	(chưa dùng)	Đao phủ	97	giao dịch được	未使用
10430358	(chưa dùng)	Đao phủ	98	giao dịch được	未使用
10430359	(chưa dùng)	Đao phủ	99	giao dịch được	未使用
10430360	(chưa dùng)	Đao phủ	100	giao dịch được	未使用
10430361	(chưa dùng)	Đao phủ	91	giao dịch được	未使用
10430362	(chưa dùng)	Đao phủ	92	giao dịch được	未使用
10430363	(chưa dùng)	Đao phủ	93	giao dịch được	未使用
10430364	(chưa dùng)	Đao phủ	94	giao dịch được	未使用
10430365	(chưa dùng)	Đao phủ	95	giao dịch được	未使用
10430366	(chưa dùng)	Đao phủ	96	giao dịch được	未使用
10430367	(chưa dùng)	Đao phủ	97	giao dịch được	未使用
10430368	(chưa dùng)	Đao phủ	98	giao dịch được	未使用
10430369	(chưa dùng)	Đao phủ	99	giao dịch được	未使用
10430370	(chưa dùng)	Đao phủ	100	giao dịch được	未使用
10430371	(chưa dùng)	Đao phủ	91	giao dịch được	未使用
10430372	(chưa dùng)	Đao phủ	92	giao dịch được	未使用
10430373	(chưa dùng)	Đao phủ	93	giao dịch được	未使用
10430374	(chưa dùng)	Đao phủ	94	giao dịch được	未使用
10430375	(chưa dùng)	Đao phủ	95	giao dịch được	未使用
10430376	(chưa dùng)	Đao phủ	96	giao dịch được	未使用
10430377	(chưa dùng)	Đao phủ	97	giao dịch được	未使用
10430378	(chưa dùng)	Đao phủ	98	giao dịch được	未使用
10430379	(chưa dùng)	Đao phủ	99	giao dịch được	未使用
10430380	(chưa dùng)	Đao phủ	100	giao dịch được	未使用
10430381	(chưa dùng)	Đao phủ	91	giao dịch được	未使用
10430382	(chưa dùng)	Đao phủ	92	giao dịch được	未使用
10430383	(chưa dùng)	Đao phủ	93	giao dịch được	未使用
10430384	(chưa dùng)	Đao phủ	94	giao dịch được	未使用
10430385	(chưa dùng)	Đao phủ	95	giao dịch được	未使用
10430386	(chưa dùng)	Đao phủ	96	giao dịch được	未使用
10430387	(chưa dùng)	Đao phủ	97	giao dịch được	未使用
10430388	(chưa dùng)	Đao phủ	98	giao dịch được	未使用
10430389	(chưa dùng)	Đao phủ	99	giao dịch được	未使用
10430390	(chưa dùng)	Đao phủ	100	giao dịch được	未使用
10430391	(chưa dùng)	Đao phủ	91	giao dịch được	未使用
10430392	(chưa dùng)	Đao phủ	92	giao dịch được	未使用
10430393	(chưa dùng)	Đao phủ	93	giao dịch được	未使用
10430394	(chưa dùng)	Đao phủ	94	giao dịch được	未使用
10430395	(chưa dùng)	Đao phủ	95	giao dịch được	未使用
10430396	(chưa dùng)	Đao phủ	96	giao dịch được	未使用
10430397	(chưa dùng)	Đao phủ	97	giao dịch được	未使用
10430398	(chưa dùng)	Đao phủ	98	giao dịch được	未使用
10430399	(chưa dùng)	Đao phủ	99	giao dịch được	未使用
10430400	(chưa dùng)	Đao phủ	100	giao dịch được	未使用
10431001	Đạt Ma Chi Tân Thiết Tạo Anh Thương	Thương bổng	1	giao dịch được	达摩之镔铁皂缨枪
10431002	Đạt Ma Chi Tân Thiết Tạo Anh Thương	Thương bổng	2	giao dịch được	达摩之镔铁皂缨枪
10431003	Đạt Ma Chi Tân Thiết Tạo Anh Thương	Thương bổng	3	giao dịch được	达摩之镔铁皂缨枪
10431004	Đạt Ma Chi Tân Thiết Tạo Anh Thương	Thương bổng	4	giao dịch được	达摩之镔铁皂缨枪
10431005	Đạt Ma Chi Tân Thiết Tạo Anh Thương	Thương bổng	5	giao dịch được	达摩之镔铁皂缨枪
10431006	Đạt Ma Chi Tân Thiết Tạo Anh Thương	Thương bổng	6	giao dịch được	达摩之镔铁皂缨枪
10431007	Đạt Ma Chi Tân Thiết Tạo Anh Thương	Thương bổng	7	giao dịch được	达摩之镔铁皂缨枪
10431008	Đạt Ma Chi Tân Thiết Tạo Anh Thương	Thương bổng	8	giao dịch được	达摩之镔铁皂缨枪
10431009	Đạt Ma Chi Tân Thiết Tạo Anh Thương	Thương bổng	9	giao dịch được	达摩之镔铁皂缨枪
10431010	Đạt Ma Chi Tân Thiết Tạo Anh Thương	Thương bổng	10	giao dịch được	达摩之镔铁皂缨枪
10431011	Đạt Ma Chi Hổ Vĩ Táng Môn Thương	Thương bổng	11	giao dịch được	达摩之虎尾丧门枪
10431012	Đạt Ma Chi Hổ Vĩ Táng Môn Thương	Thương bổng	12	giao dịch được	达摩之虎尾丧门枪
10431013	Đạt Ma Chi Hổ Vĩ Táng Môn Thương	Thương bổng	13	giao dịch được	达摩之虎尾丧门枪
10431014	Đạt Ma Chi Hổ Vĩ Táng Môn Thương	Thương bổng	14	giao dịch được	达摩之虎尾丧门枪
10431015	Đạt Ma Chi Hổ Vĩ Táng Môn Thương	Thương bổng	15	giao dịch được	达摩之虎尾丧门枪
10431016	Đạt Ma Chi Hổ Vĩ Táng Môn Thương	Thương bổng	16	giao dịch được	达摩之虎尾丧门枪
10431017	Đạt Ma Chi Hổ Vĩ Táng Môn Thương	Thương bổng	17	giao dịch được	达摩之虎尾丧门枪
10431018	Đạt Ma Chi Hổ Vĩ Táng Môn Thương	Thương bổng	18	giao dịch được	达摩之虎尾丧门枪
10431019	Đạt Ma Chi Hổ Vĩ Táng Môn Thương	Thương bổng	19	giao dịch được	达摩之虎尾丧门枪
10431020	Đạt Ma Chi Hổ Vĩ Táng Môn Thương	Thương bổng	20	giao dịch được	达摩之虎尾丧门枪
10431021	Đạt Ma Chi Liệt Diễm Hoả Tiêm Thương	Thương bổng	21	giao dịch được	达摩之烈焰火尖枪
10431022	Đạt Ma Chi Liệt Diễm Hoả Tiêm Thương	Thương bổng	22	giao dịch được	达摩之烈焰火尖枪
10431023	Đạt Ma Chi Liệt Diễm Hoả Tiêm Thương	Thương bổng	23	giao dịch được	达摩之烈焰火尖枪
10431024	Đạt Ma Chi Liệt Diễm Hoả Tiêm Thương	Thương bổng	24	giao dịch được	达摩之烈焰火尖枪
10431025	Đạt Ma Chi Liệt Diễm Hoả Tiêm Thương	Thương bổng	25	giao dịch được	达摩之烈焰火尖枪
10431026	Đạt Ma Chi Liệt Diễm Hoả Tiêm Thương	Thương bổng	26	giao dịch được	达摩之烈焰火尖枪
10431027	Đạt Ma Chi Liệt Diễm Hoả Tiêm Thương	Thương bổng	27	giao dịch được	达摩之烈焰火尖枪
10431028	Đạt Ma Chi Liệt Diễm Hoả Tiêm Thương	Thương bổng	28	giao dịch được	达摩之烈焰火尖枪
10431029	Đạt Ma Chi Liệt Diễm Hoả Tiêm Thương	Thương bổng	29	giao dịch được	达摩之烈焰火尖枪
10431030	Đạt Ma Chi Liệt Diễm Hoả Tiêm Thương	Thương bổng	30	giao dịch được	达摩之烈焰火尖枪
10431031	Đạt Ma Chi Kinh Hồn Đoạt Phách Thương	Thương bổng	31	giao dịch được	达摩之惊魂夺魄枪
10431032	Đạt Ma Chi Kinh Hồn Đoạt Phách Thương	Thương bổng	32	giao dịch được	达摩之惊魂夺魄枪
10431033	Đạt Ma Chi Kinh Hồn Đoạt Phách Thương	Thương bổng	33	giao dịch được	达摩之惊魂夺魄枪
10431034	Đạt Ma Chi Kinh Hồn Đoạt Phách Thương	Thương bổng	34	giao dịch được	达摩之惊魂夺魄枪
10431035	Đạt Ma Chi Kinh Hồn Đoạt Phách Thương	Thương bổng	35	giao dịch được	达摩之惊魂夺魄枪
10431036	Đạt Ma Chi Kinh Hồn Đoạt Phách Thương	Thương bổng	36	giao dịch được	达摩之惊魂夺魄枪
10431037	Đạt Ma Chi Kinh Hồn Đoạt Phách Thương	Thương bổng	37	giao dịch được	达摩之惊魂夺魄枪
10431038	Đạt Ma Chi Kinh Hồn Đoạt Phách Thương	Thương bổng	38	giao dịch được	达摩之惊魂夺魄枪
10431039	Đạt Ma Chi Kinh Hồn Đoạt Phách Thương	Thương bổng	39	giao dịch được	达摩之惊魂夺魄枪
10431040	Đạt Ma Chi Kinh Hồn Đoạt Phách Thương	Thương bổng	40	giao dịch được	达摩之惊魂夺魄枪
10431041	Đạt Ma Chi Song Câu Ngân Ti Thương	Thương bổng	41	giao dịch được	达摩之双钩银丝枪
10431042	Đạt Ma Chi Song Câu Ngân Ti Thương	Thương bổng	42	giao dịch được	达摩之双钩银丝枪
10431043	Đạt Ma Chi Song Câu Ngân Ti Thương	Thương bổng	43	giao dịch được	达摩之双钩银丝枪
10431044	Đạt Ma Chi Song Câu Ngân Ti Thương	Thương bổng	44	giao dịch được	达摩之双钩银丝枪
10431045	Đạt Ma Chi Song Câu Ngân Ti Thương	Thương bổng	45	giao dịch được	达摩之双钩银丝枪
10431046	Đạt Ma Chi Song Câu Ngân Ti Thương	Thương bổng	46	giao dịch được	达摩之双钩银丝枪
10431047	Đạt Ma Chi Song Câu Ngân Ti Thương	Thương bổng	47	giao dịch được	达摩之双钩银丝枪
10431048	Đạt Ma Chi Song Câu Ngân Ti Thương	Thương bổng	48	giao dịch được	达摩之双钩银丝枪
10431049	Đạt Ma Chi Song Câu Ngân Ti Thương	Thương bổng	49	giao dịch được	达摩之双钩银丝枪
10431050	Đạt Ma Chi Song Câu Ngân Ti Thương	Thương bổng	50	giao dịch được	达摩之双钩银丝枪
10431051	Đạt Ma Chi Tạo Kim Hổ Đầu Thương	Thương bổng	51	giao dịch được	达摩之皂金虎头枪
10431052	Đạt Ma Chi Tạo Kim Hổ Đầu Thương	Thương bổng	52	giao dịch được	达摩之皂金虎头枪
10431053	Đạt Ma Chi Tạo Kim Hổ Đầu Thương	Thương bổng	53	giao dịch được	达摩之皂金虎头枪
10431054	Đạt Ma Chi Tạo Kim Hổ Đầu Thương	Thương bổng	54	giao dịch được	达摩之皂金虎头枪
10431055	Đạt Ma Chi Tạo Kim Hổ Đầu Thương	Thương bổng	55	giao dịch được	达摩之皂金虎头枪
10431056	Đạt Ma Chi Tạo Kim Hổ Đầu Thương	Thương bổng	56	giao dịch được	达摩之皂金虎头枪
10431057	Đạt Ma Chi Tạo Kim Hổ Đầu Thương	Thương bổng	57	giao dịch được	达摩之皂金虎头枪
10431058	Đạt Ma Chi Tạo Kim Hổ Đầu Thương	Thương bổng	58	giao dịch được	达摩之皂金虎头枪
10431059	Đạt Ma Chi Tạo Kim Hổ Đầu Thương	Thương bổng	59	giao dịch được	达摩之皂金虎头枪
10431060	Đạt Ma Chi Tạo Kim Hổ Đầu Thương	Thương bổng	60	giao dịch được	达摩之皂金虎头枪
10431061	Đạt Ma Chi Bàn Long Mai Hoa Kích	Thương bổng	61	giao dịch được	达摩之盘龙梅花戟
10431062	Đạt Ma Chi Bàn Long Mai Hoa Kích	Thương bổng	62	giao dịch được	达摩之盘龙梅花戟
10431063	Đạt Ma Chi Bàn Long Mai Hoa Kích	Thương bổng	63	giao dịch được	达摩之盘龙梅花戟
10431064	Đạt Ma Chi Bàn Long Mai Hoa Kích	Thương bổng	64	giao dịch được	达摩之盘龙梅花戟
10431065	Đạt Ma Chi Bàn Long Mai Hoa Kích	Thương bổng	65	giao dịch được	达摩之盘龙梅花戟
10431066	Đạt Ma Chi Bàn Long Mai Hoa Kích	Thương bổng	66	giao dịch được	达摩之盘龙梅花戟
10431067	Đạt Ma Chi Bàn Long Mai Hoa Kích	Thương bổng	67	giao dịch được	达摩之盘龙梅花戟
10431068	Đạt Ma Chi Bàn Long Mai Hoa Kích	Thương bổng	68	giao dịch được	达摩之盘龙梅花戟
10431069	Đạt Ma Chi Bàn Long Mai Hoa Kích	Thương bổng	69	giao dịch được	达摩之盘龙梅花戟
10431070	Đạt Ma Chi Bàn Long Mai Hoa Kích	Thương bổng	70	giao dịch được	达摩之盘龙梅花戟
10431071	Đạt Ma Chi Trượng Bát Xà Mâu Thương	Thương bổng	71	giao dịch được	达摩之丈八蛇矛枪
10431072	Đạt Ma Chi Trượng Bát Xà Mâu Thương	Thương bổng	72	giao dịch được	达摩之丈八蛇矛枪
10431073	Đạt Ma Chi Trượng Bát Xà Mâu Thương	Thương bổng	73	giao dịch được	达摩之丈八蛇矛枪
10431074	Đạt Ma Chi Trượng Bát Xà Mâu Thương	Thương bổng	74	giao dịch được	达摩之丈八蛇矛枪
10431075	Đạt Ma Chi Trượng Bát Xà Mâu Thương	Thương bổng	75	giao dịch được	达摩之丈八蛇矛枪
10431076	Đạt Ma Chi Trượng Bát Xà Mâu Thương	Thương bổng	76	giao dịch được	达摩之丈八蛇矛枪
10431077	Đạt Ma Chi Trượng Bát Xà Mâu Thương	Thương bổng	77	giao dịch được	达摩之丈八蛇矛枪
10431078	Đạt Ma Chi Trượng Bát Xà Mâu Thương	Thương bổng	78	giao dịch được	达摩之丈八蛇矛枪
10431079	Đạt Ma Chi Trượng Bát Xà Mâu Thương	Thương bổng	79	giao dịch được	达摩之丈八蛇矛枪
10431080	Đạt Ma Chi Trượng Bát Xà Mâu Thương	Thương bổng	80	giao dịch được	达摩之丈八蛇矛枪
10431081	Đạt Ma Chi Băng Ngân Khoan Long Xoa	Thương bổng	81	giao dịch được	达摩之冰银钻龙叉
10431082	Đạt Ma Chi Băng Ngân Khoan Long Xoa	Thương bổng	82	giao dịch được	达摩之冰银钻龙叉
10431083	Đạt Ma Chi Băng Ngân Khoan Long Xoa	Thương bổng	83	giao dịch được	达摩之冰银钻龙叉
10431084	Đạt Ma Chi Băng Ngân Khoan Long Xoa	Thương bổng	84	giao dịch được	达摩之冰银钻龙叉
10431085	Đạt Ma Chi Băng Ngân Khoan Long Xoa	Thương bổng	85	giao dịch được	达摩之冰银钻龙叉
10431086	Đạt Ma Chi Băng Ngân Khoan Long Xoa	Thương bổng	86	giao dịch được	达摩之冰银钻龙叉
10431087	Đạt Ma Chi Băng Ngân Khoan Long Xoa	Thương bổng	87	giao dịch được	达摩之冰银钻龙叉
10431088	Đạt Ma Chi Băng Ngân Khoan Long Xoa	Thương bổng	88	giao dịch được	达摩之冰银钻龙叉
10431089	Đạt Ma Chi Băng Ngân Khoan Long Xoa	Thương bổng	89	giao dịch được	达摩之冰银钻龙叉
10431090	Đạt Ma Chi Băng Ngân Khoan Long Xoa	Thương bổng	90	giao dịch được	达摩之冰银钻龙叉
10431091	Đạt Ma Chi Thiên Băng	Thương bổng	91	giao dịch được	达摩之天崩
10431092	Đạt Ma Chi Thiên Băng	Thương bổng	92	giao dịch được	达摩之天崩
10431093	Đạt Ma Chi Thiên Băng	Thương bổng	93	giao dịch được	达摩之天崩
10431094	Đạt Ma Chi Thiên Băng	Thương bổng	94	giao dịch được	达摩之天崩
10431095	Đạt Ma Chi Thiên Băng	Thương bổng	95	giao dịch được	达摩之天崩
10431096	Đạt Ma Chi Thiên Băng	Thương bổng	96	giao dịch được	达摩之天崩
10431097	Đạt Ma Chi Thiên Băng	Thương bổng	97	giao dịch được	达摩之天崩
10431098	Đạt Ma Chi Thiên Băng	Thương bổng	98	giao dịch được	达摩之天崩
10431099	Đạt Ma Chi Thiên Băng	Thương bổng	99	giao dịch được	达摩之天崩
10431100	Đạt Ma Chi Thiên Băng	Thương bổng	100	giao dịch được	达摩之天崩
10431101	Thánh Hoả Chi Tân Thiết Tạo Anh Thương	Thương bổng	1	giao dịch được	圣火之镔铁皂缨枪
10431102	Thánh Hoả Chi Tân Thiết Tạo Anh Thương	Thương bổng	2	giao dịch được	圣火之镔铁皂缨枪
10431103	Thánh Hoả Chi Tân Thiết Tạo Anh Thương	Thương bổng	3	giao dịch được	圣火之镔铁皂缨枪
10431104	Thánh Hoả Chi Tân Thiết Tạo Anh Thương	Thương bổng	4	giao dịch được	圣火之镔铁皂缨枪
10431105	Thánh Hoả Chi Tân Thiết Tạo Anh Thương	Thương bổng	5	giao dịch được	圣火之镔铁皂缨枪
10431106	Thánh Hoả Chi Tân Thiết Tạo Anh Thương	Thương bổng	6	giao dịch được	圣火之镔铁皂缨枪
10431107	Thánh Hoả Chi Tân Thiết Tạo Anh Thương	Thương bổng	7	giao dịch được	圣火之镔铁皂缨枪
10431108	Thánh Hoả Chi Tân Thiết Tạo Anh Thương	Thương bổng	8	giao dịch được	圣火之镔铁皂缨枪
10431109	Thánh Hoả Chi Tân Thiết Tạo Anh Thương	Thương bổng	9	giao dịch được	圣火之镔铁皂缨枪
10431110	Thánh Hoả Chi Tân Thiết Tạo Anh Thương	Thương bổng	10	giao dịch được	圣火之镔铁皂缨枪
10431111	Thánh Hoả Chi Hổ Vĩ Táng Môn Thương	Thương bổng	11	giao dịch được	圣火之虎尾丧门枪
10431112	Thánh Hoả Chi Hổ Vĩ Táng Môn Thương	Thương bổng	12	giao dịch được	圣火之虎尾丧门枪
10431113	Thánh Hoả Chi Hổ Vĩ Táng Môn Thương	Thương bổng	13	giao dịch được	圣火之虎尾丧门枪
10431114	Thánh Hoả Chi Hổ Vĩ Táng Môn Thương	Thương bổng	14	giao dịch được	圣火之虎尾丧门枪
10431115	Thánh Hoả Chi Hổ Vĩ Táng Môn Thương	Thương bổng	15	giao dịch được	圣火之虎尾丧门枪
10431116	Thánh Hoả Chi Hổ Vĩ Táng Môn Thương	Thương bổng	16	giao dịch được	圣火之虎尾丧门枪
10431117	Thánh Hoả Chi Hổ Vĩ Táng Môn Thương	Thương bổng	17	giao dịch được	圣火之虎尾丧门枪
10431118	Thánh Hoả Chi Hổ Vĩ Táng Môn Thương	Thương bổng	18	giao dịch được	圣火之虎尾丧门枪
10431119	Thánh Hoả Chi Hổ Vĩ Táng Môn Thương	Thương bổng	19	giao dịch được	圣火之虎尾丧门枪
10431120	Thánh Hoả Chi Hổ Vĩ Táng Môn Thương	Thương bổng	20	giao dịch được	圣火之虎尾丧门枪
10431121	Thánh Hoả Chi Liệt Diễm Hoả Tiêm Thương	Thương bổng	21	giao dịch được	圣火之烈焰火尖枪
10431122	Thánh Hoả Chi Liệt Diễm Hoả Tiêm Thương	Thương bổng	22	giao dịch được	圣火之烈焰火尖枪
10431123	Thánh Hoả Chi Liệt Diễm Hoả Tiêm Thương	Thương bổng	23	giao dịch được	圣火之烈焰火尖枪
10431124	Thánh Hoả Chi Liệt Diễm Hoả Tiêm Thương	Thương bổng	24	giao dịch được	圣火之烈焰火尖枪
10431125	Thánh Hoả Chi Liệt Diễm Hoả Tiêm Thương	Thương bổng	25	giao dịch được	圣火之烈焰火尖枪
10431126	Thánh Hoả Chi Liệt Diễm Hoả Tiêm Thương	Thương bổng	26	giao dịch được	圣火之烈焰火尖枪
10431127	Thánh Hoả Chi Liệt Diễm Hoả Tiêm Thương	Thương bổng	27	giao dịch được	圣火之烈焰火尖枪
10431128	Thánh Hoả Chi Liệt Diễm Hoả Tiêm Thương	Thương bổng	28	giao dịch được	圣火之烈焰火尖枪
10431129	Thánh Hoả Chi Liệt Diễm Hoả Tiêm Thương	Thương bổng	29	giao dịch được	圣火之烈焰火尖枪
10431130	Thánh Hoả Chi Liệt Diễm Hoả Tiêm Thương	Thương bổng	30	giao dịch được	圣火之烈焰火尖枪
10431131	Thánh Hoả Chi Kinh Hồn Đoạt Phách Thương	Thương bổng	31	giao dịch được	圣火之惊魂夺魄枪
10431132	Thánh Hoả Chi Kinh Hồn Đoạt Phách Thương	Thương bổng	32	giao dịch được	圣火之惊魂夺魄枪
10431133	Thánh Hoả Chi Kinh Hồn Đoạt Phách Thương	Thương bổng	33	giao dịch được	圣火之惊魂夺魄枪
10431134	Thánh Hoả Chi Kinh Hồn Đoạt Phách Thương	Thương bổng	34	giao dịch được	圣火之惊魂夺魄枪
10431135	Thánh Hoả Chi Kinh Hồn Đoạt Phách Thương	Thương bổng	35	giao dịch được	圣火之惊魂夺魄枪
10431136	Thánh Hoả Chi Kinh Hồn Đoạt Phách Thương	Thương bổng	36	giao dịch được	圣火之惊魂夺魄枪
10431137	Thánh Hoả Chi Kinh Hồn Đoạt Phách Thương	Thương bổng	37	giao dịch được	圣火之惊魂夺魄枪
10431138	Thánh Hoả Chi Kinh Hồn Đoạt Phách Thương	Thương bổng	38	giao dịch được	圣火之惊魂夺魄枪
10431139	Thánh Hoả Chi Kinh Hồn Đoạt Phách Thương	Thương bổng	39	giao dịch được	圣火之惊魂夺魄枪
10431140	Thánh Hoả Chi Kinh Hồn Đoạt Phách Thương	Thương bổng	40	giao dịch được	圣火之惊魂夺魄枪
10431141	Thánh Hoả Chi Song Câu Ngân Ti Thương	Thương bổng	41	giao dịch được	圣火之双钩银丝枪
10431142	Thánh Hoả Chi Song Câu Ngân Ti Thương	Thương bổng	42	giao dịch được	圣火之双钩银丝枪
10431143	Thánh Hoả Chi Song Câu Ngân Ti Thương	Thương bổng	43	giao dịch được	圣火之双钩银丝枪
10431144	Thánh Hoả Chi Song Câu Ngân Ti Thương	Thương bổng	44	giao dịch được	圣火之双钩银丝枪
10431145	Thánh Hoả Chi Song Câu Ngân Ti Thương	Thương bổng	45	giao dịch được	圣火之双钩银丝枪
10431146	Thánh Hoả Chi Song Câu Ngân Ti Thương	Thương bổng	46	giao dịch được	圣火之双钩银丝枪
10431147	Thánh Hoả Chi Song Câu Ngân Ti Thương	Thương bổng	47	giao dịch được	圣火之双钩银丝枪
10431148	Thánh Hoả Chi Song Câu Ngân Ti Thương	Thương bổng	48	giao dịch được	圣火之双钩银丝枪
10431149	Thánh Hoả Chi Song Câu Ngân Ti Thương	Thương bổng	49	giao dịch được	圣火之双钩银丝枪
10431150	Thánh Hoả Chi Song Câu Ngân Ti Thương	Thương bổng	50	giao dịch được	圣火之双钩银丝枪
10431151	Thánh Hoả Chi Tạo Kim Hổ Đầu Thương	Thương bổng	51	giao dịch được	圣火之皂金虎头枪
10431152	Thánh Hoả Chi Tạo Kim Hổ Đầu Thương	Thương bổng	52	giao dịch được	圣火之皂金虎头枪
10431153	Thánh Hoả Chi Tạo Kim Hổ Đầu Thương	Thương bổng	53	giao dịch được	圣火之皂金虎头枪
10431154	Thánh Hoả Chi Tạo Kim Hổ Đầu Thương	Thương bổng	54	giao dịch được	圣火之皂金虎头枪
10431155	Thánh Hoả Chi Tạo Kim Hổ Đầu Thương	Thương bổng	55	giao dịch được	圣火之皂金虎头枪
10431156	Thánh Hoả Chi Tạo Kim Hổ Đầu Thương	Thương bổng	56	giao dịch được	圣火之皂金虎头枪
10431157	Thánh Hoả Chi Tạo Kim Hổ Đầu Thương	Thương bổng	57	giao dịch được	圣火之皂金虎头枪
10431158	Thánh Hoả Chi Tạo Kim Hổ Đầu Thương	Thương bổng	58	giao dịch được	圣火之皂金虎头枪
10431159	Thánh Hoả Chi Tạo Kim Hổ Đầu Thương	Thương bổng	59	giao dịch được	圣火之皂金虎头枪
10431160	Thánh Hoả Chi Tạo Kim Hổ Đầu Thương	Thương bổng	60	giao dịch được	圣火之皂金虎头枪
10431161	Thánh Hoả Chi Bàn Long Mai Hoa Kích	Thương bổng	61	giao dịch được	圣火之盘龙梅花戟
10431162	Thánh Hoả Chi Bàn Long Mai Hoa Kích	Thương bổng	62	giao dịch được	圣火之盘龙梅花戟
10431163	Thánh Hoả Chi Bàn Long Mai Hoa Kích	Thương bổng	63	giao dịch được	圣火之盘龙梅花戟
10431164	Thánh Hoả Chi Bàn Long Mai Hoa Kích	Thương bổng	64	giao dịch được	圣火之盘龙梅花戟
10431165	Thánh Hoả Chi Bàn Long Mai Hoa Kích	Thương bổng	65	giao dịch được	圣火之盘龙梅花戟
10431166	Thánh Hoả Chi Bàn Long Mai Hoa Kích	Thương bổng	66	giao dịch được	圣火之盘龙梅花戟
10431167	Thánh Hoả Chi Bàn Long Mai Hoa Kích	Thương bổng	67	giao dịch được	圣火之盘龙梅花戟
10431168	Thánh Hoả Chi Bàn Long Mai Hoa Kích	Thương bổng	68	giao dịch được	圣火之盘龙梅花戟
10431169	Thánh Hoả Chi Bàn Long Mai Hoa Kích	Thương bổng	69	giao dịch được	圣火之盘龙梅花戟
10431170	Thánh Hoả Chi Bàn Long Mai Hoa Kích	Thương bổng	70	giao dịch được	圣火之盘龙梅花戟
10431171	Thánh Hoả Chi Trượng Bát Xà Mâu Thương	Thương bổng	71	giao dịch được	圣火之丈八蛇矛枪
10431172	Thánh Hoả Chi Trượng Bát Xà Mâu Thương	Thương bổng	72	giao dịch được	圣火之丈八蛇矛枪
10431173	Thánh Hoả Chi Trượng Bát Xà Mâu Thương	Thương bổng	73	giao dịch được	圣火之丈八蛇矛枪
10431174	Thánh Hoả Chi Trượng Bát Xà Mâu Thương	Thương bổng	74	giao dịch được	圣火之丈八蛇矛枪
10431175	Thánh Hoả Chi Trượng Bát Xà Mâu Thương	Thương bổng	75	giao dịch được	圣火之丈八蛇矛枪
10431176	Thánh Hoả Chi Trượng Bát Xà Mâu Thương	Thương bổng	76	giao dịch được	圣火之丈八蛇矛枪
10431177	Thánh Hoả Chi Trượng Bát Xà Mâu Thương	Thương bổng	77	giao dịch được	圣火之丈八蛇矛枪
10431178	Thánh Hoả Chi Trượng Bát Xà Mâu Thương	Thương bổng	78	giao dịch được	圣火之丈八蛇矛枪
10431179	Thánh Hoả Chi Trượng Bát Xà Mâu Thương	Thương bổng	79	giao dịch được	圣火之丈八蛇矛枪
10431180	Thánh Hoả Chi Trượng Bát Xà Mâu Thương	Thương bổng	80	giao dịch được	圣火之丈八蛇矛枪
10431181	Thánh Hoả Chi Băng Ngân Khoan Long Xoa	Thương bổng	81	giao dịch được	圣火之冰银钻龙叉
10431182	Thánh Hoả Chi Băng Ngân Khoan Long Xoa	Thương bổng	82	giao dịch được	圣火之冰银钻龙叉
10431183	Thánh Hoả Chi Băng Ngân Khoan Long Xoa	Thương bổng	83	giao dịch được	圣火之冰银钻龙叉
10431184	Thánh Hoả Chi Băng Ngân Khoan Long Xoa	Thương bổng	84	giao dịch được	圣火之冰银钻龙叉
10431185	Thánh Hoả Chi Băng Ngân Khoan Long Xoa	Thương bổng	85	giao dịch được	圣火之冰银钻龙叉
10431186	Thánh Hoả Chi Băng Ngân Khoan Long Xoa	Thương bổng	86	giao dịch được	圣火之冰银钻龙叉
10431187	Thánh Hoả Chi Băng Ngân Khoan Long Xoa	Thương bổng	87	giao dịch được	圣火之冰银钻龙叉
10431188	Thánh Hoả Chi Băng Ngân Khoan Long Xoa	Thương bổng	88	giao dịch được	圣火之冰银钻龙叉
10431189	Thánh Hoả Chi Băng Ngân Khoan Long Xoa	Thương bổng	89	giao dịch được	圣火之冰银钻龙叉
10431190	Thánh Hoả Chi Băng Ngân Khoan Long Xoa	Thương bổng	90	giao dịch được	圣火之冰银钻龙叉
10431191	Thánh Hoả Chi Thiên Băng	Thương bổng	91	giao dịch được	圣火之天崩
10431192	Thánh Hoả Chi Thiên Băng	Thương bổng	92	giao dịch được	圣火之天崩
10431193	Thánh Hoả Chi Thiên Băng	Thương bổng	93	giao dịch được	圣火之天崩
10431194	Thánh Hoả Chi Thiên Băng	Thương bổng	94	giao dịch được	圣火之天崩
10431195	Thánh Hoả Chi Thiên Băng	Thương bổng	95	giao dịch được	圣火之天崩
10431196	Thánh Hoả Chi Thiên Băng	Thương bổng	96	giao dịch được	圣火之天崩
10431197	Thánh Hoả Chi Thiên Băng	Thương bổng	97	giao dịch được	圣火之天崩
10431198	Thánh Hoả Chi Thiên Băng	Thương bổng	98	giao dịch được	圣火之天崩
10431199	Thánh Hoả Chi Thiên Băng	Thương bổng	99	giao dịch được	圣火之天崩
10431200	Thánh Hoả Chi Thiên Băng	Thương bổng	100	giao dịch được	圣火之天崩
10431201	Giáng Long Chi Tân Thiết Tạo Anh Thương	Thương bổng	1	giao dịch được	降龙之镔铁皂缨枪
10431202	Giáng Long Chi Tân Thiết Tạo Anh Thương	Thương bổng	2	giao dịch được	降龙之镔铁皂缨枪
10431203	Giáng Long Chi Tân Thiết Tạo Anh Thương	Thương bổng	3	giao dịch được	降龙之镔铁皂缨枪
10431204	Giáng Long Chi Tân Thiết Tạo Anh Thương	Thương bổng	4	giao dịch được	降龙之镔铁皂缨枪
10431205	Giáng Long Chi Tân Thiết Tạo Anh Thương	Thương bổng	5	giao dịch được	降龙之镔铁皂缨枪
10431206	Giáng Long Chi Tân Thiết Tạo Anh Thương	Thương bổng	6	giao dịch được	降龙之镔铁皂缨枪
10431207	Giáng Long Chi Tân Thiết Tạo Anh Thương	Thương bổng	7	giao dịch được	降龙之镔铁皂缨枪
10431208	Giáng Long Chi Tân Thiết Tạo Anh Thương	Thương bổng	8	giao dịch được	降龙之镔铁皂缨枪
10431209	Giáng Long Chi Tân Thiết Tạo Anh Thương	Thương bổng	9	giao dịch được	降龙之镔铁皂缨枪
10431210	Giáng Long Chi Tân Thiết Tạo Anh Thương	Thương bổng	10	giao dịch được	降龙之镔铁皂缨枪
10431211	Giáng Long Chi Hổ Vĩ Táng Môn Thương	Thương bổng	11	giao dịch được	降龙之虎尾丧门枪
10431212	Giáng Long Chi Hổ Vĩ Táng Môn Thương	Thương bổng	12	giao dịch được	降龙之虎尾丧门枪
10431213	Giáng Long Chi Hổ Vĩ Táng Môn Thương	Thương bổng	13	giao dịch được	降龙之虎尾丧门枪
10431214	Giáng Long Chi Hổ Vĩ Táng Môn Thương	Thương bổng	14	giao dịch được	降龙之虎尾丧门枪
10431215	Giáng Long Chi Hổ Vĩ Táng Môn Thương	Thương bổng	15	giao dịch được	降龙之虎尾丧门枪
10431216	Giáng Long Chi Hổ Vĩ Táng Môn Thương	Thương bổng	16	giao dịch được	降龙之虎尾丧门枪
10431217	Giáng Long Chi Hổ Vĩ Táng Môn Thương	Thương bổng	17	giao dịch được	降龙之虎尾丧门枪
10431218	Giáng Long Chi Hổ Vĩ Táng Môn Thương	Thương bổng	18	giao dịch được	降龙之虎尾丧门枪
10431219	Giáng Long Chi Hổ Vĩ Táng Môn Thương	Thương bổng	19	giao dịch được	降龙之虎尾丧门枪
10431220	Giáng Long Chi Hổ Vĩ Táng Môn Thương	Thương bổng	20	giao dịch được	降龙之虎尾丧门枪
10431221	Giáng Long Chi Liệt Diễm Hoả Tiêm Thương	Thương bổng	21	giao dịch được	降龙之烈焰火尖枪
10431222	Giáng Long Chi Liệt Diễm Hoả Tiêm Thương	Thương bổng	22	giao dịch được	降龙之烈焰火尖枪
10431223	Giáng Long Chi Liệt Diễm Hoả Tiêm Thương	Thương bổng	23	giao dịch được	降龙之烈焰火尖枪
10431224	Giáng Long Chi Liệt Diễm Hoả Tiêm Thương	Thương bổng	24	giao dịch được	降龙之烈焰火尖枪
10431225	Giáng Long Chi Liệt Diễm Hoả Tiêm Thương	Thương bổng	25	giao dịch được	降龙之烈焰火尖枪
10431226	Giáng Long Chi Liệt Diễm Hoả Tiêm Thương	Thương bổng	26	giao dịch được	降龙之烈焰火尖枪
10431227	Giáng Long Chi Liệt Diễm Hoả Tiêm Thương	Thương bổng	27	giao dịch được	降龙之烈焰火尖枪
10431228	Giáng Long Chi Liệt Diễm Hoả Tiêm Thương	Thương bổng	28	giao dịch được	降龙之烈焰火尖枪
10431229	Giáng Long Chi Liệt Diễm Hoả Tiêm Thương	Thương bổng	29	giao dịch được	降龙之烈焰火尖枪
10431230	Giáng Long Chi Liệt Diễm Hoả Tiêm Thương	Thương bổng	30	giao dịch được	降龙之烈焰火尖枪
10431231	Giáng Long Chi Kinh Hồn Đoạt Phách Thương	Thương bổng	31	giao dịch được	降龙之惊魂夺魄枪
10431232	Giáng Long Chi Kinh Hồn Đoạt Phách Thương	Thương bổng	32	giao dịch được	降龙之惊魂夺魄枪
10431233	Giáng Long Chi Kinh Hồn Đoạt Phách Thương	Thương bổng	33	giao dịch được	降龙之惊魂夺魄枪
10431234	Giáng Long Chi Kinh Hồn Đoạt Phách Thương	Thương bổng	34	giao dịch được	降龙之惊魂夺魄枪
10431235	Giáng Long Chi Kinh Hồn Đoạt Phách Thương	Thương bổng	35	giao dịch được	降龙之惊魂夺魄枪
10431236	Giáng Long Chi Kinh Hồn Đoạt Phách Thương	Thương bổng	36	giao dịch được	降龙之惊魂夺魄枪
10431237	Giáng Long Chi Kinh Hồn Đoạt Phách Thương	Thương bổng	37	giao dịch được	降龙之惊魂夺魄枪
10431238	Giáng Long Chi Kinh Hồn Đoạt Phách Thương	Thương bổng	38	giao dịch được	降龙之惊魂夺魄枪
10431239	Giáng Long Chi Kinh Hồn Đoạt Phách Thương	Thương bổng	39	giao dịch được	降龙之惊魂夺魄枪
10431240	Giáng Long Chi Kinh Hồn Đoạt Phách Thương	Thương bổng	40	giao dịch được	降龙之惊魂夺魄枪
10431241	Giáng Long Chi Song Câu Ngân Ti Thương	Thương bổng	41	giao dịch được	降龙之双钩银丝枪
10431242	Giáng Long Chi Song Câu Ngân Ti Thương	Thương bổng	42	giao dịch được	降龙之双钩银丝枪
10431243	Giáng Long Chi Song Câu Ngân Ti Thương	Thương bổng	43	giao dịch được	降龙之双钩银丝枪
10431244	Giáng Long Chi Song Câu Ngân Ti Thương	Thương bổng	44	giao dịch được	降龙之双钩银丝枪
10431245	Giáng Long Chi Song Câu Ngân Ti Thương	Thương bổng	45	giao dịch được	降龙之双钩银丝枪
10431246	Giáng Long Chi Song Câu Ngân Ti Thương	Thương bổng	46	giao dịch được	降龙之双钩银丝枪
10431247	Giáng Long Chi Song Câu Ngân Ti Thương	Thương bổng	47	giao dịch được	降龙之双钩银丝枪
10431248	Giáng Long Chi Song Câu Ngân Ti Thương	Thương bổng	48	giao dịch được	降龙之双钩银丝枪
10431249	Giáng Long Chi Song Câu Ngân Ti Thương	Thương bổng	49	giao dịch được	降龙之双钩银丝枪
10431250	Giáng Long Chi Song Câu Ngân Ti Thương	Thương bổng	50	giao dịch được	降龙之双钩银丝枪
10431251	Giáng Long Chi Tạo Kim Hổ Đầu Thương	Thương bổng	51	giao dịch được	降龙之皂金虎头枪
10431252	Giáng Long Chi Tạo Kim Hổ Đầu Thương	Thương bổng	52	giao dịch được	降龙之皂金虎头枪
10431253	Giáng Long Chi Tạo Kim Hổ Đầu Thương	Thương bổng	53	giao dịch được	降龙之皂金虎头枪
10431254	Giáng Long Chi Tạo Kim Hổ Đầu Thương	Thương bổng	54	giao dịch được	降龙之皂金虎头枪
10431255	Giáng Long Chi Tạo Kim Hổ Đầu Thương	Thương bổng	55	giao dịch được	降龙之皂金虎头枪
10431256	Giáng Long Chi Tạo Kim Hổ Đầu Thương	Thương bổng	56	giao dịch được	降龙之皂金虎头枪
10431257	Giáng Long Chi Tạo Kim Hổ Đầu Thương	Thương bổng	57	giao dịch được	降龙之皂金虎头枪
10431258	Giáng Long Chi Tạo Kim Hổ Đầu Thương	Thương bổng	58	giao dịch được	降龙之皂金虎头枪
10431259	Giáng Long Chi Tạo Kim Hổ Đầu Thương	Thương bổng	59	giao dịch được	降龙之皂金虎头枪
10431260	Giáng Long Chi Tạo Kim Hổ Đầu Thương	Thương bổng	60	giao dịch được	降龙之皂金虎头枪
10431261	Giáng Long Chi Bàn Long Mai Hoa Kích	Thương bổng	61	giao dịch được	降龙之盘龙梅花戟
10431262	Giáng Long Chi Bàn Long Mai Hoa Kích	Thương bổng	62	giao dịch được	降龙之盘龙梅花戟
10431263	Giáng Long Chi Bàn Long Mai Hoa Kích	Thương bổng	63	giao dịch được	降龙之盘龙梅花戟
10431264	Giáng Long Chi Bàn Long Mai Hoa Kích	Thương bổng	64	giao dịch được	降龙之盘龙梅花戟
10431265	Giáng Long Chi Bàn Long Mai Hoa Kích	Thương bổng	65	giao dịch được	降龙之盘龙梅花戟
10431266	Giáng Long Chi Bàn Long Mai Hoa Kích	Thương bổng	66	giao dịch được	降龙之盘龙梅花戟
10431267	Giáng Long Chi Bàn Long Mai Hoa Kích	Thương bổng	67	giao dịch được	降龙之盘龙梅花戟
10431268	Giáng Long Chi Bàn Long Mai Hoa Kích	Thương bổng	68	giao dịch được	降龙之盘龙梅花戟
10431269	Giáng Long Chi Bàn Long Mai Hoa Kích	Thương bổng	69	giao dịch được	降龙之盘龙梅花戟
10431270	Giáng Long Chi Bàn Long Mai Hoa Kích	Thương bổng	70	giao dịch được	降龙之盘龙梅花戟
10431271	Giáng Long Chi Trượng Bát Xà Mâu Thương	Thương bổng	71	giao dịch được	降龙之丈八蛇矛枪
10431272	Giáng Long Chi Trượng Bát Xà Mâu Thương	Thương bổng	72	giao dịch được	降龙之丈八蛇矛枪
10431273	Giáng Long Chi Trượng Bát Xà Mâu Thương	Thương bổng	73	giao dịch được	降龙之丈八蛇矛枪
10431274	Giáng Long Chi Trượng Bát Xà Mâu Thương	Thương bổng	74	giao dịch được	降龙之丈八蛇矛枪
10431275	Giáng Long Chi Trượng Bát Xà Mâu Thương	Thương bổng	75	giao dịch được	降龙之丈八蛇矛枪
10431276	Giáng Long Chi Trượng Bát Xà Mâu Thương	Thương bổng	76	giao dịch được	降龙之丈八蛇矛枪
10431277	Giáng Long Chi Trượng Bát Xà Mâu Thương	Thương bổng	77	giao dịch được	降龙之丈八蛇矛枪
10431278	Giáng Long Chi Trượng Bát Xà Mâu Thương	Thương bổng	78	giao dịch được	降龙之丈八蛇矛枪
10431279	Giáng Long Chi Trượng Bát Xà Mâu Thương	Thương bổng	79	giao dịch được	降龙之丈八蛇矛枪
10431280	Giáng Long Chi Trượng Bát Xà Mâu Thương	Thương bổng	80	giao dịch được	降龙之丈八蛇矛枪
10431281	Giáng Long Chi Băng Ngân Khoan Long Xoa	Thương bổng	81	giao dịch được	降龙之冰银钻龙叉
10431282	Giáng Long Chi Băng Ngân Khoan Long Xoa	Thương bổng	82	giao dịch được	降龙之冰银钻龙叉
10431283	Giáng Long Chi Băng Ngân Khoan Long Xoa	Thương bổng	83	giao dịch được	降龙之冰银钻龙叉
10431284	Giáng Long Chi Băng Ngân Khoan Long Xoa	Thương bổng	84	giao dịch được	降龙之冰银钻龙叉
10431285	Giáng Long Chi Băng Ngân Khoan Long Xoa	Thương bổng	85	giao dịch được	降龙之冰银钻龙叉
10431286	Giáng Long Chi Băng Ngân Khoan Long Xoa	Thương bổng	86	giao dịch được	降龙之冰银钻龙叉
10431287	Giáng Long Chi Băng Ngân Khoan Long Xoa	Thương bổng	87	giao dịch được	降龙之冰银钻龙叉
10431288	Giáng Long Chi Băng Ngân Khoan Long Xoa	Thương bổng	88	giao dịch được	降龙之冰银钻龙叉
10431289	Giáng Long Chi Băng Ngân Khoan Long Xoa	Thương bổng	89	giao dịch được	降龙之冰银钻龙叉
10431290	Giáng Long Chi Băng Ngân Khoan Long Xoa	Thương bổng	90	giao dịch được	降龙之冰银钻龙叉
10431291	Giáng Long Chi Thiên Băng	Thương bổng	91	giao dịch được	降龙之天崩
10431292	Giáng Long Chi Thiên Băng	Thương bổng	92	giao dịch được	降龙之天崩
10431293	Giáng Long Chi Thiên Băng	Thương bổng	93	giao dịch được	降龙之天崩
10431294	Giáng Long Chi Thiên Băng	Thương bổng	94	giao dịch được	降龙之天崩
10431295	Giáng Long Chi Thiên Băng	Thương bổng	95	giao dịch được	降龙之天崩
10431296	Giáng Long Chi Thiên Băng	Thương bổng	96	giao dịch được	降龙之天崩
10431297	Giáng Long Chi Thiên Băng	Thương bổng	97	giao dịch được	降龙之天崩
10431298	Giáng Long Chi Thiên Băng	Thương bổng	98	giao dịch được	降龙之天崩
10431299	Giáng Long Chi Thiên Băng	Thương bổng	99	giao dịch được	降龙之天崩
10431300	Giáng Long Chi Thiên Băng	Thương bổng	100	giao dịch được	降龙之天崩
10431301	(chưa dùng)	Thương bổng	81	giao dịch được	未使用
10431302	(chưa dùng)	Thương bổng	82	giao dịch được	未使用
10431303	(chưa dùng)	Thương bổng	83	giao dịch được	未使用
10431304	(chưa dùng)	Thương bổng	84	giao dịch được	未使用
10431305	(chưa dùng)	Thương bổng	85	giao dịch được	未使用
10431306	(chưa dùng)	Thương bổng	86	giao dịch được	未使用
10431307	(chưa dùng)	Thương bổng	87	giao dịch được	未使用
10431308	(chưa dùng)	Thương bổng	88	giao dịch được	未使用
10431309	(chưa dùng)	Thương bổng	89	giao dịch được	未使用
10431310	(chưa dùng)	Thương bổng	90	giao dịch được	未使用
10431311	(chưa dùng)	Thương bổng	81	giao dịch được	未使用
10431312	(chưa dùng)	Thương bổng	82	giao dịch được	未使用
10431313	(chưa dùng)	Thương bổng	83	giao dịch được	未使用
10431314	(chưa dùng)	Thương bổng	84	giao dịch được	未使用
10431315	(chưa dùng)	Thương bổng	85	giao dịch được	未使用
10431316	(chưa dùng)	Thương bổng	86	giao dịch được	未使用
10431317	(chưa dùng)	Thương bổng	87	giao dịch được	未使用
10431318	(chưa dùng)	Thương bổng	88	giao dịch được	未使用
10431319	(chưa dùng)	Thương bổng	89	giao dịch được	未使用
10431320	(chưa dùng)	Thương bổng	90	giao dịch được	未使用
10431321	(chưa dùng)	Thương bổng	81	giao dịch được	未使用
10431322	(chưa dùng)	Thương bổng	82	giao dịch được	未使用
10431323	(chưa dùng)	Thương bổng	83	giao dịch được	未使用
10431324	(chưa dùng)	Thương bổng	84	giao dịch được	未使用
10431325	(chưa dùng)	Thương bổng	85	giao dịch được	未使用
10431326	(chưa dùng)	Thương bổng	86	giao dịch được	未使用
10431327	(chưa dùng)	Thương bổng	87	giao dịch được	未使用
10431328	(chưa dùng)	Thương bổng	88	giao dịch được	未使用
10431329	(chưa dùng)	Thương bổng	89	giao dịch được	未使用
10431330	(chưa dùng)	Thương bổng	90	giao dịch được	未使用
10431331	(chưa dùng)	Thương bổng	81	giao dịch được	未使用
10431332	(chưa dùng)	Thương bổng	82	giao dịch được	未使用
10431333	(chưa dùng)	Thương bổng	83	giao dịch được	未使用
10431334	(chưa dùng)	Thương bổng	84	giao dịch được	未使用
10431335	(chưa dùng)	Thương bổng	85	giao dịch được	未使用
10431336	(chưa dùng)	Thương bổng	86	giao dịch được	未使用
10431337	(chưa dùng)	Thương bổng	87	giao dịch được	未使用
10431338	(chưa dùng)	Thương bổng	88	giao dịch được	未使用
10431339	(chưa dùng)	Thương bổng	89	giao dịch được	未使用
10431340	(chưa dùng)	Thương bổng	90	giao dịch được	未使用
10431341	(chưa dùng)	Thương bổng	81	giao dịch được	未使用
10431342	(chưa dùng)	Thương bổng	82	giao dịch được	未使用
10431343	(chưa dùng)	Thương bổng	83	giao dịch được	未使用
10431344	(chưa dùng)	Thương bổng	84	giao dịch được	未使用
10431345	(chưa dùng)	Thương bổng	85	giao dịch được	未使用
10431346	(chưa dùng)	Thương bổng	86	giao dịch được	未使用
10431347	(chưa dùng)	Thương bổng	87	giao dịch được	未使用
10431348	(chưa dùng)	Thương bổng	88	giao dịch được	未使用
10431349	(chưa dùng)	Thương bổng	89	giao dịch được	未使用
10431350	(chưa dùng)	Thương bổng	90	giao dịch được	未使用
10431351	(chưa dùng)	Thương bổng	91	giao dịch được	未使用
10431352	(chưa dùng)	Thương bổng	92	giao dịch được	未使用
10431353	(chưa dùng)	Thương bổng	93	giao dịch được	未使用
10431354	(chưa dùng)	Thương bổng	94	giao dịch được	未使用
10431355	(chưa dùng)	Thương bổng	95	giao dịch được	未使用
10431356	(chưa dùng)	Thương bổng	96	giao dịch được	未使用
10431357	(chưa dùng)	Thương bổng	97	giao dịch được	未使用
10431358	(chưa dùng)	Thương bổng	98	giao dịch được	未使用
10431359	(chưa dùng)	Thương bổng	99	giao dịch được	未使用
10431360	(chưa dùng)	Thương bổng	100	giao dịch được	未使用
10431361	(chưa dùng)	Thương bổng	91	giao dịch được	未使用
10431362	(chưa dùng)	Thương bổng	92	giao dịch được	未使用
10431363	(chưa dùng)	Thương bổng	93	giao dịch được	未使用
10431364	(chưa dùng)	Thương bổng	94	giao dịch được	未使用
10431365	(chưa dùng)	Thương bổng	95	giao dịch được	未使用
10431366	(chưa dùng)	Thương bổng	96	giao dịch được	未使用
10431367	(chưa dùng)	Thương bổng	97	giao dịch được	未使用
10431368	(chưa dùng)	Thương bổng	98	giao dịch được	未使用
10431369	(chưa dùng)	Thương bổng	99	giao dịch được	未使用
10431370	(chưa dùng)	Thương bổng	100	giao dịch được	未使用
10431371	(chưa dùng)	Thương bổng	91	giao dịch được	未使用
10431372	(chưa dùng)	Thương bổng	92	giao dịch được	未使用
10431373	(chưa dùng)	Thương bổng	93	giao dịch được	未使用
10431374	(chưa dùng)	Thương bổng	94	giao dịch được	未使用
10431375	(chưa dùng)	Thương bổng	95	giao dịch được	未使用
10431376	(chưa dùng)	Thương bổng	96	giao dịch được	未使用
10431377	(chưa dùng)	Thương bổng	97	giao dịch được	未使用
10431378	(chưa dùng)	Thương bổng	98	giao dịch được	未使用
10431379	(chưa dùng)	Thương bổng	99	giao dịch được	未使用
10431380	(chưa dùng)	Thương bổng	100	giao dịch được	未使用
10431381	(chưa dùng)	Thương bổng	91	giao dịch được	未使用
10431382	(chưa dùng)	Thương bổng	92	giao dịch được	未使用
10431383	(chưa dùng)	Thương bổng	93	giao dịch được	未使用
10431384	(chưa dùng)	Thương bổng	94	giao dịch được	未使用
10431385	(chưa dùng)	Thương bổng	95	giao dịch được	未使用
10431386	(chưa dùng)	Thương bổng	96	giao dịch được	未使用
10431387	(chưa dùng)	Thương bổng	97	giao dịch được	未使用
10431388	(chưa dùng)	Thương bổng	98	giao dịch được	未使用
10431389	(chưa dùng)	Thương bổng	99	giao dịch được	未使用
10431390	(chưa dùng)	Thương bổng	100	giao dịch được	未使用
10431391	(chưa dùng)	Thương bổng	91	giao dịch được	未使用
10431392	(chưa dùng)	Thương bổng	92	giao dịch được	未使用
10431393	(chưa dùng)	Thương bổng	93	giao dịch được	未使用
10431394	(chưa dùng)	Thương bổng	94	giao dịch được	未使用
10431395	(chưa dùng)	Thương bổng	95	giao dịch được	未使用
10431396	(chưa dùng)	Thương bổng	96	giao dịch được	未使用
10431397	(chưa dùng)	Thương bổng	97	giao dịch được	未使用
10431398	(chưa dùng)	Thương bổng	98	giao dịch được	未使用
10431399	(chưa dùng)	Thương bổng	99	giao dịch được	未使用
10431400	(chưa dùng)	Thương bổng	100	giao dịch được	未使用
10432001	Ngọc Nữ Chi Long Văn Đào Mộc Kiếm	Đoản binh	1	giao dịch được	玉女之龙纹桃木剑
10432002	Ngọc Nữ Chi Long Văn Đào Mộc Kiếm	Đoản binh	2	giao dịch được	玉女之龙纹桃木剑
10432003	Ngọc Nữ Chi Long Văn Đào Mộc Kiếm	Đoản binh	3	giao dịch được	玉女之龙纹桃木剑
10432004	Ngọc Nữ Chi Long Văn Đào Mộc Kiếm	Đoản binh	4	giao dịch được	玉女之龙纹桃木剑
10432005	Ngọc Nữ Chi Long Văn Đào Mộc Kiếm	Đoản binh	5	giao dịch được	玉女之龙纹桃木剑
10432006	Ngọc Nữ Chi Long Văn Đào Mộc Kiếm	Đoản binh	6	giao dịch được	玉女之龙纹桃木剑
10432007	Ngọc Nữ Chi Long Văn Đào Mộc Kiếm	Đoản binh	7	giao dịch được	玉女之龙纹桃木剑
10432008	Ngọc Nữ Chi Long Văn Đào Mộc Kiếm	Đoản binh	8	giao dịch được	玉女之龙纹桃木剑
10432009	Ngọc Nữ Chi Long Văn Đào Mộc Kiếm	Đoản binh	9	giao dịch được	玉女之龙纹桃木剑
10432010	Ngọc Nữ Chi Long Văn Đào Mộc Kiếm	Đoản binh	10	giao dịch được	玉女之龙纹桃木剑
10432011	Ngọc Nữ Chi Sương Hoa Thanh Quang Kiếm	Đoản binh	11	giao dịch được	玉女之霜华青光剑
10432012	Ngọc Nữ Chi Sương Hoa Thanh Quang Kiếm	Đoản binh	12	giao dịch được	玉女之霜华青光剑
10432013	Ngọc Nữ Chi Sương Hoa Thanh Quang Kiếm	Đoản binh	13	giao dịch được	玉女之霜华青光剑
10432014	Ngọc Nữ Chi Sương Hoa Thanh Quang Kiếm	Đoản binh	14	giao dịch được	玉女之霜华青光剑
10432015	Ngọc Nữ Chi Sương Hoa Thanh Quang Kiếm	Đoản binh	15	giao dịch được	玉女之霜华青光剑
10432016	Ngọc Nữ Chi Sương Hoa Thanh Quang Kiếm	Đoản binh	16	giao dịch được	玉女之霜华青光剑
10432017	Ngọc Nữ Chi Sương Hoa Thanh Quang Kiếm	Đoản binh	17	giao dịch được	玉女之霜华青光剑
10432018	Ngọc Nữ Chi Sương Hoa Thanh Quang Kiếm	Đoản binh	18	giao dịch được	玉女之霜华青光剑
10432019	Ngọc Nữ Chi Sương Hoa Thanh Quang Kiếm	Đoản binh	19	giao dịch được	玉女之霜华青光剑
10432020	Ngọc Nữ Chi Sương Hoa Thanh Quang Kiếm	Đoản binh	20	giao dịch được	玉女之霜华青光剑
10432021	Ngọc Nữ Chi Kỳ Tuyệt Bích Linh Kiếm	Đoản binh	21	giao dịch được	玉女之奇绝碧灵剑
10432022	Ngọc Nữ Chi Kỳ Tuyệt Bích Linh Kiếm	Đoản binh	22	giao dịch được	玉女之奇绝碧灵剑
10432023	Ngọc Nữ Chi Kỳ Tuyệt Bích Linh Kiếm	Đoản binh	23	giao dịch được	玉女之奇绝碧灵剑
10432024	Ngọc Nữ Chi Kỳ Tuyệt Bích Linh Kiếm	Đoản binh	24	giao dịch được	玉女之奇绝碧灵剑
10432025	Ngọc Nữ Chi Kỳ Tuyệt Bích Linh Kiếm	Đoản binh	25	giao dịch được	玉女之奇绝碧灵剑
10432026	Ngọc Nữ Chi Kỳ Tuyệt Bích Linh Kiếm	Đoản binh	26	giao dịch được	玉女之奇绝碧灵剑
10432027	Ngọc Nữ Chi Kỳ Tuyệt Bích Linh Kiếm	Đoản binh	27	giao dịch được	玉女之奇绝碧灵剑
10432028	Ngọc Nữ Chi Kỳ Tuyệt Bích Linh Kiếm	Đoản binh	28	giao dịch được	玉女之奇绝碧灵剑
10432029	Ngọc Nữ Chi Kỳ Tuyệt Bích Linh Kiếm	Đoản binh	29	giao dịch được	玉女之奇绝碧灵剑
10432030	Ngọc Nữ Chi Kỳ Tuyệt Bích Linh Kiếm	Đoản binh	30	giao dịch được	玉女之奇绝碧灵剑
10432031	Ngọc Nữ Chi Hổ Đầu Phi Liêm Nhận	Đoản binh	31	giao dịch được	玉女之虎头飞镰刃
10432032	Ngọc Nữ Chi Hổ Đầu Phi Liêm Nhận	Đoản binh	32	giao dịch được	玉女之虎头飞镰刃
10432033	Ngọc Nữ Chi Hổ Đầu Phi Liêm Nhận	Đoản binh	33	giao dịch được	玉女之虎头飞镰刃
10432034	Ngọc Nữ Chi Hổ Đầu Phi Liêm Nhận	Đoản binh	34	giao dịch được	玉女之虎头飞镰刃
10432035	Ngọc Nữ Chi Hổ Đầu Phi Liêm Nhận	Đoản binh	35	giao dịch được	玉女之虎头飞镰刃
10432036	Ngọc Nữ Chi Hổ Đầu Phi Liêm Nhận	Đoản binh	36	giao dịch được	玉女之虎头飞镰刃
10432037	Ngọc Nữ Chi Hổ Đầu Phi Liêm Nhận	Đoản binh	37	giao dịch được	玉女之虎头飞镰刃
10432038	Ngọc Nữ Chi Hổ Đầu Phi Liêm Nhận	Đoản binh	38	giao dịch được	玉女之虎头飞镰刃
10432039	Ngọc Nữ Chi Hổ Đầu Phi Liêm Nhận	Đoản binh	39	giao dịch được	玉女之虎头飞镰刃
10432040	Ngọc Nữ Chi Hổ Đầu Phi Liêm Nhận	Đoản binh	40	giao dịch được	玉女之虎头飞镰刃
10432041	Ngọc Nữ Chi Trấn Yêu Đồ Ma Kiếm	Đoản binh	41	giao dịch được	玉女之镇妖屠魔剑
10432042	Ngọc Nữ Chi Trấn Yêu Đồ Ma Kiếm	Đoản binh	42	giao dịch được	玉女之镇妖屠魔剑
10432043	Ngọc Nữ Chi Trấn Yêu Đồ Ma Kiếm	Đoản binh	43	giao dịch được	玉女之镇妖屠魔剑
10432044	Ngọc Nữ Chi Trấn Yêu Đồ Ma Kiếm	Đoản binh	44	giao dịch được	玉女之镇妖屠魔剑
10432045	Ngọc Nữ Chi Trấn Yêu Đồ Ma Kiếm	Đoản binh	45	giao dịch được	玉女之镇妖屠魔剑
10432046	Ngọc Nữ Chi Trấn Yêu Đồ Ma Kiếm	Đoản binh	46	giao dịch được	玉女之镇妖屠魔剑
10432047	Ngọc Nữ Chi Trấn Yêu Đồ Ma Kiếm	Đoản binh	47	giao dịch được	玉女之镇妖屠魔剑
10432048	Ngọc Nữ Chi Trấn Yêu Đồ Ma Kiếm	Đoản binh	48	giao dịch được	玉女之镇妖屠魔剑
10432049	Ngọc Nữ Chi Trấn Yêu Đồ Ma Kiếm	Đoản binh	49	giao dịch được	玉女之镇妖屠魔剑
10432050	Ngọc Nữ Chi Trấn Yêu Đồ Ma Kiếm	Đoản binh	50	giao dịch được	玉女之镇妖屠魔剑
10432051	Ngọc Nữ Chi Hoá Huyết Ngưng Bích Kiếm	Đoản binh	51	giao dịch được	玉女之化血凝碧剑
10432052	Ngọc Nữ Chi Hoá Huyết Ngưng Bích Kiếm	Đoản binh	52	giao dịch được	玉女之化血凝碧剑
10432053	Ngọc Nữ Chi Hoá Huyết Ngưng Bích Kiếm	Đoản binh	53	giao dịch được	玉女之化血凝碧剑
10432054	Ngọc Nữ Chi Hoá Huyết Ngưng Bích Kiếm	Đoản binh	54	giao dịch được	玉女之化血凝碧剑
10432055	Ngọc Nữ Chi Hoá Huyết Ngưng Bích Kiếm	Đoản binh	55	giao dịch được	玉女之化血凝碧剑
10432056	Ngọc Nữ Chi Hoá Huyết Ngưng Bích Kiếm	Đoản binh	56	giao dịch được	玉女之化血凝碧剑
10432057	Ngọc Nữ Chi Hoá Huyết Ngưng Bích Kiếm	Đoản binh	57	giao dịch được	玉女之化血凝碧剑
10432058	Ngọc Nữ Chi Hoá Huyết Ngưng Bích Kiếm	Đoản binh	58	giao dịch được	玉女之化血凝碧剑
10432059	Ngọc Nữ Chi Hoá Huyết Ngưng Bích Kiếm	Đoản binh	59	giao dịch được	玉女之化血凝碧剑
10432060	Ngọc Nữ Chi Hoá Huyết Ngưng Bích Kiếm	Đoản binh	60	giao dịch được	玉女之化血凝碧剑
10432061	Ngọc Nữ Chi Lục Hợp Thất Tinh Kiếm	Đoản binh	61	giao dịch được	玉女之六合七星剑
10432062	Ngọc Nữ Chi Lục Hợp Thất Tinh Kiếm	Đoản binh	62	giao dịch được	玉女之六合七星剑
10432063	Ngọc Nữ Chi Lục Hợp Thất Tinh Kiếm	Đoản binh	63	giao dịch được	玉女之六合七星剑
10432064	Ngọc Nữ Chi Lục Hợp Thất Tinh Kiếm	Đoản binh	64	giao dịch được	玉女之六合七星剑
10432065	Ngọc Nữ Chi Lục Hợp Thất Tinh Kiếm	Đoản binh	65	giao dịch được	玉女之六合七星剑
10432066	Ngọc Nữ Chi Lục Hợp Thất Tinh Kiếm	Đoản binh	66	giao dịch được	玉女之六合七星剑
10432067	Ngọc Nữ Chi Lục Hợp Thất Tinh Kiếm	Đoản binh	67	giao dịch được	玉女之六合七星剑
10432068	Ngọc Nữ Chi Lục Hợp Thất Tinh Kiếm	Đoản binh	68	giao dịch được	玉女之六合七星剑
10432069	Ngọc Nữ Chi Lục Hợp Thất Tinh Kiếm	Đoản binh	69	giao dịch được	玉女之六合七星剑
10432070	Ngọc Nữ Chi Lục Hợp Thất Tinh Kiếm	Đoản binh	70	giao dịch được	玉女之六合七星剑
10432071	Ngọc Nữ Chi Thiên Hoàng Thương Long Đao	Đoản binh	71	giao dịch được	玉女之天皇苍龙刀
10432072	Ngọc Nữ Chi Thiên Hoàng Thương Long Đao	Đoản binh	72	giao dịch được	玉女之天皇苍龙刀
10432073	Ngọc Nữ Chi Thiên Hoàng Thương Long Đao	Đoản binh	73	giao dịch được	玉女之天皇苍龙刀
10432074	Ngọc Nữ Chi Thiên Hoàng Thương Long Đao	Đoản binh	74	giao dịch được	玉女之天皇苍龙刀
10432075	Ngọc Nữ Chi Thiên Hoàng Thương Long Đao	Đoản binh	75	giao dịch được	玉女之天皇苍龙刀
10432076	Ngọc Nữ Chi Thiên Hoàng Thương Long Đao	Đoản binh	76	giao dịch được	玉女之天皇苍龙刀
10432077	Ngọc Nữ Chi Thiên Hoàng Thương Long Đao	Đoản binh	77	giao dịch được	玉女之天皇苍龙刀
10432078	Ngọc Nữ Chi Thiên Hoàng Thương Long Đao	Đoản binh	78	giao dịch được	玉女之天皇苍龙刀
10432079	Ngọc Nữ Chi Thiên Hoàng Thương Long Đao	Đoản binh	79	giao dịch được	玉女之天皇苍龙刀
10432080	Ngọc Nữ Chi Thiên Hoàng Thương Long Đao	Đoản binh	80	giao dịch được	玉女之天皇苍龙刀
10432081	Ngọc Nữ Chi Thanh Hồng Bách Chiến Kiếm	Đoản binh	81	giao dịch được	玉女之青虹百战剑
10432082	Ngọc Nữ Chi Thanh Hồng Bách Chiến Kiếm	Đoản binh	82	giao dịch được	玉女之青虹百战剑
10432083	Ngọc Nữ Chi Thanh Hồng Bách Chiến Kiếm	Đoản binh	83	giao dịch được	玉女之青虹百战剑
10432084	Ngọc Nữ Chi Thanh Hồng Bách Chiến Kiếm	Đoản binh	84	giao dịch được	玉女之青虹百战剑
10432085	Ngọc Nữ Chi Thanh Hồng Bách Chiến Kiếm	Đoản binh	85	giao dịch được	玉女之青虹百战剑
10432086	Ngọc Nữ Chi Thanh Hồng Bách Chiến Kiếm	Đoản binh	86	giao dịch được	玉女之青虹百战剑
10432087	Ngọc Nữ Chi Thanh Hồng Bách Chiến Kiếm	Đoản binh	87	giao dịch được	玉女之青虹百战剑
10432088	Ngọc Nữ Chi Thanh Hồng Bách Chiến Kiếm	Đoản binh	88	giao dịch được	玉女之青虹百战剑
10432089	Ngọc Nữ Chi Thanh Hồng Bách Chiến Kiếm	Đoản binh	89	giao dịch được	玉女之青虹百战剑
10432090	Ngọc Nữ Chi Thanh Hồng Bách Chiến Kiếm	Đoản binh	90	giao dịch được	玉女之青虹百战剑
10432091	Ngọc Nữ Chi Hỗn Độn	Đoản binh	91	giao dịch được	玉女之混沌
10432092	Ngọc Nữ Chi Hỗn Độn	Đoản binh	92	giao dịch được	玉女之混沌
10432093	Ngọc Nữ Chi Hỗn Độn	Đoản binh	93	giao dịch được	玉女之混沌
10432094	Ngọc Nữ Chi Hỗn Độn	Đoản binh	94	giao dịch được	玉女之混沌
10432095	Ngọc Nữ Chi Hỗn Độn	Đoản binh	95	giao dịch được	玉女之混沌
10432096	Ngọc Nữ Chi Hỗn Độn	Đoản binh	96	giao dịch được	玉女之混沌
10432097	Ngọc Nữ Chi Hỗn Độn	Đoản binh	97	giao dịch được	玉女之混沌
10432098	Ngọc Nữ Chi Hỗn Độn	Đoản binh	98	giao dịch được	玉女之混沌
10432099	Ngọc Nữ Chi Hỗn Độn	Đoản binh	99	giao dịch được	玉女之混沌
10432100	Ngọc Nữ Chi Hỗn Độn	Đoản binh	100	giao dịch được	玉女之混沌
10432101	Vô Cực Chi Long Văn Đào Mộc Kiếm	Đoản binh	1	giao dịch được	无极之龙纹桃木剑
10432102	Vô Cực Chi Long Văn Đào Mộc Kiếm	Đoản binh	2	giao dịch được	无极之龙纹桃木剑
10432103	Vô Cực Chi Long Văn Đào Mộc Kiếm	Đoản binh	3	giao dịch được	无极之龙纹桃木剑
10432104	Vô Cực Chi Long Văn Đào Mộc Kiếm	Đoản binh	4	giao dịch được	无极之龙纹桃木剑
10432105	Vô Cực Chi Long Văn Đào Mộc Kiếm	Đoản binh	5	giao dịch được	无极之龙纹桃木剑
10432106	Vô Cực Chi Long Văn Đào Mộc Kiếm	Đoản binh	6	giao dịch được	无极之龙纹桃木剑
10432107	Vô Cực Chi Long Văn Đào Mộc Kiếm	Đoản binh	7	giao dịch được	无极之龙纹桃木剑
10432108	Vô Cực Chi Long Văn Đào Mộc Kiếm	Đoản binh	8	giao dịch được	无极之龙纹桃木剑
10432109	Vô Cực Chi Long Văn Đào Mộc Kiếm	Đoản binh	9	giao dịch được	无极之龙纹桃木剑
10432110	Vô Cực Chi Long Văn Đào Mộc Kiếm	Đoản binh	10	giao dịch được	无极之龙纹桃木剑
10432111	Vô Cực Chi Sương Hoa Thanh Quang Kiếm	Đoản binh	11	giao dịch được	无极之霜华青光剑
10432112	Vô Cực Chi Sương Hoa Thanh Quang Kiếm	Đoản binh	12	giao dịch được	无极之霜华青光剑
10432113	Vô Cực Chi Sương Hoa Thanh Quang Kiếm	Đoản binh	13	giao dịch được	无极之霜华青光剑
10432114	Vô Cực Chi Sương Hoa Thanh Quang Kiếm	Đoản binh	14	giao dịch được	无极之霜华青光剑
10432115	Vô Cực Chi Sương Hoa Thanh Quang Kiếm	Đoản binh	15	giao dịch được	无极之霜华青光剑
10432116	Vô Cực Chi Sương Hoa Thanh Quang Kiếm	Đoản binh	16	giao dịch được	无极之霜华青光剑
10432117	Vô Cực Chi Sương Hoa Thanh Quang Kiếm	Đoản binh	17	giao dịch được	无极之霜华青光剑
10432118	Vô Cực Chi Sương Hoa Thanh Quang Kiếm	Đoản binh	18	giao dịch được	无极之霜华青光剑
10432119	Vô Cực Chi Sương Hoa Thanh Quang Kiếm	Đoản binh	19	giao dịch được	无极之霜华青光剑
10432120	Vô Cực Chi Sương Hoa Thanh Quang Kiếm	Đoản binh	20	giao dịch được	无极之霜华青光剑
10432121	Vô Cực Chi Kỳ Tuyệt Bích Linh Kiếm	Đoản binh	21	giao dịch được	无极之奇绝碧灵剑
10432122	Vô Cực Chi Kỳ Tuyệt Bích Linh Kiếm	Đoản binh	22	giao dịch được	无极之奇绝碧灵剑
10432123	Vô Cực Chi Kỳ Tuyệt Bích Linh Kiếm	Đoản binh	23	giao dịch được	无极之奇绝碧灵剑
10432124	Vô Cực Chi Kỳ Tuyệt Bích Linh Kiếm	Đoản binh	24	giao dịch được	无极之奇绝碧灵剑
10432125	Vô Cực Chi Kỳ Tuyệt Bích Linh Kiếm	Đoản binh	25	giao dịch được	无极之奇绝碧灵剑
10432126	Vô Cực Chi Kỳ Tuyệt Bích Linh Kiếm	Đoản binh	26	giao dịch được	无极之奇绝碧灵剑
10432127	Vô Cực Chi Kỳ Tuyệt Bích Linh Kiếm	Đoản binh	27	giao dịch được	无极之奇绝碧灵剑
10432128	Vô Cực Chi Kỳ Tuyệt Bích Linh Kiếm	Đoản binh	28	giao dịch được	无极之奇绝碧灵剑
10432129	Vô Cực Chi Kỳ Tuyệt Bích Linh Kiếm	Đoản binh	29	giao dịch được	无极之奇绝碧灵剑
10432130	Vô Cực Chi Kỳ Tuyệt Bích Linh Kiếm	Đoản binh	30	giao dịch được	无极之奇绝碧灵剑
10432131	Vô Cực Chi Hổ Đầu Phi Liêm Nhận	Đoản binh	31	giao dịch được	无极之虎头飞镰刃
10432132	Vô Cực Chi Hổ Đầu Phi Liêm Nhận	Đoản binh	32	giao dịch được	无极之虎头飞镰刃
10432133	Vô Cực Chi Hổ Đầu Phi Liêm Nhận	Đoản binh	33	giao dịch được	无极之虎头飞镰刃
10432134	Vô Cực Chi Hổ Đầu Phi Liêm Nhận	Đoản binh	34	giao dịch được	无极之虎头飞镰刃
10432135	Vô Cực Chi Hổ Đầu Phi Liêm Nhận	Đoản binh	35	giao dịch được	无极之虎头飞镰刃
10432136	Vô Cực Chi Hổ Đầu Phi Liêm Nhận	Đoản binh	36	giao dịch được	无极之虎头飞镰刃
10432137	Vô Cực Chi Hổ Đầu Phi Liêm Nhận	Đoản binh	37	giao dịch được	无极之虎头飞镰刃
10432138	Vô Cực Chi Hổ Đầu Phi Liêm Nhận	Đoản binh	38	giao dịch được	无极之虎头飞镰刃
10432139	Vô Cực Chi Hổ Đầu Phi Liêm Nhận	Đoản binh	39	giao dịch được	无极之虎头飞镰刃
10432140	Vô Cực Chi Hổ Đầu Phi Liêm Nhận	Đoản binh	40	giao dịch được	无极之虎头飞镰刃
10432141	Vô Cực Chi Trấn Yêu Đồ Ma Kiếm	Đoản binh	41	giao dịch được	无极之镇妖屠魔剑
10432142	Vô Cực Chi Trấn Yêu Đồ Ma Kiếm	Đoản binh	42	giao dịch được	无极之镇妖屠魔剑
10432143	Vô Cực Chi Trấn Yêu Đồ Ma Kiếm	Đoản binh	43	giao dịch được	无极之镇妖屠魔剑
10432144	Vô Cực Chi Trấn Yêu Đồ Ma Kiếm	Đoản binh	44	giao dịch được	无极之镇妖屠魔剑
10432145	Vô Cực Chi Trấn Yêu Đồ Ma Kiếm	Đoản binh	45	giao dịch được	无极之镇妖屠魔剑
10432146	Vô Cực Chi Trấn Yêu Đồ Ma Kiếm	Đoản binh	46	giao dịch được	无极之镇妖屠魔剑
10432147	Vô Cực Chi Trấn Yêu Đồ Ma Kiếm	Đoản binh	47	giao dịch được	无极之镇妖屠魔剑
10432148	Vô Cực Chi Trấn Yêu Đồ Ma Kiếm	Đoản binh	48	giao dịch được	无极之镇妖屠魔剑
10432149	Vô Cực Chi Trấn Yêu Đồ Ma Kiếm	Đoản binh	49	giao dịch được	无极之镇妖屠魔剑
10432150	Vô Cực Chi Trấn Yêu Đồ Ma Kiếm	Đoản binh	50	giao dịch được	无极之镇妖屠魔剑
10432151	Vô Cực Chi Hoá Huyết Ngưng Bích Kiếm	Đoản binh	51	giao dịch được	无极之化血凝碧剑
10432152	Vô Cực Chi Hoá Huyết Ngưng Bích Kiếm	Đoản binh	52	giao dịch được	无极之化血凝碧剑
10432153	Vô Cực Chi Hoá Huyết Ngưng Bích Kiếm	Đoản binh	53	giao dịch được	无极之化血凝碧剑
10432154	Vô Cực Chi Hoá Huyết Ngưng Bích Kiếm	Đoản binh	54	giao dịch được	无极之化血凝碧剑
10432155	Vô Cực Chi Hoá Huyết Ngưng Bích Kiếm	Đoản binh	55	giao dịch được	无极之化血凝碧剑
10432156	Vô Cực Chi Hoá Huyết Ngưng Bích Kiếm	Đoản binh	56	giao dịch được	无极之化血凝碧剑
10432157	Vô Cực Chi Hoá Huyết Ngưng Bích Kiếm	Đoản binh	57	giao dịch được	无极之化血凝碧剑
10432158	Vô Cực Chi Hoá Huyết Ngưng Bích Kiếm	Đoản binh	58	giao dịch được	无极之化血凝碧剑
10432159	Vô Cực Chi Hoá Huyết Ngưng Bích Kiếm	Đoản binh	59	giao dịch được	无极之化血凝碧剑
10432160	Vô Cực Chi Hoá Huyết Ngưng Bích Kiếm	Đoản binh	60	giao dịch được	无极之化血凝碧剑
10432161	Vô Cực Chi Lục Hợp Thất Tinh Kiếm	Đoản binh	61	giao dịch được	无极之六合七星剑
10432162	Vô Cực Chi Lục Hợp Thất Tinh Kiếm	Đoản binh	62	giao dịch được	无极之六合七星剑
10432163	Vô Cực Chi Lục Hợp Thất Tinh Kiếm	Đoản binh	63	giao dịch được	无极之六合七星剑
10432164	Vô Cực Chi Lục Hợp Thất Tinh Kiếm	Đoản binh	64	giao dịch được	无极之六合七星剑
10432165	Vô Cực Chi Lục Hợp Thất Tinh Kiếm	Đoản binh	65	giao dịch được	无极之六合七星剑
10432166	Vô Cực Chi Lục Hợp Thất Tinh Kiếm	Đoản binh	66	giao dịch được	无极之六合七星剑
10432167	Vô Cực Chi Lục Hợp Thất Tinh Kiếm	Đoản binh	67	giao dịch được	无极之六合七星剑
10432168	Vô Cực Chi Lục Hợp Thất Tinh Kiếm	Đoản binh	68	giao dịch được	无极之六合七星剑
10432169	Vô Cực Chi Lục Hợp Thất Tinh Kiếm	Đoản binh	69	giao dịch được	无极之六合七星剑
10432170	Vô Cực Chi Lục Hợp Thất Tinh Kiếm	Đoản binh	70	giao dịch được	无极之六合七星剑
10432171	Vô Cực Chi Thiên Hoàng Thương Long Đao	Đoản binh	71	giao dịch được	无极之天皇苍龙刀
10432172	Vô Cực Chi Thiên Hoàng Thương Long Đao	Đoản binh	72	giao dịch được	无极之天皇苍龙刀
10432173	Vô Cực Chi Thiên Hoàng Thương Long Đao	Đoản binh	73	giao dịch được	无极之天皇苍龙刀
10432174	Vô Cực Chi Thiên Hoàng Thương Long Đao	Đoản binh	74	giao dịch được	无极之天皇苍龙刀
10432175	Vô Cực Chi Thiên Hoàng Thương Long Đao	Đoản binh	75	giao dịch được	无极之天皇苍龙刀
10432176	Vô Cực Chi Thiên Hoàng Thương Long Đao	Đoản binh	76	giao dịch được	无极之天皇苍龙刀
10432177	Vô Cực Chi Thiên Hoàng Thương Long Đao	Đoản binh	77	giao dịch được	无极之天皇苍龙刀
10432178	Vô Cực Chi Thiên Hoàng Thương Long Đao	Đoản binh	78	giao dịch được	无极之天皇苍龙刀
10432179	Vô Cực Chi Thiên Hoàng Thương Long Đao	Đoản binh	79	giao dịch được	无极之天皇苍龙刀
10432180	Vô Cực Chi Thiên Hoàng Thương Long Đao	Đoản binh	80	giao dịch được	无极之天皇苍龙刀
10432181	Vô Cực Chi Thanh Hồng Bách Chiến Kiếm	Đoản binh	81	giao dịch được	无极之青虹百战剑
10432182	Vô Cực Chi Thanh Hồng Bách Chiến Kiếm	Đoản binh	82	giao dịch được	无极之青虹百战剑
10432183	Vô Cực Chi Thanh Hồng Bách Chiến Kiếm	Đoản binh	83	giao dịch được	无极之青虹百战剑
10432184	Vô Cực Chi Thanh Hồng Bách Chiến Kiếm	Đoản binh	84	giao dịch được	无极之青虹百战剑
10432185	Vô Cực Chi Thanh Hồng Bách Chiến Kiếm	Đoản binh	85	giao dịch được	无极之青虹百战剑
10432186	Vô Cực Chi Thanh Hồng Bách Chiến Kiếm	Đoản binh	86	giao dịch được	无极之青虹百战剑
10432187	Vô Cực Chi Thanh Hồng Bách Chiến Kiếm	Đoản binh	87	giao dịch được	无极之青虹百战剑
10432188	Vô Cực Chi Thanh Hồng Bách Chiến Kiếm	Đoản binh	88	giao dịch được	无极之青虹百战剑
10432189	Vô Cực Chi Thanh Hồng Bách Chiến Kiếm	Đoản binh	89	giao dịch được	无极之青虹百战剑
10432190	Vô Cực Chi Thanh Hồng Bách Chiến Kiếm	Đoản binh	90	giao dịch được	无极之青虹百战剑
10432191	Vô Cực Chi Hỗn Độn	Đoản binh	91	giao dịch được	无极之混沌
10432192	Vô Cực Chi Hỗn Độn	Đoản binh	92	giao dịch được	无极之混沌
10432193	Vô Cực Chi Hỗn Độn	Đoản binh	93	giao dịch được	无极之混沌
10432194	Vô Cực Chi Hỗn Độn	Đoản binh	94	giao dịch được	无极之混沌
10432195	Vô Cực Chi Hỗn Độn	Đoản binh	95	giao dịch được	无极之混沌
10432196	Vô Cực Chi Hỗn Độn	Đoản binh	96	giao dịch được	无极之混沌
10432197	Vô Cực Chi Hỗn Độn	Đoản binh	97	giao dịch được	无极之混沌
10432198	Vô Cực Chi Hỗn Độn	Đoản binh	98	giao dịch được	无极之混沌
10432199	Vô Cực Chi Hỗn Độn	Đoản binh	99	giao dịch được	无极之混沌
10432200	Vô Cực Chi Hỗn Độn	Đoản binh	100	giao dịch được	无极之混沌
10432201	Hoang Độc Chi Long Văn Đào Mộc Kiếm	Đoản binh	1	giao dịch được	荒毒之龙纹桃木剑
10432202	Hoang Độc Chi Long Văn Đào Mộc Kiếm	Đoản binh	2	giao dịch được	荒毒之龙纹桃木剑
10432203	Hoang Độc Chi Long Văn Đào Mộc Kiếm	Đoản binh	3	giao dịch được	荒毒之龙纹桃木剑
10432204	Hoang Độc Chi Long Văn Đào Mộc Kiếm	Đoản binh	4	giao dịch được	荒毒之龙纹桃木剑
10432205	Hoang Độc Chi Long Văn Đào Mộc Kiếm	Đoản binh	5	giao dịch được	荒毒之龙纹桃木剑
10432206	Hoang Độc Chi Long Văn Đào Mộc Kiếm	Đoản binh	6	giao dịch được	荒毒之龙纹桃木剑
10432207	Hoang Độc Chi Long Văn Đào Mộc Kiếm	Đoản binh	7	giao dịch được	荒毒之龙纹桃木剑
10432208	Hoang Độc Chi Long Văn Đào Mộc Kiếm	Đoản binh	8	giao dịch được	荒毒之龙纹桃木剑
10432209	Hoang Độc Chi Long Văn Đào Mộc Kiếm	Đoản binh	9	giao dịch được	荒毒之龙纹桃木剑
10432210	Hoang Độc Chi Long Văn Đào Mộc Kiếm	Đoản binh	10	giao dịch được	荒毒之龙纹桃木剑
10432211	Hoang Độc Chi Sương Hoa Thanh Quang Kiếm	Đoản binh	11	giao dịch được	荒毒之霜华青光剑
10432212	Hoang Độc Chi Sương Hoa Thanh Quang Kiếm	Đoản binh	12	giao dịch được	荒毒之霜华青光剑
10432213	Hoang Độc Chi Sương Hoa Thanh Quang Kiếm	Đoản binh	13	giao dịch được	荒毒之霜华青光剑
10432214	Hoang Độc Chi Sương Hoa Thanh Quang Kiếm	Đoản binh	14	giao dịch được	荒毒之霜华青光剑
10432215	Hoang Độc Chi Sương Hoa Thanh Quang Kiếm	Đoản binh	15	giao dịch được	荒毒之霜华青光剑
10432216	Hoang Độc Chi Sương Hoa Thanh Quang Kiếm	Đoản binh	16	giao dịch được	荒毒之霜华青光剑
10432217	Hoang Độc Chi Sương Hoa Thanh Quang Kiếm	Đoản binh	17	giao dịch được	荒毒之霜华青光剑
10432218	Hoang Độc Chi Sương Hoa Thanh Quang Kiếm	Đoản binh	18	giao dịch được	荒毒之霜华青光剑
10432219	Hoang Độc Chi Sương Hoa Thanh Quang Kiếm	Đoản binh	19	giao dịch được	荒毒之霜华青光剑
10432220	Hoang Độc Chi Sương Hoa Thanh Quang Kiếm	Đoản binh	20	giao dịch được	荒毒之霜华青光剑
10432221	Hoang Độc Chi Kỳ Tuyệt Bích Linh Kiếm	Đoản binh	21	giao dịch được	荒毒之奇绝碧灵剑
10432222	Hoang Độc Chi Kỳ Tuyệt Bích Linh Kiếm	Đoản binh	22	giao dịch được	荒毒之奇绝碧灵剑
10432223	Hoang Độc Chi Kỳ Tuyệt Bích Linh Kiếm	Đoản binh	23	giao dịch được	荒毒之奇绝碧灵剑
10432224	Hoang Độc Chi Kỳ Tuyệt Bích Linh Kiếm	Đoản binh	24	giao dịch được	荒毒之奇绝碧灵剑
10432225	Hoang Độc Chi Kỳ Tuyệt Bích Linh Kiếm	Đoản binh	25	giao dịch được	荒毒之奇绝碧灵剑
10432226	Hoang Độc Chi Kỳ Tuyệt Bích Linh Kiếm	Đoản binh	26	giao dịch được	荒毒之奇绝碧灵剑
10432227	Hoang Độc Chi Kỳ Tuyệt Bích Linh Kiếm	Đoản binh	27	giao dịch được	荒毒之奇绝碧灵剑
10432228	Hoang Độc Chi Kỳ Tuyệt Bích Linh Kiếm	Đoản binh	28	giao dịch được	荒毒之奇绝碧灵剑
10432229	Hoang Độc Chi Kỳ Tuyệt Bích Linh Kiếm	Đoản binh	29	giao dịch được	荒毒之奇绝碧灵剑
10432230	Hoang Độc Chi Kỳ Tuyệt Bích Linh Kiếm	Đoản binh	30	giao dịch được	荒毒之奇绝碧灵剑
10432231	Hoang Độc Chi Hổ Đầu Phi Liêm Nhận	Đoản binh	31	giao dịch được	荒毒之虎头飞镰刃
10432232	Hoang Độc Chi Hổ Đầu Phi Liêm Nhận	Đoản binh	32	giao dịch được	荒毒之虎头飞镰刃
10432233	Hoang Độc Chi Hổ Đầu Phi Liêm Nhận	Đoản binh	33	giao dịch được	荒毒之虎头飞镰刃
10432234	Hoang Độc Chi Hổ Đầu Phi Liêm Nhận	Đoản binh	34	giao dịch được	荒毒之虎头飞镰刃
10432235	Hoang Độc Chi Hổ Đầu Phi Liêm Nhận	Đoản binh	35	giao dịch được	荒毒之虎头飞镰刃
10432236	Hoang Độc Chi Hổ Đầu Phi Liêm Nhận	Đoản binh	36	giao dịch được	荒毒之虎头飞镰刃
10432237	Hoang Độc Chi Hổ Đầu Phi Liêm Nhận	Đoản binh	37	giao dịch được	荒毒之虎头飞镰刃
10432238	Hoang Độc Chi Hổ Đầu Phi Liêm Nhận	Đoản binh	38	giao dịch được	荒毒之虎头飞镰刃
10432239	Hoang Độc Chi Hổ Đầu Phi Liêm Nhận	Đoản binh	39	giao dịch được	荒毒之虎头飞镰刃
10432240	Hoang Độc Chi Hổ Đầu Phi Liêm Nhận	Đoản binh	40	giao dịch được	荒毒之虎头飞镰刃
10432241	Hoang Độc Chi Trấn Yêu Đồ Ma Kiếm	Đoản binh	41	giao dịch được	荒毒之镇妖屠魔剑
10432242	Hoang Độc Chi Trấn Yêu Đồ Ma Kiếm	Đoản binh	42	giao dịch được	荒毒之镇妖屠魔剑
10432243	Hoang Độc Chi Trấn Yêu Đồ Ma Kiếm	Đoản binh	43	giao dịch được	荒毒之镇妖屠魔剑
10432244	Hoang Độc Chi Trấn Yêu Đồ Ma Kiếm	Đoản binh	44	giao dịch được	荒毒之镇妖屠魔剑
10432245	Hoang Độc Chi Trấn Yêu Đồ Ma Kiếm	Đoản binh	45	giao dịch được	荒毒之镇妖屠魔剑
10432246	Hoang Độc Chi Trấn Yêu Đồ Ma Kiếm	Đoản binh	46	giao dịch được	荒毒之镇妖屠魔剑
10432247	Hoang Độc Chi Trấn Yêu Đồ Ma Kiếm	Đoản binh	47	giao dịch được	荒毒之镇妖屠魔剑
10432248	Hoang Độc Chi Trấn Yêu Đồ Ma Kiếm	Đoản binh	48	giao dịch được	荒毒之镇妖屠魔剑
10432249	Hoang Độc Chi Trấn Yêu Đồ Ma Kiếm	Đoản binh	49	giao dịch được	荒毒之镇妖屠魔剑
10432250	Hoang Độc Chi Trấn Yêu Đồ Ma Kiếm	Đoản binh	50	giao dịch được	荒毒之镇妖屠魔剑
10432251	Hoang Độc Chi Hoá Huyết Ngưng Bích Kiếm	Đoản binh	51	giao dịch được	荒毒之化血凝碧剑
10432252	Hoang Độc Chi Hoá Huyết Ngưng Bích Kiếm	Đoản binh	52	giao dịch được	荒毒之化血凝碧剑
10432253	Hoang Độc Chi Hoá Huyết Ngưng Bích Kiếm	Đoản binh	53	giao dịch được	荒毒之化血凝碧剑
10432254	Hoang Độc Chi Hoá Huyết Ngưng Bích Kiếm	Đoản binh	54	giao dịch được	荒毒之化血凝碧剑
10432255	Hoang Độc Chi Hoá Huyết Ngưng Bích Kiếm	Đoản binh	55	giao dịch được	荒毒之化血凝碧剑
10432256	Hoang Độc Chi Hoá Huyết Ngưng Bích Kiếm	Đoản binh	56	giao dịch được	荒毒之化血凝碧剑
10432257	Hoang Độc Chi Hoá Huyết Ngưng Bích Kiếm	Đoản binh	57	giao dịch được	荒毒之化血凝碧剑
10432258	Hoang Độc Chi Hoá Huyết Ngưng Bích Kiếm	Đoản binh	58	giao dịch được	荒毒之化血凝碧剑
10432259	Hoang Độc Chi Hoá Huyết Ngưng Bích Kiếm	Đoản binh	59	giao dịch được	荒毒之化血凝碧剑
10432260	Hoang Độc Chi Hoá Huyết Ngưng Bích Kiếm	Đoản binh	60	giao dịch được	荒毒之化血凝碧剑
10432261	Hoang Độc Chi Lục Hợp Thất Tinh Kiếm	Đoản binh	61	giao dịch được	荒毒之六合七星剑
10432262	Hoang Độc Chi Lục Hợp Thất Tinh Kiếm	Đoản binh	62	giao dịch được	荒毒之六合七星剑
10432263	Hoang Độc Chi Lục Hợp Thất Tinh Kiếm	Đoản binh	63	giao dịch được	荒毒之六合七星剑
10432264	Hoang Độc Chi Lục Hợp Thất Tinh Kiếm	Đoản binh	64	giao dịch được	荒毒之六合七星剑
10432265	Hoang Độc Chi Lục Hợp Thất Tinh Kiếm	Đoản binh	65	giao dịch được	荒毒之六合七星剑
10432266	Hoang Độc Chi Lục Hợp Thất Tinh Kiếm	Đoản binh	66	giao dịch được	荒毒之六合七星剑
10432267	Hoang Độc Chi Lục Hợp Thất Tinh Kiếm	Đoản binh	67	giao dịch được	荒毒之六合七星剑
10432268	Hoang Độc Chi Lục Hợp Thất Tinh Kiếm	Đoản binh	68	giao dịch được	荒毒之六合七星剑
10432269	Hoang Độc Chi Lục Hợp Thất Tinh Kiếm	Đoản binh	69	giao dịch được	荒毒之六合七星剑
10432270	Hoang Độc Chi Lục Hợp Thất Tinh Kiếm	Đoản binh	70	giao dịch được	荒毒之六合七星剑
10432271	Hoang Độc Chi Thiên Hoàng Thương Long Đao	Đoản binh	71	giao dịch được	荒毒之天皇苍龙刀
10432272	Hoang Độc Chi Thiên Hoàng Thương Long Đao	Đoản binh	72	giao dịch được	荒毒之天皇苍龙刀
10432273	Hoang Độc Chi Thiên Hoàng Thương Long Đao	Đoản binh	73	giao dịch được	荒毒之天皇苍龙刀
10432274	Hoang Độc Chi Thiên Hoàng Thương Long Đao	Đoản binh	74	giao dịch được	荒毒之天皇苍龙刀
10432275	Hoang Độc Chi Thiên Hoàng Thương Long Đao	Đoản binh	75	giao dịch được	荒毒之天皇苍龙刀
10432276	Hoang Độc Chi Thiên Hoàng Thương Long Đao	Đoản binh	76	giao dịch được	荒毒之天皇苍龙刀
10432277	Hoang Độc Chi Thiên Hoàng Thương Long Đao	Đoản binh	77	giao dịch được	荒毒之天皇苍龙刀
10432278	Hoang Độc Chi Thiên Hoàng Thương Long Đao	Đoản binh	78	giao dịch được	荒毒之天皇苍龙刀
10432279	Hoang Độc Chi Thiên Hoàng Thương Long Đao	Đoản binh	79	giao dịch được	荒毒之天皇苍龙刀
10432280	Hoang Độc Chi Thiên Hoàng Thương Long Đao	Đoản binh	80	giao dịch được	荒毒之天皇苍龙刀
10432281	Hoang Độc Chi Thanh Hồng Bách Chiến Kiếm	Đoản binh	81	giao dịch được	荒毒之青虹百战剑
10432282	Hoang Độc Chi Thanh Hồng Bách Chiến Kiếm	Đoản binh	82	giao dịch được	荒毒之青虹百战剑
10432283	Hoang Độc Chi Thanh Hồng Bách Chiến Kiếm	Đoản binh	83	giao dịch được	荒毒之青虹百战剑
10432284	Hoang Độc Chi Thanh Hồng Bách Chiến Kiếm	Đoản binh	84	giao dịch được	荒毒之青虹百战剑
10432285	Hoang Độc Chi Thanh Hồng Bách Chiến Kiếm	Đoản binh	85	giao dịch được	荒毒之青虹百战剑
10432286	Hoang Độc Chi Thanh Hồng Bách Chiến Kiếm	Đoản binh	86	giao dịch được	荒毒之青虹百战剑
10432287	Hoang Độc Chi Thanh Hồng Bách Chiến Kiếm	Đoản binh	87	giao dịch được	荒毒之青虹百战剑
10432288	Hoang Độc Chi Thanh Hồng Bách Chiến Kiếm	Đoản binh	88	giao dịch được	荒毒之青虹百战剑
10432289	Hoang Độc Chi Thanh Hồng Bách Chiến Kiếm	Đoản binh	89	giao dịch được	荒毒之青虹百战剑
10432290	Hoang Độc Chi Thanh Hồng Bách Chiến Kiếm	Đoản binh	90	giao dịch được	荒毒之青虹百战剑
10432291	Hoang Độc Chi Hỗn Độn	Đoản binh	91	giao dịch được	荒毒之混沌
10432292	Hoang Độc Chi Hỗn Độn	Đoản binh	92	giao dịch được	荒毒之混沌
10432293	Hoang Độc Chi Hỗn Độn	Đoản binh	93	giao dịch được	荒毒之混沌
10432294	Hoang Độc Chi Hỗn Độn	Đoản binh	94	giao dịch được	荒毒之混沌
10432295	Hoang Độc Chi Hỗn Độn	Đoản binh	95	giao dịch được	荒毒之混沌
10432296	Hoang Độc Chi Hỗn Độn	Đoản binh	96	giao dịch được	荒毒之混沌
10432297	Hoang Độc Chi Hỗn Độn	Đoản binh	97	giao dịch được	荒毒之混沌
10432298	Hoang Độc Chi Hỗn Độn	Đoản binh	98	giao dịch được	荒毒之混沌
10432299	Hoang Độc Chi Hỗn Độn	Đoản binh	99	giao dịch được	荒毒之混沌
10432300	Hoang Độc Chi Hỗn Độn	Đoản binh	100	giao dịch được	荒毒之混沌
10432301	(chưa dùng)	Đoản binh	81	giao dịch được	未使用
10432302	(chưa dùng)	Đoản binh	82	giao dịch được	未使用
10432303	(chưa dùng)	Đoản binh	83	giao dịch được	未使用
10432304	(chưa dùng)	Đoản binh	84	giao dịch được	未使用
10432305	(chưa dùng)	Đoản binh	85	giao dịch được	未使用
10432306	(chưa dùng)	Đoản binh	86	giao dịch được	未使用
10432307	(chưa dùng)	Đoản binh	87	giao dịch được	未使用
10432308	(chưa dùng)	Đoản binh	88	giao dịch được	未使用
10432309	(chưa dùng)	Đoản binh	89	giao dịch được	未使用
10432310	(chưa dùng)	Đoản binh	90	giao dịch được	未使用
10432311	(chưa dùng)	Đoản binh	81	giao dịch được	未使用
10432312	(chưa dùng)	Đoản binh	82	giao dịch được	未使用
10432313	(chưa dùng)	Đoản binh	83	giao dịch được	未使用
10432314	(chưa dùng)	Đoản binh	84	giao dịch được	未使用
10432315	(chưa dùng)	Đoản binh	85	giao dịch được	未使用
10432316	(chưa dùng)	Đoản binh	86	giao dịch được	未使用
10432317	(chưa dùng)	Đoản binh	87	giao dịch được	未使用
10432318	(chưa dùng)	Đoản binh	88	giao dịch được	未使用
10432319	(chưa dùng)	Đoản binh	89	giao dịch được	未使用
10432320	(chưa dùng)	Đoản binh	90	giao dịch được	未使用
10432321	(chưa dùng)	Đoản binh	81	giao dịch được	未使用
10432322	(chưa dùng)	Đoản binh	82	giao dịch được	未使用
10432323	(chưa dùng)	Đoản binh	83	giao dịch được	未使用
10432324	(chưa dùng)	Đoản binh	84	giao dịch được	未使用
10432325	(chưa dùng)	Đoản binh	85	giao dịch được	未使用
10432326	(chưa dùng)	Đoản binh	86	giao dịch được	未使用
10432327	(chưa dùng)	Đoản binh	87	giao dịch được	未使用
10432328	(chưa dùng)	Đoản binh	88	giao dịch được	未使用
10432329	(chưa dùng)	Đoản binh	89	giao dịch được	未使用
10432330	(chưa dùng)	Đoản binh	90	giao dịch được	未使用
10432331	(chưa dùng)	Đoản binh	81	giao dịch được	未使用
10432332	(chưa dùng)	Đoản binh	82	giao dịch được	未使用
10432333	(chưa dùng)	Đoản binh	83	giao dịch được	未使用
10432334	(chưa dùng)	Đoản binh	84	giao dịch được	未使用
10432335	(chưa dùng)	Đoản binh	85	giao dịch được	未使用
10432336	(chưa dùng)	Đoản binh	86	giao dịch được	未使用
10432337	(chưa dùng)	Đoản binh	87	giao dịch được	未使用
10432338	(chưa dùng)	Đoản binh	88	giao dịch được	未使用
10432339	(chưa dùng)	Đoản binh	89	giao dịch được	未使用
10432340	(chưa dùng)	Đoản binh	90	giao dịch được	未使用
10432341	(chưa dùng)	Đoản binh	81	giao dịch được	未使用
10432342	(chưa dùng)	Đoản binh	82	giao dịch được	未使用
10432343	(chưa dùng)	Đoản binh	83	giao dịch được	未使用
10432344	(chưa dùng)	Đoản binh	84	giao dịch được	未使用
10432345	(chưa dùng)	Đoản binh	85	giao dịch được	未使用
10432346	(chưa dùng)	Đoản binh	86	giao dịch được	未使用
10432347	(chưa dùng)	Đoản binh	87	giao dịch được	未使用
10432348	(chưa dùng)	Đoản binh	88	giao dịch được	未使用
10432349	(chưa dùng)	Đoản binh	89	giao dịch được	未使用
10432350	(chưa dùng)	Đoản binh	90	giao dịch được	未使用
10432351	(chưa dùng)	Đoản binh	91	giao dịch được	未使用
10432352	(chưa dùng)	Đoản binh	92	giao dịch được	未使用
10432353	(chưa dùng)	Đoản binh	93	giao dịch được	未使用
10432354	(chưa dùng)	Đoản binh	94	giao dịch được	未使用
10432355	(chưa dùng)	Đoản binh	95	giao dịch được	未使用
10432356	(chưa dùng)	Đoản binh	96	giao dịch được	未使用
10432357	(chưa dùng)	Đoản binh	97	giao dịch được	未使用
10432358	(chưa dùng)	Đoản binh	98	giao dịch được	未使用
10432359	(chưa dùng)	Đoản binh	99	giao dịch được	未使用
10432360	(chưa dùng)	Đoản binh	100	giao dịch được	未使用
10432361	(chưa dùng)	Đoản binh	91	giao dịch được	未使用
10432362	(chưa dùng)	Đoản binh	92	giao dịch được	未使用
10432363	(chưa dùng)	Đoản binh	93	giao dịch được	未使用
10432364	(chưa dùng)	Đoản binh	94	giao dịch được	未使用
10432365	(chưa dùng)	Đoản binh	95	giao dịch được	未使用
10432366	(chưa dùng)	Đoản binh	96	giao dịch được	未使用
10432367	(chưa dùng)	Đoản binh	97	giao dịch được	未使用
10432368	(chưa dùng)	Đoản binh	98	giao dịch được	未使用
10432369	(chưa dùng)	Đoản binh	99	giao dịch được	未使用
10432370	(chưa dùng)	Đoản binh	100	giao dịch được	未使用
10432371	(chưa dùng)	Đoản binh	91	giao dịch được	未使用
10432372	(chưa dùng)	Đoản binh	92	giao dịch được	未使用
10432373	(chưa dùng)	Đoản binh	93	giao dịch được	未使用
10432374	(chưa dùng)	Đoản binh	94	giao dịch được	未使用
10432375	(chưa dùng)	Đoản binh	95	giao dịch được	未使用
10432376	(chưa dùng)	Đoản binh	96	giao dịch được	未使用
10432377	(chưa dùng)	Đoản binh	97	giao dịch được	未使用
10432378	(chưa dùng)	Đoản binh	98	giao dịch được	未使用
10432379	(chưa dùng)	Đoản binh	99	giao dịch được	未使用
10432380	(chưa dùng)	Đoản binh	100	giao dịch được	未使用
10432381	(chưa dùng)	Đoản binh	91	giao dịch được	未使用
10432382	(chưa dùng)	Đoản binh	92	giao dịch được	未使用
10432383	(chưa dùng)	Đoản binh	93	giao dịch được	未使用
10432384	(chưa dùng)	Đoản binh	94	giao dịch được	未使用
10432385	(chưa dùng)	Đoản binh	95	giao dịch được	未使用
10432386	(chưa dùng)	Đoản binh	96	giao dịch được	未使用
10432387	(chưa dùng)	Đoản binh	97	giao dịch được	未使用
10432388	(chưa dùng)	Đoản binh	98	giao dịch được	未使用
10432389	(chưa dùng)	Đoản binh	99	giao dịch được	未使用
10432390	(chưa dùng)	Đoản binh	100	giao dịch được	未使用
10432391	(chưa dùng)	Đoản binh	91	giao dịch được	未使用
10432392	(chưa dùng)	Đoản binh	92	giao dịch được	未使用
10432393	(chưa dùng)	Đoản binh	93	giao dịch được	未使用
10432394	(chưa dùng)	Đoản binh	94	giao dịch được	未使用
10432395	(chưa dùng)	Đoản binh	95	giao dịch được	未使用
10432396	(chưa dùng)	Đoản binh	96	giao dịch được	未使用
10432397	(chưa dùng)	Đoản binh	97	giao dịch được	未使用
10432398	(chưa dùng)	Đoản binh	98	giao dịch được	未使用
10432399	(chưa dùng)	Đoản binh	99	giao dịch được	未使用
10432400	(chưa dùng)	Đoản binh	100	giao dịch được	未使用
10433001	Ngọc Nữ Chi Tân Thiết Song Đao	Song đoản	1	giao dịch được	玉女之镔铁双刀
10433002	Ngọc Nữ Chi Tân Thiết Song Đao	Song đoản	2	giao dịch được	玉女之镔铁双刀
10433003	Ngọc Nữ Chi Tân Thiết Song Đao	Song đoản	3	giao dịch được	玉女之镔铁双刀
10433004	Ngọc Nữ Chi Tân Thiết Song Đao	Song đoản	4	giao dịch được	玉女之镔铁双刀
10433005	Ngọc Nữ Chi Tân Thiết Song Đao	Song đoản	5	giao dịch được	玉女之镔铁双刀
10433006	Ngọc Nữ Chi Tân Thiết Song Đao	Song đoản	6	giao dịch được	玉女之镔铁双刀
10433007	Ngọc Nữ Chi Tân Thiết Song Đao	Song đoản	7	giao dịch được	玉女之镔铁双刀
10433008	Ngọc Nữ Chi Tân Thiết Song Đao	Song đoản	8	giao dịch được	玉女之镔铁双刀
10433009	Ngọc Nữ Chi Tân Thiết Song Đao	Song đoản	9	giao dịch được	玉女之镔铁双刀
10433010	Ngọc Nữ Chi Tân Thiết Song Đao	Song đoản	10	giao dịch được	玉女之镔铁双刀
10433011	Ngọc Nữ Chi Điện Quang Song Đao	Song đoản	11	giao dịch được	玉女之电光双刀
10433012	Ngọc Nữ Chi Điện Quang Song Đao	Song đoản	12	giao dịch được	玉女之电光双刀
10433013	Ngọc Nữ Chi Điện Quang Song Đao	Song đoản	13	giao dịch được	玉女之电光双刀
10433014	Ngọc Nữ Chi Điện Quang Song Đao	Song đoản	14	giao dịch được	玉女之电光双刀
10433015	Ngọc Nữ Chi Điện Quang Song Đao	Song đoản	15	giao dịch được	玉女之电光双刀
10433016	Ngọc Nữ Chi Điện Quang Song Đao	Song đoản	16	giao dịch được	玉女之电光双刀
10433017	Ngọc Nữ Chi Điện Quang Song Đao	Song đoản	17	giao dịch được	玉女之电光双刀
10433018	Ngọc Nữ Chi Điện Quang Song Đao	Song đoản	18	giao dịch được	玉女之电光双刀
10433019	Ngọc Nữ Chi Điện Quang Song Đao	Song đoản	19	giao dịch được	玉女之电光双刀
10433020	Ngọc Nữ Chi Điện Quang Song Đao	Song đoản	20	giao dịch được	玉女之电光双刀
10433021	Ngọc Nữ Chi Nhu Vân Song Kiếm	Song đoản	21	giao dịch được	玉女之柔云双剑
10433022	Ngọc Nữ Chi Nhu Vân Song Kiếm	Song đoản	22	giao dịch được	玉女之柔云双剑
10433023	Ngọc Nữ Chi Nhu Vân Song Kiếm	Song đoản	23	giao dịch được	玉女之柔云双剑
10433024	Ngọc Nữ Chi Nhu Vân Song Kiếm	Song đoản	24	giao dịch được	玉女之柔云双剑
10433025	Ngọc Nữ Chi Nhu Vân Song Kiếm	Song đoản	25	giao dịch được	玉女之柔云双剑
10433026	Ngọc Nữ Chi Nhu Vân Song Kiếm	Song đoản	26	giao dịch được	玉女之柔云双剑
10433027	Ngọc Nữ Chi Nhu Vân Song Kiếm	Song đoản	27	giao dịch được	玉女之柔云双剑
10433028	Ngọc Nữ Chi Nhu Vân Song Kiếm	Song đoản	28	giao dịch được	玉女之柔云双剑
10433029	Ngọc Nữ Chi Nhu Vân Song Kiếm	Song đoản	29	giao dịch được	玉女之柔云双剑
10433030	Ngọc Nữ Chi Nhu Vân Song Kiếm	Song đoản	30	giao dịch được	玉女之柔云双剑
10433031	Ngọc Nữ Chi Thối Huyết Song Kiếm	Song đoản	31	giao dịch được	玉女之淬血双剑
10433032	Ngọc Nữ Chi Thối Huyết Song Kiếm	Song đoản	32	giao dịch được	玉女之淬血双剑
10433033	Ngọc Nữ Chi Thối Huyết Song Kiếm	Song đoản	33	giao dịch được	玉女之淬血双剑
10433034	Ngọc Nữ Chi Thối Huyết Song Kiếm	Song đoản	34	giao dịch được	玉女之淬血双剑
10433035	Ngọc Nữ Chi Thối Huyết Song Kiếm	Song đoản	35	giao dịch được	玉女之淬血双剑
10433036	Ngọc Nữ Chi Thối Huyết Song Kiếm	Song đoản	36	giao dịch được	玉女之淬血双剑
10433037	Ngọc Nữ Chi Thối Huyết Song Kiếm	Song đoản	37	giao dịch được	玉女之淬血双剑
10433038	Ngọc Nữ Chi Thối Huyết Song Kiếm	Song đoản	38	giao dịch được	玉女之淬血双剑
10433039	Ngọc Nữ Chi Thối Huyết Song Kiếm	Song đoản	39	giao dịch được	玉女之淬血双剑
10433040	Ngọc Nữ Chi Thối Huyết Song Kiếm	Song đoản	40	giao dịch được	玉女之淬血双剑
10433041	Ngọc Nữ Chi Đinh Giáp Song Kiếm	Song đoản	41	giao dịch được	玉女之丁甲双剑
10433042	Ngọc Nữ Chi Đinh Giáp Song Kiếm	Song đoản	42	giao dịch được	玉女之丁甲双剑
10433043	Ngọc Nữ Chi Đinh Giáp Song Kiếm	Song đoản	43	giao dịch được	玉女之丁甲双剑
10433044	Ngọc Nữ Chi Đinh Giáp Song Kiếm	Song đoản	44	giao dịch được	玉女之丁甲双剑
10433045	Ngọc Nữ Chi Đinh Giáp Song Kiếm	Song đoản	45	giao dịch được	玉女之丁甲双剑
10433046	Ngọc Nữ Chi Đinh Giáp Song Kiếm	Song đoản	46	giao dịch được	玉女之丁甲双剑
10433047	Ngọc Nữ Chi Đinh Giáp Song Kiếm	Song đoản	47	giao dịch được	玉女之丁甲双剑
10433048	Ngọc Nữ Chi Đinh Giáp Song Kiếm	Song đoản	48	giao dịch được	玉女之丁甲双剑
10433049	Ngọc Nữ Chi Đinh Giáp Song Kiếm	Song đoản	49	giao dịch được	玉女之丁甲双剑
10433050	Ngọc Nữ Chi Đinh Giáp Song Kiếm	Song đoản	50	giao dịch được	玉女之丁甲双剑
10433051	Ngọc Nữ Chi Hàm Quang Song Kiếm	Song đoản	51	giao dịch được	玉女之含光双剑
10433052	Ngọc Nữ Chi Hàm Quang Song Kiếm	Song đoản	52	giao dịch được	玉女之含光双剑
10433053	Ngọc Nữ Chi Hàm Quang Song Kiếm	Song đoản	53	giao dịch được	玉女之含光双剑
10433054	Ngọc Nữ Chi Hàm Quang Song Kiếm	Song đoản	54	giao dịch được	玉女之含光双剑
10433055	Ngọc Nữ Chi Hàm Quang Song Kiếm	Song đoản	55	giao dịch được	玉女之含光双剑
10433056	Ngọc Nữ Chi Hàm Quang Song Kiếm	Song đoản	56	giao dịch được	玉女之含光双剑
10433057	Ngọc Nữ Chi Hàm Quang Song Kiếm	Song đoản	57	giao dịch được	玉女之含光双剑
10433058	Ngọc Nữ Chi Hàm Quang Song Kiếm	Song đoản	58	giao dịch được	玉女之含光双剑
10433059	Ngọc Nữ Chi Hàm Quang Song Kiếm	Song đoản	59	giao dịch được	玉女之含光双剑
10433060	Ngọc Nữ Chi Hàm Quang Song Kiếm	Song đoản	60	giao dịch được	玉女之含光双剑
10433061	Ngọc Nữ Chi Thừa Ảnh Song Đao	Song đoản	61	giao dịch được	玉女之承影双刀
10433062	Ngọc Nữ Chi Thừa Ảnh Song Đao	Song đoản	62	giao dịch được	玉女之承影双刀
10433063	Ngọc Nữ Chi Thừa Ảnh Song Đao	Song đoản	63	giao dịch được	玉女之承影双刀
10433064	Ngọc Nữ Chi Thừa Ảnh Song Đao	Song đoản	64	giao dịch được	玉女之承影双刀
10433065	Ngọc Nữ Chi Thừa Ảnh Song Đao	Song đoản	65	giao dịch được	玉女之承影双刀
10433066	Ngọc Nữ Chi Thừa Ảnh Song Đao	Song đoản	66	giao dịch được	玉女之承影双刀
10433067	Ngọc Nữ Chi Thừa Ảnh Song Đao	Song đoản	67	giao dịch được	玉女之承影双刀
10433068	Ngọc Nữ Chi Thừa Ảnh Song Đao	Song đoản	68	giao dịch được	玉女之承影双刀
10433069	Ngọc Nữ Chi Thừa Ảnh Song Đao	Song đoản	69	giao dịch được	玉女之承影双刀
10433070	Ngọc Nữ Chi Thừa Ảnh Song Đao	Song đoản	70	giao dịch được	玉女之承影双刀
10433071	Ngọc Nữ Chi Bác Lãng Song Phủ	Song đoản	71	giao dịch được	玉女之博浪双斧
10433072	Ngọc Nữ Chi Bác Lãng Song Phủ	Song đoản	72	giao dịch được	玉女之博浪双斧
10433073	Ngọc Nữ Chi Bác Lãng Song Phủ	Song đoản	73	giao dịch được	玉女之博浪双斧
10433074	Ngọc Nữ Chi Bác Lãng Song Phủ	Song đoản	74	giao dịch được	玉女之博浪双斧
10433075	Ngọc Nữ Chi Bác Lãng Song Phủ	Song đoản	75	giao dịch được	玉女之博浪双斧
10433076	Ngọc Nữ Chi Bác Lãng Song Phủ	Song đoản	76	giao dịch được	玉女之博浪双斧
10433077	Ngọc Nữ Chi Bác Lãng Song Phủ	Song đoản	77	giao dịch được	玉女之博浪双斧
10433078	Ngọc Nữ Chi Bác Lãng Song Phủ	Song đoản	78	giao dịch được	玉女之博浪双斧
10433079	Ngọc Nữ Chi Bác Lãng Song Phủ	Song đoản	79	giao dịch được	玉女之博浪双斧
10433080	Ngọc Nữ Chi Bác Lãng Song Phủ	Song đoản	80	giao dịch được	玉女之博浪双斧
10433081	Ngọc Nữ Chi Quy Trần Song Phủ	Song đoản	81	giao dịch được	玉女之归尘双斧
10433082	Ngọc Nữ Chi Quy Trần Song Phủ	Song đoản	82	giao dịch được	玉女之归尘双斧
10433083	Ngọc Nữ Chi Quy Trần Song Phủ	Song đoản	83	giao dịch được	玉女之归尘双斧
10433084	Ngọc Nữ Chi Quy Trần Song Phủ	Song đoản	84	giao dịch được	玉女之归尘双斧
10433085	Ngọc Nữ Chi Quy Trần Song Phủ	Song đoản	85	giao dịch được	玉女之归尘双斧
10433086	Ngọc Nữ Chi Quy Trần Song Phủ	Song đoản	86	giao dịch được	玉女之归尘双斧
10433087	Ngọc Nữ Chi Quy Trần Song Phủ	Song đoản	87	giao dịch được	玉女之归尘双斧
10433088	Ngọc Nữ Chi Quy Trần Song Phủ	Song đoản	88	giao dịch được	玉女之归尘双斧
10433089	Ngọc Nữ Chi Quy Trần Song Phủ	Song đoản	89	giao dịch được	玉女之归尘双斧
10433090	Ngọc Nữ Chi Quy Trần Song Phủ	Song đoản	90	giao dịch được	玉女之归尘双斧
10433091	Ngọc Nữ Chi Mạc Vấn	Song đoản	91	giao dịch được	玉女之莫问
10433092	Ngọc Nữ Chi Mạc Vấn	Song đoản	92	giao dịch được	玉女之莫问
10433093	Ngọc Nữ Chi Mạc Vấn	Song đoản	93	giao dịch được	玉女之莫问
10433094	Ngọc Nữ Chi Mạc Vấn	Song đoản	94	giao dịch được	玉女之莫问
10433095	Ngọc Nữ Chi Mạc Vấn	Song đoản	95	giao dịch được	玉女之莫问
10433096	Ngọc Nữ Chi Mạc Vấn	Song đoản	96	giao dịch được	玉女之莫问
10433097	Ngọc Nữ Chi Mạc Vấn	Song đoản	97	giao dịch được	玉女之莫问
10433098	Ngọc Nữ Chi Mạc Vấn	Song đoản	98	giao dịch được	玉女之莫问
10433099	Ngọc Nữ Chi Mạc Vấn	Song đoản	99	giao dịch được	玉女之莫问
10433100	Ngọc Nữ Chi Mạc Vấn	Song đoản	100	giao dịch được	玉女之莫问
10433101	Vô Cực Chi Tân Thiết Song Đao	Song đoản	1	giao dịch được	无极之镔铁双刀
10433102	Vô Cực Chi Tân Thiết Song Đao	Song đoản	2	giao dịch được	无极之镔铁双刀
10433103	Vô Cực Chi Tân Thiết Song Đao	Song đoản	3	giao dịch được	无极之镔铁双刀
10433104	Vô Cực Chi Tân Thiết Song Đao	Song đoản	4	giao dịch được	无极之镔铁双刀
10433105	Vô Cực Chi Tân Thiết Song Đao	Song đoản	5	giao dịch được	无极之镔铁双刀
10433106	Vô Cực Chi Tân Thiết Song Đao	Song đoản	6	giao dịch được	无极之镔铁双刀
10433107	Vô Cực Chi Tân Thiết Song Đao	Song đoản	7	giao dịch được	无极之镔铁双刀
10433108	Vô Cực Chi Tân Thiết Song Đao	Song đoản	8	giao dịch được	无极之镔铁双刀
10433109	Vô Cực Chi Tân Thiết Song Đao	Song đoản	9	giao dịch được	无极之镔铁双刀
10433110	Vô Cực Chi Tân Thiết Song Đao	Song đoản	10	giao dịch được	无极之镔铁双刀
10433111	Vô Cực Chi Điện Quang Song Đao	Song đoản	11	giao dịch được	无极之电光双刀
10433112	Vô Cực Chi Điện Quang Song Đao	Song đoản	12	giao dịch được	无极之电光双刀
10433113	Vô Cực Chi Điện Quang Song Đao	Song đoản	13	giao dịch được	无极之电光双刀
10433114	Vô Cực Chi Điện Quang Song Đao	Song đoản	14	giao dịch được	无极之电光双刀
10433115	Vô Cực Chi Điện Quang Song Đao	Song đoản	15	giao dịch được	无极之电光双刀
10433116	Vô Cực Chi Điện Quang Song Đao	Song đoản	16	giao dịch được	无极之电光双刀
10433117	Vô Cực Chi Điện Quang Song Đao	Song đoản	17	giao dịch được	无极之电光双刀
10433118	Vô Cực Chi Điện Quang Song Đao	Song đoản	18	giao dịch được	无极之电光双刀
10433119	Vô Cực Chi Điện Quang Song Đao	Song đoản	19	giao dịch được	无极之电光双刀
10433120	Vô Cực Chi Điện Quang Song Đao	Song đoản	20	giao dịch được	无极之电光双刀
10433121	Vô Cực Chi Nhu Vân Song Kiếm	Song đoản	21	giao dịch được	无极之柔云双剑
10433122	Vô Cực Chi Nhu Vân Song Kiếm	Song đoản	22	giao dịch được	无极之柔云双剑
10433123	Vô Cực Chi Nhu Vân Song Kiếm	Song đoản	23	giao dịch được	无极之柔云双剑
10433124	Vô Cực Chi Nhu Vân Song Kiếm	Song đoản	24	giao dịch được	无极之柔云双剑
10433125	Vô Cực Chi Nhu Vân Song Kiếm	Song đoản	25	giao dịch được	无极之柔云双剑
10433126	Vô Cực Chi Nhu Vân Song Kiếm	Song đoản	26	giao dịch được	无极之柔云双剑
10433127	Vô Cực Chi Nhu Vân Song Kiếm	Song đoản	27	giao dịch được	无极之柔云双剑
10433128	Vô Cực Chi Nhu Vân Song Kiếm	Song đoản	28	giao dịch được	无极之柔云双剑
10433129	Vô Cực Chi Nhu Vân Song Kiếm	Song đoản	29	giao dịch được	无极之柔云双剑
10433130	Vô Cực Chi Nhu Vân Song Kiếm	Song đoản	30	giao dịch được	无极之柔云双剑
10433131	Vô Cực Chi Thối Huyết Song Kiếm	Song đoản	31	giao dịch được	无极之淬血双剑
10433132	Vô Cực Chi Thối Huyết Song Kiếm	Song đoản	32	giao dịch được	无极之淬血双剑
10433133	Vô Cực Chi Thối Huyết Song Kiếm	Song đoản	33	giao dịch được	无极之淬血双剑
10433134	Vô Cực Chi Thối Huyết Song Kiếm	Song đoản	34	giao dịch được	无极之淬血双剑
10433135	Vô Cực Chi Thối Huyết Song Kiếm	Song đoản	35	giao dịch được	无极之淬血双剑
10433136	Vô Cực Chi Thối Huyết Song Kiếm	Song đoản	36	giao dịch được	无极之淬血双剑
10433137	Vô Cực Chi Thối Huyết Song Kiếm	Song đoản	37	giao dịch được	无极之淬血双剑
10433138	Vô Cực Chi Thối Huyết Song Kiếm	Song đoản	38	giao dịch được	无极之淬血双剑
10433139	Vô Cực Chi Thối Huyết Song Kiếm	Song đoản	39	giao dịch được	无极之淬血双剑
10433140	Vô Cực Chi Thối Huyết Song Kiếm	Song đoản	40	giao dịch được	无极之淬血双剑
10433141	Vô Cực Chi Đinh Giáp Song Kiếm	Song đoản	41	giao dịch được	无极之丁甲双剑
10433142	Vô Cực Chi Đinh Giáp Song Kiếm	Song đoản	42	giao dịch được	无极之丁甲双剑
10433143	Vô Cực Chi Đinh Giáp Song Kiếm	Song đoản	43	giao dịch được	无极之丁甲双剑
10433144	Vô Cực Chi Đinh Giáp Song Kiếm	Song đoản	44	giao dịch được	无极之丁甲双剑
10433145	Vô Cực Chi Đinh Giáp Song Kiếm	Song đoản	45	giao dịch được	无极之丁甲双剑
10433146	Vô Cực Chi Đinh Giáp Song Kiếm	Song đoản	46	giao dịch được	无极之丁甲双剑
10433147	Vô Cực Chi Đinh Giáp Song Kiếm	Song đoản	47	giao dịch được	无极之丁甲双剑
10433148	Vô Cực Chi Đinh Giáp Song Kiếm	Song đoản	48	giao dịch được	无极之丁甲双剑
10433149	Vô Cực Chi Đinh Giáp Song Kiếm	Song đoản	49	giao dịch được	无极之丁甲双剑
10433150	Vô Cực Chi Đinh Giáp Song Kiếm	Song đoản	50	giao dịch được	无极之丁甲双剑
10433151	Vô Cực Chi Hàm Quang Song Kiếm	Song đoản	51	giao dịch được	无极之含光双剑
10433152	Vô Cực Chi Hàm Quang Song Kiếm	Song đoản	52	giao dịch được	无极之含光双剑
10433153	Vô Cực Chi Hàm Quang Song Kiếm	Song đoản	53	giao dịch được	无极之含光双剑
10433154	Vô Cực Chi Hàm Quang Song Kiếm	Song đoản	54	giao dịch được	无极之含光双剑
10433155	Vô Cực Chi Hàm Quang Song Kiếm	Song đoản	55	giao dịch được	无极之含光双剑
10433156	Vô Cực Chi Hàm Quang Song Kiếm	Song đoản	56	giao dịch được	无极之含光双剑
10433157	Vô Cực Chi Hàm Quang Song Kiếm	Song đoản	57	giao dịch được	无极之含光双剑
10433158	Vô Cực Chi Hàm Quang Song Kiếm	Song đoản	58	giao dịch được	无极之含光双剑
10433159	Vô Cực Chi Hàm Quang Song Kiếm	Song đoản	59	giao dịch được	无极之含光双剑
10433160	Vô Cực Chi Hàm Quang Song Kiếm	Song đoản	60	giao dịch được	无极之含光双剑
10433161	Vô Cực Chi Thừa Ảnh Song Đao	Song đoản	61	giao dịch được	无极之承影双刀
10433162	Vô Cực Chi Thừa Ảnh Song Đao	Song đoản	62	giao dịch được	无极之承影双刀
10433163	Vô Cực Chi Thừa Ảnh Song Đao	Song đoản	63	giao dịch được	无极之承影双刀
10433164	Vô Cực Chi Thừa Ảnh Song Đao	Song đoản	64	giao dịch được	无极之承影双刀
10433165	Vô Cực Chi Thừa Ảnh Song Đao	Song đoản	65	giao dịch được	无极之承影双刀
10433166	Vô Cực Chi Thừa Ảnh Song Đao	Song đoản	66	giao dịch được	无极之承影双刀
10433167	Vô Cực Chi Thừa Ảnh Song Đao	Song đoản	67	giao dịch được	无极之承影双刀
10433168	Vô Cực Chi Thừa Ảnh Song Đao	Song đoản	68	giao dịch được	无极之承影双刀
10433169	Vô Cực Chi Thừa Ảnh Song Đao	Song đoản	69	giao dịch được	无极之承影双刀
10433170	Vô Cực Chi Thừa Ảnh Song Đao	Song đoản	70	giao dịch được	无极之承影双刀
10433171	Vô Cực Chi Bác Lãng Song Phủ	Song đoản	71	giao dịch được	无极之博浪双斧
10433172	Vô Cực Chi Bác Lãng Song Phủ	Song đoản	72	giao dịch được	无极之博浪双斧
10433173	Vô Cực Chi Bác Lãng Song Phủ	Song đoản	73	giao dịch được	无极之博浪双斧
10433174	Vô Cực Chi Bác Lãng Song Phủ	Song đoản	74	giao dịch được	无极之博浪双斧
10433175	Vô Cực Chi Bác Lãng Song Phủ	Song đoản	75	giao dịch được	无极之博浪双斧
10433176	Vô Cực Chi Bác Lãng Song Phủ	Song đoản	76	giao dịch được	无极之博浪双斧
10433177	Vô Cực Chi Bác Lãng Song Phủ	Song đoản	77	giao dịch được	无极之博浪双斧
10433178	Vô Cực Chi Bác Lãng Song Phủ	Song đoản	78	giao dịch được	无极之博浪双斧
10433179	Vô Cực Chi Bác Lãng Song Phủ	Song đoản	79	giao dịch được	无极之博浪双斧
10433180	Vô Cực Chi Bác Lãng Song Phủ	Song đoản	80	giao dịch được	无极之博浪双斧
10433181	Vô Cực Chi Quy Trần Song Phủ	Song đoản	81	giao dịch được	无极之归尘双斧
10433182	Vô Cực Chi Quy Trần Song Phủ	Song đoản	82	giao dịch được	无极之归尘双斧
10433183	Vô Cực Chi Quy Trần Song Phủ	Song đoản	83	giao dịch được	无极之归尘双斧
10433184	Vô Cực Chi Quy Trần Song Phủ	Song đoản	84	giao dịch được	无极之归尘双斧
10433185	Vô Cực Chi Quy Trần Song Phủ	Song đoản	85	giao dịch được	无极之归尘双斧
10433186	Vô Cực Chi Quy Trần Song Phủ	Song đoản	86	giao dịch được	无极之归尘双斧
10433187	Vô Cực Chi Quy Trần Song Phủ	Song đoản	87	giao dịch được	无极之归尘双斧
10433188	Vô Cực Chi Quy Trần Song Phủ	Song đoản	88	giao dịch được	无极之归尘双斧
10433189	Vô Cực Chi Quy Trần Song Phủ	Song đoản	89	giao dịch được	无极之归尘双斧
10433190	Vô Cực Chi Quy Trần Song Phủ	Song đoản	90	giao dịch được	无极之归尘双斧
10433191	Vô Cực Chi Mạc Vấn	Song đoản	91	giao dịch được	无极之莫问
10433192	Vô Cực Chi Mạc Vấn	Song đoản	92	giao dịch được	无极之莫问
10433193	Vô Cực Chi Mạc Vấn	Song đoản	93	giao dịch được	无极之莫问
10433194	Vô Cực Chi Mạc Vấn	Song đoản	94	giao dịch được	无极之莫问
10433195	Vô Cực Chi Mạc Vấn	Song đoản	95	giao dịch được	无极之莫问
10433196	Vô Cực Chi Mạc Vấn	Song đoản	96	giao dịch được	无极之莫问
10433197	Vô Cực Chi Mạc Vấn	Song đoản	97	giao dịch được	无极之莫问
10433198	Vô Cực Chi Mạc Vấn	Song đoản	98	giao dịch được	无极之莫问
10433199	Vô Cực Chi Mạc Vấn	Song đoản	99	giao dịch được	无极之莫问
10433200	Vô Cực Chi Mạc Vấn	Song đoản	100	giao dịch được	无极之莫问
10433201	Hoang Độc Chi Tân Thiết Song Đao	Song đoản	1	giao dịch được	荒毒之镔铁双刀
10433202	Hoang Độc Chi Tân Thiết Song Đao	Song đoản	2	giao dịch được	荒毒之镔铁双刀
10433203	Hoang Độc Chi Tân Thiết Song Đao	Song đoản	3	giao dịch được	荒毒之镔铁双刀
10433204	Hoang Độc Chi Tân Thiết Song Đao	Song đoản	4	giao dịch được	荒毒之镔铁双刀
10433205	Hoang Độc Chi Tân Thiết Song Đao	Song đoản	5	giao dịch được	荒毒之镔铁双刀
10433206	Hoang Độc Chi Tân Thiết Song Đao	Song đoản	6	giao dịch được	荒毒之镔铁双刀
10433207	Hoang Độc Chi Tân Thiết Song Đao	Song đoản	7	giao dịch được	荒毒之镔铁双刀
10433208	Hoang Độc Chi Tân Thiết Song Đao	Song đoản	8	giao dịch được	荒毒之镔铁双刀
10433209	Hoang Độc Chi Tân Thiết Song Đao	Song đoản	9	giao dịch được	荒毒之镔铁双刀
10433210	Hoang Độc Chi Tân Thiết Song Đao	Song đoản	10	giao dịch được	荒毒之镔铁双刀
10433211	Hoang Độc Chi Điện Quang Song Đao	Song đoản	11	giao dịch được	荒毒之电光双刀
10433212	Hoang Độc Chi Điện Quang Song Đao	Song đoản	12	giao dịch được	荒毒之电光双刀
10433213	Hoang Độc Chi Điện Quang Song Đao	Song đoản	13	giao dịch được	荒毒之电光双刀
10433214	Hoang Độc Chi Điện Quang Song Đao	Song đoản	14	giao dịch được	荒毒之电光双刀
10433215	Hoang Độc Chi Điện Quang Song Đao	Song đoản	15	giao dịch được	荒毒之电光双刀
10433216	Hoang Độc Chi Điện Quang Song Đao	Song đoản	16	giao dịch được	荒毒之电光双刀
10433217	Hoang Độc Chi Điện Quang Song Đao	Song đoản	17	giao dịch được	荒毒之电光双刀
10433218	Hoang Độc Chi Điện Quang Song Đao	Song đoản	18	giao dịch được	荒毒之电光双刀
10433219	Hoang Độc Chi Điện Quang Song Đao	Song đoản	19	giao dịch được	荒毒之电光双刀
10433220	Hoang Độc Chi Điện Quang Song Đao	Song đoản	20	giao dịch được	荒毒之电光双刀
10433221	Hoang Độc Chi Nhu Vân Song Kiếm	Song đoản	21	giao dịch được	荒毒之柔云双剑
10433222	Hoang Độc Chi Nhu Vân Song Kiếm	Song đoản	22	giao dịch được	荒毒之柔云双剑
10433223	Hoang Độc Chi Nhu Vân Song Kiếm	Song đoản	23	giao dịch được	荒毒之柔云双剑
10433224	Hoang Độc Chi Nhu Vân Song Kiếm	Song đoản	24	giao dịch được	荒毒之柔云双剑
10433225	Hoang Độc Chi Nhu Vân Song Kiếm	Song đoản	25	giao dịch được	荒毒之柔云双剑
10433226	Hoang Độc Chi Nhu Vân Song Kiếm	Song đoản	26	giao dịch được	荒毒之柔云双剑
10433227	Hoang Độc Chi Nhu Vân Song Kiếm	Song đoản	27	giao dịch được	荒毒之柔云双剑
10433228	Hoang Độc Chi Nhu Vân Song Kiếm	Song đoản	28	giao dịch được	荒毒之柔云双剑
10433229	Hoang Độc Chi Nhu Vân Song Kiếm	Song đoản	29	giao dịch được	荒毒之柔云双剑
10433230	Hoang Độc Chi Nhu Vân Song Kiếm	Song đoản	30	giao dịch được	荒毒之柔云双剑
10433231	Hoang Độc Chi Thối Huyết Song Kiếm	Song đoản	31	giao dịch được	荒毒之淬血双剑
10433232	Hoang Độc Chi Thối Huyết Song Kiếm	Song đoản	32	giao dịch được	荒毒之淬血双剑
10433233	Hoang Độc Chi Thối Huyết Song Kiếm	Song đoản	33	giao dịch được	荒毒之淬血双剑
10433234	Hoang Độc Chi Thối Huyết Song Kiếm	Song đoản	34	giao dịch được	荒毒之淬血双剑
10433235	Hoang Độc Chi Thối Huyết Song Kiếm	Song đoản	35	giao dịch được	荒毒之淬血双剑
10433236	Hoang Độc Chi Thối Huyết Song Kiếm	Song đoản	36	giao dịch được	荒毒之淬血双剑
10433237	Hoang Độc Chi Thối Huyết Song Kiếm	Song đoản	37	giao dịch được	荒毒之淬血双剑
10433238	Hoang Độc Chi Thối Huyết Song Kiếm	Song đoản	38	giao dịch được	荒毒之淬血双剑
10433239	Hoang Độc Chi Thối Huyết Song Kiếm	Song đoản	39	giao dịch được	荒毒之淬血双剑
10433240	Hoang Độc Chi Thối Huyết Song Kiếm	Song đoản	40	giao dịch được	荒毒之淬血双剑
10433241	Hoang Độc Chi Đinh Giáp Song Kiếm	Song đoản	41	giao dịch được	荒毒之丁甲双剑
10433242	Hoang Độc Chi Đinh Giáp Song Kiếm	Song đoản	42	giao dịch được	荒毒之丁甲双剑
10433243	Hoang Độc Chi Đinh Giáp Song Kiếm	Song đoản	43	giao dịch được	荒毒之丁甲双剑
10433244	Hoang Độc Chi Đinh Giáp Song Kiếm	Song đoản	44	giao dịch được	荒毒之丁甲双剑
10433245	Hoang Độc Chi Đinh Giáp Song Kiếm	Song đoản	45	giao dịch được	荒毒之丁甲双剑
10433246	Hoang Độc Chi Đinh Giáp Song Kiếm	Song đoản	46	giao dịch được	荒毒之丁甲双剑
10433247	Hoang Độc Chi Đinh Giáp Song Kiếm	Song đoản	47	giao dịch được	荒毒之丁甲双剑
10433248	Hoang Độc Chi Đinh Giáp Song Kiếm	Song đoản	48	giao dịch được	荒毒之丁甲双剑
10433249	Hoang Độc Chi Đinh Giáp Song Kiếm	Song đoản	49	giao dịch được	荒毒之丁甲双剑
10433250	Hoang Độc Chi Đinh Giáp Song Kiếm	Song đoản	50	giao dịch được	荒毒之丁甲双剑
10433251	Hoang Độc Chi Hàm Quang Song Kiếm	Song đoản	51	giao dịch được	荒毒之含光双剑
10433252	Hoang Độc Chi Hàm Quang Song Kiếm	Song đoản	52	giao dịch được	荒毒之含光双剑
10433253	Hoang Độc Chi Hàm Quang Song Kiếm	Song đoản	53	giao dịch được	荒毒之含光双剑
10433254	Hoang Độc Chi Hàm Quang Song Kiếm	Song đoản	54	giao dịch được	荒毒之含光双剑
10433255	Hoang Độc Chi Hàm Quang Song Kiếm	Song đoản	55	giao dịch được	荒毒之含光双剑
10433256	Hoang Độc Chi Hàm Quang Song Kiếm	Song đoản	56	giao dịch được	荒毒之含光双剑
10433257	Hoang Độc Chi Hàm Quang Song Kiếm	Song đoản	57	giao dịch được	荒毒之含光双剑
10433258	Hoang Độc Chi Hàm Quang Song Kiếm	Song đoản	58	giao dịch được	荒毒之含光双剑
10433259	Hoang Độc Chi Hàm Quang Song Kiếm	Song đoản	59	giao dịch được	荒毒之含光双剑
10433260	Hoang Độc Chi Hàm Quang Song Kiếm	Song đoản	60	giao dịch được	荒毒之含光双剑
10433261	Hoang Độc Chi Thừa Ảnh Song Đao	Song đoản	61	giao dịch được	荒毒之承影双刀
10433262	Hoang Độc Chi Thừa Ảnh Song Đao	Song đoản	62	giao dịch được	荒毒之承影双刀
10433263	Hoang Độc Chi Thừa Ảnh Song Đao	Song đoản	63	giao dịch được	荒毒之承影双刀
10433264	Hoang Độc Chi Thừa Ảnh Song Đao	Song đoản	64	giao dịch được	荒毒之承影双刀
10433265	Hoang Độc Chi Thừa Ảnh Song Đao	Song đoản	65	giao dịch được	荒毒之承影双刀
10433266	Hoang Độc Chi Thừa Ảnh Song Đao	Song đoản	66	giao dịch được	荒毒之承影双刀
10433267	Hoang Độc Chi Thừa Ảnh Song Đao	Song đoản	67	giao dịch được	荒毒之承影双刀
10433268	Hoang Độc Chi Thừa Ảnh Song Đao	Song đoản	68	giao dịch được	荒毒之承影双刀
10433269	Hoang Độc Chi Thừa Ảnh Song Đao	Song đoản	69	giao dịch được	荒毒之承影双刀
10433270	Hoang Độc Chi Thừa Ảnh Song Đao	Song đoản	70	giao dịch được	荒毒之承影双刀
10433271	Hoang Độc Chi Bác Lãng Song Phủ	Song đoản	71	giao dịch được	荒毒之博浪双斧
10433272	Hoang Độc Chi Bác Lãng Song Phủ	Song đoản	72	giao dịch được	荒毒之博浪双斧
10433273	Hoang Độc Chi Bác Lãng Song Phủ	Song đoản	73	giao dịch được	荒毒之博浪双斧
10433274	Hoang Độc Chi Bác Lãng Song Phủ	Song đoản	74	giao dịch được	荒毒之博浪双斧
10433275	Hoang Độc Chi Bác Lãng Song Phủ	Song đoản	75	giao dịch được	荒毒之博浪双斧
10433276	Hoang Độc Chi Bác Lãng Song Phủ	Song đoản	76	giao dịch được	荒毒之博浪双斧
10433277	Hoang Độc Chi Bác Lãng Song Phủ	Song đoản	77	giao dịch được	荒毒之博浪双斧
10433278	Hoang Độc Chi Bác Lãng Song Phủ	Song đoản	78	giao dịch được	荒毒之博浪双斧
10433279	Hoang Độc Chi Bác Lãng Song Phủ	Song đoản	79	giao dịch được	荒毒之博浪双斧
10433280	Hoang Độc Chi Bác Lãng Song Phủ	Song đoản	80	giao dịch được	荒毒之博浪双斧
10433281	Hoang Độc Chi Quy Trần Song Phủ	Song đoản	81	giao dịch được	荒毒之归尘双斧
10433282	Hoang Độc Chi Quy Trần Song Phủ	Song đoản	82	giao dịch được	荒毒之归尘双斧
10433283	Hoang Độc Chi Quy Trần Song Phủ	Song đoản	83	giao dịch được	荒毒之归尘双斧
10433284	Hoang Độc Chi Quy Trần Song Phủ	Song đoản	84	giao dịch được	荒毒之归尘双斧
10433285	Hoang Độc Chi Quy Trần Song Phủ	Song đoản	85	giao dịch được	荒毒之归尘双斧
10433286	Hoang Độc Chi Quy Trần Song Phủ	Song đoản	86	giao dịch được	荒毒之归尘双斧
10433287	Hoang Độc Chi Quy Trần Song Phủ	Song đoản	87	giao dịch được	荒毒之归尘双斧
10433288	Hoang Độc Chi Quy Trần Song Phủ	Song đoản	88	giao dịch được	荒毒之归尘双斧
10433289	Hoang Độc Chi Quy Trần Song Phủ	Song đoản	89	giao dịch được	荒毒之归尘双斧
10433290	Hoang Độc Chi Quy Trần Song Phủ	Song đoản	90	giao dịch được	荒毒之归尘双斧
10433291	Hoang Độc Chi Mạc Vấn	Song đoản	91	giao dịch được	荒毒之莫问
10433292	Hoang Độc Chi Mạc Vấn	Song đoản	92	giao dịch được	荒毒之莫问
10433293	Hoang Độc Chi Mạc Vấn	Song đoản	93	giao dịch được	荒毒之莫问
10433294	Hoang Độc Chi Mạc Vấn	Song đoản	94	giao dịch được	荒毒之莫问
10433295	Hoang Độc Chi Mạc Vấn	Song đoản	95	giao dịch được	荒毒之莫问
10433296	Hoang Độc Chi Mạc Vấn	Song đoản	96	giao dịch được	荒毒之莫问
10433297	Hoang Độc Chi Mạc Vấn	Song đoản	97	giao dịch được	荒毒之莫问
10433298	Hoang Độc Chi Mạc Vấn	Song đoản	98	giao dịch được	荒毒之莫问
10433299	Hoang Độc Chi Mạc Vấn	Song đoản	99	giao dịch được	荒毒之莫问
10433300	Hoang Độc Chi Mạc Vấn	Song đoản	100	giao dịch được	荒毒之莫问
10433301	(chưa dùng)	Song đoản	81	giao dịch được	未使用
10433302	(chưa dùng)	Song đoản	82	giao dịch được	未使用
10433303	(chưa dùng)	Song đoản	83	giao dịch được	未使用
10433304	(chưa dùng)	Song đoản	84	giao dịch được	未使用
10433305	(chưa dùng)	Song đoản	85	giao dịch được	未使用
10433306	(chưa dùng)	Song đoản	86	giao dịch được	未使用
10433307	(chưa dùng)	Song đoản	87	giao dịch được	未使用
10433308	(chưa dùng)	Song đoản	88	giao dịch được	未使用
10433309	(chưa dùng)	Song đoản	89	giao dịch được	未使用
10433310	(chưa dùng)	Song đoản	90	giao dịch được	未使用
10433311	(chưa dùng)	Song đoản	81	giao dịch được	未使用
10433312	(chưa dùng)	Song đoản	82	giao dịch được	未使用
10433313	(chưa dùng)	Song đoản	83	giao dịch được	未使用
10433314	(chưa dùng)	Song đoản	84	giao dịch được	未使用
10433315	(chưa dùng)	Song đoản	85	giao dịch được	未使用
10433316	(chưa dùng)	Song đoản	86	giao dịch được	未使用
10433317	(chưa dùng)	Song đoản	87	giao dịch được	未使用
10433318	(chưa dùng)	Song đoản	88	giao dịch được	未使用
10433319	(chưa dùng)	Song đoản	89	giao dịch được	未使用
10433320	(chưa dùng)	Song đoản	90	giao dịch được	未使用
10433321	(chưa dùng)	Song đoản	81	giao dịch được	未使用
10433322	(chưa dùng)	Song đoản	82	giao dịch được	未使用
10433323	(chưa dùng)	Song đoản	83	giao dịch được	未使用
10433324	(chưa dùng)	Song đoản	84	giao dịch được	未使用
10433325	(chưa dùng)	Song đoản	85	giao dịch được	未使用
10433326	(chưa dùng)	Song đoản	86	giao dịch được	未使用
10433327	(chưa dùng)	Song đoản	87	giao dịch được	未使用
10433328	(chưa dùng)	Song đoản	88	giao dịch được	未使用
10433329	(chưa dùng)	Song đoản	89	giao dịch được	未使用
10433330	(chưa dùng)	Song đoản	90	giao dịch được	未使用
10433331	(chưa dùng)	Song đoản	81	giao dịch được	未使用
10433332	(chưa dùng)	Song đoản	82	giao dịch được	未使用
10433333	(chưa dùng)	Song đoản	83	giao dịch được	未使用
10433334	(chưa dùng)	Song đoản	84	giao dịch được	未使用
10433335	(chưa dùng)	Song đoản	85	giao dịch được	未使用
10433336	(chưa dùng)	Song đoản	86	giao dịch được	未使用
10433337	(chưa dùng)	Song đoản	87	giao dịch được	未使用
10433338	(chưa dùng)	Song đoản	88	giao dịch được	未使用
10433339	(chưa dùng)	Song đoản	89	giao dịch được	未使用
10433340	(chưa dùng)	Song đoản	90	giao dịch được	未使用
10433341	(chưa dùng)	Song đoản	81	giao dịch được	未使用
10433342	(chưa dùng)	Song đoản	82	giao dịch được	未使用
10433343	(chưa dùng)	Song đoản	83	giao dịch được	未使用
10433344	(chưa dùng)	Song đoản	84	giao dịch được	未使用
10433345	(chưa dùng)	Song đoản	85	giao dịch được	未使用
10433346	(chưa dùng)	Song đoản	86	giao dịch được	未使用
10433347	(chưa dùng)	Song đoản	87	giao dịch được	未使用
10433348	(chưa dùng)	Song đoản	88	giao dịch được	未使用
10433349	(chưa dùng)	Song đoản	89	giao dịch được	未使用
10433350	(chưa dùng)	Song đoản	90	giao dịch được	未使用
10433351	(chưa dùng)	Song đoản	91	giao dịch được	未使用
10433352	(chưa dùng)	Song đoản	92	giao dịch được	未使用
10433353	(chưa dùng)	Song đoản	93	giao dịch được	未使用
10433354	(chưa dùng)	Song đoản	94	giao dịch được	未使用
10433355	(chưa dùng)	Song đoản	95	giao dịch được	未使用
10433356	(chưa dùng)	Song đoản	96	giao dịch được	未使用
10433357	(chưa dùng)	Song đoản	97	giao dịch được	未使用
10433358	(chưa dùng)	Song đoản	98	giao dịch được	未使用
10433359	(chưa dùng)	Song đoản	99	giao dịch được	未使用
10433360	(chưa dùng)	Song đoản	100	giao dịch được	未使用
10433361	(chưa dùng)	Song đoản	91	giao dịch được	未使用
10433362	(chưa dùng)	Song đoản	92	giao dịch được	未使用
10433363	(chưa dùng)	Song đoản	93	giao dịch được	未使用
10433364	(chưa dùng)	Song đoản	94	giao dịch được	未使用
10433365	(chưa dùng)	Song đoản	95	giao dịch được	未使用
10433366	(chưa dùng)	Song đoản	96	giao dịch được	未使用
10433367	(chưa dùng)	Song đoản	97	giao dịch được	未使用
10433368	(chưa dùng)	Song đoản	98	giao dịch được	未使用
10433369	(chưa dùng)	Song đoản	99	giao dịch được	未使用
10433370	(chưa dùng)	Song đoản	100	giao dịch được	未使用
10433371	(chưa dùng)	Song đoản	91	giao dịch được	未使用
10433372	(chưa dùng)	Song đoản	92	giao dịch được	未使用
10433373	(chưa dùng)	Song đoản	93	giao dịch được	未使用
10433374	(chưa dùng)	Song đoản	94	giao dịch được	未使用
10433375	(chưa dùng)	Song đoản	95	giao dịch được	未使用
10433376	(chưa dùng)	Song đoản	96	giao dịch được	未使用
10433377	(chưa dùng)	Song đoản	97	giao dịch được	未使用
10433378	(chưa dùng)	Song đoản	98	giao dịch được	未使用
10433379	(chưa dùng)	Song đoản	99	giao dịch được	未使用
10433380	(chưa dùng)	Song đoản	100	giao dịch được	未使用
10433381	(chưa dùng)	Song đoản	91	giao dịch được	未使用
10433382	(chưa dùng)	Song đoản	92	giao dịch được	未使用
10433383	(chưa dùng)	Song đoản	93	giao dịch được	未使用
10433384	(chưa dùng)	Song đoản	94	giao dịch được	未使用
10433385	(chưa dùng)	Song đoản	95	giao dịch được	未使用
10433386	(chưa dùng)	Song đoản	96	giao dịch được	未使用
10433387	(chưa dùng)	Song đoản	97	giao dịch được	未使用
10433388	(chưa dùng)	Song đoản	98	giao dịch được	未使用
10433389	(chưa dùng)	Song đoản	99	giao dịch được	未使用
10433390	(chưa dùng)	Song đoản	100	giao dịch được	未使用
10433391	(chưa dùng)	Song đoản	91	giao dịch được	未使用
10433392	(chưa dùng)	Song đoản	92	giao dịch được	未使用
10433393	(chưa dùng)	Song đoản	93	giao dịch được	未使用
10433394	(chưa dùng)	Song đoản	94	giao dịch được	未使用
10433395	(chưa dùng)	Song đoản	95	giao dịch được	未使用
10433396	(chưa dùng)	Song đoản	96	giao dịch được	未使用
10433397	(chưa dùng)	Song đoản	97	giao dịch được	未使用
10433398	(chưa dùng)	Song đoản	98	giao dịch được	未使用
10433399	(chưa dùng)	Song đoản	99	giao dịch được	未使用
10433400	(chưa dùng)	Song đoản	100	giao dịch được	未使用
10434001	Vô Tướng Chi Bạch Chỉ Thất Hiền Phiến	Quạt	1	giao dịch được	无相之白纸七贤扇
10434002	Vô Tướng Chi Bạch Chỉ Thất Hiền Phiến	Quạt	2	giao dịch được	无相之白纸七贤扇
10434003	Vô Tướng Chi Bạch Chỉ Thất Hiền Phiến	Quạt	3	giao dịch được	无相之白纸七贤扇
10434004	Vô Tướng Chi Bạch Chỉ Thất Hiền Phiến	Quạt	4	giao dịch được	无相之白纸七贤扇
10434005	Vô Tướng Chi Bạch Chỉ Thất Hiền Phiến	Quạt	5	giao dịch được	无相之白纸七贤扇
10434006	Vô Tướng Chi Bạch Chỉ Thất Hiền Phiến	Quạt	6	giao dịch được	无相之白纸七贤扇
10434007	Vô Tướng Chi Bạch Chỉ Thất Hiền Phiến	Quạt	7	giao dịch được	无相之白纸七贤扇
10434008	Vô Tướng Chi Bạch Chỉ Thất Hiền Phiến	Quạt	8	giao dịch được	无相之白纸七贤扇
10434009	Vô Tướng Chi Bạch Chỉ Thất Hiền Phiến	Quạt	9	giao dịch được	无相之白纸七贤扇
10434010	Vô Tướng Chi Bạch Chỉ Thất Hiền Phiến	Quạt	10	giao dịch được	无相之白纸七贤扇
10434011	Vô Tướng Chi Thiết Cốt Phượng Hoàng Phiến	Quạt	11	giao dịch được	无相之铁骨凤凰扇
10434012	Vô Tướng Chi Thiết Cốt Phượng Hoàng Phiến	Quạt	12	giao dịch được	无相之铁骨凤凰扇
10434013	Vô Tướng Chi Thiết Cốt Phượng Hoàng Phiến	Quạt	13	giao dịch được	无相之铁骨凤凰扇
10434014	Vô Tướng Chi Thiết Cốt Phượng Hoàng Phiến	Quạt	14	giao dịch được	无相之铁骨凤凰扇
10434015	Vô Tướng Chi Thiết Cốt Phượng Hoàng Phiến	Quạt	15	giao dịch được	无相之铁骨凤凰扇
10434016	Vô Tướng Chi Thiết Cốt Phượng Hoàng Phiến	Quạt	16	giao dịch được	无相之铁骨凤凰扇
10434017	Vô Tướng Chi Thiết Cốt Phượng Hoàng Phiến	Quạt	17	giao dịch được	无相之铁骨凤凰扇
10434018	Vô Tướng Chi Thiết Cốt Phượng Hoàng Phiến	Quạt	18	giao dịch được	无相之铁骨凤凰扇
10434019	Vô Tướng Chi Thiết Cốt Phượng Hoàng Phiến	Quạt	19	giao dịch được	无相之铁骨凤凰扇
10434020	Vô Tướng Chi Thiết Cốt Phượng Hoàng Phiến	Quạt	20	giao dịch được	无相之铁骨凤凰扇
10434021	Vô Tướng Chi Tương Phi Ban Trúc Phiến	Quạt	21	giao dịch được	无相之湘妃斑竹扇
10434022	Vô Tướng Chi Tương Phi Ban Trúc Phiến	Quạt	22	giao dịch được	无相之湘妃斑竹扇
10434023	Vô Tướng Chi Tương Phi Ban Trúc Phiến	Quạt	23	giao dịch được	无相之湘妃斑竹扇
10434024	Vô Tướng Chi Tương Phi Ban Trúc Phiến	Quạt	24	giao dịch được	无相之湘妃斑竹扇
10434025	Vô Tướng Chi Tương Phi Ban Trúc Phiến	Quạt	25	giao dịch được	无相之湘妃斑竹扇
10434026	Vô Tướng Chi Tương Phi Ban Trúc Phiến	Quạt	26	giao dịch được	无相之湘妃斑竹扇
10434027	Vô Tướng Chi Tương Phi Ban Trúc Phiến	Quạt	27	giao dịch được	无相之湘妃斑竹扇
10434028	Vô Tướng Chi Tương Phi Ban Trúc Phiến	Quạt	28	giao dịch được	无相之湘妃斑竹扇
10434029	Vô Tướng Chi Tương Phi Ban Trúc Phiến	Quạt	29	giao dịch được	无相之湘妃斑竹扇
10434030	Vô Tướng Chi Tương Phi Ban Trúc Phiến	Quạt	30	giao dịch được	无相之湘妃斑竹扇
10434031	Vô Tướng Chi Phong Diêm Cổ Đạo Phiến	Quạt	31	giao dịch được	无相之风檐古道扇
10434032	Vô Tướng Chi Phong Diêm Cổ Đạo Phiến	Quạt	32	giao dịch được	无相之风檐古道扇
10434033	Vô Tướng Chi Phong Diêm Cổ Đạo Phiến	Quạt	33	giao dịch được	无相之风檐古道扇
10434034	Vô Tướng Chi Phong Diêm Cổ Đạo Phiến	Quạt	34	giao dịch được	无相之风檐古道扇
10434035	Vô Tướng Chi Phong Diêm Cổ Đạo Phiến	Quạt	35	giao dịch được	无相之风檐古道扇
10434036	Vô Tướng Chi Phong Diêm Cổ Đạo Phiến	Quạt	36	giao dịch được	无相之风檐古道扇
10434037	Vô Tướng Chi Phong Diêm Cổ Đạo Phiến	Quạt	37	giao dịch được	无相之风檐古道扇
10434038	Vô Tướng Chi Phong Diêm Cổ Đạo Phiến	Quạt	38	giao dịch được	无相之风檐古道扇
10434039	Vô Tướng Chi Phong Diêm Cổ Đạo Phiến	Quạt	39	giao dịch được	无相之风檐古道扇
10434040	Vô Tướng Chi Phong Diêm Cổ Đạo Phiến	Quạt	40	giao dịch được	无相之风檐古道扇
10434041	Vô Tướng Chi Dịch Thuỷ Hàn Lâm Phiến	Quạt	41	giao dịch được	无相之易水寒林扇
10434042	Vô Tướng Chi Dịch Thuỷ Hàn Lâm Phiến	Quạt	42	giao dịch được	无相之易水寒林扇
10434043	Vô Tướng Chi Dịch Thuỷ Hàn Lâm Phiến	Quạt	43	giao dịch được	无相之易水寒林扇
10434044	Vô Tướng Chi Dịch Thuỷ Hàn Lâm Phiến	Quạt	44	giao dịch được	无相之易水寒林扇
10434045	Vô Tướng Chi Dịch Thuỷ Hàn Lâm Phiến	Quạt	45	giao dịch được	无相之易水寒林扇
10434046	Vô Tướng Chi Dịch Thuỷ Hàn Lâm Phiến	Quạt	46	giao dịch được	无相之易水寒林扇
10434047	Vô Tướng Chi Dịch Thuỷ Hàn Lâm Phiến	Quạt	47	giao dịch được	无相之易水寒林扇
10434048	Vô Tướng Chi Dịch Thuỷ Hàn Lâm Phiến	Quạt	48	giao dịch được	无相之易水寒林扇
10434049	Vô Tướng Chi Dịch Thuỷ Hàn Lâm Phiến	Quạt	49	giao dịch được	无相之易水寒林扇
10434050	Vô Tướng Chi Dịch Thuỷ Hàn Lâm Phiến	Quạt	50	giao dịch được	无相之易水寒林扇
10434051	Vô Tướng Chi Bạch Mã Tây Phong Phiến	Quạt	51	giao dịch được	无相之白马西风扇
10434052	Vô Tướng Chi Bạch Mã Tây Phong Phiến	Quạt	52	giao dịch được	无相之白马西风扇
10434053	Vô Tướng Chi Bạch Mã Tây Phong Phiến	Quạt	53	giao dịch được	无相之白马西风扇
10434054	Vô Tướng Chi Bạch Mã Tây Phong Phiến	Quạt	54	giao dịch được	无相之白马西风扇
10434055	Vô Tướng Chi Bạch Mã Tây Phong Phiến	Quạt	55	giao dịch được	无相之白马西风扇
10434056	Vô Tướng Chi Bạch Mã Tây Phong Phiến	Quạt	56	giao dịch được	无相之白马西风扇
10434057	Vô Tướng Chi Bạch Mã Tây Phong Phiến	Quạt	57	giao dịch được	无相之白马西风扇
10434058	Vô Tướng Chi Bạch Mã Tây Phong Phiến	Quạt	58	giao dịch được	无相之白马西风扇
10434059	Vô Tướng Chi Bạch Mã Tây Phong Phiến	Quạt	59	giao dịch được	无相之白马西风扇
10434060	Vô Tướng Chi Bạch Mã Tây Phong Phiến	Quạt	60	giao dịch được	无相之白马西风扇
10434061	Vô Tướng Chi Bích Lân Dã Hoả Phiến	Quạt	61	giao dịch được	无相之碧磷野火扇
10434062	Vô Tướng Chi Bích Lân Dã Hoả Phiến	Quạt	62	giao dịch được	无相之碧磷野火扇
10434063	Vô Tướng Chi Bích Lân Dã Hoả Phiến	Quạt	63	giao dịch được	无相之碧磷野火扇
10434064	Vô Tướng Chi Bích Lân Dã Hoả Phiến	Quạt	64	giao dịch được	无相之碧磷野火扇
10434065	Vô Tướng Chi Bích Lân Dã Hoả Phiến	Quạt	65	giao dịch được	无相之碧磷野火扇
10434066	Vô Tướng Chi Bích Lân Dã Hoả Phiến	Quạt	66	giao dịch được	无相之碧磷野火扇
10434067	Vô Tướng Chi Bích Lân Dã Hoả Phiến	Quạt	67	giao dịch được	无相之碧磷野火扇
10434068	Vô Tướng Chi Bích Lân Dã Hoả Phiến	Quạt	68	giao dịch được	无相之碧磷野火扇
10434069	Vô Tướng Chi Bích Lân Dã Hoả Phiến	Quạt	69	giao dịch được	无相之碧磷野火扇
10434070	Vô Tướng Chi Bích Lân Dã Hoả Phiến	Quạt	70	giao dịch được	无相之碧磷野火扇
10434071	Vô Tướng Chi Cắt Tu Khí Bào Phiến	Quạt	71	giao dịch được	无相之割须弃袍扇
10434072	Vô Tướng Chi Cắt Tu Khí Bào Phiến	Quạt	72	giao dịch được	无相之割须弃袍扇
10434073	Vô Tướng Chi Cắt Tu Khí Bào Phiến	Quạt	73	giao dịch được	无相之割须弃袍扇
10434074	Vô Tướng Chi Cắt Tu Khí Bào Phiến	Quạt	74	giao dịch được	无相之割须弃袍扇
10434075	Vô Tướng Chi Cắt Tu Khí Bào Phiến	Quạt	75	giao dịch được	无相之割须弃袍扇
10434076	Vô Tướng Chi Cắt Tu Khí Bào Phiến	Quạt	76	giao dịch được	无相之割须弃袍扇
10434077	Vô Tướng Chi Cắt Tu Khí Bào Phiến	Quạt	77	giao dịch được	无相之割须弃袍扇
10434078	Vô Tướng Chi Cắt Tu Khí Bào Phiến	Quạt	78	giao dịch được	无相之割须弃袍扇
10434079	Vô Tướng Chi Cắt Tu Khí Bào Phiến	Quạt	79	giao dịch được	无相之割须弃袍扇
10434080	Vô Tướng Chi Cắt Tu Khí Bào Phiến	Quạt	80	giao dịch được	无相之割须弃袍扇
10434081	Vô Tướng Chi Đốc Kháng Đồ Cùng Phiến	Quạt	81	giao dịch được	无相之督亢图穷扇
10434082	Vô Tướng Chi Đốc Kháng Đồ Cùng Phiến	Quạt	82	giao dịch được	无相之督亢图穷扇
10434083	Vô Tướng Chi Đốc Kháng Đồ Cùng Phiến	Quạt	83	giao dịch được	无相之督亢图穷扇
10434084	Vô Tướng Chi Đốc Kháng Đồ Cùng Phiến	Quạt	84	giao dịch được	无相之督亢图穷扇
10434085	Vô Tướng Chi Đốc Kháng Đồ Cùng Phiến	Quạt	85	giao dịch được	无相之督亢图穷扇
10434086	Vô Tướng Chi Đốc Kháng Đồ Cùng Phiến	Quạt	86	giao dịch được	无相之督亢图穷扇
10434087	Vô Tướng Chi Đốc Kháng Đồ Cùng Phiến	Quạt	87	giao dịch được	无相之督亢图穷扇
10434088	Vô Tướng Chi Đốc Kháng Đồ Cùng Phiến	Quạt	88	giao dịch được	无相之督亢图穷扇
10434089	Vô Tướng Chi Đốc Kháng Đồ Cùng Phiến	Quạt	89	giao dịch được	无相之督亢图穷扇
10434090	Vô Tướng Chi Đốc Kháng Đồ Cùng Phiến	Quạt	90	giao dịch được	无相之督亢图穷扇
10434091	Vô Tướng Chi Mạt Lộ	Quạt	91	giao dịch được	无相之末路
10434092	Vô Tướng Chi Mạt Lộ	Quạt	92	giao dịch được	无相之末路
10434093	Vô Tướng Chi Mạt Lộ	Quạt	93	giao dịch được	无相之末路
10434094	Vô Tướng Chi Mạt Lộ	Quạt	94	giao dịch được	无相之末路
10434095	Vô Tướng Chi Mạt Lộ	Quạt	95	giao dịch được	无相之末路
10434096	Vô Tướng Chi Mạt Lộ	Quạt	96	giao dịch được	无相之末路
10434097	Vô Tướng Chi Mạt Lộ	Quạt	97	giao dịch được	无相之末路
10434098	Vô Tướng Chi Mạt Lộ	Quạt	98	giao dịch được	无相之末路
10434099	Vô Tướng Chi Mạt Lộ	Quạt	99	giao dịch được	无相之末路
10434100	Vô Tướng Chi Mạt Lộ	Quạt	100	giao dịch được	无相之末路
10434101	Bắc Minh Chi Bạch Chỉ Thất Hiền Phiến	Quạt	1	giao dịch được	北冥之白纸七贤扇
10434102	Bắc Minh Chi Bạch Chỉ Thất Hiền Phiến	Quạt	2	giao dịch được	北冥之白纸七贤扇
10434103	Bắc Minh Chi Bạch Chỉ Thất Hiền Phiến	Quạt	3	giao dịch được	北冥之白纸七贤扇
10434104	Bắc Minh Chi Bạch Chỉ Thất Hiền Phiến	Quạt	4	giao dịch được	北冥之白纸七贤扇
10434105	Bắc Minh Chi Bạch Chỉ Thất Hiền Phiến	Quạt	5	giao dịch được	北冥之白纸七贤扇
10434106	Bắc Minh Chi Bạch Chỉ Thất Hiền Phiến	Quạt	6	giao dịch được	北冥之白纸七贤扇
10434107	Bắc Minh Chi Bạch Chỉ Thất Hiền Phiến	Quạt	7	giao dịch được	北冥之白纸七贤扇
10434108	Bắc Minh Chi Bạch Chỉ Thất Hiền Phiến	Quạt	8	giao dịch được	北冥之白纸七贤扇
10434109	Bắc Minh Chi Bạch Chỉ Thất Hiền Phiến	Quạt	9	giao dịch được	北冥之白纸七贤扇
10434110	Bắc Minh Chi Bạch Chỉ Thất Hiền Phiến	Quạt	10	giao dịch được	北冥之白纸七贤扇
10434111	Bắc Minh Chi Thiết Cốt Phượng Hoàng Phiến	Quạt	11	giao dịch được	北冥之铁骨凤凰扇
10434112	Bắc Minh Chi Thiết Cốt Phượng Hoàng Phiến	Quạt	12	giao dịch được	北冥之铁骨凤凰扇
10434113	Bắc Minh Chi Thiết Cốt Phượng Hoàng Phiến	Quạt	13	giao dịch được	北冥之铁骨凤凰扇
10434114	Bắc Minh Chi Thiết Cốt Phượng Hoàng Phiến	Quạt	14	giao dịch được	北冥之铁骨凤凰扇
10434115	Bắc Minh Chi Thiết Cốt Phượng Hoàng Phiến	Quạt	15	giao dịch được	北冥之铁骨凤凰扇
10434116	Bắc Minh Chi Thiết Cốt Phượng Hoàng Phiến	Quạt	16	giao dịch được	北冥之铁骨凤凰扇
10434117	Bắc Minh Chi Thiết Cốt Phượng Hoàng Phiến	Quạt	17	giao dịch được	北冥之铁骨凤凰扇
10434118	Bắc Minh Chi Thiết Cốt Phượng Hoàng Phiến	Quạt	18	giao dịch được	北冥之铁骨凤凰扇
10434119	Bắc Minh Chi Thiết Cốt Phượng Hoàng Phiến	Quạt	19	giao dịch được	北冥之铁骨凤凰扇
10434120	Bắc Minh Chi Thiết Cốt Phượng Hoàng Phiến	Quạt	20	giao dịch được	北冥之铁骨凤凰扇
10434121	Bắc Minh Chi Tương Phi Ban Trúc Phiến	Quạt	21	giao dịch được	北冥之湘妃斑竹扇
10434122	Bắc Minh Chi Tương Phi Ban Trúc Phiến	Quạt	22	giao dịch được	北冥之湘妃斑竹扇
10434123	Bắc Minh Chi Tương Phi Ban Trúc Phiến	Quạt	23	giao dịch được	北冥之湘妃斑竹扇
10434124	Bắc Minh Chi Tương Phi Ban Trúc Phiến	Quạt	24	giao dịch được	北冥之湘妃斑竹扇
10434125	Bắc Minh Chi Tương Phi Ban Trúc Phiến	Quạt	25	giao dịch được	北冥之湘妃斑竹扇
10434126	Bắc Minh Chi Tương Phi Ban Trúc Phiến	Quạt	26	giao dịch được	北冥之湘妃斑竹扇
10434127	Bắc Minh Chi Tương Phi Ban Trúc Phiến	Quạt	27	giao dịch được	北冥之湘妃斑竹扇
10434128	Bắc Minh Chi Tương Phi Ban Trúc Phiến	Quạt	28	giao dịch được	北冥之湘妃斑竹扇
10434129	Bắc Minh Chi Tương Phi Ban Trúc Phiến	Quạt	29	giao dịch được	北冥之湘妃斑竹扇
10434130	Bắc Minh Chi Tương Phi Ban Trúc Phiến	Quạt	30	giao dịch được	北冥之湘妃斑竹扇
10434131	Bắc Minh Chi Phong Diêm Cổ Đạo Phiến	Quạt	31	giao dịch được	北冥之风檐古道扇
10434132	Bắc Minh Chi Phong Diêm Cổ Đạo Phiến	Quạt	32	giao dịch được	北冥之风檐古道扇
10434133	Bắc Minh Chi Phong Diêm Cổ Đạo Phiến	Quạt	33	giao dịch được	北冥之风檐古道扇
10434134	Bắc Minh Chi Phong Diêm Cổ Đạo Phiến	Quạt	34	giao dịch được	北冥之风檐古道扇
10434135	Bắc Minh Chi Phong Diêm Cổ Đạo Phiến	Quạt	35	giao dịch được	北冥之风檐古道扇
10434136	Bắc Minh Chi Phong Diêm Cổ Đạo Phiến	Quạt	36	giao dịch được	北冥之风檐古道扇
10434137	Bắc Minh Chi Phong Diêm Cổ Đạo Phiến	Quạt	37	giao dịch được	北冥之风檐古道扇
10434138	Bắc Minh Chi Phong Diêm Cổ Đạo Phiến	Quạt	38	giao dịch được	北冥之风檐古道扇
10434139	Bắc Minh Chi Phong Diêm Cổ Đạo Phiến	Quạt	39	giao dịch được	北冥之风檐古道扇
10434140	Bắc Minh Chi Phong Diêm Cổ Đạo Phiến	Quạt	40	giao dịch được	北冥之风檐古道扇
10434141	Bắc Minh Chi Dịch Thuỷ Hàn Lâm Phiến	Quạt	41	giao dịch được	北冥之易水寒林扇
10434142	Bắc Minh Chi Dịch Thuỷ Hàn Lâm Phiến	Quạt	42	giao dịch được	北冥之易水寒林扇
10434143	Bắc Minh Chi Dịch Thuỷ Hàn Lâm Phiến	Quạt	43	giao dịch được	北冥之易水寒林扇
10434144	Bắc Minh Chi Dịch Thuỷ Hàn Lâm Phiến	Quạt	44	giao dịch được	北冥之易水寒林扇
10434145	Bắc Minh Chi Dịch Thuỷ Hàn Lâm Phiến	Quạt	45	giao dịch được	北冥之易水寒林扇
10434146	Bắc Minh Chi Dịch Thuỷ Hàn Lâm Phiến	Quạt	46	giao dịch được	北冥之易水寒林扇
10434147	Bắc Minh Chi Dịch Thuỷ Hàn Lâm Phiến	Quạt	47	giao dịch được	北冥之易水寒林扇
10434148	Bắc Minh Chi Dịch Thuỷ Hàn Lâm Phiến	Quạt	48	giao dịch được	北冥之易水寒林扇
10434149	Bắc Minh Chi Dịch Thuỷ Hàn Lâm Phiến	Quạt	49	giao dịch được	北冥之易水寒林扇
10434150	Bắc Minh Chi Dịch Thuỷ Hàn Lâm Phiến	Quạt	50	giao dịch được	北冥之易水寒林扇
10434151	Bắc Minh Chi Bạch Mã Tây Phong Phiến	Quạt	51	giao dịch được	北冥之白马西风扇
10434152	Bắc Minh Chi Bạch Mã Tây Phong Phiến	Quạt	52	giao dịch được	北冥之白马西风扇
10434153	Bắc Minh Chi Bạch Mã Tây Phong Phiến	Quạt	53	giao dịch được	北冥之白马西风扇
10434154	Bắc Minh Chi Bạch Mã Tây Phong Phiến	Quạt	54	giao dịch được	北冥之白马西风扇
10434155	Bắc Minh Chi Bạch Mã Tây Phong Phiến	Quạt	55	giao dịch được	北冥之白马西风扇
10434156	Bắc Minh Chi Bạch Mã Tây Phong Phiến	Quạt	56	giao dịch được	北冥之白马西风扇
10434157	Bắc Minh Chi Bạch Mã Tây Phong Phiến	Quạt	57	giao dịch được	北冥之白马西风扇
10434158	Bắc Minh Chi Bạch Mã Tây Phong Phiến	Quạt	58	giao dịch được	北冥之白马西风扇
10434159	Bắc Minh Chi Bạch Mã Tây Phong Phiến	Quạt	59	giao dịch được	北冥之白马西风扇
10434160	Bắc Minh Chi Bạch Mã Tây Phong Phiến	Quạt	60	giao dịch được	北冥之白马西风扇
10434161	Bắc Minh Chi Bích Lân Dã Hoả Phiến	Quạt	61	giao dịch được	北冥之碧磷野火扇
10434162	Bắc Minh Chi Bích Lân Dã Hoả Phiến	Quạt	62	giao dịch được	北冥之碧磷野火扇
10434163	Bắc Minh Chi Bích Lân Dã Hoả Phiến	Quạt	63	giao dịch được	北冥之碧磷野火扇
10434164	Bắc Minh Chi Bích Lân Dã Hoả Phiến	Quạt	64	giao dịch được	北冥之碧磷野火扇
10434165	Bắc Minh Chi Bích Lân Dã Hoả Phiến	Quạt	65	giao dịch được	北冥之碧磷野火扇
10434166	Bắc Minh Chi Bích Lân Dã Hoả Phiến	Quạt	66	giao dịch được	北冥之碧磷野火扇
10434167	Bắc Minh Chi Bích Lân Dã Hoả Phiến	Quạt	67	giao dịch được	北冥之碧磷野火扇
10434168	Bắc Minh Chi Bích Lân Dã Hoả Phiến	Quạt	68	giao dịch được	北冥之碧磷野火扇
10434169	Bắc Minh Chi Bích Lân Dã Hoả Phiến	Quạt	69	giao dịch được	北冥之碧磷野火扇
10434170	Bắc Minh Chi Bích Lân Dã Hoả Phiến	Quạt	70	giao dịch được	北冥之碧磷野火扇
10434171	Bắc Minh Chi Cắt Tu Khí Bào Phiến	Quạt	71	giao dịch được	北冥之割须弃袍扇
10434172	Bắc Minh Chi Cắt Tu Khí Bào Phiến	Quạt	72	giao dịch được	北冥之割须弃袍扇
10434173	Bắc Minh Chi Cắt Tu Khí Bào Phiến	Quạt	73	giao dịch được	北冥之割须弃袍扇
10434174	Bắc Minh Chi Cắt Tu Khí Bào Phiến	Quạt	74	giao dịch được	北冥之割须弃袍扇
10434175	Bắc Minh Chi Cắt Tu Khí Bào Phiến	Quạt	75	giao dịch được	北冥之割须弃袍扇
10434176	Bắc Minh Chi Cắt Tu Khí Bào Phiến	Quạt	76	giao dịch được	北冥之割须弃袍扇
10434177	Bắc Minh Chi Cắt Tu Khí Bào Phiến	Quạt	77	giao dịch được	北冥之割须弃袍扇
10434178	Bắc Minh Chi Cắt Tu Khí Bào Phiến	Quạt	78	giao dịch được	北冥之割须弃袍扇
10434179	Bắc Minh Chi Cắt Tu Khí Bào Phiến	Quạt	79	giao dịch được	北冥之割须弃袍扇
10434180	Bắc Minh Chi Cắt Tu Khí Bào Phiến	Quạt	80	giao dịch được	北冥之割须弃袍扇
10434181	Bắc Minh Chi Đốc Kháng Đồ Cùng Phiến	Quạt	81	giao dịch được	北冥之督亢图穷扇
10434182	Bắc Minh Chi Đốc Kháng Đồ Cùng Phiến	Quạt	82	giao dịch được	北冥之督亢图穷扇
10434183	Bắc Minh Chi Đốc Kháng Đồ Cùng Phiến	Quạt	83	giao dịch được	北冥之督亢图穷扇
10434184	Bắc Minh Chi Đốc Kháng Đồ Cùng Phiến	Quạt	84	giao dịch được	北冥之督亢图穷扇
10434185	Bắc Minh Chi Đốc Kháng Đồ Cùng Phiến	Quạt	85	giao dịch được	北冥之督亢图穷扇
10434186	Bắc Minh Chi Đốc Kháng Đồ Cùng Phiến	Quạt	86	giao dịch được	北冥之督亢图穷扇
10434187	Bắc Minh Chi Đốc Kháng Đồ Cùng Phiến	Quạt	87	giao dịch được	北冥之督亢图穷扇
10434188	Bắc Minh Chi Đốc Kháng Đồ Cùng Phiến	Quạt	88	giao dịch được	北冥之督亢图穷扇
10434189	Bắc Minh Chi Đốc Kháng Đồ Cùng Phiến	Quạt	89	giao dịch được	北冥之督亢图穷扇
10434190	Bắc Minh Chi Đốc Kháng Đồ Cùng Phiến	Quạt	90	giao dịch được	北冥之督亢图穷扇
10434191	Bắc Minh Chi Mạt Lộ	Quạt	91	giao dịch được	北冥之末路
10434192	Bắc Minh Chi Mạt Lộ	Quạt	92	giao dịch được	北冥之末路
10434193	Bắc Minh Chi Mạt Lộ	Quạt	93	giao dịch được	北冥之末路
10434194	Bắc Minh Chi Mạt Lộ	Quạt	94	giao dịch được	北冥之末路
10434195	Bắc Minh Chi Mạt Lộ	Quạt	95	giao dịch được	北冥之末路
10434196	Bắc Minh Chi Mạt Lộ	Quạt	96	giao dịch được	北冥之末路
10434197	Bắc Minh Chi Mạt Lộ	Quạt	97	giao dịch được	北冥之末路
10434198	Bắc Minh Chi Mạt Lộ	Quạt	98	giao dịch được	北冥之末路
10434199	Bắc Minh Chi Mạt Lộ	Quạt	99	giao dịch được	北冥之末路
10434200	Bắc Minh Chi Mạt Lộ	Quạt	100	giao dịch được	北冥之末路
10434201	Ngưng Mạch Chi Bạch Chỉ Thất Hiền Phiến	Quạt	1	giao dịch được	凝脉之白纸七贤扇
10434202	Ngưng Mạch Chi Bạch Chỉ Thất Hiền Phiến	Quạt	2	giao dịch được	凝脉之白纸七贤扇
10434203	Ngưng Mạch Chi Bạch Chỉ Thất Hiền Phiến	Quạt	3	giao dịch được	凝脉之白纸七贤扇
10434204	Ngưng Mạch Chi Bạch Chỉ Thất Hiền Phiến	Quạt	4	giao dịch được	凝脉之白纸七贤扇
10434205	Ngưng Mạch Chi Bạch Chỉ Thất Hiền Phiến	Quạt	5	giao dịch được	凝脉之白纸七贤扇
10434206	Ngưng Mạch Chi Bạch Chỉ Thất Hiền Phiến	Quạt	6	giao dịch được	凝脉之白纸七贤扇
10434207	Ngưng Mạch Chi Bạch Chỉ Thất Hiền Phiến	Quạt	7	giao dịch được	凝脉之白纸七贤扇
10434208	Ngưng Mạch Chi Bạch Chỉ Thất Hiền Phiến	Quạt	8	giao dịch được	凝脉之白纸七贤扇
10434209	Ngưng Mạch Chi Bạch Chỉ Thất Hiền Phiến	Quạt	9	giao dịch được	凝脉之白纸七贤扇
10434210	Ngưng Mạch Chi Bạch Chỉ Thất Hiền Phiến	Quạt	10	giao dịch được	凝脉之白纸七贤扇
10434211	Ngưng Mạch Chi Thiết Cốt Phượng Hoàng Phiến	Quạt	11	giao dịch được	凝脉之铁骨凤凰扇
10434212	Ngưng Mạch Chi Thiết Cốt Phượng Hoàng Phiến	Quạt	12	giao dịch được	凝脉之铁骨凤凰扇
10434213	Ngưng Mạch Chi Thiết Cốt Phượng Hoàng Phiến	Quạt	13	giao dịch được	凝脉之铁骨凤凰扇
10434214	Ngưng Mạch Chi Thiết Cốt Phượng Hoàng Phiến	Quạt	14	giao dịch được	凝脉之铁骨凤凰扇
10434215	Ngưng Mạch Chi Thiết Cốt Phượng Hoàng Phiến	Quạt	15	giao dịch được	凝脉之铁骨凤凰扇
10434216	Ngưng Mạch Chi Thiết Cốt Phượng Hoàng Phiến	Quạt	16	giao dịch được	凝脉之铁骨凤凰扇
10434217	Ngưng Mạch Chi Thiết Cốt Phượng Hoàng Phiến	Quạt	17	giao dịch được	凝脉之铁骨凤凰扇
10434218	Ngưng Mạch Chi Thiết Cốt Phượng Hoàng Phiến	Quạt	18	giao dịch được	凝脉之铁骨凤凰扇
10434219	Ngưng Mạch Chi Thiết Cốt Phượng Hoàng Phiến	Quạt	19	giao dịch được	凝脉之铁骨凤凰扇
10434220	Ngưng Mạch Chi Thiết Cốt Phượng Hoàng Phiến	Quạt	20	giao dịch được	凝脉之铁骨凤凰扇
10434221	Ngưng Mạch Chi Tương Phi Ban Trúc Phiến	Quạt	21	giao dịch được	凝脉之湘妃斑竹扇
10434222	Ngưng Mạch Chi Tương Phi Ban Trúc Phiến	Quạt	22	giao dịch được	凝脉之湘妃斑竹扇
10434223	Ngưng Mạch Chi Tương Phi Ban Trúc Phiến	Quạt	23	giao dịch được	凝脉之湘妃斑竹扇
10434224	Ngưng Mạch Chi Tương Phi Ban Trúc Phiến	Quạt	24	giao dịch được	凝脉之湘妃斑竹扇
10434225	Ngưng Mạch Chi Tương Phi Ban Trúc Phiến	Quạt	25	giao dịch được	凝脉之湘妃斑竹扇
10434226	Ngưng Mạch Chi Tương Phi Ban Trúc Phiến	Quạt	26	giao dịch được	凝脉之湘妃斑竹扇
10434227	Ngưng Mạch Chi Tương Phi Ban Trúc Phiến	Quạt	27	giao dịch được	凝脉之湘妃斑竹扇
10434228	Ngưng Mạch Chi Tương Phi Ban Trúc Phiến	Quạt	28	giao dịch được	凝脉之湘妃斑竹扇
10434229	Ngưng Mạch Chi Tương Phi Ban Trúc Phiến	Quạt	29	giao dịch được	凝脉之湘妃斑竹扇
10434230	Ngưng Mạch Chi Tương Phi Ban Trúc Phiến	Quạt	30	giao dịch được	凝脉之湘妃斑竹扇
10434231	Ngưng Mạch Chi Phong Diêm Cổ Đạo Phiến	Quạt	31	giao dịch được	凝脉之风檐古道扇
10434232	Ngưng Mạch Chi Phong Diêm Cổ Đạo Phiến	Quạt	32	giao dịch được	凝脉之风檐古道扇
10434233	Ngưng Mạch Chi Phong Diêm Cổ Đạo Phiến	Quạt	33	giao dịch được	凝脉之风檐古道扇
10434234	Ngưng Mạch Chi Phong Diêm Cổ Đạo Phiến	Quạt	34	giao dịch được	凝脉之风檐古道扇
10434235	Ngưng Mạch Chi Phong Diêm Cổ Đạo Phiến	Quạt	35	giao dịch được	凝脉之风檐古道扇
10434236	Ngưng Mạch Chi Phong Diêm Cổ Đạo Phiến	Quạt	36	giao dịch được	凝脉之风檐古道扇
10434237	Ngưng Mạch Chi Phong Diêm Cổ Đạo Phiến	Quạt	37	giao dịch được	凝脉之风檐古道扇
10434238	Ngưng Mạch Chi Phong Diêm Cổ Đạo Phiến	Quạt	38	giao dịch được	凝脉之风檐古道扇
10434239	Ngưng Mạch Chi Phong Diêm Cổ Đạo Phiến	Quạt	39	giao dịch được	凝脉之风檐古道扇
10434240	Ngưng Mạch Chi Phong Diêm Cổ Đạo Phiến	Quạt	40	giao dịch được	凝脉之风檐古道扇
10434241	Ngưng Mạch Chi Dịch Thuỷ Hàn Lâm Phiến	Quạt	41	giao dịch được	凝脉之易水寒林扇
10434242	Ngưng Mạch Chi Dịch Thuỷ Hàn Lâm Phiến	Quạt	42	giao dịch được	凝脉之易水寒林扇
10434243	Ngưng Mạch Chi Dịch Thuỷ Hàn Lâm Phiến	Quạt	43	giao dịch được	凝脉之易水寒林扇
10434244	Ngưng Mạch Chi Dịch Thuỷ Hàn Lâm Phiến	Quạt	44	giao dịch được	凝脉之易水寒林扇
10434245	Ngưng Mạch Chi Dịch Thuỷ Hàn Lâm Phiến	Quạt	45	giao dịch được	凝脉之易水寒林扇
10434246	Ngưng Mạch Chi Dịch Thuỷ Hàn Lâm Phiến	Quạt	46	giao dịch được	凝脉之易水寒林扇
10434247	Ngưng Mạch Chi Dịch Thuỷ Hàn Lâm Phiến	Quạt	47	giao dịch được	凝脉之易水寒林扇
10434248	Ngưng Mạch Chi Dịch Thuỷ Hàn Lâm Phiến	Quạt	48	giao dịch được	凝脉之易水寒林扇
10434249	Ngưng Mạch Chi Dịch Thuỷ Hàn Lâm Phiến	Quạt	49	giao dịch được	凝脉之易水寒林扇
10434250	Ngưng Mạch Chi Dịch Thuỷ Hàn Lâm Phiến	Quạt	50	giao dịch được	凝脉之易水寒林扇
10434251	Ngưng Mạch Chi Bạch Mã Tây Phong Phiến	Quạt	51	giao dịch được	凝脉之白马西风扇
10434252	Ngưng Mạch Chi Bạch Mã Tây Phong Phiến	Quạt	52	giao dịch được	凝脉之白马西风扇
10434253	Ngưng Mạch Chi Bạch Mã Tây Phong Phiến	Quạt	53	giao dịch được	凝脉之白马西风扇
10434254	Ngưng Mạch Chi Bạch Mã Tây Phong Phiến	Quạt	54	giao dịch được	凝脉之白马西风扇
10434255	Ngưng Mạch Chi Bạch Mã Tây Phong Phiến	Quạt	55	giao dịch được	凝脉之白马西风扇
10434256	Ngưng Mạch Chi Bạch Mã Tây Phong Phiến	Quạt	56	giao dịch được	凝脉之白马西风扇
10434257	Ngưng Mạch Chi Bạch Mã Tây Phong Phiến	Quạt	57	giao dịch được	凝脉之白马西风扇
10434258	Ngưng Mạch Chi Bạch Mã Tây Phong Phiến	Quạt	58	giao dịch được	凝脉之白马西风扇
10434259	Ngưng Mạch Chi Bạch Mã Tây Phong Phiến	Quạt	59	giao dịch được	凝脉之白马西风扇
10434260	Ngưng Mạch Chi Bạch Mã Tây Phong Phiến	Quạt	60	giao dịch được	凝脉之白马西风扇
10434261	Ngưng Mạch Chi Bích Lân Dã Hoả Phiến	Quạt	61	giao dịch được	凝脉之碧磷野火扇
10434262	Ngưng Mạch Chi Bích Lân Dã Hoả Phiến	Quạt	62	giao dịch được	凝脉之碧磷野火扇
10434263	Ngưng Mạch Chi Bích Lân Dã Hoả Phiến	Quạt	63	giao dịch được	凝脉之碧磷野火扇
10434264	Ngưng Mạch Chi Bích Lân Dã Hoả Phiến	Quạt	64	giao dịch được	凝脉之碧磷野火扇
10434265	Ngưng Mạch Chi Bích Lân Dã Hoả Phiến	Quạt	65	giao dịch được	凝脉之碧磷野火扇
10434266	Ngưng Mạch Chi Bích Lân Dã Hoả Phiến	Quạt	66	giao dịch được	凝脉之碧磷野火扇
10434267	Ngưng Mạch Chi Bích Lân Dã Hoả Phiến	Quạt	67	giao dịch được	凝脉之碧磷野火扇
10434268	Ngưng Mạch Chi Bích Lân Dã Hoả Phiến	Quạt	68	giao dịch được	凝脉之碧磷野火扇
10434269	Ngưng Mạch Chi Bích Lân Dã Hoả Phiến	Quạt	69	giao dịch được	凝脉之碧磷野火扇
10434270	Ngưng Mạch Chi Bích Lân Dã Hoả Phiến	Quạt	70	giao dịch được	凝脉之碧磷野火扇
10434271	Ngưng Mạch Chi Cắt Tu Khí Bào Phiến	Quạt	71	giao dịch được	凝脉之割须弃袍扇
10434272	Ngưng Mạch Chi Cắt Tu Khí Bào Phiến	Quạt	72	giao dịch được	凝脉之割须弃袍扇
10434273	Ngưng Mạch Chi Cắt Tu Khí Bào Phiến	Quạt	73	giao dịch được	凝脉之割须弃袍扇
10434274	Ngưng Mạch Chi Cắt Tu Khí Bào Phiến	Quạt	74	giao dịch được	凝脉之割须弃袍扇
10434275	Ngưng Mạch Chi Cắt Tu Khí Bào Phiến	Quạt	75	giao dịch được	凝脉之割须弃袍扇
10434276	Ngưng Mạch Chi Cắt Tu Khí Bào Phiến	Quạt	76	giao dịch được	凝脉之割须弃袍扇
10434277	Ngưng Mạch Chi Cắt Tu Khí Bào Phiến	Quạt	77	giao dịch được	凝脉之割须弃袍扇
10434278	Ngưng Mạch Chi Cắt Tu Khí Bào Phiến	Quạt	78	giao dịch được	凝脉之割须弃袍扇
10434279	Ngưng Mạch Chi Cắt Tu Khí Bào Phiến	Quạt	79	giao dịch được	凝脉之割须弃袍扇
10434280	Ngưng Mạch Chi Cắt Tu Khí Bào Phiến	Quạt	80	giao dịch được	凝脉之割须弃袍扇
10434281	Ngưng Mạch Chi Đốc Kháng Đồ Cùng Phiến	Quạt	81	giao dịch được	凝脉之督亢图穷扇
10434282	Ngưng Mạch Chi Đốc Kháng Đồ Cùng Phiến	Quạt	82	giao dịch được	凝脉之督亢图穷扇
10434283	Ngưng Mạch Chi Đốc Kháng Đồ Cùng Phiến	Quạt	83	giao dịch được	凝脉之督亢图穷扇
10434284	Ngưng Mạch Chi Đốc Kháng Đồ Cùng Phiến	Quạt	84	giao dịch được	凝脉之督亢图穷扇
10434285	Ngưng Mạch Chi Đốc Kháng Đồ Cùng Phiến	Quạt	85	giao dịch được	凝脉之督亢图穷扇
10434286	Ngưng Mạch Chi Đốc Kháng Đồ Cùng Phiến	Quạt	86	giao dịch được	凝脉之督亢图穷扇
10434287	Ngưng Mạch Chi Đốc Kháng Đồ Cùng Phiến	Quạt	87	giao dịch được	凝脉之督亢图穷扇
10434288	Ngưng Mạch Chi Đốc Kháng Đồ Cùng Phiến	Quạt	88	giao dịch được	凝脉之督亢图穷扇
10434289	Ngưng Mạch Chi Đốc Kháng Đồ Cùng Phiến	Quạt	89	giao dịch được	凝脉之督亢图穷扇
10434290	Ngưng Mạch Chi Đốc Kháng Đồ Cùng Phiến	Quạt	90	giao dịch được	凝脉之督亢图穷扇
10434291	Ngưng Mạch Chi Mạt Lộ	Quạt	91	giao dịch được	凝脉之末路
10434292	Ngưng Mạch Chi Mạt Lộ	Quạt	92	giao dịch được	凝脉之末路
10434293	Ngưng Mạch Chi Mạt Lộ	Quạt	93	giao dịch được	凝脉之末路
10434294	Ngưng Mạch Chi Mạt Lộ	Quạt	94	giao dịch được	凝脉之末路
10434295	Ngưng Mạch Chi Mạt Lộ	Quạt	95	giao dịch được	凝脉之末路
10434296	Ngưng Mạch Chi Mạt Lộ	Quạt	96	giao dịch được	凝脉之末路
10434297	Ngưng Mạch Chi Mạt Lộ	Quạt	97	giao dịch được	凝脉之末路
10434298	Ngưng Mạch Chi Mạt Lộ	Quạt	98	giao dịch được	凝脉之末路
10434299	Ngưng Mạch Chi Mạt Lộ	Quạt	99	giao dịch được	凝脉之末路
10434300	Ngưng Mạch Chi Mạt Lộ	Quạt	100	giao dịch được	凝脉之末路
10434301	(chưa dùng)	Quạt	81	giao dịch được	未使用
10434302	(chưa dùng)	Quạt	82	giao dịch được	未使用
10434303	(chưa dùng)	Quạt	83	giao dịch được	未使用
10434304	(chưa dùng)	Quạt	84	giao dịch được	未使用
10434305	(chưa dùng)	Quạt	85	giao dịch được	未使用
10434306	(chưa dùng)	Quạt	86	giao dịch được	未使用
10434307	(chưa dùng)	Quạt	87	giao dịch được	未使用
10434308	(chưa dùng)	Quạt	88	giao dịch được	未使用
10434309	(chưa dùng)	Quạt	89	giao dịch được	未使用
10434310	(chưa dùng)	Quạt	90	giao dịch được	未使用
10434311	(chưa dùng)	Quạt	81	giao dịch được	未使用
10434312	(chưa dùng)	Quạt	82	giao dịch được	未使用
10434313	(chưa dùng)	Quạt	83	giao dịch được	未使用
10434314	(chưa dùng)	Quạt	84	giao dịch được	未使用
10434315	(chưa dùng)	Quạt	85	giao dịch được	未使用
10434316	(chưa dùng)	Quạt	86	giao dịch được	未使用
10434317	(chưa dùng)	Quạt	87	giao dịch được	未使用
10434318	(chưa dùng)	Quạt	88	giao dịch được	未使用
10434319	(chưa dùng)	Quạt	89	giao dịch được	未使用
10434320	(chưa dùng)	Quạt	90	giao dịch được	未使用
10434321	(chưa dùng)	Quạt	81	giao dịch được	未使用
10434322	(chưa dùng)	Quạt	82	giao dịch được	未使用
10434323	(chưa dùng)	Quạt	83	giao dịch được	未使用
10434324	(chưa dùng)	Quạt	84	giao dịch được	未使用
10434325	(chưa dùng)	Quạt	85	giao dịch được	未使用
10434326	(chưa dùng)	Quạt	86	giao dịch được	未使用
10434327	(chưa dùng)	Quạt	87	giao dịch được	未使用
10434328	(chưa dùng)	Quạt	88	giao dịch được	未使用
10434329	(chưa dùng)	Quạt	89	giao dịch được	未使用
10434330	(chưa dùng)	Quạt	90	giao dịch được	未使用
10434331	(chưa dùng)	Quạt	81	giao dịch được	未使用
10434332	(chưa dùng)	Quạt	82	giao dịch được	未使用
10434333	(chưa dùng)	Quạt	83	giao dịch được	未使用
10434334	(chưa dùng)	Quạt	84	giao dịch được	未使用
10434335	(chưa dùng)	Quạt	85	giao dịch được	未使用
10434336	(chưa dùng)	Quạt	86	giao dịch được	未使用
10434337	(chưa dùng)	Quạt	87	giao dịch được	未使用
10434338	(chưa dùng)	Quạt	88	giao dịch được	未使用
10434339	(chưa dùng)	Quạt	89	giao dịch được	未使用
10434340	(chưa dùng)	Quạt	90	giao dịch được	未使用
10434341	(chưa dùng)	Quạt	81	giao dịch được	未使用
10434342	(chưa dùng)	Quạt	82	giao dịch được	未使用
10434343	(chưa dùng)	Quạt	83	giao dịch được	未使用
10434344	(chưa dùng)	Quạt	84	giao dịch được	未使用
10434345	(chưa dùng)	Quạt	85	giao dịch được	未使用
10434346	(chưa dùng)	Quạt	86	giao dịch được	未使用
10434347	(chưa dùng)	Quạt	87	giao dịch được	未使用
10434348	(chưa dùng)	Quạt	88	giao dịch được	未使用
10434349	(chưa dùng)	Quạt	89	giao dịch được	未使用
10434350	(chưa dùng)	Quạt	90	giao dịch được	未使用
10434351	(chưa dùng)	Quạt	91	giao dịch được	未使用
10434352	(chưa dùng)	Quạt	92	giao dịch được	未使用
10434353	(chưa dùng)	Quạt	93	giao dịch được	未使用
10434354	(chưa dùng)	Quạt	94	giao dịch được	未使用
10434355	(chưa dùng)	Quạt	95	giao dịch được	未使用
10434356	(chưa dùng)	Quạt	96	giao dịch được	未使用
10434357	(chưa dùng)	Quạt	97	giao dịch được	未使用
10434358	(chưa dùng)	Quạt	98	giao dịch được	未使用
10434359	(chưa dùng)	Quạt	99	giao dịch được	未使用
10434360	(chưa dùng)	Quạt	100	giao dịch được	未使用
10434361	(chưa dùng)	Quạt	91	giao dịch được	未使用
10434362	(chưa dùng)	Quạt	92	giao dịch được	未使用
10434363	(chưa dùng)	Quạt	93	giao dịch được	未使用
10434364	(chưa dùng)	Quạt	94	giao dịch được	未使用
10434365	(chưa dùng)	Quạt	95	giao dịch được	未使用
10434366	(chưa dùng)	Quạt	96	giao dịch được	未使用
10434367	(chưa dùng)	Quạt	97	giao dịch được	未使用
10434368	(chưa dùng)	Quạt	98	giao dịch được	未使用
10434369	(chưa dùng)	Quạt	99	giao dịch được	未使用
10434370	(chưa dùng)	Quạt	100	giao dịch được	未使用
10434371	(chưa dùng)	Quạt	91	giao dịch được	未使用
10434372	(chưa dùng)	Quạt	92	giao dịch được	未使用
10434373	(chưa dùng)	Quạt	93	giao dịch được	未使用
10434374	(chưa dùng)	Quạt	94	giao dịch được	未使用
10434375	(chưa dùng)	Quạt	95	giao dịch được	未使用
10434376	(chưa dùng)	Quạt	96	giao dịch được	未使用
10434377	(chưa dùng)	Quạt	97	giao dịch được	未使用
10434378	(chưa dùng)	Quạt	98	giao dịch được	未使用
10434379	(chưa dùng)	Quạt	99	giao dịch được	未使用
10434380	(chưa dùng)	Quạt	100	giao dịch được	未使用
10434381	(chưa dùng)	Quạt	91	giao dịch được	未使用
10434382	(chưa dùng)	Quạt	92	giao dịch được	未使用
10434383	(chưa dùng)	Quạt	93	giao dịch được	未使用
10434384	(chưa dùng)	Quạt	94	giao dịch được	未使用
10434385	(chưa dùng)	Quạt	95	giao dịch được	未使用
10434386	(chưa dùng)	Quạt	96	giao dịch được	未使用
10434387	(chưa dùng)	Quạt	97	giao dịch được	未使用
10434388	(chưa dùng)	Quạt	98	giao dịch được	未使用
10434389	(chưa dùng)	Quạt	99	giao dịch được	未使用
10434390	(chưa dùng)	Quạt	100	giao dịch được	未使用
10434391	(chưa dùng)	Quạt	91	giao dịch được	未使用
10434392	(chưa dùng)	Quạt	92	giao dịch được	未使用
10434393	(chưa dùng)	Quạt	93	giao dịch được	未使用
10434394	(chưa dùng)	Quạt	94	giao dịch được	未使用
10434395	(chưa dùng)	Quạt	95	giao dịch được	未使用
10434396	(chưa dùng)	Quạt	96	giao dịch được	未使用
10434397	(chưa dùng)	Quạt	97	giao dịch được	未使用
10434398	(chưa dùng)	Quạt	98	giao dịch được	未使用
10434399	(chưa dùng)	Quạt	99	giao dịch được	未使用
10434400	(chưa dùng)	Quạt	100	giao dịch được	未使用
10435001	Vô Tướng Chi Bạch Ngân Lục Thiết Hoàn	Hoàn	1	giao dịch được	无相之白银绿铁环
10435002	Vô Tướng Chi Bạch Ngân Lục Thiết Hoàn	Hoàn	2	giao dịch được	无相之白银绿铁环
10435003	Vô Tướng Chi Bạch Ngân Lục Thiết Hoàn	Hoàn	3	giao dịch được	无相之白银绿铁环
10435004	Vô Tướng Chi Bạch Ngân Lục Thiết Hoàn	Hoàn	4	giao dịch được	无相之白银绿铁环
10435005	Vô Tướng Chi Bạch Ngân Lục Thiết Hoàn	Hoàn	5	giao dịch được	无相之白银绿铁环
10435006	Vô Tướng Chi Bạch Ngân Lục Thiết Hoàn	Hoàn	6	giao dịch được	无相之白银绿铁环
10435007	Vô Tướng Chi Bạch Ngân Lục Thiết Hoàn	Hoàn	7	giao dịch được	无相之白银绿铁环
10435008	Vô Tướng Chi Bạch Ngân Lục Thiết Hoàn	Hoàn	8	giao dịch được	无相之白银绿铁环
10435009	Vô Tướng Chi Bạch Ngân Lục Thiết Hoàn	Hoàn	9	giao dịch được	无相之白银绿铁环
10435010	Vô Tướng Chi Bạch Ngân Lục Thiết Hoàn	Hoàn	10	giao dịch được	无相之白银绿铁环
10435011	Vô Tướng Chi Liệt Hoả Thối Kim Hoàn	Hoàn	11	giao dịch được	无相之烈火淬金环
10435012	Vô Tướng Chi Liệt Hoả Thối Kim Hoàn	Hoàn	12	giao dịch được	无相之烈火淬金环
10435013	Vô Tướng Chi Liệt Hoả Thối Kim Hoàn	Hoàn	13	giao dịch được	无相之烈火淬金环
10435014	Vô Tướng Chi Liệt Hoả Thối Kim Hoàn	Hoàn	14	giao dịch được	无相之烈火淬金环
10435015	Vô Tướng Chi Liệt Hoả Thối Kim Hoàn	Hoàn	15	giao dịch được	无相之烈火淬金环
10435016	Vô Tướng Chi Liệt Hoả Thối Kim Hoàn	Hoàn	16	giao dịch được	无相之烈火淬金环
10435017	Vô Tướng Chi Liệt Hoả Thối Kim Hoàn	Hoàn	17	giao dịch được	无相之烈火淬金环
10435018	Vô Tướng Chi Liệt Hoả Thối Kim Hoàn	Hoàn	18	giao dịch được	无相之烈火淬金环
10435019	Vô Tướng Chi Liệt Hoả Thối Kim Hoàn	Hoàn	19	giao dịch được	无相之烈火淬金环
10435020	Vô Tướng Chi Liệt Hoả Thối Kim Hoàn	Hoàn	20	giao dịch được	无相之烈火淬金环
10435021	Vô Tướng Chi Thái Ất Âm Dương Hoàn	Hoàn	21	giao dịch được	无相之太乙阴阳环
10435022	Vô Tướng Chi Thái Ất Âm Dương Hoàn	Hoàn	22	giao dịch được	无相之太乙阴阳环
10435023	Vô Tướng Chi Thái Ất Âm Dương Hoàn	Hoàn	23	giao dịch được	无相之太乙阴阳环
10435024	Vô Tướng Chi Thái Ất Âm Dương Hoàn	Hoàn	24	giao dịch được	无相之太乙阴阳环
10435025	Vô Tướng Chi Thái Ất Âm Dương Hoàn	Hoàn	25	giao dịch được	无相之太乙阴阳环
10435026	Vô Tướng Chi Thái Ất Âm Dương Hoàn	Hoàn	26	giao dịch được	无相之太乙阴阳环
10435027	Vô Tướng Chi Thái Ất Âm Dương Hoàn	Hoàn	27	giao dịch được	无相之太乙阴阳环
10435028	Vô Tướng Chi Thái Ất Âm Dương Hoàn	Hoàn	28	giao dịch được	无相之太乙阴阳环
10435029	Vô Tướng Chi Thái Ất Âm Dương Hoàn	Hoàn	29	giao dịch được	无相之太乙阴阳环
10435030	Vô Tướng Chi Thái Ất Âm Dương Hoàn	Hoàn	30	giao dịch được	无相之太乙阴阳环
10435031	Vô Tướng Chi Chẩm Sương Tẩm Lộ Hoàn	Hoàn	31	giao dịch được	无相之枕霜寝露环
10435032	Vô Tướng Chi Chẩm Sương Tẩm Lộ Hoàn	Hoàn	32	giao dịch được	无相之枕霜寝露环
10435033	Vô Tướng Chi Chẩm Sương Tẩm Lộ Hoàn	Hoàn	33	giao dịch được	无相之枕霜寝露环
10435034	Vô Tướng Chi Chẩm Sương Tẩm Lộ Hoàn	Hoàn	34	giao dịch được	无相之枕霜寝露环
10435035	Vô Tướng Chi Chẩm Sương Tẩm Lộ Hoàn	Hoàn	35	giao dịch được	无相之枕霜寝露环
10435036	Vô Tướng Chi Chẩm Sương Tẩm Lộ Hoàn	Hoàn	36	giao dịch được	无相之枕霜寝露环
10435037	Vô Tướng Chi Chẩm Sương Tẩm Lộ Hoàn	Hoàn	37	giao dịch được	无相之枕霜寝露环
10435038	Vô Tướng Chi Chẩm Sương Tẩm Lộ Hoàn	Hoàn	38	giao dịch được	无相之枕霜寝露环
10435039	Vô Tướng Chi Chẩm Sương Tẩm Lộ Hoàn	Hoàn	39	giao dịch được	无相之枕霜寝露环
10435040	Vô Tướng Chi Chẩm Sương Tẩm Lộ Hoàn	Hoàn	40	giao dịch được	无相之枕霜寝露环
10435041	Vô Tướng Chi Liệt Nhật Phong Nhận Hoàn	Hoàn	41	giao dịch được	无相之烈日锋刃环
10435042	Vô Tướng Chi Liệt Nhật Phong Nhận Hoàn	Hoàn	42	giao dịch được	无相之烈日锋刃环
10435043	Vô Tướng Chi Liệt Nhật Phong Nhận Hoàn	Hoàn	43	giao dịch được	无相之烈日锋刃环
10435044	Vô Tướng Chi Liệt Nhật Phong Nhận Hoàn	Hoàn	44	giao dịch được	无相之烈日锋刃环
10435045	Vô Tướng Chi Liệt Nhật Phong Nhận Hoàn	Hoàn	45	giao dịch được	无相之烈日锋刃环
10435046	Vô Tướng Chi Liệt Nhật Phong Nhận Hoàn	Hoàn	46	giao dịch được	无相之烈日锋刃环
10435047	Vô Tướng Chi Liệt Nhật Phong Nhận Hoàn	Hoàn	47	giao dịch được	无相之烈日锋刃环
10435048	Vô Tướng Chi Liệt Nhật Phong Nhận Hoàn	Hoàn	48	giao dịch được	无相之烈日锋刃环
10435049	Vô Tướng Chi Liệt Nhật Phong Nhận Hoàn	Hoàn	49	giao dịch được	无相之烈日锋刃环
10435050	Vô Tướng Chi Liệt Nhật Phong Nhận Hoàn	Hoàn	50	giao dịch được	无相之烈日锋刃环
10435051	Vô Tướng Chi Đông Sơn Ca Tửu Hoàn	Hoàn	51	giao dịch được	无相之东山歌酒环
10435052	Vô Tướng Chi Đông Sơn Ca Tửu Hoàn	Hoàn	52	giao dịch được	无相之东山歌酒环
10435053	Vô Tướng Chi Đông Sơn Ca Tửu Hoàn	Hoàn	53	giao dịch được	无相之东山歌酒环
10435054	Vô Tướng Chi Đông Sơn Ca Tửu Hoàn	Hoàn	54	giao dịch được	无相之东山歌酒环
10435055	Vô Tướng Chi Đông Sơn Ca Tửu Hoàn	Hoàn	55	giao dịch được	无相之东山歌酒环
10435056	Vô Tướng Chi Đông Sơn Ca Tửu Hoàn	Hoàn	56	giao dịch được	无相之东山歌酒环
10435057	Vô Tướng Chi Đông Sơn Ca Tửu Hoàn	Hoàn	57	giao dịch được	无相之东山歌酒环
10435058	Vô Tướng Chi Đông Sơn Ca Tửu Hoàn	Hoàn	58	giao dịch được	无相之东山歌酒环
10435059	Vô Tướng Chi Đông Sơn Ca Tửu Hoàn	Hoàn	59	giao dịch được	无相之东山歌酒环
10435060	Vô Tướng Chi Đông Sơn Ca Tửu Hoàn	Hoàn	60	giao dịch được	无相之东山歌酒环
10435061	Vô Tướng Chi Hỗn Nguyên Vô Cực Khuyên	Hoàn	61	giao dịch được	无相之混元无极圈
10435062	Vô Tướng Chi Hỗn Nguyên Vô Cực Khuyên	Hoàn	62	giao dịch được	无相之混元无极圈
10435063	Vô Tướng Chi Hỗn Nguyên Vô Cực Khuyên	Hoàn	63	giao dịch được	无相之混元无极圈
10435064	Vô Tướng Chi Hỗn Nguyên Vô Cực Khuyên	Hoàn	64	giao dịch được	无相之混元无极圈
10435065	Vô Tướng Chi Hỗn Nguyên Vô Cực Khuyên	Hoàn	65	giao dịch được	无相之混元无极圈
10435066	Vô Tướng Chi Hỗn Nguyên Vô Cực Khuyên	Hoàn	66	giao dịch được	无相之混元无极圈
10435067	Vô Tướng Chi Hỗn Nguyên Vô Cực Khuyên	Hoàn	67	giao dịch được	无相之混元无极圈
10435068	Vô Tướng Chi Hỗn Nguyên Vô Cực Khuyên	Hoàn	68	giao dịch được	无相之混元无极圈
10435069	Vô Tướng Chi Hỗn Nguyên Vô Cực Khuyên	Hoàn	69	giao dịch được	无相之混元无极圈
10435070	Vô Tướng Chi Hỗn Nguyên Vô Cực Khuyên	Hoàn	70	giao dịch được	无相之混元无极圈
10435071	Vô Tướng Chi Tuệ Tinh Tập Nguyệt Luân	Hoàn	71	giao dịch được	无相之彗星袭月轮
10435072	Vô Tướng Chi Tuệ Tinh Tập Nguyệt Luân	Hoàn	72	giao dịch được	无相之彗星袭月轮
10435073	Vô Tướng Chi Tuệ Tinh Tập Nguyệt Luân	Hoàn	73	giao dịch được	无相之彗星袭月轮
10435074	Vô Tướng Chi Tuệ Tinh Tập Nguyệt Luân	Hoàn	74	giao dịch được	无相之彗星袭月轮
10435075	Vô Tướng Chi Tuệ Tinh Tập Nguyệt Luân	Hoàn	75	giao dịch được	无相之彗星袭月轮
10435076	Vô Tướng Chi Tuệ Tinh Tập Nguyệt Luân	Hoàn	76	giao dịch được	无相之彗星袭月轮
10435077	Vô Tướng Chi Tuệ Tinh Tập Nguyệt Luân	Hoàn	77	giao dịch được	无相之彗星袭月轮
10435078	Vô Tướng Chi Tuệ Tinh Tập Nguyệt Luân	Hoàn	78	giao dịch được	无相之彗星袭月轮
10435079	Vô Tướng Chi Tuệ Tinh Tập Nguyệt Luân	Hoàn	79	giao dịch được	无相之彗星袭月轮
10435080	Vô Tướng Chi Tuệ Tinh Tập Nguyệt Luân	Hoàn	80	giao dịch được	无相之彗星袭月轮
10435081	Vô Tướng Chi Quốc Sĩ Vô Song Luân	Hoàn	81	giao dịch được	无相之国士无双轮
10435082	Vô Tướng Chi Quốc Sĩ Vô Song Luân	Hoàn	82	giao dịch được	无相之国士无双轮
10435083	Vô Tướng Chi Quốc Sĩ Vô Song Luân	Hoàn	83	giao dịch được	无相之国士无双轮
10435084	Vô Tướng Chi Quốc Sĩ Vô Song Luân	Hoàn	84	giao dịch được	无相之国士无双轮
10435085	Vô Tướng Chi Quốc Sĩ Vô Song Luân	Hoàn	85	giao dịch được	无相之国士无双轮
10435086	Vô Tướng Chi Quốc Sĩ Vô Song Luân	Hoàn	86	giao dịch được	无相之国士无双轮
10435087	Vô Tướng Chi Quốc Sĩ Vô Song Luân	Hoàn	87	giao dịch được	无相之国士无双轮
10435088	Vô Tướng Chi Quốc Sĩ Vô Song Luân	Hoàn	88	giao dịch được	无相之国士无双轮
10435089	Vô Tướng Chi Quốc Sĩ Vô Song Luân	Hoàn	89	giao dịch được	无相之国士无双轮
10435090	Vô Tướng Chi Quốc Sĩ Vô Song Luân	Hoàn	90	giao dịch được	无相之国士无双轮
10435091	Vô Tướng Chi Hoàng Tuyền	Hoàn	91	giao dịch được	无相之黄泉
10435092	Vô Tướng Chi Hoàng Tuyền	Hoàn	92	giao dịch được	无相之黄泉
10435093	Vô Tướng Chi Hoàng Tuyền	Hoàn	93	giao dịch được	无相之黄泉
10435094	Vô Tướng Chi Hoàng Tuyền	Hoàn	94	giao dịch được	无相之黄泉
10435095	Vô Tướng Chi Hoàng Tuyền	Hoàn	95	giao dịch được	无相之黄泉
10435096	Vô Tướng Chi Hoàng Tuyền	Hoàn	96	giao dịch được	无相之黄泉
10435097	Vô Tướng Chi Hoàng Tuyền	Hoàn	97	giao dịch được	无相之黄泉
10435098	Vô Tướng Chi Hoàng Tuyền	Hoàn	98	giao dịch được	无相之黄泉
10435099	Vô Tướng Chi Hoàng Tuyền	Hoàn	99	giao dịch được	无相之黄泉
10435100	Vô Tướng Chi Hoàng Tuyền	Hoàn	100	giao dịch được	无相之黄泉
10435101	Bắc Minh Chi Bạch Ngân Lục Thiết Hoàn	Hoàn	1	giao dịch được	北冥之白银绿铁环
10435102	Bắc Minh Chi Bạch Ngân Lục Thiết Hoàn	Hoàn	2	giao dịch được	北冥之白银绿铁环
10435103	Bắc Minh Chi Bạch Ngân Lục Thiết Hoàn	Hoàn	3	giao dịch được	北冥之白银绿铁环
10435104	Bắc Minh Chi Bạch Ngân Lục Thiết Hoàn	Hoàn	4	giao dịch được	北冥之白银绿铁环
10435105	Bắc Minh Chi Bạch Ngân Lục Thiết Hoàn	Hoàn	5	giao dịch được	北冥之白银绿铁环
10435106	Bắc Minh Chi Bạch Ngân Lục Thiết Hoàn	Hoàn	6	giao dịch được	北冥之白银绿铁环
10435107	Bắc Minh Chi Bạch Ngân Lục Thiết Hoàn	Hoàn	7	giao dịch được	北冥之白银绿铁环
10435108	Bắc Minh Chi Bạch Ngân Lục Thiết Hoàn	Hoàn	8	giao dịch được	北冥之白银绿铁环
10435109	Bắc Minh Chi Bạch Ngân Lục Thiết Hoàn	Hoàn	9	giao dịch được	北冥之白银绿铁环
10435110	Bắc Minh Chi Bạch Ngân Lục Thiết Hoàn	Hoàn	10	giao dịch được	北冥之白银绿铁环
10435111	Bắc Minh Chi Liệt Hoả Thối Kim Hoàn	Hoàn	11	giao dịch được	北冥之烈火淬金环
10435112	Bắc Minh Chi Liệt Hoả Thối Kim Hoàn	Hoàn	12	giao dịch được	北冥之烈火淬金环
10435113	Bắc Minh Chi Liệt Hoả Thối Kim Hoàn	Hoàn	13	giao dịch được	北冥之烈火淬金环
10435114	Bắc Minh Chi Liệt Hoả Thối Kim Hoàn	Hoàn	14	giao dịch được	北冥之烈火淬金环
10435115	Bắc Minh Chi Liệt Hoả Thối Kim Hoàn	Hoàn	15	giao dịch được	北冥之烈火淬金环
10435116	Bắc Minh Chi Liệt Hoả Thối Kim Hoàn	Hoàn	16	giao dịch được	北冥之烈火淬金环
10435117	Bắc Minh Chi Liệt Hoả Thối Kim Hoàn	Hoàn	17	giao dịch được	北冥之烈火淬金环
10435118	Bắc Minh Chi Liệt Hoả Thối Kim Hoàn	Hoàn	18	giao dịch được	北冥之烈火淬金环
10435119	Bắc Minh Chi Liệt Hoả Thối Kim Hoàn	Hoàn	19	giao dịch được	北冥之烈火淬金环
10435120	Bắc Minh Chi Liệt Hoả Thối Kim Hoàn	Hoàn	20	giao dịch được	北冥之烈火淬金环
10435121	Bắc Minh Chi Thái Ất Âm Dương Hoàn	Hoàn	21	giao dịch được	北冥之太乙阴阳环
10435122	Bắc Minh Chi Thái Ất Âm Dương Hoàn	Hoàn	22	giao dịch được	北冥之太乙阴阳环
10435123	Bắc Minh Chi Thái Ất Âm Dương Hoàn	Hoàn	23	giao dịch được	北冥之太乙阴阳环
10435124	Bắc Minh Chi Thái Ất Âm Dương Hoàn	Hoàn	24	giao dịch được	北冥之太乙阴阳环
10435125	Bắc Minh Chi Thái Ất Âm Dương Hoàn	Hoàn	25	giao dịch được	北冥之太乙阴阳环
10435126	Bắc Minh Chi Thái Ất Âm Dương Hoàn	Hoàn	26	giao dịch được	北冥之太乙阴阳环
10435127	Bắc Minh Chi Thái Ất Âm Dương Hoàn	Hoàn	27	giao dịch được	北冥之太乙阴阳环
10435128	Bắc Minh Chi Thái Ất Âm Dương Hoàn	Hoàn	28	giao dịch được	北冥之太乙阴阳环
10435129	Bắc Minh Chi Thái Ất Âm Dương Hoàn	Hoàn	29	giao dịch được	北冥之太乙阴阳环
10435130	Bắc Minh Chi Thái Ất Âm Dương Hoàn	Hoàn	30	giao dịch được	北冥之太乙阴阳环
10435131	Bắc Minh Chi Chẩm Sương Tẩm Lộ Hoàn	Hoàn	31	giao dịch được	北冥之枕霜寝露环
10435132	Bắc Minh Chi Chẩm Sương Tẩm Lộ Hoàn	Hoàn	32	giao dịch được	北冥之枕霜寝露环
10435133	Bắc Minh Chi Chẩm Sương Tẩm Lộ Hoàn	Hoàn	33	giao dịch được	北冥之枕霜寝露环
10435134	Bắc Minh Chi Chẩm Sương Tẩm Lộ Hoàn	Hoàn	34	giao dịch được	北冥之枕霜寝露环
10435135	Bắc Minh Chi Chẩm Sương Tẩm Lộ Hoàn	Hoàn	35	giao dịch được	北冥之枕霜寝露环
10435136	Bắc Minh Chi Chẩm Sương Tẩm Lộ Hoàn	Hoàn	36	giao dịch được	北冥之枕霜寝露环
10435137	Bắc Minh Chi Chẩm Sương Tẩm Lộ Hoàn	Hoàn	37	giao dịch được	北冥之枕霜寝露环
10435138	Bắc Minh Chi Chẩm Sương Tẩm Lộ Hoàn	Hoàn	38	giao dịch được	北冥之枕霜寝露环
10435139	Bắc Minh Chi Chẩm Sương Tẩm Lộ Hoàn	Hoàn	39	giao dịch được	北冥之枕霜寝露环
10435140	Bắc Minh Chi Chẩm Sương Tẩm Lộ Hoàn	Hoàn	40	giao dịch được	北冥之枕霜寝露环
10435141	Bắc Minh Chi Liệt Nhật Phong Nhận Hoàn	Hoàn	41	giao dịch được	北冥之烈日锋刃环
10435142	Bắc Minh Chi Liệt Nhật Phong Nhận Hoàn	Hoàn	42	giao dịch được	北冥之烈日锋刃环
10435143	Bắc Minh Chi Liệt Nhật Phong Nhận Hoàn	Hoàn	43	giao dịch được	北冥之烈日锋刃环
10435144	Bắc Minh Chi Liệt Nhật Phong Nhận Hoàn	Hoàn	44	giao dịch được	北冥之烈日锋刃环
10435145	Bắc Minh Chi Liệt Nhật Phong Nhận Hoàn	Hoàn	45	giao dịch được	北冥之烈日锋刃环
10435146	Bắc Minh Chi Liệt Nhật Phong Nhận Hoàn	Hoàn	46	giao dịch được	北冥之烈日锋刃环
10435147	Bắc Minh Chi Liệt Nhật Phong Nhận Hoàn	Hoàn	47	giao dịch được	北冥之烈日锋刃环
10435148	Bắc Minh Chi Liệt Nhật Phong Nhận Hoàn	Hoàn	48	giao dịch được	北冥之烈日锋刃环
10435149	Bắc Minh Chi Liệt Nhật Phong Nhận Hoàn	Hoàn	49	giao dịch được	北冥之烈日锋刃环
10435150	Bắc Minh Chi Liệt Nhật Phong Nhận Hoàn	Hoàn	50	giao dịch được	北冥之烈日锋刃环
10435151	Bắc Minh Chi Đông Sơn Ca Tửu Hoàn	Hoàn	51	giao dịch được	北冥之东山歌酒环
10435152	Bắc Minh Chi Đông Sơn Ca Tửu Hoàn	Hoàn	52	giao dịch được	北冥之东山歌酒环
10435153	Bắc Minh Chi Đông Sơn Ca Tửu Hoàn	Hoàn	53	giao dịch được	北冥之东山歌酒环
10435154	Bắc Minh Chi Đông Sơn Ca Tửu Hoàn	Hoàn	54	giao dịch được	北冥之东山歌酒环
10435155	Bắc Minh Chi Đông Sơn Ca Tửu Hoàn	Hoàn	55	giao dịch được	北冥之东山歌酒环
10435156	Bắc Minh Chi Đông Sơn Ca Tửu Hoàn	Hoàn	56	giao dịch được	北冥之东山歌酒环
10435157	Bắc Minh Chi Đông Sơn Ca Tửu Hoàn	Hoàn	57	giao dịch được	北冥之东山歌酒环
10435158	Bắc Minh Chi Đông Sơn Ca Tửu Hoàn	Hoàn	58	giao dịch được	北冥之东山歌酒环
10435159	Bắc Minh Chi Đông Sơn Ca Tửu Hoàn	Hoàn	59	giao dịch được	北冥之东山歌酒环
10435160	Bắc Minh Chi Đông Sơn Ca Tửu Hoàn	Hoàn	60	giao dịch được	北冥之东山歌酒环
10435161	Bắc Minh Chi Hỗn Nguyên Vô Cực Khuyên	Hoàn	61	giao dịch được	北冥之混元无极圈
10435162	Bắc Minh Chi Hỗn Nguyên Vô Cực Khuyên	Hoàn	62	giao dịch được	北冥之混元无极圈
10435163	Bắc Minh Chi Hỗn Nguyên Vô Cực Khuyên	Hoàn	63	giao dịch được	北冥之混元无极圈
10435164	Bắc Minh Chi Hỗn Nguyên Vô Cực Khuyên	Hoàn	64	giao dịch được	北冥之混元无极圈
10435165	Bắc Minh Chi Hỗn Nguyên Vô Cực Khuyên	Hoàn	65	giao dịch được	北冥之混元无极圈
10435166	Bắc Minh Chi Hỗn Nguyên Vô Cực Khuyên	Hoàn	66	giao dịch được	北冥之混元无极圈
10435167	Bắc Minh Chi Hỗn Nguyên Vô Cực Khuyên	Hoàn	67	giao dịch được	北冥之混元无极圈
10435168	Bắc Minh Chi Hỗn Nguyên Vô Cực Khuyên	Hoàn	68	giao dịch được	北冥之混元无极圈
10435169	Bắc Minh Chi Hỗn Nguyên Vô Cực Khuyên	Hoàn	69	giao dịch được	北冥之混元无极圈
10435170	Bắc Minh Chi Hỗn Nguyên Vô Cực Khuyên	Hoàn	70	giao dịch được	北冥之混元无极圈
10435171	Bắc Minh Chi Tuệ Tinh Tập Nguyệt Luân	Hoàn	71	giao dịch được	北冥之彗星袭月轮
10435172	Bắc Minh Chi Tuệ Tinh Tập Nguyệt Luân	Hoàn	72	giao dịch được	北冥之彗星袭月轮
10435173	Bắc Minh Chi Tuệ Tinh Tập Nguyệt Luân	Hoàn	73	giao dịch được	北冥之彗星袭月轮
10435174	Bắc Minh Chi Tuệ Tinh Tập Nguyệt Luân	Hoàn	74	giao dịch được	北冥之彗星袭月轮
10435175	Bắc Minh Chi Tuệ Tinh Tập Nguyệt Luân	Hoàn	75	giao dịch được	北冥之彗星袭月轮
10435176	Bắc Minh Chi Tuệ Tinh Tập Nguyệt Luân	Hoàn	76	giao dịch được	北冥之彗星袭月轮
10435177	Bắc Minh Chi Tuệ Tinh Tập Nguyệt Luân	Hoàn	77	giao dịch được	北冥之彗星袭月轮
10435178	Bắc Minh Chi Tuệ Tinh Tập Nguyệt Luân	Hoàn	78	giao dịch được	北冥之彗星袭月轮
10435179	Bắc Minh Chi Tuệ Tinh Tập Nguyệt Luân	Hoàn	79	giao dịch được	北冥之彗星袭月轮
10435180	Bắc Minh Chi Tuệ Tinh Tập Nguyệt Luân	Hoàn	80	giao dịch được	北冥之彗星袭月轮
10435181	Bắc Minh Chi Quốc Sĩ Vô Song Luân	Hoàn	81	giao dịch được	北冥之国士无双轮
10435182	Bắc Minh Chi Quốc Sĩ Vô Song Luân	Hoàn	82	giao dịch được	北冥之国士无双轮
10435183	Bắc Minh Chi Quốc Sĩ Vô Song Luân	Hoàn	83	giao dịch được	北冥之国士无双轮
10435184	Bắc Minh Chi Quốc Sĩ Vô Song Luân	Hoàn	84	giao dịch được	北冥之国士无双轮
10435185	Bắc Minh Chi Quốc Sĩ Vô Song Luân	Hoàn	85	giao dịch được	北冥之国士无双轮
10435186	Bắc Minh Chi Quốc Sĩ Vô Song Luân	Hoàn	86	giao dịch được	北冥之国士无双轮
10435187	Bắc Minh Chi Quốc Sĩ Vô Song Luân	Hoàn	87	giao dịch được	北冥之国士无双轮
10435188	Bắc Minh Chi Quốc Sĩ Vô Song Luân	Hoàn	88	giao dịch được	北冥之国士无双轮
10435189	Bắc Minh Chi Quốc Sĩ Vô Song Luân	Hoàn	89	giao dịch được	北冥之国士无双轮
10435190	Bắc Minh Chi Quốc Sĩ Vô Song Luân	Hoàn	90	giao dịch được	北冥之国士无双轮
10435191	Bắc Minh Chi Hoàng Tuyền	Hoàn	91	giao dịch được	北冥之黄泉
10435192	Bắc Minh Chi Hoàng Tuyền	Hoàn	92	giao dịch được	北冥之黄泉
10435193	Bắc Minh Chi Hoàng Tuyền	Hoàn	93	giao dịch được	北冥之黄泉
10435194	Bắc Minh Chi Hoàng Tuyền	Hoàn	94	giao dịch được	北冥之黄泉
10435195	Bắc Minh Chi Hoàng Tuyền	Hoàn	95	giao dịch được	北冥之黄泉
10435196	Bắc Minh Chi Hoàng Tuyền	Hoàn	96	giao dịch được	北冥之黄泉
10435197	Bắc Minh Chi Hoàng Tuyền	Hoàn	97	giao dịch được	北冥之黄泉
10435198	Bắc Minh Chi Hoàng Tuyền	Hoàn	98	giao dịch được	北冥之黄泉
10435199	Bắc Minh Chi Hoàng Tuyền	Hoàn	99	giao dịch được	北冥之黄泉
10435200	Bắc Minh Chi Hoàng Tuyền	Hoàn	100	giao dịch được	北冥之黄泉
10435201	Ngưng Mạch Chi Bạch Ngân Lục Thiết Hoàn	Hoàn	1	giao dịch được	凝脉之白银绿铁环
10435202	Ngưng Mạch Chi Bạch Ngân Lục Thiết Hoàn	Hoàn	2	giao dịch được	凝脉之白银绿铁环
10435203	Ngưng Mạch Chi Bạch Ngân Lục Thiết Hoàn	Hoàn	3	giao dịch được	凝脉之白银绿铁环
10435204	Ngưng Mạch Chi Bạch Ngân Lục Thiết Hoàn	Hoàn	4	giao dịch được	凝脉之白银绿铁环
10435205	Ngưng Mạch Chi Bạch Ngân Lục Thiết Hoàn	Hoàn	5	giao dịch được	凝脉之白银绿铁环
10435206	Ngưng Mạch Chi Bạch Ngân Lục Thiết Hoàn	Hoàn	6	giao dịch được	凝脉之白银绿铁环
10435207	Ngưng Mạch Chi Bạch Ngân Lục Thiết Hoàn	Hoàn	7	giao dịch được	凝脉之白银绿铁环
10435208	Ngưng Mạch Chi Bạch Ngân Lục Thiết Hoàn	Hoàn	8	giao dịch được	凝脉之白银绿铁环
10435209	Ngưng Mạch Chi Bạch Ngân Lục Thiết Hoàn	Hoàn	9	giao dịch được	凝脉之白银绿铁环
10435210	Ngưng Mạch Chi Bạch Ngân Lục Thiết Hoàn	Hoàn	10	giao dịch được	凝脉之白银绿铁环
10435211	Ngưng Mạch Chi Liệt Hoả Thối Kim Hoàn	Hoàn	11	giao dịch được	凝脉之烈火淬金环
10435212	Ngưng Mạch Chi Liệt Hoả Thối Kim Hoàn	Hoàn	12	giao dịch được	凝脉之烈火淬金环
10435213	Ngưng Mạch Chi Liệt Hoả Thối Kim Hoàn	Hoàn	13	giao dịch được	凝脉之烈火淬金环
10435214	Ngưng Mạch Chi Liệt Hoả Thối Kim Hoàn	Hoàn	14	giao dịch được	凝脉之烈火淬金环
10435215	Ngưng Mạch Chi Liệt Hoả Thối Kim Hoàn	Hoàn	15	giao dịch được	凝脉之烈火淬金环
10435216	Ngưng Mạch Chi Liệt Hoả Thối Kim Hoàn	Hoàn	16	giao dịch được	凝脉之烈火淬金环
10435217	Ngưng Mạch Chi Liệt Hoả Thối Kim Hoàn	Hoàn	17	giao dịch được	凝脉之烈火淬金环
10435218	Ngưng Mạch Chi Liệt Hoả Thối Kim Hoàn	Hoàn	18	giao dịch được	凝脉之烈火淬金环
10435219	Ngưng Mạch Chi Liệt Hoả Thối Kim Hoàn	Hoàn	19	giao dịch được	凝脉之烈火淬金环
10435220	Ngưng Mạch Chi Liệt Hoả Thối Kim Hoàn	Hoàn	20	giao dịch được	凝脉之烈火淬金环
10435221	Ngưng Mạch Chi Thái Ất Âm Dương Hoàn	Hoàn	21	giao dịch được	凝脉之太乙阴阳环
10435222	Ngưng Mạch Chi Thái Ất Âm Dương Hoàn	Hoàn	22	giao dịch được	凝脉之太乙阴阳环
10435223	Ngưng Mạch Chi Thái Ất Âm Dương Hoàn	Hoàn	23	giao dịch được	凝脉之太乙阴阳环
10435224	Ngưng Mạch Chi Thái Ất Âm Dương Hoàn	Hoàn	24	giao dịch được	凝脉之太乙阴阳环
10435225	Ngưng Mạch Chi Thái Ất Âm Dương Hoàn	Hoàn	25	giao dịch được	凝脉之太乙阴阳环
10435226	Ngưng Mạch Chi Thái Ất Âm Dương Hoàn	Hoàn	26	giao dịch được	凝脉之太乙阴阳环
10435227	Ngưng Mạch Chi Thái Ất Âm Dương Hoàn	Hoàn	27	giao dịch được	凝脉之太乙阴阳环
10435228	Ngưng Mạch Chi Thái Ất Âm Dương Hoàn	Hoàn	28	giao dịch được	凝脉之太乙阴阳环
10435229	Ngưng Mạch Chi Thái Ất Âm Dương Hoàn	Hoàn	29	giao dịch được	凝脉之太乙阴阳环
10435230	Ngưng Mạch Chi Thái Ất Âm Dương Hoàn	Hoàn	30	giao dịch được	凝脉之太乙阴阳环
10435231	Ngưng Mạch Chi Chẩm Sương Tẩm Lộ Hoàn	Hoàn	31	giao dịch được	凝脉之枕霜寝露环
10435232	Ngưng Mạch Chi Chẩm Sương Tẩm Lộ Hoàn	Hoàn	32	giao dịch được	凝脉之枕霜寝露环
10435233	Ngưng Mạch Chi Chẩm Sương Tẩm Lộ Hoàn	Hoàn	33	giao dịch được	凝脉之枕霜寝露环
10435234	Ngưng Mạch Chi Chẩm Sương Tẩm Lộ Hoàn	Hoàn	34	giao dịch được	凝脉之枕霜寝露环
10435235	Ngưng Mạch Chi Chẩm Sương Tẩm Lộ Hoàn	Hoàn	35	giao dịch được	凝脉之枕霜寝露环
10435236	Ngưng Mạch Chi Chẩm Sương Tẩm Lộ Hoàn	Hoàn	36	giao dịch được	凝脉之枕霜寝露环
10435237	Ngưng Mạch Chi Chẩm Sương Tẩm Lộ Hoàn	Hoàn	37	giao dịch được	凝脉之枕霜寝露环
10435238	Ngưng Mạch Chi Chẩm Sương Tẩm Lộ Hoàn	Hoàn	38	giao dịch được	凝脉之枕霜寝露环
10435239	Ngưng Mạch Chi Chẩm Sương Tẩm Lộ Hoàn	Hoàn	39	giao dịch được	凝脉之枕霜寝露环
10435240	Ngưng Mạch Chi Chẩm Sương Tẩm Lộ Hoàn	Hoàn	40	giao dịch được	凝脉之枕霜寝露环
10435241	Ngưng Mạch Chi Liệt Nhật Phong Nhận Hoàn	Hoàn	41	giao dịch được	凝脉之烈日锋刃环
10435242	Ngưng Mạch Chi Liệt Nhật Phong Nhận Hoàn	Hoàn	42	giao dịch được	凝脉之烈日锋刃环
10435243	Ngưng Mạch Chi Liệt Nhật Phong Nhận Hoàn	Hoàn	43	giao dịch được	凝脉之烈日锋刃环
10435244	Ngưng Mạch Chi Liệt Nhật Phong Nhận Hoàn	Hoàn	44	giao dịch được	凝脉之烈日锋刃环
10435245	Ngưng Mạch Chi Liệt Nhật Phong Nhận Hoàn	Hoàn	45	giao dịch được	凝脉之烈日锋刃环
10435246	Ngưng Mạch Chi Liệt Nhật Phong Nhận Hoàn	Hoàn	46	giao dịch được	凝脉之烈日锋刃环
10435247	Ngưng Mạch Chi Liệt Nhật Phong Nhận Hoàn	Hoàn	47	giao dịch được	凝脉之烈日锋刃环
10435248	Ngưng Mạch Chi Liệt Nhật Phong Nhận Hoàn	Hoàn	48	giao dịch được	凝脉之烈日锋刃环
10435249	Ngưng Mạch Chi Liệt Nhật Phong Nhận Hoàn	Hoàn	49	giao dịch được	凝脉之烈日锋刃环
10435250	Ngưng Mạch Chi Liệt Nhật Phong Nhận Hoàn	Hoàn	50	giao dịch được	凝脉之烈日锋刃环
10435251	Ngưng Mạch Chi Đông Sơn Ca Tửu Hoàn	Hoàn	51	giao dịch được	凝脉之东山歌酒环
10435252	Ngưng Mạch Chi Đông Sơn Ca Tửu Hoàn	Hoàn	52	giao dịch được	凝脉之东山歌酒环
10435253	Ngưng Mạch Chi Đông Sơn Ca Tửu Hoàn	Hoàn	53	giao dịch được	凝脉之东山歌酒环
10435254	Ngưng Mạch Chi Đông Sơn Ca Tửu Hoàn	Hoàn	54	giao dịch được	凝脉之东山歌酒环
10435255	Ngưng Mạch Chi Đông Sơn Ca Tửu Hoàn	Hoàn	55	giao dịch được	凝脉之东山歌酒环
10435256	Ngưng Mạch Chi Đông Sơn Ca Tửu Hoàn	Hoàn	56	giao dịch được	凝脉之东山歌酒环
10435257	Ngưng Mạch Chi Đông Sơn Ca Tửu Hoàn	Hoàn	57	giao dịch được	凝脉之东山歌酒环
10435258	Ngưng Mạch Chi Đông Sơn Ca Tửu Hoàn	Hoàn	58	giao dịch được	凝脉之东山歌酒环
10435259	Ngưng Mạch Chi Đông Sơn Ca Tửu Hoàn	Hoàn	59	giao dịch được	凝脉之东山歌酒环
10435260	Ngưng Mạch Chi Đông Sơn Ca Tửu Hoàn	Hoàn	60	giao dịch được	凝脉之东山歌酒环
10435261	Ngưng Mạch Chi Hỗn Nguyên Vô Cực Khuyên	Hoàn	61	giao dịch được	凝脉之混元无极圈
10435262	Ngưng Mạch Chi Hỗn Nguyên Vô Cực Khuyên	Hoàn	62	giao dịch được	凝脉之混元无极圈
10435263	Ngưng Mạch Chi Hỗn Nguyên Vô Cực Khuyên	Hoàn	63	giao dịch được	凝脉之混元无极圈
10435264	Ngưng Mạch Chi Hỗn Nguyên Vô Cực Khuyên	Hoàn	64	giao dịch được	凝脉之混元无极圈
10435265	Ngưng Mạch Chi Hỗn Nguyên Vô Cực Khuyên	Hoàn	65	giao dịch được	凝脉之混元无极圈
10435266	Ngưng Mạch Chi Hỗn Nguyên Vô Cực Khuyên	Hoàn	66	giao dịch được	凝脉之混元无极圈
10435267	Ngưng Mạch Chi Hỗn Nguyên Vô Cực Khuyên	Hoàn	67	giao dịch được	凝脉之混元无极圈
10435268	Ngưng Mạch Chi Hỗn Nguyên Vô Cực Khuyên	Hoàn	68	giao dịch được	凝脉之混元无极圈
10435269	Ngưng Mạch Chi Hỗn Nguyên Vô Cực Khuyên	Hoàn	69	giao dịch được	凝脉之混元无极圈
10435270	Ngưng Mạch Chi Hỗn Nguyên Vô Cực Khuyên	Hoàn	70	giao dịch được	凝脉之混元无极圈
10435271	Ngưng Mạch Chi Tuệ Tinh Tập Nguyệt Luân	Hoàn	71	giao dịch được	凝脉之彗星袭月轮
10435272	Ngưng Mạch Chi Tuệ Tinh Tập Nguyệt Luân	Hoàn	72	giao dịch được	凝脉之彗星袭月轮
10435273	Ngưng Mạch Chi Tuệ Tinh Tập Nguyệt Luân	Hoàn	73	giao dịch được	凝脉之彗星袭月轮
10435274	Ngưng Mạch Chi Tuệ Tinh Tập Nguyệt Luân	Hoàn	74	giao dịch được	凝脉之彗星袭月轮
10435275	Ngưng Mạch Chi Tuệ Tinh Tập Nguyệt Luân	Hoàn	75	giao dịch được	凝脉之彗星袭月轮
10435276	Ngưng Mạch Chi Tuệ Tinh Tập Nguyệt Luân	Hoàn	76	giao dịch được	凝脉之彗星袭月轮
10435277	Ngưng Mạch Chi Tuệ Tinh Tập Nguyệt Luân	Hoàn	77	giao dịch được	凝脉之彗星袭月轮
10435278	Ngưng Mạch Chi Tuệ Tinh Tập Nguyệt Luân	Hoàn	78	giao dịch được	凝脉之彗星袭月轮
10435279	Ngưng Mạch Chi Tuệ Tinh Tập Nguyệt Luân	Hoàn	79	giao dịch được	凝脉之彗星袭月轮
10435280	Ngưng Mạch Chi Tuệ Tinh Tập Nguyệt Luân	Hoàn	80	giao dịch được	凝脉之彗星袭月轮
10435281	Ngưng Mạch Chi Quốc Sĩ Vô Song Luân	Hoàn	81	giao dịch được	凝脉之国士无双轮
10435282	Ngưng Mạch Chi Quốc Sĩ Vô Song Luân	Hoàn	82	giao dịch được	凝脉之国士无双轮
10435283	Ngưng Mạch Chi Quốc Sĩ Vô Song Luân	Hoàn	83	giao dịch được	凝脉之国士无双轮
10435284	Ngưng Mạch Chi Quốc Sĩ Vô Song Luân	Hoàn	84	giao dịch được	凝脉之国士无双轮
10435285	Ngưng Mạch Chi Quốc Sĩ Vô Song Luân	Hoàn	85	giao dịch được	凝脉之国士无双轮
10435286	Ngưng Mạch Chi Quốc Sĩ Vô Song Luân	Hoàn	86	giao dịch được	凝脉之国士无双轮
10435287	Ngưng Mạch Chi Quốc Sĩ Vô Song Luân	Hoàn	87	giao dịch được	凝脉之国士无双轮
10435288	Ngưng Mạch Chi Quốc Sĩ Vô Song Luân	Hoàn	88	giao dịch được	凝脉之国士无双轮
10435289	Ngưng Mạch Chi Quốc Sĩ Vô Song Luân	Hoàn	89	giao dịch được	凝脉之国士无双轮
10435290	Ngưng Mạch Chi Quốc Sĩ Vô Song Luân	Hoàn	90	giao dịch được	凝脉之国士无双轮
10435291	Ngưng Mạch Chi Hoàng Tuyền	Hoàn	91	giao dịch được	凝脉之黄泉
10435292	Ngưng Mạch Chi Hoàng Tuyền	Hoàn	92	giao dịch được	凝脉之黄泉
10435293	Ngưng Mạch Chi Hoàng Tuyền	Hoàn	93	giao dịch được	凝脉之黄泉
10435294	Ngưng Mạch Chi Hoàng Tuyền	Hoàn	94	giao dịch được	凝脉之黄泉
10435295	Ngưng Mạch Chi Hoàng Tuyền	Hoàn	95	giao dịch được	凝脉之黄泉
10435296	Ngưng Mạch Chi Hoàng Tuyền	Hoàn	96	giao dịch được	凝脉之黄泉
10435297	Ngưng Mạch Chi Hoàng Tuyền	Hoàn	97	giao dịch được	凝脉之黄泉
10435298	Ngưng Mạch Chi Hoàng Tuyền	Hoàn	98	giao dịch được	凝脉之黄泉
10435299	Ngưng Mạch Chi Hoàng Tuyền	Hoàn	99	giao dịch được	凝脉之黄泉
10435300	Ngưng Mạch Chi Hoàng Tuyền	Hoàn	100	giao dịch được	凝脉之黄泉
10435301	(chưa dùng)	Hoàn	81	giao dịch được	未使用
10435302	(chưa dùng)	Hoàn	82	giao dịch được	未使用
10435303	(chưa dùng)	Hoàn	83	giao dịch được	未使用
10435304	(chưa dùng)	Hoàn	84	giao dịch được	未使用
10435305	(chưa dùng)	Hoàn	85	giao dịch được	未使用
10435306	(chưa dùng)	Hoàn	86	giao dịch được	未使用
10435307	(chưa dùng)	Hoàn	87	giao dịch được	未使用
10435308	(chưa dùng)	Hoàn	88	giao dịch được	未使用
10435309	(chưa dùng)	Hoàn	89	giao dịch được	未使用
10435310	(chưa dùng)	Hoàn	90	giao dịch được	未使用
10435311	(chưa dùng)	Hoàn	81	giao dịch được	未使用
10435312	(chưa dùng)	Hoàn	82	giao dịch được	未使用
10435313	(chưa dùng)	Hoàn	83	giao dịch được	未使用
10435314	(chưa dùng)	Hoàn	84	giao dịch được	未使用
10435315	(chưa dùng)	Hoàn	85	giao dịch được	未使用
10435316	(chưa dùng)	Hoàn	86	giao dịch được	未使用
10435317	(chưa dùng)	Hoàn	87	giao dịch được	未使用
10435318	(chưa dùng)	Hoàn	88	giao dịch được	未使用
10435319	(chưa dùng)	Hoàn	89	giao dịch được	未使用
10435320	(chưa dùng)	Hoàn	90	giao dịch được	未使用
10435321	(chưa dùng)	Hoàn	81	giao dịch được	未使用
10435322	(chưa dùng)	Hoàn	82	giao dịch được	未使用
10435323	(chưa dùng)	Hoàn	83	giao dịch được	未使用
10435324	(chưa dùng)	Hoàn	84	giao dịch được	未使用
10435325	(chưa dùng)	Hoàn	85	giao dịch được	未使用
10435326	(chưa dùng)	Hoàn	86	giao dịch được	未使用
10435327	(chưa dùng)	Hoàn	87	giao dịch được	未使用
10435328	(chưa dùng)	Hoàn	88	giao dịch được	未使用
10435329	(chưa dùng)	Hoàn	89	giao dịch được	未使用
10435330	(chưa dùng)	Hoàn	90	giao dịch được	未使用
10435331	(chưa dùng)	Hoàn	81	giao dịch được	未使用
10435332	(chưa dùng)	Hoàn	82	giao dịch được	未使用
10435333	(chưa dùng)	Hoàn	83	giao dịch được	未使用
10435334	(chưa dùng)	Hoàn	84	giao dịch được	未使用
10435335	(chưa dùng)	Hoàn	85	giao dịch được	未使用
10435336	(chưa dùng)	Hoàn	86	giao dịch được	未使用
10435337	(chưa dùng)	Hoàn	87	giao dịch được	未使用
10435338	(chưa dùng)	Hoàn	88	giao dịch được	未使用
10435339	(chưa dùng)	Hoàn	89	giao dịch được	未使用
10435340	(chưa dùng)	Hoàn	90	giao dịch được	未使用
10435341	(chưa dùng)	Hoàn	81	giao dịch được	未使用
10435342	(chưa dùng)	Hoàn	82	giao dịch được	未使用
10435343	(chưa dùng)	Hoàn	83	giao dịch được	未使用
10435344	(chưa dùng)	Hoàn	84	giao dịch được	未使用
10435345	(chưa dùng)	Hoàn	85	giao dịch được	未使用
10435346	(chưa dùng)	Hoàn	86	giao dịch được	未使用
10435347	(chưa dùng)	Hoàn	87	giao dịch được	未使用
10435348	(chưa dùng)	Hoàn	88	giao dịch được	未使用
10435349	(chưa dùng)	Hoàn	89	giao dịch được	未使用
10435350	(chưa dùng)	Hoàn	90	giao dịch được	未使用
10435351	(chưa dùng)	Hoàn	91	giao dịch được	未使用
10435352	(chưa dùng)	Hoàn	92	giao dịch được	未使用
10435353	(chưa dùng)	Hoàn	93	giao dịch được	未使用
10435354	(chưa dùng)	Hoàn	94	giao dịch được	未使用
10435355	(chưa dùng)	Hoàn	95	giao dịch được	未使用
10435356	(chưa dùng)	Hoàn	96	giao dịch được	未使用
10435357	(chưa dùng)	Hoàn	97	giao dịch được	未使用
10435358	(chưa dùng)	Hoàn	98	giao dịch được	未使用
10435359	(chưa dùng)	Hoàn	99	giao dịch được	未使用
10435360	(chưa dùng)	Hoàn	100	giao dịch được	未使用
10435361	(chưa dùng)	Hoàn	91	giao dịch được	未使用
10435362	(chưa dùng)	Hoàn	92	giao dịch được	未使用
10435363	(chưa dùng)	Hoàn	93	giao dịch được	未使用
10435364	(chưa dùng)	Hoàn	94	giao dịch được	未使用
10435365	(chưa dùng)	Hoàn	95	giao dịch được	未使用
10435366	(chưa dùng)	Hoàn	96	giao dịch được	未使用
10435367	(chưa dùng)	Hoàn	97	giao dịch được	未使用
10435368	(chưa dùng)	Hoàn	98	giao dịch được	未使用
10435369	(chưa dùng)	Hoàn	99	giao dịch được	未使用
10435370	(chưa dùng)	Hoàn	100	giao dịch được	未使用
10435371	(chưa dùng)	Hoàn	91	giao dịch được	未使用
10435372	(chưa dùng)	Hoàn	92	giao dịch được	未使用
10435373	(chưa dùng)	Hoàn	93	giao dịch được	未使用
10435374	(chưa dùng)	Hoàn	94	giao dịch được	未使用
10435375	(chưa dùng)	Hoàn	95	giao dịch được	未使用
10435376	(chưa dùng)	Hoàn	96	giao dịch được	未使用
10435377	(chưa dùng)	Hoàn	97	giao dịch được	未使用
10435378	(chưa dùng)	Hoàn	98	giao dịch được	未使用
10435379	(chưa dùng)	Hoàn	99	giao dịch được	未使用
10435380	(chưa dùng)	Hoàn	100	giao dịch được	未使用
10435381	(chưa dùng)	Hoàn	91	giao dịch được	未使用
10435382	(chưa dùng)	Hoàn	92	giao dịch được	未使用
10435383	(chưa dùng)	Hoàn	93	giao dịch được	未使用
10435384	(chưa dùng)	Hoàn	94	giao dịch được	未使用
10435385	(chưa dùng)	Hoàn	95	giao dịch được	未使用
10435386	(chưa dùng)	Hoàn	96	giao dịch được	未使用
10435387	(chưa dùng)	Hoàn	97	giao dịch được	未使用
10435388	(chưa dùng)	Hoàn	98	giao dịch được	未使用
10435389	(chưa dùng)	Hoàn	99	giao dịch được	未使用
10435390	(chưa dùng)	Hoàn	100	giao dịch được	未使用
10435391	(chưa dùng)	Hoàn	91	giao dịch được	未使用
10435392	(chưa dùng)	Hoàn	92	giao dịch được	未使用
10435393	(chưa dùng)	Hoàn	93	giao dịch được	未使用
10435394	(chưa dùng)	Hoàn	94	giao dịch được	未使用
10435395	(chưa dùng)	Hoàn	95	giao dịch được	未使用
10435396	(chưa dùng)	Hoàn	96	giao dịch được	未使用
10435397	(chưa dùng)	Hoàn	97	giao dịch được	未使用
10435398	(chưa dùng)	Hoàn	98	giao dịch được	未使用
10435399	(chưa dùng)	Hoàn	99	giao dịch được	未使用
10435400	(chưa dùng)	Hoàn	100	giao dịch được	未使用
10436001	Mặc Vũ Chi Huỳnh Hoả Lưu Yên Nỗ	Nỏ	1	giao dịch được	万羽之萤火流烟弩
10436002	Mặc Vũ Chi Huỳnh Hoả Lưu Yên Nỗ	Nỏ	2	giao dịch được	万羽之萤火流烟弩
10436003	Mặc Vũ Chi Huỳnh Hoả Lưu Yên Nỗ	Nỏ	3	giao dịch được	万羽之萤火流烟弩
10436004	Mặc Vũ Chi Huỳnh Hoả Lưu Yên Nỗ	Nỏ	4	giao dịch được	万羽之萤火流烟弩
10436005	Mặc Vũ Chi Huỳnh Hoả Lưu Yên Nỗ	Nỏ	5	giao dịch được	万羽之萤火流烟弩
10436006	Mặc Vũ Chi Huỳnh Hoả Lưu Yên Nỗ	Nỏ	6	giao dịch được	万羽之萤火流烟弩
10436007	Mặc Vũ Chi Huỳnh Hoả Lưu Yên Nỗ	Nỏ	7	giao dịch được	万羽之萤火流烟弩
10436008	Mặc Vũ Chi Huỳnh Hoả Lưu Yên Nỗ	Nỏ	8	giao dịch được	万羽之萤火流烟弩
10436009	Mặc Vũ Chi Huỳnh Hoả Lưu Yên Nỗ	Nỏ	9	giao dịch được	万羽之萤火流烟弩
10436010	Mặc Vũ Chi Huỳnh Hoả Lưu Yên Nỗ	Nỏ	10	giao dịch được	万羽之萤火流烟弩
10436011	Mặc Vũ Chi Tấn Ảnh Phi Hoa Nỗ	Nỏ	11	giao dịch được	万羽之迅影飞花弩
10436012	Mặc Vũ Chi Tấn Ảnh Phi Hoa Nỗ	Nỏ	12	giao dịch được	万羽之迅影飞花弩
10436013	Mặc Vũ Chi Tấn Ảnh Phi Hoa Nỗ	Nỏ	13	giao dịch được	万羽之迅影飞花弩
10436014	Mặc Vũ Chi Tấn Ảnh Phi Hoa Nỗ	Nỏ	14	giao dịch được	万羽之迅影飞花弩
10436015	Mặc Vũ Chi Tấn Ảnh Phi Hoa Nỗ	Nỏ	15	giao dịch được	万羽之迅影飞花弩
10436016	Mặc Vũ Chi Tấn Ảnh Phi Hoa Nỗ	Nỏ	16	giao dịch được	万羽之迅影飞花弩
10436017	Mặc Vũ Chi Tấn Ảnh Phi Hoa Nỗ	Nỏ	17	giao dịch được	万羽之迅影飞花弩
10436018	Mặc Vũ Chi Tấn Ảnh Phi Hoa Nỗ	Nỏ	18	giao dịch được	万羽之迅影飞花弩
10436019	Mặc Vũ Chi Tấn Ảnh Phi Hoa Nỗ	Nỏ	19	giao dịch được	万羽之迅影飞花弩
10436020	Mặc Vũ Chi Tấn Ảnh Phi Hoa Nỗ	Nỏ	20	giao dịch được	万羽之迅影飞花弩
10436021	Mặc Vũ Chi Tử Hà Thôn Vân Nỗ	Nỏ	21	giao dịch được	万羽之紫霞吞云弩
10436022	Mặc Vũ Chi Tử Hà Thôn Vân Nỗ	Nỏ	22	giao dịch được	万羽之紫霞吞云弩
10436023	Mặc Vũ Chi Tử Hà Thôn Vân Nỗ	Nỏ	23	giao dịch được	万羽之紫霞吞云弩
10436024	Mặc Vũ Chi Tử Hà Thôn Vân Nỗ	Nỏ	24	giao dịch được	万羽之紫霞吞云弩
10436025	Mặc Vũ Chi Tử Hà Thôn Vân Nỗ	Nỏ	25	giao dịch được	万羽之紫霞吞云弩
10436026	Mặc Vũ Chi Tử Hà Thôn Vân Nỗ	Nỏ	26	giao dịch được	万羽之紫霞吞云弩
10436027	Mặc Vũ Chi Tử Hà Thôn Vân Nỗ	Nỏ	27	giao dịch được	万羽之紫霞吞云弩
10436028	Mặc Vũ Chi Tử Hà Thôn Vân Nỗ	Nỏ	28	giao dịch được	万羽之紫霞吞云弩
10436029	Mặc Vũ Chi Tử Hà Thôn Vân Nỗ	Nỏ	29	giao dịch được	万羽之紫霞吞云弩
10436030	Mặc Vũ Chi Tử Hà Thôn Vân Nỗ	Nỏ	30	giao dịch được	万羽之紫霞吞云弩
10436031	Mặc Vũ Chi Tuyết Dạ Sương Hoa Nỗ	Nỏ	31	giao dịch được	万羽之雪夜霜华弩
10436032	Mặc Vũ Chi Tuyết Dạ Sương Hoa Nỗ	Nỏ	32	giao dịch được	万羽之雪夜霜华弩
10436033	Mặc Vũ Chi Tuyết Dạ Sương Hoa Nỗ	Nỏ	33	giao dịch được	万羽之雪夜霜华弩
10436034	Mặc Vũ Chi Tuyết Dạ Sương Hoa Nỗ	Nỏ	34	giao dịch được	万羽之雪夜霜华弩
10436035	Mặc Vũ Chi Tuyết Dạ Sương Hoa Nỗ	Nỏ	35	giao dịch được	万羽之雪夜霜华弩
10436036	Mặc Vũ Chi Tuyết Dạ Sương Hoa Nỗ	Nỏ	36	giao dịch được	万羽之雪夜霜华弩
10436037	Mặc Vũ Chi Tuyết Dạ Sương Hoa Nỗ	Nỏ	37	giao dịch được	万羽之雪夜霜华弩
10436038	Mặc Vũ Chi Tuyết Dạ Sương Hoa Nỗ	Nỏ	38	giao dịch được	万羽之雪夜霜华弩
10436039	Mặc Vũ Chi Tuyết Dạ Sương Hoa Nỗ	Nỏ	39	giao dịch được	万羽之雪夜霜华弩
10436040	Mặc Vũ Chi Tuyết Dạ Sương Hoa Nỗ	Nỏ	40	giao dịch được	万羽之雪夜霜华弩
10436041	Mặc Vũ Chi Diệu Pháp Thái Nhất Nỗ	Nỏ	41	giao dịch được	万羽之妙法太一弩
10436042	Mặc Vũ Chi Diệu Pháp Thái Nhất Nỗ	Nỏ	42	giao dịch được	万羽之妙法太一弩
10436043	Mặc Vũ Chi Diệu Pháp Thái Nhất Nỗ	Nỏ	43	giao dịch được	万羽之妙法太一弩
10436044	Mặc Vũ Chi Diệu Pháp Thái Nhất Nỗ	Nỏ	44	giao dịch được	万羽之妙法太一弩
10436045	Mặc Vũ Chi Diệu Pháp Thái Nhất Nỗ	Nỏ	45	giao dịch được	万羽之妙法太一弩
10436046	Mặc Vũ Chi Diệu Pháp Thái Nhất Nỗ	Nỏ	46	giao dịch được	万羽之妙法太一弩
10436047	Mặc Vũ Chi Diệu Pháp Thái Nhất Nỗ	Nỏ	47	giao dịch được	万羽之妙法太一弩
10436048	Mặc Vũ Chi Diệu Pháp Thái Nhất Nỗ	Nỏ	48	giao dịch được	万羽之妙法太一弩
10436049	Mặc Vũ Chi Diệu Pháp Thái Nhất Nỗ	Nỏ	49	giao dịch được	万羽之妙法太一弩
10436050	Mặc Vũ Chi Diệu Pháp Thái Nhất Nỗ	Nỏ	50	giao dịch được	万羽之妙法太一弩
10436051	Mặc Vũ Chi Huyền Hoàng Lưỡng Nghi Nỗ	Nỏ	51	giao dịch được	万羽之玄黄两仪弩
10436052	Mặc Vũ Chi Huyền Hoàng Lưỡng Nghi Nỗ	Nỏ	52	giao dịch được	万羽之玄黄两仪弩
10436053	Mặc Vũ Chi Huyền Hoàng Lưỡng Nghi Nỗ	Nỏ	53	giao dịch được	万羽之玄黄两仪弩
10436054	Mặc Vũ Chi Huyền Hoàng Lưỡng Nghi Nỗ	Nỏ	54	giao dịch được	万羽之玄黄两仪弩
10436055	Mặc Vũ Chi Huyền Hoàng Lưỡng Nghi Nỗ	Nỏ	55	giao dịch được	万羽之玄黄两仪弩
10436056	Mặc Vũ Chi Huyền Hoàng Lưỡng Nghi Nỗ	Nỏ	56	giao dịch được	万羽之玄黄两仪弩
10436057	Mặc Vũ Chi Huyền Hoàng Lưỡng Nghi Nỗ	Nỏ	57	giao dịch được	万羽之玄黄两仪弩
10436058	Mặc Vũ Chi Huyền Hoàng Lưỡng Nghi Nỗ	Nỏ	58	giao dịch được	万羽之玄黄两仪弩
10436059	Mặc Vũ Chi Huyền Hoàng Lưỡng Nghi Nỗ	Nỏ	59	giao dịch được	万羽之玄黄两仪弩
10436060	Mặc Vũ Chi Huyền Hoàng Lưỡng Nghi Nỗ	Nỏ	60	giao dịch được	万羽之玄黄两仪弩
10436061	Mặc Vũ Chi Tứ Tượng Bàn Tinh Nỗ	Nỏ	61	giao dịch được	万羽之四象盘星弩
10436062	Mặc Vũ Chi Tứ Tượng Bàn Tinh Nỗ	Nỏ	62	giao dịch được	万羽之四象盘星弩
10436063	Mặc Vũ Chi Tứ Tượng Bàn Tinh Nỗ	Nỏ	63	giao dịch được	万羽之四象盘星弩
10436064	Mặc Vũ Chi Tứ Tượng Bàn Tinh Nỗ	Nỏ	64	giao dịch được	万羽之四象盘星弩
10436065	Mặc Vũ Chi Tứ Tượng Bàn Tinh Nỗ	Nỏ	65	giao dịch được	万羽之四象盘星弩
10436066	Mặc Vũ Chi Tứ Tượng Bàn Tinh Nỗ	Nỏ	66	giao dịch được	万羽之四象盘星弩
10436067	Mặc Vũ Chi Tứ Tượng Bàn Tinh Nỗ	Nỏ	67	giao dịch được	万羽之四象盘星弩
10436068	Mặc Vũ Chi Tứ Tượng Bàn Tinh Nỗ	Nỏ	68	giao dịch được	万羽之四象盘星弩
10436069	Mặc Vũ Chi Tứ Tượng Bàn Tinh Nỗ	Nỏ	69	giao dịch được	万羽之四象盘星弩
10436070	Mặc Vũ Chi Tứ Tượng Bàn Tinh Nỗ	Nỏ	70	giao dịch được	万羽之四象盘星弩
10436071	Mặc Vũ Chi Lục Hợp Hàm Nguyệt Nỗ	Nỏ	71	giao dịch được	万羽之六合衔月弩
10436072	Mặc Vũ Chi Lục Hợp Hàm Nguyệt Nỗ	Nỏ	72	giao dịch được	万羽之六合衔月弩
10436073	Mặc Vũ Chi Lục Hợp Hàm Nguyệt Nỗ	Nỏ	73	giao dịch được	万羽之六合衔月弩
10436074	Mặc Vũ Chi Lục Hợp Hàm Nguyệt Nỗ	Nỏ	74	giao dịch được	万羽之六合衔月弩
10436075	Mặc Vũ Chi Lục Hợp Hàm Nguyệt Nỗ	Nỏ	75	giao dịch được	万羽之六合衔月弩
10436076	Mặc Vũ Chi Lục Hợp Hàm Nguyệt Nỗ	Nỏ	76	giao dịch được	万羽之六合衔月弩
10436077	Mặc Vũ Chi Lục Hợp Hàm Nguyệt Nỗ	Nỏ	77	giao dịch được	万羽之六合衔月弩
10436078	Mặc Vũ Chi Lục Hợp Hàm Nguyệt Nỗ	Nỏ	78	giao dịch được	万羽之六合衔月弩
10436079	Mặc Vũ Chi Lục Hợp Hàm Nguyệt Nỗ	Nỏ	79	giao dịch được	万羽之六合衔月弩
10436080	Mặc Vũ Chi Lục Hợp Hàm Nguyệt Nỗ	Nỏ	80	giao dịch được	万羽之六合衔月弩
10436081	Mặc Vũ Chi Bát Hoang Mẫn Nhật Nỗ	Nỏ	81	giao dịch được	万羽之八荒泯日弩
10436082	Mặc Vũ Chi Bát Hoang Mẫn Nhật Nỗ	Nỏ	82	giao dịch được	万羽之八荒泯日弩
10436083	Mặc Vũ Chi Bát Hoang Mẫn Nhật Nỗ	Nỏ	83	giao dịch được	万羽之八荒泯日弩
10436084	Mặc Vũ Chi Bát Hoang Mẫn Nhật Nỗ	Nỏ	84	giao dịch được	万羽之八荒泯日弩
10436085	Mặc Vũ Chi Bát Hoang Mẫn Nhật Nỗ	Nỏ	85	giao dịch được	万羽之八荒泯日弩
10436086	Mặc Vũ Chi Bát Hoang Mẫn Nhật Nỗ	Nỏ	86	giao dịch được	万羽之八荒泯日弩
10436087	Mặc Vũ Chi Bát Hoang Mẫn Nhật Nỗ	Nỏ	87	giao dịch được	万羽之八荒泯日弩
10436088	Mặc Vũ Chi Bát Hoang Mẫn Nhật Nỗ	Nỏ	88	giao dịch được	万羽之八荒泯日弩
10436089	Mặc Vũ Chi Bát Hoang Mẫn Nhật Nỗ	Nỏ	89	giao dịch được	万羽之八荒泯日弩
10436090	Mặc Vũ Chi Bát Hoang Mẫn Nhật Nỗ	Nỏ	90	giao dịch được	万羽之八荒泯日弩
10436091	Mặc Vũ Chi Tuyệt Sinh	Nỏ	91	giao dịch được	万羽之绝生
10436092	Mặc Vũ Chi Tuyệt Sinh	Nỏ	92	giao dịch được	万羽之绝生
10436093	Mặc Vũ Chi Tuyệt Sinh	Nỏ	93	giao dịch được	万羽之绝生
10436094	Mặc Vũ Chi Tuyệt Sinh	Nỏ	94	giao dịch được	万羽之绝生
10436095	Mặc Vũ Chi Tuyệt Sinh	Nỏ	95	giao dịch được	万羽之绝生
10436096	Mặc Vũ Chi Tuyệt Sinh	Nỏ	96	giao dịch được	万羽之绝生
10436097	Mặc Vũ Chi Tuyệt Sinh	Nỏ	97	giao dịch được	万羽之绝生
10436098	Mặc Vũ Chi Tuyệt Sinh	Nỏ	98	giao dịch được	万羽之绝生
10436099	Mặc Vũ Chi Tuyệt Sinh	Nỏ	99	giao dịch được	万羽之绝生
10436100	Mặc Vũ Chi Tuyệt Sinh	Nỏ	100	giao dịch được	万羽之绝生
10436101	Huỳnh Hoả Lưu Yên Nỗ	Nỏ	7	giao dịch được	萤火流烟弩
10436102	Tấn Ảnh Phi Hoa Nỗ	Nỏ	18	giao dịch được	迅影飞花弩
10436103	Tử Hà Thôn Vân Nỗ	Nỏ	26	giao dịch được	紫霞吞云弩
10437001	Tung Hoành Chi Liệt Viêm Chước Quang Trượng	Trượng	1	giao dịch được	纵横之烈炎灼光杖
10437002	Tung Hoành Chi Liệt Viêm Chước Quang Trượng	Trượng	2	giao dịch được	纵横之烈炎灼光杖
10437003	Tung Hoành Chi Liệt Viêm Chước Quang Trượng	Trượng	3	giao dịch được	纵横之烈炎灼光杖
10437004	Tung Hoành Chi Liệt Viêm Chước Quang Trượng	Trượng	4	giao dịch được	纵横之烈炎灼光杖
10437005	Tung Hoành Chi Liệt Viêm Chước Quang Trượng	Trượng	5	giao dịch được	纵横之烈炎灼光杖
10437006	Tung Hoành Chi Liệt Viêm Chước Quang Trượng	Trượng	6	giao dịch được	纵横之烈炎灼光杖
10437007	Tung Hoành Chi Liệt Viêm Chước Quang Trượng	Trượng	7	giao dịch được	纵横之烈炎灼光杖
10437008	Tung Hoành Chi Liệt Viêm Chước Quang Trượng	Trượng	8	giao dịch được	纵横之烈炎灼光杖
10437009	Tung Hoành Chi Liệt Viêm Chước Quang Trượng	Trượng	9	giao dịch được	纵横之烈炎灼光杖
10437010	Tung Hoành Chi Liệt Viêm Chước Quang Trượng	Trượng	10	giao dịch được	纵横之烈炎灼光杖
10437011	Tung Hoành Chi Vân Hàn Sương Tuyết Trượng	Trượng	11	giao dịch được	纵横之云寒霜雪杖
10437012	Tung Hoành Chi Vân Hàn Sương Tuyết Trượng	Trượng	12	giao dịch được	纵横之云寒霜雪杖
10437013	Tung Hoành Chi Vân Hàn Sương Tuyết Trượng	Trượng	13	giao dịch được	纵横之云寒霜雪杖
10437014	Tung Hoành Chi Vân Hàn Sương Tuyết Trượng	Trượng	14	giao dịch được	纵横之云寒霜雪杖
10437015	Tung Hoành Chi Vân Hàn Sương Tuyết Trượng	Trượng	15	giao dịch được	纵横之云寒霜雪杖
10437016	Tung Hoành Chi Vân Hàn Sương Tuyết Trượng	Trượng	16	giao dịch được	纵横之云寒霜雪杖
10437017	Tung Hoành Chi Vân Hàn Sương Tuyết Trượng	Trượng	17	giao dịch được	纵横之云寒霜雪杖
10437018	Tung Hoành Chi Vân Hàn Sương Tuyết Trượng	Trượng	18	giao dịch được	纵横之云寒霜雪杖
10437019	Tung Hoành Chi Vân Hàn Sương Tuyết Trượng	Trượng	19	giao dịch được	纵横之云寒霜雪杖
10437020	Tung Hoành Chi Vân Hàn Sương Tuyết Trượng	Trượng	20	giao dịch được	纵横之云寒霜雪杖
10437021	Tung Hoành Chi Thìn Túc Lưu Chuyển Trượng	Trượng	21	giao dịch được	纵横之辰宿流转杖
10437022	Tung Hoành Chi Thìn Túc Lưu Chuyển Trượng	Trượng	22	giao dịch được	纵横之辰宿流转杖
10437023	Tung Hoành Chi Thìn Túc Lưu Chuyển Trượng	Trượng	23	giao dịch được	纵横之辰宿流转杖
10437024	Tung Hoành Chi Thìn Túc Lưu Chuyển Trượng	Trượng	24	giao dịch được	纵横之辰宿流转杖
10437025	Tung Hoành Chi Thìn Túc Lưu Chuyển Trượng	Trượng	25	giao dịch được	纵横之辰宿流转杖
10437026	Tung Hoành Chi Thìn Túc Lưu Chuyển Trượng	Trượng	26	giao dịch được	纵横之辰宿流转杖
10437027	Tung Hoành Chi Thìn Túc Lưu Chuyển Trượng	Trượng	27	giao dịch được	纵横之辰宿流转杖
10437028	Tung Hoành Chi Thìn Túc Lưu Chuyển Trượng	Trượng	28	giao dịch được	纵横之辰宿流转杖
10437029	Tung Hoành Chi Thìn Túc Lưu Chuyển Trượng	Trượng	29	giao dịch được	纵横之辰宿流转杖
10437030	Tung Hoành Chi Thìn Túc Lưu Chuyển Trượng	Trượng	30	giao dịch được	纵横之辰宿流转杖
10437031	Tung Hoành Chi Lãng Nguyệt Thanh Huy Trượng	Trượng	31	giao dịch được	纵横之朗月清辉杖
10437032	Tung Hoành Chi Lãng Nguyệt Thanh Huy Trượng	Trượng	32	giao dịch được	纵横之朗月清辉杖
10437033	Tung Hoành Chi Lãng Nguyệt Thanh Huy Trượng	Trượng	33	giao dịch được	纵横之朗月清辉杖
10437034	Tung Hoành Chi Lãng Nguyệt Thanh Huy Trượng	Trượng	34	giao dịch được	纵横之朗月清辉杖
10437035	Tung Hoành Chi Lãng Nguyệt Thanh Huy Trượng	Trượng	35	giao dịch được	纵横之朗月清辉杖
10437036	Tung Hoành Chi Lãng Nguyệt Thanh Huy Trượng	Trượng	36	giao dịch được	纵横之朗月清辉杖
10437037	Tung Hoành Chi Lãng Nguyệt Thanh Huy Trượng	Trượng	37	giao dịch được	纵横之朗月清辉杖
10437038	Tung Hoành Chi Lãng Nguyệt Thanh Huy Trượng	Trượng	38	giao dịch được	纵横之朗月清辉杖
10437039	Tung Hoành Chi Lãng Nguyệt Thanh Huy Trượng	Trượng	39	giao dịch được	纵横之朗月清辉杖
10437040	Tung Hoành Chi Lãng Nguyệt Thanh Huy Trượng	Trượng	40	giao dịch được	纵横之朗月清辉杖
10437041	Tung Hoành Chi Đại Nhật Chiêu Chiêu Trượng	Trượng	41	giao dịch được	纵横之大日昭昭杖
10437042	Tung Hoành Chi Đại Nhật Chiêu Chiêu Trượng	Trượng	42	giao dịch được	纵横之大日昭昭杖
10437043	Tung Hoành Chi Đại Nhật Chiêu Chiêu Trượng	Trượng	43	giao dịch được	纵横之大日昭昭杖
10437044	Tung Hoành Chi Đại Nhật Chiêu Chiêu Trượng	Trượng	44	giao dịch được	纵横之大日昭昭杖
10437045	Tung Hoành Chi Đại Nhật Chiêu Chiêu Trượng	Trượng	45	giao dịch được	纵横之大日昭昭杖
10437046	Tung Hoành Chi Đại Nhật Chiêu Chiêu Trượng	Trượng	46	giao dịch được	纵横之大日昭昭杖
10437047	Tung Hoành Chi Đại Nhật Chiêu Chiêu Trượng	Trượng	47	giao dịch được	纵横之大日昭昭杖
10437048	Tung Hoành Chi Đại Nhật Chiêu Chiêu Trượng	Trượng	48	giao dịch được	纵横之大日昭昭杖
10437049	Tung Hoành Chi Đại Nhật Chiêu Chiêu Trượng	Trượng	49	giao dịch được	纵横之大日昭昭杖
10437050	Tung Hoành Chi Đại Nhật Chiêu Chiêu Trượng	Trượng	50	giao dịch được	纵横之大日昭昭杖
10437051	Tung Hoành Chi Trụ Thuỷ Phong Hoa Trượng	Trượng	51	giao dịch được	纵横之宙始风华杖
10437052	Tung Hoành Chi Trụ Thuỷ Phong Hoa Trượng	Trượng	52	giao dịch được	纵横之宙始风华杖
10437053	Tung Hoành Chi Trụ Thuỷ Phong Hoa Trượng	Trượng	53	giao dịch được	纵横之宙始风华杖
10437054	Tung Hoành Chi Trụ Thuỷ Phong Hoa Trượng	Trượng	54	giao dịch được	纵横之宙始风华杖
10437055	Tung Hoành Chi Trụ Thuỷ Phong Hoa Trượng	Trượng	55	giao dịch được	纵横之宙始风华杖
10437056	Tung Hoành Chi Trụ Thuỷ Phong Hoa Trượng	Trượng	56	giao dịch được	纵横之宙始风华杖
10437057	Tung Hoành Chi Trụ Thuỷ Phong Hoa Trượng	Trượng	57	giao dịch được	纵横之宙始风华杖
10437058	Tung Hoành Chi Trụ Thuỷ Phong Hoa Trượng	Trượng	58	giao dịch được	纵横之宙始风华杖
10437059	Tung Hoành Chi Trụ Thuỷ Phong Hoa Trượng	Trượng	59	giao dịch được	纵横之宙始风华杖
10437060	Tung Hoành Chi Trụ Thuỷ Phong Hoa Trượng	Trượng	60	giao dịch được	纵横之宙始风华杖
10437061	Tung Hoành Chi Ngọc Vũ Huyền Khung Trượng	Trượng	61	giao dịch được	纵横之玉宇玄穹杖
10437062	Tung Hoành Chi Ngọc Vũ Huyền Khung Trượng	Trượng	62	giao dịch được	纵横之玉宇玄穹杖
10437063	Tung Hoành Chi Ngọc Vũ Huyền Khung Trượng	Trượng	63	giao dịch được	纵横之玉宇玄穹杖
10437064	Tung Hoành Chi Ngọc Vũ Huyền Khung Trượng	Trượng	64	giao dịch được	纵横之玉宇玄穹杖
10437065	Tung Hoành Chi Ngọc Vũ Huyền Khung Trượng	Trượng	65	giao dịch được	纵横之玉宇玄穹杖
10437066	Tung Hoành Chi Ngọc Vũ Huyền Khung Trượng	Trượng	66	giao dịch được	纵横之玉宇玄穹杖
10437067	Tung Hoành Chi Ngọc Vũ Huyền Khung Trượng	Trượng	67	giao dịch được	纵横之玉宇玄穹杖
10437068	Tung Hoành Chi Ngọc Vũ Huyền Khung Trượng	Trượng	68	giao dịch được	纵横之玉宇玄穹杖
10437069	Tung Hoành Chi Ngọc Vũ Huyền Khung Trượng	Trượng	69	giao dịch được	纵横之玉宇玄穹杖
10437070	Tung Hoành Chi Ngọc Vũ Huyền Khung Trượng	Trượng	70	giao dịch được	纵横之玉宇玄穹杖
10437071	Tung Hoành Chi Huyền Hoàng Lập Pháp Trượng	Trượng	71	giao dịch được	纵横之玄黄立法杖
10437072	Tung Hoành Chi Huyền Hoàng Lập Pháp Trượng	Trượng	72	giao dịch được	纵横之玄黄立法杖
10437073	Tung Hoành Chi Huyền Hoàng Lập Pháp Trượng	Trượng	73	giao dịch được	纵横之玄黄立法杖
10437074	Tung Hoành Chi Huyền Hoàng Lập Pháp Trượng	Trượng	74	giao dịch được	纵横之玄黄立法杖
10437075	Tung Hoành Chi Huyền Hoàng Lập Pháp Trượng	Trượng	75	giao dịch được	纵横之玄黄立法杖
10437076	Tung Hoành Chi Huyền Hoàng Lập Pháp Trượng	Trượng	76	giao dịch được	纵横之玄黄立法杖
10437077	Tung Hoành Chi Huyền Hoàng Lập Pháp Trượng	Trượng	77	giao dịch được	纵横之玄黄立法杖
10437078	Tung Hoành Chi Huyền Hoàng Lập Pháp Trượng	Trượng	78	giao dịch được	纵横之玄黄立法杖
10437079	Tung Hoành Chi Huyền Hoàng Lập Pháp Trượng	Trượng	79	giao dịch được	纵横之玄黄立法杖
10437080	Tung Hoành Chi Huyền Hoàng Lập Pháp Trượng	Trượng	80	giao dịch được	纵横之玄黄立法杖
10437081	Tung Hoành Chi Thiên Địa Trưởng Xuân Trượng	Trượng	81	giao dịch được	纵横之天地长春杖
10437082	Tung Hoành Chi Thiên Địa Trưởng Xuân Trượng	Trượng	82	giao dịch được	纵横之天地长春杖
10437083	Tung Hoành Chi Thiên Địa Trưởng Xuân Trượng	Trượng	83	giao dịch được	纵横之天地长春杖
10437084	Tung Hoành Chi Thiên Địa Trưởng Xuân Trượng	Trượng	84	giao dịch được	纵横之天地长春杖
10437085	Tung Hoành Chi Thiên Địa Trưởng Xuân Trượng	Trượng	85	giao dịch được	纵横之天地长春杖
10437086	Tung Hoành Chi Thiên Địa Trưởng Xuân Trượng	Trượng	86	giao dịch được	纵横之天地长春杖
10437087	Tung Hoành Chi Thiên Địa Trưởng Xuân Trượng	Trượng	87	giao dịch được	纵横之天地长春杖
10437088	Tung Hoành Chi Thiên Địa Trưởng Xuân Trượng	Trượng	88	giao dịch được	纵横之天地长春杖
10437089	Tung Hoành Chi Thiên Địa Trưởng Xuân Trượng	Trượng	89	giao dịch được	纵横之天地长春杖
10437090	Tung Hoành Chi Thiên Địa Trưởng Xuân Trượng	Trượng	90	giao dịch được	纵横之天地长春杖
10437091	Tung Hoành Chi Ngọc Tiêu	Trượng	91	giao dịch được	纵横之玉霄
10437092	Tung Hoành Chi Ngọc Tiêu	Trượng	92	giao dịch được	纵横之玉霄
10437093	Tung Hoành Chi Ngọc Tiêu	Trượng	93	giao dịch được	纵横之玉霄
10437094	Tung Hoành Chi Ngọc Tiêu	Trượng	94	giao dịch được	纵横之玉霄
10437095	Tung Hoành Chi Ngọc Tiêu	Trượng	95	giao dịch được	纵横之玉霄
10437096	Tung Hoành Chi Ngọc Tiêu	Trượng	96	giao dịch được	纵横之玉霄
10437097	Tung Hoành Chi Ngọc Tiêu	Trượng	97	giao dịch được	纵横之玉霄
10437098	Tung Hoành Chi Ngọc Tiêu	Trượng	98	giao dịch được	纵横之玉霄
10437099	Tung Hoành Chi Ngọc Tiêu	Trượng	99	giao dịch được	纵横之玉霄
10437100	Tung Hoành Chi Ngọc Tiêu	Trượng	100	giao dịch được	纵横之玉霄
10437101	Liệt Viêm Chước Quang Trượng	Trượng	7	giao dịch được	烈炎灼光杖
10437102	Vân Hàn Sương Tuyết Trượng	Trượng	18	giao dịch được	云寒霜雪杖
10437103	Thìn Túc Lưu Chuyển Trượng	Trượng	26	giao dịch được	辰宿流转杖
10440001	Đạt Ma Chi Ngân Toả Khôi	Mũ	1	giao dịch được	达摩之银锁盔
10440002	Đạt Ma Chi Ngân Toả Khôi	Mũ	2	giao dịch được	达摩之银锁盔
10440003	Đạt Ma Chi Ngân Toả Khôi	Mũ	3	giao dịch được	达摩之银锁盔
10440004	Đạt Ma Chi Ngân Toả Khôi	Mũ	4	giao dịch được	达摩之银锁盔
10440005	Đạt Ma Chi Ngân Toả Khôi	Mũ	5	giao dịch được	达摩之银锁盔
10440006	Đạt Ma Chi Ngân Toả Khôi	Mũ	6	giao dịch được	达摩之银锁盔
10440007	Đạt Ma Chi Ngân Toả Khôi	Mũ	7	giao dịch được	达摩之银锁盔
10440008	Đạt Ma Chi Ngân Toả Khôi	Mũ	8	giao dịch được	达摩之银锁盔
10440009	Đạt Ma Chi Ngân Toả Khôi	Mũ	9	giao dịch được	达摩之银锁盔
10440010	Đạt Ma Chi Ngân Toả Khôi	Mũ	10	giao dịch được	达摩之银锁盔
10440011	Đạt Ma Chi Nguyệt Thiết Khôi	Mũ	11	giao dịch được	达摩之月铁盔
10440012	Đạt Ma Chi Nguyệt Thiết Khôi	Mũ	12	giao dịch được	达摩之月铁盔
10440013	Đạt Ma Chi Nguyệt Thiết Khôi	Mũ	13	giao dịch được	达摩之月铁盔
10440014	Đạt Ma Chi Nguyệt Thiết Khôi	Mũ	14	giao dịch được	达摩之月铁盔
10440015	Đạt Ma Chi Nguyệt Thiết Khôi	Mũ	15	giao dịch được	达摩之月铁盔
10440016	Đạt Ma Chi Nguyệt Thiết Khôi	Mũ	16	giao dịch được	达摩之月铁盔
10440017	Đạt Ma Chi Nguyệt Thiết Khôi	Mũ	17	giao dịch được	达摩之月铁盔
10440018	Đạt Ma Chi Nguyệt Thiết Khôi	Mũ	18	giao dịch được	达摩之月铁盔
10440019	Đạt Ma Chi Nguyệt Thiết Khôi	Mũ	19	giao dịch được	达摩之月铁盔
10440020	Đạt Ma Chi Nguyệt Thiết Khôi	Mũ	20	giao dịch được	达摩之月铁盔
10440021	Đạt Ma Chi Huyền Thiết Khôi	Mũ	21	giao dịch được	达摩之玄铁盔
10440022	Đạt Ma Chi Huyền Thiết Khôi	Mũ	22	giao dịch được	达摩之玄铁盔
10440023	Đạt Ma Chi Huyền Thiết Khôi	Mũ	23	giao dịch được	达摩之玄铁盔
10440024	Đạt Ma Chi Huyền Thiết Khôi	Mũ	24	giao dịch được	达摩之玄铁盔
10440025	Đạt Ma Chi Huyền Thiết Khôi	Mũ	25	giao dịch được	达摩之玄铁盔
10440026	Đạt Ma Chi Huyền Thiết Khôi	Mũ	26	giao dịch được	达摩之玄铁盔
10440027	Đạt Ma Chi Huyền Thiết Khôi	Mũ	27	giao dịch được	达摩之玄铁盔
10440028	Đạt Ma Chi Huyền Thiết Khôi	Mũ	28	giao dịch được	达摩之玄铁盔
10440029	Đạt Ma Chi Huyền Thiết Khôi	Mũ	29	giao dịch được	达摩之玄铁盔
10440030	Đạt Ma Chi Huyền Thiết Khôi	Mũ	30	giao dịch được	达摩之玄铁盔
10440031	Đạt Ma Chi Phong Tiêu Khôi	Mũ	31	giao dịch được	达摩之封霄盔
10440032	Đạt Ma Chi Phong Tiêu Khôi	Mũ	32	giao dịch được	达摩之封霄盔
10440033	Đạt Ma Chi Phong Tiêu Khôi	Mũ	33	giao dịch được	达摩之封霄盔
10440034	Đạt Ma Chi Phong Tiêu Khôi	Mũ	34	giao dịch được	达摩之封霄盔
10440035	Đạt Ma Chi Phong Tiêu Khôi	Mũ	35	giao dịch được	达摩之封霄盔
10440036	Đạt Ma Chi Phong Tiêu Khôi	Mũ	36	giao dịch được	达摩之封霄盔
10440037	Đạt Ma Chi Phong Tiêu Khôi	Mũ	37	giao dịch được	达摩之封霄盔
10440038	Đạt Ma Chi Phong Tiêu Khôi	Mũ	38	giao dịch được	达摩之封霄盔
10440039	Đạt Ma Chi Phong Tiêu Khôi	Mũ	39	giao dịch được	达摩之封霄盔
10440040	Đạt Ma Chi Phong Tiêu Khôi	Mũ	40	giao dịch được	达摩之封霄盔
10440041	Đạt Ma Chi Diệt Hàn Khôi	Mũ	41	giao dịch được	达摩之灭寒盔
10440042	Đạt Ma Chi Diệt Hàn Khôi	Mũ	42	giao dịch được	达摩之灭寒盔
10440043	Đạt Ma Chi Diệt Hàn Khôi	Mũ	43	giao dịch được	达摩之灭寒盔
10440044	Đạt Ma Chi Diệt Hàn Khôi	Mũ	44	giao dịch được	达摩之灭寒盔
10440045	Đạt Ma Chi Diệt Hàn Khôi	Mũ	45	giao dịch được	达摩之灭寒盔
10440046	Đạt Ma Chi Diệt Hàn Khôi	Mũ	46	giao dịch được	达摩之灭寒盔
10440047	Đạt Ma Chi Diệt Hàn Khôi	Mũ	47	giao dịch được	达摩之灭寒盔
10440048	Đạt Ma Chi Diệt Hàn Khôi	Mũ	48	giao dịch được	达摩之灭寒盔
10440049	Đạt Ma Chi Diệt Hàn Khôi	Mũ	49	giao dịch được	达摩之灭寒盔
10440050	Đạt Ma Chi Diệt Hàn Khôi	Mũ	50	giao dịch được	达摩之灭寒盔
10440051	Đạt Ma Chi Nghịch Hoả Khôi	Mũ	51	giao dịch được	达摩之逆火盔
10440052	Đạt Ma Chi Nghịch Hoả Khôi	Mũ	52	giao dịch được	达摩之逆火盔
10440053	Đạt Ma Chi Nghịch Hoả Khôi	Mũ	53	giao dịch được	达摩之逆火盔
10440054	Đạt Ma Chi Nghịch Hoả Khôi	Mũ	54	giao dịch được	达摩之逆火盔
10440055	Đạt Ma Chi Nghịch Hoả Khôi	Mũ	55	giao dịch được	达摩之逆火盔
10440056	Đạt Ma Chi Nghịch Hoả Khôi	Mũ	56	giao dịch được	达摩之逆火盔
10440057	Đạt Ma Chi Nghịch Hoả Khôi	Mũ	57	giao dịch được	达摩之逆火盔
10440058	Đạt Ma Chi Nghịch Hoả Khôi	Mũ	58	giao dịch được	达摩之逆火盔
10440059	Đạt Ma Chi Nghịch Hoả Khôi	Mũ	59	giao dịch được	达摩之逆火盔
10440060	Đạt Ma Chi Nghịch Hoả Khôi	Mũ	60	giao dịch được	达摩之逆火盔
10440061	Đạt Ma Chi Thệ Trần Khôi	Mũ	61	giao dịch được	达摩之誓尘盔
10440062	Đạt Ma Chi Thệ Trần Khôi	Mũ	62	giao dịch được	达摩之誓尘盔
10440063	Đạt Ma Chi Thệ Trần Khôi	Mũ	63	giao dịch được	达摩之誓尘盔
10440064	Đạt Ma Chi Thệ Trần Khôi	Mũ	64	giao dịch được	达摩之誓尘盔
10440065	Đạt Ma Chi Thệ Trần Khôi	Mũ	65	giao dịch được	达摩之誓尘盔
10440066	Đạt Ma Chi Thệ Trần Khôi	Mũ	66	giao dịch được	达摩之誓尘盔
10440067	Đạt Ma Chi Thệ Trần Khôi	Mũ	67	giao dịch được	达摩之誓尘盔
10440068	Đạt Ma Chi Thệ Trần Khôi	Mũ	68	giao dịch được	达摩之誓尘盔
10440069	Đạt Ma Chi Thệ Trần Khôi	Mũ	69	giao dịch được	达摩之誓尘盔
10440070	Đạt Ma Chi Thệ Trần Khôi	Mũ	70	giao dịch được	达摩之誓尘盔
10440071	Đạt Ma Chi Diệt Phách Khôi	Mũ	71	giao dịch được	达摩之灭魄盔
10440072	Đạt Ma Chi Diệt Phách Khôi	Mũ	72	giao dịch được	达摩之灭魄盔
10440073	Đạt Ma Chi Diệt Phách Khôi	Mũ	73	giao dịch được	达摩之灭魄盔
10440074	Đạt Ma Chi Diệt Phách Khôi	Mũ	74	giao dịch được	达摩之灭魄盔
10440075	Đạt Ma Chi Diệt Phách Khôi	Mũ	75	giao dịch được	达摩之灭魄盔
10440076	Đạt Ma Chi Diệt Phách Khôi	Mũ	76	giao dịch được	达摩之灭魄盔
10440077	Đạt Ma Chi Diệt Phách Khôi	Mũ	77	giao dịch được	达摩之灭魄盔
10440078	Đạt Ma Chi Diệt Phách Khôi	Mũ	78	giao dịch được	达摩之灭魄盔
10440079	Đạt Ma Chi Diệt Phách Khôi	Mũ	79	giao dịch được	达摩之灭魄盔
10440080	Đạt Ma Chi Diệt Phách Khôi	Mũ	80	giao dịch được	达摩之灭魄盔
10440081	Đạt Ma Chi Hồn Phệ Thánh Khôi	Mũ	81	giao dịch được	达摩之魂噬圣盔
10440082	Đạt Ma Chi Hồn Phệ Thánh Khôi	Mũ	82	giao dịch được	达摩之魂噬圣盔
10440083	Đạt Ma Chi Hồn Phệ Thánh Khôi	Mũ	83	giao dịch được	达摩之魂噬圣盔
10440084	Đạt Ma Chi Hồn Phệ Thánh Khôi	Mũ	84	giao dịch được	达摩之魂噬圣盔
10440085	Đạt Ma Chi Hồn Phệ Thánh Khôi	Mũ	85	giao dịch được	达摩之魂噬圣盔
10440086	Đạt Ma Chi Hồn Phệ Thánh Khôi	Mũ	86	giao dịch được	达摩之魂噬圣盔
10440087	Đạt Ma Chi Hồn Phệ Thánh Khôi	Mũ	87	giao dịch được	达摩之魂噬圣盔
10440088	Đạt Ma Chi Hồn Phệ Thánh Khôi	Mũ	88	giao dịch được	达摩之魂噬圣盔
10440089	Đạt Ma Chi Hồn Phệ Thánh Khôi	Mũ	89	giao dịch được	达摩之魂噬圣盔
10440090	Đạt Ma Chi Hồn Phệ Thánh Khôi	Mũ	90	giao dịch được	达摩之魂噬圣盔
10440091	Đạt Ma Chi Trập Long Thiên Khôi	Mũ	91	giao dịch được	达摩之蛰龙天盔
10440092	Đạt Ma Chi Trập Long Thiên Khôi	Mũ	92	giao dịch được	达摩之蛰龙天盔
10440093	Đạt Ma Chi Trập Long Thiên Khôi	Mũ	93	giao dịch được	达摩之蛰龙天盔
10440094	Đạt Ma Chi Trập Long Thiên Khôi	Mũ	94	giao dịch được	达摩之蛰龙天盔
10440095	Đạt Ma Chi Trập Long Thiên Khôi	Mũ	95	giao dịch được	达摩之蛰龙天盔
10440096	Đạt Ma Chi Trập Long Thiên Khôi	Mũ	96	giao dịch được	达摩之蛰龙天盔
10440097	Đạt Ma Chi Trập Long Thiên Khôi	Mũ	97	giao dịch được	达摩之蛰龙天盔
10440098	Đạt Ma Chi Trập Long Thiên Khôi	Mũ	98	giao dịch được	达摩之蛰龙天盔
10440099	Đạt Ma Chi Trập Long Thiên Khôi	Mũ	99	giao dịch được	达摩之蛰龙天盔
10440100	Đạt Ma Chi Trập Long Thiên Khôi	Mũ	100	giao dịch được	达摩之蛰龙天盔
10440101	Thánh Hoả Chi Ngân Toả Khôi	Mũ	1	giao dịch được	圣火之银锁盔
10440102	Thánh Hoả Chi Ngân Toả Khôi	Mũ	2	giao dịch được	圣火之银锁盔
10440103	Thánh Hoả Chi Ngân Toả Khôi	Mũ	3	giao dịch được	圣火之银锁盔
10440104	Thánh Hoả Chi Ngân Toả Khôi	Mũ	4	giao dịch được	圣火之银锁盔
10440105	Thánh Hoả Chi Ngân Toả Khôi	Mũ	5	giao dịch được	圣火之银锁盔
10440106	Thánh Hoả Chi Ngân Toả Khôi	Mũ	6	giao dịch được	圣火之银锁盔
10440107	Thánh Hoả Chi Ngân Toả Khôi	Mũ	7	giao dịch được	圣火之银锁盔
10440108	Thánh Hoả Chi Ngân Toả Khôi	Mũ	8	giao dịch được	圣火之银锁盔
10440109	Thánh Hoả Chi Ngân Toả Khôi	Mũ	9	giao dịch được	圣火之银锁盔
10440110	Thánh Hoả Chi Ngân Toả Khôi	Mũ	10	giao dịch được	圣火之银锁盔
10440111	Thánh Hoả Chi Nguyệt Thiết Khôi	Mũ	11	giao dịch được	圣火之月铁盔
10440112	Thánh Hoả Chi Nguyệt Thiết Khôi	Mũ	12	giao dịch được	圣火之月铁盔
10440113	Thánh Hoả Chi Nguyệt Thiết Khôi	Mũ	13	giao dịch được	圣火之月铁盔
10440114	Thánh Hoả Chi Nguyệt Thiết Khôi	Mũ	14	giao dịch được	圣火之月铁盔
10440115	Thánh Hoả Chi Nguyệt Thiết Khôi	Mũ	15	giao dịch được	圣火之月铁盔
10440116	Thánh Hoả Chi Nguyệt Thiết Khôi	Mũ	16	giao dịch được	圣火之月铁盔
10440117	Thánh Hoả Chi Nguyệt Thiết Khôi	Mũ	17	giao dịch được	圣火之月铁盔
10440118	Thánh Hoả Chi Nguyệt Thiết Khôi	Mũ	18	giao dịch được	圣火之月铁盔
10440119	Thánh Hoả Chi Nguyệt Thiết Khôi	Mũ	19	giao dịch được	圣火之月铁盔
10440120	Thánh Hoả Chi Nguyệt Thiết Khôi	Mũ	20	giao dịch được	圣火之月铁盔
10440121	Thánh Hoả Chi Huyền Thiết Khôi	Mũ	21	giao dịch được	圣火之玄铁盔
10440122	Thánh Hoả Chi Huyền Thiết Khôi	Mũ	22	giao dịch được	圣火之玄铁盔
10440123	Thánh Hoả Chi Huyền Thiết Khôi	Mũ	23	giao dịch được	圣火之玄铁盔
10440124	Thánh Hoả Chi Huyền Thiết Khôi	Mũ	24	giao dịch được	圣火之玄铁盔
10440125	Thánh Hoả Chi Huyền Thiết Khôi	Mũ	25	giao dịch được	圣火之玄铁盔
10440126	Thánh Hoả Chi Huyền Thiết Khôi	Mũ	26	giao dịch được	圣火之玄铁盔
10440127	Thánh Hoả Chi Huyền Thiết Khôi	Mũ	27	giao dịch được	圣火之玄铁盔
10440128	Thánh Hoả Chi Huyền Thiết Khôi	Mũ	28	giao dịch được	圣火之玄铁盔
10440129	Thánh Hoả Chi Huyền Thiết Khôi	Mũ	29	giao dịch được	圣火之玄铁盔
10440130	Thánh Hoả Chi Huyền Thiết Khôi	Mũ	30	giao dịch được	圣火之玄铁盔
10440131	Thánh Hoả Chi Phong Tiêu Khôi	Mũ	31	giao dịch được	圣火之封霄盔
10440132	Thánh Hoả Chi Phong Tiêu Khôi	Mũ	32	giao dịch được	圣火之封霄盔
10440133	Thánh Hoả Chi Phong Tiêu Khôi	Mũ	33	giao dịch được	圣火之封霄盔
10440134	Thánh Hoả Chi Phong Tiêu Khôi	Mũ	34	giao dịch được	圣火之封霄盔
10440135	Thánh Hoả Chi Phong Tiêu Khôi	Mũ	35	giao dịch được	圣火之封霄盔
10440136	Thánh Hoả Chi Phong Tiêu Khôi	Mũ	36	giao dịch được	圣火之封霄盔
10440137	Thánh Hoả Chi Phong Tiêu Khôi	Mũ	37	giao dịch được	圣火之封霄盔
10440138	Thánh Hoả Chi Phong Tiêu Khôi	Mũ	38	giao dịch được	圣火之封霄盔
10440139	Thánh Hoả Chi Phong Tiêu Khôi	Mũ	39	giao dịch được	圣火之封霄盔
10440140	Thánh Hoả Chi Phong Tiêu Khôi	Mũ	40	giao dịch được	圣火之封霄盔
10440141	Thánh Hoả Chi Diệt Hàn Khôi	Mũ	41	giao dịch được	圣火之灭寒盔
10440142	Thánh Hoả Chi Diệt Hàn Khôi	Mũ	42	giao dịch được	圣火之灭寒盔
10440143	Thánh Hoả Chi Diệt Hàn Khôi	Mũ	43	giao dịch được	圣火之灭寒盔
10440144	Thánh Hoả Chi Diệt Hàn Khôi	Mũ	44	giao dịch được	圣火之灭寒盔
10440145	Thánh Hoả Chi Diệt Hàn Khôi	Mũ	45	giao dịch được	圣火之灭寒盔
10440146	Thánh Hoả Chi Diệt Hàn Khôi	Mũ	46	giao dịch được	圣火之灭寒盔
10440147	Thánh Hoả Chi Diệt Hàn Khôi	Mũ	47	giao dịch được	圣火之灭寒盔
10440148	Thánh Hoả Chi Diệt Hàn Khôi	Mũ	48	giao dịch được	圣火之灭寒盔
10440149	Thánh Hoả Chi Diệt Hàn Khôi	Mũ	49	giao dịch được	圣火之灭寒盔
10440150	Thánh Hoả Chi Diệt Hàn Khôi	Mũ	50	giao dịch được	圣火之灭寒盔
10440151	Thánh Hoả Chi Nghịch Hoả Khôi	Mũ	51	giao dịch được	圣火之逆火盔
10440152	Thánh Hoả Chi Nghịch Hoả Khôi	Mũ	52	giao dịch được	圣火之逆火盔
10440153	Thánh Hoả Chi Nghịch Hoả Khôi	Mũ	53	giao dịch được	圣火之逆火盔
10440154	Thánh Hoả Chi Nghịch Hoả Khôi	Mũ	54	giao dịch được	圣火之逆火盔
10440155	Thánh Hoả Chi Nghịch Hoả Khôi	Mũ	55	giao dịch được	圣火之逆火盔
10440156	Thánh Hoả Chi Nghịch Hoả Khôi	Mũ	56	giao dịch được	圣火之逆火盔
10440157	Thánh Hoả Chi Nghịch Hoả Khôi	Mũ	57	giao dịch được	圣火之逆火盔
10440158	Thánh Hoả Chi Nghịch Hoả Khôi	Mũ	58	giao dịch được	圣火之逆火盔
10440159	Thánh Hoả Chi Nghịch Hoả Khôi	Mũ	59	giao dịch được	圣火之逆火盔
10440160	Thánh Hoả Chi Nghịch Hoả Khôi	Mũ	60	giao dịch được	圣火之逆火盔
10440161	Thánh Hoả Chi Thệ Trần Khôi	Mũ	61	giao dịch được	圣火之誓尘盔
10440162	Thánh Hoả Chi Thệ Trần Khôi	Mũ	62	giao dịch được	圣火之誓尘盔
10440163	Thánh Hoả Chi Thệ Trần Khôi	Mũ	63	giao dịch được	圣火之誓尘盔
10440164	Thánh Hoả Chi Thệ Trần Khôi	Mũ	64	giao dịch được	圣火之誓尘盔
10440165	Thánh Hoả Chi Thệ Trần Khôi	Mũ	65	giao dịch được	圣火之誓尘盔
10440166	Thánh Hoả Chi Thệ Trần Khôi	Mũ	66	giao dịch được	圣火之誓尘盔
10440167	Thánh Hoả Chi Thệ Trần Khôi	Mũ	67	giao dịch được	圣火之誓尘盔
10440168	Thánh Hoả Chi Thệ Trần Khôi	Mũ	68	giao dịch được	圣火之誓尘盔
10440169	Thánh Hoả Chi Thệ Trần Khôi	Mũ	69	giao dịch được	圣火之誓尘盔
10440170	Thánh Hoả Chi Thệ Trần Khôi	Mũ	70	giao dịch được	圣火之誓尘盔
10440171	Thánh Hoả Chi Diệt Phách Khôi	Mũ	71	giao dịch được	圣火之灭魄盔
10440172	Thánh Hoả Chi Diệt Phách Khôi	Mũ	72	giao dịch được	圣火之灭魄盔
10440173	Thánh Hoả Chi Diệt Phách Khôi	Mũ	73	giao dịch được	圣火之灭魄盔
10440174	Thánh Hoả Chi Diệt Phách Khôi	Mũ	74	giao dịch được	圣火之灭魄盔
10440175	Thánh Hoả Chi Diệt Phách Khôi	Mũ	75	giao dịch được	圣火之灭魄盔
10440176	Thánh Hoả Chi Diệt Phách Khôi	Mũ	76	giao dịch được	圣火之灭魄盔
10440177	Thánh Hoả Chi Diệt Phách Khôi	Mũ	77	giao dịch được	圣火之灭魄盔
10440178	Thánh Hoả Chi Diệt Phách Khôi	Mũ	78	giao dịch được	圣火之灭魄盔
10440179	Thánh Hoả Chi Diệt Phách Khôi	Mũ	79	giao dịch được	圣火之灭魄盔
10440180	Thánh Hoả Chi Diệt Phách Khôi	Mũ	80	giao dịch được	圣火之灭魄盔
10440181	Thánh Hoả Chi Hồn Phệ Thánh Khôi	Mũ	81	giao dịch được	圣火之魂噬圣盔
10440182	Thánh Hoả Chi Hồn Phệ Thánh Khôi	Mũ	82	giao dịch được	圣火之魂噬圣盔
10440183	Thánh Hoả Chi Hồn Phệ Thánh Khôi	Mũ	83	giao dịch được	圣火之魂噬圣盔
10440184	Thánh Hoả Chi Hồn Phệ Thánh Khôi	Mũ	84	giao dịch được	圣火之魂噬圣盔
10440185	Thánh Hoả Chi Hồn Phệ Thánh Khôi	Mũ	85	giao dịch được	圣火之魂噬圣盔
10440186	Thánh Hoả Chi Hồn Phệ Thánh Khôi	Mũ	86	giao dịch được	圣火之魂噬圣盔
10440187	Thánh Hoả Chi Hồn Phệ Thánh Khôi	Mũ	87	giao dịch được	圣火之魂噬圣盔
10440188	Thánh Hoả Chi Hồn Phệ Thánh Khôi	Mũ	88	giao dịch được	圣火之魂噬圣盔
10440189	Thánh Hoả Chi Hồn Phệ Thánh Khôi	Mũ	89	giao dịch được	圣火之魂噬圣盔
10440190	Thánh Hoả Chi Hồn Phệ Thánh Khôi	Mũ	90	giao dịch được	圣火之魂噬圣盔
10440191	Thánh Hoả Chi Trập Long Thiên Khôi	Mũ	91	giao dịch được	圣火之蛰龙天盔
10440192	Thánh Hoả Chi Trập Long Thiên Khôi	Mũ	92	giao dịch được	圣火之蛰龙天盔
10440193	Thánh Hoả Chi Trập Long Thiên Khôi	Mũ	93	giao dịch được	圣火之蛰龙天盔
10440194	Thánh Hoả Chi Trập Long Thiên Khôi	Mũ	94	giao dịch được	圣火之蛰龙天盔
10440195	Thánh Hoả Chi Trập Long Thiên Khôi	Mũ	95	giao dịch được	圣火之蛰龙天盔
10440196	Thánh Hoả Chi Trập Long Thiên Khôi	Mũ	96	giao dịch được	圣火之蛰龙天盔
10440197	Thánh Hoả Chi Trập Long Thiên Khôi	Mũ	97	giao dịch được	圣火之蛰龙天盔
10440198	Thánh Hoả Chi Trập Long Thiên Khôi	Mũ	98	giao dịch được	圣火之蛰龙天盔
10440199	Thánh Hoả Chi Trập Long Thiên Khôi	Mũ	99	giao dịch được	圣火之蛰龙天盔
10440200	Thánh Hoả Chi Trập Long Thiên Khôi	Mũ	100	giao dịch được	圣火之蛰龙天盔
10440201	Giáng Long Chi Ngân Toả Khôi	Mũ	1	giao dịch được	降龙之银锁盔
10440202	Giáng Long Chi Ngân Toả Khôi	Mũ	2	giao dịch được	降龙之银锁盔
10440203	Giáng Long Chi Ngân Toả Khôi	Mũ	3	giao dịch được	降龙之银锁盔
10440204	Giáng Long Chi Ngân Toả Khôi	Mũ	4	giao dịch được	降龙之银锁盔
10440205	Giáng Long Chi Ngân Toả Khôi	Mũ	5	giao dịch được	降龙之银锁盔
10440206	Giáng Long Chi Ngân Toả Khôi	Mũ	6	giao dịch được	降龙之银锁盔
10440207	Giáng Long Chi Ngân Toả Khôi	Mũ	7	giao dịch được	降龙之银锁盔
10440208	Giáng Long Chi Ngân Toả Khôi	Mũ	8	giao dịch được	降龙之银锁盔
10440209	Giáng Long Chi Ngân Toả Khôi	Mũ	9	giao dịch được	降龙之银锁盔
10440210	Giáng Long Chi Ngân Toả Khôi	Mũ	10	giao dịch được	降龙之银锁盔
10440211	Giáng Long Chi Nguyệt Thiết Khôi	Mũ	11	giao dịch được	降龙之月铁盔
10440212	Giáng Long Chi Nguyệt Thiết Khôi	Mũ	12	giao dịch được	降龙之月铁盔
10440213	Giáng Long Chi Nguyệt Thiết Khôi	Mũ	13	giao dịch được	降龙之月铁盔
10440214	Giáng Long Chi Nguyệt Thiết Khôi	Mũ	14	giao dịch được	降龙之月铁盔
10440215	Giáng Long Chi Nguyệt Thiết Khôi	Mũ	15	giao dịch được	降龙之月铁盔
10440216	Giáng Long Chi Nguyệt Thiết Khôi	Mũ	16	giao dịch được	降龙之月铁盔
10440217	Giáng Long Chi Nguyệt Thiết Khôi	Mũ	17	giao dịch được	降龙之月铁盔
10440218	Giáng Long Chi Nguyệt Thiết Khôi	Mũ	18	giao dịch được	降龙之月铁盔
10440219	Giáng Long Chi Nguyệt Thiết Khôi	Mũ	19	giao dịch được	降龙之月铁盔
10440220	Giáng Long Chi Nguyệt Thiết Khôi	Mũ	20	giao dịch được	降龙之月铁盔
10440221	Giáng Long Chi Huyền Thiết Khôi	Mũ	21	giao dịch được	降龙之玄铁盔
10440222	Giáng Long Chi Huyền Thiết Khôi	Mũ	22	giao dịch được	降龙之玄铁盔
10440223	Giáng Long Chi Huyền Thiết Khôi	Mũ	23	giao dịch được	降龙之玄铁盔
10440224	Giáng Long Chi Huyền Thiết Khôi	Mũ	24	giao dịch được	降龙之玄铁盔
10440225	Giáng Long Chi Huyền Thiết Khôi	Mũ	25	giao dịch được	降龙之玄铁盔
10440226	Giáng Long Chi Huyền Thiết Khôi	Mũ	26	giao dịch được	降龙之玄铁盔
10440227	Giáng Long Chi Huyền Thiết Khôi	Mũ	27	giao dịch được	降龙之玄铁盔
10440228	Giáng Long Chi Huyền Thiết Khôi	Mũ	28	giao dịch được	降龙之玄铁盔
10440229	Giáng Long Chi Huyền Thiết Khôi	Mũ	29	giao dịch được	降龙之玄铁盔
10440230	Giáng Long Chi Huyền Thiết Khôi	Mũ	30	giao dịch được	降龙之玄铁盔
10440231	Giáng Long Chi Phong Tiêu Khôi	Mũ	31	giao dịch được	降龙之封霄盔
10440232	Giáng Long Chi Phong Tiêu Khôi	Mũ	32	giao dịch được	降龙之封霄盔
10440233	Giáng Long Chi Phong Tiêu Khôi	Mũ	33	giao dịch được	降龙之封霄盔
10440234	Giáng Long Chi Phong Tiêu Khôi	Mũ	34	giao dịch được	降龙之封霄盔
10440235	Giáng Long Chi Phong Tiêu Khôi	Mũ	35	giao dịch được	降龙之封霄盔
10440236	Giáng Long Chi Phong Tiêu Khôi	Mũ	36	giao dịch được	降龙之封霄盔
10440237	Giáng Long Chi Phong Tiêu Khôi	Mũ	37	giao dịch được	降龙之封霄盔
10440238	Giáng Long Chi Phong Tiêu Khôi	Mũ	38	giao dịch được	降龙之封霄盔
10440239	Giáng Long Chi Phong Tiêu Khôi	Mũ	39	giao dịch được	降龙之封霄盔
10440240	Giáng Long Chi Phong Tiêu Khôi	Mũ	40	giao dịch được	降龙之封霄盔
10440241	Giáng Long Chi Diệt Hàn Khôi	Mũ	41	giao dịch được	降龙之灭寒盔
10440242	Giáng Long Chi Diệt Hàn Khôi	Mũ	42	giao dịch được	降龙之灭寒盔
10440243	Giáng Long Chi Diệt Hàn Khôi	Mũ	43	giao dịch được	降龙之灭寒盔
10440244	Giáng Long Chi Diệt Hàn Khôi	Mũ	44	giao dịch được	降龙之灭寒盔
10440245	Giáng Long Chi Diệt Hàn Khôi	Mũ	45	giao dịch được	降龙之灭寒盔
10440246	Giáng Long Chi Diệt Hàn Khôi	Mũ	46	giao dịch được	降龙之灭寒盔
10440247	Giáng Long Chi Diệt Hàn Khôi	Mũ	47	giao dịch được	降龙之灭寒盔
10440248	Giáng Long Chi Diệt Hàn Khôi	Mũ	48	giao dịch được	降龙之灭寒盔
10440249	Giáng Long Chi Diệt Hàn Khôi	Mũ	49	giao dịch được	降龙之灭寒盔
10440250	Giáng Long Chi Diệt Hàn Khôi	Mũ	50	giao dịch được	降龙之灭寒盔
10440251	Giáng Long Chi Nghịch Hoả Khôi	Mũ	51	giao dịch được	降龙之逆火盔
10440252	Giáng Long Chi Nghịch Hoả Khôi	Mũ	52	giao dịch được	降龙之逆火盔
10440253	Giáng Long Chi Nghịch Hoả Khôi	Mũ	53	giao dịch được	降龙之逆火盔
10440254	Giáng Long Chi Nghịch Hoả Khôi	Mũ	54	giao dịch được	降龙之逆火盔
10440255	Giáng Long Chi Nghịch Hoả Khôi	Mũ	55	giao dịch được	降龙之逆火盔
10440256	Giáng Long Chi Nghịch Hoả Khôi	Mũ	56	giao dịch được	降龙之逆火盔
10440257	Giáng Long Chi Nghịch Hoả Khôi	Mũ	57	giao dịch được	降龙之逆火盔
10440258	Giáng Long Chi Nghịch Hoả Khôi	Mũ	58	giao dịch được	降龙之逆火盔
10440259	Giáng Long Chi Nghịch Hoả Khôi	Mũ	59	giao dịch được	降龙之逆火盔
10440260	Giáng Long Chi Nghịch Hoả Khôi	Mũ	60	giao dịch được	降龙之逆火盔
10440261	Giáng Long Chi Thệ Trần Khôi	Mũ	61	giao dịch được	降龙之誓尘盔
10440262	Giáng Long Chi Thệ Trần Khôi	Mũ	62	giao dịch được	降龙之誓尘盔
10440263	Giáng Long Chi Thệ Trần Khôi	Mũ	63	giao dịch được	降龙之誓尘盔
10440264	Giáng Long Chi Thệ Trần Khôi	Mũ	64	giao dịch được	降龙之誓尘盔
10440265	Giáng Long Chi Thệ Trần Khôi	Mũ	65	giao dịch được	降龙之誓尘盔
10440266	Giáng Long Chi Thệ Trần Khôi	Mũ	66	giao dịch được	降龙之誓尘盔
10440267	Giáng Long Chi Thệ Trần Khôi	Mũ	67	giao dịch được	降龙之誓尘盔
10440268	Giáng Long Chi Thệ Trần Khôi	Mũ	68	giao dịch được	降龙之誓尘盔
10440269	Giáng Long Chi Thệ Trần Khôi	Mũ	69	giao dịch được	降龙之誓尘盔
10440270	Giáng Long Chi Thệ Trần Khôi	Mũ	70	giao dịch được	降龙之誓尘盔
10440271	Giáng Long Chi Diệt Phách Khôi	Mũ	71	giao dịch được	降龙之灭魄盔
10440272	Giáng Long Chi Diệt Phách Khôi	Mũ	72	giao dịch được	降龙之灭魄盔
10440273	Giáng Long Chi Diệt Phách Khôi	Mũ	73	giao dịch được	降龙之灭魄盔
10440274	Giáng Long Chi Diệt Phách Khôi	Mũ	74	giao dịch được	降龙之灭魄盔
10440275	Giáng Long Chi Diệt Phách Khôi	Mũ	75	giao dịch được	降龙之灭魄盔
10440276	Giáng Long Chi Diệt Phách Khôi	Mũ	76	giao dịch được	降龙之灭魄盔
10440277	Giáng Long Chi Diệt Phách Khôi	Mũ	77	giao dịch được	降龙之灭魄盔
10440278	Giáng Long Chi Diệt Phách Khôi	Mũ	78	giao dịch được	降龙之灭魄盔
10440279	Giáng Long Chi Diệt Phách Khôi	Mũ	79	giao dịch được	降龙之灭魄盔
10440280	Giáng Long Chi Diệt Phách Khôi	Mũ	80	giao dịch được	降龙之灭魄盔
10440281	Giáng Long Chi Hồn Phệ Thánh Khôi	Mũ	81	giao dịch được	降龙之魂噬圣盔
10440282	Giáng Long Chi Hồn Phệ Thánh Khôi	Mũ	82	giao dịch được	降龙之魂噬圣盔
10440283	Giáng Long Chi Hồn Phệ Thánh Khôi	Mũ	83	giao dịch được	降龙之魂噬圣盔
10440284	Giáng Long Chi Hồn Phệ Thánh Khôi	Mũ	84	giao dịch được	降龙之魂噬圣盔
10440285	Giáng Long Chi Hồn Phệ Thánh Khôi	Mũ	85	giao dịch được	降龙之魂噬圣盔
10440286	Giáng Long Chi Hồn Phệ Thánh Khôi	Mũ	86	giao dịch được	降龙之魂噬圣盔
10440287	Giáng Long Chi Hồn Phệ Thánh Khôi	Mũ	87	giao dịch được	降龙之魂噬圣盔
10440288	Giáng Long Chi Hồn Phệ Thánh Khôi	Mũ	88	giao dịch được	降龙之魂噬圣盔
10440289	Giáng Long Chi Hồn Phệ Thánh Khôi	Mũ	89	giao dịch được	降龙之魂噬圣盔
10440290	Giáng Long Chi Hồn Phệ Thánh Khôi	Mũ	90	giao dịch được	降龙之魂噬圣盔
10440291	Giáng Long Chi Trập Long Thiên Khôi	Mũ	91	giao dịch được	降龙之蛰龙天盔
10440292	Giáng Long Chi Trập Long Thiên Khôi	Mũ	92	giao dịch được	降龙之蛰龙天盔
10440293	Giáng Long Chi Trập Long Thiên Khôi	Mũ	93	giao dịch được	降龙之蛰龙天盔
10440294	Giáng Long Chi Trập Long Thiên Khôi	Mũ	94	giao dịch được	降龙之蛰龙天盔
10440295	Giáng Long Chi Trập Long Thiên Khôi	Mũ	95	giao dịch được	降龙之蛰龙天盔
10440296	Giáng Long Chi Trập Long Thiên Khôi	Mũ	96	giao dịch được	降龙之蛰龙天盔
10440297	Giáng Long Chi Trập Long Thiên Khôi	Mũ	97	giao dịch được	降龙之蛰龙天盔
10440298	Giáng Long Chi Trập Long Thiên Khôi	Mũ	98	giao dịch được	降龙之蛰龙天盔
10440299	Giáng Long Chi Trập Long Thiên Khôi	Mũ	99	giao dịch được	降龙之蛰龙天盔
10440300	Giáng Long Chi Trập Long Thiên Khôi	Mũ	100	giao dịch được	降龙之蛰龙天盔
10440301	Ngọc Nữ Chi Miên Bố Mạo	Mũ	1	giao dịch được	玉女之棉布帽
10440302	Ngọc Nữ Chi Miên Bố Mạo	Mũ	2	giao dịch được	玉女之棉布帽
10440303	Ngọc Nữ Chi Miên Bố Mạo	Mũ	3	giao dịch được	玉女之棉布帽
10440304	Ngọc Nữ Chi Miên Bố Mạo	Mũ	4	giao dịch được	玉女之棉布帽
10440305	Ngọc Nữ Chi Miên Bố Mạo	Mũ	5	giao dịch được	玉女之棉布帽
10440306	Ngọc Nữ Chi Miên Bố Mạo	Mũ	6	giao dịch được	玉女之棉布帽
10440307	Ngọc Nữ Chi Miên Bố Mạo	Mũ	7	giao dịch được	玉女之棉布帽
10440308	Ngọc Nữ Chi Miên Bố Mạo	Mũ	8	giao dịch được	玉女之棉布帽
10440309	Ngọc Nữ Chi Miên Bố Mạo	Mũ	9	giao dịch được	玉女之棉布帽
10440310	Ngọc Nữ Chi Miên Bố Mạo	Mũ	10	giao dịch được	玉女之棉布帽
10440311	Ngọc Nữ Chi Miên Ti Mạo	Mũ	11	giao dịch được	玉女之棉丝帽
10440312	Ngọc Nữ Chi Miên Ti Mạo	Mũ	12	giao dịch được	玉女之棉丝帽
10440313	Ngọc Nữ Chi Miên Ti Mạo	Mũ	13	giao dịch được	玉女之棉丝帽
10440314	Ngọc Nữ Chi Miên Ti Mạo	Mũ	14	giao dịch được	玉女之棉丝帽
10440315	Ngọc Nữ Chi Miên Ti Mạo	Mũ	15	giao dịch được	玉女之棉丝帽
10440316	Ngọc Nữ Chi Miên Ti Mạo	Mũ	16	giao dịch được	玉女之棉丝帽
10440317	Ngọc Nữ Chi Miên Ti Mạo	Mũ	17	giao dịch được	玉女之棉丝帽
10440318	Ngọc Nữ Chi Miên Ti Mạo	Mũ	18	giao dịch được	玉女之棉丝帽
10440319	Ngọc Nữ Chi Miên Ti Mạo	Mũ	19	giao dịch được	玉女之棉丝帽
10440320	Ngọc Nữ Chi Miên Ti Mạo	Mũ	20	giao dịch được	玉女之棉丝帽
10440321	Ngọc Nữ Chi Bồ Bố Mạo	Mũ	21	giao dịch được	玉女之蒲布帽
10440322	Ngọc Nữ Chi Bồ Bố Mạo	Mũ	22	giao dịch được	玉女之蒲布帽
10440323	Ngọc Nữ Chi Bồ Bố Mạo	Mũ	23	giao dịch được	玉女之蒲布帽
10440324	Ngọc Nữ Chi Bồ Bố Mạo	Mũ	24	giao dịch được	玉女之蒲布帽
10440325	Ngọc Nữ Chi Bồ Bố Mạo	Mũ	25	giao dịch được	玉女之蒲布帽
10440326	Ngọc Nữ Chi Bồ Bố Mạo	Mũ	26	giao dịch được	玉女之蒲布帽
10440327	Ngọc Nữ Chi Bồ Bố Mạo	Mũ	27	giao dịch được	玉女之蒲布帽
10440328	Ngọc Nữ Chi Bồ Bố Mạo	Mũ	28	giao dịch được	玉女之蒲布帽
10440329	Ngọc Nữ Chi Bồ Bố Mạo	Mũ	29	giao dịch được	玉女之蒲布帽
10440330	Ngọc Nữ Chi Bồ Bố Mạo	Mũ	30	giao dịch được	玉女之蒲布帽
10440331	Ngọc Nữ Chi Chân Ti Mạo	Mũ	31	giao dịch được	玉女之真丝帽
10440332	Ngọc Nữ Chi Chân Ti Mạo	Mũ	32	giao dịch được	玉女之真丝帽
10440333	Ngọc Nữ Chi Chân Ti Mạo	Mũ	33	giao dịch được	玉女之真丝帽
10440334	Ngọc Nữ Chi Chân Ti Mạo	Mũ	34	giao dịch được	玉女之真丝帽
10440335	Ngọc Nữ Chi Chân Ti Mạo	Mũ	35	giao dịch được	玉女之真丝帽
10440336	Ngọc Nữ Chi Chân Ti Mạo	Mũ	36	giao dịch được	玉女之真丝帽
10440337	Ngọc Nữ Chi Chân Ti Mạo	Mũ	37	giao dịch được	玉女之真丝帽
10440338	Ngọc Nữ Chi Chân Ti Mạo	Mũ	38	giao dịch được	玉女之真丝帽
10440339	Ngọc Nữ Chi Chân Ti Mạo	Mũ	39	giao dịch được	玉女之真丝帽
10440340	Ngọc Nữ Chi Chân Ti Mạo	Mũ	40	giao dịch được	玉女之真丝帽
10440341	Ngọc Nữ Chi Tô Cẩm Mạo	Mũ	41	giao dịch được	玉女之苏锦帽
10440342	Ngọc Nữ Chi Tô Cẩm Mạo	Mũ	42	giao dịch được	玉女之苏锦帽
10440343	Ngọc Nữ Chi Tô Cẩm Mạo	Mũ	43	giao dịch được	玉女之苏锦帽
10440344	Ngọc Nữ Chi Tô Cẩm Mạo	Mũ	44	giao dịch được	玉女之苏锦帽
10440345	Ngọc Nữ Chi Tô Cẩm Mạo	Mũ	45	giao dịch được	玉女之苏锦帽
10440346	Ngọc Nữ Chi Tô Cẩm Mạo	Mũ	46	giao dịch được	玉女之苏锦帽
10440347	Ngọc Nữ Chi Tô Cẩm Mạo	Mũ	47	giao dịch được	玉女之苏锦帽
10440348	Ngọc Nữ Chi Tô Cẩm Mạo	Mũ	48	giao dịch được	玉女之苏锦帽
10440349	Ngọc Nữ Chi Tô Cẩm Mạo	Mũ	49	giao dịch được	玉女之苏锦帽
10440350	Ngọc Nữ Chi Tô Cẩm Mạo	Mũ	50	giao dịch được	玉女之苏锦帽
10440351	Ngọc Nữ Chi Thanh Nga Quan	Mũ	51	giao dịch được	玉女之青峨冠
10440352	Ngọc Nữ Chi Thanh Nga Quan	Mũ	52	giao dịch được	玉女之青峨冠
10440353	Ngọc Nữ Chi Thanh Nga Quan	Mũ	53	giao dịch được	玉女之青峨冠
10440354	Ngọc Nữ Chi Thanh Nga Quan	Mũ	54	giao dịch được	玉女之青峨冠
10440355	Ngọc Nữ Chi Thanh Nga Quan	Mũ	55	giao dịch được	玉女之青峨冠
10440356	Ngọc Nữ Chi Thanh Nga Quan	Mũ	56	giao dịch được	玉女之青峨冠
10440357	Ngọc Nữ Chi Thanh Nga Quan	Mũ	57	giao dịch được	玉女之青峨冠
10440358	Ngọc Nữ Chi Thanh Nga Quan	Mũ	58	giao dịch được	玉女之青峨冠
10440359	Ngọc Nữ Chi Thanh Nga Quan	Mũ	59	giao dịch được	玉女之青峨冠
10440360	Ngọc Nữ Chi Thanh Nga Quan	Mũ	60	giao dịch được	玉女之青峨冠
10440361	Ngọc Nữ Chi Tứ Hải Quan	Mũ	61	giao dịch được	玉女之四海冠
10440362	Ngọc Nữ Chi Tứ Hải Quan	Mũ	62	giao dịch được	玉女之四海冠
10440363	Ngọc Nữ Chi Tứ Hải Quan	Mũ	63	giao dịch được	玉女之四海冠
10440364	Ngọc Nữ Chi Tứ Hải Quan	Mũ	64	giao dịch được	玉女之四海冠
10440365	Ngọc Nữ Chi Tứ Hải Quan	Mũ	65	giao dịch được	玉女之四海冠
10440366	Ngọc Nữ Chi Tứ Hải Quan	Mũ	66	giao dịch được	玉女之四海冠
10440367	Ngọc Nữ Chi Tứ Hải Quan	Mũ	67	giao dịch được	玉女之四海冠
10440368	Ngọc Nữ Chi Tứ Hải Quan	Mũ	68	giao dịch được	玉女之四海冠
10440369	Ngọc Nữ Chi Tứ Hải Quan	Mũ	69	giao dịch được	玉女之四海冠
10440370	Ngọc Nữ Chi Tứ Hải Quan	Mũ	70	giao dịch được	玉女之四海冠
10440371	Ngọc Nữ Chi Như Mộng Quan	Mũ	71	giao dịch được	玉女之如梦冠
10440372	Ngọc Nữ Chi Như Mộng Quan	Mũ	72	giao dịch được	玉女之如梦冠
10440373	Ngọc Nữ Chi Như Mộng Quan	Mũ	73	giao dịch được	玉女之如梦冠
10440374	Ngọc Nữ Chi Như Mộng Quan	Mũ	74	giao dịch được	玉女之如梦冠
10440375	Ngọc Nữ Chi Như Mộng Quan	Mũ	75	giao dịch được	玉女之如梦冠
10440376	Ngọc Nữ Chi Như Mộng Quan	Mũ	76	giao dịch được	玉女之如梦冠
10440377	Ngọc Nữ Chi Như Mộng Quan	Mũ	77	giao dịch được	玉女之如梦冠
10440378	Ngọc Nữ Chi Như Mộng Quan	Mũ	78	giao dịch được	玉女之如梦冠
10440379	Ngọc Nữ Chi Như Mộng Quan	Mũ	79	giao dịch được	玉女之如梦冠
10440380	Ngọc Nữ Chi Như Mộng Quan	Mũ	80	giao dịch được	玉女之如梦冠
10440381	Ngọc Nữ Chi Thánh Mục Mạo	Mũ	81	giao dịch được	玉女之圣目帽
10440382	Ngọc Nữ Chi Thánh Mục Mạo	Mũ	82	giao dịch được	玉女之圣目帽
10440383	Ngọc Nữ Chi Thánh Mục Mạo	Mũ	83	giao dịch được	玉女之圣目帽
10440384	Ngọc Nữ Chi Thánh Mục Mạo	Mũ	84	giao dịch được	玉女之圣目帽
10440385	Ngọc Nữ Chi Thánh Mục Mạo	Mũ	85	giao dịch được	玉女之圣目帽
10440386	Ngọc Nữ Chi Thánh Mục Mạo	Mũ	86	giao dịch được	玉女之圣目帽
10440387	Ngọc Nữ Chi Thánh Mục Mạo	Mũ	87	giao dịch được	玉女之圣目帽
10440388	Ngọc Nữ Chi Thánh Mục Mạo	Mũ	88	giao dịch được	玉女之圣目帽
10440389	Ngọc Nữ Chi Thánh Mục Mạo	Mũ	89	giao dịch được	玉女之圣目帽
10440390	Ngọc Nữ Chi Thánh Mục Mạo	Mũ	90	giao dịch được	玉女之圣目帽
10440391	Ngọc Nữ Chi Linh Động Thiên Quan	Mũ	91	giao dịch được	玉女之灵动天冠
10440392	Ngọc Nữ Chi Linh Động Thiên Quan	Mũ	92	giao dịch được	玉女之灵动天冠
10440393	Ngọc Nữ Chi Linh Động Thiên Quan	Mũ	93	giao dịch được	玉女之灵动天冠
10440394	Ngọc Nữ Chi Linh Động Thiên Quan	Mũ	94	giao dịch được	玉女之灵动天冠
10440395	Ngọc Nữ Chi Linh Động Thiên Quan	Mũ	95	giao dịch được	玉女之灵动天冠
10440396	Ngọc Nữ Chi Linh Động Thiên Quan	Mũ	96	giao dịch được	玉女之灵动天冠
10440397	Ngọc Nữ Chi Linh Động Thiên Quan	Mũ	97	giao dịch được	玉女之灵动天冠
10440398	Ngọc Nữ Chi Linh Động Thiên Quan	Mũ	98	giao dịch được	玉女之灵动天冠
10440399	Ngọc Nữ Chi Linh Động Thiên Quan	Mũ	99	giao dịch được	玉女之灵动天冠
10440400	Ngọc Nữ Chi Linh Động Thiên Quan	Mũ	100	giao dịch được	玉女之灵动天冠
10440401	Vô Cực Chi Miên Bố Mạo	Mũ	1	giao dịch được	无极之棉布帽
10440402	Vô Cực Chi Miên Bố Mạo	Mũ	2	giao dịch được	无极之棉布帽
10440403	Vô Cực Chi Miên Bố Mạo	Mũ	3	giao dịch được	无极之棉布帽
10440404	Vô Cực Chi Miên Bố Mạo	Mũ	4	giao dịch được	无极之棉布帽
10440405	Vô Cực Chi Miên Bố Mạo	Mũ	5	giao dịch được	无极之棉布帽
10440406	Vô Cực Chi Miên Bố Mạo	Mũ	6	giao dịch được	无极之棉布帽
10440407	Vô Cực Chi Miên Bố Mạo	Mũ	7	giao dịch được	无极之棉布帽
10440408	Vô Cực Chi Miên Bố Mạo	Mũ	8	giao dịch được	无极之棉布帽
10440409	Vô Cực Chi Miên Bố Mạo	Mũ	9	giao dịch được	无极之棉布帽
10440410	Vô Cực Chi Miên Bố Mạo	Mũ	10	giao dịch được	无极之棉布帽
10440411	Vô Cực Chi Miên Ti Mạo	Mũ	11	giao dịch được	无极之棉丝帽
10440412	Vô Cực Chi Miên Ti Mạo	Mũ	12	giao dịch được	无极之棉丝帽
10440413	Vô Cực Chi Miên Ti Mạo	Mũ	13	giao dịch được	无极之棉丝帽
10440414	Vô Cực Chi Miên Ti Mạo	Mũ	14	giao dịch được	无极之棉丝帽
10440415	Vô Cực Chi Miên Ti Mạo	Mũ	15	giao dịch được	无极之棉丝帽
10440416	Vô Cực Chi Miên Ti Mạo	Mũ	16	giao dịch được	无极之棉丝帽
10440417	Vô Cực Chi Miên Ti Mạo	Mũ	17	giao dịch được	无极之棉丝帽
10440418	Vô Cực Chi Miên Ti Mạo	Mũ	18	giao dịch được	无极之棉丝帽
10440419	Vô Cực Chi Miên Ti Mạo	Mũ	19	giao dịch được	无极之棉丝帽
10440420	Vô Cực Chi Miên Ti Mạo	Mũ	20	giao dịch được	无极之棉丝帽
10440421	Vô Cực Chi Bồ Bố Mạo	Mũ	21	giao dịch được	无极之蒲布帽
10440422	Vô Cực Chi Bồ Bố Mạo	Mũ	22	giao dịch được	无极之蒲布帽
10440423	Vô Cực Chi Bồ Bố Mạo	Mũ	23	giao dịch được	无极之蒲布帽
10440424	Vô Cực Chi Bồ Bố Mạo	Mũ	24	giao dịch được	无极之蒲布帽
10440425	Vô Cực Chi Bồ Bố Mạo	Mũ	25	giao dịch được	无极之蒲布帽
10440426	Vô Cực Chi Bồ Bố Mạo	Mũ	26	giao dịch được	无极之蒲布帽
10440427	Vô Cực Chi Bồ Bố Mạo	Mũ	27	giao dịch được	无极之蒲布帽
10440428	Vô Cực Chi Bồ Bố Mạo	Mũ	28	giao dịch được	无极之蒲布帽
10440429	Vô Cực Chi Bồ Bố Mạo	Mũ	29	giao dịch được	无极之蒲布帽
10440430	Vô Cực Chi Bồ Bố Mạo	Mũ	30	giao dịch được	无极之蒲布帽
10440431	Vô Cực Chi Chân Ti Mạo	Mũ	31	giao dịch được	无极之真丝帽
10440432	Vô Cực Chi Chân Ti Mạo	Mũ	32	giao dịch được	无极之真丝帽
10440433	Vô Cực Chi Chân Ti Mạo	Mũ	33	giao dịch được	无极之真丝帽
10440434	Vô Cực Chi Chân Ti Mạo	Mũ	34	giao dịch được	无极之真丝帽
10440435	Vô Cực Chi Chân Ti Mạo	Mũ	35	giao dịch được	无极之真丝帽
10440436	Vô Cực Chi Chân Ti Mạo	Mũ	36	giao dịch được	无极之真丝帽
10440437	Vô Cực Chi Chân Ti Mạo	Mũ	37	giao dịch được	无极之真丝帽
10440438	Vô Cực Chi Chân Ti Mạo	Mũ	38	giao dịch được	无极之真丝帽
10440439	Vô Cực Chi Chân Ti Mạo	Mũ	39	giao dịch được	无极之真丝帽
10440440	Vô Cực Chi Chân Ti Mạo	Mũ	40	giao dịch được	无极之真丝帽
10440441	Vô Cực Chi Tô Cẩm Mạo	Mũ	41	giao dịch được	无极之苏锦帽
10440442	Vô Cực Chi Tô Cẩm Mạo	Mũ	42	giao dịch được	无极之苏锦帽
10440443	Vô Cực Chi Tô Cẩm Mạo	Mũ	43	giao dịch được	无极之苏锦帽
10440444	Vô Cực Chi Tô Cẩm Mạo	Mũ	44	giao dịch được	无极之苏锦帽
10440445	Vô Cực Chi Tô Cẩm Mạo	Mũ	45	giao dịch được	无极之苏锦帽
10440446	Vô Cực Chi Tô Cẩm Mạo	Mũ	46	giao dịch được	无极之苏锦帽
10440447	Vô Cực Chi Tô Cẩm Mạo	Mũ	47	giao dịch được	无极之苏锦帽
10440448	Vô Cực Chi Tô Cẩm Mạo	Mũ	48	giao dịch được	无极之苏锦帽
10440449	Vô Cực Chi Tô Cẩm Mạo	Mũ	49	giao dịch được	无极之苏锦帽
10440450	Vô Cực Chi Tô Cẩm Mạo	Mũ	50	giao dịch được	无极之苏锦帽
10440451	Vô Cực Chi Thanh Nga Quan	Mũ	51	giao dịch được	无极之青峨冠
10440452	Vô Cực Chi Thanh Nga Quan	Mũ	52	giao dịch được	无极之青峨冠
10440453	Vô Cực Chi Thanh Nga Quan	Mũ	53	giao dịch được	无极之青峨冠
10440454	Vô Cực Chi Thanh Nga Quan	Mũ	54	giao dịch được	无极之青峨冠
10440455	Vô Cực Chi Thanh Nga Quan	Mũ	55	giao dịch được	无极之青峨冠
10440456	Vô Cực Chi Thanh Nga Quan	Mũ	56	giao dịch được	无极之青峨冠
10440457	Vô Cực Chi Thanh Nga Quan	Mũ	57	giao dịch được	无极之青峨冠
10440458	Vô Cực Chi Thanh Nga Quan	Mũ	58	giao dịch được	无极之青峨冠
10440459	Vô Cực Chi Thanh Nga Quan	Mũ	59	giao dịch được	无极之青峨冠
10440460	Vô Cực Chi Thanh Nga Quan	Mũ	60	giao dịch được	无极之青峨冠
10440461	Vô Cực Chi Tứ Hải Quan	Mũ	61	giao dịch được	无极之四海冠
10440462	Vô Cực Chi Tứ Hải Quan	Mũ	62	giao dịch được	无极之四海冠
10440463	Vô Cực Chi Tứ Hải Quan	Mũ	63	giao dịch được	无极之四海冠
10440464	Vô Cực Chi Tứ Hải Quan	Mũ	64	giao dịch được	无极之四海冠
10440465	Vô Cực Chi Tứ Hải Quan	Mũ	65	giao dịch được	无极之四海冠
10440466	Vô Cực Chi Tứ Hải Quan	Mũ	66	giao dịch được	无极之四海冠
10440467	Vô Cực Chi Tứ Hải Quan	Mũ	67	giao dịch được	无极之四海冠
10440468	Vô Cực Chi Tứ Hải Quan	Mũ	68	giao dịch được	无极之四海冠
10440469	Vô Cực Chi Tứ Hải Quan	Mũ	69	giao dịch được	无极之四海冠
10440470	Vô Cực Chi Tứ Hải Quan	Mũ	70	giao dịch được	无极之四海冠
10440471	Vô Cực Chi Như Mộng Quan	Mũ	71	giao dịch được	无极之如梦冠
10440472	Vô Cực Chi Như Mộng Quan	Mũ	72	giao dịch được	无极之如梦冠
10440473	Vô Cực Chi Như Mộng Quan	Mũ	73	giao dịch được	无极之如梦冠
10440474	Vô Cực Chi Như Mộng Quan	Mũ	74	giao dịch được	无极之如梦冠
10440475	Vô Cực Chi Như Mộng Quan	Mũ	75	giao dịch được	无极之如梦冠
10440476	Vô Cực Chi Như Mộng Quan	Mũ	76	giao dịch được	无极之如梦冠
10440477	Vô Cực Chi Như Mộng Quan	Mũ	77	giao dịch được	无极之如梦冠
10440478	Vô Cực Chi Như Mộng Quan	Mũ	78	giao dịch được	无极之如梦冠
10440479	Vô Cực Chi Như Mộng Quan	Mũ	79	giao dịch được	无极之如梦冠
10440480	Vô Cực Chi Như Mộng Quan	Mũ	80	giao dịch được	无极之如梦冠
10440481	Vô Cực Chi Thánh Mục Mạo	Mũ	81	giao dịch được	无极之圣目帽
10440482	Vô Cực Chi Thánh Mục Mạo	Mũ	82	giao dịch được	无极之圣目帽
10440483	Vô Cực Chi Thánh Mục Mạo	Mũ	83	giao dịch được	无极之圣目帽
10440484	Vô Cực Chi Thánh Mục Mạo	Mũ	84	giao dịch được	无极之圣目帽
10440485	Vô Cực Chi Thánh Mục Mạo	Mũ	85	giao dịch được	无极之圣目帽
10440486	Vô Cực Chi Thánh Mục Mạo	Mũ	86	giao dịch được	无极之圣目帽
10440487	Vô Cực Chi Thánh Mục Mạo	Mũ	87	giao dịch được	无极之圣目帽
10440488	Vô Cực Chi Thánh Mục Mạo	Mũ	88	giao dịch được	无极之圣目帽
10440489	Vô Cực Chi Thánh Mục Mạo	Mũ	89	giao dịch được	无极之圣目帽
10440490	Vô Cực Chi Thánh Mục Mạo	Mũ	90	giao dịch được	无极之圣目帽
10440491	Vô Cực Chi Linh Động Thiên Quan	Mũ	91	giao dịch được	无极之灵动天冠
10440492	Vô Cực Chi Linh Động Thiên Quan	Mũ	92	giao dịch được	无极之灵动天冠
10440493	Vô Cực Chi Linh Động Thiên Quan	Mũ	93	giao dịch được	无极之灵动天冠
10440494	Vô Cực Chi Linh Động Thiên Quan	Mũ	94	giao dịch được	无极之灵动天冠
10440495	Vô Cực Chi Linh Động Thiên Quan	Mũ	95	giao dịch được	无极之灵动天冠
10440496	Vô Cực Chi Linh Động Thiên Quan	Mũ	96	giao dịch được	无极之灵动天冠
10440497	Vô Cực Chi Linh Động Thiên Quan	Mũ	97	giao dịch được	无极之灵动天冠
10440498	Vô Cực Chi Linh Động Thiên Quan	Mũ	98	giao dịch được	无极之灵动天冠
10440499	Vô Cực Chi Linh Động Thiên Quan	Mũ	99	giao dịch được	无极之灵动天冠
10440500	Vô Cực Chi Linh Động Thiên Quan	Mũ	100	giao dịch được	无极之灵动天冠
10440501	Hoang Độc Chi Miên Bố Mạo	Mũ	1	giao dịch được	荒毒之棉布帽
10440502	Hoang Độc Chi Miên Bố Mạo	Mũ	2	giao dịch được	荒毒之棉布帽
10440503	Hoang Độc Chi Miên Bố Mạo	Mũ	3	giao dịch được	荒毒之棉布帽
10440504	Hoang Độc Chi Miên Bố Mạo	Mũ	4	giao dịch được	荒毒之棉布帽
10440505	Hoang Độc Chi Miên Bố Mạo	Mũ	5	giao dịch được	荒毒之棉布帽
10440506	Hoang Độc Chi Miên Bố Mạo	Mũ	6	giao dịch được	荒毒之棉布帽
10440507	Hoang Độc Chi Miên Bố Mạo	Mũ	7	giao dịch được	荒毒之棉布帽
10440508	Hoang Độc Chi Miên Bố Mạo	Mũ	8	giao dịch được	荒毒之棉布帽
10440509	Hoang Độc Chi Miên Bố Mạo	Mũ	9	giao dịch được	荒毒之棉布帽
10440510	Hoang Độc Chi Miên Bố Mạo	Mũ	10	giao dịch được	荒毒之棉布帽
10440511	Hoang Độc Chi Miên Ti Mạo	Mũ	11	giao dịch được	荒毒之棉丝帽
10440512	Hoang Độc Chi Miên Ti Mạo	Mũ	12	giao dịch được	荒毒之棉丝帽
10440513	Hoang Độc Chi Miên Ti Mạo	Mũ	13	giao dịch được	荒毒之棉丝帽
10440514	Hoang Độc Chi Miên Ti Mạo	Mũ	14	giao dịch được	荒毒之棉丝帽
10440515	Hoang Độc Chi Miên Ti Mạo	Mũ	15	giao dịch được	荒毒之棉丝帽
10440516	Hoang Độc Chi Miên Ti Mạo	Mũ	16	giao dịch được	荒毒之棉丝帽
10440517	Hoang Độc Chi Miên Ti Mạo	Mũ	17	giao dịch được	荒毒之棉丝帽
10440518	Hoang Độc Chi Miên Ti Mạo	Mũ	18	giao dịch được	荒毒之棉丝帽
10440519	Hoang Độc Chi Miên Ti Mạo	Mũ	19	giao dịch được	荒毒之棉丝帽
10440520	Hoang Độc Chi Miên Ti Mạo	Mũ	20	giao dịch được	荒毒之棉丝帽
10440521	Hoang Độc Chi Bồ Bố Mạo	Mũ	21	giao dịch được	荒毒之蒲布帽
10440522	Hoang Độc Chi Bồ Bố Mạo	Mũ	22	giao dịch được	荒毒之蒲布帽
10440523	Hoang Độc Chi Bồ Bố Mạo	Mũ	23	giao dịch được	荒毒之蒲布帽
10440524	Hoang Độc Chi Bồ Bố Mạo	Mũ	24	giao dịch được	荒毒之蒲布帽
10440525	Hoang Độc Chi Bồ Bố Mạo	Mũ	25	giao dịch được	荒毒之蒲布帽
10440526	Hoang Độc Chi Bồ Bố Mạo	Mũ	26	giao dịch được	荒毒之蒲布帽
10440527	Hoang Độc Chi Bồ Bố Mạo	Mũ	27	giao dịch được	荒毒之蒲布帽
10440528	Hoang Độc Chi Bồ Bố Mạo	Mũ	28	giao dịch được	荒毒之蒲布帽
10440529	Hoang Độc Chi Bồ Bố Mạo	Mũ	29	giao dịch được	荒毒之蒲布帽
10440530	Hoang Độc Chi Bồ Bố Mạo	Mũ	30	giao dịch được	荒毒之蒲布帽
10440531	Hoang Độc Chi Chân Ti Mạo	Mũ	31	giao dịch được	荒毒之真丝帽
10440532	Hoang Độc Chi Chân Ti Mạo	Mũ	32	giao dịch được	荒毒之真丝帽
10440533	Hoang Độc Chi Chân Ti Mạo	Mũ	33	giao dịch được	荒毒之真丝帽
10440534	Hoang Độc Chi Chân Ti Mạo	Mũ	34	giao dịch được	荒毒之真丝帽
10440535	Hoang Độc Chi Chân Ti Mạo	Mũ	35	giao dịch được	荒毒之真丝帽
10440536	Hoang Độc Chi Chân Ti Mạo	Mũ	36	giao dịch được	荒毒之真丝帽
10440537	Hoang Độc Chi Chân Ti Mạo	Mũ	37	giao dịch được	荒毒之真丝帽
10440538	Hoang Độc Chi Chân Ti Mạo	Mũ	38	giao dịch được	荒毒之真丝帽
10440539	Hoang Độc Chi Chân Ti Mạo	Mũ	39	giao dịch được	荒毒之真丝帽
10440540	Hoang Độc Chi Chân Ti Mạo	Mũ	40	giao dịch được	荒毒之真丝帽
10440541	Hoang Độc Chi Tô Cẩm Mạo	Mũ	41	giao dịch được	荒毒之苏锦帽
10440542	Hoang Độc Chi Tô Cẩm Mạo	Mũ	42	giao dịch được	荒毒之苏锦帽
10440543	Hoang Độc Chi Tô Cẩm Mạo	Mũ	43	giao dịch được	荒毒之苏锦帽
10440544	Hoang Độc Chi Tô Cẩm Mạo	Mũ	44	giao dịch được	荒毒之苏锦帽
10440545	Hoang Độc Chi Tô Cẩm Mạo	Mũ	45	giao dịch được	荒毒之苏锦帽
10440546	Hoang Độc Chi Tô Cẩm Mạo	Mũ	46	giao dịch được	荒毒之苏锦帽
10440547	Hoang Độc Chi Tô Cẩm Mạo	Mũ	47	giao dịch được	荒毒之苏锦帽
10440548	Hoang Độc Chi Tô Cẩm Mạo	Mũ	48	giao dịch được	荒毒之苏锦帽
10440549	Hoang Độc Chi Tô Cẩm Mạo	Mũ	49	giao dịch được	荒毒之苏锦帽
10440550	Hoang Độc Chi Tô Cẩm Mạo	Mũ	50	giao dịch được	荒毒之苏锦帽
10440551	Hoang Độc Chi Thanh Nga Quan	Mũ	51	giao dịch được	荒毒之青峨冠
10440552	Hoang Độc Chi Thanh Nga Quan	Mũ	52	giao dịch được	荒毒之青峨冠
10440553	Hoang Độc Chi Thanh Nga Quan	Mũ	53	giao dịch được	荒毒之青峨冠
10440554	Hoang Độc Chi Thanh Nga Quan	Mũ	54	giao dịch được	荒毒之青峨冠
10440555	Hoang Độc Chi Thanh Nga Quan	Mũ	55	giao dịch được	荒毒之青峨冠
10440556	Hoang Độc Chi Thanh Nga Quan	Mũ	56	giao dịch được	荒毒之青峨冠
10440557	Hoang Độc Chi Thanh Nga Quan	Mũ	57	giao dịch được	荒毒之青峨冠
10440558	Hoang Độc Chi Thanh Nga Quan	Mũ	58	giao dịch được	荒毒之青峨冠
10440559	Hoang Độc Chi Thanh Nga Quan	Mũ	59	giao dịch được	荒毒之青峨冠
10440560	Hoang Độc Chi Thanh Nga Quan	Mũ	60	giao dịch được	荒毒之青峨冠
10440561	Hoang Độc Chi Tứ Hải Quan	Mũ	61	giao dịch được	荒毒之四海冠
10440562	Hoang Độc Chi Tứ Hải Quan	Mũ	62	giao dịch được	荒毒之四海冠
10440563	Hoang Độc Chi Tứ Hải Quan	Mũ	63	giao dịch được	荒毒之四海冠
10440564	Hoang Độc Chi Tứ Hải Quan	Mũ	64	giao dịch được	荒毒之四海冠
10440565	Hoang Độc Chi Tứ Hải Quan	Mũ	65	giao dịch được	荒毒之四海冠
10440566	Hoang Độc Chi Tứ Hải Quan	Mũ	66	giao dịch được	荒毒之四海冠
10440567	Hoang Độc Chi Tứ Hải Quan	Mũ	67	giao dịch được	荒毒之四海冠
10440568	Hoang Độc Chi Tứ Hải Quan	Mũ	68	giao dịch được	荒毒之四海冠
10440569	Hoang Độc Chi Tứ Hải Quan	Mũ	69	giao dịch được	荒毒之四海冠
10440570	Hoang Độc Chi Tứ Hải Quan	Mũ	70	giao dịch được	荒毒之四海冠
10440571	Hoang Độc Chi Như Mộng Quan	Mũ	71	giao dịch được	荒毒之如梦冠
10440572	Hoang Độc Chi Như Mộng Quan	Mũ	72	giao dịch được	荒毒之如梦冠
10440573	Hoang Độc Chi Như Mộng Quan	Mũ	73	giao dịch được	荒毒之如梦冠
10440574	Hoang Độc Chi Như Mộng Quan	Mũ	74	giao dịch được	荒毒之如梦冠
10440575	Hoang Độc Chi Như Mộng Quan	Mũ	75	giao dịch được	荒毒之如梦冠
10440576	Hoang Độc Chi Như Mộng Quan	Mũ	76	giao dịch được	荒毒之如梦冠
10440577	Hoang Độc Chi Như Mộng Quan	Mũ	77	giao dịch được	荒毒之如梦冠
10440578	Hoang Độc Chi Như Mộng Quan	Mũ	78	giao dịch được	荒毒之如梦冠
10440579	Hoang Độc Chi Như Mộng Quan	Mũ	79	giao dịch được	荒毒之如梦冠
10440580	Hoang Độc Chi Như Mộng Quan	Mũ	80	giao dịch được	荒毒之如梦冠
10440581	Hoang Độc Chi Thánh Mục Mạo	Mũ	81	giao dịch được	荒毒之圣目帽
10440582	Hoang Độc Chi Thánh Mục Mạo	Mũ	82	giao dịch được	荒毒之圣目帽
10440583	Hoang Độc Chi Thánh Mục Mạo	Mũ	83	giao dịch được	荒毒之圣目帽
10440584	Hoang Độc Chi Thánh Mục Mạo	Mũ	84	giao dịch được	荒毒之圣目帽
10440585	Hoang Độc Chi Thánh Mục Mạo	Mũ	85	giao dịch được	荒毒之圣目帽
10440586	Hoang Độc Chi Thánh Mục Mạo	Mũ	86	giao dịch được	荒毒之圣目帽
10440587	Hoang Độc Chi Thánh Mục Mạo	Mũ	87	giao dịch được	荒毒之圣目帽
10440588	Hoang Độc Chi Thánh Mục Mạo	Mũ	88	giao dịch được	荒毒之圣目帽
10440589	Hoang Độc Chi Thánh Mục Mạo	Mũ	89	giao dịch được	荒毒之圣目帽
10440590	Hoang Độc Chi Thánh Mục Mạo	Mũ	90	giao dịch được	荒毒之圣目帽
10440591	Hoang Độc Chi Linh Động Thiên Quan	Mũ	91	giao dịch được	荒毒之灵动天冠
10440592	Hoang Độc Chi Linh Động Thiên Quan	Mũ	92	giao dịch được	荒毒之灵动天冠
10440593	Hoang Độc Chi Linh Động Thiên Quan	Mũ	93	giao dịch được	荒毒之灵动天冠
10440594	Hoang Độc Chi Linh Động Thiên Quan	Mũ	94	giao dịch được	荒毒之灵动天冠
10440595	Hoang Độc Chi Linh Động Thiên Quan	Mũ	95	giao dịch được	荒毒之灵动天冠
10440596	Hoang Độc Chi Linh Động Thiên Quan	Mũ	96	giao dịch được	荒毒之灵动天冠
10440597	Hoang Độc Chi Linh Động Thiên Quan	Mũ	97	giao dịch được	荒毒之灵动天冠
10440598	Hoang Độc Chi Linh Động Thiên Quan	Mũ	98	giao dịch được	荒毒之灵动天冠
10440599	Hoang Độc Chi Linh Động Thiên Quan	Mũ	99	giao dịch được	荒毒之灵动天冠
10440600	Hoang Độc Chi Linh Động Thiên Quan	Mũ	100	giao dịch được	荒毒之灵动天冠
10440601	Vô Tướng Chi Tích Bì Mạo	Mũ	1	giao dịch được	无相之蜥皮帽
10440602	Vô Tướng Chi Tích Bì Mạo	Mũ	2	giao dịch được	无相之蜥皮帽
10440603	Vô Tướng Chi Tích Bì Mạo	Mũ	3	giao dịch được	无相之蜥皮帽
10440604	Vô Tướng Chi Tích Bì Mạo	Mũ	4	giao dịch được	无相之蜥皮帽
10440605	Vô Tướng Chi Tích Bì Mạo	Mũ	5	giao dịch được	无相之蜥皮帽
10440606	Vô Tướng Chi Tích Bì Mạo	Mũ	6	giao dịch được	无相之蜥皮帽
10440607	Vô Tướng Chi Tích Bì Mạo	Mũ	7	giao dịch được	无相之蜥皮帽
10440608	Vô Tướng Chi Tích Bì Mạo	Mũ	8	giao dịch được	无相之蜥皮帽
10440609	Vô Tướng Chi Tích Bì Mạo	Mũ	9	giao dịch được	无相之蜥皮帽
10440610	Vô Tướng Chi Tích Bì Mạo	Mũ	10	giao dịch được	无相之蜥皮帽
10440611	Vô Tướng Chi Ngân Bì Mạo	Mũ	11	giao dịch được	无相之银皮帽
10440612	Vô Tướng Chi Ngân Bì Mạo	Mũ	12	giao dịch được	无相之银皮帽
10440613	Vô Tướng Chi Ngân Bì Mạo	Mũ	13	giao dịch được	无相之银皮帽
10440614	Vô Tướng Chi Ngân Bì Mạo	Mũ	14	giao dịch được	无相之银皮帽
10440615	Vô Tướng Chi Ngân Bì Mạo	Mũ	15	giao dịch được	无相之银皮帽
10440616	Vô Tướng Chi Ngân Bì Mạo	Mũ	16	giao dịch được	无相之银皮帽
10440617	Vô Tướng Chi Ngân Bì Mạo	Mũ	17	giao dịch được	无相之银皮帽
10440618	Vô Tướng Chi Ngân Bì Mạo	Mũ	18	giao dịch được	无相之银皮帽
10440619	Vô Tướng Chi Ngân Bì Mạo	Mũ	19	giao dịch được	无相之银皮帽
10440620	Vô Tướng Chi Ngân Bì Mạo	Mũ	20	giao dịch được	无相之银皮帽
10440621	Vô Tướng Chi Bì Lân Mạo	Mũ	21	giao dịch được	无相之皮麟帽
10440622	Vô Tướng Chi Bì Lân Mạo	Mũ	22	giao dịch được	无相之皮麟帽
10440623	Vô Tướng Chi Bì Lân Mạo	Mũ	23	giao dịch được	无相之皮麟帽
10440624	Vô Tướng Chi Bì Lân Mạo	Mũ	24	giao dịch được	无相之皮麟帽
10440625	Vô Tướng Chi Bì Lân Mạo	Mũ	25	giao dịch được	无相之皮麟帽
10440626	Vô Tướng Chi Bì Lân Mạo	Mũ	26	giao dịch được	无相之皮麟帽
10440627	Vô Tướng Chi Bì Lân Mạo	Mũ	27	giao dịch được	无相之皮麟帽
10440628	Vô Tướng Chi Bì Lân Mạo	Mũ	28	giao dịch được	无相之皮麟帽
10440629	Vô Tướng Chi Bì Lân Mạo	Mũ	29	giao dịch được	无相之皮麟帽
10440630	Vô Tướng Chi Bì Lân Mạo	Mũ	30	giao dịch được	无相之皮麟帽
10440631	Vô Tướng Chi Dao Tiên Mạo	Mũ	31	giao dịch được	无相之瑶仙帽
10440632	Vô Tướng Chi Dao Tiên Mạo	Mũ	32	giao dịch được	无相之瑶仙帽
10440633	Vô Tướng Chi Dao Tiên Mạo	Mũ	33	giao dịch được	无相之瑶仙帽
10440634	Vô Tướng Chi Dao Tiên Mạo	Mũ	34	giao dịch được	无相之瑶仙帽
10440635	Vô Tướng Chi Dao Tiên Mạo	Mũ	35	giao dịch được	无相之瑶仙帽
10440636	Vô Tướng Chi Dao Tiên Mạo	Mũ	36	giao dịch được	无相之瑶仙帽
10440637	Vô Tướng Chi Dao Tiên Mạo	Mũ	37	giao dịch được	无相之瑶仙帽
10440638	Vô Tướng Chi Dao Tiên Mạo	Mũ	38	giao dịch được	无相之瑶仙帽
10440639	Vô Tướng Chi Dao Tiên Mạo	Mũ	39	giao dịch được	无相之瑶仙帽
10440640	Vô Tướng Chi Dao Tiên Mạo	Mũ	40	giao dịch được	无相之瑶仙帽
10440641	Vô Tướng Chi Thiều Hoa Mạo	Mũ	41	giao dịch được	无相之韶华帽
10440642	Vô Tướng Chi Thiều Hoa Mạo	Mũ	42	giao dịch được	无相之韶华帽
10440643	Vô Tướng Chi Thiều Hoa Mạo	Mũ	43	giao dịch được	无相之韶华帽
10440644	Vô Tướng Chi Thiều Hoa Mạo	Mũ	44	giao dịch được	无相之韶华帽
10440645	Vô Tướng Chi Thiều Hoa Mạo	Mũ	45	giao dịch được	无相之韶华帽
10440646	Vô Tướng Chi Thiều Hoa Mạo	Mũ	46	giao dịch được	无相之韶华帽
10440647	Vô Tướng Chi Thiều Hoa Mạo	Mũ	47	giao dịch được	无相之韶华帽
10440648	Vô Tướng Chi Thiều Hoa Mạo	Mũ	48	giao dịch được	无相之韶华帽
10440649	Vô Tướng Chi Thiều Hoa Mạo	Mũ	49	giao dịch được	无相之韶华帽
10440650	Vô Tướng Chi Thiều Hoa Mạo	Mũ	50	giao dịch được	无相之韶华帽
10440651	Vô Tướng Chi Ngân Tiêu Mạo	Mũ	51	giao dịch được	无相之银霄帽
10440652	Vô Tướng Chi Ngân Tiêu Mạo	Mũ	52	giao dịch được	无相之银霄帽
10440653	Vô Tướng Chi Ngân Tiêu Mạo	Mũ	53	giao dịch được	无相之银霄帽
10440654	Vô Tướng Chi Ngân Tiêu Mạo	Mũ	54	giao dịch được	无相之银霄帽
10440655	Vô Tướng Chi Ngân Tiêu Mạo	Mũ	55	giao dịch được	无相之银霄帽
10440656	Vô Tướng Chi Ngân Tiêu Mạo	Mũ	56	giao dịch được	无相之银霄帽
10440657	Vô Tướng Chi Ngân Tiêu Mạo	Mũ	57	giao dịch được	无相之银霄帽
10440658	Vô Tướng Chi Ngân Tiêu Mạo	Mũ	58	giao dịch được	无相之银霄帽
10440659	Vô Tướng Chi Ngân Tiêu Mạo	Mũ	59	giao dịch được	无相之银霄帽
10440660	Vô Tướng Chi Ngân Tiêu Mạo	Mũ	60	giao dịch được	无相之银霄帽
10440661	Vô Tướng Chi Quỷ Vụ Mạo	Mũ	61	giao dịch được	无相之鬼雾帽
10440662	Vô Tướng Chi Quỷ Vụ Mạo	Mũ	62	giao dịch được	无相之鬼雾帽
10440663	Vô Tướng Chi Quỷ Vụ Mạo	Mũ	63	giao dịch được	无相之鬼雾帽
10440664	Vô Tướng Chi Quỷ Vụ Mạo	Mũ	64	giao dịch được	无相之鬼雾帽
10440665	Vô Tướng Chi Quỷ Vụ Mạo	Mũ	65	giao dịch được	无相之鬼雾帽
10440666	Vô Tướng Chi Quỷ Vụ Mạo	Mũ	66	giao dịch được	无相之鬼雾帽
10440667	Vô Tướng Chi Quỷ Vụ Mạo	Mũ	67	giao dịch được	无相之鬼雾帽
10440668	Vô Tướng Chi Quỷ Vụ Mạo	Mũ	68	giao dịch được	无相之鬼雾帽
10440669	Vô Tướng Chi Quỷ Vụ Mạo	Mũ	69	giao dịch được	无相之鬼雾帽
10440670	Vô Tướng Chi Quỷ Vụ Mạo	Mũ	70	giao dịch được	无相之鬼雾帽
10440671	Vô Tướng Chi Luyện Loan Mạo	Mũ	71	giao dịch được	无相之炼鸾帽
10440672	Vô Tướng Chi Luyện Loan Mạo	Mũ	72	giao dịch được	无相之炼鸾帽
10440673	Vô Tướng Chi Luyện Loan Mạo	Mũ	73	giao dịch được	无相之炼鸾帽
10440674	Vô Tướng Chi Luyện Loan Mạo	Mũ	74	giao dịch được	无相之炼鸾帽
10440675	Vô Tướng Chi Luyện Loan Mạo	Mũ	75	giao dịch được	无相之炼鸾帽
10440676	Vô Tướng Chi Luyện Loan Mạo	Mũ	76	giao dịch được	无相之炼鸾帽
10440677	Vô Tướng Chi Luyện Loan Mạo	Mũ	77	giao dịch được	无相之炼鸾帽
10440678	Vô Tướng Chi Luyện Loan Mạo	Mũ	78	giao dịch được	无相之炼鸾帽
10440679	Vô Tướng Chi Luyện Loan Mạo	Mũ	79	giao dịch được	无相之炼鸾帽
10440680	Vô Tướng Chi Luyện Loan Mạo	Mũ	80	giao dịch được	无相之炼鸾帽
10440681	Vô Tướng Chi Mị Giao Mạo	Mũ	81	giao dịch được	无相之魅蛟帽
10440682	Vô Tướng Chi Mị Giao Mạo	Mũ	82	giao dịch được	无相之魅蛟帽
10440683	Vô Tướng Chi Mị Giao Mạo	Mũ	83	giao dịch được	无相之魅蛟帽
10440684	Vô Tướng Chi Mị Giao Mạo	Mũ	84	giao dịch được	无相之魅蛟帽
10440685	Vô Tướng Chi Mị Giao Mạo	Mũ	85	giao dịch được	无相之魅蛟帽
10440686	Vô Tướng Chi Mị Giao Mạo	Mũ	86	giao dịch được	无相之魅蛟帽
10440687	Vô Tướng Chi Mị Giao Mạo	Mũ	87	giao dịch được	无相之魅蛟帽
10440688	Vô Tướng Chi Mị Giao Mạo	Mũ	88	giao dịch được	无相之魅蛟帽
10440689	Vô Tướng Chi Mị Giao Mạo	Mũ	89	giao dịch được	无相之魅蛟帽
10440690	Vô Tướng Chi Mị Giao Mạo	Mũ	90	giao dịch được	无相之魅蛟帽
10440691	Vô Tướng Chi Toan Nghê Mạo	Mũ	91	giao dịch được	无相之狻猊帽
10440692	Vô Tướng Chi Toan Nghê Mạo	Mũ	92	giao dịch được	无相之狻猊帽
10440693	Vô Tướng Chi Toan Nghê Mạo	Mũ	93	giao dịch được	无相之狻猊帽
10440694	Vô Tướng Chi Toan Nghê Mạo	Mũ	94	giao dịch được	无相之狻猊帽
10440695	Vô Tướng Chi Toan Nghê Mạo	Mũ	95	giao dịch được	无相之狻猊帽
10440696	Vô Tướng Chi Toan Nghê Mạo	Mũ	96	giao dịch được	无相之狻猊帽
10440697	Vô Tướng Chi Toan Nghê Mạo	Mũ	97	giao dịch được	无相之狻猊帽
10440698	Vô Tướng Chi Toan Nghê Mạo	Mũ	98	giao dịch được	无相之狻猊帽
10440699	Vô Tướng Chi Toan Nghê Mạo	Mũ	99	giao dịch được	无相之狻猊帽
10440700	Vô Tướng Chi Toan Nghê Mạo	Mũ	100	giao dịch được	无相之狻猊帽
10440701	Bắc Minh Chi Tích Bì Mạo	Mũ	1	giao dịch được	北冥之蜥皮帽
10440702	Bắc Minh Chi Tích Bì Mạo	Mũ	2	giao dịch được	北冥之蜥皮帽
10440703	Bắc Minh Chi Tích Bì Mạo	Mũ	3	giao dịch được	北冥之蜥皮帽
10440704	Bắc Minh Chi Tích Bì Mạo	Mũ	4	giao dịch được	北冥之蜥皮帽
10440705	Bắc Minh Chi Tích Bì Mạo	Mũ	5	giao dịch được	北冥之蜥皮帽
10440706	Bắc Minh Chi Tích Bì Mạo	Mũ	6	giao dịch được	北冥之蜥皮帽
10440707	Bắc Minh Chi Tích Bì Mạo	Mũ	7	giao dịch được	北冥之蜥皮帽
10440708	Bắc Minh Chi Tích Bì Mạo	Mũ	8	giao dịch được	北冥之蜥皮帽
10440709	Bắc Minh Chi Tích Bì Mạo	Mũ	9	giao dịch được	北冥之蜥皮帽
10440710	Bắc Minh Chi Tích Bì Mạo	Mũ	10	giao dịch được	北冥之蜥皮帽
10440711	Bắc Minh Chi Ngân Bì Mạo	Mũ	11	giao dịch được	北冥之银皮帽
10440712	Bắc Minh Chi Ngân Bì Mạo	Mũ	12	giao dịch được	北冥之银皮帽
10440713	Bắc Minh Chi Ngân Bì Mạo	Mũ	13	giao dịch được	北冥之银皮帽
10440714	Bắc Minh Chi Ngân Bì Mạo	Mũ	14	giao dịch được	北冥之银皮帽
10440715	Bắc Minh Chi Ngân Bì Mạo	Mũ	15	giao dịch được	北冥之银皮帽
10440716	Bắc Minh Chi Ngân Bì Mạo	Mũ	16	giao dịch được	北冥之银皮帽
10440717	Bắc Minh Chi Ngân Bì Mạo	Mũ	17	giao dịch được	北冥之银皮帽
10440718	Bắc Minh Chi Ngân Bì Mạo	Mũ	18	giao dịch được	北冥之银皮帽
10440719	Bắc Minh Chi Ngân Bì Mạo	Mũ	19	giao dịch được	北冥之银皮帽
10440720	Bắc Minh Chi Ngân Bì Mạo	Mũ	20	giao dịch được	北冥之银皮帽
10440721	Bắc Minh Chi Bì Lân Mạo	Mũ	21	giao dịch được	北冥之皮麟帽
10440722	Bắc Minh Chi Bì Lân Mạo	Mũ	22	giao dịch được	北冥之皮麟帽
10440723	Bắc Minh Chi Bì Lân Mạo	Mũ	23	giao dịch được	北冥之皮麟帽
10440724	Bắc Minh Chi Bì Lân Mạo	Mũ	24	giao dịch được	北冥之皮麟帽
10440725	Bắc Minh Chi Bì Lân Mạo	Mũ	25	giao dịch được	北冥之皮麟帽
10440726	Bắc Minh Chi Bì Lân Mạo	Mũ	26	giao dịch được	北冥之皮麟帽
10440727	Bắc Minh Chi Bì Lân Mạo	Mũ	27	giao dịch được	北冥之皮麟帽
10440728	Bắc Minh Chi Bì Lân Mạo	Mũ	28	giao dịch được	北冥之皮麟帽
10440729	Bắc Minh Chi Bì Lân Mạo	Mũ	29	giao dịch được	北冥之皮麟帽
10440730	Bắc Minh Chi Bì Lân Mạo	Mũ	30	giao dịch được	北冥之皮麟帽
10440731	Bắc Minh Chi Dao Tiên Mạo	Mũ	31	giao dịch được	北冥之瑶仙帽
10440732	Bắc Minh Chi Dao Tiên Mạo	Mũ	32	giao dịch được	北冥之瑶仙帽
10440733	Bắc Minh Chi Dao Tiên Mạo	Mũ	33	giao dịch được	北冥之瑶仙帽
10440734	Bắc Minh Chi Dao Tiên Mạo	Mũ	34	giao dịch được	北冥之瑶仙帽
10440735	Bắc Minh Chi Dao Tiên Mạo	Mũ	35	giao dịch được	北冥之瑶仙帽
10440736	Bắc Minh Chi Dao Tiên Mạo	Mũ	36	giao dịch được	北冥之瑶仙帽
10440737	Bắc Minh Chi Dao Tiên Mạo	Mũ	37	giao dịch được	北冥之瑶仙帽
10440738	Bắc Minh Chi Dao Tiên Mạo	Mũ	38	giao dịch được	北冥之瑶仙帽
10440739	Bắc Minh Chi Dao Tiên Mạo	Mũ	39	giao dịch được	北冥之瑶仙帽
10440740	Bắc Minh Chi Dao Tiên Mạo	Mũ	40	giao dịch được	北冥之瑶仙帽
10440741	Bắc Minh Chi Thiều Hoa Mạo	Mũ	41	giao dịch được	北冥之韶华帽
10440742	Bắc Minh Chi Thiều Hoa Mạo	Mũ	42	giao dịch được	北冥之韶华帽
10440743	Bắc Minh Chi Thiều Hoa Mạo	Mũ	43	giao dịch được	北冥之韶华帽
10440744	Bắc Minh Chi Thiều Hoa Mạo	Mũ	44	giao dịch được	北冥之韶华帽
10440745	Bắc Minh Chi Thiều Hoa Mạo	Mũ	45	giao dịch được	北冥之韶华帽
10440746	Bắc Minh Chi Thiều Hoa Mạo	Mũ	46	giao dịch được	北冥之韶华帽
10440747	Bắc Minh Chi Thiều Hoa Mạo	Mũ	47	giao dịch được	北冥之韶华帽
10440748	Bắc Minh Chi Thiều Hoa Mạo	Mũ	48	giao dịch được	北冥之韶华帽
10440749	Bắc Minh Chi Thiều Hoa Mạo	Mũ	49	giao dịch được	北冥之韶华帽
10440750	Bắc Minh Chi Thiều Hoa Mạo	Mũ	50	giao dịch được	北冥之韶华帽
10440751	Bắc Minh Chi Ngân Tiêu Mạo	Mũ	51	giao dịch được	北冥之银霄帽
10440752	Bắc Minh Chi Ngân Tiêu Mạo	Mũ	52	giao dịch được	北冥之银霄帽
10440753	Bắc Minh Chi Ngân Tiêu Mạo	Mũ	53	giao dịch được	北冥之银霄帽
10440754	Bắc Minh Chi Ngân Tiêu Mạo	Mũ	54	giao dịch được	北冥之银霄帽
10440755	Bắc Minh Chi Ngân Tiêu Mạo	Mũ	55	giao dịch được	北冥之银霄帽
10440756	Bắc Minh Chi Ngân Tiêu Mạo	Mũ	56	giao dịch được	北冥之银霄帽
10440757	Bắc Minh Chi Ngân Tiêu Mạo	Mũ	57	giao dịch được	北冥之银霄帽
10440758	Bắc Minh Chi Ngân Tiêu Mạo	Mũ	58	giao dịch được	北冥之银霄帽
10440759	Bắc Minh Chi Ngân Tiêu Mạo	Mũ	59	giao dịch được	北冥之银霄帽
10440760	Bắc Minh Chi Ngân Tiêu Mạo	Mũ	60	giao dịch được	北冥之银霄帽
10440761	Bắc Minh Chi Quỷ Vụ Mạo	Mũ	61	giao dịch được	北冥之鬼雾帽
10440762	Bắc Minh Chi Quỷ Vụ Mạo	Mũ	62	giao dịch được	北冥之鬼雾帽
10440763	Bắc Minh Chi Quỷ Vụ Mạo	Mũ	63	giao dịch được	北冥之鬼雾帽
10440764	Bắc Minh Chi Quỷ Vụ Mạo	Mũ	64	giao dịch được	北冥之鬼雾帽
10440765	Bắc Minh Chi Quỷ Vụ Mạo	Mũ	65	giao dịch được	北冥之鬼雾帽
10440766	Bắc Minh Chi Quỷ Vụ Mạo	Mũ	66	giao dịch được	北冥之鬼雾帽
10440767	Bắc Minh Chi Quỷ Vụ Mạo	Mũ	67	giao dịch được	北冥之鬼雾帽
10440768	Bắc Minh Chi Quỷ Vụ Mạo	Mũ	68	giao dịch được	北冥之鬼雾帽
10440769	Bắc Minh Chi Quỷ Vụ Mạo	Mũ	69	giao dịch được	北冥之鬼雾帽
10440770	Bắc Minh Chi Quỷ Vụ Mạo	Mũ	70	giao dịch được	北冥之鬼雾帽
10440771	Bắc Minh Chi Luyện Loan Mạo	Mũ	71	giao dịch được	北冥之炼鸾帽
10440772	Bắc Minh Chi Luyện Loan Mạo	Mũ	72	giao dịch được	北冥之炼鸾帽
10440773	Bắc Minh Chi Luyện Loan Mạo	Mũ	73	giao dịch được	北冥之炼鸾帽
10440774	Bắc Minh Chi Luyện Loan Mạo	Mũ	74	giao dịch được	北冥之炼鸾帽
10440775	Bắc Minh Chi Luyện Loan Mạo	Mũ	75	giao dịch được	北冥之炼鸾帽
10440776	Bắc Minh Chi Luyện Loan Mạo	Mũ	76	giao dịch được	北冥之炼鸾帽
10440777	Bắc Minh Chi Luyện Loan Mạo	Mũ	77	giao dịch được	北冥之炼鸾帽
10440778	Bắc Minh Chi Luyện Loan Mạo	Mũ	78	giao dịch được	北冥之炼鸾帽
10440779	Bắc Minh Chi Luyện Loan Mạo	Mũ	79	giao dịch được	北冥之炼鸾帽
10440780	Bắc Minh Chi Luyện Loan Mạo	Mũ	80	giao dịch được	北冥之炼鸾帽
10440781	Bắc Minh Chi Mị Giao Mạo	Mũ	81	giao dịch được	北冥之魅蛟帽
10440782	Bắc Minh Chi Mị Giao Mạo	Mũ	82	giao dịch được	北冥之魅蛟帽
10440783	Bắc Minh Chi Mị Giao Mạo	Mũ	83	giao dịch được	北冥之魅蛟帽
10440784	Bắc Minh Chi Mị Giao Mạo	Mũ	84	giao dịch được	北冥之魅蛟帽
10440785	Bắc Minh Chi Mị Giao Mạo	Mũ	85	giao dịch được	北冥之魅蛟帽
10440786	Bắc Minh Chi Mị Giao Mạo	Mũ	86	giao dịch được	北冥之魅蛟帽
10440787	Bắc Minh Chi Mị Giao Mạo	Mũ	87	giao dịch được	北冥之魅蛟帽
10440788	Bắc Minh Chi Mị Giao Mạo	Mũ	88	giao dịch được	北冥之魅蛟帽
10440789	Bắc Minh Chi Mị Giao Mạo	Mũ	89	giao dịch được	北冥之魅蛟帽
10440790	Bắc Minh Chi Mị Giao Mạo	Mũ	90	giao dịch được	北冥之魅蛟帽
10440791	Bắc Minh Chi Toan Nghê Mạo	Mũ	91	giao dịch được	北冥之狻猊帽
10440792	Bắc Minh Chi Toan Nghê Mạo	Mũ	92	giao dịch được	北冥之狻猊帽
10440793	Bắc Minh Chi Toan Nghê Mạo	Mũ	93	giao dịch được	北冥之狻猊帽
10440794	Bắc Minh Chi Toan Nghê Mạo	Mũ	94	giao dịch được	北冥之狻猊帽
10440795	Bắc Minh Chi Toan Nghê Mạo	Mũ	95	giao dịch được	北冥之狻猊帽
10440796	Bắc Minh Chi Toan Nghê Mạo	Mũ	96	giao dịch được	北冥之狻猊帽
10440797	Bắc Minh Chi Toan Nghê Mạo	Mũ	97	giao dịch được	北冥之狻猊帽
10440798	Bắc Minh Chi Toan Nghê Mạo	Mũ	98	giao dịch được	北冥之狻猊帽
10440799	Bắc Minh Chi Toan Nghê Mạo	Mũ	99	giao dịch được	北冥之狻猊帽
10440800	Bắc Minh Chi Toan Nghê Mạo	Mũ	100	giao dịch được	北冥之狻猊帽
10440801	Ngưng Mạch Chi Tích Bì Mạo	Mũ	1	giao dịch được	凝脉之蜥皮帽
10440802	Ngưng Mạch Chi Tích Bì Mạo	Mũ	2	giao dịch được	凝脉之蜥皮帽
10440803	Ngưng Mạch Chi Tích Bì Mạo	Mũ	3	giao dịch được	凝脉之蜥皮帽
10440804	Ngưng Mạch Chi Tích Bì Mạo	Mũ	4	giao dịch được	凝脉之蜥皮帽
10440805	Ngưng Mạch Chi Tích Bì Mạo	Mũ	5	giao dịch được	凝脉之蜥皮帽
10440806	Ngưng Mạch Chi Tích Bì Mạo	Mũ	6	giao dịch được	凝脉之蜥皮帽
10440807	Ngưng Mạch Chi Tích Bì Mạo	Mũ	7	giao dịch được	凝脉之蜥皮帽
10440808	Ngưng Mạch Chi Tích Bì Mạo	Mũ	8	giao dịch được	凝脉之蜥皮帽
10440809	Ngưng Mạch Chi Tích Bì Mạo	Mũ	9	giao dịch được	凝脉之蜥皮帽
10440810	Ngưng Mạch Chi Tích Bì Mạo	Mũ	10	giao dịch được	凝脉之蜥皮帽
10440811	Ngưng Mạch Chi Ngân Bì Mạo	Mũ	11	giao dịch được	凝脉之银皮帽
10440812	Ngưng Mạch Chi Ngân Bì Mạo	Mũ	12	giao dịch được	凝脉之银皮帽
10440813	Ngưng Mạch Chi Ngân Bì Mạo	Mũ	13	giao dịch được	凝脉之银皮帽
10440814	Ngưng Mạch Chi Ngân Bì Mạo	Mũ	14	giao dịch được	凝脉之银皮帽
10440815	Ngưng Mạch Chi Ngân Bì Mạo	Mũ	15	giao dịch được	凝脉之银皮帽
10440816	Ngưng Mạch Chi Ngân Bì Mạo	Mũ	16	giao dịch được	凝脉之银皮帽
10440817	Ngưng Mạch Chi Ngân Bì Mạo	Mũ	17	giao dịch được	凝脉之银皮帽
10440818	Ngưng Mạch Chi Ngân Bì Mạo	Mũ	18	giao dịch được	凝脉之银皮帽
10440819	Ngưng Mạch Chi Ngân Bì Mạo	Mũ	19	giao dịch được	凝脉之银皮帽
10440820	Ngưng Mạch Chi Ngân Bì Mạo	Mũ	20	giao dịch được	凝脉之银皮帽
10440821	Ngưng Mạch Chi Bì Lân Mạo	Mũ	21	giao dịch được	凝脉之皮麟帽
10440822	Ngưng Mạch Chi Bì Lân Mạo	Mũ	22	giao dịch được	凝脉之皮麟帽
10440823	Ngưng Mạch Chi Bì Lân Mạo	Mũ	23	giao dịch được	凝脉之皮麟帽
10440824	Ngưng Mạch Chi Bì Lân Mạo	Mũ	24	giao dịch được	凝脉之皮麟帽
10440825	Ngưng Mạch Chi Bì Lân Mạo	Mũ	25	giao dịch được	凝脉之皮麟帽
10440826	Ngưng Mạch Chi Bì Lân Mạo	Mũ	26	giao dịch được	凝脉之皮麟帽
10440827	Ngưng Mạch Chi Bì Lân Mạo	Mũ	27	giao dịch được	凝脉之皮麟帽
10440828	Ngưng Mạch Chi Bì Lân Mạo	Mũ	28	giao dịch được	凝脉之皮麟帽
10440829	Ngưng Mạch Chi Bì Lân Mạo	Mũ	29	giao dịch được	凝脉之皮麟帽
10440830	Ngưng Mạch Chi Bì Lân Mạo	Mũ	30	giao dịch được	凝脉之皮麟帽
10440831	Ngưng Mạch Chi Dao Tiên Mạo	Mũ	31	giao dịch được	凝脉之瑶仙帽
10440832	Ngưng Mạch Chi Dao Tiên Mạo	Mũ	32	giao dịch được	凝脉之瑶仙帽
10440833	Ngưng Mạch Chi Dao Tiên Mạo	Mũ	33	giao dịch được	凝脉之瑶仙帽
10440834	Ngưng Mạch Chi Dao Tiên Mạo	Mũ	34	giao dịch được	凝脉之瑶仙帽
10440835	Ngưng Mạch Chi Dao Tiên Mạo	Mũ	35	giao dịch được	凝脉之瑶仙帽
10440836	Ngưng Mạch Chi Dao Tiên Mạo	Mũ	36	giao dịch được	凝脉之瑶仙帽
10440837	Ngưng Mạch Chi Dao Tiên Mạo	Mũ	37	giao dịch được	凝脉之瑶仙帽
10440838	Ngưng Mạch Chi Dao Tiên Mạo	Mũ	38	giao dịch được	凝脉之瑶仙帽
10440839	Ngưng Mạch Chi Dao Tiên Mạo	Mũ	39	giao dịch được	凝脉之瑶仙帽
10440840	Ngưng Mạch Chi Dao Tiên Mạo	Mũ	40	giao dịch được	凝脉之瑶仙帽
10440841	Ngưng Mạch Chi Thiều Hoa Mạo	Mũ	41	giao dịch được	凝脉之韶华帽
10440842	Ngưng Mạch Chi Thiều Hoa Mạo	Mũ	42	giao dịch được	凝脉之韶华帽
10440843	Ngưng Mạch Chi Thiều Hoa Mạo	Mũ	43	giao dịch được	凝脉之韶华帽
10440844	Ngưng Mạch Chi Thiều Hoa Mạo	Mũ	44	giao dịch được	凝脉之韶华帽
10440845	Ngưng Mạch Chi Thiều Hoa Mạo	Mũ	45	giao dịch được	凝脉之韶华帽
10440846	Ngưng Mạch Chi Thiều Hoa Mạo	Mũ	46	giao dịch được	凝脉之韶华帽
10440847	Ngưng Mạch Chi Thiều Hoa Mạo	Mũ	47	giao dịch được	凝脉之韶华帽
10440848	Ngưng Mạch Chi Thiều Hoa Mạo	Mũ	48	giao dịch được	凝脉之韶华帽
10440849	Ngưng Mạch Chi Thiều Hoa Mạo	Mũ	49	giao dịch được	凝脉之韶华帽
10440850	Ngưng Mạch Chi Thiều Hoa Mạo	Mũ	50	giao dịch được	凝脉之韶华帽
10440851	Ngưng Mạch Chi Ngân Tiêu Mạo	Mũ	51	giao dịch được	凝脉之银霄帽
10440852	Ngưng Mạch Chi Ngân Tiêu Mạo	Mũ	52	giao dịch được	凝脉之银霄帽
10440853	Ngưng Mạch Chi Ngân Tiêu Mạo	Mũ	53	giao dịch được	凝脉之银霄帽
10440854	Ngưng Mạch Chi Ngân Tiêu Mạo	Mũ	54	giao dịch được	凝脉之银霄帽
10440855	Ngưng Mạch Chi Ngân Tiêu Mạo	Mũ	55	giao dịch được	凝脉之银霄帽
10440856	Ngưng Mạch Chi Ngân Tiêu Mạo	Mũ	56	giao dịch được	凝脉之银霄帽
10440857	Ngưng Mạch Chi Ngân Tiêu Mạo	Mũ	57	giao dịch được	凝脉之银霄帽
10440858	Ngưng Mạch Chi Ngân Tiêu Mạo	Mũ	58	giao dịch được	凝脉之银霄帽
10440859	Ngưng Mạch Chi Ngân Tiêu Mạo	Mũ	59	giao dịch được	凝脉之银霄帽
10440860	Ngưng Mạch Chi Ngân Tiêu Mạo	Mũ	60	giao dịch được	凝脉之银霄帽
10440861	Ngưng Mạch Chi Quỷ Vụ Mạo	Mũ	61	giao dịch được	凝脉之鬼雾帽
10440862	Ngưng Mạch Chi Quỷ Vụ Mạo	Mũ	62	giao dịch được	凝脉之鬼雾帽
10440863	Ngưng Mạch Chi Quỷ Vụ Mạo	Mũ	63	giao dịch được	凝脉之鬼雾帽
10440864	Ngưng Mạch Chi Quỷ Vụ Mạo	Mũ	64	giao dịch được	凝脉之鬼雾帽
10440865	Ngưng Mạch Chi Quỷ Vụ Mạo	Mũ	65	giao dịch được	凝脉之鬼雾帽
10440866	Ngưng Mạch Chi Quỷ Vụ Mạo	Mũ	66	giao dịch được	凝脉之鬼雾帽
10440867	Ngưng Mạch Chi Quỷ Vụ Mạo	Mũ	67	giao dịch được	凝脉之鬼雾帽
10440868	Ngưng Mạch Chi Quỷ Vụ Mạo	Mũ	68	giao dịch được	凝脉之鬼雾帽
10440869	Ngưng Mạch Chi Quỷ Vụ Mạo	Mũ	69	giao dịch được	凝脉之鬼雾帽
10440870	Ngưng Mạch Chi Quỷ Vụ Mạo	Mũ	70	giao dịch được	凝脉之鬼雾帽
10440871	Ngưng Mạch Chi Luyện Loan Mạo	Mũ	71	giao dịch được	凝脉之炼鸾帽
10440872	Ngưng Mạch Chi Luyện Loan Mạo	Mũ	72	giao dịch được	凝脉之炼鸾帽
10440873	Ngưng Mạch Chi Luyện Loan Mạo	Mũ	73	giao dịch được	凝脉之炼鸾帽
10440874	Ngưng Mạch Chi Luyện Loan Mạo	Mũ	74	giao dịch được	凝脉之炼鸾帽
10440875	Ngưng Mạch Chi Luyện Loan Mạo	Mũ	75	giao dịch được	凝脉之炼鸾帽
10440876	Ngưng Mạch Chi Luyện Loan Mạo	Mũ	76	giao dịch được	凝脉之炼鸾帽
10440877	Ngưng Mạch Chi Luyện Loan Mạo	Mũ	77	giao dịch được	凝脉之炼鸾帽
10440878	Ngưng Mạch Chi Luyện Loan Mạo	Mũ	78	giao dịch được	凝脉之炼鸾帽
10440879	Ngưng Mạch Chi Luyện Loan Mạo	Mũ	79	giao dịch được	凝脉之炼鸾帽
10440880	Ngưng Mạch Chi Luyện Loan Mạo	Mũ	80	giao dịch được	凝脉之炼鸾帽
10440881	Ngưng Mạch Chi Mị Giao Mạo	Mũ	81	giao dịch được	凝脉之魅蛟帽
10440882	Ngưng Mạch Chi Mị Giao Mạo	Mũ	82	giao dịch được	凝脉之魅蛟帽
10440883	Ngưng Mạch Chi Mị Giao Mạo	Mũ	83	giao dịch được	凝脉之魅蛟帽
10440884	Ngưng Mạch Chi Mị Giao Mạo	Mũ	84	giao dịch được	凝脉之魅蛟帽
10440885	Ngưng Mạch Chi Mị Giao Mạo	Mũ	85	giao dịch được	凝脉之魅蛟帽
10440886	Ngưng Mạch Chi Mị Giao Mạo	Mũ	86	giao dịch được	凝脉之魅蛟帽
10440887	Ngưng Mạch Chi Mị Giao Mạo	Mũ	87	giao dịch được	凝脉之魅蛟帽
10440888	Ngưng Mạch Chi Mị Giao Mạo	Mũ	88	giao dịch được	凝脉之魅蛟帽
10440889	Ngưng Mạch Chi Mị Giao Mạo	Mũ	89	giao dịch được	凝脉之魅蛟帽
10440890	Ngưng Mạch Chi Mị Giao Mạo	Mũ	90	giao dịch được	凝脉之魅蛟帽
10440891	Ngưng Mạch Chi Toan Nghê Mạo	Mũ	91	giao dịch được	凝脉之狻猊帽
10440892	Ngưng Mạch Chi Toan Nghê Mạo	Mũ	92	giao dịch được	凝脉之狻猊帽
10440893	Ngưng Mạch Chi Toan Nghê Mạo	Mũ	93	giao dịch được	凝脉之狻猊帽
10440894	Ngưng Mạch Chi Toan Nghê Mạo	Mũ	94	giao dịch được	凝脉之狻猊帽
10440895	Ngưng Mạch Chi Toan Nghê Mạo	Mũ	95	giao dịch được	凝脉之狻猊帽
10440896	Ngưng Mạch Chi Toan Nghê Mạo	Mũ	96	giao dịch được	凝脉之狻猊帽
10440897	Ngưng Mạch Chi Toan Nghê Mạo	Mũ	97	giao dịch được	凝脉之狻猊帽
10440898	Ngưng Mạch Chi Toan Nghê Mạo	Mũ	98	giao dịch được	凝脉之狻猊帽
10440899	Ngưng Mạch Chi Toan Nghê Mạo	Mũ	99	giao dịch được	凝脉之狻猊帽
10440900	Ngưng Mạch Chi Toan Nghê Mạo	Mũ	100	giao dịch được	凝脉之狻猊帽
10440901	Biến Ngoại Hình Trắc Thí Mạo	Mũ	81	giao dịch được	变外形测试帽
10440902	(chưa dùng)	Mũ	82	giao dịch được	未使用
10440903	(chưa dùng)	Mũ	83	giao dịch được	未使用
10440904	(chưa dùng)	Mũ	84	giao dịch được	未使用
10440905	(chưa dùng)	Mũ	85	giao dịch được	未使用
10440906	(chưa dùng)	Mũ	86	giao dịch được	未使用
10440907	(chưa dùng)	Mũ	87	giao dịch được	未使用
10440908	(chưa dùng)	Mũ	88	giao dịch được	未使用
10440909	(chưa dùng)	Mũ	89	giao dịch được	未使用
10440910	(chưa dùng)	Mũ	90	giao dịch được	未使用
10440911	(chưa dùng)	Mũ	81	giao dịch được	未使用
10440912	(chưa dùng)	Mũ	82	giao dịch được	未使用
10440913	(chưa dùng)	Mũ	83	giao dịch được	未使用
10440914	(chưa dùng)	Mũ	84	giao dịch được	未使用
10440915	(chưa dùng)	Mũ	85	giao dịch được	未使用
10440916	(chưa dùng)	Mũ	86	giao dịch được	未使用
10440917	(chưa dùng)	Mũ	87	giao dịch được	未使用
10440918	(chưa dùng)	Mũ	88	giao dịch được	未使用
10440919	(chưa dùng)	Mũ	89	giao dịch được	未使用
10440920	(chưa dùng)	Mũ	90	giao dịch được	未使用
10440921	(chưa dùng)	Mũ	81	giao dịch được	未使用
10440922	(chưa dùng)	Mũ	82	giao dịch được	未使用
10440923	(chưa dùng)	Mũ	83	giao dịch được	未使用
10440924	(chưa dùng)	Mũ	84	giao dịch được	未使用
10440925	(chưa dùng)	Mũ	85	giao dịch được	未使用
10440926	(chưa dùng)	Mũ	86	giao dịch được	未使用
10440927	(chưa dùng)	Mũ	87	giao dịch được	未使用
10440928	(chưa dùng)	Mũ	88	giao dịch được	未使用
10440929	(chưa dùng)	Mũ	89	giao dịch được	未使用
10440930	(chưa dùng)	Mũ	90	giao dịch được	未使用
10440931	(chưa dùng)	Mũ	81	giao dịch được	未使用
10440932	(chưa dùng)	Mũ	82	giao dịch được	未使用
10440933	(chưa dùng)	Mũ	83	giao dịch được	未使用
10440934	(chưa dùng)	Mũ	84	giao dịch được	未使用
10440935	(chưa dùng)	Mũ	85	giao dịch được	未使用
10440936	(chưa dùng)	Mũ	86	giao dịch được	未使用
10440937	(chưa dùng)	Mũ	87	giao dịch được	未使用
10440938	(chưa dùng)	Mũ	88	giao dịch được	未使用
10440939	(chưa dùng)	Mũ	89	giao dịch được	未使用
10440940	(chưa dùng)	Mũ	90	giao dịch được	未使用
10440941	(chưa dùng)	Mũ	81	giao dịch được	未使用
10440942	(chưa dùng)	Mũ	82	giao dịch được	未使用
10440943	(chưa dùng)	Mũ	83	giao dịch được	未使用
10440944	(chưa dùng)	Mũ	84	giao dịch được	未使用
10440945	(chưa dùng)	Mũ	85	giao dịch được	未使用
10440946	(chưa dùng)	Mũ	86	giao dịch được	未使用
10440947	(chưa dùng)	Mũ	87	giao dịch được	未使用
10440948	(chưa dùng)	Mũ	88	giao dịch được	未使用
10440949	(chưa dùng)	Mũ	89	giao dịch được	未使用
10440950	(chưa dùng)	Mũ	90	giao dịch được	未使用
10440951	(chưa dùng)	Mũ	81	giao dịch được	未使用
10440952	(chưa dùng)	Mũ	82	giao dịch được	未使用
10440953	(chưa dùng)	Mũ	83	giao dịch được	未使用
10440954	(chưa dùng)	Mũ	84	giao dịch được	未使用
10440955	(chưa dùng)	Mũ	85	giao dịch được	未使用
10440956	(chưa dùng)	Mũ	86	giao dịch được	未使用
10440957	(chưa dùng)	Mũ	87	giao dịch được	未使用
10440958	(chưa dùng)	Mũ	88	giao dịch được	未使用
10440959	(chưa dùng)	Mũ	89	giao dịch được	未使用
10440960	(chưa dùng)	Mũ	90	giao dịch được	未使用
10440961	(chưa dùng)	Mũ	81	giao dịch được	未使用
10440962	(chưa dùng)	Mũ	82	giao dịch được	未使用
10440963	(chưa dùng)	Mũ	83	giao dịch được	未使用
10440964	(chưa dùng)	Mũ	84	giao dịch được	未使用
10440965	(chưa dùng)	Mũ	85	giao dịch được	未使用
10440966	(chưa dùng)	Mũ	86	giao dịch được	未使用
10440967	(chưa dùng)	Mũ	87	giao dịch được	未使用
10440968	(chưa dùng)	Mũ	88	giao dịch được	未使用
10440969	(chưa dùng)	Mũ	89	giao dịch được	未使用
10440970	(chưa dùng)	Mũ	90	giao dịch được	未使用
10440971	(chưa dùng)	Mũ	81	giao dịch được	未使用
10440972	(chưa dùng)	Mũ	82	giao dịch được	未使用
10440973	(chưa dùng)	Mũ	83	giao dịch được	未使用
10440974	(chưa dùng)	Mũ	84	giao dịch được	未使用
10440975	(chưa dùng)	Mũ	85	giao dịch được	未使用
10440976	(chưa dùng)	Mũ	86	giao dịch được	未使用
10440977	(chưa dùng)	Mũ	87	giao dịch được	未使用
10440978	(chưa dùng)	Mũ	88	giao dịch được	未使用
10440979	(chưa dùng)	Mũ	89	giao dịch được	未使用
10440980	(chưa dùng)	Mũ	90	giao dịch được	未使用
10440981	(chưa dùng)	Mũ	81	giao dịch được	未使用
10440982	(chưa dùng)	Mũ	82	giao dịch được	未使用
10440983	(chưa dùng)	Mũ	83	giao dịch được	未使用
10440984	(chưa dùng)	Mũ	84	giao dịch được	未使用
10440985	(chưa dùng)	Mũ	85	giao dịch được	未使用
10440986	(chưa dùng)	Mũ	86	giao dịch được	未使用
10440987	(chưa dùng)	Mũ	87	giao dịch được	未使用
10440988	(chưa dùng)	Mũ	88	giao dịch được	未使用
10440989	(chưa dùng)	Mũ	89	giao dịch được	未使用
10440990	(chưa dùng)	Mũ	90	giao dịch được	未使用
10440991	(chưa dùng)	Mũ	81	giao dịch được	未使用
10440992	(chưa dùng)	Mũ	82	giao dịch được	未使用
10440993	(chưa dùng)	Mũ	83	giao dịch được	未使用
10440994	(chưa dùng)	Mũ	84	giao dịch được	未使用
10440995	(chưa dùng)	Mũ	85	giao dịch được	未使用
10440996	(chưa dùng)	Mũ	86	giao dịch được	未使用
10440997	(chưa dùng)	Mũ	87	giao dịch được	未使用
10440998	(chưa dùng)	Mũ	88	giao dịch được	未使用
10440999	(chưa dùng)	Mũ	89	giao dịch được	未使用
10441001	Đạt Ma Chi Ngân Toả Ngoa	Giày	1	giao dịch được	达摩之银锁靴
10441002	Đạt Ma Chi Ngân Toả Ngoa	Giày	2	giao dịch được	达摩之银锁靴
10441003	Đạt Ma Chi Ngân Toả Ngoa	Giày	3	giao dịch được	达摩之银锁靴
10441004	Đạt Ma Chi Ngân Toả Ngoa	Giày	4	giao dịch được	达摩之银锁靴
10441005	Đạt Ma Chi Ngân Toả Ngoa	Giày	5	giao dịch được	达摩之银锁靴
10441006	Đạt Ma Chi Ngân Toả Ngoa	Giày	6	giao dịch được	达摩之银锁靴
10441007	Đạt Ma Chi Ngân Toả Ngoa	Giày	7	giao dịch được	达摩之银锁靴
10441008	Đạt Ma Chi Ngân Toả Ngoa	Giày	8	giao dịch được	达摩之银锁靴
10441009	Đạt Ma Chi Ngân Toả Ngoa	Giày	9	giao dịch được	达摩之银锁靴
10441010	Đạt Ma Chi Ngân Toả Ngoa	Giày	10	giao dịch được	达摩之银锁靴
10441011	Đạt Ma Chi Nguyệt Thiết Ngoa	Giày	11	giao dịch được	达摩之月铁靴
10441012	Đạt Ma Chi Nguyệt Thiết Ngoa	Giày	12	giao dịch được	达摩之月铁靴
10441013	Đạt Ma Chi Nguyệt Thiết Ngoa	Giày	13	giao dịch được	达摩之月铁靴
10441014	Đạt Ma Chi Nguyệt Thiết Ngoa	Giày	14	giao dịch được	达摩之月铁靴
10441015	Đạt Ma Chi Nguyệt Thiết Ngoa	Giày	15	giao dịch được	达摩之月铁靴
10441016	Đạt Ma Chi Nguyệt Thiết Ngoa	Giày	16	giao dịch được	达摩之月铁靴
10441017	Đạt Ma Chi Nguyệt Thiết Ngoa	Giày	17	giao dịch được	达摩之月铁靴
10441018	Đạt Ma Chi Nguyệt Thiết Ngoa	Giày	18	giao dịch được	达摩之月铁靴
10441019	Đạt Ma Chi Nguyệt Thiết Ngoa	Giày	19	giao dịch được	达摩之月铁靴
10441020	Đạt Ma Chi Nguyệt Thiết Ngoa	Giày	20	giao dịch được	达摩之月铁靴
10441021	Đạt Ma Chi Huyền Thiết Ngoa	Giày	21	giao dịch được	达摩之玄铁靴
10441022	Đạt Ma Chi Huyền Thiết Ngoa	Giày	22	giao dịch được	达摩之玄铁靴
10441023	Đạt Ma Chi Huyền Thiết Ngoa	Giày	23	giao dịch được	达摩之玄铁靴
10441024	Đạt Ma Chi Huyền Thiết Ngoa	Giày	24	giao dịch được	达摩之玄铁靴
10441025	Đạt Ma Chi Huyền Thiết Ngoa	Giày	25	giao dịch được	达摩之玄铁靴
10441026	Đạt Ma Chi Huyền Thiết Ngoa	Giày	26	giao dịch được	达摩之玄铁靴
10441027	Đạt Ma Chi Huyền Thiết Ngoa	Giày	27	giao dịch được	达摩之玄铁靴
10441028	Đạt Ma Chi Huyền Thiết Ngoa	Giày	28	giao dịch được	达摩之玄铁靴
10441029	Đạt Ma Chi Huyền Thiết Ngoa	Giày	29	giao dịch được	达摩之玄铁靴
10441030	Đạt Ma Chi Huyền Thiết Ngoa	Giày	30	giao dịch được	达摩之玄铁靴
10441031	Đạt Ma Chi Phong Tiêu Thiết Ngoa	Giày	31	giao dịch được	达摩之封霄铁靴
10441032	Đạt Ma Chi Phong Tiêu Thiết Ngoa	Giày	32	giao dịch được	达摩之封霄铁靴
10441033	Đạt Ma Chi Phong Tiêu Thiết Ngoa	Giày	33	giao dịch được	达摩之封霄铁靴
10441034	Đạt Ma Chi Phong Tiêu Thiết Ngoa	Giày	34	giao dịch được	达摩之封霄铁靴
10441035	Đạt Ma Chi Phong Tiêu Thiết Ngoa	Giày	35	giao dịch được	达摩之封霄铁靴
10441036	Đạt Ma Chi Phong Tiêu Thiết Ngoa	Giày	36	giao dịch được	达摩之封霄铁靴
10441037	Đạt Ma Chi Phong Tiêu Thiết Ngoa	Giày	37	giao dịch được	达摩之封霄铁靴
10441038	Đạt Ma Chi Phong Tiêu Thiết Ngoa	Giày	38	giao dịch được	达摩之封霄铁靴
10441039	Đạt Ma Chi Phong Tiêu Thiết Ngoa	Giày	39	giao dịch được	达摩之封霄铁靴
10441040	Đạt Ma Chi Phong Tiêu Thiết Ngoa	Giày	40	giao dịch được	达摩之封霄铁靴
10441041	Đạt Ma Chi Diệt Hàn Thiết Ngoa	Giày	41	giao dịch được	达摩之灭寒铁靴
10441042	Đạt Ma Chi Diệt Hàn Thiết Ngoa	Giày	42	giao dịch được	达摩之灭寒铁靴
10441043	Đạt Ma Chi Diệt Hàn Thiết Ngoa	Giày	43	giao dịch được	达摩之灭寒铁靴
10441044	Đạt Ma Chi Diệt Hàn Thiết Ngoa	Giày	44	giao dịch được	达摩之灭寒铁靴
10441045	Đạt Ma Chi Diệt Hàn Thiết Ngoa	Giày	45	giao dịch được	达摩之灭寒铁靴
10441046	Đạt Ma Chi Diệt Hàn Thiết Ngoa	Giày	46	giao dịch được	达摩之灭寒铁靴
10441047	Đạt Ma Chi Diệt Hàn Thiết Ngoa	Giày	47	giao dịch được	达摩之灭寒铁靴
10441048	Đạt Ma Chi Diệt Hàn Thiết Ngoa	Giày	48	giao dịch được	达摩之灭寒铁靴
10441049	Đạt Ma Chi Diệt Hàn Thiết Ngoa	Giày	49	giao dịch được	达摩之灭寒铁靴
10441050	Đạt Ma Chi Diệt Hàn Thiết Ngoa	Giày	50	giao dịch được	达摩之灭寒铁靴
10441051	Đạt Ma Chi Nghịch Hoả Cương Ngoa	Giày	51	giao dịch được	达摩之逆火钢靴
10441052	Đạt Ma Chi Nghịch Hoả Cương Ngoa	Giày	52	giao dịch được	达摩之逆火钢靴
10441053	Đạt Ma Chi Nghịch Hoả Cương Ngoa	Giày	53	giao dịch được	达摩之逆火钢靴
10441054	Đạt Ma Chi Nghịch Hoả Cương Ngoa	Giày	54	giao dịch được	达摩之逆火钢靴
10441055	Đạt Ma Chi Nghịch Hoả Cương Ngoa	Giày	55	giao dịch được	达摩之逆火钢靴
10441056	Đạt Ma Chi Nghịch Hoả Cương Ngoa	Giày	56	giao dịch được	达摩之逆火钢靴
10441057	Đạt Ma Chi Nghịch Hoả Cương Ngoa	Giày	57	giao dịch được	达摩之逆火钢靴
10441058	Đạt Ma Chi Nghịch Hoả Cương Ngoa	Giày	58	giao dịch được	达摩之逆火钢靴
10441059	Đạt Ma Chi Nghịch Hoả Cương Ngoa	Giày	59	giao dịch được	达摩之逆火钢靴
10441060	Đạt Ma Chi Nghịch Hoả Cương Ngoa	Giày	60	giao dịch được	达摩之逆火钢靴
10441061	Đạt Ma Chi Thệ Trần Ngoa	Giày	61	giao dịch được	达摩之誓尘靴
10441062	Đạt Ma Chi Thệ Trần Ngoa	Giày	62	giao dịch được	达摩之誓尘靴
10441063	Đạt Ma Chi Thệ Trần Ngoa	Giày	63	giao dịch được	达摩之誓尘靴
10441064	Đạt Ma Chi Thệ Trần Ngoa	Giày	64	giao dịch được	达摩之誓尘靴
10441065	Đạt Ma Chi Thệ Trần Ngoa	Giày	65	giao dịch được	达摩之誓尘靴
10441066	Đạt Ma Chi Thệ Trần Ngoa	Giày	66	giao dịch được	达摩之誓尘靴
10441067	Đạt Ma Chi Thệ Trần Ngoa	Giày	67	giao dịch được	达摩之誓尘靴
10441068	Đạt Ma Chi Thệ Trần Ngoa	Giày	68	giao dịch được	达摩之誓尘靴
10441069	Đạt Ma Chi Thệ Trần Ngoa	Giày	69	giao dịch được	达摩之誓尘靴
10441070	Đạt Ma Chi Thệ Trần Ngoa	Giày	70	giao dịch được	达摩之誓尘靴
10441071	Đạt Ma Chi Diệt Phách Ngoa	Giày	71	giao dịch được	达摩之灭魄靴
10441072	Đạt Ma Chi Diệt Phách Ngoa	Giày	72	giao dịch được	达摩之灭魄靴
10441073	Đạt Ma Chi Diệt Phách Ngoa	Giày	73	giao dịch được	达摩之灭魄靴
10441074	Đạt Ma Chi Diệt Phách Ngoa	Giày	74	giao dịch được	达摩之灭魄靴
10441075	Đạt Ma Chi Diệt Phách Ngoa	Giày	75	giao dịch được	达摩之灭魄靴
10441076	Đạt Ma Chi Diệt Phách Ngoa	Giày	76	giao dịch được	达摩之灭魄靴
10441077	Đạt Ma Chi Diệt Phách Ngoa	Giày	77	giao dịch được	达摩之灭魄靴
10441078	Đạt Ma Chi Diệt Phách Ngoa	Giày	78	giao dịch được	达摩之灭魄靴
10441079	Đạt Ma Chi Diệt Phách Ngoa	Giày	79	giao dịch được	达摩之灭魄靴
10441080	Đạt Ma Chi Diệt Phách Ngoa	Giày	80	giao dịch được	达摩之灭魄靴
10441081	Đạt Ma Chi Toái Hồn Thiên Ngoa	Giày	81	giao dịch được	达摩之碎魂天靴
10441082	Đạt Ma Chi Toái Hồn Thiên Ngoa	Giày	82	giao dịch được	达摩之碎魂天靴
10441083	Đạt Ma Chi Toái Hồn Thiên Ngoa	Giày	83	giao dịch được	达摩之碎魂天靴
10441084	Đạt Ma Chi Toái Hồn Thiên Ngoa	Giày	84	giao dịch được	达摩之碎魂天靴
10441085	Đạt Ma Chi Toái Hồn Thiên Ngoa	Giày	85	giao dịch được	达摩之碎魂天靴
10441086	Đạt Ma Chi Toái Hồn Thiên Ngoa	Giày	86	giao dịch được	达摩之碎魂天靴
10441087	Đạt Ma Chi Toái Hồn Thiên Ngoa	Giày	87	giao dịch được	达摩之碎魂天靴
10441088	Đạt Ma Chi Toái Hồn Thiên Ngoa	Giày	88	giao dịch được	达摩之碎魂天靴
10441089	Đạt Ma Chi Toái Hồn Thiên Ngoa	Giày	89	giao dịch được	达摩之碎魂天靴
10441090	Đạt Ma Chi Toái Hồn Thiên Ngoa	Giày	90	giao dịch được	达摩之碎魂天靴
10441091	Đạt Ma Chi Trập Long Thánh Ngoa	Giày	91	giao dịch được	达摩之蛰龙圣靴
10441092	Đạt Ma Chi Trập Long Thánh Ngoa	Giày	92	giao dịch được	达摩之蛰龙圣靴
10441093	Đạt Ma Chi Trập Long Thánh Ngoa	Giày	93	giao dịch được	达摩之蛰龙圣靴
10441094	Đạt Ma Chi Trập Long Thánh Ngoa	Giày	94	giao dịch được	达摩之蛰龙圣靴
10441095	Đạt Ma Chi Trập Long Thánh Ngoa	Giày	95	giao dịch được	达摩之蛰龙圣靴
10441096	Đạt Ma Chi Trập Long Thánh Ngoa	Giày	96	giao dịch được	达摩之蛰龙圣靴
10441097	Đạt Ma Chi Trập Long Thánh Ngoa	Giày	97	giao dịch được	达摩之蛰龙圣靴
10441098	Đạt Ma Chi Trập Long Thánh Ngoa	Giày	98	giao dịch được	达摩之蛰龙圣靴
10441099	Đạt Ma Chi Trập Long Thánh Ngoa	Giày	99	giao dịch được	达摩之蛰龙圣靴
10441100	Đạt Ma Chi Trập Long Thánh Ngoa	Giày	100	giao dịch được	达摩之蛰龙圣靴
10441101	Thánh Hoả Chi Ngân Toả Ngoa	Giày	1	giao dịch được	圣火之银锁靴
10441102	Thánh Hoả Chi Ngân Toả Ngoa	Giày	2	giao dịch được	圣火之银锁靴
10441103	Thánh Hoả Chi Ngân Toả Ngoa	Giày	3	giao dịch được	圣火之银锁靴
10441104	Thánh Hoả Chi Ngân Toả Ngoa	Giày	4	giao dịch được	圣火之银锁靴
10441105	Thánh Hoả Chi Ngân Toả Ngoa	Giày	5	giao dịch được	圣火之银锁靴
10441106	Thánh Hoả Chi Ngân Toả Ngoa	Giày	6	giao dịch được	圣火之银锁靴
10441107	Thánh Hoả Chi Ngân Toả Ngoa	Giày	7	giao dịch được	圣火之银锁靴
10441108	Thánh Hoả Chi Ngân Toả Ngoa	Giày	8	giao dịch được	圣火之银锁靴
10441109	Thánh Hoả Chi Ngân Toả Ngoa	Giày	9	giao dịch được	圣火之银锁靴
10441110	Thánh Hoả Chi Ngân Toả Ngoa	Giày	10	giao dịch được	圣火之银锁靴
10441111	Thánh Hoả Chi Nguyệt Thiết Ngoa	Giày	11	giao dịch được	圣火之月铁靴
10441112	Thánh Hoả Chi Nguyệt Thiết Ngoa	Giày	12	giao dịch được	圣火之月铁靴
10441113	Thánh Hoả Chi Nguyệt Thiết Ngoa	Giày	13	giao dịch được	圣火之月铁靴
10441114	Thánh Hoả Chi Nguyệt Thiết Ngoa	Giày	14	giao dịch được	圣火之月铁靴
10441115	Thánh Hoả Chi Nguyệt Thiết Ngoa	Giày	15	giao dịch được	圣火之月铁靴
10441116	Thánh Hoả Chi Nguyệt Thiết Ngoa	Giày	16	giao dịch được	圣火之月铁靴
10441117	Thánh Hoả Chi Nguyệt Thiết Ngoa	Giày	17	giao dịch được	圣火之月铁靴
10441118	Thánh Hoả Chi Nguyệt Thiết Ngoa	Giày	18	giao dịch được	圣火之月铁靴
10441119	Thánh Hoả Chi Nguyệt Thiết Ngoa	Giày	19	giao dịch được	圣火之月铁靴
10441120	Thánh Hoả Chi Nguyệt Thiết Ngoa	Giày	20	giao dịch được	圣火之月铁靴
10441121	Thánh Hoả Chi Huyền Thiết Ngoa	Giày	21	giao dịch được	圣火之玄铁靴
10441122	Thánh Hoả Chi Huyền Thiết Ngoa	Giày	22	giao dịch được	圣火之玄铁靴
10441123	Thánh Hoả Chi Huyền Thiết Ngoa	Giày	23	giao dịch được	圣火之玄铁靴
10441124	Thánh Hoả Chi Huyền Thiết Ngoa	Giày	24	giao dịch được	圣火之玄铁靴
10441125	Thánh Hoả Chi Huyền Thiết Ngoa	Giày	25	giao dịch được	圣火之玄铁靴
10441126	Thánh Hoả Chi Huyền Thiết Ngoa	Giày	26	giao dịch được	圣火之玄铁靴
10441127	Thánh Hoả Chi Huyền Thiết Ngoa	Giày	27	giao dịch được	圣火之玄铁靴
10441128	Thánh Hoả Chi Huyền Thiết Ngoa	Giày	28	giao dịch được	圣火之玄铁靴
10441129	Thánh Hoả Chi Huyền Thiết Ngoa	Giày	29	giao dịch được	圣火之玄铁靴
10441130	Thánh Hoả Chi Huyền Thiết Ngoa	Giày	30	giao dịch được	圣火之玄铁靴
10441131	Thánh Hoả Chi Phong Tiêu Thiết Ngoa	Giày	31	giao dịch được	圣火之封霄铁靴
10441132	Thánh Hoả Chi Phong Tiêu Thiết Ngoa	Giày	32	giao dịch được	圣火之封霄铁靴
10441133	Thánh Hoả Chi Phong Tiêu Thiết Ngoa	Giày	33	giao dịch được	圣火之封霄铁靴
10441134	Thánh Hoả Chi Phong Tiêu Thiết Ngoa	Giày	34	giao dịch được	圣火之封霄铁靴
10441135	Thánh Hoả Chi Phong Tiêu Thiết Ngoa	Giày	35	giao dịch được	圣火之封霄铁靴
10441136	Thánh Hoả Chi Phong Tiêu Thiết Ngoa	Giày	36	giao dịch được	圣火之封霄铁靴
10441137	Thánh Hoả Chi Phong Tiêu Thiết Ngoa	Giày	37	giao dịch được	圣火之封霄铁靴
10441138	Thánh Hoả Chi Phong Tiêu Thiết Ngoa	Giày	38	giao dịch được	圣火之封霄铁靴
10441139	Thánh Hoả Chi Phong Tiêu Thiết Ngoa	Giày	39	giao dịch được	圣火之封霄铁靴
10441140	Thánh Hoả Chi Phong Tiêu Thiết Ngoa	Giày	40	giao dịch được	圣火之封霄铁靴
10441141	Thánh Hoả Chi Diệt Hàn Thiết Ngoa	Giày	41	giao dịch được	圣火之灭寒铁靴
10441142	Thánh Hoả Chi Diệt Hàn Thiết Ngoa	Giày	42	giao dịch được	圣火之灭寒铁靴
10441143	Thánh Hoả Chi Diệt Hàn Thiết Ngoa	Giày	43	giao dịch được	圣火之灭寒铁靴
10441144	Thánh Hoả Chi Diệt Hàn Thiết Ngoa	Giày	44	giao dịch được	圣火之灭寒铁靴
10441145	Thánh Hoả Chi Diệt Hàn Thiết Ngoa	Giày	45	giao dịch được	圣火之灭寒铁靴
10441146	Thánh Hoả Chi Diệt Hàn Thiết Ngoa	Giày	46	giao dịch được	圣火之灭寒铁靴
10441147	Thánh Hoả Chi Diệt Hàn Thiết Ngoa	Giày	47	giao dịch được	圣火之灭寒铁靴
10441148	Thánh Hoả Chi Diệt Hàn Thiết Ngoa	Giày	48	giao dịch được	圣火之灭寒铁靴
10441149	Thánh Hoả Chi Diệt Hàn Thiết Ngoa	Giày	49	giao dịch được	圣火之灭寒铁靴
10441150	Thánh Hoả Chi Diệt Hàn Thiết Ngoa	Giày	50	giao dịch được	圣火之灭寒铁靴
10441151	Thánh Hoả Chi Nghịch Hoả Cương Ngoa	Giày	51	giao dịch được	圣火之逆火钢靴
10441152	Thánh Hoả Chi Nghịch Hoả Cương Ngoa	Giày	52	giao dịch được	圣火之逆火钢靴
10441153	Thánh Hoả Chi Nghịch Hoả Cương Ngoa	Giày	53	giao dịch được	圣火之逆火钢靴
10441154	Thánh Hoả Chi Nghịch Hoả Cương Ngoa	Giày	54	giao dịch được	圣火之逆火钢靴
10441155	Thánh Hoả Chi Nghịch Hoả Cương Ngoa	Giày	55	giao dịch được	圣火之逆火钢靴
10441156	Thánh Hoả Chi Nghịch Hoả Cương Ngoa	Giày	56	giao dịch được	圣火之逆火钢靴
10441157	Thánh Hoả Chi Nghịch Hoả Cương Ngoa	Giày	57	giao dịch được	圣火之逆火钢靴
10441158	Thánh Hoả Chi Nghịch Hoả Cương Ngoa	Giày	58	giao dịch được	圣火之逆火钢靴
10441159	Thánh Hoả Chi Nghịch Hoả Cương Ngoa	Giày	59	giao dịch được	圣火之逆火钢靴
10441160	Thánh Hoả Chi Nghịch Hoả Cương Ngoa	Giày	60	giao dịch được	圣火之逆火钢靴
10441161	Thánh Hoả Chi Thệ Trần Ngoa	Giày	61	giao dịch được	圣火之誓尘靴
10441162	Thánh Hoả Chi Thệ Trần Ngoa	Giày	62	giao dịch được	圣火之誓尘靴
10441163	Thánh Hoả Chi Thệ Trần Ngoa	Giày	63	giao dịch được	圣火之誓尘靴
10441164	Thánh Hoả Chi Thệ Trần Ngoa	Giày	64	giao dịch được	圣火之誓尘靴
10441165	Thánh Hoả Chi Thệ Trần Ngoa	Giày	65	giao dịch được	圣火之誓尘靴
10441166	Thánh Hoả Chi Thệ Trần Ngoa	Giày	66	giao dịch được	圣火之誓尘靴
10441167	Thánh Hoả Chi Thệ Trần Ngoa	Giày	67	giao dịch được	圣火之誓尘靴
10441168	Thánh Hoả Chi Thệ Trần Ngoa	Giày	68	giao dịch được	圣火之誓尘靴
10441169	Thánh Hoả Chi Thệ Trần Ngoa	Giày	69	giao dịch được	圣火之誓尘靴
10441170	Thánh Hoả Chi Thệ Trần Ngoa	Giày	70	giao dịch được	圣火之誓尘靴
10441171	Thánh Hoả Chi Diệt Phách Ngoa	Giày	71	giao dịch được	圣火之灭魄靴
10441172	Thánh Hoả Chi Diệt Phách Ngoa	Giày	72	giao dịch được	圣火之灭魄靴
10441173	Thánh Hoả Chi Diệt Phách Ngoa	Giày	73	giao dịch được	圣火之灭魄靴
10441174	Thánh Hoả Chi Diệt Phách Ngoa	Giày	74	giao dịch được	圣火之灭魄靴
10441175	Thánh Hoả Chi Diệt Phách Ngoa	Giày	75	giao dịch được	圣火之灭魄靴
10441176	Thánh Hoả Chi Diệt Phách Ngoa	Giày	76	giao dịch được	圣火之灭魄靴
10441177	Thánh Hoả Chi Diệt Phách Ngoa	Giày	77	giao dịch được	圣火之灭魄靴
10441178	Thánh Hoả Chi Diệt Phách Ngoa	Giày	78	giao dịch được	圣火之灭魄靴
10441179	Thánh Hoả Chi Diệt Phách Ngoa	Giày	79	giao dịch được	圣火之灭魄靴
10441180	Thánh Hoả Chi Diệt Phách Ngoa	Giày	80	giao dịch được	圣火之灭魄靴
10441181	Thánh Hoả Chi Toái Hồn Thiên Ngoa	Giày	81	giao dịch được	圣火之碎魂天靴
10441182	Thánh Hoả Chi Toái Hồn Thiên Ngoa	Giày	82	giao dịch được	圣火之碎魂天靴
10441183	Thánh Hoả Chi Toái Hồn Thiên Ngoa	Giày	83	giao dịch được	圣火之碎魂天靴
10441184	Thánh Hoả Chi Toái Hồn Thiên Ngoa	Giày	84	giao dịch được	圣火之碎魂天靴
10441185	Thánh Hoả Chi Toái Hồn Thiên Ngoa	Giày	85	giao dịch được	圣火之碎魂天靴
10441186	Thánh Hoả Chi Toái Hồn Thiên Ngoa	Giày	86	giao dịch được	圣火之碎魂天靴
10441187	Thánh Hoả Chi Toái Hồn Thiên Ngoa	Giày	87	giao dịch được	圣火之碎魂天靴
10441188	Thánh Hoả Chi Toái Hồn Thiên Ngoa	Giày	88	giao dịch được	圣火之碎魂天靴
10441189	Thánh Hoả Chi Toái Hồn Thiên Ngoa	Giày	89	giao dịch được	圣火之碎魂天靴
10441190	Thánh Hoả Chi Toái Hồn Thiên Ngoa	Giày	90	giao dịch được	圣火之碎魂天靴
10441191	Thánh Hoả Chi Trập Long Thánh Ngoa	Giày	91	giao dịch được	圣火之蛰龙圣靴
10441192	Thánh Hoả Chi Trập Long Thánh Ngoa	Giày	92	giao dịch được	圣火之蛰龙圣靴
10441193	Thánh Hoả Chi Trập Long Thánh Ngoa	Giày	93	giao dịch được	圣火之蛰龙圣靴
10441194	Thánh Hoả Chi Trập Long Thánh Ngoa	Giày	94	giao dịch được	圣火之蛰龙圣靴
10441195	Thánh Hoả Chi Trập Long Thánh Ngoa	Giày	95	giao dịch được	圣火之蛰龙圣靴
10441196	Thánh Hoả Chi Trập Long Thánh Ngoa	Giày	96	giao dịch được	圣火之蛰龙圣靴
10441197	Thánh Hoả Chi Trập Long Thánh Ngoa	Giày	97	giao dịch được	圣火之蛰龙圣靴
10441198	Thánh Hoả Chi Trập Long Thánh Ngoa	Giày	98	giao dịch được	圣火之蛰龙圣靴
10441199	Thánh Hoả Chi Trập Long Thánh Ngoa	Giày	99	giao dịch được	圣火之蛰龙圣靴
10441200	Thánh Hoả Chi Trập Long Thánh Ngoa	Giày	100	giao dịch được	圣火之蛰龙圣靴
10441201	Giáng Long Chi Ngân Toả Ngoa	Giày	1	giao dịch được	降龙之银锁靴
10441202	Giáng Long Chi Ngân Toả Ngoa	Giày	2	giao dịch được	降龙之银锁靴
10441203	Giáng Long Chi Ngân Toả Ngoa	Giày	3	giao dịch được	降龙之银锁靴
10441204	Giáng Long Chi Ngân Toả Ngoa	Giày	4	giao dịch được	降龙之银锁靴
10441205	Giáng Long Chi Ngân Toả Ngoa	Giày	5	giao dịch được	降龙之银锁靴
10441206	Giáng Long Chi Ngân Toả Ngoa	Giày	6	giao dịch được	降龙之银锁靴
10441207	Giáng Long Chi Ngân Toả Ngoa	Giày	7	giao dịch được	降龙之银锁靴
10441208	Giáng Long Chi Ngân Toả Ngoa	Giày	8	giao dịch được	降龙之银锁靴
10441209	Giáng Long Chi Ngân Toả Ngoa	Giày	9	giao dịch được	降龙之银锁靴
10441210	Giáng Long Chi Ngân Toả Ngoa	Giày	10	giao dịch được	降龙之银锁靴
10441211	Giáng Long Chi Nguyệt Thiết Ngoa	Giày	11	giao dịch được	降龙之月铁靴
10441212	Giáng Long Chi Nguyệt Thiết Ngoa	Giày	12	giao dịch được	降龙之月铁靴
10441213	Giáng Long Chi Nguyệt Thiết Ngoa	Giày	13	giao dịch được	降龙之月铁靴
10441214	Giáng Long Chi Nguyệt Thiết Ngoa	Giày	14	giao dịch được	降龙之月铁靴
10441215	Giáng Long Chi Nguyệt Thiết Ngoa	Giày	15	giao dịch được	降龙之月铁靴
10441216	Giáng Long Chi Nguyệt Thiết Ngoa	Giày	16	giao dịch được	降龙之月铁靴
10441217	Giáng Long Chi Nguyệt Thiết Ngoa	Giày	17	giao dịch được	降龙之月铁靴
10441218	Giáng Long Chi Nguyệt Thiết Ngoa	Giày	18	giao dịch được	降龙之月铁靴
10441219	Giáng Long Chi Nguyệt Thiết Ngoa	Giày	19	giao dịch được	降龙之月铁靴
10441220	Giáng Long Chi Nguyệt Thiết Ngoa	Giày	20	giao dịch được	降龙之月铁靴
10441221	Giáng Long Chi Huyền Thiết Ngoa	Giày	21	giao dịch được	降龙之玄铁靴
10441222	Giáng Long Chi Huyền Thiết Ngoa	Giày	22	giao dịch được	降龙之玄铁靴
10441223	Giáng Long Chi Huyền Thiết Ngoa	Giày	23	giao dịch được	降龙之玄铁靴
10441224	Giáng Long Chi Huyền Thiết Ngoa	Giày	24	giao dịch được	降龙之玄铁靴
10441225	Giáng Long Chi Huyền Thiết Ngoa	Giày	25	giao dịch được	降龙之玄铁靴
10441226	Giáng Long Chi Huyền Thiết Ngoa	Giày	26	giao dịch được	降龙之玄铁靴
10441227	Giáng Long Chi Huyền Thiết Ngoa	Giày	27	giao dịch được	降龙之玄铁靴
10441228	Giáng Long Chi Huyền Thiết Ngoa	Giày	28	giao dịch được	降龙之玄铁靴
10441229	Giáng Long Chi Huyền Thiết Ngoa	Giày	29	giao dịch được	降龙之玄铁靴
10441230	Giáng Long Chi Huyền Thiết Ngoa	Giày	30	giao dịch được	降龙之玄铁靴
10441231	Giáng Long Chi Phong Tiêu Thiết Ngoa	Giày	31	giao dịch được	降龙之封霄铁靴
10441232	Giáng Long Chi Phong Tiêu Thiết Ngoa	Giày	32	giao dịch được	降龙之封霄铁靴
10441233	Giáng Long Chi Phong Tiêu Thiết Ngoa	Giày	33	giao dịch được	降龙之封霄铁靴
10441234	Giáng Long Chi Phong Tiêu Thiết Ngoa	Giày	34	giao dịch được	降龙之封霄铁靴
10441235	Giáng Long Chi Phong Tiêu Thiết Ngoa	Giày	35	giao dịch được	降龙之封霄铁靴
10441236	Giáng Long Chi Phong Tiêu Thiết Ngoa	Giày	36	giao dịch được	降龙之封霄铁靴
10441237	Giáng Long Chi Phong Tiêu Thiết Ngoa	Giày	37	giao dịch được	降龙之封霄铁靴
10441238	Giáng Long Chi Phong Tiêu Thiết Ngoa	Giày	38	giao dịch được	降龙之封霄铁靴
10441239	Giáng Long Chi Phong Tiêu Thiết Ngoa	Giày	39	giao dịch được	降龙之封霄铁靴
10441240	Giáng Long Chi Phong Tiêu Thiết Ngoa	Giày	40	giao dịch được	降龙之封霄铁靴
10441241	Giáng Long Chi Diệt Hàn Thiết Ngoa	Giày	41	giao dịch được	降龙之灭寒铁靴
10441242	Giáng Long Chi Diệt Hàn Thiết Ngoa	Giày	42	giao dịch được	降龙之灭寒铁靴
10441243	Giáng Long Chi Diệt Hàn Thiết Ngoa	Giày	43	giao dịch được	降龙之灭寒铁靴
10441244	Giáng Long Chi Diệt Hàn Thiết Ngoa	Giày	44	giao dịch được	降龙之灭寒铁靴
10441245	Giáng Long Chi Diệt Hàn Thiết Ngoa	Giày	45	giao dịch được	降龙之灭寒铁靴
10441246	Giáng Long Chi Diệt Hàn Thiết Ngoa	Giày	46	giao dịch được	降龙之灭寒铁靴
10441247	Giáng Long Chi Diệt Hàn Thiết Ngoa	Giày	47	giao dịch được	降龙之灭寒铁靴
10441248	Giáng Long Chi Diệt Hàn Thiết Ngoa	Giày	48	giao dịch được	降龙之灭寒铁靴
10441249	Giáng Long Chi Diệt Hàn Thiết Ngoa	Giày	49	giao dịch được	降龙之灭寒铁靴
10441250	Giáng Long Chi Diệt Hàn Thiết Ngoa	Giày	50	giao dịch được	降龙之灭寒铁靴
10441251	Giáng Long Chi Nghịch Hoả Cương Ngoa	Giày	51	giao dịch được	降龙之逆火钢靴
10441252	Giáng Long Chi Nghịch Hoả Cương Ngoa	Giày	52	giao dịch được	降龙之逆火钢靴
10441253	Giáng Long Chi Nghịch Hoả Cương Ngoa	Giày	53	giao dịch được	降龙之逆火钢靴
10441254	Giáng Long Chi Nghịch Hoả Cương Ngoa	Giày	54	giao dịch được	降龙之逆火钢靴
10441255	Giáng Long Chi Nghịch Hoả Cương Ngoa	Giày	55	giao dịch được	降龙之逆火钢靴
10441256	Giáng Long Chi Nghịch Hoả Cương Ngoa	Giày	56	giao dịch được	降龙之逆火钢靴
10441257	Giáng Long Chi Nghịch Hoả Cương Ngoa	Giày	57	giao dịch được	降龙之逆火钢靴
10441258	Giáng Long Chi Nghịch Hoả Cương Ngoa	Giày	58	giao dịch được	降龙之逆火钢靴
10441259	Giáng Long Chi Nghịch Hoả Cương Ngoa	Giày	59	giao dịch được	降龙之逆火钢靴
10441260	Giáng Long Chi Nghịch Hoả Cương Ngoa	Giày	60	giao dịch được	降龙之逆火钢靴
10441261	Giáng Long Chi Thệ Trần Ngoa	Giày	61	giao dịch được	降龙之誓尘靴
10441262	Giáng Long Chi Thệ Trần Ngoa	Giày	62	giao dịch được	降龙之誓尘靴
10441263	Giáng Long Chi Thệ Trần Ngoa	Giày	63	giao dịch được	降龙之誓尘靴
10441264	Giáng Long Chi Thệ Trần Ngoa	Giày	64	giao dịch được	降龙之誓尘靴
10441265	Giáng Long Chi Thệ Trần Ngoa	Giày	65	giao dịch được	降龙之誓尘靴
10441266	Giáng Long Chi Thệ Trần Ngoa	Giày	66	giao dịch được	降龙之誓尘靴
10441267	Giáng Long Chi Thệ Trần Ngoa	Giày	67	giao dịch được	降龙之誓尘靴
10441268	Giáng Long Chi Thệ Trần Ngoa	Giày	68	giao dịch được	降龙之誓尘靴
10441269	Giáng Long Chi Thệ Trần Ngoa	Giày	69	giao dịch được	降龙之誓尘靴
10441270	Giáng Long Chi Thệ Trần Ngoa	Giày	70	giao dịch được	降龙之誓尘靴
10441271	Giáng Long Chi Diệt Phách Ngoa	Giày	71	giao dịch được	降龙之灭魄靴
10441272	Giáng Long Chi Diệt Phách Ngoa	Giày	72	giao dịch được	降龙之灭魄靴
10441273	Giáng Long Chi Diệt Phách Ngoa	Giày	73	giao dịch được	降龙之灭魄靴
10441274	Giáng Long Chi Diệt Phách Ngoa	Giày	74	giao dịch được	降龙之灭魄靴
10441275	Giáng Long Chi Diệt Phách Ngoa	Giày	75	giao dịch được	降龙之灭魄靴
10441276	Giáng Long Chi Diệt Phách Ngoa	Giày	76	giao dịch được	降龙之灭魄靴
10441277	Giáng Long Chi Diệt Phách Ngoa	Giày	77	giao dịch được	降龙之灭魄靴
10441278	Giáng Long Chi Diệt Phách Ngoa	Giày	78	giao dịch được	降龙之灭魄靴
10441279	Giáng Long Chi Diệt Phách Ngoa	Giày	79	giao dịch được	降龙之灭魄靴
10441280	Giáng Long Chi Diệt Phách Ngoa	Giày	80	giao dịch được	降龙之灭魄靴
10441281	Giáng Long Chi Toái Hồn Thiên Ngoa	Giày	81	giao dịch được	降龙之碎魂天靴
10441282	Giáng Long Chi Toái Hồn Thiên Ngoa	Giày	82	giao dịch được	降龙之碎魂天靴
10441283	Giáng Long Chi Toái Hồn Thiên Ngoa	Giày	83	giao dịch được	降龙之碎魂天靴
10441284	Giáng Long Chi Toái Hồn Thiên Ngoa	Giày	84	giao dịch được	降龙之碎魂天靴
10441285	Giáng Long Chi Toái Hồn Thiên Ngoa	Giày	85	giao dịch được	降龙之碎魂天靴
10441286	Giáng Long Chi Toái Hồn Thiên Ngoa	Giày	86	giao dịch được	降龙之碎魂天靴
10441287	Giáng Long Chi Toái Hồn Thiên Ngoa	Giày	87	giao dịch được	降龙之碎魂天靴
10441288	Giáng Long Chi Toái Hồn Thiên Ngoa	Giày	88	giao dịch được	降龙之碎魂天靴
10441289	Giáng Long Chi Toái Hồn Thiên Ngoa	Giày	89	giao dịch được	降龙之碎魂天靴
10441290	Giáng Long Chi Toái Hồn Thiên Ngoa	Giày	90	giao dịch được	降龙之碎魂天靴
10441291	Giáng Long Chi Trập Long Thánh Ngoa	Giày	91	giao dịch được	降龙之蛰龙圣靴
10441292	Giáng Long Chi Trập Long Thánh Ngoa	Giày	92	giao dịch được	降龙之蛰龙圣靴
10441293	Giáng Long Chi Trập Long Thánh Ngoa	Giày	93	giao dịch được	降龙之蛰龙圣靴
10441294	Giáng Long Chi Trập Long Thánh Ngoa	Giày	94	giao dịch được	降龙之蛰龙圣靴
10441295	Giáng Long Chi Trập Long Thánh Ngoa	Giày	95	giao dịch được	降龙之蛰龙圣靴
10441296	Giáng Long Chi Trập Long Thánh Ngoa	Giày	96	giao dịch được	降龙之蛰龙圣靴
10441297	Giáng Long Chi Trập Long Thánh Ngoa	Giày	97	giao dịch được	降龙之蛰龙圣靴
10441298	Giáng Long Chi Trập Long Thánh Ngoa	Giày	98	giao dịch được	降龙之蛰龙圣靴
10441299	Giáng Long Chi Trập Long Thánh Ngoa	Giày	99	giao dịch được	降龙之蛰龙圣靴
10441300	Giáng Long Chi Trập Long Thánh Ngoa	Giày	100	giao dịch được	降龙之蛰龙圣靴
10441301	Ngọc Nữ Chi Miên Bố Hài	Giày	1	giao dịch được	玉女之棉布鞋
10441302	Ngọc Nữ Chi Miên Bố Hài	Giày	2	giao dịch được	玉女之棉布鞋
10441303	Ngọc Nữ Chi Miên Bố Hài	Giày	3	giao dịch được	玉女之棉布鞋
10441304	Ngọc Nữ Chi Miên Bố Hài	Giày	4	giao dịch được	玉女之棉布鞋
10441305	Ngọc Nữ Chi Miên Bố Hài	Giày	5	giao dịch được	玉女之棉布鞋
10441306	Ngọc Nữ Chi Miên Bố Hài	Giày	6	giao dịch được	玉女之棉布鞋
10441307	Ngọc Nữ Chi Miên Bố Hài	Giày	7	giao dịch được	玉女之棉布鞋
10441308	Ngọc Nữ Chi Miên Bố Hài	Giày	8	giao dịch được	玉女之棉布鞋
10441309	Ngọc Nữ Chi Miên Bố Hài	Giày	9	giao dịch được	玉女之棉布鞋
10441310	Ngọc Nữ Chi Miên Bố Hài	Giày	10	giao dịch được	玉女之棉布鞋
10441311	Ngọc Nữ Chi Miên Ti Hài	Giày	11	giao dịch được	玉女之棉丝鞋
10441312	Ngọc Nữ Chi Miên Ti Hài	Giày	12	giao dịch được	玉女之棉丝鞋
10441313	Ngọc Nữ Chi Miên Ti Hài	Giày	13	giao dịch được	玉女之棉丝鞋
10441314	Ngọc Nữ Chi Miên Ti Hài	Giày	14	giao dịch được	玉女之棉丝鞋
10441315	Ngọc Nữ Chi Miên Ti Hài	Giày	15	giao dịch được	玉女之棉丝鞋
10441316	Ngọc Nữ Chi Miên Ti Hài	Giày	16	giao dịch được	玉女之棉丝鞋
10441317	Ngọc Nữ Chi Miên Ti Hài	Giày	17	giao dịch được	玉女之棉丝鞋
10441318	Ngọc Nữ Chi Miên Ti Hài	Giày	18	giao dịch được	玉女之棉丝鞋
10441319	Ngọc Nữ Chi Miên Ti Hài	Giày	19	giao dịch được	玉女之棉丝鞋
10441320	Ngọc Nữ Chi Miên Ti Hài	Giày	20	giao dịch được	玉女之棉丝鞋
10441321	Ngọc Nữ Chi Bồ Bố Hài	Giày	21	giao dịch được	玉女之蒲布鞋
10441322	Ngọc Nữ Chi Bồ Bố Hài	Giày	22	giao dịch được	玉女之蒲布鞋
10441323	Ngọc Nữ Chi Bồ Bố Hài	Giày	23	giao dịch được	玉女之蒲布鞋
10441324	Ngọc Nữ Chi Bồ Bố Hài	Giày	24	giao dịch được	玉女之蒲布鞋
10441325	Ngọc Nữ Chi Bồ Bố Hài	Giày	25	giao dịch được	玉女之蒲布鞋
10441326	Ngọc Nữ Chi Bồ Bố Hài	Giày	26	giao dịch được	玉女之蒲布鞋
10441327	Ngọc Nữ Chi Bồ Bố Hài	Giày	27	giao dịch được	玉女之蒲布鞋
10441328	Ngọc Nữ Chi Bồ Bố Hài	Giày	28	giao dịch được	玉女之蒲布鞋
10441329	Ngọc Nữ Chi Bồ Bố Hài	Giày	29	giao dịch được	玉女之蒲布鞋
10441330	Ngọc Nữ Chi Bồ Bố Hài	Giày	30	giao dịch được	玉女之蒲布鞋
10441331	Ngọc Nữ Chi Chân Ti Hài	Giày	31	giao dịch được	玉女之真丝鞋
10441332	Ngọc Nữ Chi Chân Ti Hài	Giày	32	giao dịch được	玉女之真丝鞋
10441333	Ngọc Nữ Chi Chân Ti Hài	Giày	33	giao dịch được	玉女之真丝鞋
10441334	Ngọc Nữ Chi Chân Ti Hài	Giày	34	giao dịch được	玉女之真丝鞋
10441335	Ngọc Nữ Chi Chân Ti Hài	Giày	35	giao dịch được	玉女之真丝鞋
10441336	Ngọc Nữ Chi Chân Ti Hài	Giày	36	giao dịch được	玉女之真丝鞋
10441337	Ngọc Nữ Chi Chân Ti Hài	Giày	37	giao dịch được	玉女之真丝鞋
10441338	Ngọc Nữ Chi Chân Ti Hài	Giày	38	giao dịch được	玉女之真丝鞋
10441339	Ngọc Nữ Chi Chân Ti Hài	Giày	39	giao dịch được	玉女之真丝鞋
10441340	Ngọc Nữ Chi Chân Ti Hài	Giày	40	giao dịch được	玉女之真丝鞋
10441341	Ngọc Nữ Chi Tô Cẩm Hài	Giày	41	giao dịch được	玉女之苏锦鞋
10441342	Ngọc Nữ Chi Tô Cẩm Hài	Giày	42	giao dịch được	玉女之苏锦鞋
10441343	Ngọc Nữ Chi Tô Cẩm Hài	Giày	43	giao dịch được	玉女之苏锦鞋
10441344	Ngọc Nữ Chi Tô Cẩm Hài	Giày	44	giao dịch được	玉女之苏锦鞋
10441345	Ngọc Nữ Chi Tô Cẩm Hài	Giày	45	giao dịch được	玉女之苏锦鞋
10441346	Ngọc Nữ Chi Tô Cẩm Hài	Giày	46	giao dịch được	玉女之苏锦鞋
10441347	Ngọc Nữ Chi Tô Cẩm Hài	Giày	47	giao dịch được	玉女之苏锦鞋
10441348	Ngọc Nữ Chi Tô Cẩm Hài	Giày	48	giao dịch được	玉女之苏锦鞋
10441349	Ngọc Nữ Chi Tô Cẩm Hài	Giày	49	giao dịch được	玉女之苏锦鞋
10441350	Ngọc Nữ Chi Tô Cẩm Hài	Giày	50	giao dịch được	玉女之苏锦鞋
10441351	Ngọc Nữ Chi Thanh Nga Hài	Giày	51	giao dịch được	玉女之青峨鞋
10441352	Ngọc Nữ Chi Thanh Nga Hài	Giày	52	giao dịch được	玉女之青峨鞋
10441353	Ngọc Nữ Chi Thanh Nga Hài	Giày	53	giao dịch được	玉女之青峨鞋
10441354	Ngọc Nữ Chi Thanh Nga Hài	Giày	54	giao dịch được	玉女之青峨鞋
10441355	Ngọc Nữ Chi Thanh Nga Hài	Giày	55	giao dịch được	玉女之青峨鞋
10441356	Ngọc Nữ Chi Thanh Nga Hài	Giày	56	giao dịch được	玉女之青峨鞋
10441357	Ngọc Nữ Chi Thanh Nga Hài	Giày	57	giao dịch được	玉女之青峨鞋
10441358	Ngọc Nữ Chi Thanh Nga Hài	Giày	58	giao dịch được	玉女之青峨鞋
10441359	Ngọc Nữ Chi Thanh Nga Hài	Giày	59	giao dịch được	玉女之青峨鞋
10441360	Ngọc Nữ Chi Thanh Nga Hài	Giày	60	giao dịch được	玉女之青峨鞋
10441361	Ngọc Nữ Chi Tứ Hải Hài	Giày	61	giao dịch được	玉女之四海鞋
10441362	Ngọc Nữ Chi Tứ Hải Hài	Giày	62	giao dịch được	玉女之四海鞋
10441363	Ngọc Nữ Chi Tứ Hải Hài	Giày	63	giao dịch được	玉女之四海鞋
10441364	Ngọc Nữ Chi Tứ Hải Hài	Giày	64	giao dịch được	玉女之四海鞋
10441365	Ngọc Nữ Chi Tứ Hải Hài	Giày	65	giao dịch được	玉女之四海鞋
10441366	Ngọc Nữ Chi Tứ Hải Hài	Giày	66	giao dịch được	玉女之四海鞋
10441367	Ngọc Nữ Chi Tứ Hải Hài	Giày	67	giao dịch được	玉女之四海鞋
10441368	Ngọc Nữ Chi Tứ Hải Hài	Giày	68	giao dịch được	玉女之四海鞋
10441369	Ngọc Nữ Chi Tứ Hải Hài	Giày	69	giao dịch được	玉女之四海鞋
10441370	Ngọc Nữ Chi Tứ Hải Hài	Giày	70	giao dịch được	玉女之四海鞋
10441371	Ngọc Nữ Chi Như Mộng Hài	Giày	71	giao dịch được	玉女之如梦鞋
10441372	Ngọc Nữ Chi Như Mộng Hài	Giày	72	giao dịch được	玉女之如梦鞋
10441373	Ngọc Nữ Chi Như Mộng Hài	Giày	73	giao dịch được	玉女之如梦鞋
10441374	Ngọc Nữ Chi Như Mộng Hài	Giày	74	giao dịch được	玉女之如梦鞋
10441375	Ngọc Nữ Chi Như Mộng Hài	Giày	75	giao dịch được	玉女之如梦鞋
10441376	Ngọc Nữ Chi Như Mộng Hài	Giày	76	giao dịch được	玉女之如梦鞋
10441377	Ngọc Nữ Chi Như Mộng Hài	Giày	77	giao dịch được	玉女之如梦鞋
10441378	Ngọc Nữ Chi Như Mộng Hài	Giày	78	giao dịch được	玉女之如梦鞋
10441379	Ngọc Nữ Chi Như Mộng Hài	Giày	79	giao dịch được	玉女之如梦鞋
10441380	Ngọc Nữ Chi Như Mộng Hài	Giày	80	giao dịch được	玉女之如梦鞋
10441381	Ngọc Nữ Chi Thánh Mục Hài	Giày	81	giao dịch được	玉女之圣目鞋
10441382	Ngọc Nữ Chi Thánh Mục Hài	Giày	82	giao dịch được	玉女之圣目鞋
10441383	Ngọc Nữ Chi Thánh Mục Hài	Giày	83	giao dịch được	玉女之圣目鞋
10441384	Ngọc Nữ Chi Thánh Mục Hài	Giày	84	giao dịch được	玉女之圣目鞋
10441385	Ngọc Nữ Chi Thánh Mục Hài	Giày	85	giao dịch được	玉女之圣目鞋
10441386	Ngọc Nữ Chi Thánh Mục Hài	Giày	86	giao dịch được	玉女之圣目鞋
10441387	Ngọc Nữ Chi Thánh Mục Hài	Giày	87	giao dịch được	玉女之圣目鞋
10441388	Ngọc Nữ Chi Thánh Mục Hài	Giày	88	giao dịch được	玉女之圣目鞋
10441389	Ngọc Nữ Chi Thánh Mục Hài	Giày	89	giao dịch được	玉女之圣目鞋
10441390	Ngọc Nữ Chi Thánh Mục Hài	Giày	90	giao dịch được	玉女之圣目鞋
10441391	Ngọc Nữ Chi Linh Động Thiên Ngoa	Giày	91	giao dịch được	玉女之灵动天靴
10441392	Ngọc Nữ Chi Linh Động Thiên Ngoa	Giày	92	giao dịch được	玉女之灵动天靴
10441393	Ngọc Nữ Chi Linh Động Thiên Ngoa	Giày	93	giao dịch được	玉女之灵动天靴
10441394	Ngọc Nữ Chi Linh Động Thiên Ngoa	Giày	94	giao dịch được	玉女之灵动天靴
10441395	Ngọc Nữ Chi Linh Động Thiên Ngoa	Giày	95	giao dịch được	玉女之灵动天靴
10441396	Ngọc Nữ Chi Linh Động Thiên Ngoa	Giày	96	giao dịch được	玉女之灵动天靴
10441397	Ngọc Nữ Chi Linh Động Thiên Ngoa	Giày	97	giao dịch được	玉女之灵动天靴
10441398	Ngọc Nữ Chi Linh Động Thiên Ngoa	Giày	98	giao dịch được	玉女之灵动天靴
10441399	Ngọc Nữ Chi Linh Động Thiên Ngoa	Giày	99	giao dịch được	玉女之灵动天靴
10441400	Ngọc Nữ Chi Linh Động Thiên Ngoa	Giày	100	giao dịch được	玉女之灵动天靴
10441401	Vô Cực Chi Miên Bố Hài	Giày	1	giao dịch được	无极之棉布鞋
10441402	Vô Cực Chi Miên Bố Hài	Giày	2	giao dịch được	无极之棉布鞋
10441403	Vô Cực Chi Miên Bố Hài	Giày	3	giao dịch được	无极之棉布鞋
10441404	Vô Cực Chi Miên Bố Hài	Giày	4	giao dịch được	无极之棉布鞋
10441405	Vô Cực Chi Miên Bố Hài	Giày	5	giao dịch được	无极之棉布鞋
10441406	Vô Cực Chi Miên Bố Hài	Giày	6	giao dịch được	无极之棉布鞋
10441407	Vô Cực Chi Miên Bố Hài	Giày	7	giao dịch được	无极之棉布鞋
10441408	Vô Cực Chi Miên Bố Hài	Giày	8	giao dịch được	无极之棉布鞋
10441409	Vô Cực Chi Miên Bố Hài	Giày	9	giao dịch được	无极之棉布鞋
10441410	Vô Cực Chi Miên Bố Hài	Giày	10	giao dịch được	无极之棉布鞋
10441411	Vô Cực Chi Miên Ti Hài	Giày	11	giao dịch được	无极之棉丝鞋
10441412	Vô Cực Chi Miên Ti Hài	Giày	12	giao dịch được	无极之棉丝鞋
10441413	Vô Cực Chi Miên Ti Hài	Giày	13	giao dịch được	无极之棉丝鞋
10441414	Vô Cực Chi Miên Ti Hài	Giày	14	giao dịch được	无极之棉丝鞋
10441415	Vô Cực Chi Miên Ti Hài	Giày	15	giao dịch được	无极之棉丝鞋
10441416	Vô Cực Chi Miên Ti Hài	Giày	16	giao dịch được	无极之棉丝鞋
10441417	Vô Cực Chi Miên Ti Hài	Giày	17	giao dịch được	无极之棉丝鞋
10441418	Vô Cực Chi Miên Ti Hài	Giày	18	giao dịch được	无极之棉丝鞋
10441419	Vô Cực Chi Miên Ti Hài	Giày	19	giao dịch được	无极之棉丝鞋
10441420	Vô Cực Chi Miên Ti Hài	Giày	20	giao dịch được	无极之棉丝鞋
10441421	Vô Cực Chi Bồ Bố Hài	Giày	21	giao dịch được	无极之蒲布鞋
10441422	Vô Cực Chi Bồ Bố Hài	Giày	22	giao dịch được	无极之蒲布鞋
10441423	Vô Cực Chi Bồ Bố Hài	Giày	23	giao dịch được	无极之蒲布鞋
10441424	Vô Cực Chi Bồ Bố Hài	Giày	24	giao dịch được	无极之蒲布鞋
10441425	Vô Cực Chi Bồ Bố Hài	Giày	25	giao dịch được	无极之蒲布鞋
10441426	Vô Cực Chi Bồ Bố Hài	Giày	26	giao dịch được	无极之蒲布鞋
10441427	Vô Cực Chi Bồ Bố Hài	Giày	27	giao dịch được	无极之蒲布鞋
10441428	Vô Cực Chi Bồ Bố Hài	Giày	28	giao dịch được	无极之蒲布鞋
10441429	Vô Cực Chi Bồ Bố Hài	Giày	29	giao dịch được	无极之蒲布鞋
10441430	Vô Cực Chi Bồ Bố Hài	Giày	30	giao dịch được	无极之蒲布鞋
10441431	Vô Cực Chi Chân Ti Hài	Giày	31	giao dịch được	无极之真丝鞋
10441432	Vô Cực Chi Chân Ti Hài	Giày	32	giao dịch được	无极之真丝鞋
10441433	Vô Cực Chi Chân Ti Hài	Giày	33	giao dịch được	无极之真丝鞋
10441434	Vô Cực Chi Chân Ti Hài	Giày	34	giao dịch được	无极之真丝鞋
10441435	Vô Cực Chi Chân Ti Hài	Giày	35	giao dịch được	无极之真丝鞋
10441436	Vô Cực Chi Chân Ti Hài	Giày	36	giao dịch được	无极之真丝鞋
10441437	Vô Cực Chi Chân Ti Hài	Giày	37	giao dịch được	无极之真丝鞋
10441438	Vô Cực Chi Chân Ti Hài	Giày	38	giao dịch được	无极之真丝鞋
10441439	Vô Cực Chi Chân Ti Hài	Giày	39	giao dịch được	无极之真丝鞋
10441440	Vô Cực Chi Chân Ti Hài	Giày	40	giao dịch được	无极之真丝鞋
10441441	Vô Cực Chi Tô Cẩm Hài	Giày	41	giao dịch được	无极之苏锦鞋
10441442	Vô Cực Chi Tô Cẩm Hài	Giày	42	giao dịch được	无极之苏锦鞋
10441443	Vô Cực Chi Tô Cẩm Hài	Giày	43	giao dịch được	无极之苏锦鞋
10441444	Vô Cực Chi Tô Cẩm Hài	Giày	44	giao dịch được	无极之苏锦鞋
10441445	Vô Cực Chi Tô Cẩm Hài	Giày	45	giao dịch được	无极之苏锦鞋
10441446	Vô Cực Chi Tô Cẩm Hài	Giày	46	giao dịch được	无极之苏锦鞋
10441447	Vô Cực Chi Tô Cẩm Hài	Giày	47	giao dịch được	无极之苏锦鞋
10441448	Vô Cực Chi Tô Cẩm Hài	Giày	48	giao dịch được	无极之苏锦鞋
10441449	Vô Cực Chi Tô Cẩm Hài	Giày	49	giao dịch được	无极之苏锦鞋
10441450	Vô Cực Chi Tô Cẩm Hài	Giày	50	giao dịch được	无极之苏锦鞋
10441451	Vô Cực Chi Thanh Nga Hài	Giày	51	giao dịch được	无极之青峨鞋
10441452	Vô Cực Chi Thanh Nga Hài	Giày	52	giao dịch được	无极之青峨鞋
10441453	Vô Cực Chi Thanh Nga Hài	Giày	53	giao dịch được	无极之青峨鞋
10441454	Vô Cực Chi Thanh Nga Hài	Giày	54	giao dịch được	无极之青峨鞋
10441455	Vô Cực Chi Thanh Nga Hài	Giày	55	giao dịch được	无极之青峨鞋
10441456	Vô Cực Chi Thanh Nga Hài	Giày	56	giao dịch được	无极之青峨鞋
10441457	Vô Cực Chi Thanh Nga Hài	Giày	57	giao dịch được	无极之青峨鞋
10441458	Vô Cực Chi Thanh Nga Hài	Giày	58	giao dịch được	无极之青峨鞋
10441459	Vô Cực Chi Thanh Nga Hài	Giày	59	giao dịch được	无极之青峨鞋
10441460	Vô Cực Chi Thanh Nga Hài	Giày	60	giao dịch được	无极之青峨鞋
10441461	Vô Cực Chi Tứ Hải Hài	Giày	61	giao dịch được	无极之四海鞋
10441462	Vô Cực Chi Tứ Hải Hài	Giày	62	giao dịch được	无极之四海鞋
10441463	Vô Cực Chi Tứ Hải Hài	Giày	63	giao dịch được	无极之四海鞋
10441464	Vô Cực Chi Tứ Hải Hài	Giày	64	giao dịch được	无极之四海鞋
10441465	Vô Cực Chi Tứ Hải Hài	Giày	65	giao dịch được	无极之四海鞋
10441466	Vô Cực Chi Tứ Hải Hài	Giày	66	giao dịch được	无极之四海鞋
10441467	Vô Cực Chi Tứ Hải Hài	Giày	67	giao dịch được	无极之四海鞋
10441468	Vô Cực Chi Tứ Hải Hài	Giày	68	giao dịch được	无极之四海鞋
10441469	Vô Cực Chi Tứ Hải Hài	Giày	69	giao dịch được	无极之四海鞋
10441470	Vô Cực Chi Tứ Hải Hài	Giày	70	giao dịch được	无极之四海鞋
10441471	Vô Cực Chi Như Mộng Hài	Giày	71	giao dịch được	无极之如梦鞋
10441472	Vô Cực Chi Như Mộng Hài	Giày	72	giao dịch được	无极之如梦鞋
10441473	Vô Cực Chi Như Mộng Hài	Giày	73	giao dịch được	无极之如梦鞋
10441474	Vô Cực Chi Như Mộng Hài	Giày	74	giao dịch được	无极之如梦鞋
10441475	Vô Cực Chi Như Mộng Hài	Giày	75	giao dịch được	无极之如梦鞋
10441476	Vô Cực Chi Như Mộng Hài	Giày	76	giao dịch được	无极之如梦鞋
10441477	Vô Cực Chi Như Mộng Hài	Giày	77	giao dịch được	无极之如梦鞋
10441478	Vô Cực Chi Như Mộng Hài	Giày	78	giao dịch được	无极之如梦鞋
10441479	Vô Cực Chi Như Mộng Hài	Giày	79	giao dịch được	无极之如梦鞋
10441480	Vô Cực Chi Như Mộng Hài	Giày	80	giao dịch được	无极之如梦鞋
10441481	Vô Cực Chi Thánh Mục Hài	Giày	81	giao dịch được	无极之圣目鞋
10441482	Vô Cực Chi Thánh Mục Hài	Giày	82	giao dịch được	无极之圣目鞋
10441483	Vô Cực Chi Thánh Mục Hài	Giày	83	giao dịch được	无极之圣目鞋
10441484	Vô Cực Chi Thánh Mục Hài	Giày	84	giao dịch được	无极之圣目鞋
10441485	Vô Cực Chi Thánh Mục Hài	Giày	85	giao dịch được	无极之圣目鞋
10441486	Vô Cực Chi Thánh Mục Hài	Giày	86	giao dịch được	无极之圣目鞋
10441487	Vô Cực Chi Thánh Mục Hài	Giày	87	giao dịch được	无极之圣目鞋
10441488	Vô Cực Chi Thánh Mục Hài	Giày	88	giao dịch được	无极之圣目鞋
10441489	Vô Cực Chi Thánh Mục Hài	Giày	89	giao dịch được	无极之圣目鞋
10441490	Vô Cực Chi Thánh Mục Hài	Giày	90	giao dịch được	无极之圣目鞋
10441491	Vô Cực Chi Linh Động Thiên Ngoa	Giày	91	giao dịch được	无极之灵动天靴
10441492	Vô Cực Chi Linh Động Thiên Ngoa	Giày	92	giao dịch được	无极之灵动天靴
10441493	Vô Cực Chi Linh Động Thiên Ngoa	Giày	93	giao dịch được	无极之灵动天靴
10441494	Vô Cực Chi Linh Động Thiên Ngoa	Giày	94	giao dịch được	无极之灵动天靴
10441495	Vô Cực Chi Linh Động Thiên Ngoa	Giày	95	giao dịch được	无极之灵动天靴
10441496	Vô Cực Chi Linh Động Thiên Ngoa	Giày	96	giao dịch được	无极之灵动天靴
10441497	Vô Cực Chi Linh Động Thiên Ngoa	Giày	97	giao dịch được	无极之灵动天靴
10441498	Vô Cực Chi Linh Động Thiên Ngoa	Giày	98	giao dịch được	无极之灵动天靴
10441499	Vô Cực Chi Linh Động Thiên Ngoa	Giày	99	giao dịch được	无极之灵动天靴
10441500	Vô Cực Chi Linh Động Thiên Ngoa	Giày	100	giao dịch được	无极之灵动天靴
10441501	Hoang Độc Chi Miên Bố Hài	Giày	1	giao dịch được	荒毒之棉布鞋
10441502	Hoang Độc Chi Miên Bố Hài	Giày	2	giao dịch được	荒毒之棉布鞋
10441503	Hoang Độc Chi Miên Bố Hài	Giày	3	giao dịch được	荒毒之棉布鞋
10441504	Hoang Độc Chi Miên Bố Hài	Giày	4	giao dịch được	荒毒之棉布鞋
10441505	Hoang Độc Chi Miên Bố Hài	Giày	5	giao dịch được	荒毒之棉布鞋
10441506	Hoang Độc Chi Miên Bố Hài	Giày	6	giao dịch được	荒毒之棉布鞋
10441507	Hoang Độc Chi Miên Bố Hài	Giày	7	giao dịch được	荒毒之棉布鞋
10441508	Hoang Độc Chi Miên Bố Hài	Giày	8	giao dịch được	荒毒之棉布鞋
10441509	Hoang Độc Chi Miên Bố Hài	Giày	9	giao dịch được	荒毒之棉布鞋
10441510	Hoang Độc Chi Miên Bố Hài	Giày	10	giao dịch được	荒毒之棉布鞋
10441511	Hoang Độc Chi Miên Ti Hài	Giày	11	giao dịch được	荒毒之棉丝鞋
10441512	Hoang Độc Chi Miên Ti Hài	Giày	12	giao dịch được	荒毒之棉丝鞋
10441513	Hoang Độc Chi Miên Ti Hài	Giày	13	giao dịch được	荒毒之棉丝鞋
10441514	Hoang Độc Chi Miên Ti Hài	Giày	14	giao dịch được	荒毒之棉丝鞋
10441515	Hoang Độc Chi Miên Ti Hài	Giày	15	giao dịch được	荒毒之棉丝鞋
10441516	Hoang Độc Chi Miên Ti Hài	Giày	16	giao dịch được	荒毒之棉丝鞋
10441517	Hoang Độc Chi Miên Ti Hài	Giày	17	giao dịch được	荒毒之棉丝鞋
10441518	Hoang Độc Chi Miên Ti Hài	Giày	18	giao dịch được	荒毒之棉丝鞋
10441519	Hoang Độc Chi Miên Ti Hài	Giày	19	giao dịch được	荒毒之棉丝鞋
10441520	Hoang Độc Chi Miên Ti Hài	Giày	20	giao dịch được	荒毒之棉丝鞋
10441521	Hoang Độc Chi Bồ Bố Hài	Giày	21	giao dịch được	荒毒之蒲布鞋
10441522	Hoang Độc Chi Bồ Bố Hài	Giày	22	giao dịch được	荒毒之蒲布鞋
10441523	Hoang Độc Chi Bồ Bố Hài	Giày	23	giao dịch được	荒毒之蒲布鞋
10441524	Hoang Độc Chi Bồ Bố Hài	Giày	24	giao dịch được	荒毒之蒲布鞋
10441525	Hoang Độc Chi Bồ Bố Hài	Giày	25	giao dịch được	荒毒之蒲布鞋
10441526	Hoang Độc Chi Bồ Bố Hài	Giày	26	giao dịch được	荒毒之蒲布鞋
10441527	Hoang Độc Chi Bồ Bố Hài	Giày	27	giao dịch được	荒毒之蒲布鞋
10441528	Hoang Độc Chi Bồ Bố Hài	Giày	28	giao dịch được	荒毒之蒲布鞋
10441529	Hoang Độc Chi Bồ Bố Hài	Giày	29	giao dịch được	荒毒之蒲布鞋
10441530	Hoang Độc Chi Bồ Bố Hài	Giày	30	giao dịch được	荒毒之蒲布鞋
10441531	Hoang Độc Chi Chân Ti Hài	Giày	31	giao dịch được	荒毒之真丝鞋
10441532	Hoang Độc Chi Chân Ti Hài	Giày	32	giao dịch được	荒毒之真丝鞋
10441533	Hoang Độc Chi Chân Ti Hài	Giày	33	giao dịch được	荒毒之真丝鞋
10441534	Hoang Độc Chi Chân Ti Hài	Giày	34	giao dịch được	荒毒之真丝鞋
10441535	Hoang Độc Chi Chân Ti Hài	Giày	35	giao dịch được	荒毒之真丝鞋
10441536	Hoang Độc Chi Chân Ti Hài	Giày	36	giao dịch được	荒毒之真丝鞋
10441537	Hoang Độc Chi Chân Ti Hài	Giày	37	giao dịch được	荒毒之真丝鞋
10441538	Hoang Độc Chi Chân Ti Hài	Giày	38	giao dịch được	荒毒之真丝鞋
10441539	Hoang Độc Chi Chân Ti Hài	Giày	39	giao dịch được	荒毒之真丝鞋
10441540	Hoang Độc Chi Chân Ti Hài	Giày	40	giao dịch được	荒毒之真丝鞋
10441541	Hoang Độc Chi Tô Cẩm Hài	Giày	41	giao dịch được	荒毒之苏锦鞋
10441542	Hoang Độc Chi Tô Cẩm Hài	Giày	42	giao dịch được	荒毒之苏锦鞋
10441543	Hoang Độc Chi Tô Cẩm Hài	Giày	43	giao dịch được	荒毒之苏锦鞋
10441544	Hoang Độc Chi Tô Cẩm Hài	Giày	44	giao dịch được	荒毒之苏锦鞋
10441545	Hoang Độc Chi Tô Cẩm Hài	Giày	45	giao dịch được	荒毒之苏锦鞋
10441546	Hoang Độc Chi Tô Cẩm Hài	Giày	46	giao dịch được	荒毒之苏锦鞋
10441547	Hoang Độc Chi Tô Cẩm Hài	Giày	47	giao dịch được	荒毒之苏锦鞋
10441548	Hoang Độc Chi Tô Cẩm Hài	Giày	48	giao dịch được	荒毒之苏锦鞋
10441549	Hoang Độc Chi Tô Cẩm Hài	Giày	49	giao dịch được	荒毒之苏锦鞋
10441550	Hoang Độc Chi Tô Cẩm Hài	Giày	50	giao dịch được	荒毒之苏锦鞋
10441551	Hoang Độc Chi Thanh Nga Hài	Giày	51	giao dịch được	荒毒之青峨鞋
10441552	Hoang Độc Chi Thanh Nga Hài	Giày	52	giao dịch được	荒毒之青峨鞋
10441553	Hoang Độc Chi Thanh Nga Hài	Giày	53	giao dịch được	荒毒之青峨鞋
10441554	Hoang Độc Chi Thanh Nga Hài	Giày	54	giao dịch được	荒毒之青峨鞋
10441555	Hoang Độc Chi Thanh Nga Hài	Giày	55	giao dịch được	荒毒之青峨鞋
10441556	Hoang Độc Chi Thanh Nga Hài	Giày	56	giao dịch được	荒毒之青峨鞋
10441557	Hoang Độc Chi Thanh Nga Hài	Giày	57	giao dịch được	荒毒之青峨鞋
10441558	Hoang Độc Chi Thanh Nga Hài	Giày	58	giao dịch được	荒毒之青峨鞋
10441559	Hoang Độc Chi Thanh Nga Hài	Giày	59	giao dịch được	荒毒之青峨鞋
10441560	Hoang Độc Chi Thanh Nga Hài	Giày	60	giao dịch được	荒毒之青峨鞋
10441561	Hoang Độc Chi Tứ Hải Hài	Giày	61	giao dịch được	荒毒之四海鞋
10441562	Hoang Độc Chi Tứ Hải Hài	Giày	62	giao dịch được	荒毒之四海鞋
10441563	Hoang Độc Chi Tứ Hải Hài	Giày	63	giao dịch được	荒毒之四海鞋
10441564	Hoang Độc Chi Tứ Hải Hài	Giày	64	giao dịch được	荒毒之四海鞋
10441565	Hoang Độc Chi Tứ Hải Hài	Giày	65	giao dịch được	荒毒之四海鞋
10441566	Hoang Độc Chi Tứ Hải Hài	Giày	66	giao dịch được	荒毒之四海鞋
10441567	Hoang Độc Chi Tứ Hải Hài	Giày	67	giao dịch được	荒毒之四海鞋
10441568	Hoang Độc Chi Tứ Hải Hài	Giày	68	giao dịch được	荒毒之四海鞋
10441569	Hoang Độc Chi Tứ Hải Hài	Giày	69	giao dịch được	荒毒之四海鞋
10441570	Hoang Độc Chi Tứ Hải Hài	Giày	70	giao dịch được	荒毒之四海鞋
10441571	Hoang Độc Chi Như Mộng Hài	Giày	71	giao dịch được	荒毒之如梦鞋
10441572	Hoang Độc Chi Như Mộng Hài	Giày	72	giao dịch được	荒毒之如梦鞋
10441573	Hoang Độc Chi Như Mộng Hài	Giày	73	giao dịch được	荒毒之如梦鞋
10441574	Hoang Độc Chi Như Mộng Hài	Giày	74	giao dịch được	荒毒之如梦鞋
10441575	Hoang Độc Chi Như Mộng Hài	Giày	75	giao dịch được	荒毒之如梦鞋
10441576	Hoang Độc Chi Như Mộng Hài	Giày	76	giao dịch được	荒毒之如梦鞋
10441577	Hoang Độc Chi Như Mộng Hài	Giày	77	giao dịch được	荒毒之如梦鞋
10441578	Hoang Độc Chi Như Mộng Hài	Giày	78	giao dịch được	荒毒之如梦鞋
10441579	Hoang Độc Chi Như Mộng Hài	Giày	79	giao dịch được	荒毒之如梦鞋
10441580	Hoang Độc Chi Như Mộng Hài	Giày	80	giao dịch được	荒毒之如梦鞋
10441581	Hoang Độc Chi Thánh Mục Hài	Giày	81	giao dịch được	荒毒之圣目鞋
10441582	Hoang Độc Chi Thánh Mục Hài	Giày	82	giao dịch được	荒毒之圣目鞋
10441583	Hoang Độc Chi Thánh Mục Hài	Giày	83	giao dịch được	荒毒之圣目鞋
10441584	Hoang Độc Chi Thánh Mục Hài	Giày	84	giao dịch được	荒毒之圣目鞋
10441585	Hoang Độc Chi Thánh Mục Hài	Giày	85	giao dịch được	荒毒之圣目鞋
10441586	Hoang Độc Chi Thánh Mục Hài	Giày	86	giao dịch được	荒毒之圣目鞋
10441587	Hoang Độc Chi Thánh Mục Hài	Giày	87	giao dịch được	荒毒之圣目鞋
10441588	Hoang Độc Chi Thánh Mục Hài	Giày	88	giao dịch được	荒毒之圣目鞋
10441589	Hoang Độc Chi Thánh Mục Hài	Giày	89	giao dịch được	荒毒之圣目鞋
10441590	Hoang Độc Chi Thánh Mục Hài	Giày	90	giao dịch được	荒毒之圣目鞋
10441591	Hoang Độc Chi Linh Động Thiên Ngoa	Giày	91	giao dịch được	荒毒之灵动天靴
10441592	Hoang Độc Chi Linh Động Thiên Ngoa	Giày	92	giao dịch được	荒毒之灵动天靴
10441593	Hoang Độc Chi Linh Động Thiên Ngoa	Giày	93	giao dịch được	荒毒之灵动天靴
10441594	Hoang Độc Chi Linh Động Thiên Ngoa	Giày	94	giao dịch được	荒毒之灵动天靴
10441595	Hoang Độc Chi Linh Động Thiên Ngoa	Giày	95	giao dịch được	荒毒之灵动天靴
10441596	Hoang Độc Chi Linh Động Thiên Ngoa	Giày	96	giao dịch được	荒毒之灵动天靴
10441597	Hoang Độc Chi Linh Động Thiên Ngoa	Giày	97	giao dịch được	荒毒之灵动天靴
10441598	Hoang Độc Chi Linh Động Thiên Ngoa	Giày	98	giao dịch được	荒毒之灵动天靴
10441599	Hoang Độc Chi Linh Động Thiên Ngoa	Giày	99	giao dịch được	荒毒之灵动天靴
10441600	Hoang Độc Chi Linh Động Thiên Ngoa	Giày	100	giao dịch được	荒毒之灵动天靴
10441601	Vô Tướng Chi Tích Bì Lý	Giày	1	giao dịch được	无相之蜥皮履
10441602	Vô Tướng Chi Tích Bì Lý	Giày	2	giao dịch được	无相之蜥皮履
10441603	Vô Tướng Chi Tích Bì Lý	Giày	3	giao dịch được	无相之蜥皮履
10441604	Vô Tướng Chi Tích Bì Lý	Giày	4	giao dịch được	无相之蜥皮履
10441605	Vô Tướng Chi Tích Bì Lý	Giày	5	giao dịch được	无相之蜥皮履
10441606	Vô Tướng Chi Tích Bì Lý	Giày	6	giao dịch được	无相之蜥皮履
10441607	Vô Tướng Chi Tích Bì Lý	Giày	7	giao dịch được	无相之蜥皮履
10441608	Vô Tướng Chi Tích Bì Lý	Giày	8	giao dịch được	无相之蜥皮履
10441609	Vô Tướng Chi Tích Bì Lý	Giày	9	giao dịch được	无相之蜥皮履
10441610	Vô Tướng Chi Tích Bì Lý	Giày	10	giao dịch được	无相之蜥皮履
10441611	Vô Tướng Chi Ngân Bì Lý	Giày	11	giao dịch được	无相之银皮履
10441612	Vô Tướng Chi Ngân Bì Lý	Giày	12	giao dịch được	无相之银皮履
10441613	Vô Tướng Chi Ngân Bì Lý	Giày	13	giao dịch được	无相之银皮履
10441614	Vô Tướng Chi Ngân Bì Lý	Giày	14	giao dịch được	无相之银皮履
10441615	Vô Tướng Chi Ngân Bì Lý	Giày	15	giao dịch được	无相之银皮履
10441616	Vô Tướng Chi Ngân Bì Lý	Giày	16	giao dịch được	无相之银皮履
10441617	Vô Tướng Chi Ngân Bì Lý	Giày	17	giao dịch được	无相之银皮履
10441618	Vô Tướng Chi Ngân Bì Lý	Giày	18	giao dịch được	无相之银皮履
10441619	Vô Tướng Chi Ngân Bì Lý	Giày	19	giao dịch được	无相之银皮履
10441620	Vô Tướng Chi Ngân Bì Lý	Giày	20	giao dịch được	无相之银皮履
10441621	Vô Tướng Chi Bì Lân Lý	Giày	21	giao dịch được	无相之皮麟履
10441622	Vô Tướng Chi Bì Lân Lý	Giày	22	giao dịch được	无相之皮麟履
10441623	Vô Tướng Chi Bì Lân Lý	Giày	23	giao dịch được	无相之皮麟履
10441624	Vô Tướng Chi Bì Lân Lý	Giày	24	giao dịch được	无相之皮麟履
10441625	Vô Tướng Chi Bì Lân Lý	Giày	25	giao dịch được	无相之皮麟履
10441626	Vô Tướng Chi Bì Lân Lý	Giày	26	giao dịch được	无相之皮麟履
10441627	Vô Tướng Chi Bì Lân Lý	Giày	27	giao dịch được	无相之皮麟履
10441628	Vô Tướng Chi Bì Lân Lý	Giày	28	giao dịch được	无相之皮麟履
10441629	Vô Tướng Chi Bì Lân Lý	Giày	29	giao dịch được	无相之皮麟履
10441630	Vô Tướng Chi Bì Lân Lý	Giày	30	giao dịch được	无相之皮麟履
10441631	Vô Tướng Chi Dao Tiên Lý	Giày	31	giao dịch được	无相之瑶仙履
10441632	Vô Tướng Chi Dao Tiên Lý	Giày	32	giao dịch được	无相之瑶仙履
10441633	Vô Tướng Chi Dao Tiên Lý	Giày	33	giao dịch được	无相之瑶仙履
10441634	Vô Tướng Chi Dao Tiên Lý	Giày	34	giao dịch được	无相之瑶仙履
10441635	Vô Tướng Chi Dao Tiên Lý	Giày	35	giao dịch được	无相之瑶仙履
10441636	Vô Tướng Chi Dao Tiên Lý	Giày	36	giao dịch được	无相之瑶仙履
10441637	Vô Tướng Chi Dao Tiên Lý	Giày	37	giao dịch được	无相之瑶仙履
10441638	Vô Tướng Chi Dao Tiên Lý	Giày	38	giao dịch được	无相之瑶仙履
10441639	Vô Tướng Chi Dao Tiên Lý	Giày	39	giao dịch được	无相之瑶仙履
10441640	Vô Tướng Chi Dao Tiên Lý	Giày	40	giao dịch được	无相之瑶仙履
10441641	Vô Tướng Chi Thiều Hoa Lý	Giày	41	giao dịch được	无相之韶华履
10441642	Vô Tướng Chi Thiều Hoa Lý	Giày	42	giao dịch được	无相之韶华履
10441643	Vô Tướng Chi Thiều Hoa Lý	Giày	43	giao dịch được	无相之韶华履
10441644	Vô Tướng Chi Thiều Hoa Lý	Giày	44	giao dịch được	无相之韶华履
10441645	Vô Tướng Chi Thiều Hoa Lý	Giày	45	giao dịch được	无相之韶华履
10441646	Vô Tướng Chi Thiều Hoa Lý	Giày	46	giao dịch được	无相之韶华履
10441647	Vô Tướng Chi Thiều Hoa Lý	Giày	47	giao dịch được	无相之韶华履
10441648	Vô Tướng Chi Thiều Hoa Lý	Giày	48	giao dịch được	无相之韶华履
10441649	Vô Tướng Chi Thiều Hoa Lý	Giày	49	giao dịch được	无相之韶华履
10441650	Vô Tướng Chi Thiều Hoa Lý	Giày	50	giao dịch được	无相之韶华履
10441651	Vô Tướng Chi Ngân Tiêu Lý	Giày	51	giao dịch được	无相之银霄履
10441652	Vô Tướng Chi Ngân Tiêu Lý	Giày	52	giao dịch được	无相之银霄履
10441653	Vô Tướng Chi Ngân Tiêu Lý	Giày	53	giao dịch được	无相之银霄履
10441654	Vô Tướng Chi Ngân Tiêu Lý	Giày	54	giao dịch được	无相之银霄履
10441655	Vô Tướng Chi Ngân Tiêu Lý	Giày	55	giao dịch được	无相之银霄履
10441656	Vô Tướng Chi Ngân Tiêu Lý	Giày	56	giao dịch được	无相之银霄履
10441657	Vô Tướng Chi Ngân Tiêu Lý	Giày	57	giao dịch được	无相之银霄履
10441658	Vô Tướng Chi Ngân Tiêu Lý	Giày	58	giao dịch được	无相之银霄履
10441659	Vô Tướng Chi Ngân Tiêu Lý	Giày	59	giao dịch được	无相之银霄履
10441660	Vô Tướng Chi Ngân Tiêu Lý	Giày	60	giao dịch được	无相之银霄履
10441661	Vô Tướng Chi Quỷ Vụ Lý	Giày	61	giao dịch được	无相之鬼雾履
10441662	Vô Tướng Chi Quỷ Vụ Lý	Giày	62	giao dịch được	无相之鬼雾履
10441663	Vô Tướng Chi Quỷ Vụ Lý	Giày	63	giao dịch được	无相之鬼雾履
10441664	Vô Tướng Chi Quỷ Vụ Lý	Giày	64	giao dịch được	无相之鬼雾履
10441665	Vô Tướng Chi Quỷ Vụ Lý	Giày	65	giao dịch được	无相之鬼雾履
10441666	Vô Tướng Chi Quỷ Vụ Lý	Giày	66	giao dịch được	无相之鬼雾履
10441667	Vô Tướng Chi Quỷ Vụ Lý	Giày	67	giao dịch được	无相之鬼雾履
10441668	Vô Tướng Chi Quỷ Vụ Lý	Giày	68	giao dịch được	无相之鬼雾履
10441669	Vô Tướng Chi Quỷ Vụ Lý	Giày	69	giao dịch được	无相之鬼雾履
10441670	Vô Tướng Chi Quỷ Vụ Lý	Giày	70	giao dịch được	无相之鬼雾履
10441671	Vô Tướng Chi Luyện Loan Tiên Lý	Giày	71	giao dịch được	无相之炼鸾仙履
10441672	Vô Tướng Chi Luyện Loan Tiên Lý	Giày	72	giao dịch được	无相之炼鸾仙履
10441673	Vô Tướng Chi Luyện Loan Tiên Lý	Giày	73	giao dịch được	无相之炼鸾仙履
10441674	Vô Tướng Chi Luyện Loan Tiên Lý	Giày	74	giao dịch được	无相之炼鸾仙履
10441675	Vô Tướng Chi Luyện Loan Tiên Lý	Giày	75	giao dịch được	无相之炼鸾仙履
10441676	Vô Tướng Chi Luyện Loan Tiên Lý	Giày	76	giao dịch được	无相之炼鸾仙履
10441677	Vô Tướng Chi Luyện Loan Tiên Lý	Giày	77	giao dịch được	无相之炼鸾仙履
10441678	Vô Tướng Chi Luyện Loan Tiên Lý	Giày	78	giao dịch được	无相之炼鸾仙履
10441679	Vô Tướng Chi Luyện Loan Tiên Lý	Giày	79	giao dịch được	无相之炼鸾仙履
10441680	Vô Tướng Chi Luyện Loan Tiên Lý	Giày	80	giao dịch được	无相之炼鸾仙履
10441681	Vô Tướng Chi Mị Giao Thiên Lý	Giày	81	giao dịch được	无相之魅蛟天履
10441682	Vô Tướng Chi Mị Giao Thiên Lý	Giày	82	giao dịch được	无相之魅蛟天履
10441683	Vô Tướng Chi Mị Giao Thiên Lý	Giày	83	giao dịch được	无相之魅蛟天履
10441684	Vô Tướng Chi Mị Giao Thiên Lý	Giày	84	giao dịch được	无相之魅蛟天履
10441685	Vô Tướng Chi Mị Giao Thiên Lý	Giày	85	giao dịch được	无相之魅蛟天履
10441686	Vô Tướng Chi Mị Giao Thiên Lý	Giày	86	giao dịch được	无相之魅蛟天履
10441687	Vô Tướng Chi Mị Giao Thiên Lý	Giày	87	giao dịch được	无相之魅蛟天履
10441688	Vô Tướng Chi Mị Giao Thiên Lý	Giày	88	giao dịch được	无相之魅蛟天履
10441689	Vô Tướng Chi Mị Giao Thiên Lý	Giày	89	giao dịch được	无相之魅蛟天履
10441690	Vô Tướng Chi Mị Giao Thiên Lý	Giày	90	giao dịch được	无相之魅蛟天履
10441691	Vô Tướng Chi Toan Nghê Thánh Lý	Giày	91	giao dịch được	无相之狻猊圣履
10441692	Vô Tướng Chi Toan Nghê Thánh Lý	Giày	92	giao dịch được	无相之狻猊圣履
10441693	Vô Tướng Chi Toan Nghê Thánh Lý	Giày	93	giao dịch được	无相之狻猊圣履
10441694	Vô Tướng Chi Toan Nghê Thánh Lý	Giày	94	giao dịch được	无相之狻猊圣履
10441695	Vô Tướng Chi Toan Nghê Thánh Lý	Giày	95	giao dịch được	无相之狻猊圣履
10441696	Vô Tướng Chi Toan Nghê Thánh Lý	Giày	96	giao dịch được	无相之狻猊圣履
10441697	Vô Tướng Chi Toan Nghê Thánh Lý	Giày	97	giao dịch được	无相之狻猊圣履
10441698	Vô Tướng Chi Toan Nghê Thánh Lý	Giày	98	giao dịch được	无相之狻猊圣履
10441699	Vô Tướng Chi Toan Nghê Thánh Lý	Giày	99	giao dịch được	无相之狻猊圣履
10441700	Vô Tướng Chi Toan Nghê Thánh Lý	Giày	100	giao dịch được	无相之狻猊圣履
10441701	Bắc Minh Chi Tích Bì Lý	Giày	1	giao dịch được	北冥之蜥皮履
10441702	Bắc Minh Chi Tích Bì Lý	Giày	2	giao dịch được	北冥之蜥皮履
10441703	Bắc Minh Chi Tích Bì Lý	Giày	3	giao dịch được	北冥之蜥皮履
10441704	Bắc Minh Chi Tích Bì Lý	Giày	4	giao dịch được	北冥之蜥皮履
10441705	Bắc Minh Chi Tích Bì Lý	Giày	5	giao dịch được	北冥之蜥皮履
10441706	Bắc Minh Chi Tích Bì Lý	Giày	6	giao dịch được	北冥之蜥皮履
10441707	Bắc Minh Chi Tích Bì Lý	Giày	7	giao dịch được	北冥之蜥皮履
10441708	Bắc Minh Chi Tích Bì Lý	Giày	8	giao dịch được	北冥之蜥皮履
10441709	Bắc Minh Chi Tích Bì Lý	Giày	9	giao dịch được	北冥之蜥皮履
10441710	Bắc Minh Chi Tích Bì Lý	Giày	10	giao dịch được	北冥之蜥皮履
10441711	Bắc Minh Chi Ngân Bì Lý	Giày	11	giao dịch được	北冥之银皮履
10441712	Bắc Minh Chi Ngân Bì Lý	Giày	12	giao dịch được	北冥之银皮履
10441713	Bắc Minh Chi Ngân Bì Lý	Giày	13	giao dịch được	北冥之银皮履
10441714	Bắc Minh Chi Ngân Bì Lý	Giày	14	giao dịch được	北冥之银皮履
10441715	Bắc Minh Chi Ngân Bì Lý	Giày	15	giao dịch được	北冥之银皮履
10441716	Bắc Minh Chi Ngân Bì Lý	Giày	16	giao dịch được	北冥之银皮履
10441717	Bắc Minh Chi Ngân Bì Lý	Giày	17	giao dịch được	北冥之银皮履
10441718	Bắc Minh Chi Ngân Bì Lý	Giày	18	giao dịch được	北冥之银皮履
10441719	Bắc Minh Chi Ngân Bì Lý	Giày	19	giao dịch được	北冥之银皮履
10441720	Bắc Minh Chi Ngân Bì Lý	Giày	20	giao dịch được	北冥之银皮履
10441721	Bắc Minh Chi Bì Lân Lý	Giày	21	giao dịch được	北冥之皮麟履
10441722	Bắc Minh Chi Bì Lân Lý	Giày	22	giao dịch được	北冥之皮麟履
10441723	Bắc Minh Chi Bì Lân Lý	Giày	23	giao dịch được	北冥之皮麟履
10441724	Bắc Minh Chi Bì Lân Lý	Giày	24	giao dịch được	北冥之皮麟履
10441725	Bắc Minh Chi Bì Lân Lý	Giày	25	giao dịch được	北冥之皮麟履
10441726	Bắc Minh Chi Bì Lân Lý	Giày	26	giao dịch được	北冥之皮麟履
10441727	Bắc Minh Chi Bì Lân Lý	Giày	27	giao dịch được	北冥之皮麟履
10441728	Bắc Minh Chi Bì Lân Lý	Giày	28	giao dịch được	北冥之皮麟履
10441729	Bắc Minh Chi Bì Lân Lý	Giày	29	giao dịch được	北冥之皮麟履
10441730	Bắc Minh Chi Bì Lân Lý	Giày	30	giao dịch được	北冥之皮麟履
10441731	Bắc Minh Chi Dao Tiên Lý	Giày	31	giao dịch được	北冥之瑶仙履
10441732	Bắc Minh Chi Dao Tiên Lý	Giày	32	giao dịch được	北冥之瑶仙履
10441733	Bắc Minh Chi Dao Tiên Lý	Giày	33	giao dịch được	北冥之瑶仙履
10441734	Bắc Minh Chi Dao Tiên Lý	Giày	34	giao dịch được	北冥之瑶仙履
10441735	Bắc Minh Chi Dao Tiên Lý	Giày	35	giao dịch được	北冥之瑶仙履
10441736	Bắc Minh Chi Dao Tiên Lý	Giày	36	giao dịch được	北冥之瑶仙履
10441737	Bắc Minh Chi Dao Tiên Lý	Giày	37	giao dịch được	北冥之瑶仙履
10441738	Bắc Minh Chi Dao Tiên Lý	Giày	38	giao dịch được	北冥之瑶仙履
10441739	Bắc Minh Chi Dao Tiên Lý	Giày	39	giao dịch được	北冥之瑶仙履
10441740	Bắc Minh Chi Dao Tiên Lý	Giày	40	giao dịch được	北冥之瑶仙履
10441741	Bắc Minh Chi Thiều Hoa Lý	Giày	41	giao dịch được	北冥之韶华履
10441742	Bắc Minh Chi Thiều Hoa Lý	Giày	42	giao dịch được	北冥之韶华履
10441743	Bắc Minh Chi Thiều Hoa Lý	Giày	43	giao dịch được	北冥之韶华履
10441744	Bắc Minh Chi Thiều Hoa Lý	Giày	44	giao dịch được	北冥之韶华履
10441745	Bắc Minh Chi Thiều Hoa Lý	Giày	45	giao dịch được	北冥之韶华履
10441746	Bắc Minh Chi Thiều Hoa Lý	Giày	46	giao dịch được	北冥之韶华履
10441747	Bắc Minh Chi Thiều Hoa Lý	Giày	47	giao dịch được	北冥之韶华履
10441748	Bắc Minh Chi Thiều Hoa Lý	Giày	48	giao dịch được	北冥之韶华履
10441749	Bắc Minh Chi Thiều Hoa Lý	Giày	49	giao dịch được	北冥之韶华履
10441750	Bắc Minh Chi Thiều Hoa Lý	Giày	50	giao dịch được	北冥之韶华履
10441751	Bắc Minh Chi Ngân Tiêu Lý	Giày	51	giao dịch được	北冥之银霄履
10441752	Bắc Minh Chi Ngân Tiêu Lý	Giày	52	giao dịch được	北冥之银霄履
10441753	Bắc Minh Chi Ngân Tiêu Lý	Giày	53	giao dịch được	北冥之银霄履
10441754	Bắc Minh Chi Ngân Tiêu Lý	Giày	54	giao dịch được	北冥之银霄履
10441755	Bắc Minh Chi Ngân Tiêu Lý	Giày	55	giao dịch được	北冥之银霄履
10441756	Bắc Minh Chi Ngân Tiêu Lý	Giày	56	giao dịch được	北冥之银霄履
10441757	Bắc Minh Chi Ngân Tiêu Lý	Giày	57	giao dịch được	北冥之银霄履
10441758	Bắc Minh Chi Ngân Tiêu Lý	Giày	58	giao dịch được	北冥之银霄履
10441759	Bắc Minh Chi Ngân Tiêu Lý	Giày	59	giao dịch được	北冥之银霄履
10441760	Bắc Minh Chi Ngân Tiêu Lý	Giày	60	giao dịch được	北冥之银霄履
10441761	Bắc Minh Chi Quỷ Vụ Lý	Giày	61	giao dịch được	北冥之鬼雾履
10441762	Bắc Minh Chi Quỷ Vụ Lý	Giày	62	giao dịch được	北冥之鬼雾履
10441763	Bắc Minh Chi Quỷ Vụ Lý	Giày	63	giao dịch được	北冥之鬼雾履
10441764	Bắc Minh Chi Quỷ Vụ Lý	Giày	64	giao dịch được	北冥之鬼雾履
10441765	Bắc Minh Chi Quỷ Vụ Lý	Giày	65	giao dịch được	北冥之鬼雾履
10441766	Bắc Minh Chi Quỷ Vụ Lý	Giày	66	giao dịch được	北冥之鬼雾履
10441767	Bắc Minh Chi Quỷ Vụ Lý	Giày	67	giao dịch được	北冥之鬼雾履
10441768	Bắc Minh Chi Quỷ Vụ Lý	Giày	68	giao dịch được	北冥之鬼雾履
10441769	Bắc Minh Chi Quỷ Vụ Lý	Giày	69	giao dịch được	北冥之鬼雾履
10441770	Bắc Minh Chi Quỷ Vụ Lý	Giày	70	giao dịch được	北冥之鬼雾履
10441771	Bắc Minh Chi Luyện Loan Tiên Lý	Giày	71	giao dịch được	北冥之炼鸾仙履
10441772	Bắc Minh Chi Luyện Loan Tiên Lý	Giày	72	giao dịch được	北冥之炼鸾仙履
10441773	Bắc Minh Chi Luyện Loan Tiên Lý	Giày	73	giao dịch được	北冥之炼鸾仙履
10441774	Bắc Minh Chi Luyện Loan Tiên Lý	Giày	74	giao dịch được	北冥之炼鸾仙履
10441775	Bắc Minh Chi Luyện Loan Tiên Lý	Giày	75	giao dịch được	北冥之炼鸾仙履
10441776	Bắc Minh Chi Luyện Loan Tiên Lý	Giày	76	giao dịch được	北冥之炼鸾仙履
10441777	Bắc Minh Chi Luyện Loan Tiên Lý	Giày	77	giao dịch được	北冥之炼鸾仙履
10441778	Bắc Minh Chi Luyện Loan Tiên Lý	Giày	78	giao dịch được	北冥之炼鸾仙履
10441779	Bắc Minh Chi Luyện Loan Tiên Lý	Giày	79	giao dịch được	北冥之炼鸾仙履
10441780	Bắc Minh Chi Luyện Loan Tiên Lý	Giày	80	giao dịch được	北冥之炼鸾仙履
10441781	Bắc Minh Chi Mị Giao Thiên Lý	Giày	81	giao dịch được	北冥之魅蛟天履
10441782	Bắc Minh Chi Mị Giao Thiên Lý	Giày	82	giao dịch được	北冥之魅蛟天履
10441783	Bắc Minh Chi Mị Giao Thiên Lý	Giày	83	giao dịch được	北冥之魅蛟天履
10441784	Bắc Minh Chi Mị Giao Thiên Lý	Giày	84	giao dịch được	北冥之魅蛟天履
10441785	Bắc Minh Chi Mị Giao Thiên Lý	Giày	85	giao dịch được	北冥之魅蛟天履
10441786	Bắc Minh Chi Mị Giao Thiên Lý	Giày	86	giao dịch được	北冥之魅蛟天履
10441787	Bắc Minh Chi Mị Giao Thiên Lý	Giày	87	giao dịch được	北冥之魅蛟天履
10441788	Bắc Minh Chi Mị Giao Thiên Lý	Giày	88	giao dịch được	北冥之魅蛟天履
10441789	Bắc Minh Chi Mị Giao Thiên Lý	Giày	89	giao dịch được	北冥之魅蛟天履
10441790	Bắc Minh Chi Mị Giao Thiên Lý	Giày	90	giao dịch được	北冥之魅蛟天履
10441791	Bắc Minh Chi Toan Nghê Thánh Lý	Giày	91	giao dịch được	北冥之狻猊圣履
10441792	Bắc Minh Chi Toan Nghê Thánh Lý	Giày	92	giao dịch được	北冥之狻猊圣履
10441793	Bắc Minh Chi Toan Nghê Thánh Lý	Giày	93	giao dịch được	北冥之狻猊圣履
10441794	Bắc Minh Chi Toan Nghê Thánh Lý	Giày	94	giao dịch được	北冥之狻猊圣履
10441795	Bắc Minh Chi Toan Nghê Thánh Lý	Giày	95	giao dịch được	北冥之狻猊圣履
10441796	Bắc Minh Chi Toan Nghê Thánh Lý	Giày	96	giao dịch được	北冥之狻猊圣履
10441797	Bắc Minh Chi Toan Nghê Thánh Lý	Giày	97	giao dịch được	北冥之狻猊圣履
10441798	Bắc Minh Chi Toan Nghê Thánh Lý	Giày	98	giao dịch được	北冥之狻猊圣履
10441799	Bắc Minh Chi Toan Nghê Thánh Lý	Giày	99	giao dịch được	北冥之狻猊圣履
10441800	Bắc Minh Chi Toan Nghê Thánh Lý	Giày	100	giao dịch được	北冥之狻猊圣履
10441801	Ngưng Mạch Chi Tích Bì Lý	Giày	1	giao dịch được	凝脉之蜥皮履
10441802	Ngưng Mạch Chi Tích Bì Lý	Giày	2	giao dịch được	凝脉之蜥皮履
10441803	Ngưng Mạch Chi Tích Bì Lý	Giày	3	giao dịch được	凝脉之蜥皮履
10441804	Ngưng Mạch Chi Tích Bì Lý	Giày	4	giao dịch được	凝脉之蜥皮履
10441805	Ngưng Mạch Chi Tích Bì Lý	Giày	5	giao dịch được	凝脉之蜥皮履
10441806	Ngưng Mạch Chi Tích Bì Lý	Giày	6	giao dịch được	凝脉之蜥皮履
10441807	Ngưng Mạch Chi Tích Bì Lý	Giày	7	giao dịch được	凝脉之蜥皮履
10441808	Ngưng Mạch Chi Tích Bì Lý	Giày	8	giao dịch được	凝脉之蜥皮履
10441809	Ngưng Mạch Chi Tích Bì Lý	Giày	9	giao dịch được	凝脉之蜥皮履
10441810	Ngưng Mạch Chi Tích Bì Lý	Giày	10	giao dịch được	凝脉之蜥皮履
10441811	Ngưng Mạch Chi Ngân Bì Lý	Giày	11	giao dịch được	凝脉之银皮履
10441812	Ngưng Mạch Chi Ngân Bì Lý	Giày	12	giao dịch được	凝脉之银皮履
10441813	Ngưng Mạch Chi Ngân Bì Lý	Giày	13	giao dịch được	凝脉之银皮履
10441814	Ngưng Mạch Chi Ngân Bì Lý	Giày	14	giao dịch được	凝脉之银皮履
10441815	Ngưng Mạch Chi Ngân Bì Lý	Giày	15	giao dịch được	凝脉之银皮履
10441816	Ngưng Mạch Chi Ngân Bì Lý	Giày	16	giao dịch được	凝脉之银皮履
10441817	Ngưng Mạch Chi Ngân Bì Lý	Giày	17	giao dịch được	凝脉之银皮履
10441818	Ngưng Mạch Chi Ngân Bì Lý	Giày	18	giao dịch được	凝脉之银皮履
10441819	Ngưng Mạch Chi Ngân Bì Lý	Giày	19	giao dịch được	凝脉之银皮履
10441820	Ngưng Mạch Chi Ngân Bì Lý	Giày	20	giao dịch được	凝脉之银皮履
10441821	Ngưng Mạch Chi Bì Lân Lý	Giày	21	giao dịch được	凝脉之皮麟履
10441822	Ngưng Mạch Chi Bì Lân Lý	Giày	22	giao dịch được	凝脉之皮麟履
10441823	Ngưng Mạch Chi Bì Lân Lý	Giày	23	giao dịch được	凝脉之皮麟履
10441824	Ngưng Mạch Chi Bì Lân Lý	Giày	24	giao dịch được	凝脉之皮麟履
10441825	Ngưng Mạch Chi Bì Lân Lý	Giày	25	giao dịch được	凝脉之皮麟履
10441826	Ngưng Mạch Chi Bì Lân Lý	Giày	26	giao dịch được	凝脉之皮麟履
10441827	Ngưng Mạch Chi Bì Lân Lý	Giày	27	giao dịch được	凝脉之皮麟履
10441828	Ngưng Mạch Chi Bì Lân Lý	Giày	28	giao dịch được	凝脉之皮麟履
10441829	Ngưng Mạch Chi Bì Lân Lý	Giày	29	giao dịch được	凝脉之皮麟履
10441830	Ngưng Mạch Chi Bì Lân Lý	Giày	30	giao dịch được	凝脉之皮麟履
10441831	Ngưng Mạch Chi Dao Tiên Lý	Giày	31	giao dịch được	凝脉之瑶仙履
10441832	Ngưng Mạch Chi Dao Tiên Lý	Giày	32	giao dịch được	凝脉之瑶仙履
10441833	Ngưng Mạch Chi Dao Tiên Lý	Giày	33	giao dịch được	凝脉之瑶仙履
10441834	Ngưng Mạch Chi Dao Tiên Lý	Giày	34	giao dịch được	凝脉之瑶仙履
10441835	Ngưng Mạch Chi Dao Tiên Lý	Giày	35	giao dịch được	凝脉之瑶仙履
10441836	Ngưng Mạch Chi Dao Tiên Lý	Giày	36	giao dịch được	凝脉之瑶仙履
10441837	Ngưng Mạch Chi Dao Tiên Lý	Giày	37	giao dịch được	凝脉之瑶仙履
10441838	Ngưng Mạch Chi Dao Tiên Lý	Giày	38	giao dịch được	凝脉之瑶仙履
10441839	Ngưng Mạch Chi Dao Tiên Lý	Giày	39	giao dịch được	凝脉之瑶仙履
10441840	Ngưng Mạch Chi Dao Tiên Lý	Giày	40	giao dịch được	凝脉之瑶仙履
10441841	Ngưng Mạch Chi Thiều Hoa Lý	Giày	41	giao dịch được	凝脉之韶华履
10441842	Ngưng Mạch Chi Thiều Hoa Lý	Giày	42	giao dịch được	凝脉之韶华履
10441843	Ngưng Mạch Chi Thiều Hoa Lý	Giày	43	giao dịch được	凝脉之韶华履
10441844	Ngưng Mạch Chi Thiều Hoa Lý	Giày	44	giao dịch được	凝脉之韶华履
10441845	Ngưng Mạch Chi Thiều Hoa Lý	Giày	45	giao dịch được	凝脉之韶华履
10441846	Ngưng Mạch Chi Thiều Hoa Lý	Giày	46	giao dịch được	凝脉之韶华履
10441847	Ngưng Mạch Chi Thiều Hoa Lý	Giày	47	giao dịch được	凝脉之韶华履
10441848	Ngưng Mạch Chi Thiều Hoa Lý	Giày	48	giao dịch được	凝脉之韶华履
10441849	Ngưng Mạch Chi Thiều Hoa Lý	Giày	49	giao dịch được	凝脉之韶华履
10441850	Ngưng Mạch Chi Thiều Hoa Lý	Giày	50	giao dịch được	凝脉之韶华履
10441851	Ngưng Mạch Chi Ngân Tiêu Lý	Giày	51	giao dịch được	凝脉之银霄履
10441852	Ngưng Mạch Chi Ngân Tiêu Lý	Giày	52	giao dịch được	凝脉之银霄履
10441853	Ngưng Mạch Chi Ngân Tiêu Lý	Giày	53	giao dịch được	凝脉之银霄履
10441854	Ngưng Mạch Chi Ngân Tiêu Lý	Giày	54	giao dịch được	凝脉之银霄履
10441855	Ngưng Mạch Chi Ngân Tiêu Lý	Giày	55	giao dịch được	凝脉之银霄履
10441856	Ngưng Mạch Chi Ngân Tiêu Lý	Giày	56	giao dịch được	凝脉之银霄履
10441857	Ngưng Mạch Chi Ngân Tiêu Lý	Giày	57	giao dịch được	凝脉之银霄履
10441858	Ngưng Mạch Chi Ngân Tiêu Lý	Giày	58	giao dịch được	凝脉之银霄履
10441859	Ngưng Mạch Chi Ngân Tiêu Lý	Giày	59	giao dịch được	凝脉之银霄履
10441860	Ngưng Mạch Chi Ngân Tiêu Lý	Giày	60	giao dịch được	凝脉之银霄履
10441861	Ngưng Mạch Chi Quỷ Vụ Lý	Giày	61	giao dịch được	凝脉之鬼雾履
10441862	Ngưng Mạch Chi Quỷ Vụ Lý	Giày	62	giao dịch được	凝脉之鬼雾履
10441863	Ngưng Mạch Chi Quỷ Vụ Lý	Giày	63	giao dịch được	凝脉之鬼雾履
10441864	Ngưng Mạch Chi Quỷ Vụ Lý	Giày	64	giao dịch được	凝脉之鬼雾履
10441865	Ngưng Mạch Chi Quỷ Vụ Lý	Giày	65	giao dịch được	凝脉之鬼雾履
10441866	Ngưng Mạch Chi Quỷ Vụ Lý	Giày	66	giao dịch được	凝脉之鬼雾履
10441867	Ngưng Mạch Chi Quỷ Vụ Lý	Giày	67	giao dịch được	凝脉之鬼雾履
10441868	Ngưng Mạch Chi Quỷ Vụ Lý	Giày	68	giao dịch được	凝脉之鬼雾履
10441869	Ngưng Mạch Chi Quỷ Vụ Lý	Giày	69	giao dịch được	凝脉之鬼雾履
10441870	Ngưng Mạch Chi Quỷ Vụ Lý	Giày	70	giao dịch được	凝脉之鬼雾履
10441871	Ngưng Mạch Chi Luyện Loan Tiên Lý	Giày	71	giao dịch được	凝脉之炼鸾仙履
10441872	Ngưng Mạch Chi Luyện Loan Tiên Lý	Giày	72	giao dịch được	凝脉之炼鸾仙履
10441873	Ngưng Mạch Chi Luyện Loan Tiên Lý	Giày	73	giao dịch được	凝脉之炼鸾仙履
10441874	Ngưng Mạch Chi Luyện Loan Tiên Lý	Giày	74	giao dịch được	凝脉之炼鸾仙履
10441875	Ngưng Mạch Chi Luyện Loan Tiên Lý	Giày	75	giao dịch được	凝脉之炼鸾仙履
10441876	Ngưng Mạch Chi Luyện Loan Tiên Lý	Giày	76	giao dịch được	凝脉之炼鸾仙履
10441877	Ngưng Mạch Chi Luyện Loan Tiên Lý	Giày	77	giao dịch được	凝脉之炼鸾仙履
10441878	Ngưng Mạch Chi Luyện Loan Tiên Lý	Giày	78	giao dịch được	凝脉之炼鸾仙履
10441879	Ngưng Mạch Chi Luyện Loan Tiên Lý	Giày	79	giao dịch được	凝脉之炼鸾仙履
10441880	Ngưng Mạch Chi Luyện Loan Tiên Lý	Giày	80	giao dịch được	凝脉之炼鸾仙履
10441881	Ngưng Mạch Chi Mị Giao Thiên Lý	Giày	81	giao dịch được	凝脉之魅蛟天履
10441882	Ngưng Mạch Chi Mị Giao Thiên Lý	Giày	82	giao dịch được	凝脉之魅蛟天履
10441883	Ngưng Mạch Chi Mị Giao Thiên Lý	Giày	83	giao dịch được	凝脉之魅蛟天履
10441884	Ngưng Mạch Chi Mị Giao Thiên Lý	Giày	84	giao dịch được	凝脉之魅蛟天履
10441885	Ngưng Mạch Chi Mị Giao Thiên Lý	Giày	85	giao dịch được	凝脉之魅蛟天履
10441886	Ngưng Mạch Chi Mị Giao Thiên Lý	Giày	86	giao dịch được	凝脉之魅蛟天履
10441887	Ngưng Mạch Chi Mị Giao Thiên Lý	Giày	87	giao dịch được	凝脉之魅蛟天履
10441888	Ngưng Mạch Chi Mị Giao Thiên Lý	Giày	88	giao dịch được	凝脉之魅蛟天履
10441889	Ngưng Mạch Chi Mị Giao Thiên Lý	Giày	89	giao dịch được	凝脉之魅蛟天履
10441890	Ngưng Mạch Chi Mị Giao Thiên Lý	Giày	90	giao dịch được	凝脉之魅蛟天履
10441891	Ngưng Mạch Chi Toan Nghê Thánh Lý	Giày	91	giao dịch được	凝脉之狻猊圣履
10441892	Ngưng Mạch Chi Toan Nghê Thánh Lý	Giày	92	giao dịch được	凝脉之狻猊圣履
10441893	Ngưng Mạch Chi Toan Nghê Thánh Lý	Giày	93	giao dịch được	凝脉之狻猊圣履
10441894	Ngưng Mạch Chi Toan Nghê Thánh Lý	Giày	94	giao dịch được	凝脉之狻猊圣履
10441895	Ngưng Mạch Chi Toan Nghê Thánh Lý	Giày	95	giao dịch được	凝脉之狻猊圣履
10441896	Ngưng Mạch Chi Toan Nghê Thánh Lý	Giày	96	giao dịch được	凝脉之狻猊圣履
10441897	Ngưng Mạch Chi Toan Nghê Thánh Lý	Giày	97	giao dịch được	凝脉之狻猊圣履
10441898	Ngưng Mạch Chi Toan Nghê Thánh Lý	Giày	98	giao dịch được	凝脉之狻猊圣履
10441899	Ngưng Mạch Chi Toan Nghê Thánh Lý	Giày	99	giao dịch được	凝脉之狻猊圣履
10441900	Ngưng Mạch Chi Toan Nghê Thánh Lý	Giày	100	giao dịch được	凝脉之狻猊圣履
10441901	Biến Hình Trắc Thí Hài	Giày	81	giao dịch được	变形测试鞋
10441902	(chưa dùng)	Giày	82	giao dịch được	未使用
10441903	(chưa dùng)	Giày	83	giao dịch được	未使用
10441904	(chưa dùng)	Giày	84	giao dịch được	未使用
10441905	(chưa dùng)	Giày	85	giao dịch được	未使用
10441906	(chưa dùng)	Giày	86	giao dịch được	未使用
10441907	(chưa dùng)	Giày	87	giao dịch được	未使用
10441908	(chưa dùng)	Giày	88	giao dịch được	未使用
10441909	(chưa dùng)	Giày	89	giao dịch được	未使用
10441910	(chưa dùng)	Giày	90	giao dịch được	未使用
10441911	(chưa dùng)	Giày	81	giao dịch được	未使用
10441912	(chưa dùng)	Giày	82	giao dịch được	未使用
10441913	(chưa dùng)	Giày	83	giao dịch được	未使用
10441914	(chưa dùng)	Giày	84	giao dịch được	未使用
10441915	(chưa dùng)	Giày	85	giao dịch được	未使用
10441916	(chưa dùng)	Giày	86	giao dịch được	未使用
10441917	(chưa dùng)	Giày	87	giao dịch được	未使用
10441918	(chưa dùng)	Giày	88	giao dịch được	未使用
10441919	(chưa dùng)	Giày	89	giao dịch được	未使用
10441920	(chưa dùng)	Giày	90	giao dịch được	未使用
10441921	(chưa dùng)	Giày	81	giao dịch được	未使用
10441922	(chưa dùng)	Giày	82	giao dịch được	未使用
10441923	(chưa dùng)	Giày	83	giao dịch được	未使用
10441924	(chưa dùng)	Giày	84	giao dịch được	未使用
10441925	(chưa dùng)	Giày	85	giao dịch được	未使用
10441926	(chưa dùng)	Giày	86	giao dịch được	未使用
10441927	(chưa dùng)	Giày	87	giao dịch được	未使用
10441928	(chưa dùng)	Giày	88	giao dịch được	未使用
10441929	(chưa dùng)	Giày	89	giao dịch được	未使用
10441930	(chưa dùng)	Giày	90	giao dịch được	未使用
10441931	(chưa dùng)	Giày	81	giao dịch được	未使用
10441932	(chưa dùng)	Giày	82	giao dịch được	未使用
10441933	(chưa dùng)	Giày	83	giao dịch được	未使用
10441934	(chưa dùng)	Giày	84	giao dịch được	未使用
10441935	(chưa dùng)	Giày	85	giao dịch được	未使用
10441936	(chưa dùng)	Giày	86	giao dịch được	未使用
10441937	(chưa dùng)	Giày	87	giao dịch được	未使用
10441938	(chưa dùng)	Giày	88	giao dịch được	未使用
10441939	(chưa dùng)	Giày	89	giao dịch được	未使用
10441940	(chưa dùng)	Giày	90	giao dịch được	未使用
10441941	(chưa dùng)	Giày	81	giao dịch được	未使用
10441942	(chưa dùng)	Giày	82	giao dịch được	未使用
10441943	(chưa dùng)	Giày	83	giao dịch được	未使用
10441944	(chưa dùng)	Giày	84	giao dịch được	未使用
10441945	(chưa dùng)	Giày	85	giao dịch được	未使用
10441946	(chưa dùng)	Giày	86	giao dịch được	未使用
10441947	(chưa dùng)	Giày	87	giao dịch được	未使用
10441948	(chưa dùng)	Giày	88	giao dịch được	未使用
10441949	(chưa dùng)	Giày	89	giao dịch được	未使用
10441950	(chưa dùng)	Giày	90	giao dịch được	未使用
10441951	(chưa dùng)	Giày	81	giao dịch được	未使用
10441952	(chưa dùng)	Giày	82	giao dịch được	未使用
10441953	(chưa dùng)	Giày	83	giao dịch được	未使用
10441954	(chưa dùng)	Giày	84	giao dịch được	未使用
10441955	(chưa dùng)	Giày	85	giao dịch được	未使用
10441956	(chưa dùng)	Giày	86	giao dịch được	未使用
10441957	(chưa dùng)	Giày	87	giao dịch được	未使用
10441958	(chưa dùng)	Giày	88	giao dịch được	未使用
10441959	(chưa dùng)	Giày	89	giao dịch được	未使用
10441960	(chưa dùng)	Giày	90	giao dịch được	未使用
10441961	(chưa dùng)	Giày	81	giao dịch được	未使用
10441962	(chưa dùng)	Giày	82	giao dịch được	未使用
10441963	(chưa dùng)	Giày	83	giao dịch được	未使用
10441964	(chưa dùng)	Giày	84	giao dịch được	未使用
10441965	(chưa dùng)	Giày	85	giao dịch được	未使用
10441966	(chưa dùng)	Giày	86	giao dịch được	未使用
10441967	(chưa dùng)	Giày	87	giao dịch được	未使用
10441968	(chưa dùng)	Giày	88	giao dịch được	未使用
10441969	(chưa dùng)	Giày	89	giao dịch được	未使用
10441970	(chưa dùng)	Giày	90	giao dịch được	未使用
10441971	(chưa dùng)	Giày	81	giao dịch được	未使用
10441972	(chưa dùng)	Giày	82	giao dịch được	未使用
10441973	(chưa dùng)	Giày	83	giao dịch được	未使用
10441974	(chưa dùng)	Giày	84	giao dịch được	未使用
10441975	(chưa dùng)	Giày	85	giao dịch được	未使用
10441976	(chưa dùng)	Giày	86	giao dịch được	未使用
10441977	(chưa dùng)	Giày	87	giao dịch được	未使用
10441978	(chưa dùng)	Giày	88	giao dịch được	未使用
10441979	(chưa dùng)	Giày	89	giao dịch được	未使用
10441980	(chưa dùng)	Giày	90	giao dịch được	未使用
10441981	(chưa dùng)	Giày	81	giao dịch được	未使用
10441982	(chưa dùng)	Giày	82	giao dịch được	未使用
10441983	(chưa dùng)	Giày	83	giao dịch được	未使用
10441984	(chưa dùng)	Giày	84	giao dịch được	未使用
10441985	(chưa dùng)	Giày	85	giao dịch được	未使用
10441986	(chưa dùng)	Giày	86	giao dịch được	未使用
10441987	(chưa dùng)	Giày	87	giao dịch được	未使用
10441988	(chưa dùng)	Giày	88	giao dịch được	未使用
10441989	(chưa dùng)	Giày	89	giao dịch được	未使用
10441990	(chưa dùng)	Giày	90	giao dịch được	未使用
10441991	(chưa dùng)	Giày	81	giao dịch được	未使用
10441992	(chưa dùng)	Giày	82	giao dịch được	未使用
10441993	(chưa dùng)	Giày	83	giao dịch được	未使用
10441994	(chưa dùng)	Giày	84	giao dịch được	未使用
10441995	(chưa dùng)	Giày	85	giao dịch được	未使用
10441996	(chưa dùng)	Giày	86	giao dịch được	未使用
10441997	(chưa dùng)	Giày	87	giao dịch được	未使用
10441998	(chưa dùng)	Giày	88	giao dịch được	未使用
10441999	(chưa dùng)	Giày	89	giao dịch được	未使用
10442001	Đạt Ma Chi Ngân Toả Thủ Giáp	Bao tay	1	giao dịch được	达摩之银锁手甲
10442002	Đạt Ma Chi Ngân Toả Thủ Giáp	Bao tay	2	giao dịch được	达摩之银锁手甲
10442003	Đạt Ma Chi Ngân Toả Thủ Giáp	Bao tay	3	giao dịch được	达摩之银锁手甲
10442004	Đạt Ma Chi Ngân Toả Thủ Giáp	Bao tay	4	giao dịch được	达摩之银锁手甲
10442005	Đạt Ma Chi Ngân Toả Thủ Giáp	Bao tay	5	giao dịch được	达摩之银锁手甲
10442006	Đạt Ma Chi Ngân Toả Thủ Giáp	Bao tay	6	giao dịch được	达摩之银锁手甲
10442007	Đạt Ma Chi Ngân Toả Thủ Giáp	Bao tay	7	giao dịch được	达摩之银锁手甲
10442008	Đạt Ma Chi Ngân Toả Thủ Giáp	Bao tay	8	giao dịch được	达摩之银锁手甲
10442009	Đạt Ma Chi Ngân Toả Thủ Giáp	Bao tay	9	giao dịch được	达摩之银锁手甲
10442010	Đạt Ma Chi Ngân Toả Thủ Giáp	Bao tay	10	giao dịch được	达摩之银锁手甲
10442011	Đạt Ma Chi Nguyệt Thiết Thủ Giáp	Bao tay	11	giao dịch được	达摩之月铁手甲
10442012	Đạt Ma Chi Nguyệt Thiết Thủ Giáp	Bao tay	12	giao dịch được	达摩之月铁手甲
10442013	Đạt Ma Chi Nguyệt Thiết Thủ Giáp	Bao tay	13	giao dịch được	达摩之月铁手甲
10442014	Đạt Ma Chi Nguyệt Thiết Thủ Giáp	Bao tay	14	giao dịch được	达摩之月铁手甲
10442015	Đạt Ma Chi Nguyệt Thiết Thủ Giáp	Bao tay	15	giao dịch được	达摩之月铁手甲
10442016	Đạt Ma Chi Nguyệt Thiết Thủ Giáp	Bao tay	16	giao dịch được	达摩之月铁手甲
10442017	Đạt Ma Chi Nguyệt Thiết Thủ Giáp	Bao tay	17	giao dịch được	达摩之月铁手甲
10442018	Đạt Ma Chi Nguyệt Thiết Thủ Giáp	Bao tay	18	giao dịch được	达摩之月铁手甲
10442019	Đạt Ma Chi Nguyệt Thiết Thủ Giáp	Bao tay	19	giao dịch được	达摩之月铁手甲
10442020	Đạt Ma Chi Nguyệt Thiết Thủ Giáp	Bao tay	20	giao dịch được	达摩之月铁手甲
10442021	Đạt Ma Chi Huyền Thiết Thủ Giáp	Bao tay	21	giao dịch được	达摩之玄铁手甲
10442022	Đạt Ma Chi Huyền Thiết Thủ Giáp	Bao tay	22	giao dịch được	达摩之玄铁手甲
10442023	Đạt Ma Chi Huyền Thiết Thủ Giáp	Bao tay	23	giao dịch được	达摩之玄铁手甲
10442024	Đạt Ma Chi Huyền Thiết Thủ Giáp	Bao tay	24	giao dịch được	达摩之玄铁手甲
10442025	Đạt Ma Chi Huyền Thiết Thủ Giáp	Bao tay	25	giao dịch được	达摩之玄铁手甲
10442026	Đạt Ma Chi Huyền Thiết Thủ Giáp	Bao tay	26	giao dịch được	达摩之玄铁手甲
10442027	Đạt Ma Chi Huyền Thiết Thủ Giáp	Bao tay	27	giao dịch được	达摩之玄铁手甲
10442028	Đạt Ma Chi Huyền Thiết Thủ Giáp	Bao tay	28	giao dịch được	达摩之玄铁手甲
10442029	Đạt Ma Chi Huyền Thiết Thủ Giáp	Bao tay	29	giao dịch được	达摩之玄铁手甲
10442030	Đạt Ma Chi Huyền Thiết Thủ Giáp	Bao tay	30	giao dịch được	达摩之玄铁手甲
10442031	Đạt Ma Chi Phong Tiêu Thủ Giáp	Bao tay	31	giao dịch được	达摩之封霄手甲
10442032	Đạt Ma Chi Phong Tiêu Thủ Giáp	Bao tay	32	giao dịch được	达摩之封霄手甲
10442033	Đạt Ma Chi Phong Tiêu Thủ Giáp	Bao tay	33	giao dịch được	达摩之封霄手甲
10442034	Đạt Ma Chi Phong Tiêu Thủ Giáp	Bao tay	34	giao dịch được	达摩之封霄手甲
10442035	Đạt Ma Chi Phong Tiêu Thủ Giáp	Bao tay	35	giao dịch được	达摩之封霄手甲
10442036	Đạt Ma Chi Phong Tiêu Thủ Giáp	Bao tay	36	giao dịch được	达摩之封霄手甲
10442037	Đạt Ma Chi Phong Tiêu Thủ Giáp	Bao tay	37	giao dịch được	达摩之封霄手甲
10442038	Đạt Ma Chi Phong Tiêu Thủ Giáp	Bao tay	38	giao dịch được	达摩之封霄手甲
10442039	Đạt Ma Chi Phong Tiêu Thủ Giáp	Bao tay	39	giao dịch được	达摩之封霄手甲
10442040	Đạt Ma Chi Phong Tiêu Thủ Giáp	Bao tay	40	giao dịch được	达摩之封霄手甲
10442041	Đạt Ma Chi Diệt Hàn Thủ Giáp	Bao tay	41	giao dịch được	达摩之灭寒手甲
10442042	Đạt Ma Chi Diệt Hàn Thủ Giáp	Bao tay	42	giao dịch được	达摩之灭寒手甲
10442043	Đạt Ma Chi Diệt Hàn Thủ Giáp	Bao tay	43	giao dịch được	达摩之灭寒手甲
10442044	Đạt Ma Chi Diệt Hàn Thủ Giáp	Bao tay	44	giao dịch được	达摩之灭寒手甲
10442045	Đạt Ma Chi Diệt Hàn Thủ Giáp	Bao tay	45	giao dịch được	达摩之灭寒手甲
10442046	Đạt Ma Chi Diệt Hàn Thủ Giáp	Bao tay	46	giao dịch được	达摩之灭寒手甲
10442047	Đạt Ma Chi Diệt Hàn Thủ Giáp	Bao tay	47	giao dịch được	达摩之灭寒手甲
10442048	Đạt Ma Chi Diệt Hàn Thủ Giáp	Bao tay	48	giao dịch được	达摩之灭寒手甲
10442049	Đạt Ma Chi Diệt Hàn Thủ Giáp	Bao tay	49	giao dịch được	达摩之灭寒手甲
10442050	Đạt Ma Chi Diệt Hàn Thủ Giáp	Bao tay	50	giao dịch được	达摩之灭寒手甲
10442051	Đạt Ma Chi Nghịch Hoả Thủ Giáp	Bao tay	51	giao dịch được	达摩之逆火手甲
10442052	Đạt Ma Chi Nghịch Hoả Thủ Giáp	Bao tay	52	giao dịch được	达摩之逆火手甲
10442053	Đạt Ma Chi Nghịch Hoả Thủ Giáp	Bao tay	53	giao dịch được	达摩之逆火手甲
10442054	Đạt Ma Chi Nghịch Hoả Thủ Giáp	Bao tay	54	giao dịch được	达摩之逆火手甲
10442055	Đạt Ma Chi Nghịch Hoả Thủ Giáp	Bao tay	55	giao dịch được	达摩之逆火手甲
10442056	Đạt Ma Chi Nghịch Hoả Thủ Giáp	Bao tay	56	giao dịch được	达摩之逆火手甲
10442057	Đạt Ma Chi Nghịch Hoả Thủ Giáp	Bao tay	57	giao dịch được	达摩之逆火手甲
10442058	Đạt Ma Chi Nghịch Hoả Thủ Giáp	Bao tay	58	giao dịch được	达摩之逆火手甲
10442059	Đạt Ma Chi Nghịch Hoả Thủ Giáp	Bao tay	59	giao dịch được	达摩之逆火手甲
10442060	Đạt Ma Chi Nghịch Hoả Thủ Giáp	Bao tay	60	giao dịch được	达摩之逆火手甲
10442061	Đạt Ma Chi Thệ Trần Thủ Giáp	Bao tay	61	giao dịch được	达摩之誓尘手甲
10442062	Đạt Ma Chi Thệ Trần Thủ Giáp	Bao tay	62	giao dịch được	达摩之誓尘手甲
10442063	Đạt Ma Chi Thệ Trần Thủ Giáp	Bao tay	63	giao dịch được	达摩之誓尘手甲
10442064	Đạt Ma Chi Thệ Trần Thủ Giáp	Bao tay	64	giao dịch được	达摩之誓尘手甲
10442065	Đạt Ma Chi Thệ Trần Thủ Giáp	Bao tay	65	giao dịch được	达摩之誓尘手甲
10442066	Đạt Ma Chi Thệ Trần Thủ Giáp	Bao tay	66	giao dịch được	达摩之誓尘手甲
10442067	Đạt Ma Chi Thệ Trần Thủ Giáp	Bao tay	67	giao dịch được	达摩之誓尘手甲
10442068	Đạt Ma Chi Thệ Trần Thủ Giáp	Bao tay	68	giao dịch được	达摩之誓尘手甲
10442069	Đạt Ma Chi Thệ Trần Thủ Giáp	Bao tay	69	giao dịch được	达摩之誓尘手甲
10442070	Đạt Ma Chi Thệ Trần Thủ Giáp	Bao tay	70	giao dịch được	达摩之誓尘手甲
10442071	Đạt Ma Chi Diệt Phách Thủ Giáp	Bao tay	71	giao dịch được	达摩之灭魄手甲
10442072	Đạt Ma Chi Diệt Phách Thủ Giáp	Bao tay	72	giao dịch được	达摩之灭魄手甲
10442073	Đạt Ma Chi Diệt Phách Thủ Giáp	Bao tay	73	giao dịch được	达摩之灭魄手甲
10442074	Đạt Ma Chi Diệt Phách Thủ Giáp	Bao tay	74	giao dịch được	达摩之灭魄手甲
10442075	Đạt Ma Chi Diệt Phách Thủ Giáp	Bao tay	75	giao dịch được	达摩之灭魄手甲
10442076	Đạt Ma Chi Diệt Phách Thủ Giáp	Bao tay	76	giao dịch được	达摩之灭魄手甲
10442077	Đạt Ma Chi Diệt Phách Thủ Giáp	Bao tay	77	giao dịch được	达摩之灭魄手甲
10442078	Đạt Ma Chi Diệt Phách Thủ Giáp	Bao tay	78	giao dịch được	达摩之灭魄手甲
10442079	Đạt Ma Chi Diệt Phách Thủ Giáp	Bao tay	79	giao dịch được	达摩之灭魄手甲
10442080	Đạt Ma Chi Diệt Phách Thủ Giáp	Bao tay	80	giao dịch được	达摩之灭魄手甲
10442081	Đạt Ma Chi Toái Hồn Thủ Giáp	Bao tay	81	giao dịch được	达摩之碎魂手甲
10442082	Đạt Ma Chi Toái Hồn Thủ Giáp	Bao tay	82	giao dịch được	达摩之碎魂手甲
10442083	Đạt Ma Chi Toái Hồn Thủ Giáp	Bao tay	83	giao dịch được	达摩之碎魂手甲
10442084	Đạt Ma Chi Toái Hồn Thủ Giáp	Bao tay	84	giao dịch được	达摩之碎魂手甲
10442085	Đạt Ma Chi Toái Hồn Thủ Giáp	Bao tay	85	giao dịch được	达摩之碎魂手甲
10442086	Đạt Ma Chi Toái Hồn Thủ Giáp	Bao tay	86	giao dịch được	达摩之碎魂手甲
10442087	Đạt Ma Chi Toái Hồn Thủ Giáp	Bao tay	87	giao dịch được	达摩之碎魂手甲
10442088	Đạt Ma Chi Toái Hồn Thủ Giáp	Bao tay	88	giao dịch được	达摩之碎魂手甲
10442089	Đạt Ma Chi Toái Hồn Thủ Giáp	Bao tay	89	giao dịch được	达摩之碎魂手甲
10442090	Đạt Ma Chi Toái Hồn Thủ Giáp	Bao tay	90	giao dịch được	达摩之碎魂手甲
10442091	Đạt Ma Chi Trập Long Thủ Giáp	Bao tay	91	giao dịch được	达摩之蛰龙手甲
10442092	Đạt Ma Chi Trập Long Thủ Giáp	Bao tay	92	giao dịch được	达摩之蛰龙手甲
10442093	Đạt Ma Chi Trập Long Thủ Giáp	Bao tay	93	giao dịch được	达摩之蛰龙手甲
10442094	Đạt Ma Chi Trập Long Thủ Giáp	Bao tay	94	giao dịch được	达摩之蛰龙手甲
10442095	Đạt Ma Chi Trập Long Thủ Giáp	Bao tay	95	giao dịch được	达摩之蛰龙手甲
10442096	Đạt Ma Chi Trập Long Thủ Giáp	Bao tay	96	giao dịch được	达摩之蛰龙手甲
10442097	Đạt Ma Chi Trập Long Thủ Giáp	Bao tay	97	giao dịch được	达摩之蛰龙手甲
10442098	Đạt Ma Chi Trập Long Thủ Giáp	Bao tay	98	giao dịch được	达摩之蛰龙手甲
10442099	Đạt Ma Chi Trập Long Thủ Giáp	Bao tay	99	giao dịch được	达摩之蛰龙手甲
10442100	Đạt Ma Chi Trập Long Thủ Giáp	Bao tay	100	giao dịch được	达摩之蛰龙手甲
10442101	Thánh Hoả Chi Ngân Toả Thủ Giáp	Bao tay	1	giao dịch được	圣火之银锁手甲
10442102	Thánh Hoả Chi Ngân Toả Thủ Giáp	Bao tay	2	giao dịch được	圣火之银锁手甲
10442103	Thánh Hoả Chi Ngân Toả Thủ Giáp	Bao tay	3	giao dịch được	圣火之银锁手甲
10442104	Thánh Hoả Chi Ngân Toả Thủ Giáp	Bao tay	4	giao dịch được	圣火之银锁手甲
10442105	Thánh Hoả Chi Ngân Toả Thủ Giáp	Bao tay	5	giao dịch được	圣火之银锁手甲
10442106	Thánh Hoả Chi Ngân Toả Thủ Giáp	Bao tay	6	giao dịch được	圣火之银锁手甲
10442107	Thánh Hoả Chi Ngân Toả Thủ Giáp	Bao tay	7	giao dịch được	圣火之银锁手甲
10442108	Thánh Hoả Chi Ngân Toả Thủ Giáp	Bao tay	8	giao dịch được	圣火之银锁手甲
10442109	Thánh Hoả Chi Ngân Toả Thủ Giáp	Bao tay	9	giao dịch được	圣火之银锁手甲
10442110	Thánh Hoả Chi Ngân Toả Thủ Giáp	Bao tay	10	giao dịch được	圣火之银锁手甲
10442111	Thánh Hoả Chi Nguyệt Thiết Thủ Giáp	Bao tay	11	giao dịch được	圣火之月铁手甲
10442112	Thánh Hoả Chi Nguyệt Thiết Thủ Giáp	Bao tay	12	giao dịch được	圣火之月铁手甲
10442113	Thánh Hoả Chi Nguyệt Thiết Thủ Giáp	Bao tay	13	giao dịch được	圣火之月铁手甲
10442114	Thánh Hoả Chi Nguyệt Thiết Thủ Giáp	Bao tay	14	giao dịch được	圣火之月铁手甲
10442115	Thánh Hoả Chi Nguyệt Thiết Thủ Giáp	Bao tay	15	giao dịch được	圣火之月铁手甲
10442116	Thánh Hoả Chi Nguyệt Thiết Thủ Giáp	Bao tay	16	giao dịch được	圣火之月铁手甲
10442117	Thánh Hoả Chi Nguyệt Thiết Thủ Giáp	Bao tay	17	giao dịch được	圣火之月铁手甲
10442118	Thánh Hoả Chi Nguyệt Thiết Thủ Giáp	Bao tay	18	giao dịch được	圣火之月铁手甲
10442119	Thánh Hoả Chi Nguyệt Thiết Thủ Giáp	Bao tay	19	giao dịch được	圣火之月铁手甲
10442120	Thánh Hoả Chi Nguyệt Thiết Thủ Giáp	Bao tay	20	giao dịch được	圣火之月铁手甲
10442121	Thánh Hoả Chi Huyền Thiết Thủ Giáp	Bao tay	21	giao dịch được	圣火之玄铁手甲
10442122	Thánh Hoả Chi Huyền Thiết Thủ Giáp	Bao tay	22	giao dịch được	圣火之玄铁手甲
10442123	Thánh Hoả Chi Huyền Thiết Thủ Giáp	Bao tay	23	giao dịch được	圣火之玄铁手甲
10442124	Thánh Hoả Chi Huyền Thiết Thủ Giáp	Bao tay	24	giao dịch được	圣火之玄铁手甲
10442125	Thánh Hoả Chi Huyền Thiết Thủ Giáp	Bao tay	25	giao dịch được	圣火之玄铁手甲
10442126	Thánh Hoả Chi Huyền Thiết Thủ Giáp	Bao tay	26	giao dịch được	圣火之玄铁手甲
10442127	Thánh Hoả Chi Huyền Thiết Thủ Giáp	Bao tay	27	giao dịch được	圣火之玄铁手甲
10442128	Thánh Hoả Chi Huyền Thiết Thủ Giáp	Bao tay	28	giao dịch được	圣火之玄铁手甲
10442129	Thánh Hoả Chi Huyền Thiết Thủ Giáp	Bao tay	29	giao dịch được	圣火之玄铁手甲
10442130	Thánh Hoả Chi Huyền Thiết Thủ Giáp	Bao tay	30	giao dịch được	圣火之玄铁手甲
10442131	Thánh Hoả Chi Phong Tiêu Thủ Giáp	Bao tay	31	giao dịch được	圣火之封霄手甲
10442132	Thánh Hoả Chi Phong Tiêu Thủ Giáp	Bao tay	32	giao dịch được	圣火之封霄手甲
10442133	Thánh Hoả Chi Phong Tiêu Thủ Giáp	Bao tay	33	giao dịch được	圣火之封霄手甲
10442134	Thánh Hoả Chi Phong Tiêu Thủ Giáp	Bao tay	34	giao dịch được	圣火之封霄手甲
10442135	Thánh Hoả Chi Phong Tiêu Thủ Giáp	Bao tay	35	giao dịch được	圣火之封霄手甲
10442136	Thánh Hoả Chi Phong Tiêu Thủ Giáp	Bao tay	36	giao dịch được	圣火之封霄手甲
10442137	Thánh Hoả Chi Phong Tiêu Thủ Giáp	Bao tay	37	giao dịch được	圣火之封霄手甲
10442138	Thánh Hoả Chi Phong Tiêu Thủ Giáp	Bao tay	38	giao dịch được	圣火之封霄手甲
10442139	Thánh Hoả Chi Phong Tiêu Thủ Giáp	Bao tay	39	giao dịch được	圣火之封霄手甲
10442140	Thánh Hoả Chi Phong Tiêu Thủ Giáp	Bao tay	40	giao dịch được	圣火之封霄手甲
10442141	Thánh Hoả Chi Diệt Hàn Thủ Giáp	Bao tay	41	giao dịch được	圣火之灭寒手甲
10442142	Thánh Hoả Chi Diệt Hàn Thủ Giáp	Bao tay	42	giao dịch được	圣火之灭寒手甲
10442143	Thánh Hoả Chi Diệt Hàn Thủ Giáp	Bao tay	43	giao dịch được	圣火之灭寒手甲
10442144	Thánh Hoả Chi Diệt Hàn Thủ Giáp	Bao tay	44	giao dịch được	圣火之灭寒手甲
10442145	Thánh Hoả Chi Diệt Hàn Thủ Giáp	Bao tay	45	giao dịch được	圣火之灭寒手甲
10442146	Thánh Hoả Chi Diệt Hàn Thủ Giáp	Bao tay	46	giao dịch được	圣火之灭寒手甲
10442147	Thánh Hoả Chi Diệt Hàn Thủ Giáp	Bao tay	47	giao dịch được	圣火之灭寒手甲
10442148	Thánh Hoả Chi Diệt Hàn Thủ Giáp	Bao tay	48	giao dịch được	圣火之灭寒手甲
10442149	Thánh Hoả Chi Diệt Hàn Thủ Giáp	Bao tay	49	giao dịch được	圣火之灭寒手甲
10442150	Thánh Hoả Chi Diệt Hàn Thủ Giáp	Bao tay	50	giao dịch được	圣火之灭寒手甲
10442151	Thánh Hoả Chi Nghịch Hoả Thủ Giáp	Bao tay	51	giao dịch được	圣火之逆火手甲
10442152	Thánh Hoả Chi Nghịch Hoả Thủ Giáp	Bao tay	52	giao dịch được	圣火之逆火手甲
10442153	Thánh Hoả Chi Nghịch Hoả Thủ Giáp	Bao tay	53	giao dịch được	圣火之逆火手甲
10442154	Thánh Hoả Chi Nghịch Hoả Thủ Giáp	Bao tay	54	giao dịch được	圣火之逆火手甲
10442155	Thánh Hoả Chi Nghịch Hoả Thủ Giáp	Bao tay	55	giao dịch được	圣火之逆火手甲
10442156	Thánh Hoả Chi Nghịch Hoả Thủ Giáp	Bao tay	56	giao dịch được	圣火之逆火手甲
10442157	Thánh Hoả Chi Nghịch Hoả Thủ Giáp	Bao tay	57	giao dịch được	圣火之逆火手甲
10442158	Thánh Hoả Chi Nghịch Hoả Thủ Giáp	Bao tay	58	giao dịch được	圣火之逆火手甲
10442159	Thánh Hoả Chi Nghịch Hoả Thủ Giáp	Bao tay	59	giao dịch được	圣火之逆火手甲
10442160	Thánh Hoả Chi Nghịch Hoả Thủ Giáp	Bao tay	60	giao dịch được	圣火之逆火手甲
10442161	Thánh Hoả Chi Thệ Trần Thủ Giáp	Bao tay	61	giao dịch được	圣火之誓尘手甲
10442162	Thánh Hoả Chi Thệ Trần Thủ Giáp	Bao tay	62	giao dịch được	圣火之誓尘手甲
10442163	Thánh Hoả Chi Thệ Trần Thủ Giáp	Bao tay	63	giao dịch được	圣火之誓尘手甲
10442164	Thánh Hoả Chi Thệ Trần Thủ Giáp	Bao tay	64	giao dịch được	圣火之誓尘手甲
10442165	Thánh Hoả Chi Thệ Trần Thủ Giáp	Bao tay	65	giao dịch được	圣火之誓尘手甲
10442166	Thánh Hoả Chi Thệ Trần Thủ Giáp	Bao tay	66	giao dịch được	圣火之誓尘手甲
10442167	Thánh Hoả Chi Thệ Trần Thủ Giáp	Bao tay	67	giao dịch được	圣火之誓尘手甲
10442168	Thánh Hoả Chi Thệ Trần Thủ Giáp	Bao tay	68	giao dịch được	圣火之誓尘手甲
10442169	Thánh Hoả Chi Thệ Trần Thủ Giáp	Bao tay	69	giao dịch được	圣火之誓尘手甲
10442170	Thánh Hoả Chi Thệ Trần Thủ Giáp	Bao tay	70	giao dịch được	圣火之誓尘手甲
10442171	Thánh Hoả Chi Diệt Phách Thủ Giáp	Bao tay	71	giao dịch được	圣火之灭魄手甲
10442172	Thánh Hoả Chi Diệt Phách Thủ Giáp	Bao tay	72	giao dịch được	圣火之灭魄手甲
10442173	Thánh Hoả Chi Diệt Phách Thủ Giáp	Bao tay	73	giao dịch được	圣火之灭魄手甲
10442174	Thánh Hoả Chi Diệt Phách Thủ Giáp	Bao tay	74	giao dịch được	圣火之灭魄手甲
10442175	Thánh Hoả Chi Diệt Phách Thủ Giáp	Bao tay	75	giao dịch được	圣火之灭魄手甲
10442176	Thánh Hoả Chi Diệt Phách Thủ Giáp	Bao tay	76	giao dịch được	圣火之灭魄手甲
10442177	Thánh Hoả Chi Diệt Phách Thủ Giáp	Bao tay	77	giao dịch được	圣火之灭魄手甲
10442178	Thánh Hoả Chi Diệt Phách Thủ Giáp	Bao tay	78	giao dịch được	圣火之灭魄手甲
10442179	Thánh Hoả Chi Diệt Phách Thủ Giáp	Bao tay	79	giao dịch được	圣火之灭魄手甲
10442180	Thánh Hoả Chi Diệt Phách Thủ Giáp	Bao tay	80	giao dịch được	圣火之灭魄手甲
10442181	Thánh Hoả Chi Toái Hồn Thủ Giáp	Bao tay	81	giao dịch được	圣火之碎魂手甲
10442182	Thánh Hoả Chi Toái Hồn Thủ Giáp	Bao tay	82	giao dịch được	圣火之碎魂手甲
10442183	Thánh Hoả Chi Toái Hồn Thủ Giáp	Bao tay	83	giao dịch được	圣火之碎魂手甲
10442184	Thánh Hoả Chi Toái Hồn Thủ Giáp	Bao tay	84	giao dịch được	圣火之碎魂手甲
10442185	Thánh Hoả Chi Toái Hồn Thủ Giáp	Bao tay	85	giao dịch được	圣火之碎魂手甲
10442186	Thánh Hoả Chi Toái Hồn Thủ Giáp	Bao tay	86	giao dịch được	圣火之碎魂手甲
10442187	Thánh Hoả Chi Toái Hồn Thủ Giáp	Bao tay	87	giao dịch được	圣火之碎魂手甲
10442188	Thánh Hoả Chi Toái Hồn Thủ Giáp	Bao tay	88	giao dịch được	圣火之碎魂手甲
10442189	Thánh Hoả Chi Toái Hồn Thủ Giáp	Bao tay	89	giao dịch được	圣火之碎魂手甲
10442190	Thánh Hoả Chi Toái Hồn Thủ Giáp	Bao tay	90	giao dịch được	圣火之碎魂手甲
10442191	Thánh Hoả Chi Trập Long Thủ Giáp	Bao tay	91	giao dịch được	圣火之蛰龙手甲
10442192	Thánh Hoả Chi Trập Long Thủ Giáp	Bao tay	92	giao dịch được	圣火之蛰龙手甲
10442193	Thánh Hoả Chi Trập Long Thủ Giáp	Bao tay	93	giao dịch được	圣火之蛰龙手甲
10442194	Thánh Hoả Chi Trập Long Thủ Giáp	Bao tay	94	giao dịch được	圣火之蛰龙手甲
10442195	Thánh Hoả Chi Trập Long Thủ Giáp	Bao tay	95	giao dịch được	圣火之蛰龙手甲
10442196	Thánh Hoả Chi Trập Long Thủ Giáp	Bao tay	96	giao dịch được	圣火之蛰龙手甲
10442197	Thánh Hoả Chi Trập Long Thủ Giáp	Bao tay	97	giao dịch được	圣火之蛰龙手甲
10442198	Thánh Hoả Chi Trập Long Thủ Giáp	Bao tay	98	giao dịch được	圣火之蛰龙手甲
10442199	Thánh Hoả Chi Trập Long Thủ Giáp	Bao tay	99	giao dịch được	圣火之蛰龙手甲
10442200	Thánh Hoả Chi Trập Long Thủ Giáp	Bao tay	100	giao dịch được	圣火之蛰龙手甲
10442201	Giáng Long Chi Ngân Toả Thủ Giáp	Bao tay	1	giao dịch được	降龙之银锁手甲
10442202	Giáng Long Chi Ngân Toả Thủ Giáp	Bao tay	2	giao dịch được	降龙之银锁手甲
10442203	Giáng Long Chi Ngân Toả Thủ Giáp	Bao tay	3	giao dịch được	降龙之银锁手甲
10442204	Giáng Long Chi Ngân Toả Thủ Giáp	Bao tay	4	giao dịch được	降龙之银锁手甲
10442205	Giáng Long Chi Ngân Toả Thủ Giáp	Bao tay	5	giao dịch được	降龙之银锁手甲
10442206	Giáng Long Chi Ngân Toả Thủ Giáp	Bao tay	6	giao dịch được	降龙之银锁手甲
10442207	Giáng Long Chi Ngân Toả Thủ Giáp	Bao tay	7	giao dịch được	降龙之银锁手甲
10442208	Giáng Long Chi Ngân Toả Thủ Giáp	Bao tay	8	giao dịch được	降龙之银锁手甲
10442209	Giáng Long Chi Ngân Toả Thủ Giáp	Bao tay	9	giao dịch được	降龙之银锁手甲
10442210	Giáng Long Chi Ngân Toả Thủ Giáp	Bao tay	10	giao dịch được	降龙之银锁手甲
10442211	Giáng Long Chi Nguyệt Thiết Thủ Giáp	Bao tay	11	giao dịch được	降龙之月铁手甲
10442212	Giáng Long Chi Nguyệt Thiết Thủ Giáp	Bao tay	12	giao dịch được	降龙之月铁手甲
10442213	Giáng Long Chi Nguyệt Thiết Thủ Giáp	Bao tay	13	giao dịch được	降龙之月铁手甲
10442214	Giáng Long Chi Nguyệt Thiết Thủ Giáp	Bao tay	14	giao dịch được	降龙之月铁手甲
10442215	Giáng Long Chi Nguyệt Thiết Thủ Giáp	Bao tay	15	giao dịch được	降龙之月铁手甲
10442216	Giáng Long Chi Nguyệt Thiết Thủ Giáp	Bao tay	16	giao dịch được	降龙之月铁手甲
10442217	Giáng Long Chi Nguyệt Thiết Thủ Giáp	Bao tay	17	giao dịch được	降龙之月铁手甲
10442218	Giáng Long Chi Nguyệt Thiết Thủ Giáp	Bao tay	18	giao dịch được	降龙之月铁手甲
10442219	Giáng Long Chi Nguyệt Thiết Thủ Giáp	Bao tay	19	giao dịch được	降龙之月铁手甲
10442220	Giáng Long Chi Nguyệt Thiết Thủ Giáp	Bao tay	20	giao dịch được	降龙之月铁手甲
10442221	Giáng Long Chi Huyền Thiết Thủ Giáp	Bao tay	21	giao dịch được	降龙之玄铁手甲
10442222	Giáng Long Chi Huyền Thiết Thủ Giáp	Bao tay	22	giao dịch được	降龙之玄铁手甲
10442223	Giáng Long Chi Huyền Thiết Thủ Giáp	Bao tay	23	giao dịch được	降龙之玄铁手甲
10442224	Giáng Long Chi Huyền Thiết Thủ Giáp	Bao tay	24	giao dịch được	降龙之玄铁手甲
10442225	Giáng Long Chi Huyền Thiết Thủ Giáp	Bao tay	25	giao dịch được	降龙之玄铁手甲
10442226	Giáng Long Chi Huyền Thiết Thủ Giáp	Bao tay	26	giao dịch được	降龙之玄铁手甲
10442227	Giáng Long Chi Huyền Thiết Thủ Giáp	Bao tay	27	giao dịch được	降龙之玄铁手甲
10442228	Giáng Long Chi Huyền Thiết Thủ Giáp	Bao tay	28	giao dịch được	降龙之玄铁手甲
10442229	Giáng Long Chi Huyền Thiết Thủ Giáp	Bao tay	29	giao dịch được	降龙之玄铁手甲
10442230	Giáng Long Chi Huyền Thiết Thủ Giáp	Bao tay	30	giao dịch được	降龙之玄铁手甲
10442231	Giáng Long Chi Phong Tiêu Thủ Giáp	Bao tay	31	giao dịch được	降龙之封霄手甲
10442232	Giáng Long Chi Phong Tiêu Thủ Giáp	Bao tay	32	giao dịch được	降龙之封霄手甲
10442233	Giáng Long Chi Phong Tiêu Thủ Giáp	Bao tay	33	giao dịch được	降龙之封霄手甲
10442234	Giáng Long Chi Phong Tiêu Thủ Giáp	Bao tay	34	giao dịch được	降龙之封霄手甲
10442235	Giáng Long Chi Phong Tiêu Thủ Giáp	Bao tay	35	giao dịch được	降龙之封霄手甲
10442236	Giáng Long Chi Phong Tiêu Thủ Giáp	Bao tay	36	giao dịch được	降龙之封霄手甲
10442237	Giáng Long Chi Phong Tiêu Thủ Giáp	Bao tay	37	giao dịch được	降龙之封霄手甲
10442238	Giáng Long Chi Phong Tiêu Thủ Giáp	Bao tay	38	giao dịch được	降龙之封霄手甲
10442239	Giáng Long Chi Phong Tiêu Thủ Giáp	Bao tay	39	giao dịch được	降龙之封霄手甲
10442240	Giáng Long Chi Phong Tiêu Thủ Giáp	Bao tay	40	giao dịch được	降龙之封霄手甲
10442241	Giáng Long Chi Diệt Hàn Thủ Giáp	Bao tay	41	giao dịch được	降龙之灭寒手甲
10442242	Giáng Long Chi Diệt Hàn Thủ Giáp	Bao tay	42	giao dịch được	降龙之灭寒手甲
10442243	Giáng Long Chi Diệt Hàn Thủ Giáp	Bao tay	43	giao dịch được	降龙之灭寒手甲
10442244	Giáng Long Chi Diệt Hàn Thủ Giáp	Bao tay	44	giao dịch được	降龙之灭寒手甲
10442245	Giáng Long Chi Diệt Hàn Thủ Giáp	Bao tay	45	giao dịch được	降龙之灭寒手甲
10442246	Giáng Long Chi Diệt Hàn Thủ Giáp	Bao tay	46	giao dịch được	降龙之灭寒手甲
10442247	Giáng Long Chi Diệt Hàn Thủ Giáp	Bao tay	47	giao dịch được	降龙之灭寒手甲
10442248	Giáng Long Chi Diệt Hàn Thủ Giáp	Bao tay	48	giao dịch được	降龙之灭寒手甲
10442249	Giáng Long Chi Diệt Hàn Thủ Giáp	Bao tay	49	giao dịch được	降龙之灭寒手甲
10442250	Giáng Long Chi Diệt Hàn Thủ Giáp	Bao tay	50	giao dịch được	降龙之灭寒手甲
10442251	Giáng Long Chi Nghịch Hoả Thủ Giáp	Bao tay	51	giao dịch được	降龙之逆火手甲
10442252	Giáng Long Chi Nghịch Hoả Thủ Giáp	Bao tay	52	giao dịch được	降龙之逆火手甲
10442253	Giáng Long Chi Nghịch Hoả Thủ Giáp	Bao tay	53	giao dịch được	降龙之逆火手甲
10442254	Giáng Long Chi Nghịch Hoả Thủ Giáp	Bao tay	54	giao dịch được	降龙之逆火手甲
10442255	Giáng Long Chi Nghịch Hoả Thủ Giáp	Bao tay	55	giao dịch được	降龙之逆火手甲
10442256	Giáng Long Chi Nghịch Hoả Thủ Giáp	Bao tay	56	giao dịch được	降龙之逆火手甲
10442257	Giáng Long Chi Nghịch Hoả Thủ Giáp	Bao tay	57	giao dịch được	降龙之逆火手甲
10442258	Giáng Long Chi Nghịch Hoả Thủ Giáp	Bao tay	58	giao dịch được	降龙之逆火手甲
10442259	Giáng Long Chi Nghịch Hoả Thủ Giáp	Bao tay	59	giao dịch được	降龙之逆火手甲
10442260	Giáng Long Chi Nghịch Hoả Thủ Giáp	Bao tay	60	giao dịch được	降龙之逆火手甲
10442261	Giáng Long Chi Thệ Trần Thủ Giáp	Bao tay	61	giao dịch được	降龙之誓尘手甲
10442262	Giáng Long Chi Thệ Trần Thủ Giáp	Bao tay	62	giao dịch được	降龙之誓尘手甲
10442263	Giáng Long Chi Thệ Trần Thủ Giáp	Bao tay	63	giao dịch được	降龙之誓尘手甲
10442264	Giáng Long Chi Thệ Trần Thủ Giáp	Bao tay	64	giao dịch được	降龙之誓尘手甲
10442265	Giáng Long Chi Thệ Trần Thủ Giáp	Bao tay	65	giao dịch được	降龙之誓尘手甲
10442266	Giáng Long Chi Thệ Trần Thủ Giáp	Bao tay	66	giao dịch được	降龙之誓尘手甲
10442267	Giáng Long Chi Thệ Trần Thủ Giáp	Bao tay	67	giao dịch được	降龙之誓尘手甲
10442268	Giáng Long Chi Thệ Trần Thủ Giáp	Bao tay	68	giao dịch được	降龙之誓尘手甲
10442269	Giáng Long Chi Thệ Trần Thủ Giáp	Bao tay	69	giao dịch được	降龙之誓尘手甲
10442270	Giáng Long Chi Thệ Trần Thủ Giáp	Bao tay	70	giao dịch được	降龙之誓尘手甲
10442271	Giáng Long Chi Diệt Phách Thủ Giáp	Bao tay	71	giao dịch được	降龙之灭魄手甲
10442272	Giáng Long Chi Diệt Phách Thủ Giáp	Bao tay	72	giao dịch được	降龙之灭魄手甲
10442273	Giáng Long Chi Diệt Phách Thủ Giáp	Bao tay	73	giao dịch được	降龙之灭魄手甲
10442274	Giáng Long Chi Diệt Phách Thủ Giáp	Bao tay	74	giao dịch được	降龙之灭魄手甲
10442275	Giáng Long Chi Diệt Phách Thủ Giáp	Bao tay	75	giao dịch được	降龙之灭魄手甲
10442276	Giáng Long Chi Diệt Phách Thủ Giáp	Bao tay	76	giao dịch được	降龙之灭魄手甲
10442277	Giáng Long Chi Diệt Phách Thủ Giáp	Bao tay	77	giao dịch được	降龙之灭魄手甲
10442278	Giáng Long Chi Diệt Phách Thủ Giáp	Bao tay	78	giao dịch được	降龙之灭魄手甲
10442279	Giáng Long Chi Diệt Phách Thủ Giáp	Bao tay	79	giao dịch được	降龙之灭魄手甲
10442280	Giáng Long Chi Diệt Phách Thủ Giáp	Bao tay	80	giao dịch được	降龙之灭魄手甲
10442281	Giáng Long Chi Toái Hồn Thủ Giáp	Bao tay	81	giao dịch được	降龙之碎魂手甲
10442282	Giáng Long Chi Toái Hồn Thủ Giáp	Bao tay	82	giao dịch được	降龙之碎魂手甲
10442283	Giáng Long Chi Toái Hồn Thủ Giáp	Bao tay	83	giao dịch được	降龙之碎魂手甲
10442284	Giáng Long Chi Toái Hồn Thủ Giáp	Bao tay	84	giao dịch được	降龙之碎魂手甲
10442285	Giáng Long Chi Toái Hồn Thủ Giáp	Bao tay	85	giao dịch được	降龙之碎魂手甲
10442286	Giáng Long Chi Toái Hồn Thủ Giáp	Bao tay	86	giao dịch được	降龙之碎魂手甲
10442287	Giáng Long Chi Toái Hồn Thủ Giáp	Bao tay	87	giao dịch được	降龙之碎魂手甲
10442288	Giáng Long Chi Toái Hồn Thủ Giáp	Bao tay	88	giao dịch được	降龙之碎魂手甲
10442289	Giáng Long Chi Toái Hồn Thủ Giáp	Bao tay	89	giao dịch được	降龙之碎魂手甲
10442290	Giáng Long Chi Toái Hồn Thủ Giáp	Bao tay	90	giao dịch được	降龙之碎魂手甲
10442291	Giáng Long Chi Trập Long Thủ Giáp	Bao tay	91	giao dịch được	降龙之蛰龙手甲
10442292	Giáng Long Chi Trập Long Thủ Giáp	Bao tay	92	giao dịch được	降龙之蛰龙手甲
10442293	Giáng Long Chi Trập Long Thủ Giáp	Bao tay	93	giao dịch được	降龙之蛰龙手甲
10442294	Giáng Long Chi Trập Long Thủ Giáp	Bao tay	94	giao dịch được	降龙之蛰龙手甲
10442295	Giáng Long Chi Trập Long Thủ Giáp	Bao tay	95	giao dịch được	降龙之蛰龙手甲
10442296	Giáng Long Chi Trập Long Thủ Giáp	Bao tay	96	giao dịch được	降龙之蛰龙手甲
10442297	Giáng Long Chi Trập Long Thủ Giáp	Bao tay	97	giao dịch được	降龙之蛰龙手甲
10442298	Giáng Long Chi Trập Long Thủ Giáp	Bao tay	98	giao dịch được	降龙之蛰龙手甲
10442299	Giáng Long Chi Trập Long Thủ Giáp	Bao tay	99	giao dịch được	降龙之蛰龙手甲
10442300	Giáng Long Chi Trập Long Thủ Giáp	Bao tay	100	giao dịch được	降龙之蛰龙手甲
10442301	Ngọc Nữ Chi Miên Bố Thủ Sáo	Bao tay	1	giao dịch được	玉女之棉布手套
10442302	Ngọc Nữ Chi Miên Bố Thủ Sáo	Bao tay	2	giao dịch được	玉女之棉布手套
10442303	Ngọc Nữ Chi Miên Bố Thủ Sáo	Bao tay	3	giao dịch được	玉女之棉布手套
10442304	Ngọc Nữ Chi Miên Bố Thủ Sáo	Bao tay	4	giao dịch được	玉女之棉布手套
10442305	Ngọc Nữ Chi Miên Bố Thủ Sáo	Bao tay	5	giao dịch được	玉女之棉布手套
10442306	Ngọc Nữ Chi Miên Bố Thủ Sáo	Bao tay	6	giao dịch được	玉女之棉布手套
10442307	Ngọc Nữ Chi Miên Bố Thủ Sáo	Bao tay	7	giao dịch được	玉女之棉布手套
10442308	Ngọc Nữ Chi Miên Bố Thủ Sáo	Bao tay	8	giao dịch được	玉女之棉布手套
10442309	Ngọc Nữ Chi Miên Bố Thủ Sáo	Bao tay	9	giao dịch được	玉女之棉布手套
10442310	Ngọc Nữ Chi Miên Bố Thủ Sáo	Bao tay	10	giao dịch được	玉女之棉布手套
10442311	Ngọc Nữ Chi Miên Ti Thủ Sáo	Bao tay	11	giao dịch được	玉女之棉丝手套
10442312	Ngọc Nữ Chi Miên Ti Thủ Sáo	Bao tay	12	giao dịch được	玉女之棉丝手套
10442313	Ngọc Nữ Chi Miên Ti Thủ Sáo	Bao tay	13	giao dịch được	玉女之棉丝手套
10442314	Ngọc Nữ Chi Miên Ti Thủ Sáo	Bao tay	14	giao dịch được	玉女之棉丝手套
10442315	Ngọc Nữ Chi Miên Ti Thủ Sáo	Bao tay	15	giao dịch được	玉女之棉丝手套
10442316	Ngọc Nữ Chi Miên Ti Thủ Sáo	Bao tay	16	giao dịch được	玉女之棉丝手套
10442317	Ngọc Nữ Chi Miên Ti Thủ Sáo	Bao tay	17	giao dịch được	玉女之棉丝手套
10442318	Ngọc Nữ Chi Miên Ti Thủ Sáo	Bao tay	18	giao dịch được	玉女之棉丝手套
10442319	Ngọc Nữ Chi Miên Ti Thủ Sáo	Bao tay	19	giao dịch được	玉女之棉丝手套
10442320	Ngọc Nữ Chi Miên Ti Thủ Sáo	Bao tay	20	giao dịch được	玉女之棉丝手套
10442321	Ngọc Nữ Chi Bồ Bố Thủ Sáo	Bao tay	21	giao dịch được	玉女之蒲布手套
10442322	Ngọc Nữ Chi Bồ Bố Thủ Sáo	Bao tay	22	giao dịch được	玉女之蒲布手套
10442323	Ngọc Nữ Chi Bồ Bố Thủ Sáo	Bao tay	23	giao dịch được	玉女之蒲布手套
10442324	Ngọc Nữ Chi Bồ Bố Thủ Sáo	Bao tay	24	giao dịch được	玉女之蒲布手套
10442325	Ngọc Nữ Chi Bồ Bố Thủ Sáo	Bao tay	25	giao dịch được	玉女之蒲布手套
10442326	Ngọc Nữ Chi Bồ Bố Thủ Sáo	Bao tay	26	giao dịch được	玉女之蒲布手套
10442327	Ngọc Nữ Chi Bồ Bố Thủ Sáo	Bao tay	27	giao dịch được	玉女之蒲布手套
10442328	Ngọc Nữ Chi Bồ Bố Thủ Sáo	Bao tay	28	giao dịch được	玉女之蒲布手套
10442329	Ngọc Nữ Chi Bồ Bố Thủ Sáo	Bao tay	29	giao dịch được	玉女之蒲布手套
10442330	Ngọc Nữ Chi Bồ Bố Thủ Sáo	Bao tay	30	giao dịch được	玉女之蒲布手套
10442331	Ngọc Nữ Chi Chân Ti Thủ Sáo	Bao tay	31	giao dịch được	玉女之真丝手套
10442332	Ngọc Nữ Chi Chân Ti Thủ Sáo	Bao tay	32	giao dịch được	玉女之真丝手套
10442333	Ngọc Nữ Chi Chân Ti Thủ Sáo	Bao tay	33	giao dịch được	玉女之真丝手套
10442334	Ngọc Nữ Chi Chân Ti Thủ Sáo	Bao tay	34	giao dịch được	玉女之真丝手套
10442335	Ngọc Nữ Chi Chân Ti Thủ Sáo	Bao tay	35	giao dịch được	玉女之真丝手套
10442336	Ngọc Nữ Chi Chân Ti Thủ Sáo	Bao tay	36	giao dịch được	玉女之真丝手套
10442337	Ngọc Nữ Chi Chân Ti Thủ Sáo	Bao tay	37	giao dịch được	玉女之真丝手套
10442338	Ngọc Nữ Chi Chân Ti Thủ Sáo	Bao tay	38	giao dịch được	玉女之真丝手套
10442339	Ngọc Nữ Chi Chân Ti Thủ Sáo	Bao tay	39	giao dịch được	玉女之真丝手套
10442340	Ngọc Nữ Chi Chân Ti Thủ Sáo	Bao tay	40	giao dịch được	玉女之真丝手套
10442341	Ngọc Nữ Chi Tô Cẩm Thủ Sáo	Bao tay	41	giao dịch được	玉女之苏锦手套
10442342	Ngọc Nữ Chi Tô Cẩm Thủ Sáo	Bao tay	42	giao dịch được	玉女之苏锦手套
10442343	Ngọc Nữ Chi Tô Cẩm Thủ Sáo	Bao tay	43	giao dịch được	玉女之苏锦手套
10442344	Ngọc Nữ Chi Tô Cẩm Thủ Sáo	Bao tay	44	giao dịch được	玉女之苏锦手套
10442345	Ngọc Nữ Chi Tô Cẩm Thủ Sáo	Bao tay	45	giao dịch được	玉女之苏锦手套
10442346	Ngọc Nữ Chi Tô Cẩm Thủ Sáo	Bao tay	46	giao dịch được	玉女之苏锦手套
10442347	Ngọc Nữ Chi Tô Cẩm Thủ Sáo	Bao tay	47	giao dịch được	玉女之苏锦手套
10442348	Ngọc Nữ Chi Tô Cẩm Thủ Sáo	Bao tay	48	giao dịch được	玉女之苏锦手套
10442349	Ngọc Nữ Chi Tô Cẩm Thủ Sáo	Bao tay	49	giao dịch được	玉女之苏锦手套
10442350	Ngọc Nữ Chi Tô Cẩm Thủ Sáo	Bao tay	50	giao dịch được	玉女之苏锦手套
10442351	Ngọc Nữ Chi Thanh Nga Thủ Sáo	Bao tay	51	giao dịch được	玉女之青峨手套
10442352	Ngọc Nữ Chi Thanh Nga Thủ Sáo	Bao tay	52	giao dịch được	玉女之青峨手套
10442353	Ngọc Nữ Chi Thanh Nga Thủ Sáo	Bao tay	53	giao dịch được	玉女之青峨手套
10442354	Ngọc Nữ Chi Thanh Nga Thủ Sáo	Bao tay	54	giao dịch được	玉女之青峨手套
10442355	Ngọc Nữ Chi Thanh Nga Thủ Sáo	Bao tay	55	giao dịch được	玉女之青峨手套
10442356	Ngọc Nữ Chi Thanh Nga Thủ Sáo	Bao tay	56	giao dịch được	玉女之青峨手套
10442357	Ngọc Nữ Chi Thanh Nga Thủ Sáo	Bao tay	57	giao dịch được	玉女之青峨手套
10442358	Ngọc Nữ Chi Thanh Nga Thủ Sáo	Bao tay	58	giao dịch được	玉女之青峨手套
10442359	Ngọc Nữ Chi Thanh Nga Thủ Sáo	Bao tay	59	giao dịch được	玉女之青峨手套
10442360	Ngọc Nữ Chi Thanh Nga Thủ Sáo	Bao tay	60	giao dịch được	玉女之青峨手套
10442361	Ngọc Nữ Chi Tứ Hải Thủ Sáo	Bao tay	61	giao dịch được	玉女之四海手套
10442362	Ngọc Nữ Chi Tứ Hải Thủ Sáo	Bao tay	62	giao dịch được	玉女之四海手套
10442363	Ngọc Nữ Chi Tứ Hải Thủ Sáo	Bao tay	63	giao dịch được	玉女之四海手套
10442364	Ngọc Nữ Chi Tứ Hải Thủ Sáo	Bao tay	64	giao dịch được	玉女之四海手套
10442365	Ngọc Nữ Chi Tứ Hải Thủ Sáo	Bao tay	65	giao dịch được	玉女之四海手套
10442366	Ngọc Nữ Chi Tứ Hải Thủ Sáo	Bao tay	66	giao dịch được	玉女之四海手套
10442367	Ngọc Nữ Chi Tứ Hải Thủ Sáo	Bao tay	67	giao dịch được	玉女之四海手套
10442368	Ngọc Nữ Chi Tứ Hải Thủ Sáo	Bao tay	68	giao dịch được	玉女之四海手套
10442369	Ngọc Nữ Chi Tứ Hải Thủ Sáo	Bao tay	69	giao dịch được	玉女之四海手套
10442370	Ngọc Nữ Chi Tứ Hải Thủ Sáo	Bao tay	70	giao dịch được	玉女之四海手套
10442371	Ngọc Nữ Chi Như Mộng Thủ Sáo	Bao tay	71	giao dịch được	玉女之如梦手套
10442372	Ngọc Nữ Chi Như Mộng Thủ Sáo	Bao tay	72	giao dịch được	玉女之如梦手套
10442373	Ngọc Nữ Chi Như Mộng Thủ Sáo	Bao tay	73	giao dịch được	玉女之如梦手套
10442374	Ngọc Nữ Chi Như Mộng Thủ Sáo	Bao tay	74	giao dịch được	玉女之如梦手套
10442375	Ngọc Nữ Chi Như Mộng Thủ Sáo	Bao tay	75	giao dịch được	玉女之如梦手套
10442376	Ngọc Nữ Chi Như Mộng Thủ Sáo	Bao tay	76	giao dịch được	玉女之如梦手套
10442377	Ngọc Nữ Chi Như Mộng Thủ Sáo	Bao tay	77	giao dịch được	玉女之如梦手套
10442378	Ngọc Nữ Chi Như Mộng Thủ Sáo	Bao tay	78	giao dịch được	玉女之如梦手套
10442379	Ngọc Nữ Chi Như Mộng Thủ Sáo	Bao tay	79	giao dịch được	玉女之如梦手套
10442380	Ngọc Nữ Chi Như Mộng Thủ Sáo	Bao tay	80	giao dịch được	玉女之如梦手套
10442381	Ngọc Nữ Chi Thánh Mục Thủ Sáo	Bao tay	81	giao dịch được	玉女之圣目手套
10442382	Ngọc Nữ Chi Thánh Mục Thủ Sáo	Bao tay	82	giao dịch được	玉女之圣目手套
10442383	Ngọc Nữ Chi Thánh Mục Thủ Sáo	Bao tay	83	giao dịch được	玉女之圣目手套
10442384	Ngọc Nữ Chi Thánh Mục Thủ Sáo	Bao tay	84	giao dịch được	玉女之圣目手套
10442385	Ngọc Nữ Chi Thánh Mục Thủ Sáo	Bao tay	85	giao dịch được	玉女之圣目手套
10442386	Ngọc Nữ Chi Thánh Mục Thủ Sáo	Bao tay	86	giao dịch được	玉女之圣目手套
10442387	Ngọc Nữ Chi Thánh Mục Thủ Sáo	Bao tay	87	giao dịch được	玉女之圣目手套
10442388	Ngọc Nữ Chi Thánh Mục Thủ Sáo	Bao tay	88	giao dịch được	玉女之圣目手套
10442389	Ngọc Nữ Chi Thánh Mục Thủ Sáo	Bao tay	89	giao dịch được	玉女之圣目手套
10442390	Ngọc Nữ Chi Thánh Mục Thủ Sáo	Bao tay	90	giao dịch được	玉女之圣目手套
10442391	Ngọc Nữ Chi Linh Động Thủ Sáo	Bao tay	91	giao dịch được	玉女之灵动手套
10442392	Ngọc Nữ Chi Linh Động Thủ Sáo	Bao tay	92	giao dịch được	玉女之灵动手套
10442393	Ngọc Nữ Chi Linh Động Thủ Sáo	Bao tay	93	giao dịch được	玉女之灵动手套
10442394	Ngọc Nữ Chi Linh Động Thủ Sáo	Bao tay	94	giao dịch được	玉女之灵动手套
10442395	Ngọc Nữ Chi Linh Động Thủ Sáo	Bao tay	95	giao dịch được	玉女之灵动手套
10442396	Ngọc Nữ Chi Linh Động Thủ Sáo	Bao tay	96	giao dịch được	玉女之灵动手套
10442397	Ngọc Nữ Chi Linh Động Thủ Sáo	Bao tay	97	giao dịch được	玉女之灵动手套
10442398	Ngọc Nữ Chi Linh Động Thủ Sáo	Bao tay	98	giao dịch được	玉女之灵动手套
10442399	Ngọc Nữ Chi Linh Động Thủ Sáo	Bao tay	99	giao dịch được	玉女之灵动手套
10442400	Ngọc Nữ Chi Linh Động Thủ Sáo	Bao tay	100	giao dịch được	玉女之灵动手套
10442401	Vô Cực Chi Miên Bố Thủ Sáo	Bao tay	1	giao dịch được	无极之棉布手套
10442402	Vô Cực Chi Miên Bố Thủ Sáo	Bao tay	2	giao dịch được	无极之棉布手套
10442403	Vô Cực Chi Miên Bố Thủ Sáo	Bao tay	3	giao dịch được	无极之棉布手套
10442404	Vô Cực Chi Miên Bố Thủ Sáo	Bao tay	4	giao dịch được	无极之棉布手套
10442405	Vô Cực Chi Miên Bố Thủ Sáo	Bao tay	5	giao dịch được	无极之棉布手套
10442406	Vô Cực Chi Miên Bố Thủ Sáo	Bao tay	6	giao dịch được	无极之棉布手套
10442407	Vô Cực Chi Miên Bố Thủ Sáo	Bao tay	7	giao dịch được	无极之棉布手套
10442408	Vô Cực Chi Miên Bố Thủ Sáo	Bao tay	8	giao dịch được	无极之棉布手套
10442409	Vô Cực Chi Miên Bố Thủ Sáo	Bao tay	9	giao dịch được	无极之棉布手套
10442410	Vô Cực Chi Miên Bố Thủ Sáo	Bao tay	10	giao dịch được	无极之棉布手套
10442411	Vô Cực Chi Miên Ti Thủ Sáo	Bao tay	11	giao dịch được	无极之棉丝手套
10442412	Vô Cực Chi Miên Ti Thủ Sáo	Bao tay	12	giao dịch được	无极之棉丝手套
10442413	Vô Cực Chi Miên Ti Thủ Sáo	Bao tay	13	giao dịch được	无极之棉丝手套
10442414	Vô Cực Chi Miên Ti Thủ Sáo	Bao tay	14	giao dịch được	无极之棉丝手套
10442415	Vô Cực Chi Miên Ti Thủ Sáo	Bao tay	15	giao dịch được	无极之棉丝手套
10442416	Vô Cực Chi Miên Ti Thủ Sáo	Bao tay	16	giao dịch được	无极之棉丝手套
10442417	Vô Cực Chi Miên Ti Thủ Sáo	Bao tay	17	giao dịch được	无极之棉丝手套
10442418	Vô Cực Chi Miên Ti Thủ Sáo	Bao tay	18	giao dịch được	无极之棉丝手套
10442419	Vô Cực Chi Miên Ti Thủ Sáo	Bao tay	19	giao dịch được	无极之棉丝手套
10442420	Vô Cực Chi Miên Ti Thủ Sáo	Bao tay	20	giao dịch được	无极之棉丝手套
10442421	Vô Cực Chi Bồ Bố Thủ Sáo	Bao tay	21	giao dịch được	无极之蒲布手套
10442422	Vô Cực Chi Bồ Bố Thủ Sáo	Bao tay	22	giao dịch được	无极之蒲布手套
10442423	Vô Cực Chi Bồ Bố Thủ Sáo	Bao tay	23	giao dịch được	无极之蒲布手套
10442424	Vô Cực Chi Bồ Bố Thủ Sáo	Bao tay	24	giao dịch được	无极之蒲布手套
10442425	Vô Cực Chi Bồ Bố Thủ Sáo	Bao tay	25	giao dịch được	无极之蒲布手套
10442426	Vô Cực Chi Bồ Bố Thủ Sáo	Bao tay	26	giao dịch được	无极之蒲布手套
10442427	Vô Cực Chi Bồ Bố Thủ Sáo	Bao tay	27	giao dịch được	无极之蒲布手套
10442428	Vô Cực Chi Bồ Bố Thủ Sáo	Bao tay	28	giao dịch được	无极之蒲布手套
10442429	Vô Cực Chi Bồ Bố Thủ Sáo	Bao tay	29	giao dịch được	无极之蒲布手套
10442430	Vô Cực Chi Bồ Bố Thủ Sáo	Bao tay	30	giao dịch được	无极之蒲布手套
10442431	Vô Cực Chi Chân Ti Thủ Sáo	Bao tay	31	giao dịch được	无极之真丝手套
10442432	Vô Cực Chi Chân Ti Thủ Sáo	Bao tay	32	giao dịch được	无极之真丝手套
10442433	Vô Cực Chi Chân Ti Thủ Sáo	Bao tay	33	giao dịch được	无极之真丝手套
10442434	Vô Cực Chi Chân Ti Thủ Sáo	Bao tay	34	giao dịch được	无极之真丝手套
10442435	Vô Cực Chi Chân Ti Thủ Sáo	Bao tay	35	giao dịch được	无极之真丝手套
10442436	Vô Cực Chi Chân Ti Thủ Sáo	Bao tay	36	giao dịch được	无极之真丝手套
10442437	Vô Cực Chi Chân Ti Thủ Sáo	Bao tay	37	giao dịch được	无极之真丝手套
10442438	Vô Cực Chi Chân Ti Thủ Sáo	Bao tay	38	giao dịch được	无极之真丝手套
10442439	Vô Cực Chi Chân Ti Thủ Sáo	Bao tay	39	giao dịch được	无极之真丝手套
10442440	Vô Cực Chi Chân Ti Thủ Sáo	Bao tay	40	giao dịch được	无极之真丝手套
10442441	Vô Cực Chi Tô Cẩm Thủ Sáo	Bao tay	41	giao dịch được	无极之苏锦手套
10442442	Vô Cực Chi Tô Cẩm Thủ Sáo	Bao tay	42	giao dịch được	无极之苏锦手套
10442443	Vô Cực Chi Tô Cẩm Thủ Sáo	Bao tay	43	giao dịch được	无极之苏锦手套
10442444	Vô Cực Chi Tô Cẩm Thủ Sáo	Bao tay	44	giao dịch được	无极之苏锦手套
10442445	Vô Cực Chi Tô Cẩm Thủ Sáo	Bao tay	45	giao dịch được	无极之苏锦手套
10442446	Vô Cực Chi Tô Cẩm Thủ Sáo	Bao tay	46	giao dịch được	无极之苏锦手套
10442447	Vô Cực Chi Tô Cẩm Thủ Sáo	Bao tay	47	giao dịch được	无极之苏锦手套
10442448	Vô Cực Chi Tô Cẩm Thủ Sáo	Bao tay	48	giao dịch được	无极之苏锦手套
10442449	Vô Cực Chi Tô Cẩm Thủ Sáo	Bao tay	49	giao dịch được	无极之苏锦手套
10442450	Vô Cực Chi Tô Cẩm Thủ Sáo	Bao tay	50	giao dịch được	无极之苏锦手套
10442451	Vô Cực Chi Thanh Nga Thủ Sáo	Bao tay	51	giao dịch được	无极之青峨手套
10442452	Vô Cực Chi Thanh Nga Thủ Sáo	Bao tay	52	giao dịch được	无极之青峨手套
10442453	Vô Cực Chi Thanh Nga Thủ Sáo	Bao tay	53	giao dịch được	无极之青峨手套
10442454	Vô Cực Chi Thanh Nga Thủ Sáo	Bao tay	54	giao dịch được	无极之青峨手套
10442455	Vô Cực Chi Thanh Nga Thủ Sáo	Bao tay	55	giao dịch được	无极之青峨手套
10442456	Vô Cực Chi Thanh Nga Thủ Sáo	Bao tay	56	giao dịch được	无极之青峨手套
10442457	Vô Cực Chi Thanh Nga Thủ Sáo	Bao tay	57	giao dịch được	无极之青峨手套
10442458	Vô Cực Chi Thanh Nga Thủ Sáo	Bao tay	58	giao dịch được	无极之青峨手套
10442459	Vô Cực Chi Thanh Nga Thủ Sáo	Bao tay	59	giao dịch được	无极之青峨手套
10442460	Vô Cực Chi Thanh Nga Thủ Sáo	Bao tay	60	giao dịch được	无极之青峨手套
10442461	Vô Cực Chi Tứ Hải Thủ Sáo	Bao tay	61	giao dịch được	无极之四海手套
10442462	Vô Cực Chi Tứ Hải Thủ Sáo	Bao tay	62	giao dịch được	无极之四海手套
10442463	Vô Cực Chi Tứ Hải Thủ Sáo	Bao tay	63	giao dịch được	无极之四海手套
10442464	Vô Cực Chi Tứ Hải Thủ Sáo	Bao tay	64	giao dịch được	无极之四海手套
10442465	Vô Cực Chi Tứ Hải Thủ Sáo	Bao tay	65	giao dịch được	无极之四海手套
10442466	Vô Cực Chi Tứ Hải Thủ Sáo	Bao tay	66	giao dịch được	无极之四海手套
10442467	Vô Cực Chi Tứ Hải Thủ Sáo	Bao tay	67	giao dịch được	无极之四海手套
10442468	Vô Cực Chi Tứ Hải Thủ Sáo	Bao tay	68	giao dịch được	无极之四海手套
10442469	Vô Cực Chi Tứ Hải Thủ Sáo	Bao tay	69	giao dịch được	无极之四海手套
10442470	Vô Cực Chi Tứ Hải Thủ Sáo	Bao tay	70	giao dịch được	无极之四海手套
10442471	Vô Cực Chi Như Mộng Thủ Sáo	Bao tay	71	giao dịch được	无极之如梦手套
10442472	Vô Cực Chi Như Mộng Thủ Sáo	Bao tay	72	giao dịch được	无极之如梦手套
10442473	Vô Cực Chi Như Mộng Thủ Sáo	Bao tay	73	giao dịch được	无极之如梦手套
10442474	Vô Cực Chi Như Mộng Thủ Sáo	Bao tay	74	giao dịch được	无极之如梦手套
10442475	Vô Cực Chi Như Mộng Thủ Sáo	Bao tay	75	giao dịch được	无极之如梦手套
10442476	Vô Cực Chi Như Mộng Thủ Sáo	Bao tay	76	giao dịch được	无极之如梦手套
10442477	Vô Cực Chi Như Mộng Thủ Sáo	Bao tay	77	giao dịch được	无极之如梦手套
10442478	Vô Cực Chi Như Mộng Thủ Sáo	Bao tay	78	giao dịch được	无极之如梦手套
10442479	Vô Cực Chi Như Mộng Thủ Sáo	Bao tay	79	giao dịch được	无极之如梦手套
10442480	Vô Cực Chi Như Mộng Thủ Sáo	Bao tay	80	giao dịch được	无极之如梦手套
10442481	Vô Cực Chi Thánh Mục Thủ Sáo	Bao tay	81	giao dịch được	无极之圣目手套
10442482	Vô Cực Chi Thánh Mục Thủ Sáo	Bao tay	82	giao dịch được	无极之圣目手套
10442483	Vô Cực Chi Thánh Mục Thủ Sáo	Bao tay	83	giao dịch được	无极之圣目手套
10442484	Vô Cực Chi Thánh Mục Thủ Sáo	Bao tay	84	giao dịch được	无极之圣目手套
10442485	Vô Cực Chi Thánh Mục Thủ Sáo	Bao tay	85	giao dịch được	无极之圣目手套
10442486	Vô Cực Chi Thánh Mục Thủ Sáo	Bao tay	86	giao dịch được	无极之圣目手套
10442487	Vô Cực Chi Thánh Mục Thủ Sáo	Bao tay	87	giao dịch được	无极之圣目手套
10442488	Vô Cực Chi Thánh Mục Thủ Sáo	Bao tay	88	giao dịch được	无极之圣目手套
10442489	Vô Cực Chi Thánh Mục Thủ Sáo	Bao tay	89	giao dịch được	无极之圣目手套
10442490	Vô Cực Chi Thánh Mục Thủ Sáo	Bao tay	90	giao dịch được	无极之圣目手套
10442491	Vô Cực Chi Linh Động Thủ Sáo	Bao tay	91	giao dịch được	无极之灵动手套
10442492	Vô Cực Chi Linh Động Thủ Sáo	Bao tay	92	giao dịch được	无极之灵动手套
10442493	Vô Cực Chi Linh Động Thủ Sáo	Bao tay	93	giao dịch được	无极之灵动手套
10442494	Vô Cực Chi Linh Động Thủ Sáo	Bao tay	94	giao dịch được	无极之灵动手套
10442495	Vô Cực Chi Linh Động Thủ Sáo	Bao tay	95	giao dịch được	无极之灵动手套
10442496	Vô Cực Chi Linh Động Thủ Sáo	Bao tay	96	giao dịch được	无极之灵动手套
10442497	Vô Cực Chi Linh Động Thủ Sáo	Bao tay	97	giao dịch được	无极之灵动手套
10442498	Vô Cực Chi Linh Động Thủ Sáo	Bao tay	98	giao dịch được	无极之灵动手套
10442499	Vô Cực Chi Linh Động Thủ Sáo	Bao tay	99	giao dịch được	无极之灵动手套
10442500	Vô Cực Chi Linh Động Thủ Sáo	Bao tay	100	giao dịch được	无极之灵动手套
10442501	Hoang Độc Chi Miên Bố Thủ Sáo	Bao tay	1	giao dịch được	荒毒之棉布手套
10442502	Hoang Độc Chi Miên Bố Thủ Sáo	Bao tay	2	giao dịch được	荒毒之棉布手套
10442503	Hoang Độc Chi Miên Bố Thủ Sáo	Bao tay	3	giao dịch được	荒毒之棉布手套
10442504	Hoang Độc Chi Miên Bố Thủ Sáo	Bao tay	4	giao dịch được	荒毒之棉布手套
10442505	Hoang Độc Chi Miên Bố Thủ Sáo	Bao tay	5	giao dịch được	荒毒之棉布手套
10442506	Hoang Độc Chi Miên Bố Thủ Sáo	Bao tay	6	giao dịch được	荒毒之棉布手套
10442507	Hoang Độc Chi Miên Bố Thủ Sáo	Bao tay	7	giao dịch được	荒毒之棉布手套
10442508	Hoang Độc Chi Miên Bố Thủ Sáo	Bao tay	8	giao dịch được	荒毒之棉布手套
10442509	Hoang Độc Chi Miên Bố Thủ Sáo	Bao tay	9	giao dịch được	荒毒之棉布手套
10442510	Hoang Độc Chi Miên Bố Thủ Sáo	Bao tay	10	giao dịch được	荒毒之棉布手套
10442511	Hoang Độc Chi Miên Ti Thủ Sáo	Bao tay	11	giao dịch được	荒毒之棉丝手套
10442512	Hoang Độc Chi Miên Ti Thủ Sáo	Bao tay	12	giao dịch được	荒毒之棉丝手套
10442513	Hoang Độc Chi Miên Ti Thủ Sáo	Bao tay	13	giao dịch được	荒毒之棉丝手套
10442514	Hoang Độc Chi Miên Ti Thủ Sáo	Bao tay	14	giao dịch được	荒毒之棉丝手套
10442515	Hoang Độc Chi Miên Ti Thủ Sáo	Bao tay	15	giao dịch được	荒毒之棉丝手套
10442516	Hoang Độc Chi Miên Ti Thủ Sáo	Bao tay	16	giao dịch được	荒毒之棉丝手套
10442517	Hoang Độc Chi Miên Ti Thủ Sáo	Bao tay	17	giao dịch được	荒毒之棉丝手套
10442518	Hoang Độc Chi Miên Ti Thủ Sáo	Bao tay	18	giao dịch được	荒毒之棉丝手套
10442519	Hoang Độc Chi Miên Ti Thủ Sáo	Bao tay	19	giao dịch được	荒毒之棉丝手套
10442520	Hoang Độc Chi Miên Ti Thủ Sáo	Bao tay	20	giao dịch được	荒毒之棉丝手套
10442521	Hoang Độc Chi Bồ Bố Thủ Sáo	Bao tay	21	giao dịch được	荒毒之蒲布手套
10442522	Hoang Độc Chi Bồ Bố Thủ Sáo	Bao tay	22	giao dịch được	荒毒之蒲布手套
10442523	Hoang Độc Chi Bồ Bố Thủ Sáo	Bao tay	23	giao dịch được	荒毒之蒲布手套
10442524	Hoang Độc Chi Bồ Bố Thủ Sáo	Bao tay	24	giao dịch được	荒毒之蒲布手套
10442525	Hoang Độc Chi Bồ Bố Thủ Sáo	Bao tay	25	giao dịch được	荒毒之蒲布手套
10442526	Hoang Độc Chi Bồ Bố Thủ Sáo	Bao tay	26	giao dịch được	荒毒之蒲布手套
10442527	Hoang Độc Chi Bồ Bố Thủ Sáo	Bao tay	27	giao dịch được	荒毒之蒲布手套
10442528	Hoang Độc Chi Bồ Bố Thủ Sáo	Bao tay	28	giao dịch được	荒毒之蒲布手套
10442529	Hoang Độc Chi Bồ Bố Thủ Sáo	Bao tay	29	giao dịch được	荒毒之蒲布手套
10442530	Hoang Độc Chi Bồ Bố Thủ Sáo	Bao tay	30	giao dịch được	荒毒之蒲布手套
10442531	Hoang Độc Chi Chân Ti Thủ Sáo	Bao tay	31	giao dịch được	荒毒之真丝手套
10442532	Hoang Độc Chi Chân Ti Thủ Sáo	Bao tay	32	giao dịch được	荒毒之真丝手套
10442533	Hoang Độc Chi Chân Ti Thủ Sáo	Bao tay	33	giao dịch được	荒毒之真丝手套
10442534	Hoang Độc Chi Chân Ti Thủ Sáo	Bao tay	34	giao dịch được	荒毒之真丝手套
10442535	Hoang Độc Chi Chân Ti Thủ Sáo	Bao tay	35	giao dịch được	荒毒之真丝手套
10442536	Hoang Độc Chi Chân Ti Thủ Sáo	Bao tay	36	giao dịch được	荒毒之真丝手套
10442537	Hoang Độc Chi Chân Ti Thủ Sáo	Bao tay	37	giao dịch được	荒毒之真丝手套
10442538	Hoang Độc Chi Chân Ti Thủ Sáo	Bao tay	38	giao dịch được	荒毒之真丝手套
10442539	Hoang Độc Chi Chân Ti Thủ Sáo	Bao tay	39	giao dịch được	荒毒之真丝手套
10442540	Hoang Độc Chi Chân Ti Thủ Sáo	Bao tay	40	giao dịch được	荒毒之真丝手套
10442541	Hoang Độc Chi Tô Cẩm Thủ Sáo	Bao tay	41	giao dịch được	荒毒之苏锦手套
10442542	Hoang Độc Chi Tô Cẩm Thủ Sáo	Bao tay	42	giao dịch được	荒毒之苏锦手套
10442543	Hoang Độc Chi Tô Cẩm Thủ Sáo	Bao tay	43	giao dịch được	荒毒之苏锦手套
10442544	Hoang Độc Chi Tô Cẩm Thủ Sáo	Bao tay	44	giao dịch được	荒毒之苏锦手套
10442545	Hoang Độc Chi Tô Cẩm Thủ Sáo	Bao tay	45	giao dịch được	荒毒之苏锦手套
10442546	Hoang Độc Chi Tô Cẩm Thủ Sáo	Bao tay	46	giao dịch được	荒毒之苏锦手套
10442547	Hoang Độc Chi Tô Cẩm Thủ Sáo	Bao tay	47	giao dịch được	荒毒之苏锦手套
10442548	Hoang Độc Chi Tô Cẩm Thủ Sáo	Bao tay	48	giao dịch được	荒毒之苏锦手套
10442549	Hoang Độc Chi Tô Cẩm Thủ Sáo	Bao tay	49	giao dịch được	荒毒之苏锦手套
10442550	Hoang Độc Chi Tô Cẩm Thủ Sáo	Bao tay	50	giao dịch được	荒毒之苏锦手套
10442551	Hoang Độc Chi Thanh Nga Thủ Sáo	Bao tay	51	giao dịch được	荒毒之青峨手套
10442552	Hoang Độc Chi Thanh Nga Thủ Sáo	Bao tay	52	giao dịch được	荒毒之青峨手套
10442553	Hoang Độc Chi Thanh Nga Thủ Sáo	Bao tay	53	giao dịch được	荒毒之青峨手套
10442554	Hoang Độc Chi Thanh Nga Thủ Sáo	Bao tay	54	giao dịch được	荒毒之青峨手套
10442555	Hoang Độc Chi Thanh Nga Thủ Sáo	Bao tay	55	giao dịch được	荒毒之青峨手套
10442556	Hoang Độc Chi Thanh Nga Thủ Sáo	Bao tay	56	giao dịch được	荒毒之青峨手套
10442557	Hoang Độc Chi Thanh Nga Thủ Sáo	Bao tay	57	giao dịch được	荒毒之青峨手套
10442558	Hoang Độc Chi Thanh Nga Thủ Sáo	Bao tay	58	giao dịch được	荒毒之青峨手套
10442559	Hoang Độc Chi Thanh Nga Thủ Sáo	Bao tay	59	giao dịch được	荒毒之青峨手套
10442560	Hoang Độc Chi Thanh Nga Thủ Sáo	Bao tay	60	giao dịch được	荒毒之青峨手套
10442561	Hoang Độc Chi Tứ Hải Thủ Sáo	Bao tay	61	giao dịch được	荒毒之四海手套
10442562	Hoang Độc Chi Tứ Hải Thủ Sáo	Bao tay	62	giao dịch được	荒毒之四海手套
10442563	Hoang Độc Chi Tứ Hải Thủ Sáo	Bao tay	63	giao dịch được	荒毒之四海手套
10442564	Hoang Độc Chi Tứ Hải Thủ Sáo	Bao tay	64	giao dịch được	荒毒之四海手套
10442565	Hoang Độc Chi Tứ Hải Thủ Sáo	Bao tay	65	giao dịch được	荒毒之四海手套
10442566	Hoang Độc Chi Tứ Hải Thủ Sáo	Bao tay	66	giao dịch được	荒毒之四海手套
10442567	Hoang Độc Chi Tứ Hải Thủ Sáo	Bao tay	67	giao dịch được	荒毒之四海手套
10442568	Hoang Độc Chi Tứ Hải Thủ Sáo	Bao tay	68	giao dịch được	荒毒之四海手套
10442569	Hoang Độc Chi Tứ Hải Thủ Sáo	Bao tay	69	giao dịch được	荒毒之四海手套
10442570	Hoang Độc Chi Tứ Hải Thủ Sáo	Bao tay	70	giao dịch được	荒毒之四海手套
10442571	Hoang Độc Chi Như Mộng Thủ Sáo	Bao tay	71	giao dịch được	荒毒之如梦手套
10442572	Hoang Độc Chi Như Mộng Thủ Sáo	Bao tay	72	giao dịch được	荒毒之如梦手套
10442573	Hoang Độc Chi Như Mộng Thủ Sáo	Bao tay	73	giao dịch được	荒毒之如梦手套
10442574	Hoang Độc Chi Như Mộng Thủ Sáo	Bao tay	74	giao dịch được	荒毒之如梦手套
10442575	Hoang Độc Chi Như Mộng Thủ Sáo	Bao tay	75	giao dịch được	荒毒之如梦手套
10442576	Hoang Độc Chi Như Mộng Thủ Sáo	Bao tay	76	giao dịch được	荒毒之如梦手套
10442577	Hoang Độc Chi Như Mộng Thủ Sáo	Bao tay	77	giao dịch được	荒毒之如梦手套
10442578	Hoang Độc Chi Như Mộng Thủ Sáo	Bao tay	78	giao dịch được	荒毒之如梦手套
10442579	Hoang Độc Chi Như Mộng Thủ Sáo	Bao tay	79	giao dịch được	荒毒之如梦手套
10442580	Hoang Độc Chi Như Mộng Thủ Sáo	Bao tay	80	giao dịch được	荒毒之如梦手套
10442581	Hoang Độc Chi Thánh Mục Thủ Sáo	Bao tay	81	giao dịch được	荒毒之圣目手套
10442582	Hoang Độc Chi Thánh Mục Thủ Sáo	Bao tay	82	giao dịch được	荒毒之圣目手套
10442583	Hoang Độc Chi Thánh Mục Thủ Sáo	Bao tay	83	giao dịch được	荒毒之圣目手套
10442584	Hoang Độc Chi Thánh Mục Thủ Sáo	Bao tay	84	giao dịch được	荒毒之圣目手套
10442585	Hoang Độc Chi Thánh Mục Thủ Sáo	Bao tay	85	giao dịch được	荒毒之圣目手套
10442586	Hoang Độc Chi Thánh Mục Thủ Sáo	Bao tay	86	giao dịch được	荒毒之圣目手套
10442587	Hoang Độc Chi Thánh Mục Thủ Sáo	Bao tay	87	giao dịch được	荒毒之圣目手套
10442588	Hoang Độc Chi Thánh Mục Thủ Sáo	Bao tay	88	giao dịch được	荒毒之圣目手套
10442589	Hoang Độc Chi Thánh Mục Thủ Sáo	Bao tay	89	giao dịch được	荒毒之圣目手套
10442590	Hoang Độc Chi Thánh Mục Thủ Sáo	Bao tay	90	giao dịch được	荒毒之圣目手套
10442591	Hoang Độc Chi Linh Động Thủ Sáo	Bao tay	91	giao dịch được	荒毒之灵动手套
10442592	Hoang Độc Chi Linh Động Thủ Sáo	Bao tay	92	giao dịch được	荒毒之灵动手套
10442593	Hoang Độc Chi Linh Động Thủ Sáo	Bao tay	93	giao dịch được	荒毒之灵动手套
10442594	Hoang Độc Chi Linh Động Thủ Sáo	Bao tay	94	giao dịch được	荒毒之灵动手套
10442595	Hoang Độc Chi Linh Động Thủ Sáo	Bao tay	95	giao dịch được	荒毒之灵动手套
10442596	Hoang Độc Chi Linh Động Thủ Sáo	Bao tay	96	giao dịch được	荒毒之灵动手套
10442597	Hoang Độc Chi Linh Động Thủ Sáo	Bao tay	97	giao dịch được	荒毒之灵动手套
10442598	Hoang Độc Chi Linh Động Thủ Sáo	Bao tay	98	giao dịch được	荒毒之灵动手套
10442599	Hoang Độc Chi Linh Động Thủ Sáo	Bao tay	99	giao dịch được	荒毒之灵动手套
10442600	Hoang Độc Chi Linh Động Thủ Sáo	Bao tay	100	giao dịch được	荒毒之灵动手套
10442601	Vô Tướng Chi Tích Bì Hộ Thủ	Bao tay	1	giao dịch được	无相之蜥皮护手
10442602	Vô Tướng Chi Tích Bì Hộ Thủ	Bao tay	2	giao dịch được	无相之蜥皮护手
10442603	Vô Tướng Chi Tích Bì Hộ Thủ	Bao tay	3	giao dịch được	无相之蜥皮护手
10442604	Vô Tướng Chi Tích Bì Hộ Thủ	Bao tay	4	giao dịch được	无相之蜥皮护手
10442605	Vô Tướng Chi Tích Bì Hộ Thủ	Bao tay	5	giao dịch được	无相之蜥皮护手
10442606	Vô Tướng Chi Tích Bì Hộ Thủ	Bao tay	6	giao dịch được	无相之蜥皮护手
10442607	Vô Tướng Chi Tích Bì Hộ Thủ	Bao tay	7	giao dịch được	无相之蜥皮护手
10442608	Vô Tướng Chi Tích Bì Hộ Thủ	Bao tay	8	giao dịch được	无相之蜥皮护手
10442609	Vô Tướng Chi Tích Bì Hộ Thủ	Bao tay	9	giao dịch được	无相之蜥皮护手
10442610	Vô Tướng Chi Tích Bì Hộ Thủ	Bao tay	10	giao dịch được	无相之蜥皮护手
10442611	Vô Tướng Chi Ngân Bì Hộ Thủ	Bao tay	11	giao dịch được	无相之银皮护手
10442612	Vô Tướng Chi Ngân Bì Hộ Thủ	Bao tay	12	giao dịch được	无相之银皮护手
10442613	Vô Tướng Chi Ngân Bì Hộ Thủ	Bao tay	13	giao dịch được	无相之银皮护手
10442614	Vô Tướng Chi Ngân Bì Hộ Thủ	Bao tay	14	giao dịch được	无相之银皮护手
10442615	Vô Tướng Chi Ngân Bì Hộ Thủ	Bao tay	15	giao dịch được	无相之银皮护手
10442616	Vô Tướng Chi Ngân Bì Hộ Thủ	Bao tay	16	giao dịch được	无相之银皮护手
10442617	Vô Tướng Chi Ngân Bì Hộ Thủ	Bao tay	17	giao dịch được	无相之银皮护手
10442618	Vô Tướng Chi Ngân Bì Hộ Thủ	Bao tay	18	giao dịch được	无相之银皮护手
10442619	Vô Tướng Chi Ngân Bì Hộ Thủ	Bao tay	19	giao dịch được	无相之银皮护手
10442620	Vô Tướng Chi Ngân Bì Hộ Thủ	Bao tay	20	giao dịch được	无相之银皮护手
10442621	Vô Tướng Chi Bì Lân Hộ Thủ	Bao tay	21	giao dịch được	无相之皮麟护手
10442622	Vô Tướng Chi Bì Lân Hộ Thủ	Bao tay	22	giao dịch được	无相之皮麟护手
10442623	Vô Tướng Chi Bì Lân Hộ Thủ	Bao tay	23	giao dịch được	无相之皮麟护手
10442624	Vô Tướng Chi Bì Lân Hộ Thủ	Bao tay	24	giao dịch được	无相之皮麟护手
10442625	Vô Tướng Chi Bì Lân Hộ Thủ	Bao tay	25	giao dịch được	无相之皮麟护手
10442626	Vô Tướng Chi Bì Lân Hộ Thủ	Bao tay	26	giao dịch được	无相之皮麟护手
10442627	Vô Tướng Chi Bì Lân Hộ Thủ	Bao tay	27	giao dịch được	无相之皮麟护手
10442628	Vô Tướng Chi Bì Lân Hộ Thủ	Bao tay	28	giao dịch được	无相之皮麟护手
10442629	Vô Tướng Chi Bì Lân Hộ Thủ	Bao tay	29	giao dịch được	无相之皮麟护手
10442630	Vô Tướng Chi Bì Lân Hộ Thủ	Bao tay	30	giao dịch được	无相之皮麟护手
10442631	Vô Tướng Chi Dao Tiên Hộ Thủ	Bao tay	31	giao dịch được	无相之瑶仙护手
10442632	Vô Tướng Chi Dao Tiên Hộ Thủ	Bao tay	32	giao dịch được	无相之瑶仙护手
10442633	Vô Tướng Chi Dao Tiên Hộ Thủ	Bao tay	33	giao dịch được	无相之瑶仙护手
10442634	Vô Tướng Chi Dao Tiên Hộ Thủ	Bao tay	34	giao dịch được	无相之瑶仙护手
10442635	Vô Tướng Chi Dao Tiên Hộ Thủ	Bao tay	35	giao dịch được	无相之瑶仙护手
10442636	Vô Tướng Chi Dao Tiên Hộ Thủ	Bao tay	36	giao dịch được	无相之瑶仙护手
10442637	Vô Tướng Chi Dao Tiên Hộ Thủ	Bao tay	37	giao dịch được	无相之瑶仙护手
10442638	Vô Tướng Chi Dao Tiên Hộ Thủ	Bao tay	38	giao dịch được	无相之瑶仙护手
10442639	Vô Tướng Chi Dao Tiên Hộ Thủ	Bao tay	39	giao dịch được	无相之瑶仙护手
10442640	Vô Tướng Chi Dao Tiên Hộ Thủ	Bao tay	40	giao dịch được	无相之瑶仙护手
10442641	Vô Tướng Chi Thiều Hoa Hộ Thủ	Bao tay	41	giao dịch được	无相之韶华护手
10442642	Vô Tướng Chi Thiều Hoa Hộ Thủ	Bao tay	42	giao dịch được	无相之韶华护手
10442643	Vô Tướng Chi Thiều Hoa Hộ Thủ	Bao tay	43	giao dịch được	无相之韶华护手
10442644	Vô Tướng Chi Thiều Hoa Hộ Thủ	Bao tay	44	giao dịch được	无相之韶华护手
10442645	Vô Tướng Chi Thiều Hoa Hộ Thủ	Bao tay	45	giao dịch được	无相之韶华护手
10442646	Vô Tướng Chi Thiều Hoa Hộ Thủ	Bao tay	46	giao dịch được	无相之韶华护手
10442647	Vô Tướng Chi Thiều Hoa Hộ Thủ	Bao tay	47	giao dịch được	无相之韶华护手
10442648	Vô Tướng Chi Thiều Hoa Hộ Thủ	Bao tay	48	giao dịch được	无相之韶华护手
10442649	Vô Tướng Chi Thiều Hoa Hộ Thủ	Bao tay	49	giao dịch được	无相之韶华护手
10442650	Vô Tướng Chi Thiều Hoa Hộ Thủ	Bao tay	50	giao dịch được	无相之韶华护手
10442651	Vô Tướng Chi Ngân Tiêu Hộ Thủ	Bao tay	51	giao dịch được	无相之银霄护手
10442652	Vô Tướng Chi Ngân Tiêu Hộ Thủ	Bao tay	52	giao dịch được	无相之银霄护手
10442653	Vô Tướng Chi Ngân Tiêu Hộ Thủ	Bao tay	53	giao dịch được	无相之银霄护手
10442654	Vô Tướng Chi Ngân Tiêu Hộ Thủ	Bao tay	54	giao dịch được	无相之银霄护手
10442655	Vô Tướng Chi Ngân Tiêu Hộ Thủ	Bao tay	55	giao dịch được	无相之银霄护手
10442656	Vô Tướng Chi Ngân Tiêu Hộ Thủ	Bao tay	56	giao dịch được	无相之银霄护手
10442657	Vô Tướng Chi Ngân Tiêu Hộ Thủ	Bao tay	57	giao dịch được	无相之银霄护手
10442658	Vô Tướng Chi Ngân Tiêu Hộ Thủ	Bao tay	58	giao dịch được	无相之银霄护手
10442659	Vô Tướng Chi Ngân Tiêu Hộ Thủ	Bao tay	59	giao dịch được	无相之银霄护手
10442660	Vô Tướng Chi Ngân Tiêu Hộ Thủ	Bao tay	60	giao dịch được	无相之银霄护手
10442661	Vô Tướng Chi Quỷ Vụ Hộ Thủ	Bao tay	61	giao dịch được	无相之鬼雾护手
10442662	Vô Tướng Chi Quỷ Vụ Hộ Thủ	Bao tay	62	giao dịch được	无相之鬼雾护手
10442663	Vô Tướng Chi Quỷ Vụ Hộ Thủ	Bao tay	63	giao dịch được	无相之鬼雾护手
10442664	Vô Tướng Chi Quỷ Vụ Hộ Thủ	Bao tay	64	giao dịch được	无相之鬼雾护手
10442665	Vô Tướng Chi Quỷ Vụ Hộ Thủ	Bao tay	65	giao dịch được	无相之鬼雾护手
10442666	Vô Tướng Chi Quỷ Vụ Hộ Thủ	Bao tay	66	giao dịch được	无相之鬼雾护手
10442667	Vô Tướng Chi Quỷ Vụ Hộ Thủ	Bao tay	67	giao dịch được	无相之鬼雾护手
10442668	Vô Tướng Chi Quỷ Vụ Hộ Thủ	Bao tay	68	giao dịch được	无相之鬼雾护手
10442669	Vô Tướng Chi Quỷ Vụ Hộ Thủ	Bao tay	69	giao dịch được	无相之鬼雾护手
10442670	Vô Tướng Chi Quỷ Vụ Hộ Thủ	Bao tay	70	giao dịch được	无相之鬼雾护手
10442671	Vô Tướng Chi Luyện Loan Hộ Thủ	Bao tay	71	giao dịch được	无相之炼鸾护手
10442672	Vô Tướng Chi Luyện Loan Hộ Thủ	Bao tay	72	giao dịch được	无相之炼鸾护手
10442673	Vô Tướng Chi Luyện Loan Hộ Thủ	Bao tay	73	giao dịch được	无相之炼鸾护手
10442674	Vô Tướng Chi Luyện Loan Hộ Thủ	Bao tay	74	giao dịch được	无相之炼鸾护手
10442675	Vô Tướng Chi Luyện Loan Hộ Thủ	Bao tay	75	giao dịch được	无相之炼鸾护手
10442676	Vô Tướng Chi Luyện Loan Hộ Thủ	Bao tay	76	giao dịch được	无相之炼鸾护手
10442677	Vô Tướng Chi Luyện Loan Hộ Thủ	Bao tay	77	giao dịch được	无相之炼鸾护手
10442678	Vô Tướng Chi Luyện Loan Hộ Thủ	Bao tay	78	giao dịch được	无相之炼鸾护手
10442679	Vô Tướng Chi Luyện Loan Hộ Thủ	Bao tay	79	giao dịch được	无相之炼鸾护手
10442680	Vô Tướng Chi Luyện Loan Hộ Thủ	Bao tay	80	giao dịch được	无相之炼鸾护手
10442681	Vô Tướng Chi Mị Giao Hộ Thủ	Bao tay	81	giao dịch được	无相之魅蛟护手
10442682	Vô Tướng Chi Mị Giao Hộ Thủ	Bao tay	82	giao dịch được	无相之魅蛟护手
10442683	Vô Tướng Chi Mị Giao Hộ Thủ	Bao tay	83	giao dịch được	无相之魅蛟护手
10442684	Vô Tướng Chi Mị Giao Hộ Thủ	Bao tay	84	giao dịch được	无相之魅蛟护手
10442685	Vô Tướng Chi Mị Giao Hộ Thủ	Bao tay	85	giao dịch được	无相之魅蛟护手
10442686	Vô Tướng Chi Mị Giao Hộ Thủ	Bao tay	86	giao dịch được	无相之魅蛟护手
10442687	Vô Tướng Chi Mị Giao Hộ Thủ	Bao tay	87	giao dịch được	无相之魅蛟护手
10442688	Vô Tướng Chi Mị Giao Hộ Thủ	Bao tay	88	giao dịch được	无相之魅蛟护手
10442689	Vô Tướng Chi Mị Giao Hộ Thủ	Bao tay	89	giao dịch được	无相之魅蛟护手
10442690	Vô Tướng Chi Mị Giao Hộ Thủ	Bao tay	90	giao dịch được	无相之魅蛟护手
10442691	Vô Tướng Chi Toan Nghê Hộ Thủ	Bao tay	91	giao dịch được	无相之狻猊护手
10442692	Vô Tướng Chi Toan Nghê Hộ Thủ	Bao tay	92	giao dịch được	无相之狻猊护手
10442693	Vô Tướng Chi Toan Nghê Hộ Thủ	Bao tay	93	giao dịch được	无相之狻猊护手
10442694	Vô Tướng Chi Toan Nghê Hộ Thủ	Bao tay	94	giao dịch được	无相之狻猊护手
10442695	Vô Tướng Chi Toan Nghê Hộ Thủ	Bao tay	95	giao dịch được	无相之狻猊护手
10442696	Vô Tướng Chi Toan Nghê Hộ Thủ	Bao tay	96	giao dịch được	无相之狻猊护手
10442697	Vô Tướng Chi Toan Nghê Hộ Thủ	Bao tay	97	giao dịch được	无相之狻猊护手
10442698	Vô Tướng Chi Toan Nghê Hộ Thủ	Bao tay	98	giao dịch được	无相之狻猊护手
10442699	Vô Tướng Chi Toan Nghê Hộ Thủ	Bao tay	99	giao dịch được	无相之狻猊护手
10442700	Vô Tướng Chi Toan Nghê Hộ Thủ	Bao tay	100	giao dịch được	无相之狻猊护手
10442701	Bắc Minh Chi Tích Bì Hộ Thủ	Bao tay	1	giao dịch được	北冥之蜥皮护手
10442702	Bắc Minh Chi Tích Bì Hộ Thủ	Bao tay	2	giao dịch được	北冥之蜥皮护手
10442703	Bắc Minh Chi Tích Bì Hộ Thủ	Bao tay	3	giao dịch được	北冥之蜥皮护手
10442704	Bắc Minh Chi Tích Bì Hộ Thủ	Bao tay	4	giao dịch được	北冥之蜥皮护手
10442705	Bắc Minh Chi Tích Bì Hộ Thủ	Bao tay	5	giao dịch được	北冥之蜥皮护手
10442706	Bắc Minh Chi Tích Bì Hộ Thủ	Bao tay	6	giao dịch được	北冥之蜥皮护手
10442707	Bắc Minh Chi Tích Bì Hộ Thủ	Bao tay	7	giao dịch được	北冥之蜥皮护手
10442708	Bắc Minh Chi Tích Bì Hộ Thủ	Bao tay	8	giao dịch được	北冥之蜥皮护手
10442709	Bắc Minh Chi Tích Bì Hộ Thủ	Bao tay	9	giao dịch được	北冥之蜥皮护手
10442710	Bắc Minh Chi Tích Bì Hộ Thủ	Bao tay	10	giao dịch được	北冥之蜥皮护手
10442711	Bắc Minh Chi Ngân Bì Hộ Thủ	Bao tay	11	giao dịch được	北冥之银皮护手
10442712	Bắc Minh Chi Ngân Bì Hộ Thủ	Bao tay	12	giao dịch được	北冥之银皮护手
10442713	Bắc Minh Chi Ngân Bì Hộ Thủ	Bao tay	13	giao dịch được	北冥之银皮护手
10442714	Bắc Minh Chi Ngân Bì Hộ Thủ	Bao tay	14	giao dịch được	北冥之银皮护手
10442715	Bắc Minh Chi Ngân Bì Hộ Thủ	Bao tay	15	giao dịch được	北冥之银皮护手
10442716	Bắc Minh Chi Ngân Bì Hộ Thủ	Bao tay	16	giao dịch được	北冥之银皮护手
10442717	Bắc Minh Chi Ngân Bì Hộ Thủ	Bao tay	17	giao dịch được	北冥之银皮护手
10442718	Bắc Minh Chi Ngân Bì Hộ Thủ	Bao tay	18	giao dịch được	北冥之银皮护手
10442719	Bắc Minh Chi Ngân Bì Hộ Thủ	Bao tay	19	giao dịch được	北冥之银皮护手
10442720	Bắc Minh Chi Ngân Bì Hộ Thủ	Bao tay	20	giao dịch được	北冥之银皮护手
10442721	Bắc Minh Chi Bì Lân Hộ Thủ	Bao tay	21	giao dịch được	北冥之皮麟护手
10442722	Bắc Minh Chi Bì Lân Hộ Thủ	Bao tay	22	giao dịch được	北冥之皮麟护手
10442723	Bắc Minh Chi Bì Lân Hộ Thủ	Bao tay	23	giao dịch được	北冥之皮麟护手
10442724	Bắc Minh Chi Bì Lân Hộ Thủ	Bao tay	24	giao dịch được	北冥之皮麟护手
10442725	Bắc Minh Chi Bì Lân Hộ Thủ	Bao tay	25	giao dịch được	北冥之皮麟护手
10442726	Bắc Minh Chi Bì Lân Hộ Thủ	Bao tay	26	giao dịch được	北冥之皮麟护手
10442727	Bắc Minh Chi Bì Lân Hộ Thủ	Bao tay	27	giao dịch được	北冥之皮麟护手
10442728	Bắc Minh Chi Bì Lân Hộ Thủ	Bao tay	28	giao dịch được	北冥之皮麟护手
10442729	Bắc Minh Chi Bì Lân Hộ Thủ	Bao tay	29	giao dịch được	北冥之皮麟护手
10442730	Bắc Minh Chi Bì Lân Hộ Thủ	Bao tay	30	giao dịch được	北冥之皮麟护手
10442731	Bắc Minh Chi Dao Tiên Hộ Thủ	Bao tay	31	giao dịch được	北冥之瑶仙护手
10442732	Bắc Minh Chi Dao Tiên Hộ Thủ	Bao tay	32	giao dịch được	北冥之瑶仙护手
10442733	Bắc Minh Chi Dao Tiên Hộ Thủ	Bao tay	33	giao dịch được	北冥之瑶仙护手
10442734	Bắc Minh Chi Dao Tiên Hộ Thủ	Bao tay	34	giao dịch được	北冥之瑶仙护手
10442735	Bắc Minh Chi Dao Tiên Hộ Thủ	Bao tay	35	giao dịch được	北冥之瑶仙护手
10442736	Bắc Minh Chi Dao Tiên Hộ Thủ	Bao tay	36	giao dịch được	北冥之瑶仙护手
10442737	Bắc Minh Chi Dao Tiên Hộ Thủ	Bao tay	37	giao dịch được	北冥之瑶仙护手
10442738	Bắc Minh Chi Dao Tiên Hộ Thủ	Bao tay	38	giao dịch được	北冥之瑶仙护手
10442739	Bắc Minh Chi Dao Tiên Hộ Thủ	Bao tay	39	giao dịch được	北冥之瑶仙护手
10442740	Bắc Minh Chi Dao Tiên Hộ Thủ	Bao tay	40	giao dịch được	北冥之瑶仙护手
10442741	Bắc Minh Chi Thiều Hoa Hộ Thủ	Bao tay	41	giao dịch được	北冥之韶华护手
10442742	Bắc Minh Chi Thiều Hoa Hộ Thủ	Bao tay	42	giao dịch được	北冥之韶华护手
10442743	Bắc Minh Chi Thiều Hoa Hộ Thủ	Bao tay	43	giao dịch được	北冥之韶华护手
10442744	Bắc Minh Chi Thiều Hoa Hộ Thủ	Bao tay	44	giao dịch được	北冥之韶华护手
10442745	Bắc Minh Chi Thiều Hoa Hộ Thủ	Bao tay	45	giao dịch được	北冥之韶华护手
10442746	Bắc Minh Chi Thiều Hoa Hộ Thủ	Bao tay	46	giao dịch được	北冥之韶华护手
10442747	Bắc Minh Chi Thiều Hoa Hộ Thủ	Bao tay	47	giao dịch được	北冥之韶华护手
10442748	Bắc Minh Chi Thiều Hoa Hộ Thủ	Bao tay	48	giao dịch được	北冥之韶华护手
10442749	Bắc Minh Chi Thiều Hoa Hộ Thủ	Bao tay	49	giao dịch được	北冥之韶华护手
10442750	Bắc Minh Chi Thiều Hoa Hộ Thủ	Bao tay	50	giao dịch được	北冥之韶华护手
10442751	Bắc Minh Chi Ngân Tiêu Hộ Thủ	Bao tay	51	giao dịch được	北冥之银霄护手
10442752	Bắc Minh Chi Ngân Tiêu Hộ Thủ	Bao tay	52	giao dịch được	北冥之银霄护手
10442753	Bắc Minh Chi Ngân Tiêu Hộ Thủ	Bao tay	53	giao dịch được	北冥之银霄护手
10442754	Bắc Minh Chi Ngân Tiêu Hộ Thủ	Bao tay	54	giao dịch được	北冥之银霄护手
10442755	Bắc Minh Chi Ngân Tiêu Hộ Thủ	Bao tay	55	giao dịch được	北冥之银霄护手
10442756	Bắc Minh Chi Ngân Tiêu Hộ Thủ	Bao tay	56	giao dịch được	北冥之银霄护手
10442757	Bắc Minh Chi Ngân Tiêu Hộ Thủ	Bao tay	57	giao dịch được	北冥之银霄护手
10442758	Bắc Minh Chi Ngân Tiêu Hộ Thủ	Bao tay	58	giao dịch được	北冥之银霄护手
10442759	Bắc Minh Chi Ngân Tiêu Hộ Thủ	Bao tay	59	giao dịch được	北冥之银霄护手
10442760	Bắc Minh Chi Ngân Tiêu Hộ Thủ	Bao tay	60	giao dịch được	北冥之银霄护手
10442761	Bắc Minh Chi Quỷ Vụ Hộ Thủ	Bao tay	61	giao dịch được	北冥之鬼雾护手
10442762	Bắc Minh Chi Quỷ Vụ Hộ Thủ	Bao tay	62	giao dịch được	北冥之鬼雾护手
10442763	Bắc Minh Chi Quỷ Vụ Hộ Thủ	Bao tay	63	giao dịch được	北冥之鬼雾护手
10442764	Bắc Minh Chi Quỷ Vụ Hộ Thủ	Bao tay	64	giao dịch được	北冥之鬼雾护手
10442765	Bắc Minh Chi Quỷ Vụ Hộ Thủ	Bao tay	65	giao dịch được	北冥之鬼雾护手
10442766	Bắc Minh Chi Quỷ Vụ Hộ Thủ	Bao tay	66	giao dịch được	北冥之鬼雾护手
10442767	Bắc Minh Chi Quỷ Vụ Hộ Thủ	Bao tay	67	giao dịch được	北冥之鬼雾护手
10442768	Bắc Minh Chi Quỷ Vụ Hộ Thủ	Bao tay	68	giao dịch được	北冥之鬼雾护手
10442769	Bắc Minh Chi Quỷ Vụ Hộ Thủ	Bao tay	69	giao dịch được	北冥之鬼雾护手
10442770	Bắc Minh Chi Quỷ Vụ Hộ Thủ	Bao tay	70	giao dịch được	北冥之鬼雾护手
10442771	Bắc Minh Chi Luyện Loan Hộ Thủ	Bao tay	71	giao dịch được	北冥之炼鸾护手
10442772	Bắc Minh Chi Luyện Loan Hộ Thủ	Bao tay	72	giao dịch được	北冥之炼鸾护手
10442773	Bắc Minh Chi Luyện Loan Hộ Thủ	Bao tay	73	giao dịch được	北冥之炼鸾护手
10442774	Bắc Minh Chi Luyện Loan Hộ Thủ	Bao tay	74	giao dịch được	北冥之炼鸾护手
10442775	Bắc Minh Chi Luyện Loan Hộ Thủ	Bao tay	75	giao dịch được	北冥之炼鸾护手
10442776	Bắc Minh Chi Luyện Loan Hộ Thủ	Bao tay	76	giao dịch được	北冥之炼鸾护手
10442777	Bắc Minh Chi Luyện Loan Hộ Thủ	Bao tay	77	giao dịch được	北冥之炼鸾护手
10442778	Bắc Minh Chi Luyện Loan Hộ Thủ	Bao tay	78	giao dịch được	北冥之炼鸾护手
10442779	Bắc Minh Chi Luyện Loan Hộ Thủ	Bao tay	79	giao dịch được	北冥之炼鸾护手
10442780	Bắc Minh Chi Luyện Loan Hộ Thủ	Bao tay	80	giao dịch được	北冥之炼鸾护手
10442781	Bắc Minh Chi Mị Giao Hộ Thủ	Bao tay	81	giao dịch được	北冥之魅蛟护手
10442782	Bắc Minh Chi Mị Giao Hộ Thủ	Bao tay	82	giao dịch được	北冥之魅蛟护手
10442783	Bắc Minh Chi Mị Giao Hộ Thủ	Bao tay	83	giao dịch được	北冥之魅蛟护手
10442784	Bắc Minh Chi Mị Giao Hộ Thủ	Bao tay	84	giao dịch được	北冥之魅蛟护手
10442785	Bắc Minh Chi Mị Giao Hộ Thủ	Bao tay	85	giao dịch được	北冥之魅蛟护手
10442786	Bắc Minh Chi Mị Giao Hộ Thủ	Bao tay	86	giao dịch được	北冥之魅蛟护手
10442787	Bắc Minh Chi Mị Giao Hộ Thủ	Bao tay	87	giao dịch được	北冥之魅蛟护手
10442788	Bắc Minh Chi Mị Giao Hộ Thủ	Bao tay	88	giao dịch được	北冥之魅蛟护手
10442789	Bắc Minh Chi Mị Giao Hộ Thủ	Bao tay	89	giao dịch được	北冥之魅蛟护手
10442790	Bắc Minh Chi Mị Giao Hộ Thủ	Bao tay	90	giao dịch được	北冥之魅蛟护手
10442791	Bắc Minh Chi Toan Nghê Hộ Thủ	Bao tay	91	giao dịch được	北冥之狻猊护手
10442792	Bắc Minh Chi Toan Nghê Hộ Thủ	Bao tay	92	giao dịch được	北冥之狻猊护手
10442793	Bắc Minh Chi Toan Nghê Hộ Thủ	Bao tay	93	giao dịch được	北冥之狻猊护手
10442794	Bắc Minh Chi Toan Nghê Hộ Thủ	Bao tay	94	giao dịch được	北冥之狻猊护手
10442795	Bắc Minh Chi Toan Nghê Hộ Thủ	Bao tay	95	giao dịch được	北冥之狻猊护手
10442796	Bắc Minh Chi Toan Nghê Hộ Thủ	Bao tay	96	giao dịch được	北冥之狻猊护手
10442797	Bắc Minh Chi Toan Nghê Hộ Thủ	Bao tay	97	giao dịch được	北冥之狻猊护手
10442798	Bắc Minh Chi Toan Nghê Hộ Thủ	Bao tay	98	giao dịch được	北冥之狻猊护手
10442799	Bắc Minh Chi Toan Nghê Hộ Thủ	Bao tay	99	giao dịch được	北冥之狻猊护手
10442800	Bắc Minh Chi Toan Nghê Hộ Thủ	Bao tay	100	giao dịch được	北冥之狻猊护手
10442801	Ngưng Mạch Chi Tích Bì Hộ Thủ	Bao tay	1	giao dịch được	凝脉之蜥皮护手
10442802	Ngưng Mạch Chi Tích Bì Hộ Thủ	Bao tay	2	giao dịch được	凝脉之蜥皮护手
10442803	Ngưng Mạch Chi Tích Bì Hộ Thủ	Bao tay	3	giao dịch được	凝脉之蜥皮护手
10442804	Ngưng Mạch Chi Tích Bì Hộ Thủ	Bao tay	4	giao dịch được	凝脉之蜥皮护手
10442805	Ngưng Mạch Chi Tích Bì Hộ Thủ	Bao tay	5	giao dịch được	凝脉之蜥皮护手
10442806	Ngưng Mạch Chi Tích Bì Hộ Thủ	Bao tay	6	giao dịch được	凝脉之蜥皮护手
10442807	Ngưng Mạch Chi Tích Bì Hộ Thủ	Bao tay	7	giao dịch được	凝脉之蜥皮护手
10442808	Ngưng Mạch Chi Tích Bì Hộ Thủ	Bao tay	8	giao dịch được	凝脉之蜥皮护手
10442809	Ngưng Mạch Chi Tích Bì Hộ Thủ	Bao tay	9	giao dịch được	凝脉之蜥皮护手
10442810	Ngưng Mạch Chi Tích Bì Hộ Thủ	Bao tay	10	giao dịch được	凝脉之蜥皮护手
10442811	Ngưng Mạch Chi Ngân Bì Hộ Thủ	Bao tay	11	giao dịch được	凝脉之银皮护手
10442812	Ngưng Mạch Chi Ngân Bì Hộ Thủ	Bao tay	12	giao dịch được	凝脉之银皮护手
10442813	Ngưng Mạch Chi Ngân Bì Hộ Thủ	Bao tay	13	giao dịch được	凝脉之银皮护手
10442814	Ngưng Mạch Chi Ngân Bì Hộ Thủ	Bao tay	14	giao dịch được	凝脉之银皮护手
10442815	Ngưng Mạch Chi Ngân Bì Hộ Thủ	Bao tay	15	giao dịch được	凝脉之银皮护手
10442816	Ngưng Mạch Chi Ngân Bì Hộ Thủ	Bao tay	16	giao dịch được	凝脉之银皮护手
10442817	Ngưng Mạch Chi Ngân Bì Hộ Thủ	Bao tay	17	giao dịch được	凝脉之银皮护手
10442818	Ngưng Mạch Chi Ngân Bì Hộ Thủ	Bao tay	18	giao dịch được	凝脉之银皮护手
10442819	Ngưng Mạch Chi Ngân Bì Hộ Thủ	Bao tay	19	giao dịch được	凝脉之银皮护手
10442820	Ngưng Mạch Chi Ngân Bì Hộ Thủ	Bao tay	20	giao dịch được	凝脉之银皮护手
10442821	Ngưng Mạch Chi Bì Lân Hộ Thủ	Bao tay	21	giao dịch được	凝脉之皮麟护手
10442822	Ngưng Mạch Chi Bì Lân Hộ Thủ	Bao tay	22	giao dịch được	凝脉之皮麟护手
10442823	Ngưng Mạch Chi Bì Lân Hộ Thủ	Bao tay	23	giao dịch được	凝脉之皮麟护手
10442824	Ngưng Mạch Chi Bì Lân Hộ Thủ	Bao tay	24	giao dịch được	凝脉之皮麟护手
10442825	Ngưng Mạch Chi Bì Lân Hộ Thủ	Bao tay	25	giao dịch được	凝脉之皮麟护手
10442826	Ngưng Mạch Chi Bì Lân Hộ Thủ	Bao tay	26	giao dịch được	凝脉之皮麟护手
10442827	Ngưng Mạch Chi Bì Lân Hộ Thủ	Bao tay	27	giao dịch được	凝脉之皮麟护手
10442828	Ngưng Mạch Chi Bì Lân Hộ Thủ	Bao tay	28	giao dịch được	凝脉之皮麟护手
10442829	Ngưng Mạch Chi Bì Lân Hộ Thủ	Bao tay	29	giao dịch được	凝脉之皮麟护手
10442830	Ngưng Mạch Chi Bì Lân Hộ Thủ	Bao tay	30	giao dịch được	凝脉之皮麟护手
10442831	Ngưng Mạch Chi Dao Tiên Hộ Thủ	Bao tay	31	giao dịch được	凝脉之瑶仙护手
10442832	Ngưng Mạch Chi Dao Tiên Hộ Thủ	Bao tay	32	giao dịch được	凝脉之瑶仙护手
10442833	Ngưng Mạch Chi Dao Tiên Hộ Thủ	Bao tay	33	giao dịch được	凝脉之瑶仙护手
10442834	Ngưng Mạch Chi Dao Tiên Hộ Thủ	Bao tay	34	giao dịch được	凝脉之瑶仙护手
10442835	Ngưng Mạch Chi Dao Tiên Hộ Thủ	Bao tay	35	giao dịch được	凝脉之瑶仙护手
10442836	Ngưng Mạch Chi Dao Tiên Hộ Thủ	Bao tay	36	giao dịch được	凝脉之瑶仙护手
10442837	Ngưng Mạch Chi Dao Tiên Hộ Thủ	Bao tay	37	giao dịch được	凝脉之瑶仙护手
10442838	Ngưng Mạch Chi Dao Tiên Hộ Thủ	Bao tay	38	giao dịch được	凝脉之瑶仙护手
10442839	Ngưng Mạch Chi Dao Tiên Hộ Thủ	Bao tay	39	giao dịch được	凝脉之瑶仙护手
10442840	Ngưng Mạch Chi Dao Tiên Hộ Thủ	Bao tay	40	giao dịch được	凝脉之瑶仙护手
10442841	Ngưng Mạch Chi Thiều Hoa Hộ Thủ	Bao tay	41	giao dịch được	凝脉之韶华护手
10442842	Ngưng Mạch Chi Thiều Hoa Hộ Thủ	Bao tay	42	giao dịch được	凝脉之韶华护手
10442843	Ngưng Mạch Chi Thiều Hoa Hộ Thủ	Bao tay	43	giao dịch được	凝脉之韶华护手
10442844	Ngưng Mạch Chi Thiều Hoa Hộ Thủ	Bao tay	44	giao dịch được	凝脉之韶华护手
10442845	Ngưng Mạch Chi Thiều Hoa Hộ Thủ	Bao tay	45	giao dịch được	凝脉之韶华护手
10442846	Ngưng Mạch Chi Thiều Hoa Hộ Thủ	Bao tay	46	giao dịch được	凝脉之韶华护手
10442847	Ngưng Mạch Chi Thiều Hoa Hộ Thủ	Bao tay	47	giao dịch được	凝脉之韶华护手
10442848	Ngưng Mạch Chi Thiều Hoa Hộ Thủ	Bao tay	48	giao dịch được	凝脉之韶华护手
10442849	Ngưng Mạch Chi Thiều Hoa Hộ Thủ	Bao tay	49	giao dịch được	凝脉之韶华护手
10442850	Ngưng Mạch Chi Thiều Hoa Hộ Thủ	Bao tay	50	giao dịch được	凝脉之韶华护手
10442851	Ngưng Mạch Chi Ngân Tiêu Hộ Thủ	Bao tay	51	giao dịch được	凝脉之银霄护手
10442852	Ngưng Mạch Chi Ngân Tiêu Hộ Thủ	Bao tay	52	giao dịch được	凝脉之银霄护手
10442853	Ngưng Mạch Chi Ngân Tiêu Hộ Thủ	Bao tay	53	giao dịch được	凝脉之银霄护手
10442854	Ngưng Mạch Chi Ngân Tiêu Hộ Thủ	Bao tay	54	giao dịch được	凝脉之银霄护手
10442855	Ngưng Mạch Chi Ngân Tiêu Hộ Thủ	Bao tay	55	giao dịch được	凝脉之银霄护手
10442856	Ngưng Mạch Chi Ngân Tiêu Hộ Thủ	Bao tay	56	giao dịch được	凝脉之银霄护手
10442857	Ngưng Mạch Chi Ngân Tiêu Hộ Thủ	Bao tay	57	giao dịch được	凝脉之银霄护手
10442858	Ngưng Mạch Chi Ngân Tiêu Hộ Thủ	Bao tay	58	giao dịch được	凝脉之银霄护手
10442859	Ngưng Mạch Chi Ngân Tiêu Hộ Thủ	Bao tay	59	giao dịch được	凝脉之银霄护手
10442860	Ngưng Mạch Chi Ngân Tiêu Hộ Thủ	Bao tay	60	giao dịch được	凝脉之银霄护手
10442861	Ngưng Mạch Chi Quỷ Vụ Hộ Thủ	Bao tay	61	giao dịch được	凝脉之鬼雾护手
10442862	Ngưng Mạch Chi Quỷ Vụ Hộ Thủ	Bao tay	62	giao dịch được	凝脉之鬼雾护手
10442863	Ngưng Mạch Chi Quỷ Vụ Hộ Thủ	Bao tay	63	giao dịch được	凝脉之鬼雾护手
10442864	Ngưng Mạch Chi Quỷ Vụ Hộ Thủ	Bao tay	64	giao dịch được	凝脉之鬼雾护手
10442865	Ngưng Mạch Chi Quỷ Vụ Hộ Thủ	Bao tay	65	giao dịch được	凝脉之鬼雾护手
10442866	Ngưng Mạch Chi Quỷ Vụ Hộ Thủ	Bao tay	66	giao dịch được	凝脉之鬼雾护手
10442867	Ngưng Mạch Chi Quỷ Vụ Hộ Thủ	Bao tay	67	giao dịch được	凝脉之鬼雾护手
10442868	Ngưng Mạch Chi Quỷ Vụ Hộ Thủ	Bao tay	68	giao dịch được	凝脉之鬼雾护手
10442869	Ngưng Mạch Chi Quỷ Vụ Hộ Thủ	Bao tay	69	giao dịch được	凝脉之鬼雾护手
10442870	Ngưng Mạch Chi Quỷ Vụ Hộ Thủ	Bao tay	70	giao dịch được	凝脉之鬼雾护手
10442871	Ngưng Mạch Chi Luyện Loan Hộ Thủ	Bao tay	71	giao dịch được	凝脉之炼鸾护手
10442872	Ngưng Mạch Chi Luyện Loan Hộ Thủ	Bao tay	72	giao dịch được	凝脉之炼鸾护手
10442873	Ngưng Mạch Chi Luyện Loan Hộ Thủ	Bao tay	73	giao dịch được	凝脉之炼鸾护手
10442874	Ngưng Mạch Chi Luyện Loan Hộ Thủ	Bao tay	74	giao dịch được	凝脉之炼鸾护手
10442875	Ngưng Mạch Chi Luyện Loan Hộ Thủ	Bao tay	75	giao dịch được	凝脉之炼鸾护手
10442876	Ngưng Mạch Chi Luyện Loan Hộ Thủ	Bao tay	76	giao dịch được	凝脉之炼鸾护手
10442877	Ngưng Mạch Chi Luyện Loan Hộ Thủ	Bao tay	77	giao dịch được	凝脉之炼鸾护手
10442878	Ngưng Mạch Chi Luyện Loan Hộ Thủ	Bao tay	78	giao dịch được	凝脉之炼鸾护手
10442879	Ngưng Mạch Chi Luyện Loan Hộ Thủ	Bao tay	79	giao dịch được	凝脉之炼鸾护手
10442880	Ngưng Mạch Chi Luyện Loan Hộ Thủ	Bao tay	80	giao dịch được	凝脉之炼鸾护手
10442881	Ngưng Mạch Chi Mị Giao Hộ Thủ	Bao tay	81	giao dịch được	凝脉之魅蛟护手
10442882	Ngưng Mạch Chi Mị Giao Hộ Thủ	Bao tay	82	giao dịch được	凝脉之魅蛟护手
10442883	Ngưng Mạch Chi Mị Giao Hộ Thủ	Bao tay	83	giao dịch được	凝脉之魅蛟护手
10442884	Ngưng Mạch Chi Mị Giao Hộ Thủ	Bao tay	84	giao dịch được	凝脉之魅蛟护手
10442885	Ngưng Mạch Chi Mị Giao Hộ Thủ	Bao tay	85	giao dịch được	凝脉之魅蛟护手
10442886	Ngưng Mạch Chi Mị Giao Hộ Thủ	Bao tay	86	giao dịch được	凝脉之魅蛟护手
10442887	Ngưng Mạch Chi Mị Giao Hộ Thủ	Bao tay	87	giao dịch được	凝脉之魅蛟护手
10442888	Ngưng Mạch Chi Mị Giao Hộ Thủ	Bao tay	88	giao dịch được	凝脉之魅蛟护手
10442889	Ngưng Mạch Chi Mị Giao Hộ Thủ	Bao tay	89	giao dịch được	凝脉之魅蛟护手
10442890	Ngưng Mạch Chi Mị Giao Hộ Thủ	Bao tay	90	giao dịch được	凝脉之魅蛟护手
10442891	Ngưng Mạch Chi Toan Nghê Hộ Thủ	Bao tay	91	giao dịch được	凝脉之狻猊护手
10442892	Ngưng Mạch Chi Toan Nghê Hộ Thủ	Bao tay	92	giao dịch được	凝脉之狻猊护手
10442893	Ngưng Mạch Chi Toan Nghê Hộ Thủ	Bao tay	93	giao dịch được	凝脉之狻猊护手
10442894	Ngưng Mạch Chi Toan Nghê Hộ Thủ	Bao tay	94	giao dịch được	凝脉之狻猊护手
10442895	Ngưng Mạch Chi Toan Nghê Hộ Thủ	Bao tay	95	giao dịch được	凝脉之狻猊护手
10442896	Ngưng Mạch Chi Toan Nghê Hộ Thủ	Bao tay	96	giao dịch được	凝脉之狻猊护手
10442897	Ngưng Mạch Chi Toan Nghê Hộ Thủ	Bao tay	97	giao dịch được	凝脉之狻猊护手
10442898	Ngưng Mạch Chi Toan Nghê Hộ Thủ	Bao tay	98	giao dịch được	凝脉之狻猊护手
10442899	Ngưng Mạch Chi Toan Nghê Hộ Thủ	Bao tay	99	giao dịch được	凝脉之狻猊护手
10442900	Ngưng Mạch Chi Toan Nghê Hộ Thủ	Bao tay	100	giao dịch được	凝脉之狻猊护手
10442901	Biến Hình Trắc Thí Thủ Sáo	Bao tay	81	giao dịch được	变形测试手套
10442902	(chưa dùng)	Bao tay	82	giao dịch được	未使用
10442903	(chưa dùng)	Bao tay	83	giao dịch được	未使用
10442904	(chưa dùng)	Bao tay	84	giao dịch được	未使用
10442905	(chưa dùng)	Bao tay	85	giao dịch được	未使用
10442906	(chưa dùng)	Bao tay	86	giao dịch được	未使用
10442907	(chưa dùng)	Bao tay	87	giao dịch được	未使用
10442908	(chưa dùng)	Bao tay	88	giao dịch được	未使用
10442909	(chưa dùng)	Bao tay	89	giao dịch được	未使用
10442910	(chưa dùng)	Bao tay	90	giao dịch được	未使用
10442911	(chưa dùng)	Bao tay	81	giao dịch được	未使用
10442912	(chưa dùng)	Bao tay	82	giao dịch được	未使用
10442913	(chưa dùng)	Bao tay	83	giao dịch được	未使用
10442914	(chưa dùng)	Bao tay	84	giao dịch được	未使用
10442915	(chưa dùng)	Bao tay	85	giao dịch được	未使用
10442916	(chưa dùng)	Bao tay	86	giao dịch được	未使用
10442917	(chưa dùng)	Bao tay	87	giao dịch được	未使用
10442918	(chưa dùng)	Bao tay	88	giao dịch được	未使用
10442919	(chưa dùng)	Bao tay	89	giao dịch được	未使用
10442920	(chưa dùng)	Bao tay	90	giao dịch được	未使用
10442921	(chưa dùng)	Bao tay	81	giao dịch được	未使用
10442922	(chưa dùng)	Bao tay	82	giao dịch được	未使用
10442923	(chưa dùng)	Bao tay	83	giao dịch được	未使用
10442924	(chưa dùng)	Bao tay	84	giao dịch được	未使用
10442925	(chưa dùng)	Bao tay	85	giao dịch được	未使用
10442926	(chưa dùng)	Bao tay	86	giao dịch được	未使用
10442927	(chưa dùng)	Bao tay	87	giao dịch được	未使用
10442928	(chưa dùng)	Bao tay	88	giao dịch được	未使用
10442929	(chưa dùng)	Bao tay	89	giao dịch được	未使用
10442930	(chưa dùng)	Bao tay	90	giao dịch được	未使用
10442931	(chưa dùng)	Bao tay	81	giao dịch được	未使用
10442932	(chưa dùng)	Bao tay	82	giao dịch được	未使用
10442933	(chưa dùng)	Bao tay	83	giao dịch được	未使用
10442934	(chưa dùng)	Bao tay	84	giao dịch được	未使用
10442935	(chưa dùng)	Bao tay	85	giao dịch được	未使用
10442936	(chưa dùng)	Bao tay	86	giao dịch được	未使用
10442937	(chưa dùng)	Bao tay	87	giao dịch được	未使用
10442938	(chưa dùng)	Bao tay	88	giao dịch được	未使用
10442939	(chưa dùng)	Bao tay	89	giao dịch được	未使用
10442940	(chưa dùng)	Bao tay	90	giao dịch được	未使用
10442941	(chưa dùng)	Bao tay	81	giao dịch được	未使用
10442942	(chưa dùng)	Bao tay	82	giao dịch được	未使用
10442943	(chưa dùng)	Bao tay	83	giao dịch được	未使用
10442944	(chưa dùng)	Bao tay	84	giao dịch được	未使用
10442945	(chưa dùng)	Bao tay	85	giao dịch được	未使用
10442946	(chưa dùng)	Bao tay	86	giao dịch được	未使用
10442947	(chưa dùng)	Bao tay	87	giao dịch được	未使用
10442948	(chưa dùng)	Bao tay	88	giao dịch được	未使用
10442949	(chưa dùng)	Bao tay	89	giao dịch được	未使用
10442950	(chưa dùng)	Bao tay	90	giao dịch được	未使用
10442951	(chưa dùng)	Bao tay	81	giao dịch được	未使用
10442952	(chưa dùng)	Bao tay	82	giao dịch được	未使用
10442953	(chưa dùng)	Bao tay	83	giao dịch được	未使用
10442954	(chưa dùng)	Bao tay	84	giao dịch được	未使用
10442955	(chưa dùng)	Bao tay	85	giao dịch được	未使用
10442956	(chưa dùng)	Bao tay	86	giao dịch được	未使用
10442957	(chưa dùng)	Bao tay	87	giao dịch được	未使用
10442958	(chưa dùng)	Bao tay	88	giao dịch được	未使用
10442959	(chưa dùng)	Bao tay	89	giao dịch được	未使用
10442960	(chưa dùng)	Bao tay	90	giao dịch được	未使用
10442961	(chưa dùng)	Bao tay	81	giao dịch được	未使用
10442962	(chưa dùng)	Bao tay	82	giao dịch được	未使用
10442963	(chưa dùng)	Bao tay	83	giao dịch được	未使用
10442964	(chưa dùng)	Bao tay	84	giao dịch được	未使用
10442965	(chưa dùng)	Bao tay	85	giao dịch được	未使用
10442966	(chưa dùng)	Bao tay	86	giao dịch được	未使用
10442967	(chưa dùng)	Bao tay	87	giao dịch được	未使用
10442968	(chưa dùng)	Bao tay	88	giao dịch được	未使用
10442969	(chưa dùng)	Bao tay	89	giao dịch được	未使用
10442970	(chưa dùng)	Bao tay	90	giao dịch được	未使用
10442971	(chưa dùng)	Bao tay	81	giao dịch được	未使用
10442972	(chưa dùng)	Bao tay	82	giao dịch được	未使用
10442973	(chưa dùng)	Bao tay	83	giao dịch được	未使用
10442974	(chưa dùng)	Bao tay	84	giao dịch được	未使用
10442975	(chưa dùng)	Bao tay	85	giao dịch được	未使用
10442976	(chưa dùng)	Bao tay	86	giao dịch được	未使用
10442977	(chưa dùng)	Bao tay	87	giao dịch được	未使用
10442978	(chưa dùng)	Bao tay	88	giao dịch được	未使用
10442979	(chưa dùng)	Bao tay	89	giao dịch được	未使用
10442980	(chưa dùng)	Bao tay	90	giao dịch được	未使用
10442981	(chưa dùng)	Bao tay	81	giao dịch được	未使用
10442982	(chưa dùng)	Bao tay	82	giao dịch được	未使用
10442983	(chưa dùng)	Bao tay	83	giao dịch được	未使用
10442984	(chưa dùng)	Bao tay	84	giao dịch được	未使用
10442985	(chưa dùng)	Bao tay	85	giao dịch được	未使用
10442986	(chưa dùng)	Bao tay	86	giao dịch được	未使用
10442987	(chưa dùng)	Bao tay	87	giao dịch được	未使用
10442988	(chưa dùng)	Bao tay	88	giao dịch được	未使用
10442989	(chưa dùng)	Bao tay	89	giao dịch được	未使用
10442990	(chưa dùng)	Bao tay	90	giao dịch được	未使用
10442991	(chưa dùng)	Bao tay	81	giao dịch được	未使用
10442992	(chưa dùng)	Bao tay	82	giao dịch được	未使用
10442993	(chưa dùng)	Bao tay	83	giao dịch được	未使用
10442994	(chưa dùng)	Bao tay	84	giao dịch được	未使用
10442995	(chưa dùng)	Bao tay	85	giao dịch được	未使用
10442996	(chưa dùng)	Bao tay	86	giao dịch được	未使用
10442997	(chưa dùng)	Bao tay	87	giao dịch được	未使用
10442998	(chưa dùng)	Bao tay	88	giao dịch được	未使用
10442999	(chưa dùng)	Bao tay	89	giao dịch được	未使用
10443001	Đạt Ma Chi Ngân Toả Khải	Áo	1	giao dịch được	达摩之银锁铠
10443002	Đạt Ma Chi Ngân Toả Khải	Áo	2	giao dịch được	达摩之银锁铠
10443003	Đạt Ma Chi Ngân Toả Khải	Áo	3	giao dịch được	达摩之银锁铠
10443004	Đạt Ma Chi Ngân Toả Khải	Áo	4	giao dịch được	达摩之银锁铠
10443005	Đạt Ma Chi Ngân Toả Khải	Áo	5	giao dịch được	达摩之银锁铠
10443006	Đạt Ma Chi Ngân Toả Khải	Áo	6	giao dịch được	达摩之银锁铠
10443007	Đạt Ma Chi Ngân Toả Khải	Áo	7	giao dịch được	达摩之银锁铠
10443008	Đạt Ma Chi Ngân Toả Khải	Áo	8	giao dịch được	达摩之银锁铠
10443009	Đạt Ma Chi Ngân Toả Khải	Áo	9	giao dịch được	达摩之银锁铠
10443010	Đạt Ma Chi Ngân Toả Khải	Áo	10	giao dịch được	达摩之银锁铠
10443011	Đạt Ma Chi Nguyệt Thiết Giáp	Áo	11	giao dịch được	达摩之月铁甲
10443012	Đạt Ma Chi Nguyệt Thiết Giáp	Áo	12	giao dịch được	达摩之月铁甲
10443013	Đạt Ma Chi Nguyệt Thiết Giáp	Áo	13	giao dịch được	达摩之月铁甲
10443014	Đạt Ma Chi Nguyệt Thiết Giáp	Áo	14	giao dịch được	达摩之月铁甲
10443015	Đạt Ma Chi Nguyệt Thiết Giáp	Áo	15	giao dịch được	达摩之月铁甲
10443016	Đạt Ma Chi Nguyệt Thiết Giáp	Áo	16	giao dịch được	达摩之月铁甲
10443017	Đạt Ma Chi Nguyệt Thiết Giáp	Áo	17	giao dịch được	达摩之月铁甲
10443018	Đạt Ma Chi Nguyệt Thiết Giáp	Áo	18	giao dịch được	达摩之月铁甲
10443019	Đạt Ma Chi Nguyệt Thiết Giáp	Áo	19	giao dịch được	达摩之月铁甲
10443020	Đạt Ma Chi Nguyệt Thiết Giáp	Áo	20	giao dịch được	达摩之月铁甲
10443021	Đạt Ma Chi Huyền Thiết Khải	Áo	21	giao dịch được	达摩之玄铁铠
10443022	Đạt Ma Chi Huyền Thiết Khải	Áo	22	giao dịch được	达摩之玄铁铠
10443023	Đạt Ma Chi Huyền Thiết Khải	Áo	23	giao dịch được	达摩之玄铁铠
10443024	Đạt Ma Chi Huyền Thiết Khải	Áo	24	giao dịch được	达摩之玄铁铠
10443025	Đạt Ma Chi Huyền Thiết Khải	Áo	25	giao dịch được	达摩之玄铁铠
10443026	Đạt Ma Chi Huyền Thiết Khải	Áo	26	giao dịch được	达摩之玄铁铠
10443027	Đạt Ma Chi Huyền Thiết Khải	Áo	27	giao dịch được	达摩之玄铁铠
10443028	Đạt Ma Chi Huyền Thiết Khải	Áo	28	giao dịch được	达摩之玄铁铠
10443029	Đạt Ma Chi Huyền Thiết Khải	Áo	29	giao dịch được	达摩之玄铁铠
10443030	Đạt Ma Chi Huyền Thiết Khải	Áo	30	giao dịch được	达摩之玄铁铠
10443031	Đạt Ma Chi Phong Tiêu Thiết Giáp	Áo	31	giao dịch được	达摩之封霄铁甲
10443032	Đạt Ma Chi Phong Tiêu Thiết Giáp	Áo	32	giao dịch được	达摩之封霄铁甲
10443033	Đạt Ma Chi Phong Tiêu Thiết Giáp	Áo	33	giao dịch được	达摩之封霄铁甲
10443034	Đạt Ma Chi Phong Tiêu Thiết Giáp	Áo	34	giao dịch được	达摩之封霄铁甲
10443035	Đạt Ma Chi Phong Tiêu Thiết Giáp	Áo	35	giao dịch được	达摩之封霄铁甲
10443036	Đạt Ma Chi Phong Tiêu Thiết Giáp	Áo	36	giao dịch được	达摩之封霄铁甲
10443037	Đạt Ma Chi Phong Tiêu Thiết Giáp	Áo	37	giao dịch được	达摩之封霄铁甲
10443038	Đạt Ma Chi Phong Tiêu Thiết Giáp	Áo	38	giao dịch được	达摩之封霄铁甲
10443039	Đạt Ma Chi Phong Tiêu Thiết Giáp	Áo	39	giao dịch được	达摩之封霄铁甲
10443040	Đạt Ma Chi Phong Tiêu Thiết Giáp	Áo	40	giao dịch được	达摩之封霄铁甲
10443041	Đạt Ma Chi Diệt Hàn Khải	Áo	41	giao dịch được	达摩之灭寒铠
10443042	Đạt Ma Chi Diệt Hàn Khải	Áo	42	giao dịch được	达摩之灭寒铠
10443043	Đạt Ma Chi Diệt Hàn Khải	Áo	43	giao dịch được	达摩之灭寒铠
10443044	Đạt Ma Chi Diệt Hàn Khải	Áo	44	giao dịch được	达摩之灭寒铠
10443045	Đạt Ma Chi Diệt Hàn Khải	Áo	45	giao dịch được	达摩之灭寒铠
10443046	Đạt Ma Chi Diệt Hàn Khải	Áo	46	giao dịch được	达摩之灭寒铠
10443047	Đạt Ma Chi Diệt Hàn Khải	Áo	47	giao dịch được	达摩之灭寒铠
10443048	Đạt Ma Chi Diệt Hàn Khải	Áo	48	giao dịch được	达摩之灭寒铠
10443049	Đạt Ma Chi Diệt Hàn Khải	Áo	49	giao dịch được	达摩之灭寒铠
10443050	Đạt Ma Chi Diệt Hàn Khải	Áo	50	giao dịch được	达摩之灭寒铠
10443051	Đạt Ma Chi Nghịch Hoả Giáp	Áo	51	giao dịch được	达摩之逆火甲
10443052	Đạt Ma Chi Nghịch Hoả Giáp	Áo	52	giao dịch được	达摩之逆火甲
10443053	Đạt Ma Chi Nghịch Hoả Giáp	Áo	53	giao dịch được	达摩之逆火甲
10443054	Đạt Ma Chi Nghịch Hoả Giáp	Áo	54	giao dịch được	达摩之逆火甲
10443055	Đạt Ma Chi Nghịch Hoả Giáp	Áo	55	giao dịch được	达摩之逆火甲
10443056	Đạt Ma Chi Nghịch Hoả Giáp	Áo	56	giao dịch được	达摩之逆火甲
10443057	Đạt Ma Chi Nghịch Hoả Giáp	Áo	57	giao dịch được	达摩之逆火甲
10443058	Đạt Ma Chi Nghịch Hoả Giáp	Áo	58	giao dịch được	达摩之逆火甲
10443059	Đạt Ma Chi Nghịch Hoả Giáp	Áo	59	giao dịch được	达摩之逆火甲
10443060	Đạt Ma Chi Nghịch Hoả Giáp	Áo	60	giao dịch được	达摩之逆火甲
10443061	Đạt Ma Chi Thệ Trần Thiết Giáp	Áo	61	giao dịch được	达摩之誓尘铁甲
10443062	Đạt Ma Chi Thệ Trần Thiết Giáp	Áo	62	giao dịch được	达摩之誓尘铁甲
10443063	Đạt Ma Chi Thệ Trần Thiết Giáp	Áo	63	giao dịch được	达摩之誓尘铁甲
10443064	Đạt Ma Chi Thệ Trần Thiết Giáp	Áo	64	giao dịch được	达摩之誓尘铁甲
10443065	Đạt Ma Chi Thệ Trần Thiết Giáp	Áo	65	giao dịch được	达摩之誓尘铁甲
10443066	Đạt Ma Chi Thệ Trần Thiết Giáp	Áo	66	giao dịch được	达摩之誓尘铁甲
10443067	Đạt Ma Chi Thệ Trần Thiết Giáp	Áo	67	giao dịch được	达摩之誓尘铁甲
10443068	Đạt Ma Chi Thệ Trần Thiết Giáp	Áo	68	giao dịch được	达摩之誓尘铁甲
10443069	Đạt Ma Chi Thệ Trần Thiết Giáp	Áo	69	giao dịch được	达摩之誓尘铁甲
10443070	Đạt Ma Chi Thệ Trần Thiết Giáp	Áo	70	giao dịch được	达摩之誓尘铁甲
10443071	Đạt Ma Chi Diệt Phách Khải	Áo	71	giao dịch được	达摩之灭魄铠
10443072	Đạt Ma Chi Diệt Phách Khải	Áo	72	giao dịch được	达摩之灭魄铠
10443073	Đạt Ma Chi Diệt Phách Khải	Áo	73	giao dịch được	达摩之灭魄铠
10443074	Đạt Ma Chi Diệt Phách Khải	Áo	74	giao dịch được	达摩之灭魄铠
10443075	Đạt Ma Chi Diệt Phách Khải	Áo	75	giao dịch được	达摩之灭魄铠
10443076	Đạt Ma Chi Diệt Phách Khải	Áo	76	giao dịch được	达摩之灭魄铠
10443077	Đạt Ma Chi Diệt Phách Khải	Áo	77	giao dịch được	达摩之灭魄铠
10443078	Đạt Ma Chi Diệt Phách Khải	Áo	78	giao dịch được	达摩之灭魄铠
10443079	Đạt Ma Chi Diệt Phách Khải	Áo	79	giao dịch được	达摩之灭魄铠
10443080	Đạt Ma Chi Diệt Phách Khải	Áo	80	giao dịch được	达摩之灭魄铠
10443081	Đạt Ma Chi Toái Hồn Thánh Giáp	Áo	81	giao dịch được	达摩之碎魂圣甲
10443082	Đạt Ma Chi Toái Hồn Thánh Giáp	Áo	82	giao dịch được	达摩之碎魂圣甲
10443083	Đạt Ma Chi Toái Hồn Thánh Giáp	Áo	83	giao dịch được	达摩之碎魂圣甲
10443084	Đạt Ma Chi Toái Hồn Thánh Giáp	Áo	84	giao dịch được	达摩之碎魂圣甲
10443085	Đạt Ma Chi Toái Hồn Thánh Giáp	Áo	85	giao dịch được	达摩之碎魂圣甲
10443086	Đạt Ma Chi Toái Hồn Thánh Giáp	Áo	86	giao dịch được	达摩之碎魂圣甲
10443087	Đạt Ma Chi Toái Hồn Thánh Giáp	Áo	87	giao dịch được	达摩之碎魂圣甲
10443088	Đạt Ma Chi Toái Hồn Thánh Giáp	Áo	88	giao dịch được	达摩之碎魂圣甲
10443089	Đạt Ma Chi Toái Hồn Thánh Giáp	Áo	89	giao dịch được	达摩之碎魂圣甲
10443090	Đạt Ma Chi Toái Hồn Thánh Giáp	Áo	90	giao dịch được	达摩之碎魂圣甲
10443091	Đạt Ma Chi Trập Long Thiên Khải	Áo	91	giao dịch được	达摩之蛰龙天铠
10443092	Đạt Ma Chi Trập Long Thiên Khải	Áo	92	giao dịch được	达摩之蛰龙天铠
10443093	Đạt Ma Chi Trập Long Thiên Khải	Áo	93	giao dịch được	达摩之蛰龙天铠
10443094	Đạt Ma Chi Trập Long Thiên Khải	Áo	94	giao dịch được	达摩之蛰龙天铠
10443095	Đạt Ma Chi Trập Long Thiên Khải	Áo	95	giao dịch được	达摩之蛰龙天铠
10443096	Đạt Ma Chi Trập Long Thiên Khải	Áo	96	giao dịch được	达摩之蛰龙天铠
10443097	Đạt Ma Chi Trập Long Thiên Khải	Áo	97	giao dịch được	达摩之蛰龙天铠
10443098	Đạt Ma Chi Trập Long Thiên Khải	Áo	98	giao dịch được	达摩之蛰龙天铠
10443099	Đạt Ma Chi Trập Long Thiên Khải	Áo	99	giao dịch được	达摩之蛰龙天铠
10443100	Đạt Ma Chi Trập Long Thiên Khải	Áo	100	giao dịch được	达摩之蛰龙天铠
10443101	Thánh Hoả Chi Ngân Toả Khải	Áo	1	giao dịch được	圣火之银锁铠
10443102	Thánh Hoả Chi Ngân Toả Khải	Áo	2	giao dịch được	圣火之银锁铠
10443103	Thánh Hoả Chi Ngân Toả Khải	Áo	3	giao dịch được	圣火之银锁铠
10443104	Thánh Hoả Chi Ngân Toả Khải	Áo	4	giao dịch được	圣火之银锁铠
10443105	Thánh Hoả Chi Ngân Toả Khải	Áo	5	giao dịch được	圣火之银锁铠
10443106	Thánh Hoả Chi Ngân Toả Khải	Áo	6	giao dịch được	圣火之银锁铠
10443107	Thánh Hoả Chi Ngân Toả Khải	Áo	7	giao dịch được	圣火之银锁铠
10443108	Thánh Hoả Chi Ngân Toả Khải	Áo	8	giao dịch được	圣火之银锁铠
10443109	Thánh Hoả Chi Ngân Toả Khải	Áo	9	giao dịch được	圣火之银锁铠
10443110	Thánh Hoả Chi Ngân Toả Khải	Áo	10	giao dịch được	圣火之银锁铠
10443111	Thánh Hoả Chi Nguyệt Thiết Giáp	Áo	11	giao dịch được	圣火之月铁甲
10443112	Thánh Hoả Chi Nguyệt Thiết Giáp	Áo	12	giao dịch được	圣火之月铁甲
10443113	Thánh Hoả Chi Nguyệt Thiết Giáp	Áo	13	giao dịch được	圣火之月铁甲
10443114	Thánh Hoả Chi Nguyệt Thiết Giáp	Áo	14	giao dịch được	圣火之月铁甲
10443115	Thánh Hoả Chi Nguyệt Thiết Giáp	Áo	15	giao dịch được	圣火之月铁甲
10443116	Thánh Hoả Chi Nguyệt Thiết Giáp	Áo	16	giao dịch được	圣火之月铁甲
10443117	Thánh Hoả Chi Nguyệt Thiết Giáp	Áo	17	giao dịch được	圣火之月铁甲
10443118	Thánh Hoả Chi Nguyệt Thiết Giáp	Áo	18	giao dịch được	圣火之月铁甲
10443119	Thánh Hoả Chi Nguyệt Thiết Giáp	Áo	19	giao dịch được	圣火之月铁甲
10443120	Thánh Hoả Chi Nguyệt Thiết Giáp	Áo	20	giao dịch được	圣火之月铁甲
10443121	Thánh Hoả Chi Huyền Thiết Khải	Áo	21	giao dịch được	圣火之玄铁铠
10443122	Thánh Hoả Chi Huyền Thiết Khải	Áo	22	giao dịch được	圣火之玄铁铠
10443123	Thánh Hoả Chi Huyền Thiết Khải	Áo	23	giao dịch được	圣火之玄铁铠
10443124	Thánh Hoả Chi Huyền Thiết Khải	Áo	24	giao dịch được	圣火之玄铁铠
10443125	Thánh Hoả Chi Huyền Thiết Khải	Áo	25	giao dịch được	圣火之玄铁铠
10443126	Thánh Hoả Chi Huyền Thiết Khải	Áo	26	giao dịch được	圣火之玄铁铠
10443127	Thánh Hoả Chi Huyền Thiết Khải	Áo	27	giao dịch được	圣火之玄铁铠
10443128	Thánh Hoả Chi Huyền Thiết Khải	Áo	28	giao dịch được	圣火之玄铁铠
10443129	Thánh Hoả Chi Huyền Thiết Khải	Áo	29	giao dịch được	圣火之玄铁铠
10443130	Thánh Hoả Chi Huyền Thiết Khải	Áo	30	giao dịch được	圣火之玄铁铠
10443131	Thánh Hoả Chi Phong Tiêu Thiết Giáp	Áo	31	giao dịch được	圣火之封霄铁甲
10443132	Thánh Hoả Chi Phong Tiêu Thiết Giáp	Áo	32	giao dịch được	圣火之封霄铁甲
10443133	Thánh Hoả Chi Phong Tiêu Thiết Giáp	Áo	33	giao dịch được	圣火之封霄铁甲
10443134	Thánh Hoả Chi Phong Tiêu Thiết Giáp	Áo	34	giao dịch được	圣火之封霄铁甲
10443135	Thánh Hoả Chi Phong Tiêu Thiết Giáp	Áo	35	giao dịch được	圣火之封霄铁甲
10443136	Thánh Hoả Chi Phong Tiêu Thiết Giáp	Áo	36	giao dịch được	圣火之封霄铁甲
10443137	Thánh Hoả Chi Phong Tiêu Thiết Giáp	Áo	37	giao dịch được	圣火之封霄铁甲
10443138	Thánh Hoả Chi Phong Tiêu Thiết Giáp	Áo	38	giao dịch được	圣火之封霄铁甲
10443139	Thánh Hoả Chi Phong Tiêu Thiết Giáp	Áo	39	giao dịch được	圣火之封霄铁甲
10443140	Thánh Hoả Chi Phong Tiêu Thiết Giáp	Áo	40	giao dịch được	圣火之封霄铁甲
10443141	Thánh Hoả Chi Diệt Hàn Khải	Áo	41	giao dịch được	圣火之灭寒铠
10443142	Thánh Hoả Chi Diệt Hàn Khải	Áo	42	giao dịch được	圣火之灭寒铠
10443143	Thánh Hoả Chi Diệt Hàn Khải	Áo	43	giao dịch được	圣火之灭寒铠
10443144	Thánh Hoả Chi Diệt Hàn Khải	Áo	44	giao dịch được	圣火之灭寒铠
10443145	Thánh Hoả Chi Diệt Hàn Khải	Áo	45	giao dịch được	圣火之灭寒铠
10443146	Thánh Hoả Chi Diệt Hàn Khải	Áo	46	giao dịch được	圣火之灭寒铠
10443147	Thánh Hoả Chi Diệt Hàn Khải	Áo	47	giao dịch được	圣火之灭寒铠
10443148	Thánh Hoả Chi Diệt Hàn Khải	Áo	48	giao dịch được	圣火之灭寒铠
10443149	Thánh Hoả Chi Diệt Hàn Khải	Áo	49	giao dịch được	圣火之灭寒铠
10443150	Thánh Hoả Chi Diệt Hàn Khải	Áo	50	giao dịch được	圣火之灭寒铠
10443151	Thánh Hoả Chi Nghịch Hoả Giáp	Áo	51	giao dịch được	圣火之逆火甲
10443152	Thánh Hoả Chi Nghịch Hoả Giáp	Áo	52	giao dịch được	圣火之逆火甲
10443153	Thánh Hoả Chi Nghịch Hoả Giáp	Áo	53	giao dịch được	圣火之逆火甲
10443154	Thánh Hoả Chi Nghịch Hoả Giáp	Áo	54	giao dịch được	圣火之逆火甲
10443155	Thánh Hoả Chi Nghịch Hoả Giáp	Áo	55	giao dịch được	圣火之逆火甲
10443156	Thánh Hoả Chi Nghịch Hoả Giáp	Áo	56	giao dịch được	圣火之逆火甲
10443157	Thánh Hoả Chi Nghịch Hoả Giáp	Áo	57	giao dịch được	圣火之逆火甲
10443158	Thánh Hoả Chi Nghịch Hoả Giáp	Áo	58	giao dịch được	圣火之逆火甲
10443159	Thánh Hoả Chi Nghịch Hoả Giáp	Áo	59	giao dịch được	圣火之逆火甲
10443160	Thánh Hoả Chi Nghịch Hoả Giáp	Áo	60	giao dịch được	圣火之逆火甲
10443161	Thánh Hoả Chi Thệ Trần Thiết Giáp	Áo	61	giao dịch được	圣火之誓尘铁甲
10443162	Thánh Hoả Chi Thệ Trần Thiết Giáp	Áo	62	giao dịch được	圣火之誓尘铁甲
10443163	Thánh Hoả Chi Thệ Trần Thiết Giáp	Áo	63	giao dịch được	圣火之誓尘铁甲
10443164	Thánh Hoả Chi Thệ Trần Thiết Giáp	Áo	64	giao dịch được	圣火之誓尘铁甲
10443165	Thánh Hoả Chi Thệ Trần Thiết Giáp	Áo	65	giao dịch được	圣火之誓尘铁甲
10443166	Thánh Hoả Chi Thệ Trần Thiết Giáp	Áo	66	giao dịch được	圣火之誓尘铁甲
10443167	Thánh Hoả Chi Thệ Trần Thiết Giáp	Áo	67	giao dịch được	圣火之誓尘铁甲
10443168	Thánh Hoả Chi Thệ Trần Thiết Giáp	Áo	68	giao dịch được	圣火之誓尘铁甲
10443169	Thánh Hoả Chi Thệ Trần Thiết Giáp	Áo	69	giao dịch được	圣火之誓尘铁甲
10443170	Thánh Hoả Chi Thệ Trần Thiết Giáp	Áo	70	giao dịch được	圣火之誓尘铁甲
10443171	Thánh Hoả Chi Diệt Phách Khải	Áo	71	giao dịch được	圣火之灭魄铠
10443172	Thánh Hoả Chi Diệt Phách Khải	Áo	72	giao dịch được	圣火之灭魄铠
10443173	Thánh Hoả Chi Diệt Phách Khải	Áo	73	giao dịch được	圣火之灭魄铠
10443174	Thánh Hoả Chi Diệt Phách Khải	Áo	74	giao dịch được	圣火之灭魄铠
10443175	Thánh Hoả Chi Diệt Phách Khải	Áo	75	giao dịch được	圣火之灭魄铠
10443176	Thánh Hoả Chi Diệt Phách Khải	Áo	76	giao dịch được	圣火之灭魄铠
10443177	Thánh Hoả Chi Diệt Phách Khải	Áo	77	giao dịch được	圣火之灭魄铠
10443178	Thánh Hoả Chi Diệt Phách Khải	Áo	78	giao dịch được	圣火之灭魄铠
10443179	Thánh Hoả Chi Diệt Phách Khải	Áo	79	giao dịch được	圣火之灭魄铠
10443180	Thánh Hoả Chi Diệt Phách Khải	Áo	80	giao dịch được	圣火之灭魄铠
10443181	Thánh Hoả Chi Toái Hồn Thánh Giáp	Áo	81	giao dịch được	圣火之碎魂圣甲
10443182	Thánh Hoả Chi Toái Hồn Thánh Giáp	Áo	82	giao dịch được	圣火之碎魂圣甲
10443183	Thánh Hoả Chi Toái Hồn Thánh Giáp	Áo	83	giao dịch được	圣火之碎魂圣甲
10443184	Thánh Hoả Chi Toái Hồn Thánh Giáp	Áo	84	giao dịch được	圣火之碎魂圣甲
10443185	Thánh Hoả Chi Toái Hồn Thánh Giáp	Áo	85	giao dịch được	圣火之碎魂圣甲
10443186	Thánh Hoả Chi Toái Hồn Thánh Giáp	Áo	86	giao dịch được	圣火之碎魂圣甲
10443187	Thánh Hoả Chi Toái Hồn Thánh Giáp	Áo	87	giao dịch được	圣火之碎魂圣甲
10443188	Thánh Hoả Chi Toái Hồn Thánh Giáp	Áo	88	giao dịch được	圣火之碎魂圣甲
10443189	Thánh Hoả Chi Toái Hồn Thánh Giáp	Áo	89	giao dịch được	圣火之碎魂圣甲
10443190	Thánh Hoả Chi Toái Hồn Thánh Giáp	Áo	90	giao dịch được	圣火之碎魂圣甲
10443191	Thánh Hoả Chi Trập Long Thiên Khải	Áo	91	giao dịch được	圣火之蛰龙天铠
10443192	Thánh Hoả Chi Trập Long Thiên Khải	Áo	92	giao dịch được	圣火之蛰龙天铠
10443193	Thánh Hoả Chi Trập Long Thiên Khải	Áo	93	giao dịch được	圣火之蛰龙天铠
10443194	Thánh Hoả Chi Trập Long Thiên Khải	Áo	94	giao dịch được	圣火之蛰龙天铠
10443195	Thánh Hoả Chi Trập Long Thiên Khải	Áo	95	giao dịch được	圣火之蛰龙天铠
10443196	Thánh Hoả Chi Trập Long Thiên Khải	Áo	96	giao dịch được	圣火之蛰龙天铠
10443197	Thánh Hoả Chi Trập Long Thiên Khải	Áo	97	giao dịch được	圣火之蛰龙天铠
10443198	Thánh Hoả Chi Trập Long Thiên Khải	Áo	98	giao dịch được	圣火之蛰龙天铠
10443199	Thánh Hoả Chi Trập Long Thiên Khải	Áo	99	giao dịch được	圣火之蛰龙天铠
10443200	Thánh Hoả Chi Trập Long Thiên Khải	Áo	100	giao dịch được	圣火之蛰龙天铠
10443201	Giáng Long Chi Ngân Toả Khải	Áo	1	giao dịch được	降龙之银锁铠
10443202	Giáng Long Chi Ngân Toả Khải	Áo	2	giao dịch được	降龙之银锁铠
10443203	Giáng Long Chi Ngân Toả Khải	Áo	3	giao dịch được	降龙之银锁铠
10443204	Giáng Long Chi Ngân Toả Khải	Áo	4	giao dịch được	降龙之银锁铠
10443205	Giáng Long Chi Ngân Toả Khải	Áo	5	giao dịch được	降龙之银锁铠
10443206	Giáng Long Chi Ngân Toả Khải	Áo	6	giao dịch được	降龙之银锁铠
10443207	Giáng Long Chi Ngân Toả Khải	Áo	7	giao dịch được	降龙之银锁铠
10443208	Giáng Long Chi Ngân Toả Khải	Áo	8	giao dịch được	降龙之银锁铠
10443209	Giáng Long Chi Ngân Toả Khải	Áo	9	giao dịch được	降龙之银锁铠
10443210	Giáng Long Chi Ngân Toả Khải	Áo	10	giao dịch được	降龙之银锁铠
10443211	Giáng Long Chi Nguyệt Thiết Giáp	Áo	11	giao dịch được	降龙之月铁甲
10443212	Giáng Long Chi Nguyệt Thiết Giáp	Áo	12	giao dịch được	降龙之月铁甲
10443213	Giáng Long Chi Nguyệt Thiết Giáp	Áo	13	giao dịch được	降龙之月铁甲
10443214	Giáng Long Chi Nguyệt Thiết Giáp	Áo	14	giao dịch được	降龙之月铁甲
10443215	Giáng Long Chi Nguyệt Thiết Giáp	Áo	15	giao dịch được	降龙之月铁甲
10443216	Giáng Long Chi Nguyệt Thiết Giáp	Áo	16	giao dịch được	降龙之月铁甲
10443217	Giáng Long Chi Nguyệt Thiết Giáp	Áo	17	giao dịch được	降龙之月铁甲
10443218	Giáng Long Chi Nguyệt Thiết Giáp	Áo	18	giao dịch được	降龙之月铁甲
10443219	Giáng Long Chi Nguyệt Thiết Giáp	Áo	19	giao dịch được	降龙之月铁甲
10443220	Giáng Long Chi Nguyệt Thiết Giáp	Áo	20	giao dịch được	降龙之月铁甲
10443221	Giáng Long Chi Huyền Thiết Khải	Áo	21	giao dịch được	降龙之玄铁铠
10443222	Giáng Long Chi Huyền Thiết Khải	Áo	22	giao dịch được	降龙之玄铁铠
10443223	Giáng Long Chi Huyền Thiết Khải	Áo	23	giao dịch được	降龙之玄铁铠
10443224	Giáng Long Chi Huyền Thiết Khải	Áo	24	giao dịch được	降龙之玄铁铠
10443225	Giáng Long Chi Huyền Thiết Khải	Áo	25	giao dịch được	降龙之玄铁铠
10443226	Giáng Long Chi Huyền Thiết Khải	Áo	26	giao dịch được	降龙之玄铁铠
10443227	Giáng Long Chi Huyền Thiết Khải	Áo	27	giao dịch được	降龙之玄铁铠
10443228	Giáng Long Chi Huyền Thiết Khải	Áo	28	giao dịch được	降龙之玄铁铠
10443229	Giáng Long Chi Huyền Thiết Khải	Áo	29	giao dịch được	降龙之玄铁铠
10443230	Giáng Long Chi Huyền Thiết Khải	Áo	30	giao dịch được	降龙之玄铁铠
10443231	Giáng Long Chi Phong Tiêu Thiết Giáp	Áo	31	giao dịch được	降龙之封霄铁甲
10443232	Giáng Long Chi Phong Tiêu Thiết Giáp	Áo	32	giao dịch được	降龙之封霄铁甲
10443233	Giáng Long Chi Phong Tiêu Thiết Giáp	Áo	33	giao dịch được	降龙之封霄铁甲
10443234	Giáng Long Chi Phong Tiêu Thiết Giáp	Áo	34	giao dịch được	降龙之封霄铁甲
10443235	Giáng Long Chi Phong Tiêu Thiết Giáp	Áo	35	giao dịch được	降龙之封霄铁甲
10443236	Giáng Long Chi Phong Tiêu Thiết Giáp	Áo	36	giao dịch được	降龙之封霄铁甲
10443237	Giáng Long Chi Phong Tiêu Thiết Giáp	Áo	37	giao dịch được	降龙之封霄铁甲
10443238	Giáng Long Chi Phong Tiêu Thiết Giáp	Áo	38	giao dịch được	降龙之封霄铁甲
10443239	Giáng Long Chi Phong Tiêu Thiết Giáp	Áo	39	giao dịch được	降龙之封霄铁甲
10443240	Giáng Long Chi Phong Tiêu Thiết Giáp	Áo	40	giao dịch được	降龙之封霄铁甲
10443241	Giáng Long Chi Diệt Hàn Khải	Áo	41	giao dịch được	降龙之灭寒铠
10443242	Giáng Long Chi Diệt Hàn Khải	Áo	42	giao dịch được	降龙之灭寒铠
10443243	Giáng Long Chi Diệt Hàn Khải	Áo	43	giao dịch được	降龙之灭寒铠
10443244	Giáng Long Chi Diệt Hàn Khải	Áo	44	giao dịch được	降龙之灭寒铠
10443245	Giáng Long Chi Diệt Hàn Khải	Áo	45	giao dịch được	降龙之灭寒铠
10443246	Giáng Long Chi Diệt Hàn Khải	Áo	46	giao dịch được	降龙之灭寒铠
10443247	Giáng Long Chi Diệt Hàn Khải	Áo	47	giao dịch được	降龙之灭寒铠
10443248	Giáng Long Chi Diệt Hàn Khải	Áo	48	giao dịch được	降龙之灭寒铠
10443249	Giáng Long Chi Diệt Hàn Khải	Áo	49	giao dịch được	降龙之灭寒铠
10443250	Giáng Long Chi Diệt Hàn Khải	Áo	50	giao dịch được	降龙之灭寒铠
10443251	Giáng Long Chi Nghịch Hoả Giáp	Áo	51	giao dịch được	降龙之逆火甲
10443252	Giáng Long Chi Nghịch Hoả Giáp	Áo	52	giao dịch được	降龙之逆火甲
10443253	Giáng Long Chi Nghịch Hoả Giáp	Áo	53	giao dịch được	降龙之逆火甲
10443254	Giáng Long Chi Nghịch Hoả Giáp	Áo	54	giao dịch được	降龙之逆火甲
10443255	Giáng Long Chi Nghịch Hoả Giáp	Áo	55	giao dịch được	降龙之逆火甲
10443256	Giáng Long Chi Nghịch Hoả Giáp	Áo	56	giao dịch được	降龙之逆火甲
10443257	Giáng Long Chi Nghịch Hoả Giáp	Áo	57	giao dịch được	降龙之逆火甲
10443258	Giáng Long Chi Nghịch Hoả Giáp	Áo	58	giao dịch được	降龙之逆火甲
10443259	Giáng Long Chi Nghịch Hoả Giáp	Áo	59	giao dịch được	降龙之逆火甲
10443260	Giáng Long Chi Nghịch Hoả Giáp	Áo	60	giao dịch được	降龙之逆火甲
10443261	Giáng Long Chi Thệ Trần Thiết Giáp	Áo	61	giao dịch được	降龙之誓尘铁甲
10443262	Giáng Long Chi Thệ Trần Thiết Giáp	Áo	62	giao dịch được	降龙之誓尘铁甲
10443263	Giáng Long Chi Thệ Trần Thiết Giáp	Áo	63	giao dịch được	降龙之誓尘铁甲
10443264	Giáng Long Chi Thệ Trần Thiết Giáp	Áo	64	giao dịch được	降龙之誓尘铁甲
10443265	Giáng Long Chi Thệ Trần Thiết Giáp	Áo	65	giao dịch được	降龙之誓尘铁甲
10443266	Giáng Long Chi Thệ Trần Thiết Giáp	Áo	66	giao dịch được	降龙之誓尘铁甲
10443267	Giáng Long Chi Thệ Trần Thiết Giáp	Áo	67	giao dịch được	降龙之誓尘铁甲
10443268	Giáng Long Chi Thệ Trần Thiết Giáp	Áo	68	giao dịch được	降龙之誓尘铁甲
10443269	Giáng Long Chi Thệ Trần Thiết Giáp	Áo	69	giao dịch được	降龙之誓尘铁甲
10443270	Giáng Long Chi Thệ Trần Thiết Giáp	Áo	70	giao dịch được	降龙之誓尘铁甲
10443271	Giáng Long Chi Diệt Phách Khải	Áo	71	giao dịch được	降龙之灭魄铠
10443272	Giáng Long Chi Diệt Phách Khải	Áo	72	giao dịch được	降龙之灭魄铠
10443273	Giáng Long Chi Diệt Phách Khải	Áo	73	giao dịch được	降龙之灭魄铠
10443274	Giáng Long Chi Diệt Phách Khải	Áo	74	giao dịch được	降龙之灭魄铠
10443275	Giáng Long Chi Diệt Phách Khải	Áo	75	giao dịch được	降龙之灭魄铠
10443276	Giáng Long Chi Diệt Phách Khải	Áo	76	giao dịch được	降龙之灭魄铠
10443277	Giáng Long Chi Diệt Phách Khải	Áo	77	giao dịch được	降龙之灭魄铠
10443278	Giáng Long Chi Diệt Phách Khải	Áo	78	giao dịch được	降龙之灭魄铠
10443279	Giáng Long Chi Diệt Phách Khải	Áo	79	giao dịch được	降龙之灭魄铠
10443280	Giáng Long Chi Diệt Phách Khải	Áo	80	giao dịch được	降龙之灭魄铠
10443281	Giáng Long Chi Toái Hồn Thánh Giáp	Áo	81	giao dịch được	降龙之碎魂圣甲
10443282	Giáng Long Chi Toái Hồn Thánh Giáp	Áo	82	giao dịch được	降龙之碎魂圣甲
10443283	Giáng Long Chi Toái Hồn Thánh Giáp	Áo	83	giao dịch được	降龙之碎魂圣甲
10443284	Giáng Long Chi Toái Hồn Thánh Giáp	Áo	84	giao dịch được	降龙之碎魂圣甲
10443285	Giáng Long Chi Toái Hồn Thánh Giáp	Áo	85	giao dịch được	降龙之碎魂圣甲
10443286	Giáng Long Chi Toái Hồn Thánh Giáp	Áo	86	giao dịch được	降龙之碎魂圣甲
10443287	Giáng Long Chi Toái Hồn Thánh Giáp	Áo	87	giao dịch được	降龙之碎魂圣甲
10443288	Giáng Long Chi Toái Hồn Thánh Giáp	Áo	88	giao dịch được	降龙之碎魂圣甲
10443289	Giáng Long Chi Toái Hồn Thánh Giáp	Áo	89	giao dịch được	降龙之碎魂圣甲
10443290	Giáng Long Chi Toái Hồn Thánh Giáp	Áo	90	giao dịch được	降龙之碎魂圣甲
10443291	Giáng Long Chi Trập Long Thiên Khải	Áo	91	giao dịch được	降龙之蛰龙天铠
10443292	Giáng Long Chi Trập Long Thiên Khải	Áo	92	giao dịch được	降龙之蛰龙天铠
10443293	Giáng Long Chi Trập Long Thiên Khải	Áo	93	giao dịch được	降龙之蛰龙天铠
10443294	Giáng Long Chi Trập Long Thiên Khải	Áo	94	giao dịch được	降龙之蛰龙天铠
10443295	Giáng Long Chi Trập Long Thiên Khải	Áo	95	giao dịch được	降龙之蛰龙天铠
10443296	Giáng Long Chi Trập Long Thiên Khải	Áo	96	giao dịch được	降龙之蛰龙天铠
10443297	Giáng Long Chi Trập Long Thiên Khải	Áo	97	giao dịch được	降龙之蛰龙天铠
10443298	Giáng Long Chi Trập Long Thiên Khải	Áo	98	giao dịch được	降龙之蛰龙天铠
10443299	Giáng Long Chi Trập Long Thiên Khải	Áo	99	giao dịch được	降龙之蛰龙天铠
10443300	Giáng Long Chi Trập Long Thiên Khải	Áo	100	giao dịch được	降龙之蛰龙天铠
10443301	Ngọc Nữ Chi Miên Bố Y	Áo	1	giao dịch được	玉女之棉布衣
10443302	Ngọc Nữ Chi Miên Bố Y	Áo	2	giao dịch được	玉女之棉布衣
10443303	Ngọc Nữ Chi Miên Bố Y	Áo	3	giao dịch được	玉女之棉布衣
10443304	Ngọc Nữ Chi Miên Bố Y	Áo	4	giao dịch được	玉女之棉布衣
10443305	Ngọc Nữ Chi Miên Bố Y	Áo	5	giao dịch được	玉女之棉布衣
10443306	Ngọc Nữ Chi Miên Bố Y	Áo	6	giao dịch được	玉女之棉布衣
10443307	Ngọc Nữ Chi Miên Bố Y	Áo	7	giao dịch được	玉女之棉布衣
10443308	Ngọc Nữ Chi Miên Bố Y	Áo	8	giao dịch được	玉女之棉布衣
10443309	Ngọc Nữ Chi Miên Bố Y	Áo	9	giao dịch được	玉女之棉布衣
10443310	Ngọc Nữ Chi Miên Bố Y	Áo	10	giao dịch được	玉女之棉布衣
10443311	Ngọc Nữ Chi Miên Ti Đoản Sam	Áo	11	giao dịch được	玉女之棉丝短衫
10443312	Ngọc Nữ Chi Miên Ti Đoản Sam	Áo	12	giao dịch được	玉女之棉丝短衫
10443313	Ngọc Nữ Chi Miên Ti Đoản Sam	Áo	13	giao dịch được	玉女之棉丝短衫
10443314	Ngọc Nữ Chi Miên Ti Đoản Sam	Áo	14	giao dịch được	玉女之棉丝短衫
10443315	Ngọc Nữ Chi Miên Ti Đoản Sam	Áo	15	giao dịch được	玉女之棉丝短衫
10443316	Ngọc Nữ Chi Miên Ti Đoản Sam	Áo	16	giao dịch được	玉女之棉丝短衫
10443317	Ngọc Nữ Chi Miên Ti Đoản Sam	Áo	17	giao dịch được	玉女之棉丝短衫
10443318	Ngọc Nữ Chi Miên Ti Đoản Sam	Áo	18	giao dịch được	玉女之棉丝短衫
10443319	Ngọc Nữ Chi Miên Ti Đoản Sam	Áo	19	giao dịch được	玉女之棉丝短衫
10443320	Ngọc Nữ Chi Miên Ti Đoản Sam	Áo	20	giao dịch được	玉女之棉丝短衫
10443321	Ngọc Nữ Chi Bồ Bố Y	Áo	21	giao dịch được	玉女之蒲布衣
10443322	Ngọc Nữ Chi Bồ Bố Y	Áo	22	giao dịch được	玉女之蒲布衣
10443323	Ngọc Nữ Chi Bồ Bố Y	Áo	23	giao dịch được	玉女之蒲布衣
10443324	Ngọc Nữ Chi Bồ Bố Y	Áo	24	giao dịch được	玉女之蒲布衣
10443325	Ngọc Nữ Chi Bồ Bố Y	Áo	25	giao dịch được	玉女之蒲布衣
10443326	Ngọc Nữ Chi Bồ Bố Y	Áo	26	giao dịch được	玉女之蒲布衣
10443327	Ngọc Nữ Chi Bồ Bố Y	Áo	27	giao dịch được	玉女之蒲布衣
10443328	Ngọc Nữ Chi Bồ Bố Y	Áo	28	giao dịch được	玉女之蒲布衣
10443329	Ngọc Nữ Chi Bồ Bố Y	Áo	29	giao dịch được	玉女之蒲布衣
10443330	Ngọc Nữ Chi Bồ Bố Y	Áo	30	giao dịch được	玉女之蒲布衣
10443331	Ngọc Nữ Chi Chân Ti Trưởng Sam	Áo	31	giao dịch được	玉女之真丝长衫
10443332	Ngọc Nữ Chi Chân Ti Trưởng Sam	Áo	32	giao dịch được	玉女之真丝长衫
10443333	Ngọc Nữ Chi Chân Ti Trưởng Sam	Áo	33	giao dịch được	玉女之真丝长衫
10443334	Ngọc Nữ Chi Chân Ti Trưởng Sam	Áo	34	giao dịch được	玉女之真丝长衫
10443335	Ngọc Nữ Chi Chân Ti Trưởng Sam	Áo	35	giao dịch được	玉女之真丝长衫
10443336	Ngọc Nữ Chi Chân Ti Trưởng Sam	Áo	36	giao dịch được	玉女之真丝长衫
10443337	Ngọc Nữ Chi Chân Ti Trưởng Sam	Áo	37	giao dịch được	玉女之真丝长衫
10443338	Ngọc Nữ Chi Chân Ti Trưởng Sam	Áo	38	giao dịch được	玉女之真丝长衫
10443339	Ngọc Nữ Chi Chân Ti Trưởng Sam	Áo	39	giao dịch được	玉女之真丝长衫
10443340	Ngọc Nữ Chi Chân Ti Trưởng Sam	Áo	40	giao dịch được	玉女之真丝长衫
10443341	Ngọc Nữ Chi Tô Cẩm Y	Áo	41	giao dịch được	玉女之苏锦衣
10443342	Ngọc Nữ Chi Tô Cẩm Y	Áo	42	giao dịch được	玉女之苏锦衣
10443343	Ngọc Nữ Chi Tô Cẩm Y	Áo	43	giao dịch được	玉女之苏锦衣
10443344	Ngọc Nữ Chi Tô Cẩm Y	Áo	44	giao dịch được	玉女之苏锦衣
10443345	Ngọc Nữ Chi Tô Cẩm Y	Áo	45	giao dịch được	玉女之苏锦衣
10443346	Ngọc Nữ Chi Tô Cẩm Y	Áo	46	giao dịch được	玉女之苏锦衣
10443347	Ngọc Nữ Chi Tô Cẩm Y	Áo	47	giao dịch được	玉女之苏锦衣
10443348	Ngọc Nữ Chi Tô Cẩm Y	Áo	48	giao dịch được	玉女之苏锦衣
10443349	Ngọc Nữ Chi Tô Cẩm Y	Áo	49	giao dịch được	玉女之苏锦衣
10443350	Ngọc Nữ Chi Tô Cẩm Y	Áo	50	giao dịch được	玉女之苏锦衣
10443351	Ngọc Nữ Chi Thanh Nga Y	Áo	51	giao dịch được	玉女之青峨衣
10443352	Ngọc Nữ Chi Thanh Nga Y	Áo	52	giao dịch được	玉女之青峨衣
10443353	Ngọc Nữ Chi Thanh Nga Y	Áo	53	giao dịch được	玉女之青峨衣
10443354	Ngọc Nữ Chi Thanh Nga Y	Áo	54	giao dịch được	玉女之青峨衣
10443355	Ngọc Nữ Chi Thanh Nga Y	Áo	55	giao dịch được	玉女之青峨衣
10443356	Ngọc Nữ Chi Thanh Nga Y	Áo	56	giao dịch được	玉女之青峨衣
10443357	Ngọc Nữ Chi Thanh Nga Y	Áo	57	giao dịch được	玉女之青峨衣
10443358	Ngọc Nữ Chi Thanh Nga Y	Áo	58	giao dịch được	玉女之青峨衣
10443359	Ngọc Nữ Chi Thanh Nga Y	Áo	59	giao dịch được	玉女之青峨衣
10443360	Ngọc Nữ Chi Thanh Nga Y	Áo	60	giao dịch được	玉女之青峨衣
10443361	Ngọc Nữ Chi Tứ Hải Cẩm Phục	Áo	61	giao dịch được	玉女之四海锦服
10443362	Ngọc Nữ Chi Tứ Hải Cẩm Phục	Áo	62	giao dịch được	玉女之四海锦服
10443363	Ngọc Nữ Chi Tứ Hải Cẩm Phục	Áo	63	giao dịch được	玉女之四海锦服
10443364	Ngọc Nữ Chi Tứ Hải Cẩm Phục	Áo	64	giao dịch được	玉女之四海锦服
10443365	Ngọc Nữ Chi Tứ Hải Cẩm Phục	Áo	65	giao dịch được	玉女之四海锦服
10443366	Ngọc Nữ Chi Tứ Hải Cẩm Phục	Áo	66	giao dịch được	玉女之四海锦服
10443367	Ngọc Nữ Chi Tứ Hải Cẩm Phục	Áo	67	giao dịch được	玉女之四海锦服
10443368	Ngọc Nữ Chi Tứ Hải Cẩm Phục	Áo	68	giao dịch được	玉女之四海锦服
10443369	Ngọc Nữ Chi Tứ Hải Cẩm Phục	Áo	69	giao dịch được	玉女之四海锦服
10443370	Ngọc Nữ Chi Tứ Hải Cẩm Phục	Áo	70	giao dịch được	玉女之四海锦服
10443371	Ngọc Nữ Chi Như Mộng Cẩm Y	Áo	71	giao dịch được	玉女之如梦锦衣
10443372	Ngọc Nữ Chi Như Mộng Cẩm Y	Áo	72	giao dịch được	玉女之如梦锦衣
10443373	Ngọc Nữ Chi Như Mộng Cẩm Y	Áo	73	giao dịch được	玉女之如梦锦衣
10443374	Ngọc Nữ Chi Như Mộng Cẩm Y	Áo	74	giao dịch được	玉女之如梦锦衣
10443375	Ngọc Nữ Chi Như Mộng Cẩm Y	Áo	75	giao dịch được	玉女之如梦锦衣
10443376	Ngọc Nữ Chi Như Mộng Cẩm Y	Áo	76	giao dịch được	玉女之如梦锦衣
10443377	Ngọc Nữ Chi Như Mộng Cẩm Y	Áo	77	giao dịch được	玉女之如梦锦衣
10443378	Ngọc Nữ Chi Như Mộng Cẩm Y	Áo	78	giao dịch được	玉女之如梦锦衣
10443379	Ngọc Nữ Chi Như Mộng Cẩm Y	Áo	79	giao dịch được	玉女之如梦锦衣
10443380	Ngọc Nữ Chi Như Mộng Cẩm Y	Áo	80	giao dịch được	玉女之如梦锦衣
10443381	Ngọc Nữ Chi Thánh Mục Y	Áo	81	giao dịch được	玉女之圣目衣
10443382	Ngọc Nữ Chi Thánh Mục Y	Áo	82	giao dịch được	玉女之圣目衣
10443383	Ngọc Nữ Chi Thánh Mục Y	Áo	83	giao dịch được	玉女之圣目衣
10443384	Ngọc Nữ Chi Thánh Mục Y	Áo	84	giao dịch được	玉女之圣目衣
10443385	Ngọc Nữ Chi Thánh Mục Y	Áo	85	giao dịch được	玉女之圣目衣
10443386	Ngọc Nữ Chi Thánh Mục Y	Áo	86	giao dịch được	玉女之圣目衣
10443387	Ngọc Nữ Chi Thánh Mục Y	Áo	87	giao dịch được	玉女之圣目衣
10443388	Ngọc Nữ Chi Thánh Mục Y	Áo	88	giao dịch được	玉女之圣目衣
10443389	Ngọc Nữ Chi Thánh Mục Y	Áo	89	giao dịch được	玉女之圣目衣
10443390	Ngọc Nữ Chi Thánh Mục Y	Áo	90	giao dịch được	玉女之圣目衣
10443391	Ngọc Nữ Chi Linh Động Thiên Y	Áo	91	giao dịch được	玉女之灵动天衣
10443392	Ngọc Nữ Chi Linh Động Thiên Y	Áo	92	giao dịch được	玉女之灵动天衣
10443393	Ngọc Nữ Chi Linh Động Thiên Y	Áo	93	giao dịch được	玉女之灵动天衣
10443394	Ngọc Nữ Chi Linh Động Thiên Y	Áo	94	giao dịch được	玉女之灵动天衣
10443395	Ngọc Nữ Chi Linh Động Thiên Y	Áo	95	giao dịch được	玉女之灵动天衣
10443396	Ngọc Nữ Chi Linh Động Thiên Y	Áo	96	giao dịch được	玉女之灵动天衣
10443397	Ngọc Nữ Chi Linh Động Thiên Y	Áo	97	giao dịch được	玉女之灵动天衣
10443398	Ngọc Nữ Chi Linh Động Thiên Y	Áo	98	giao dịch được	玉女之灵动天衣
10443399	Ngọc Nữ Chi Linh Động Thiên Y	Áo	99	giao dịch được	玉女之灵动天衣
10443400	Ngọc Nữ Chi Linh Động Thiên Y	Áo	100	giao dịch được	玉女之灵动天衣
10443401	Vô Cực Chi Miên Bố Y	Áo	1	giao dịch được	无极之棉布衣
10443402	Vô Cực Chi Miên Bố Y	Áo	2	giao dịch được	无极之棉布衣
10443403	Vô Cực Chi Miên Bố Y	Áo	3	giao dịch được	无极之棉布衣
10443404	Vô Cực Chi Miên Bố Y	Áo	4	giao dịch được	无极之棉布衣
10443405	Vô Cực Chi Miên Bố Y	Áo	5	giao dịch được	无极之棉布衣
10443406	Vô Cực Chi Miên Bố Y	Áo	6	giao dịch được	无极之棉布衣
10443407	Vô Cực Chi Miên Bố Y	Áo	7	giao dịch được	无极之棉布衣
10443408	Vô Cực Chi Miên Bố Y	Áo	8	giao dịch được	无极之棉布衣
10443409	Vô Cực Chi Miên Bố Y	Áo	9	giao dịch được	无极之棉布衣
10443410	Vô Cực Chi Miên Bố Y	Áo	10	giao dịch được	无极之棉布衣
10443411	Vô Cực Chi Miên Ti Đoản Sam	Áo	11	giao dịch được	无极之棉丝短衫
10443412	Vô Cực Chi Miên Ti Đoản Sam	Áo	12	giao dịch được	无极之棉丝短衫
10443413	Vô Cực Chi Miên Ti Đoản Sam	Áo	13	giao dịch được	无极之棉丝短衫
10443414	Vô Cực Chi Miên Ti Đoản Sam	Áo	14	giao dịch được	无极之棉丝短衫
10443415	Vô Cực Chi Miên Ti Đoản Sam	Áo	15	giao dịch được	无极之棉丝短衫
10443416	Vô Cực Chi Miên Ti Đoản Sam	Áo	16	giao dịch được	无极之棉丝短衫
10443417	Vô Cực Chi Miên Ti Đoản Sam	Áo	17	giao dịch được	无极之棉丝短衫
10443418	Vô Cực Chi Miên Ti Đoản Sam	Áo	18	giao dịch được	无极之棉丝短衫
10443419	Vô Cực Chi Miên Ti Đoản Sam	Áo	19	giao dịch được	无极之棉丝短衫
10443420	Vô Cực Chi Miên Ti Đoản Sam	Áo	20	giao dịch được	无极之棉丝短衫
10443421	Vô Cực Chi Bồ Bố Y	Áo	21	giao dịch được	无极之蒲布衣
10443422	Vô Cực Chi Bồ Bố Y	Áo	22	giao dịch được	无极之蒲布衣
10443423	Vô Cực Chi Bồ Bố Y	Áo	23	giao dịch được	无极之蒲布衣
10443424	Vô Cực Chi Bồ Bố Y	Áo	24	giao dịch được	无极之蒲布衣
10443425	Vô Cực Chi Bồ Bố Y	Áo	25	giao dịch được	无极之蒲布衣
10443426	Vô Cực Chi Bồ Bố Y	Áo	26	giao dịch được	无极之蒲布衣
10443427	Vô Cực Chi Bồ Bố Y	Áo	27	giao dịch được	无极之蒲布衣
10443428	Vô Cực Chi Bồ Bố Y	Áo	28	giao dịch được	无极之蒲布衣
10443429	Vô Cực Chi Bồ Bố Y	Áo	29	giao dịch được	无极之蒲布衣
10443430	Vô Cực Chi Bồ Bố Y	Áo	30	giao dịch được	无极之蒲布衣
10443431	Vô Cực Chi Chân Ti Trưởng Sam	Áo	31	giao dịch được	无极之真丝长衫
10443432	Vô Cực Chi Chân Ti Trưởng Sam	Áo	32	giao dịch được	无极之真丝长衫
10443433	Vô Cực Chi Chân Ti Trưởng Sam	Áo	33	giao dịch được	无极之真丝长衫
10443434	Vô Cực Chi Chân Ti Trưởng Sam	Áo	34	giao dịch được	无极之真丝长衫
10443435	Vô Cực Chi Chân Ti Trưởng Sam	Áo	35	giao dịch được	无极之真丝长衫
10443436	Vô Cực Chi Chân Ti Trưởng Sam	Áo	36	giao dịch được	无极之真丝长衫
10443437	Vô Cực Chi Chân Ti Trưởng Sam	Áo	37	giao dịch được	无极之真丝长衫
10443438	Vô Cực Chi Chân Ti Trưởng Sam	Áo	38	giao dịch được	无极之真丝长衫
10443439	Vô Cực Chi Chân Ti Trưởng Sam	Áo	39	giao dịch được	无极之真丝长衫
10443440	Vô Cực Chi Chân Ti Trưởng Sam	Áo	40	giao dịch được	无极之真丝长衫
10443441	Vô Cực Chi Tô Cẩm Y	Áo	41	giao dịch được	无极之苏锦衣
10443442	Vô Cực Chi Tô Cẩm Y	Áo	42	giao dịch được	无极之苏锦衣
10443443	Vô Cực Chi Tô Cẩm Y	Áo	43	giao dịch được	无极之苏锦衣
10443444	Vô Cực Chi Tô Cẩm Y	Áo	44	giao dịch được	无极之苏锦衣
10443445	Vô Cực Chi Tô Cẩm Y	Áo	45	giao dịch được	无极之苏锦衣
10443446	Vô Cực Chi Tô Cẩm Y	Áo	46	giao dịch được	无极之苏锦衣
10443447	Vô Cực Chi Tô Cẩm Y	Áo	47	giao dịch được	无极之苏锦衣
10443448	Vô Cực Chi Tô Cẩm Y	Áo	48	giao dịch được	无极之苏锦衣
10443449	Vô Cực Chi Tô Cẩm Y	Áo	49	giao dịch được	无极之苏锦衣
10443450	Vô Cực Chi Tô Cẩm Y	Áo	50	giao dịch được	无极之苏锦衣
10443451	Vô Cực Chi Thanh Nga Y	Áo	51	giao dịch được	无极之青峨衣
10443452	Vô Cực Chi Thanh Nga Y	Áo	52	giao dịch được	无极之青峨衣
10443453	Vô Cực Chi Thanh Nga Y	Áo	53	giao dịch được	无极之青峨衣
10443454	Vô Cực Chi Thanh Nga Y	Áo	54	giao dịch được	无极之青峨衣
10443455	Vô Cực Chi Thanh Nga Y	Áo	55	giao dịch được	无极之青峨衣
10443456	Vô Cực Chi Thanh Nga Y	Áo	56	giao dịch được	无极之青峨衣
10443457	Vô Cực Chi Thanh Nga Y	Áo	57	giao dịch được	无极之青峨衣
10443458	Vô Cực Chi Thanh Nga Y	Áo	58	giao dịch được	无极之青峨衣
10443459	Vô Cực Chi Thanh Nga Y	Áo	59	giao dịch được	无极之青峨衣
10443460	Vô Cực Chi Thanh Nga Y	Áo	60	giao dịch được	无极之青峨衣
10443461	Vô Cực Chi Tứ Hải Cẩm Phục	Áo	61	giao dịch được	无极之四海锦服
10443462	Vô Cực Chi Tứ Hải Cẩm Phục	Áo	62	giao dịch được	无极之四海锦服
10443463	Vô Cực Chi Tứ Hải Cẩm Phục	Áo	63	giao dịch được	无极之四海锦服
10443464	Vô Cực Chi Tứ Hải Cẩm Phục	Áo	64	giao dịch được	无极之四海锦服
10443465	Vô Cực Chi Tứ Hải Cẩm Phục	Áo	65	giao dịch được	无极之四海锦服
10443466	Vô Cực Chi Tứ Hải Cẩm Phục	Áo	66	giao dịch được	无极之四海锦服
10443467	Vô Cực Chi Tứ Hải Cẩm Phục	Áo	67	giao dịch được	无极之四海锦服
10443468	Vô Cực Chi Tứ Hải Cẩm Phục	Áo	68	giao dịch được	无极之四海锦服
10443469	Vô Cực Chi Tứ Hải Cẩm Phục	Áo	69	giao dịch được	无极之四海锦服
10443470	Vô Cực Chi Tứ Hải Cẩm Phục	Áo	70	giao dịch được	无极之四海锦服
10443471	Vô Cực Chi Như Mộng Cẩm Y	Áo	71	giao dịch được	无极之如梦锦衣
10443472	Vô Cực Chi Như Mộng Cẩm Y	Áo	72	giao dịch được	无极之如梦锦衣
10443473	Vô Cực Chi Như Mộng Cẩm Y	Áo	73	giao dịch được	无极之如梦锦衣
10443474	Vô Cực Chi Như Mộng Cẩm Y	Áo	74	giao dịch được	无极之如梦锦衣
10443475	Vô Cực Chi Như Mộng Cẩm Y	Áo	75	giao dịch được	无极之如梦锦衣
10443476	Vô Cực Chi Như Mộng Cẩm Y	Áo	76	giao dịch được	无极之如梦锦衣
10443477	Vô Cực Chi Như Mộng Cẩm Y	Áo	77	giao dịch được	无极之如梦锦衣
10443478	Vô Cực Chi Như Mộng Cẩm Y	Áo	78	giao dịch được	无极之如梦锦衣
10443479	Vô Cực Chi Như Mộng Cẩm Y	Áo	79	giao dịch được	无极之如梦锦衣
10443480	Vô Cực Chi Như Mộng Cẩm Y	Áo	80	giao dịch được	无极之如梦锦衣
10443481	Vô Cực Chi Thánh Mục Y	Áo	81	giao dịch được	无极之圣目衣
10443482	Vô Cực Chi Thánh Mục Y	Áo	82	giao dịch được	无极之圣目衣
10443483	Vô Cực Chi Thánh Mục Y	Áo	83	giao dịch được	无极之圣目衣
10443484	Vô Cực Chi Thánh Mục Y	Áo	84	giao dịch được	无极之圣目衣
10443485	Vô Cực Chi Thánh Mục Y	Áo	85	giao dịch được	无极之圣目衣
10443486	Vô Cực Chi Thánh Mục Y	Áo	86	giao dịch được	无极之圣目衣
10443487	Vô Cực Chi Thánh Mục Y	Áo	87	giao dịch được	无极之圣目衣
10443488	Vô Cực Chi Thánh Mục Y	Áo	88	giao dịch được	无极之圣目衣
10443489	Vô Cực Chi Thánh Mục Y	Áo	89	giao dịch được	无极之圣目衣
10443490	Vô Cực Chi Thánh Mục Y	Áo	90	giao dịch được	无极之圣目衣
10443491	Vô Cực Chi Linh Động Thiên Y	Áo	91	giao dịch được	无极之灵动天衣
10443492	Vô Cực Chi Linh Động Thiên Y	Áo	92	giao dịch được	无极之灵动天衣
10443493	Vô Cực Chi Linh Động Thiên Y	Áo	93	giao dịch được	无极之灵动天衣
10443494	Vô Cực Chi Linh Động Thiên Y	Áo	94	giao dịch được	无极之灵动天衣
10443495	Vô Cực Chi Linh Động Thiên Y	Áo	95	giao dịch được	无极之灵动天衣
10443496	Vô Cực Chi Linh Động Thiên Y	Áo	96	giao dịch được	无极之灵动天衣
10443497	Vô Cực Chi Linh Động Thiên Y	Áo	97	giao dịch được	无极之灵动天衣
10443498	Vô Cực Chi Linh Động Thiên Y	Áo	98	giao dịch được	无极之灵动天衣
10443499	Vô Cực Chi Linh Động Thiên Y	Áo	99	giao dịch được	无极之灵动天衣
10443500	Vô Cực Chi Linh Động Thiên Y	Áo	100	giao dịch được	无极之灵动天衣
10443501	Hoang Độc Chi Miên Bố Y	Áo	1	giao dịch được	荒毒之棉布衣
10443502	Hoang Độc Chi Miên Bố Y	Áo	2	giao dịch được	荒毒之棉布衣
10443503	Hoang Độc Chi Miên Bố Y	Áo	3	giao dịch được	荒毒之棉布衣
10443504	Hoang Độc Chi Miên Bố Y	Áo	4	giao dịch được	荒毒之棉布衣
10443505	Hoang Độc Chi Miên Bố Y	Áo	5	giao dịch được	荒毒之棉布衣
10443506	Hoang Độc Chi Miên Bố Y	Áo	6	giao dịch được	荒毒之棉布衣
10443507	Hoang Độc Chi Miên Bố Y	Áo	7	giao dịch được	荒毒之棉布衣
10443508	Hoang Độc Chi Miên Bố Y	Áo	8	giao dịch được	荒毒之棉布衣
10443509	Hoang Độc Chi Miên Bố Y	Áo	9	giao dịch được	荒毒之棉布衣
10443510	Hoang Độc Chi Miên Bố Y	Áo	10	giao dịch được	荒毒之棉布衣
10443511	Hoang Độc Chi Miên Ti Đoản Sam	Áo	11	giao dịch được	荒毒之棉丝短衫
10443512	Hoang Độc Chi Miên Ti Đoản Sam	Áo	12	giao dịch được	荒毒之棉丝短衫
10443513	Hoang Độc Chi Miên Ti Đoản Sam	Áo	13	giao dịch được	荒毒之棉丝短衫
10443514	Hoang Độc Chi Miên Ti Đoản Sam	Áo	14	giao dịch được	荒毒之棉丝短衫
10443515	Hoang Độc Chi Miên Ti Đoản Sam	Áo	15	giao dịch được	荒毒之棉丝短衫
10443516	Hoang Độc Chi Miên Ti Đoản Sam	Áo	16	giao dịch được	荒毒之棉丝短衫
10443517	Hoang Độc Chi Miên Ti Đoản Sam	Áo	17	giao dịch được	荒毒之棉丝短衫
10443518	Hoang Độc Chi Miên Ti Đoản Sam	Áo	18	giao dịch được	荒毒之棉丝短衫
10443519	Hoang Độc Chi Miên Ti Đoản Sam	Áo	19	giao dịch được	荒毒之棉丝短衫
10443520	Hoang Độc Chi Miên Ti Đoản Sam	Áo	20	giao dịch được	荒毒之棉丝短衫
10443521	Hoang Độc Chi Bồ Bố Y	Áo	21	giao dịch được	荒毒之蒲布衣
10443522	Hoang Độc Chi Bồ Bố Y	Áo	22	giao dịch được	荒毒之蒲布衣
10443523	Hoang Độc Chi Bồ Bố Y	Áo	23	giao dịch được	荒毒之蒲布衣
10443524	Hoang Độc Chi Bồ Bố Y	Áo	24	giao dịch được	荒毒之蒲布衣
10443525	Hoang Độc Chi Bồ Bố Y	Áo	25	giao dịch được	荒毒之蒲布衣
10443526	Hoang Độc Chi Bồ Bố Y	Áo	26	giao dịch được	荒毒之蒲布衣
10443527	Hoang Độc Chi Bồ Bố Y	Áo	27	giao dịch được	荒毒之蒲布衣
10443528	Hoang Độc Chi Bồ Bố Y	Áo	28	giao dịch được	荒毒之蒲布衣
10443529	Hoang Độc Chi Bồ Bố Y	Áo	29	giao dịch được	荒毒之蒲布衣
10443530	Hoang Độc Chi Bồ Bố Y	Áo	30	giao dịch được	荒毒之蒲布衣
10443531	Hoang Độc Chi Chân Ti Trưởng Sam	Áo	31	giao dịch được	荒毒之真丝长衫
10443532	Hoang Độc Chi Chân Ti Trưởng Sam	Áo	32	giao dịch được	荒毒之真丝长衫
10443533	Hoang Độc Chi Chân Ti Trưởng Sam	Áo	33	giao dịch được	荒毒之真丝长衫
10443534	Hoang Độc Chi Chân Ti Trưởng Sam	Áo	34	giao dịch được	荒毒之真丝长衫
10443535	Hoang Độc Chi Chân Ti Trưởng Sam	Áo	35	giao dịch được	荒毒之真丝长衫
10443536	Hoang Độc Chi Chân Ti Trưởng Sam	Áo	36	giao dịch được	荒毒之真丝长衫
10443537	Hoang Độc Chi Chân Ti Trưởng Sam	Áo	37	giao dịch được	荒毒之真丝长衫
10443538	Hoang Độc Chi Chân Ti Trưởng Sam	Áo	38	giao dịch được	荒毒之真丝长衫
10443539	Hoang Độc Chi Chân Ti Trưởng Sam	Áo	39	giao dịch được	荒毒之真丝长衫
10443540	Hoang Độc Chi Chân Ti Trưởng Sam	Áo	40	giao dịch được	荒毒之真丝长衫
10443541	Hoang Độc Chi Tô Cẩm Y	Áo	41	giao dịch được	荒毒之苏锦衣
10443542	Hoang Độc Chi Tô Cẩm Y	Áo	42	giao dịch được	荒毒之苏锦衣
10443543	Hoang Độc Chi Tô Cẩm Y	Áo	43	giao dịch được	荒毒之苏锦衣
10443544	Hoang Độc Chi Tô Cẩm Y	Áo	44	giao dịch được	荒毒之苏锦衣
10443545	Hoang Độc Chi Tô Cẩm Y	Áo	45	giao dịch được	荒毒之苏锦衣
10443546	Hoang Độc Chi Tô Cẩm Y	Áo	46	giao dịch được	荒毒之苏锦衣
10443547	Hoang Độc Chi Tô Cẩm Y	Áo	47	giao dịch được	荒毒之苏锦衣
10443548	Hoang Độc Chi Tô Cẩm Y	Áo	48	giao dịch được	荒毒之苏锦衣
10443549	Hoang Độc Chi Tô Cẩm Y	Áo	49	giao dịch được	荒毒之苏锦衣
10443550	Hoang Độc Chi Tô Cẩm Y	Áo	50	giao dịch được	荒毒之苏锦衣
10443551	Hoang Độc Chi Thanh Nga Y	Áo	51	giao dịch được	荒毒之青峨衣
10443552	Hoang Độc Chi Thanh Nga Y	Áo	52	giao dịch được	荒毒之青峨衣
10443553	Hoang Độc Chi Thanh Nga Y	Áo	53	giao dịch được	荒毒之青峨衣
10443554	Hoang Độc Chi Thanh Nga Y	Áo	54	giao dịch được	荒毒之青峨衣
10443555	Hoang Độc Chi Thanh Nga Y	Áo	55	giao dịch được	荒毒之青峨衣
10443556	Hoang Độc Chi Thanh Nga Y	Áo	56	giao dịch được	荒毒之青峨衣
10443557	Hoang Độc Chi Thanh Nga Y	Áo	57	giao dịch được	荒毒之青峨衣
10443558	Hoang Độc Chi Thanh Nga Y	Áo	58	giao dịch được	荒毒之青峨衣
10443559	Hoang Độc Chi Thanh Nga Y	Áo	59	giao dịch được	荒毒之青峨衣
10443560	Hoang Độc Chi Thanh Nga Y	Áo	60	giao dịch được	荒毒之青峨衣
10443561	Hoang Độc Chi Tứ Hải Cẩm Phục	Áo	61	giao dịch được	荒毒之四海锦服
10443562	Hoang Độc Chi Tứ Hải Cẩm Phục	Áo	62	giao dịch được	荒毒之四海锦服
10443563	Hoang Độc Chi Tứ Hải Cẩm Phục	Áo	63	giao dịch được	荒毒之四海锦服
10443564	Hoang Độc Chi Tứ Hải Cẩm Phục	Áo	64	giao dịch được	荒毒之四海锦服
10443565	Hoang Độc Chi Tứ Hải Cẩm Phục	Áo	65	giao dịch được	荒毒之四海锦服
10443566	Hoang Độc Chi Tứ Hải Cẩm Phục	Áo	66	giao dịch được	荒毒之四海锦服
10443567	Hoang Độc Chi Tứ Hải Cẩm Phục	Áo	67	giao dịch được	荒毒之四海锦服
10443568	Hoang Độc Chi Tứ Hải Cẩm Phục	Áo	68	giao dịch được	荒毒之四海锦服
10443569	Hoang Độc Chi Tứ Hải Cẩm Phục	Áo	69	giao dịch được	荒毒之四海锦服
10443570	Hoang Độc Chi Tứ Hải Cẩm Phục	Áo	70	giao dịch được	荒毒之四海锦服
10443571	Hoang Độc Chi Như Mộng Cẩm Y	Áo	71	giao dịch được	荒毒之如梦锦衣
10443572	Hoang Độc Chi Như Mộng Cẩm Y	Áo	72	giao dịch được	荒毒之如梦锦衣
10443573	Hoang Độc Chi Như Mộng Cẩm Y	Áo	73	giao dịch được	荒毒之如梦锦衣
10443574	Hoang Độc Chi Như Mộng Cẩm Y	Áo	74	giao dịch được	荒毒之如梦锦衣
10443575	Hoang Độc Chi Như Mộng Cẩm Y	Áo	75	giao dịch được	荒毒之如梦锦衣
10443576	Hoang Độc Chi Như Mộng Cẩm Y	Áo	76	giao dịch được	荒毒之如梦锦衣
10443577	Hoang Độc Chi Như Mộng Cẩm Y	Áo	77	giao dịch được	荒毒之如梦锦衣
10443578	Hoang Độc Chi Như Mộng Cẩm Y	Áo	78	giao dịch được	荒毒之如梦锦衣
10443579	Hoang Độc Chi Như Mộng Cẩm Y	Áo	79	giao dịch được	荒毒之如梦锦衣
10443580	Hoang Độc Chi Như Mộng Cẩm Y	Áo	80	giao dịch được	荒毒之如梦锦衣
10443581	Hoang Độc Chi Thánh Mục Y	Áo	81	giao dịch được	荒毒之圣目衣
10443582	Hoang Độc Chi Thánh Mục Y	Áo	82	giao dịch được	荒毒之圣目衣
10443583	Hoang Độc Chi Thánh Mục Y	Áo	83	giao dịch được	荒毒之圣目衣
10443584	Hoang Độc Chi Thánh Mục Y	Áo	84	giao dịch được	荒毒之圣目衣
10443585	Hoang Độc Chi Thánh Mục Y	Áo	85	giao dịch được	荒毒之圣目衣
10443586	Hoang Độc Chi Thánh Mục Y	Áo	86	giao dịch được	荒毒之圣目衣
10443587	Hoang Độc Chi Thánh Mục Y	Áo	87	giao dịch được	荒毒之圣目衣
10443588	Hoang Độc Chi Thánh Mục Y	Áo	88	giao dịch được	荒毒之圣目衣
10443589	Hoang Độc Chi Thánh Mục Y	Áo	89	giao dịch được	荒毒之圣目衣
10443590	Hoang Độc Chi Thánh Mục Y	Áo	90	giao dịch được	荒毒之圣目衣
10443591	Hoang Độc Chi Linh Động Thiên Y	Áo	91	giao dịch được	荒毒之灵动天衣
10443592	Hoang Độc Chi Linh Động Thiên Y	Áo	92	giao dịch được	荒毒之灵动天衣
10443593	Hoang Độc Chi Linh Động Thiên Y	Áo	93	giao dịch được	荒毒之灵动天衣
10443594	Hoang Độc Chi Linh Động Thiên Y	Áo	94	giao dịch được	荒毒之灵动天衣
10443595	Hoang Độc Chi Linh Động Thiên Y	Áo	95	giao dịch được	荒毒之灵动天衣
10443596	Hoang Độc Chi Linh Động Thiên Y	Áo	96	giao dịch được	荒毒之灵动天衣
10443597	Hoang Độc Chi Linh Động Thiên Y	Áo	97	giao dịch được	荒毒之灵动天衣
10443598	Hoang Độc Chi Linh Động Thiên Y	Áo	98	giao dịch được	荒毒之灵动天衣
10443599	Hoang Độc Chi Linh Động Thiên Y	Áo	99	giao dịch được	荒毒之灵动天衣
10443600	Hoang Độc Chi Linh Động Thiên Y	Áo	100	giao dịch được	荒毒之灵动天衣
10443601	Vô Tướng Chi Tích Bì Cừu	Áo	1	giao dịch được	无相之蜥皮裘
10443602	Vô Tướng Chi Tích Bì Cừu	Áo	2	giao dịch được	无相之蜥皮裘
10443603	Vô Tướng Chi Tích Bì Cừu	Áo	3	giao dịch được	无相之蜥皮裘
10443604	Vô Tướng Chi Tích Bì Cừu	Áo	4	giao dịch được	无相之蜥皮裘
10443605	Vô Tướng Chi Tích Bì Cừu	Áo	5	giao dịch được	无相之蜥皮裘
10443606	Vô Tướng Chi Tích Bì Cừu	Áo	6	giao dịch được	无相之蜥皮裘
10443607	Vô Tướng Chi Tích Bì Cừu	Áo	7	giao dịch được	无相之蜥皮裘
10443608	Vô Tướng Chi Tích Bì Cừu	Áo	8	giao dịch được	无相之蜥皮裘
10443609	Vô Tướng Chi Tích Bì Cừu	Áo	9	giao dịch được	无相之蜥皮裘
10443610	Vô Tướng Chi Tích Bì Cừu	Áo	10	giao dịch được	无相之蜥皮裘
10443611	Vô Tướng Chi Ngân Bì Cừu	Áo	11	giao dịch được	无相之银皮裘
10443612	Vô Tướng Chi Ngân Bì Cừu	Áo	12	giao dịch được	无相之银皮裘
10443613	Vô Tướng Chi Ngân Bì Cừu	Áo	13	giao dịch được	无相之银皮裘
10443614	Vô Tướng Chi Ngân Bì Cừu	Áo	14	giao dịch được	无相之银皮裘
10443615	Vô Tướng Chi Ngân Bì Cừu	Áo	15	giao dịch được	无相之银皮裘
10443616	Vô Tướng Chi Ngân Bì Cừu	Áo	16	giao dịch được	无相之银皮裘
10443617	Vô Tướng Chi Ngân Bì Cừu	Áo	17	giao dịch được	无相之银皮裘
10443618	Vô Tướng Chi Ngân Bì Cừu	Áo	18	giao dịch được	无相之银皮裘
10443619	Vô Tướng Chi Ngân Bì Cừu	Áo	19	giao dịch được	无相之银皮裘
10443620	Vô Tướng Chi Ngân Bì Cừu	Áo	20	giao dịch được	无相之银皮裘
10443621	Vô Tướng Chi Bì Lân Cừu	Áo	21	giao dịch được	无相之皮麟裘
10443622	Vô Tướng Chi Bì Lân Cừu	Áo	22	giao dịch được	无相之皮麟裘
10443623	Vô Tướng Chi Bì Lân Cừu	Áo	23	giao dịch được	无相之皮麟裘
10443624	Vô Tướng Chi Bì Lân Cừu	Áo	24	giao dịch được	无相之皮麟裘
10443625	Vô Tướng Chi Bì Lân Cừu	Áo	25	giao dịch được	无相之皮麟裘
10443626	Vô Tướng Chi Bì Lân Cừu	Áo	26	giao dịch được	无相之皮麟裘
10443627	Vô Tướng Chi Bì Lân Cừu	Áo	27	giao dịch được	无相之皮麟裘
10443628	Vô Tướng Chi Bì Lân Cừu	Áo	28	giao dịch được	无相之皮麟裘
10443629	Vô Tướng Chi Bì Lân Cừu	Áo	29	giao dịch được	无相之皮麟裘
10443630	Vô Tướng Chi Bì Lân Cừu	Áo	30	giao dịch được	无相之皮麟裘
10443631	Vô Tướng Chi Dao Tiên Cừu	Áo	31	giao dịch được	无相之瑶仙裘
10443632	Vô Tướng Chi Dao Tiên Cừu	Áo	32	giao dịch được	无相之瑶仙裘
10443633	Vô Tướng Chi Dao Tiên Cừu	Áo	33	giao dịch được	无相之瑶仙裘
10443634	Vô Tướng Chi Dao Tiên Cừu	Áo	34	giao dịch được	无相之瑶仙裘
10443635	Vô Tướng Chi Dao Tiên Cừu	Áo	35	giao dịch được	无相之瑶仙裘
10443636	Vô Tướng Chi Dao Tiên Cừu	Áo	36	giao dịch được	无相之瑶仙裘
10443637	Vô Tướng Chi Dao Tiên Cừu	Áo	37	giao dịch được	无相之瑶仙裘
10443638	Vô Tướng Chi Dao Tiên Cừu	Áo	38	giao dịch được	无相之瑶仙裘
10443639	Vô Tướng Chi Dao Tiên Cừu	Áo	39	giao dịch được	无相之瑶仙裘
10443640	Vô Tướng Chi Dao Tiên Cừu	Áo	40	giao dịch được	无相之瑶仙裘
10443641	Vô Tướng Chi Thiều Hoa Cừu	Áo	41	giao dịch được	无相之韶华裘
10443642	Vô Tướng Chi Thiều Hoa Cừu	Áo	42	giao dịch được	无相之韶华裘
10443643	Vô Tướng Chi Thiều Hoa Cừu	Áo	43	giao dịch được	无相之韶华裘
10443644	Vô Tướng Chi Thiều Hoa Cừu	Áo	44	giao dịch được	无相之韶华裘
10443645	Vô Tướng Chi Thiều Hoa Cừu	Áo	45	giao dịch được	无相之韶华裘
10443646	Vô Tướng Chi Thiều Hoa Cừu	Áo	46	giao dịch được	无相之韶华裘
10443647	Vô Tướng Chi Thiều Hoa Cừu	Áo	47	giao dịch được	无相之韶华裘
10443648	Vô Tướng Chi Thiều Hoa Cừu	Áo	48	giao dịch được	无相之韶华裘
10443649	Vô Tướng Chi Thiều Hoa Cừu	Áo	49	giao dịch được	无相之韶华裘
10443650	Vô Tướng Chi Thiều Hoa Cừu	Áo	50	giao dịch được	无相之韶华裘
10443651	Vô Tướng Chi Ngân Tiêu Cừu	Áo	51	giao dịch được	无相之银霄裘
10443652	Vô Tướng Chi Ngân Tiêu Cừu	Áo	52	giao dịch được	无相之银霄裘
10443653	Vô Tướng Chi Ngân Tiêu Cừu	Áo	53	giao dịch được	无相之银霄裘
10443654	Vô Tướng Chi Ngân Tiêu Cừu	Áo	54	giao dịch được	无相之银霄裘
10443655	Vô Tướng Chi Ngân Tiêu Cừu	Áo	55	giao dịch được	无相之银霄裘
10443656	Vô Tướng Chi Ngân Tiêu Cừu	Áo	56	giao dịch được	无相之银霄裘
10443657	Vô Tướng Chi Ngân Tiêu Cừu	Áo	57	giao dịch được	无相之银霄裘
10443658	Vô Tướng Chi Ngân Tiêu Cừu	Áo	58	giao dịch được	无相之银霄裘
10443659	Vô Tướng Chi Ngân Tiêu Cừu	Áo	59	giao dịch được	无相之银霄裘
10443660	Vô Tướng Chi Ngân Tiêu Cừu	Áo	60	giao dịch được	无相之银霄裘
10443661	Vô Tướng Chi Quỷ Vụ Cừu	Áo	61	giao dịch được	无相之鬼雾裘
10443662	Vô Tướng Chi Quỷ Vụ Cừu	Áo	62	giao dịch được	无相之鬼雾裘
10443663	Vô Tướng Chi Quỷ Vụ Cừu	Áo	63	giao dịch được	无相之鬼雾裘
10443664	Vô Tướng Chi Quỷ Vụ Cừu	Áo	64	giao dịch được	无相之鬼雾裘
10443665	Vô Tướng Chi Quỷ Vụ Cừu	Áo	65	giao dịch được	无相之鬼雾裘
10443666	Vô Tướng Chi Quỷ Vụ Cừu	Áo	66	giao dịch được	无相之鬼雾裘
10443667	Vô Tướng Chi Quỷ Vụ Cừu	Áo	67	giao dịch được	无相之鬼雾裘
10443668	Vô Tướng Chi Quỷ Vụ Cừu	Áo	68	giao dịch được	无相之鬼雾裘
10443669	Vô Tướng Chi Quỷ Vụ Cừu	Áo	69	giao dịch được	无相之鬼雾裘
10443670	Vô Tướng Chi Quỷ Vụ Cừu	Áo	70	giao dịch được	无相之鬼雾裘
10443671	Vô Tướng Chi Luyện Loan Tiên Cừu	Áo	71	giao dịch được	无相之炼鸾仙裘
10443672	Vô Tướng Chi Luyện Loan Tiên Cừu	Áo	72	giao dịch được	无相之炼鸾仙裘
10443673	Vô Tướng Chi Luyện Loan Tiên Cừu	Áo	73	giao dịch được	无相之炼鸾仙裘
10443674	Vô Tướng Chi Luyện Loan Tiên Cừu	Áo	74	giao dịch được	无相之炼鸾仙裘
10443675	Vô Tướng Chi Luyện Loan Tiên Cừu	Áo	75	giao dịch được	无相之炼鸾仙裘
10443676	Vô Tướng Chi Luyện Loan Tiên Cừu	Áo	76	giao dịch được	无相之炼鸾仙裘
10443677	Vô Tướng Chi Luyện Loan Tiên Cừu	Áo	77	giao dịch được	无相之炼鸾仙裘
10443678	Vô Tướng Chi Luyện Loan Tiên Cừu	Áo	78	giao dịch được	无相之炼鸾仙裘
10443679	Vô Tướng Chi Luyện Loan Tiên Cừu	Áo	79	giao dịch được	无相之炼鸾仙裘
10443680	Vô Tướng Chi Luyện Loan Tiên Cừu	Áo	80	giao dịch được	无相之炼鸾仙裘
10443681	Vô Tướng Chi Mị Giao Thánh Cừu	Áo	81	giao dịch được	无相之魅蛟圣裘
10443682	Vô Tướng Chi Mị Giao Thánh Cừu	Áo	82	giao dịch được	无相之魅蛟圣裘
10443683	Vô Tướng Chi Mị Giao Thánh Cừu	Áo	83	giao dịch được	无相之魅蛟圣裘
10443684	Vô Tướng Chi Mị Giao Thánh Cừu	Áo	84	giao dịch được	无相之魅蛟圣裘
10443685	Vô Tướng Chi Mị Giao Thánh Cừu	Áo	85	giao dịch được	无相之魅蛟圣裘
10443686	Vô Tướng Chi Mị Giao Thánh Cừu	Áo	86	giao dịch được	无相之魅蛟圣裘
10443687	Vô Tướng Chi Mị Giao Thánh Cừu	Áo	87	giao dịch được	无相之魅蛟圣裘
10443688	Vô Tướng Chi Mị Giao Thánh Cừu	Áo	88	giao dịch được	无相之魅蛟圣裘
10443689	Vô Tướng Chi Mị Giao Thánh Cừu	Áo	89	giao dịch được	无相之魅蛟圣裘
10443690	Vô Tướng Chi Mị Giao Thánh Cừu	Áo	90	giao dịch được	无相之魅蛟圣裘
10443691	Vô Tướng Chi Toan Nghê Thiên Cừu	Áo	91	giao dịch được	无相之狻猊天裘
10443692	Vô Tướng Chi Toan Nghê Thiên Cừu	Áo	92	giao dịch được	无相之狻猊天裘
10443693	Vô Tướng Chi Toan Nghê Thiên Cừu	Áo	93	giao dịch được	无相之狻猊天裘
10443694	Vô Tướng Chi Toan Nghê Thiên Cừu	Áo	94	giao dịch được	无相之狻猊天裘
10443695	Vô Tướng Chi Toan Nghê Thiên Cừu	Áo	95	giao dịch được	无相之狻猊天裘
10443696	Vô Tướng Chi Toan Nghê Thiên Cừu	Áo	96	giao dịch được	无相之狻猊天裘
10443697	Vô Tướng Chi Toan Nghê Thiên Cừu	Áo	97	giao dịch được	无相之狻猊天裘
10443698	Vô Tướng Chi Toan Nghê Thiên Cừu	Áo	98	giao dịch được	无相之狻猊天裘
10443699	Vô Tướng Chi Toan Nghê Thiên Cừu	Áo	99	giao dịch được	无相之狻猊天裘
10443700	Vô Tướng Chi Toan Nghê Thiên Cừu	Áo	100	giao dịch được	无相之狻猊天裘
10443701	Bắc Minh Chi Tích Bì Cừu	Áo	1	giao dịch được	北冥之蜥皮裘
10443702	Bắc Minh Chi Tích Bì Cừu	Áo	2	giao dịch được	北冥之蜥皮裘
10443703	Bắc Minh Chi Tích Bì Cừu	Áo	3	giao dịch được	北冥之蜥皮裘
10443704	Bắc Minh Chi Tích Bì Cừu	Áo	4	giao dịch được	北冥之蜥皮裘
10443705	Bắc Minh Chi Tích Bì Cừu	Áo	5	giao dịch được	北冥之蜥皮裘
10443706	Bắc Minh Chi Tích Bì Cừu	Áo	6	giao dịch được	北冥之蜥皮裘
10443707	Bắc Minh Chi Tích Bì Cừu	Áo	7	giao dịch được	北冥之蜥皮裘
10443708	Bắc Minh Chi Tích Bì Cừu	Áo	8	giao dịch được	北冥之蜥皮裘
10443709	Bắc Minh Chi Tích Bì Cừu	Áo	9	giao dịch được	北冥之蜥皮裘
10443710	Bắc Minh Chi Tích Bì Cừu	Áo	10	giao dịch được	北冥之蜥皮裘
10443711	Bắc Minh Chi Ngân Bì Cừu	Áo	11	giao dịch được	北冥之银皮裘
10443712	Bắc Minh Chi Ngân Bì Cừu	Áo	12	giao dịch được	北冥之银皮裘
10443713	Bắc Minh Chi Ngân Bì Cừu	Áo	13	giao dịch được	北冥之银皮裘
10443714	Bắc Minh Chi Ngân Bì Cừu	Áo	14	giao dịch được	北冥之银皮裘
10443715	Bắc Minh Chi Ngân Bì Cừu	Áo	15	giao dịch được	北冥之银皮裘
10443716	Bắc Minh Chi Ngân Bì Cừu	Áo	16	giao dịch được	北冥之银皮裘
10443717	Bắc Minh Chi Ngân Bì Cừu	Áo	17	giao dịch được	北冥之银皮裘
10443718	Bắc Minh Chi Ngân Bì Cừu	Áo	18	giao dịch được	北冥之银皮裘
10443719	Bắc Minh Chi Ngân Bì Cừu	Áo	19	giao dịch được	北冥之银皮裘
10443720	Bắc Minh Chi Ngân Bì Cừu	Áo	20	giao dịch được	北冥之银皮裘
10443721	Bắc Minh Chi Bì Lân Cừu	Áo	21	giao dịch được	北冥之皮麟裘
10443722	Bắc Minh Chi Bì Lân Cừu	Áo	22	giao dịch được	北冥之皮麟裘
10443723	Bắc Minh Chi Bì Lân Cừu	Áo	23	giao dịch được	北冥之皮麟裘
10443724	Bắc Minh Chi Bì Lân Cừu	Áo	24	giao dịch được	北冥之皮麟裘
10443725	Bắc Minh Chi Bì Lân Cừu	Áo	25	giao dịch được	北冥之皮麟裘
10443726	Bắc Minh Chi Bì Lân Cừu	Áo	26	giao dịch được	北冥之皮麟裘
10443727	Bắc Minh Chi Bì Lân Cừu	Áo	27	giao dịch được	北冥之皮麟裘
10443728	Bắc Minh Chi Bì Lân Cừu	Áo	28	giao dịch được	北冥之皮麟裘
10443729	Bắc Minh Chi Bì Lân Cừu	Áo	29	giao dịch được	北冥之皮麟裘
10443730	Bắc Minh Chi Bì Lân Cừu	Áo	30	giao dịch được	北冥之皮麟裘
10443731	Bắc Minh Chi Dao Tiên Cừu	Áo	31	giao dịch được	北冥之瑶仙裘
10443732	Bắc Minh Chi Dao Tiên Cừu	Áo	32	giao dịch được	北冥之瑶仙裘
10443733	Bắc Minh Chi Dao Tiên Cừu	Áo	33	giao dịch được	北冥之瑶仙裘
10443734	Bắc Minh Chi Dao Tiên Cừu	Áo	34	giao dịch được	北冥之瑶仙裘
10443735	Bắc Minh Chi Dao Tiên Cừu	Áo	35	giao dịch được	北冥之瑶仙裘
10443736	Bắc Minh Chi Dao Tiên Cừu	Áo	36	giao dịch được	北冥之瑶仙裘
10443737	Bắc Minh Chi Dao Tiên Cừu	Áo	37	giao dịch được	北冥之瑶仙裘
10443738	Bắc Minh Chi Dao Tiên Cừu	Áo	38	giao dịch được	北冥之瑶仙裘
10443739	Bắc Minh Chi Dao Tiên Cừu	Áo	39	giao dịch được	北冥之瑶仙裘
10443740	Bắc Minh Chi Dao Tiên Cừu	Áo	40	giao dịch được	北冥之瑶仙裘
10443741	Bắc Minh Chi Thiều Hoa Cừu	Áo	41	giao dịch được	北冥之韶华裘
10443742	Bắc Minh Chi Thiều Hoa Cừu	Áo	42	giao dịch được	北冥之韶华裘
10443743	Bắc Minh Chi Thiều Hoa Cừu	Áo	43	giao dịch được	北冥之韶华裘
10443744	Bắc Minh Chi Thiều Hoa Cừu	Áo	44	giao dịch được	北冥之韶华裘
10443745	Bắc Minh Chi Thiều Hoa Cừu	Áo	45	giao dịch được	北冥之韶华裘
10443746	Bắc Minh Chi Thiều Hoa Cừu	Áo	46	giao dịch được	北冥之韶华裘
10443747	Bắc Minh Chi Thiều Hoa Cừu	Áo	47	giao dịch được	北冥之韶华裘
10443748	Bắc Minh Chi Thiều Hoa Cừu	Áo	48	giao dịch được	北冥之韶华裘
10443749	Bắc Minh Chi Thiều Hoa Cừu	Áo	49	giao dịch được	北冥之韶华裘
10443750	Bắc Minh Chi Thiều Hoa Cừu	Áo	50	giao dịch được	北冥之韶华裘
10443751	Bắc Minh Chi Ngân Tiêu Cừu	Áo	51	giao dịch được	北冥之银霄裘
10443752	Bắc Minh Chi Ngân Tiêu Cừu	Áo	52	giao dịch được	北冥之银霄裘
10443753	Bắc Minh Chi Ngân Tiêu Cừu	Áo	53	giao dịch được	北冥之银霄裘
10443754	Bắc Minh Chi Ngân Tiêu Cừu	Áo	54	giao dịch được	北冥之银霄裘
10443755	Bắc Minh Chi Ngân Tiêu Cừu	Áo	55	giao dịch được	北冥之银霄裘
10443756	Bắc Minh Chi Ngân Tiêu Cừu	Áo	56	giao dịch được	北冥之银霄裘
10443757	Bắc Minh Chi Ngân Tiêu Cừu	Áo	57	giao dịch được	北冥之银霄裘
10443758	Bắc Minh Chi Ngân Tiêu Cừu	Áo	58	giao dịch được	北冥之银霄裘
10443759	Bắc Minh Chi Ngân Tiêu Cừu	Áo	59	giao dịch được	北冥之银霄裘
10443760	Bắc Minh Chi Ngân Tiêu Cừu	Áo	60	giao dịch được	北冥之银霄裘
10443761	Bắc Minh Chi Quỷ Vụ Cừu	Áo	61	giao dịch được	北冥之鬼雾裘
10443762	Bắc Minh Chi Quỷ Vụ Cừu	Áo	62	giao dịch được	北冥之鬼雾裘
10443763	Bắc Minh Chi Quỷ Vụ Cừu	Áo	63	giao dịch được	北冥之鬼雾裘
10443764	Bắc Minh Chi Quỷ Vụ Cừu	Áo	64	giao dịch được	北冥之鬼雾裘
10443765	Bắc Minh Chi Quỷ Vụ Cừu	Áo	65	giao dịch được	北冥之鬼雾裘
10443766	Bắc Minh Chi Quỷ Vụ Cừu	Áo	66	giao dịch được	北冥之鬼雾裘
10443767	Bắc Minh Chi Quỷ Vụ Cừu	Áo	67	giao dịch được	北冥之鬼雾裘
10443768	Bắc Minh Chi Quỷ Vụ Cừu	Áo	68	giao dịch được	北冥之鬼雾裘
10443769	Bắc Minh Chi Quỷ Vụ Cừu	Áo	69	giao dịch được	北冥之鬼雾裘
10443770	Bắc Minh Chi Quỷ Vụ Cừu	Áo	70	giao dịch được	北冥之鬼雾裘
10443771	Bắc Minh Chi Luyện Loan Tiên Cừu	Áo	71	giao dịch được	北冥之炼鸾仙裘
10443772	Bắc Minh Chi Luyện Loan Tiên Cừu	Áo	72	giao dịch được	北冥之炼鸾仙裘
10443773	Bắc Minh Chi Luyện Loan Tiên Cừu	Áo	73	giao dịch được	北冥之炼鸾仙裘
10443774	Bắc Minh Chi Luyện Loan Tiên Cừu	Áo	74	giao dịch được	北冥之炼鸾仙裘
10443775	Bắc Minh Chi Luyện Loan Tiên Cừu	Áo	75	giao dịch được	北冥之炼鸾仙裘
10443776	Bắc Minh Chi Luyện Loan Tiên Cừu	Áo	76	giao dịch được	北冥之炼鸾仙裘
10443777	Bắc Minh Chi Luyện Loan Tiên Cừu	Áo	77	giao dịch được	北冥之炼鸾仙裘
10443778	Bắc Minh Chi Luyện Loan Tiên Cừu	Áo	78	giao dịch được	北冥之炼鸾仙裘
10443779	Bắc Minh Chi Luyện Loan Tiên Cừu	Áo	79	giao dịch được	北冥之炼鸾仙裘
10443780	Bắc Minh Chi Luyện Loan Tiên Cừu	Áo	80	giao dịch được	北冥之炼鸾仙裘
10443781	Bắc Minh Chi Mị Giao Thánh Cừu	Áo	81	giao dịch được	北冥之魅蛟圣裘
10443782	Bắc Minh Chi Mị Giao Thánh Cừu	Áo	82	giao dịch được	北冥之魅蛟圣裘
10443783	Bắc Minh Chi Mị Giao Thánh Cừu	Áo	83	giao dịch được	北冥之魅蛟圣裘
10443784	Bắc Minh Chi Mị Giao Thánh Cừu	Áo	84	giao dịch được	北冥之魅蛟圣裘
10443785	Bắc Minh Chi Mị Giao Thánh Cừu	Áo	85	giao dịch được	北冥之魅蛟圣裘
10443786	Bắc Minh Chi Mị Giao Thánh Cừu	Áo	86	giao dịch được	北冥之魅蛟圣裘
10443787	Bắc Minh Chi Mị Giao Thánh Cừu	Áo	87	giao dịch được	北冥之魅蛟圣裘
10443788	Bắc Minh Chi Mị Giao Thánh Cừu	Áo	88	giao dịch được	北冥之魅蛟圣裘
10443789	Bắc Minh Chi Mị Giao Thánh Cừu	Áo	89	giao dịch được	北冥之魅蛟圣裘
10443790	Bắc Minh Chi Mị Giao Thánh Cừu	Áo	90	giao dịch được	北冥之魅蛟圣裘
10443791	Bắc Minh Chi Toan Nghê Thiên Cừu	Áo	91	giao dịch được	北冥之狻猊天裘
10443792	Bắc Minh Chi Toan Nghê Thiên Cừu	Áo	92	giao dịch được	北冥之狻猊天裘
10443793	Bắc Minh Chi Toan Nghê Thiên Cừu	Áo	93	giao dịch được	北冥之狻猊天裘
10443794	Bắc Minh Chi Toan Nghê Thiên Cừu	Áo	94	giao dịch được	北冥之狻猊天裘
10443795	Bắc Minh Chi Toan Nghê Thiên Cừu	Áo	95	giao dịch được	北冥之狻猊天裘
10443796	Bắc Minh Chi Toan Nghê Thiên Cừu	Áo	96	giao dịch được	北冥之狻猊天裘
10443797	Bắc Minh Chi Toan Nghê Thiên Cừu	Áo	97	giao dịch được	北冥之狻猊天裘
10443798	Bắc Minh Chi Toan Nghê Thiên Cừu	Áo	98	giao dịch được	北冥之狻猊天裘
10443799	Bắc Minh Chi Toan Nghê Thiên Cừu	Áo	99	giao dịch được	北冥之狻猊天裘
10443800	Bắc Minh Chi Toan Nghê Thiên Cừu	Áo	100	giao dịch được	北冥之狻猊天裘
10443801	Ngưng Mạch Chi Tích Bì Cừu	Áo	1	giao dịch được	凝脉之蜥皮裘
10443802	Ngưng Mạch Chi Tích Bì Cừu	Áo	2	giao dịch được	凝脉之蜥皮裘
10443803	Ngưng Mạch Chi Tích Bì Cừu	Áo	3	giao dịch được	凝脉之蜥皮裘
10443804	Ngưng Mạch Chi Tích Bì Cừu	Áo	4	giao dịch được	凝脉之蜥皮裘
10443805	Ngưng Mạch Chi Tích Bì Cừu	Áo	5	giao dịch được	凝脉之蜥皮裘
10443806	Ngưng Mạch Chi Tích Bì Cừu	Áo	6	giao dịch được	凝脉之蜥皮裘
10443807	Ngưng Mạch Chi Tích Bì Cừu	Áo	7	giao dịch được	凝脉之蜥皮裘
10443808	Ngưng Mạch Chi Tích Bì Cừu	Áo	8	giao dịch được	凝脉之蜥皮裘
10443809	Ngưng Mạch Chi Tích Bì Cừu	Áo	9	giao dịch được	凝脉之蜥皮裘
10443810	Ngưng Mạch Chi Tích Bì Cừu	Áo	10	giao dịch được	凝脉之蜥皮裘
10443811	Ngưng Mạch Chi Ngân Bì Cừu	Áo	11	giao dịch được	凝脉之银皮裘
10443812	Ngưng Mạch Chi Ngân Bì Cừu	Áo	12	giao dịch được	凝脉之银皮裘
10443813	Ngưng Mạch Chi Ngân Bì Cừu	Áo	13	giao dịch được	凝脉之银皮裘
10443814	Ngưng Mạch Chi Ngân Bì Cừu	Áo	14	giao dịch được	凝脉之银皮裘
10443815	Ngưng Mạch Chi Ngân Bì Cừu	Áo	15	giao dịch được	凝脉之银皮裘
10443816	Ngưng Mạch Chi Ngân Bì Cừu	Áo	16	giao dịch được	凝脉之银皮裘
10443817	Ngưng Mạch Chi Ngân Bì Cừu	Áo	17	giao dịch được	凝脉之银皮裘
10443818	Ngưng Mạch Chi Ngân Bì Cừu	Áo	18	giao dịch được	凝脉之银皮裘
10443819	Ngưng Mạch Chi Ngân Bì Cừu	Áo	19	giao dịch được	凝脉之银皮裘
10443820	Ngưng Mạch Chi Ngân Bì Cừu	Áo	20	giao dịch được	凝脉之银皮裘
10443821	Ngưng Mạch Chi Bì Lân Cừu	Áo	21	giao dịch được	凝脉之皮麟裘
10443822	Ngưng Mạch Chi Bì Lân Cừu	Áo	22	giao dịch được	凝脉之皮麟裘
10443823	Ngưng Mạch Chi Bì Lân Cừu	Áo	23	giao dịch được	凝脉之皮麟裘
10443824	Ngưng Mạch Chi Bì Lân Cừu	Áo	24	giao dịch được	凝脉之皮麟裘
10443825	Ngưng Mạch Chi Bì Lân Cừu	Áo	25	giao dịch được	凝脉之皮麟裘
10443826	Ngưng Mạch Chi Bì Lân Cừu	Áo	26	giao dịch được	凝脉之皮麟裘
10443827	Ngưng Mạch Chi Bì Lân Cừu	Áo	27	giao dịch được	凝脉之皮麟裘
10443828	Ngưng Mạch Chi Bì Lân Cừu	Áo	28	giao dịch được	凝脉之皮麟裘
10443829	Ngưng Mạch Chi Bì Lân Cừu	Áo	29	giao dịch được	凝脉之皮麟裘
10443830	Ngưng Mạch Chi Bì Lân Cừu	Áo	30	giao dịch được	凝脉之皮麟裘
10443831	Ngưng Mạch Chi Dao Tiên Cừu	Áo	31	giao dịch được	凝脉之瑶仙裘
10443832	Ngưng Mạch Chi Dao Tiên Cừu	Áo	32	giao dịch được	凝脉之瑶仙裘
10443833	Ngưng Mạch Chi Dao Tiên Cừu	Áo	33	giao dịch được	凝脉之瑶仙裘
10443834	Ngưng Mạch Chi Dao Tiên Cừu	Áo	34	giao dịch được	凝脉之瑶仙裘
10443835	Ngưng Mạch Chi Dao Tiên Cừu	Áo	35	giao dịch được	凝脉之瑶仙裘
10443836	Ngưng Mạch Chi Dao Tiên Cừu	Áo	36	giao dịch được	凝脉之瑶仙裘
10443837	Ngưng Mạch Chi Dao Tiên Cừu	Áo	37	giao dịch được	凝脉之瑶仙裘
10443838	Ngưng Mạch Chi Dao Tiên Cừu	Áo	38	giao dịch được	凝脉之瑶仙裘
10443839	Ngưng Mạch Chi Dao Tiên Cừu	Áo	39	giao dịch được	凝脉之瑶仙裘
10443840	Ngưng Mạch Chi Dao Tiên Cừu	Áo	40	giao dịch được	凝脉之瑶仙裘
10443841	Ngưng Mạch Chi Thiều Hoa Cừu	Áo	41	giao dịch được	凝脉之韶华裘
10443842	Ngưng Mạch Chi Thiều Hoa Cừu	Áo	42	giao dịch được	凝脉之韶华裘
10443843	Ngưng Mạch Chi Thiều Hoa Cừu	Áo	43	giao dịch được	凝脉之韶华裘
10443844	Ngưng Mạch Chi Thiều Hoa Cừu	Áo	44	giao dịch được	凝脉之韶华裘
10443845	Ngưng Mạch Chi Thiều Hoa Cừu	Áo	45	giao dịch được	凝脉之韶华裘
10443846	Ngưng Mạch Chi Thiều Hoa Cừu	Áo	46	giao dịch được	凝脉之韶华裘
10443847	Ngưng Mạch Chi Thiều Hoa Cừu	Áo	47	giao dịch được	凝脉之韶华裘
10443848	Ngưng Mạch Chi Thiều Hoa Cừu	Áo	48	giao dịch được	凝脉之韶华裘
10443849	Ngưng Mạch Chi Thiều Hoa Cừu	Áo	49	giao dịch được	凝脉之韶华裘
10443850	Ngưng Mạch Chi Thiều Hoa Cừu	Áo	50	giao dịch được	凝脉之韶华裘
10443851	Ngưng Mạch Chi Ngân Tiêu Cừu	Áo	51	giao dịch được	凝脉之银霄裘
10443852	Ngưng Mạch Chi Ngân Tiêu Cừu	Áo	52	giao dịch được	凝脉之银霄裘
10443853	Ngưng Mạch Chi Ngân Tiêu Cừu	Áo	53	giao dịch được	凝脉之银霄裘
10443854	Ngưng Mạch Chi Ngân Tiêu Cừu	Áo	54	giao dịch được	凝脉之银霄裘
10443855	Ngưng Mạch Chi Ngân Tiêu Cừu	Áo	55	giao dịch được	凝脉之银霄裘
10443856	Ngưng Mạch Chi Ngân Tiêu Cừu	Áo	56	giao dịch được	凝脉之银霄裘
10443857	Ngưng Mạch Chi Ngân Tiêu Cừu	Áo	57	giao dịch được	凝脉之银霄裘
10443858	Ngưng Mạch Chi Ngân Tiêu Cừu	Áo	58	giao dịch được	凝脉之银霄裘
10443859	Ngưng Mạch Chi Ngân Tiêu Cừu	Áo	59	giao dịch được	凝脉之银霄裘
10443860	Ngưng Mạch Chi Ngân Tiêu Cừu	Áo	60	giao dịch được	凝脉之银霄裘
10443861	Ngưng Mạch Chi Quỷ Vụ Cừu	Áo	61	giao dịch được	凝脉之鬼雾裘
10443862	Ngưng Mạch Chi Quỷ Vụ Cừu	Áo	62	giao dịch được	凝脉之鬼雾裘
10443863	Ngưng Mạch Chi Quỷ Vụ Cừu	Áo	63	giao dịch được	凝脉之鬼雾裘
10443864	Ngưng Mạch Chi Quỷ Vụ Cừu	Áo	64	giao dịch được	凝脉之鬼雾裘
10443865	Ngưng Mạch Chi Quỷ Vụ Cừu	Áo	65	giao dịch được	凝脉之鬼雾裘
10443866	Ngưng Mạch Chi Quỷ Vụ Cừu	Áo	66	giao dịch được	凝脉之鬼雾裘
10443867	Ngưng Mạch Chi Quỷ Vụ Cừu	Áo	67	giao dịch được	凝脉之鬼雾裘
10443868	Ngưng Mạch Chi Quỷ Vụ Cừu	Áo	68	giao dịch được	凝脉之鬼雾裘
10443869	Ngưng Mạch Chi Quỷ Vụ Cừu	Áo	69	giao dịch được	凝脉之鬼雾裘
10443870	Ngưng Mạch Chi Quỷ Vụ Cừu	Áo	70	giao dịch được	凝脉之鬼雾裘
10443871	Ngưng Mạch Chi Luyện Loan Tiên Cừu	Áo	71	giao dịch được	凝脉之炼鸾仙裘
10443872	Ngưng Mạch Chi Luyện Loan Tiên Cừu	Áo	72	giao dịch được	凝脉之炼鸾仙裘
10443873	Ngưng Mạch Chi Luyện Loan Tiên Cừu	Áo	73	giao dịch được	凝脉之炼鸾仙裘
10443874	Ngưng Mạch Chi Luyện Loan Tiên Cừu	Áo	74	giao dịch được	凝脉之炼鸾仙裘
10443875	Ngưng Mạch Chi Luyện Loan Tiên Cừu	Áo	75	giao dịch được	凝脉之炼鸾仙裘
10443876	Ngưng Mạch Chi Luyện Loan Tiên Cừu	Áo	76	giao dịch được	凝脉之炼鸾仙裘
10443877	Ngưng Mạch Chi Luyện Loan Tiên Cừu	Áo	77	giao dịch được	凝脉之炼鸾仙裘
10443878	Ngưng Mạch Chi Luyện Loan Tiên Cừu	Áo	78	giao dịch được	凝脉之炼鸾仙裘
10443879	Ngưng Mạch Chi Luyện Loan Tiên Cừu	Áo	79	giao dịch được	凝脉之炼鸾仙裘
10443880	Ngưng Mạch Chi Luyện Loan Tiên Cừu	Áo	80	giao dịch được	凝脉之炼鸾仙裘
10443881	Ngưng Mạch Chi Mị Giao Thánh Cừu	Áo	81	giao dịch được	凝脉之魅蛟圣裘
10443882	Ngưng Mạch Chi Mị Giao Thánh Cừu	Áo	82	giao dịch được	凝脉之魅蛟圣裘
10443883	Ngưng Mạch Chi Mị Giao Thánh Cừu	Áo	83	giao dịch được	凝脉之魅蛟圣裘
10443884	Ngưng Mạch Chi Mị Giao Thánh Cừu	Áo	84	giao dịch được	凝脉之魅蛟圣裘
10443885	Ngưng Mạch Chi Mị Giao Thánh Cừu	Áo	85	giao dịch được	凝脉之魅蛟圣裘
10443886	Ngưng Mạch Chi Mị Giao Thánh Cừu	Áo	86	giao dịch được	凝脉之魅蛟圣裘
10443887	Ngưng Mạch Chi Mị Giao Thánh Cừu	Áo	87	giao dịch được	凝脉之魅蛟圣裘
10443888	Ngưng Mạch Chi Mị Giao Thánh Cừu	Áo	88	giao dịch được	凝脉之魅蛟圣裘
10443889	Ngưng Mạch Chi Mị Giao Thánh Cừu	Áo	89	giao dịch được	凝脉之魅蛟圣裘
10443890	Ngưng Mạch Chi Mị Giao Thánh Cừu	Áo	90	giao dịch được	凝脉之魅蛟圣裘
10443891	Ngưng Mạch Chi Toan Nghê Thiên Cừu	Áo	91	giao dịch được	凝脉之狻猊天裘
10443892	Ngưng Mạch Chi Toan Nghê Thiên Cừu	Áo	92	giao dịch được	凝脉之狻猊天裘
10443893	Ngưng Mạch Chi Toan Nghê Thiên Cừu	Áo	93	giao dịch được	凝脉之狻猊天裘
10443894	Ngưng Mạch Chi Toan Nghê Thiên Cừu	Áo	94	giao dịch được	凝脉之狻猊天裘
10443895	Ngưng Mạch Chi Toan Nghê Thiên Cừu	Áo	95	giao dịch được	凝脉之狻猊天裘
10443896	Ngưng Mạch Chi Toan Nghê Thiên Cừu	Áo	96	giao dịch được	凝脉之狻猊天裘
10443897	Ngưng Mạch Chi Toan Nghê Thiên Cừu	Áo	97	giao dịch được	凝脉之狻猊天裘
10443898	Ngưng Mạch Chi Toan Nghê Thiên Cừu	Áo	98	giao dịch được	凝脉之狻猊天裘
10443899	Ngưng Mạch Chi Toan Nghê Thiên Cừu	Áo	99	giao dịch được	凝脉之狻猊天裘
10443900	Ngưng Mạch Chi Toan Nghê Thiên Cừu	Áo	100	giao dịch được	凝脉之狻猊天裘
10443901	Biến Hình Trắc Thí Y	Áo	81	giao dịch được	变形测试衣
10443902	(chưa dùng)	Áo	82	giao dịch được	未使用
10443903	(chưa dùng)	Áo	83	giao dịch được	未使用
10443904	(chưa dùng)	Áo	84	giao dịch được	未使用
10443905	(chưa dùng)	Áo	85	giao dịch được	未使用
10443906	(chưa dùng)	Áo	86	giao dịch được	未使用
10443907	(chưa dùng)	Áo	87	giao dịch được	未使用
10443908	(chưa dùng)	Áo	88	giao dịch được	未使用
10443909	(chưa dùng)	Áo	89	giao dịch được	未使用
10443910	(chưa dùng)	Áo	90	giao dịch được	未使用
10443911	(chưa dùng)	Áo	81	giao dịch được	未使用
10443912	(chưa dùng)	Áo	82	giao dịch được	未使用
10443913	(chưa dùng)	Áo	83	giao dịch được	未使用
10443914	(chưa dùng)	Áo	84	giao dịch được	未使用
10443915	(chưa dùng)	Áo	85	giao dịch được	未使用
10443916	(chưa dùng)	Áo	86	giao dịch được	未使用
10443917	(chưa dùng)	Áo	87	giao dịch được	未使用
10443918	(chưa dùng)	Áo	88	giao dịch được	未使用
10443919	(chưa dùng)	Áo	89	giao dịch được	未使用
10443920	(chưa dùng)	Áo	90	giao dịch được	未使用
10443921	(chưa dùng)	Áo	81	giao dịch được	未使用
10443922	(chưa dùng)	Áo	82	giao dịch được	未使用
10443923	(chưa dùng)	Áo	83	giao dịch được	未使用
10443924	(chưa dùng)	Áo	84	giao dịch được	未使用
10443925	(chưa dùng)	Áo	85	giao dịch được	未使用
10443926	(chưa dùng)	Áo	86	giao dịch được	未使用
10443927	(chưa dùng)	Áo	87	giao dịch được	未使用
10443928	(chưa dùng)	Áo	88	giao dịch được	未使用
10443929	(chưa dùng)	Áo	89	giao dịch được	未使用
10443930	(chưa dùng)	Áo	90	giao dịch được	未使用
10443931	(chưa dùng)	Áo	81	giao dịch được	未使用
10443932	(chưa dùng)	Áo	82	giao dịch được	未使用
10443933	(chưa dùng)	Áo	83	giao dịch được	未使用
10443934	(chưa dùng)	Áo	84	giao dịch được	未使用
10443935	(chưa dùng)	Áo	85	giao dịch được	未使用
10443936	(chưa dùng)	Áo	86	giao dịch được	未使用
10443937	(chưa dùng)	Áo	87	giao dịch được	未使用
10443938	(chưa dùng)	Áo	88	giao dịch được	未使用
10443939	(chưa dùng)	Áo	89	giao dịch được	未使用
10443940	(chưa dùng)	Áo	90	giao dịch được	未使用
10443941	(chưa dùng)	Áo	81	giao dịch được	未使用
10443942	(chưa dùng)	Áo	82	giao dịch được	未使用
10443943	(chưa dùng)	Áo	83	giao dịch được	未使用
10443944	(chưa dùng)	Áo	84	giao dịch được	未使用
10443945	(chưa dùng)	Áo	85	giao dịch được	未使用
10443946	(chưa dùng)	Áo	86	giao dịch được	未使用
10443947	(chưa dùng)	Áo	87	giao dịch được	未使用
10443948	(chưa dùng)	Áo	88	giao dịch được	未使用
10443949	(chưa dùng)	Áo	89	giao dịch được	未使用
10443950	(chưa dùng)	Áo	90	giao dịch được	未使用
10443951	(chưa dùng)	Áo	81	giao dịch được	未使用
10443952	(chưa dùng)	Áo	82	giao dịch được	未使用
10443953	(chưa dùng)	Áo	83	giao dịch được	未使用
10443954	(chưa dùng)	Áo	84	giao dịch được	未使用
10443955	(chưa dùng)	Áo	85	giao dịch được	未使用
10443956	(chưa dùng)	Áo	86	giao dịch được	未使用
10443957	(chưa dùng)	Áo	87	giao dịch được	未使用
10443958	(chưa dùng)	Áo	88	giao dịch được	未使用
10443959	(chưa dùng)	Áo	89	giao dịch được	未使用
10443960	(chưa dùng)	Áo	90	giao dịch được	未使用
10443961	(chưa dùng)	Áo	81	giao dịch được	未使用
10443962	(chưa dùng)	Áo	82	giao dịch được	未使用
10443963	(chưa dùng)	Áo	83	giao dịch được	未使用
10443964	(chưa dùng)	Áo	84	giao dịch được	未使用
10443965	(chưa dùng)	Áo	85	giao dịch được	未使用
10443966	(chưa dùng)	Áo	86	giao dịch được	未使用
10443967	(chưa dùng)	Áo	87	giao dịch được	未使用
10443968	(chưa dùng)	Áo	88	giao dịch được	未使用
10443969	(chưa dùng)	Áo	89	giao dịch được	未使用
10443970	(chưa dùng)	Áo	90	giao dịch được	未使用
10443971	(chưa dùng)	Áo	81	giao dịch được	未使用
10443972	(chưa dùng)	Áo	82	giao dịch được	未使用
10443973	(chưa dùng)	Áo	83	giao dịch được	未使用
10443974	(chưa dùng)	Áo	84	giao dịch được	未使用
10443975	(chưa dùng)	Áo	85	giao dịch được	未使用
10443976	(chưa dùng)	Áo	86	giao dịch được	未使用
10443977	(chưa dùng)	Áo	87	giao dịch được	未使用
10443978	(chưa dùng)	Áo	88	giao dịch được	未使用
10443979	(chưa dùng)	Áo	89	giao dịch được	未使用
10443980	(chưa dùng)	Áo	90	giao dịch được	未使用
10443981	(chưa dùng)	Áo	81	giao dịch được	未使用
10443982	(chưa dùng)	Áo	82	giao dịch được	未使用
10443983	(chưa dùng)	Áo	83	giao dịch được	未使用
10443984	(chưa dùng)	Áo	84	giao dịch được	未使用
10443985	(chưa dùng)	Áo	85	giao dịch được	未使用
10443986	(chưa dùng)	Áo	86	giao dịch được	未使用
10443987	(chưa dùng)	Áo	87	giao dịch được	未使用
10443988	(chưa dùng)	Áo	88	giao dịch được	未使用
10443989	(chưa dùng)	Áo	89	giao dịch được	未使用
10443990	(chưa dùng)	Áo	90	giao dịch được	未使用
10443991	(chưa dùng)	Áo	81	giao dịch được	未使用
10443992	(chưa dùng)	Áo	82	giao dịch được	未使用
10443993	(chưa dùng)	Áo	83	giao dịch được	未使用
10443994	(chưa dùng)	Áo	84	giao dịch được	未使用
10443995	(chưa dùng)	Áo	85	giao dịch được	未使用
10443996	(chưa dùng)	Áo	86	giao dịch được	未使用
10443997	(chưa dùng)	Áo	87	giao dịch được	未使用
10443998	(chưa dùng)	Áo	88	giao dịch được	未使用
10443999	(chưa dùng)	Áo	89	giao dịch được	未使用
10444001	Đạt Ma Chi Ngân Toả Oản	Hộ uyển	1	giao dịch được	达摩之银锁腕
10444002	Đạt Ma Chi Ngân Toả Oản	Hộ uyển	2	giao dịch được	达摩之银锁腕
10444003	Đạt Ma Chi Ngân Toả Oản	Hộ uyển	3	giao dịch được	达摩之银锁腕
10444004	Đạt Ma Chi Ngân Toả Oản	Hộ uyển	4	giao dịch được	达摩之银锁腕
10444005	Đạt Ma Chi Ngân Toả Oản	Hộ uyển	5	giao dịch được	达摩之银锁腕
10444006	Đạt Ma Chi Ngân Toả Oản	Hộ uyển	6	giao dịch được	达摩之银锁腕
10444007	Đạt Ma Chi Ngân Toả Oản	Hộ uyển	7	giao dịch được	达摩之银锁腕
10444008	Đạt Ma Chi Ngân Toả Oản	Hộ uyển	8	giao dịch được	达摩之银锁腕
10444009	Đạt Ma Chi Ngân Toả Oản	Hộ uyển	9	giao dịch được	达摩之银锁腕
10444010	Đạt Ma Chi Ngân Toả Oản	Hộ uyển	10	giao dịch được	达摩之银锁腕
10444011	Đạt Ma Chi Nguyệt Thiết Oản	Hộ uyển	11	giao dịch được	达摩之月铁腕
10444012	Đạt Ma Chi Nguyệt Thiết Oản	Hộ uyển	12	giao dịch được	达摩之月铁腕
10444013	Đạt Ma Chi Nguyệt Thiết Oản	Hộ uyển	13	giao dịch được	达摩之月铁腕
10444014	Đạt Ma Chi Nguyệt Thiết Oản	Hộ uyển	14	giao dịch được	达摩之月铁腕
10444015	Đạt Ma Chi Nguyệt Thiết Oản	Hộ uyển	15	giao dịch được	达摩之月铁腕
10444016	Đạt Ma Chi Nguyệt Thiết Oản	Hộ uyển	16	giao dịch được	达摩之月铁腕
10444017	Đạt Ma Chi Nguyệt Thiết Oản	Hộ uyển	17	giao dịch được	达摩之月铁腕
10444018	Đạt Ma Chi Nguyệt Thiết Oản	Hộ uyển	18	giao dịch được	达摩之月铁腕
10444019	Đạt Ma Chi Nguyệt Thiết Oản	Hộ uyển	19	giao dịch được	达摩之月铁腕
10444020	Đạt Ma Chi Nguyệt Thiết Oản	Hộ uyển	20	giao dịch được	达摩之月铁腕
10444021	Đạt Ma Chi Huyền Thiết Oản	Hộ uyển	21	giao dịch được	达摩之玄铁腕
10444022	Đạt Ma Chi Huyền Thiết Oản	Hộ uyển	22	giao dịch được	达摩之玄铁腕
10444023	Đạt Ma Chi Huyền Thiết Oản	Hộ uyển	23	giao dịch được	达摩之玄铁腕
10444024	Đạt Ma Chi Huyền Thiết Oản	Hộ uyển	24	giao dịch được	达摩之玄铁腕
10444025	Đạt Ma Chi Huyền Thiết Oản	Hộ uyển	25	giao dịch được	达摩之玄铁腕
10444026	Đạt Ma Chi Huyền Thiết Oản	Hộ uyển	26	giao dịch được	达摩之玄铁腕
10444027	Đạt Ma Chi Huyền Thiết Oản	Hộ uyển	27	giao dịch được	达摩之玄铁腕
10444028	Đạt Ma Chi Huyền Thiết Oản	Hộ uyển	28	giao dịch được	达摩之玄铁腕
10444029	Đạt Ma Chi Huyền Thiết Oản	Hộ uyển	29	giao dịch được	达摩之玄铁腕
10444030	Đạt Ma Chi Huyền Thiết Oản	Hộ uyển	30	giao dịch được	达摩之玄铁腕
10444031	Đạt Ma Chi Phong Tiêu Oản	Hộ uyển	31	giao dịch được	达摩之封霄腕
10444032	Đạt Ma Chi Phong Tiêu Oản	Hộ uyển	32	giao dịch được	达摩之封霄腕
10444033	Đạt Ma Chi Phong Tiêu Oản	Hộ uyển	33	giao dịch được	达摩之封霄腕
10444034	Đạt Ma Chi Phong Tiêu Oản	Hộ uyển	34	giao dịch được	达摩之封霄腕
10444035	Đạt Ma Chi Phong Tiêu Oản	Hộ uyển	35	giao dịch được	达摩之封霄腕
10444036	Đạt Ma Chi Phong Tiêu Oản	Hộ uyển	36	giao dịch được	达摩之封霄腕
10444037	Đạt Ma Chi Phong Tiêu Oản	Hộ uyển	37	giao dịch được	达摩之封霄腕
10444038	Đạt Ma Chi Phong Tiêu Oản	Hộ uyển	38	giao dịch được	达摩之封霄腕
10444039	Đạt Ma Chi Phong Tiêu Oản	Hộ uyển	39	giao dịch được	达摩之封霄腕
10444040	Đạt Ma Chi Phong Tiêu Oản	Hộ uyển	40	giao dịch được	达摩之封霄腕
10444041	Đạt Ma Chi Diệt Hàn Thiết Oản	Hộ uyển	41	giao dịch được	达摩之灭寒铁腕
10444042	Đạt Ma Chi Diệt Hàn Thiết Oản	Hộ uyển	42	giao dịch được	达摩之灭寒铁腕
10444043	Đạt Ma Chi Diệt Hàn Thiết Oản	Hộ uyển	43	giao dịch được	达摩之灭寒铁腕
10444044	Đạt Ma Chi Diệt Hàn Thiết Oản	Hộ uyển	44	giao dịch được	达摩之灭寒铁腕
10444045	Đạt Ma Chi Diệt Hàn Thiết Oản	Hộ uyển	45	giao dịch được	达摩之灭寒铁腕
10444046	Đạt Ma Chi Diệt Hàn Thiết Oản	Hộ uyển	46	giao dịch được	达摩之灭寒铁腕
10444047	Đạt Ma Chi Diệt Hàn Thiết Oản	Hộ uyển	47	giao dịch được	达摩之灭寒铁腕
10444048	Đạt Ma Chi Diệt Hàn Thiết Oản	Hộ uyển	48	giao dịch được	达摩之灭寒铁腕
10444049	Đạt Ma Chi Diệt Hàn Thiết Oản	Hộ uyển	49	giao dịch được	达摩之灭寒铁腕
10444050	Đạt Ma Chi Diệt Hàn Thiết Oản	Hộ uyển	50	giao dịch được	达摩之灭寒铁腕
10444051	Đạt Ma Chi Nghịch Hoả Oản	Hộ uyển	51	giao dịch được	达摩之逆火腕
10444052	Đạt Ma Chi Nghịch Hoả Oản	Hộ uyển	52	giao dịch được	达摩之逆火腕
10444053	Đạt Ma Chi Nghịch Hoả Oản	Hộ uyển	53	giao dịch được	达摩之逆火腕
10444054	Đạt Ma Chi Nghịch Hoả Oản	Hộ uyển	54	giao dịch được	达摩之逆火腕
10444055	Đạt Ma Chi Nghịch Hoả Oản	Hộ uyển	55	giao dịch được	达摩之逆火腕
10444056	Đạt Ma Chi Nghịch Hoả Oản	Hộ uyển	56	giao dịch được	达摩之逆火腕
10444057	Đạt Ma Chi Nghịch Hoả Oản	Hộ uyển	57	giao dịch được	达摩之逆火腕
10444058	Đạt Ma Chi Nghịch Hoả Oản	Hộ uyển	58	giao dịch được	达摩之逆火腕
10444059	Đạt Ma Chi Nghịch Hoả Oản	Hộ uyển	59	giao dịch được	达摩之逆火腕
10444060	Đạt Ma Chi Nghịch Hoả Oản	Hộ uyển	60	giao dịch được	达摩之逆火腕
10444061	Đạt Ma Chi Thệ Trần Oản	Hộ uyển	61	giao dịch được	达摩之誓尘腕
10444062	Đạt Ma Chi Thệ Trần Oản	Hộ uyển	62	giao dịch được	达摩之誓尘腕
10444063	Đạt Ma Chi Thệ Trần Oản	Hộ uyển	63	giao dịch được	达摩之誓尘腕
10444064	Đạt Ma Chi Thệ Trần Oản	Hộ uyển	64	giao dịch được	达摩之誓尘腕
10444065	Đạt Ma Chi Thệ Trần Oản	Hộ uyển	65	giao dịch được	达摩之誓尘腕
10444066	Đạt Ma Chi Thệ Trần Oản	Hộ uyển	66	giao dịch được	达摩之誓尘腕
10444067	Đạt Ma Chi Thệ Trần Oản	Hộ uyển	67	giao dịch được	达摩之誓尘腕
10444068	Đạt Ma Chi Thệ Trần Oản	Hộ uyển	68	giao dịch được	达摩之誓尘腕
10444069	Đạt Ma Chi Thệ Trần Oản	Hộ uyển	69	giao dịch được	达摩之誓尘腕
10444070	Đạt Ma Chi Thệ Trần Oản	Hộ uyển	70	giao dịch được	达摩之誓尘腕
10444071	Đạt Ma Chi Diệt Phách Oản	Hộ uyển	71	giao dịch được	达摩之灭魄腕
10444072	Đạt Ma Chi Diệt Phách Oản	Hộ uyển	72	giao dịch được	达摩之灭魄腕
10444073	Đạt Ma Chi Diệt Phách Oản	Hộ uyển	73	giao dịch được	达摩之灭魄腕
10444074	Đạt Ma Chi Diệt Phách Oản	Hộ uyển	74	giao dịch được	达摩之灭魄腕
10444075	Đạt Ma Chi Diệt Phách Oản	Hộ uyển	75	giao dịch được	达摩之灭魄腕
10444076	Đạt Ma Chi Diệt Phách Oản	Hộ uyển	76	giao dịch được	达摩之灭魄腕
10444077	Đạt Ma Chi Diệt Phách Oản	Hộ uyển	77	giao dịch được	达摩之灭魄腕
10444078	Đạt Ma Chi Diệt Phách Oản	Hộ uyển	78	giao dịch được	达摩之灭魄腕
10444079	Đạt Ma Chi Diệt Phách Oản	Hộ uyển	79	giao dịch được	达摩之灭魄腕
10444080	Đạt Ma Chi Diệt Phách Oản	Hộ uyển	80	giao dịch được	达摩之灭魄腕
10444081	Đạt Ma Chi Toái Hồn Thánh Oản	Hộ uyển	81	giao dịch được	达摩之碎魂圣腕
10444082	Đạt Ma Chi Toái Hồn Thánh Oản	Hộ uyển	82	giao dịch được	达摩之碎魂圣腕
10444083	Đạt Ma Chi Toái Hồn Thánh Oản	Hộ uyển	83	giao dịch được	达摩之碎魂圣腕
10444084	Đạt Ma Chi Toái Hồn Thánh Oản	Hộ uyển	84	giao dịch được	达摩之碎魂圣腕
10444085	Đạt Ma Chi Toái Hồn Thánh Oản	Hộ uyển	85	giao dịch được	达摩之碎魂圣腕
10444086	Đạt Ma Chi Toái Hồn Thánh Oản	Hộ uyển	86	giao dịch được	达摩之碎魂圣腕
10444087	Đạt Ma Chi Toái Hồn Thánh Oản	Hộ uyển	87	giao dịch được	达摩之碎魂圣腕
10444088	Đạt Ma Chi Toái Hồn Thánh Oản	Hộ uyển	88	giao dịch được	达摩之碎魂圣腕
10444089	Đạt Ma Chi Toái Hồn Thánh Oản	Hộ uyển	89	giao dịch được	达摩之碎魂圣腕
10444090	Đạt Ma Chi Toái Hồn Thánh Oản	Hộ uyển	90	giao dịch được	达摩之碎魂圣腕
10444091	Đạt Ma Chi Trập Long Thánh Oản	Hộ uyển	91	giao dịch được	达摩之蛰龙圣腕
10444092	Đạt Ma Chi Trập Long Thánh Oản	Hộ uyển	92	giao dịch được	达摩之蛰龙圣腕
10444093	Đạt Ma Chi Trập Long Thánh Oản	Hộ uyển	93	giao dịch được	达摩之蛰龙圣腕
10444094	Đạt Ma Chi Trập Long Thánh Oản	Hộ uyển	94	giao dịch được	达摩之蛰龙圣腕
10444095	Đạt Ma Chi Trập Long Thánh Oản	Hộ uyển	95	giao dịch được	达摩之蛰龙圣腕
10444096	Đạt Ma Chi Trập Long Thánh Oản	Hộ uyển	96	giao dịch được	达摩之蛰龙圣腕
10444097	Đạt Ma Chi Trập Long Thánh Oản	Hộ uyển	97	giao dịch được	达摩之蛰龙圣腕
10444098	Đạt Ma Chi Trập Long Thánh Oản	Hộ uyển	98	giao dịch được	达摩之蛰龙圣腕
10444099	Đạt Ma Chi Trập Long Thánh Oản	Hộ uyển	99	giao dịch được	达摩之蛰龙圣腕
10444100	Đạt Ma Chi Trập Long Thánh Oản	Hộ uyển	100	giao dịch được	达摩之蛰龙圣腕
10444101	Thánh Hoả Chi Ngân Toả Oản	Hộ uyển	1	giao dịch được	圣火之银锁腕
10444102	Thánh Hoả Chi Ngân Toả Oản	Hộ uyển	2	giao dịch được	圣火之银锁腕
10444103	Thánh Hoả Chi Ngân Toả Oản	Hộ uyển	3	giao dịch được	圣火之银锁腕
10444104	Thánh Hoả Chi Ngân Toả Oản	Hộ uyển	4	giao dịch được	圣火之银锁腕
10444105	Thánh Hoả Chi Ngân Toả Oản	Hộ uyển	5	giao dịch được	圣火之银锁腕
10444106	Thánh Hoả Chi Ngân Toả Oản	Hộ uyển	6	giao dịch được	圣火之银锁腕
10444107	Thánh Hoả Chi Ngân Toả Oản	Hộ uyển	7	giao dịch được	圣火之银锁腕
10444108	Thánh Hoả Chi Ngân Toả Oản	Hộ uyển	8	giao dịch được	圣火之银锁腕
10444109	Thánh Hoả Chi Ngân Toả Oản	Hộ uyển	9	giao dịch được	圣火之银锁腕
10444110	Thánh Hoả Chi Ngân Toả Oản	Hộ uyển	10	giao dịch được	圣火之银锁腕
10444111	Thánh Hoả Chi Nguyệt Thiết Oản	Hộ uyển	11	giao dịch được	圣火之月铁腕
10444112	Thánh Hoả Chi Nguyệt Thiết Oản	Hộ uyển	12	giao dịch được	圣火之月铁腕
10444113	Thánh Hoả Chi Nguyệt Thiết Oản	Hộ uyển	13	giao dịch được	圣火之月铁腕
10444114	Thánh Hoả Chi Nguyệt Thiết Oản	Hộ uyển	14	giao dịch được	圣火之月铁腕
10444115	Thánh Hoả Chi Nguyệt Thiết Oản	Hộ uyển	15	giao dịch được	圣火之月铁腕
10444116	Thánh Hoả Chi Nguyệt Thiết Oản	Hộ uyển	16	giao dịch được	圣火之月铁腕
10444117	Thánh Hoả Chi Nguyệt Thiết Oản	Hộ uyển	17	giao dịch được	圣火之月铁腕
10444118	Thánh Hoả Chi Nguyệt Thiết Oản	Hộ uyển	18	giao dịch được	圣火之月铁腕
10444119	Thánh Hoả Chi Nguyệt Thiết Oản	Hộ uyển	19	giao dịch được	圣火之月铁腕
10444120	Thánh Hoả Chi Nguyệt Thiết Oản	Hộ uyển	20	giao dịch được	圣火之月铁腕
10444121	Thánh Hoả Chi Huyền Thiết Oản	Hộ uyển	21	giao dịch được	圣火之玄铁腕
10444122	Thánh Hoả Chi Huyền Thiết Oản	Hộ uyển	22	giao dịch được	圣火之玄铁腕
10444123	Thánh Hoả Chi Huyền Thiết Oản	Hộ uyển	23	giao dịch được	圣火之玄铁腕
10444124	Thánh Hoả Chi Huyền Thiết Oản	Hộ uyển	24	giao dịch được	圣火之玄铁腕
10444125	Thánh Hoả Chi Huyền Thiết Oản	Hộ uyển	25	giao dịch được	圣火之玄铁腕
10444126	Thánh Hoả Chi Huyền Thiết Oản	Hộ uyển	26	giao dịch được	圣火之玄铁腕
10444127	Thánh Hoả Chi Huyền Thiết Oản	Hộ uyển	27	giao dịch được	圣火之玄铁腕
10444128	Thánh Hoả Chi Huyền Thiết Oản	Hộ uyển	28	giao dịch được	圣火之玄铁腕
10444129	Thánh Hoả Chi Huyền Thiết Oản	Hộ uyển	29	giao dịch được	圣火之玄铁腕
10444130	Thánh Hoả Chi Huyền Thiết Oản	Hộ uyển	30	giao dịch được	圣火之玄铁腕
10444131	Thánh Hoả Chi Phong Tiêu Oản	Hộ uyển	31	giao dịch được	圣火之封霄腕
10444132	Thánh Hoả Chi Phong Tiêu Oản	Hộ uyển	32	giao dịch được	圣火之封霄腕
10444133	Thánh Hoả Chi Phong Tiêu Oản	Hộ uyển	33	giao dịch được	圣火之封霄腕
10444134	Thánh Hoả Chi Phong Tiêu Oản	Hộ uyển	34	giao dịch được	圣火之封霄腕
10444135	Thánh Hoả Chi Phong Tiêu Oản	Hộ uyển	35	giao dịch được	圣火之封霄腕
10444136	Thánh Hoả Chi Phong Tiêu Oản	Hộ uyển	36	giao dịch được	圣火之封霄腕
10444137	Thánh Hoả Chi Phong Tiêu Oản	Hộ uyển	37	giao dịch được	圣火之封霄腕
10444138	Thánh Hoả Chi Phong Tiêu Oản	Hộ uyển	38	giao dịch được	圣火之封霄腕
10444139	Thánh Hoả Chi Phong Tiêu Oản	Hộ uyển	39	giao dịch được	圣火之封霄腕
10444140	Thánh Hoả Chi Phong Tiêu Oản	Hộ uyển	40	giao dịch được	圣火之封霄腕
10444141	Thánh Hoả Chi Diệt Hàn Thiết Oản	Hộ uyển	41	giao dịch được	圣火之灭寒铁腕
10444142	Thánh Hoả Chi Diệt Hàn Thiết Oản	Hộ uyển	42	giao dịch được	圣火之灭寒铁腕
10444143	Thánh Hoả Chi Diệt Hàn Thiết Oản	Hộ uyển	43	giao dịch được	圣火之灭寒铁腕
10444144	Thánh Hoả Chi Diệt Hàn Thiết Oản	Hộ uyển	44	giao dịch được	圣火之灭寒铁腕
10444145	Thánh Hoả Chi Diệt Hàn Thiết Oản	Hộ uyển	45	giao dịch được	圣火之灭寒铁腕
10444146	Thánh Hoả Chi Diệt Hàn Thiết Oản	Hộ uyển	46	giao dịch được	圣火之灭寒铁腕
10444147	Thánh Hoả Chi Diệt Hàn Thiết Oản	Hộ uyển	47	giao dịch được	圣火之灭寒铁腕
10444148	Thánh Hoả Chi Diệt Hàn Thiết Oản	Hộ uyển	48	giao dịch được	圣火之灭寒铁腕
10444149	Thánh Hoả Chi Diệt Hàn Thiết Oản	Hộ uyển	49	giao dịch được	圣火之灭寒铁腕
10444150	Thánh Hoả Chi Diệt Hàn Thiết Oản	Hộ uyển	50	giao dịch được	圣火之灭寒铁腕
10444151	Thánh Hoả Chi Nghịch Hoả Oản	Hộ uyển	51	giao dịch được	圣火之逆火腕
10444152	Thánh Hoả Chi Nghịch Hoả Oản	Hộ uyển	52	giao dịch được	圣火之逆火腕
10444153	Thánh Hoả Chi Nghịch Hoả Oản	Hộ uyển	53	giao dịch được	圣火之逆火腕
10444154	Thánh Hoả Chi Nghịch Hoả Oản	Hộ uyển	54	giao dịch được	圣火之逆火腕
10444155	Thánh Hoả Chi Nghịch Hoả Oản	Hộ uyển	55	giao dịch được	圣火之逆火腕
10444156	Thánh Hoả Chi Nghịch Hoả Oản	Hộ uyển	56	giao dịch được	圣火之逆火腕
10444157	Thánh Hoả Chi Nghịch Hoả Oản	Hộ uyển	57	giao dịch được	圣火之逆火腕
10444158	Thánh Hoả Chi Nghịch Hoả Oản	Hộ uyển	58	giao dịch được	圣火之逆火腕
10444159	Thánh Hoả Chi Nghịch Hoả Oản	Hộ uyển	59	giao dịch được	圣火之逆火腕
10444160	Thánh Hoả Chi Nghịch Hoả Oản	Hộ uyển	60	giao dịch được	圣火之逆火腕
10444161	Thánh Hoả Chi Thệ Trần Oản	Hộ uyển	61	giao dịch được	圣火之誓尘腕
10444162	Thánh Hoả Chi Thệ Trần Oản	Hộ uyển	62	giao dịch được	圣火之誓尘腕
10444163	Thánh Hoả Chi Thệ Trần Oản	Hộ uyển	63	giao dịch được	圣火之誓尘腕
10444164	Thánh Hoả Chi Thệ Trần Oản	Hộ uyển	64	giao dịch được	圣火之誓尘腕
10444165	Thánh Hoả Chi Thệ Trần Oản	Hộ uyển	65	giao dịch được	圣火之誓尘腕
10444166	Thánh Hoả Chi Thệ Trần Oản	Hộ uyển	66	giao dịch được	圣火之誓尘腕
10444167	Thánh Hoả Chi Thệ Trần Oản	Hộ uyển	67	giao dịch được	圣火之誓尘腕
10444168	Thánh Hoả Chi Thệ Trần Oản	Hộ uyển	68	giao dịch được	圣火之誓尘腕
10444169	Thánh Hoả Chi Thệ Trần Oản	Hộ uyển	69	giao dịch được	圣火之誓尘腕
10444170	Thánh Hoả Chi Thệ Trần Oản	Hộ uyển	70	giao dịch được	圣火之誓尘腕
10444171	Thánh Hoả Chi Diệt Phách Oản	Hộ uyển	71	giao dịch được	圣火之灭魄腕
10444172	Thánh Hoả Chi Diệt Phách Oản	Hộ uyển	72	giao dịch được	圣火之灭魄腕
10444173	Thánh Hoả Chi Diệt Phách Oản	Hộ uyển	73	giao dịch được	圣火之灭魄腕
10444174	Thánh Hoả Chi Diệt Phách Oản	Hộ uyển	74	giao dịch được	圣火之灭魄腕
10444175	Thánh Hoả Chi Diệt Phách Oản	Hộ uyển	75	giao dịch được	圣火之灭魄腕
10444176	Thánh Hoả Chi Diệt Phách Oản	Hộ uyển	76	giao dịch được	圣火之灭魄腕
10444177	Thánh Hoả Chi Diệt Phách Oản	Hộ uyển	77	giao dịch được	圣火之灭魄腕
10444178	Thánh Hoả Chi Diệt Phách Oản	Hộ uyển	78	giao dịch được	圣火之灭魄腕
10444179	Thánh Hoả Chi Diệt Phách Oản	Hộ uyển	79	giao dịch được	圣火之灭魄腕
10444180	Thánh Hoả Chi Diệt Phách Oản	Hộ uyển	80	giao dịch được	圣火之灭魄腕
10444181	Thánh Hoả Chi Toái Hồn Thánh Oản	Hộ uyển	81	giao dịch được	圣火之碎魂圣腕
10444182	Thánh Hoả Chi Toái Hồn Thánh Oản	Hộ uyển	82	giao dịch được	圣火之碎魂圣腕
10444183	Thánh Hoả Chi Toái Hồn Thánh Oản	Hộ uyển	83	giao dịch được	圣火之碎魂圣腕
10444184	Thánh Hoả Chi Toái Hồn Thánh Oản	Hộ uyển	84	giao dịch được	圣火之碎魂圣腕
10444185	Thánh Hoả Chi Toái Hồn Thánh Oản	Hộ uyển	85	giao dịch được	圣火之碎魂圣腕
10444186	Thánh Hoả Chi Toái Hồn Thánh Oản	Hộ uyển	86	giao dịch được	圣火之碎魂圣腕
10444187	Thánh Hoả Chi Toái Hồn Thánh Oản	Hộ uyển	87	giao dịch được	圣火之碎魂圣腕
10444188	Thánh Hoả Chi Toái Hồn Thánh Oản	Hộ uyển	88	giao dịch được	圣火之碎魂圣腕
10444189	Thánh Hoả Chi Toái Hồn Thánh Oản	Hộ uyển	89	giao dịch được	圣火之碎魂圣腕
10444190	Thánh Hoả Chi Toái Hồn Thánh Oản	Hộ uyển	90	giao dịch được	圣火之碎魂圣腕
10444191	Thánh Hoả Chi Trập Long Thánh Oản	Hộ uyển	91	giao dịch được	圣火之蛰龙圣腕
10444192	Thánh Hoả Chi Trập Long Thánh Oản	Hộ uyển	92	giao dịch được	圣火之蛰龙圣腕
10444193	Thánh Hoả Chi Trập Long Thánh Oản	Hộ uyển	93	giao dịch được	圣火之蛰龙圣腕
10444194	Thánh Hoả Chi Trập Long Thánh Oản	Hộ uyển	94	giao dịch được	圣火之蛰龙圣腕
10444195	Thánh Hoả Chi Trập Long Thánh Oản	Hộ uyển	95	giao dịch được	圣火之蛰龙圣腕
10444196	Thánh Hoả Chi Trập Long Thánh Oản	Hộ uyển	96	giao dịch được	圣火之蛰龙圣腕
10444197	Thánh Hoả Chi Trập Long Thánh Oản	Hộ uyển	97	giao dịch được	圣火之蛰龙圣腕
10444198	Thánh Hoả Chi Trập Long Thánh Oản	Hộ uyển	98	giao dịch được	圣火之蛰龙圣腕
10444199	Thánh Hoả Chi Trập Long Thánh Oản	Hộ uyển	99	giao dịch được	圣火之蛰龙圣腕
10444200	Thánh Hoả Chi Trập Long Thánh Oản	Hộ uyển	100	giao dịch được	圣火之蛰龙圣腕
10444201	Giáng Long Chi Ngân Toả Oản	Hộ uyển	1	giao dịch được	降龙之银锁腕
10444202	Giáng Long Chi Ngân Toả Oản	Hộ uyển	2	giao dịch được	降龙之银锁腕
10444203	Giáng Long Chi Ngân Toả Oản	Hộ uyển	3	giao dịch được	降龙之银锁腕
10444204	Giáng Long Chi Ngân Toả Oản	Hộ uyển	4	giao dịch được	降龙之银锁腕
10444205	Giáng Long Chi Ngân Toả Oản	Hộ uyển	5	giao dịch được	降龙之银锁腕
10444206	Giáng Long Chi Ngân Toả Oản	Hộ uyển	6	giao dịch được	降龙之银锁腕
10444207	Giáng Long Chi Ngân Toả Oản	Hộ uyển	7	giao dịch được	降龙之银锁腕
10444208	Giáng Long Chi Ngân Toả Oản	Hộ uyển	8	giao dịch được	降龙之银锁腕
10444209	Giáng Long Chi Ngân Toả Oản	Hộ uyển	9	giao dịch được	降龙之银锁腕
10444210	Giáng Long Chi Ngân Toả Oản	Hộ uyển	10	giao dịch được	降龙之银锁腕
10444211	Giáng Long Chi Nguyệt Thiết Oản	Hộ uyển	11	giao dịch được	降龙之月铁腕
10444212	Giáng Long Chi Nguyệt Thiết Oản	Hộ uyển	12	giao dịch được	降龙之月铁腕
10444213	Giáng Long Chi Nguyệt Thiết Oản	Hộ uyển	13	giao dịch được	降龙之月铁腕
10444214	Giáng Long Chi Nguyệt Thiết Oản	Hộ uyển	14	giao dịch được	降龙之月铁腕
10444215	Giáng Long Chi Nguyệt Thiết Oản	Hộ uyển	15	giao dịch được	降龙之月铁腕
10444216	Giáng Long Chi Nguyệt Thiết Oản	Hộ uyển	16	giao dịch được	降龙之月铁腕
10444217	Giáng Long Chi Nguyệt Thiết Oản	Hộ uyển	17	giao dịch được	降龙之月铁腕
10444218	Giáng Long Chi Nguyệt Thiết Oản	Hộ uyển	18	giao dịch được	降龙之月铁腕
10444219	Giáng Long Chi Nguyệt Thiết Oản	Hộ uyển	19	giao dịch được	降龙之月铁腕
10444220	Giáng Long Chi Nguyệt Thiết Oản	Hộ uyển	20	giao dịch được	降龙之月铁腕
10444221	Giáng Long Chi Huyền Thiết Oản	Hộ uyển	21	giao dịch được	降龙之玄铁腕
10444222	Giáng Long Chi Huyền Thiết Oản	Hộ uyển	22	giao dịch được	降龙之玄铁腕
10444223	Giáng Long Chi Huyền Thiết Oản	Hộ uyển	23	giao dịch được	降龙之玄铁腕
10444224	Giáng Long Chi Huyền Thiết Oản	Hộ uyển	24	giao dịch được	降龙之玄铁腕
10444225	Giáng Long Chi Huyền Thiết Oản	Hộ uyển	25	giao dịch được	降龙之玄铁腕
10444226	Giáng Long Chi Huyền Thiết Oản	Hộ uyển	26	giao dịch được	降龙之玄铁腕
10444227	Giáng Long Chi Huyền Thiết Oản	Hộ uyển	27	giao dịch được	降龙之玄铁腕
10444228	Giáng Long Chi Huyền Thiết Oản	Hộ uyển	28	giao dịch được	降龙之玄铁腕
10444229	Giáng Long Chi Huyền Thiết Oản	Hộ uyển	29	giao dịch được	降龙之玄铁腕
10444230	Giáng Long Chi Huyền Thiết Oản	Hộ uyển	30	giao dịch được	降龙之玄铁腕
10444231	Giáng Long Chi Phong Tiêu Oản	Hộ uyển	31	giao dịch được	降龙之封霄腕
10444232	Giáng Long Chi Phong Tiêu Oản	Hộ uyển	32	giao dịch được	降龙之封霄腕
10444233	Giáng Long Chi Phong Tiêu Oản	Hộ uyển	33	giao dịch được	降龙之封霄腕
10444234	Giáng Long Chi Phong Tiêu Oản	Hộ uyển	34	giao dịch được	降龙之封霄腕
10444235	Giáng Long Chi Phong Tiêu Oản	Hộ uyển	35	giao dịch được	降龙之封霄腕
10444236	Giáng Long Chi Phong Tiêu Oản	Hộ uyển	36	giao dịch được	降龙之封霄腕
10444237	Giáng Long Chi Phong Tiêu Oản	Hộ uyển	37	giao dịch được	降龙之封霄腕
10444238	Giáng Long Chi Phong Tiêu Oản	Hộ uyển	38	giao dịch được	降龙之封霄腕
10444239	Giáng Long Chi Phong Tiêu Oản	Hộ uyển	39	giao dịch được	降龙之封霄腕
10444240	Giáng Long Chi Phong Tiêu Oản	Hộ uyển	40	giao dịch được	降龙之封霄腕
10444241	Giáng Long Chi Diệt Hàn Thiết Oản	Hộ uyển	41	giao dịch được	降龙之灭寒铁腕
10444242	Giáng Long Chi Diệt Hàn Thiết Oản	Hộ uyển	42	giao dịch được	降龙之灭寒铁腕
10444243	Giáng Long Chi Diệt Hàn Thiết Oản	Hộ uyển	43	giao dịch được	降龙之灭寒铁腕
10444244	Giáng Long Chi Diệt Hàn Thiết Oản	Hộ uyển	44	giao dịch được	降龙之灭寒铁腕
10444245	Giáng Long Chi Diệt Hàn Thiết Oản	Hộ uyển	45	giao dịch được	降龙之灭寒铁腕
10444246	Giáng Long Chi Diệt Hàn Thiết Oản	Hộ uyển	46	giao dịch được	降龙之灭寒铁腕
10444247	Giáng Long Chi Diệt Hàn Thiết Oản	Hộ uyển	47	giao dịch được	降龙之灭寒铁腕
10444248	Giáng Long Chi Diệt Hàn Thiết Oản	Hộ uyển	48	giao dịch được	降龙之灭寒铁腕
10444249	Giáng Long Chi Diệt Hàn Thiết Oản	Hộ uyển	49	giao dịch được	降龙之灭寒铁腕
10444250	Giáng Long Chi Diệt Hàn Thiết Oản	Hộ uyển	50	giao dịch được	降龙之灭寒铁腕
10444251	Giáng Long Chi Nghịch Hoả Oản	Hộ uyển	51	giao dịch được	降龙之逆火腕
10444252	Giáng Long Chi Nghịch Hoả Oản	Hộ uyển	52	giao dịch được	降龙之逆火腕
10444253	Giáng Long Chi Nghịch Hoả Oản	Hộ uyển	53	giao dịch được	降龙之逆火腕
10444254	Giáng Long Chi Nghịch Hoả Oản	Hộ uyển	54	giao dịch được	降龙之逆火腕
10444255	Giáng Long Chi Nghịch Hoả Oản	Hộ uyển	55	giao dịch được	降龙之逆火腕
10444256	Giáng Long Chi Nghịch Hoả Oản	Hộ uyển	56	giao dịch được	降龙之逆火腕
10444257	Giáng Long Chi Nghịch Hoả Oản	Hộ uyển	57	giao dịch được	降龙之逆火腕
10444258	Giáng Long Chi Nghịch Hoả Oản	Hộ uyển	58	giao dịch được	降龙之逆火腕
10444259	Giáng Long Chi Nghịch Hoả Oản	Hộ uyển	59	giao dịch được	降龙之逆火腕
10444260	Giáng Long Chi Nghịch Hoả Oản	Hộ uyển	60	giao dịch được	降龙之逆火腕
10444261	Giáng Long Chi Thệ Trần Oản	Hộ uyển	61	giao dịch được	降龙之誓尘腕
10444262	Giáng Long Chi Thệ Trần Oản	Hộ uyển	62	giao dịch được	降龙之誓尘腕
10444263	Giáng Long Chi Thệ Trần Oản	Hộ uyển	63	giao dịch được	降龙之誓尘腕
10444264	Giáng Long Chi Thệ Trần Oản	Hộ uyển	64	giao dịch được	降龙之誓尘腕
10444265	Giáng Long Chi Thệ Trần Oản	Hộ uyển	65	giao dịch được	降龙之誓尘腕
10444266	Giáng Long Chi Thệ Trần Oản	Hộ uyển	66	giao dịch được	降龙之誓尘腕
10444267	Giáng Long Chi Thệ Trần Oản	Hộ uyển	67	giao dịch được	降龙之誓尘腕
10444268	Giáng Long Chi Thệ Trần Oản	Hộ uyển	68	giao dịch được	降龙之誓尘腕
10444269	Giáng Long Chi Thệ Trần Oản	Hộ uyển	69	giao dịch được	降龙之誓尘腕
10444270	Giáng Long Chi Thệ Trần Oản	Hộ uyển	70	giao dịch được	降龙之誓尘腕
10444271	Giáng Long Chi Diệt Phách Oản	Hộ uyển	71	giao dịch được	降龙之灭魄腕
10444272	Giáng Long Chi Diệt Phách Oản	Hộ uyển	72	giao dịch được	降龙之灭魄腕
10444273	Giáng Long Chi Diệt Phách Oản	Hộ uyển	73	giao dịch được	降龙之灭魄腕
10444274	Giáng Long Chi Diệt Phách Oản	Hộ uyển	74	giao dịch được	降龙之灭魄腕
10444275	Giáng Long Chi Diệt Phách Oản	Hộ uyển	75	giao dịch được	降龙之灭魄腕
10444276	Giáng Long Chi Diệt Phách Oản	Hộ uyển	76	giao dịch được	降龙之灭魄腕
10444277	Giáng Long Chi Diệt Phách Oản	Hộ uyển	77	giao dịch được	降龙之灭魄腕
10444278	Giáng Long Chi Diệt Phách Oản	Hộ uyển	78	giao dịch được	降龙之灭魄腕
10444279	Giáng Long Chi Diệt Phách Oản	Hộ uyển	79	giao dịch được	降龙之灭魄腕
10444280	Giáng Long Chi Diệt Phách Oản	Hộ uyển	80	giao dịch được	降龙之灭魄腕
10444281	Giáng Long Chi Toái Hồn Thánh Oản	Hộ uyển	81	giao dịch được	降龙之碎魂圣腕
10444282	Giáng Long Chi Toái Hồn Thánh Oản	Hộ uyển	82	giao dịch được	降龙之碎魂圣腕
10444283	Giáng Long Chi Toái Hồn Thánh Oản	Hộ uyển	83	giao dịch được	降龙之碎魂圣腕
10444284	Giáng Long Chi Toái Hồn Thánh Oản	Hộ uyển	84	giao dịch được	降龙之碎魂圣腕
10444285	Giáng Long Chi Toái Hồn Thánh Oản	Hộ uyển	85	giao dịch được	降龙之碎魂圣腕
10444286	Giáng Long Chi Toái Hồn Thánh Oản	Hộ uyển	86	giao dịch được	降龙之碎魂圣腕
10444287	Giáng Long Chi Toái Hồn Thánh Oản	Hộ uyển	87	giao dịch được	降龙之碎魂圣腕
10444288	Giáng Long Chi Toái Hồn Thánh Oản	Hộ uyển	88	giao dịch được	降龙之碎魂圣腕
10444289	Giáng Long Chi Toái Hồn Thánh Oản	Hộ uyển	89	giao dịch được	降龙之碎魂圣腕
10444290	Giáng Long Chi Toái Hồn Thánh Oản	Hộ uyển	90	giao dịch được	降龙之碎魂圣腕
10444291	Giáng Long Chi Trập Long Thánh Oản	Hộ uyển	91	giao dịch được	降龙之蛰龙圣腕
10444292	Giáng Long Chi Trập Long Thánh Oản	Hộ uyển	92	giao dịch được	降龙之蛰龙圣腕
10444293	Giáng Long Chi Trập Long Thánh Oản	Hộ uyển	93	giao dịch được	降龙之蛰龙圣腕
10444294	Giáng Long Chi Trập Long Thánh Oản	Hộ uyển	94	giao dịch được	降龙之蛰龙圣腕
10444295	Giáng Long Chi Trập Long Thánh Oản	Hộ uyển	95	giao dịch được	降龙之蛰龙圣腕
10444296	Giáng Long Chi Trập Long Thánh Oản	Hộ uyển	96	giao dịch được	降龙之蛰龙圣腕
10444297	Giáng Long Chi Trập Long Thánh Oản	Hộ uyển	97	giao dịch được	降龙之蛰龙圣腕
10444298	Giáng Long Chi Trập Long Thánh Oản	Hộ uyển	98	giao dịch được	降龙之蛰龙圣腕
10444299	Giáng Long Chi Trập Long Thánh Oản	Hộ uyển	99	giao dịch được	降龙之蛰龙圣腕
10444300	Giáng Long Chi Trập Long Thánh Oản	Hộ uyển	100	giao dịch được	降龙之蛰龙圣腕
10444301	Ngọc Nữ Chi Miên Bố Oản	Hộ uyển	1	giao dịch được	玉女之棉布腕
10444302	Ngọc Nữ Chi Miên Bố Oản	Hộ uyển	2	giao dịch được	玉女之棉布腕
10444303	Ngọc Nữ Chi Miên Bố Oản	Hộ uyển	3	giao dịch được	玉女之棉布腕
10444304	Ngọc Nữ Chi Miên Bố Oản	Hộ uyển	4	giao dịch được	玉女之棉布腕
10444305	Ngọc Nữ Chi Miên Bố Oản	Hộ uyển	5	giao dịch được	玉女之棉布腕
10444306	Ngọc Nữ Chi Miên Bố Oản	Hộ uyển	6	giao dịch được	玉女之棉布腕
10444307	Ngọc Nữ Chi Miên Bố Oản	Hộ uyển	7	giao dịch được	玉女之棉布腕
10444308	Ngọc Nữ Chi Miên Bố Oản	Hộ uyển	8	giao dịch được	玉女之棉布腕
10444309	Ngọc Nữ Chi Miên Bố Oản	Hộ uyển	9	giao dịch được	玉女之棉布腕
10444310	Ngọc Nữ Chi Miên Bố Oản	Hộ uyển	10	giao dịch được	玉女之棉布腕
10444311	Ngọc Nữ Chi Miên Ti Hộ Oản	Hộ uyển	11	giao dịch được	玉女之棉丝护腕
10444312	Ngọc Nữ Chi Miên Ti Hộ Oản	Hộ uyển	12	giao dịch được	玉女之棉丝护腕
10444313	Ngọc Nữ Chi Miên Ti Hộ Oản	Hộ uyển	13	giao dịch được	玉女之棉丝护腕
10444314	Ngọc Nữ Chi Miên Ti Hộ Oản	Hộ uyển	14	giao dịch được	玉女之棉丝护腕
10444315	Ngọc Nữ Chi Miên Ti Hộ Oản	Hộ uyển	15	giao dịch được	玉女之棉丝护腕
10444316	Ngọc Nữ Chi Miên Ti Hộ Oản	Hộ uyển	16	giao dịch được	玉女之棉丝护腕
10444317	Ngọc Nữ Chi Miên Ti Hộ Oản	Hộ uyển	17	giao dịch được	玉女之棉丝护腕
10444318	Ngọc Nữ Chi Miên Ti Hộ Oản	Hộ uyển	18	giao dịch được	玉女之棉丝护腕
10444319	Ngọc Nữ Chi Miên Ti Hộ Oản	Hộ uyển	19	giao dịch được	玉女之棉丝护腕
10444320	Ngọc Nữ Chi Miên Ti Hộ Oản	Hộ uyển	20	giao dịch được	玉女之棉丝护腕
10444321	Ngọc Nữ Chi Bồ Bố Oản	Hộ uyển	21	giao dịch được	玉女之蒲布腕
10444322	Ngọc Nữ Chi Bồ Bố Oản	Hộ uyển	22	giao dịch được	玉女之蒲布腕
10444323	Ngọc Nữ Chi Bồ Bố Oản	Hộ uyển	23	giao dịch được	玉女之蒲布腕
10444324	Ngọc Nữ Chi Bồ Bố Oản	Hộ uyển	24	giao dịch được	玉女之蒲布腕
10444325	Ngọc Nữ Chi Bồ Bố Oản	Hộ uyển	25	giao dịch được	玉女之蒲布腕
10444326	Ngọc Nữ Chi Bồ Bố Oản	Hộ uyển	26	giao dịch được	玉女之蒲布腕
10444327	Ngọc Nữ Chi Bồ Bố Oản	Hộ uyển	27	giao dịch được	玉女之蒲布腕
10444328	Ngọc Nữ Chi Bồ Bố Oản	Hộ uyển	28	giao dịch được	玉女之蒲布腕
10444329	Ngọc Nữ Chi Bồ Bố Oản	Hộ uyển	29	giao dịch được	玉女之蒲布腕
10444330	Ngọc Nữ Chi Bồ Bố Oản	Hộ uyển	30	giao dịch được	玉女之蒲布腕
10444331	Ngọc Nữ Chi Chân Ti Hộ Oản	Hộ uyển	31	giao dịch được	玉女之真丝护腕
10444332	Ngọc Nữ Chi Chân Ti Hộ Oản	Hộ uyển	32	giao dịch được	玉女之真丝护腕
10444333	Ngọc Nữ Chi Chân Ti Hộ Oản	Hộ uyển	33	giao dịch được	玉女之真丝护腕
10444334	Ngọc Nữ Chi Chân Ti Hộ Oản	Hộ uyển	34	giao dịch được	玉女之真丝护腕
10444335	Ngọc Nữ Chi Chân Ti Hộ Oản	Hộ uyển	35	giao dịch được	玉女之真丝护腕
10444336	Ngọc Nữ Chi Chân Ti Hộ Oản	Hộ uyển	36	giao dịch được	玉女之真丝护腕
10444337	Ngọc Nữ Chi Chân Ti Hộ Oản	Hộ uyển	37	giao dịch được	玉女之真丝护腕
10444338	Ngọc Nữ Chi Chân Ti Hộ Oản	Hộ uyển	38	giao dịch được	玉女之真丝护腕
10444339	Ngọc Nữ Chi Chân Ti Hộ Oản	Hộ uyển	39	giao dịch được	玉女之真丝护腕
10444340	Ngọc Nữ Chi Chân Ti Hộ Oản	Hộ uyển	40	giao dịch được	玉女之真丝护腕
10444341	Ngọc Nữ Chi Tô Cẩm Oản	Hộ uyển	41	giao dịch được	玉女之苏锦腕
10444342	Ngọc Nữ Chi Tô Cẩm Oản	Hộ uyển	42	giao dịch được	玉女之苏锦腕
10444343	Ngọc Nữ Chi Tô Cẩm Oản	Hộ uyển	43	giao dịch được	玉女之苏锦腕
10444344	Ngọc Nữ Chi Tô Cẩm Oản	Hộ uyển	44	giao dịch được	玉女之苏锦腕
10444345	Ngọc Nữ Chi Tô Cẩm Oản	Hộ uyển	45	giao dịch được	玉女之苏锦腕
10444346	Ngọc Nữ Chi Tô Cẩm Oản	Hộ uyển	46	giao dịch được	玉女之苏锦腕
10444347	Ngọc Nữ Chi Tô Cẩm Oản	Hộ uyển	47	giao dịch được	玉女之苏锦腕
10444348	Ngọc Nữ Chi Tô Cẩm Oản	Hộ uyển	48	giao dịch được	玉女之苏锦腕
10444349	Ngọc Nữ Chi Tô Cẩm Oản	Hộ uyển	49	giao dịch được	玉女之苏锦腕
10444350	Ngọc Nữ Chi Tô Cẩm Oản	Hộ uyển	50	giao dịch được	玉女之苏锦腕
10444351	Ngọc Nữ Chi Thanh Nga Oản	Hộ uyển	51	giao dịch được	玉女之青峨腕
10444352	Ngọc Nữ Chi Thanh Nga Oản	Hộ uyển	52	giao dịch được	玉女之青峨腕
10444353	Ngọc Nữ Chi Thanh Nga Oản	Hộ uyển	53	giao dịch được	玉女之青峨腕
10444354	Ngọc Nữ Chi Thanh Nga Oản	Hộ uyển	54	giao dịch được	玉女之青峨腕
10444355	Ngọc Nữ Chi Thanh Nga Oản	Hộ uyển	55	giao dịch được	玉女之青峨腕
10444356	Ngọc Nữ Chi Thanh Nga Oản	Hộ uyển	56	giao dịch được	玉女之青峨腕
10444357	Ngọc Nữ Chi Thanh Nga Oản	Hộ uyển	57	giao dịch được	玉女之青峨腕
10444358	Ngọc Nữ Chi Thanh Nga Oản	Hộ uyển	58	giao dịch được	玉女之青峨腕
10444359	Ngọc Nữ Chi Thanh Nga Oản	Hộ uyển	59	giao dịch được	玉女之青峨腕
10444360	Ngọc Nữ Chi Thanh Nga Oản	Hộ uyển	60	giao dịch được	玉女之青峨腕
10444361	Ngọc Nữ Chi Tứ Hải Oản	Hộ uyển	61	giao dịch được	玉女之四海腕
10444362	Ngọc Nữ Chi Tứ Hải Oản	Hộ uyển	62	giao dịch được	玉女之四海腕
10444363	Ngọc Nữ Chi Tứ Hải Oản	Hộ uyển	63	giao dịch được	玉女之四海腕
10444364	Ngọc Nữ Chi Tứ Hải Oản	Hộ uyển	64	giao dịch được	玉女之四海腕
10444365	Ngọc Nữ Chi Tứ Hải Oản	Hộ uyển	65	giao dịch được	玉女之四海腕
10444366	Ngọc Nữ Chi Tứ Hải Oản	Hộ uyển	66	giao dịch được	玉女之四海腕
10444367	Ngọc Nữ Chi Tứ Hải Oản	Hộ uyển	67	giao dịch được	玉女之四海腕
10444368	Ngọc Nữ Chi Tứ Hải Oản	Hộ uyển	68	giao dịch được	玉女之四海腕
10444369	Ngọc Nữ Chi Tứ Hải Oản	Hộ uyển	69	giao dịch được	玉女之四海腕
10444370	Ngọc Nữ Chi Tứ Hải Oản	Hộ uyển	70	giao dịch được	玉女之四海腕
10444371	Ngọc Nữ Chi Như Mộng Oản	Hộ uyển	71	giao dịch được	玉女之如梦腕
10444372	Ngọc Nữ Chi Như Mộng Oản	Hộ uyển	72	giao dịch được	玉女之如梦腕
10444373	Ngọc Nữ Chi Như Mộng Oản	Hộ uyển	73	giao dịch được	玉女之如梦腕
10444374	Ngọc Nữ Chi Như Mộng Oản	Hộ uyển	74	giao dịch được	玉女之如梦腕
10444375	Ngọc Nữ Chi Như Mộng Oản	Hộ uyển	75	giao dịch được	玉女之如梦腕
10444376	Ngọc Nữ Chi Như Mộng Oản	Hộ uyển	76	giao dịch được	玉女之如梦腕
10444377	Ngọc Nữ Chi Như Mộng Oản	Hộ uyển	77	giao dịch được	玉女之如梦腕
10444378	Ngọc Nữ Chi Như Mộng Oản	Hộ uyển	78	giao dịch được	玉女之如梦腕
10444379	Ngọc Nữ Chi Như Mộng Oản	Hộ uyển	79	giao dịch được	玉女之如梦腕
10444380	Ngọc Nữ Chi Như Mộng Oản	Hộ uyển	80	giao dịch được	玉女之如梦腕
10444381	Ngọc Nữ Chi Thánh Mục Oản	Hộ uyển	81	giao dịch được	玉女之圣目腕
10444382	Ngọc Nữ Chi Thánh Mục Oản	Hộ uyển	82	giao dịch được	玉女之圣目腕
10444383	Ngọc Nữ Chi Thánh Mục Oản	Hộ uyển	83	giao dịch được	玉女之圣目腕
10444384	Ngọc Nữ Chi Thánh Mục Oản	Hộ uyển	84	giao dịch được	玉女之圣目腕
10444385	Ngọc Nữ Chi Thánh Mục Oản	Hộ uyển	85	giao dịch được	玉女之圣目腕
10444386	Ngọc Nữ Chi Thánh Mục Oản	Hộ uyển	86	giao dịch được	玉女之圣目腕
10444387	Ngọc Nữ Chi Thánh Mục Oản	Hộ uyển	87	giao dịch được	玉女之圣目腕
10444388	Ngọc Nữ Chi Thánh Mục Oản	Hộ uyển	88	giao dịch được	玉女之圣目腕
10444389	Ngọc Nữ Chi Thánh Mục Oản	Hộ uyển	89	giao dịch được	玉女之圣目腕
10444390	Ngọc Nữ Chi Thánh Mục Oản	Hộ uyển	90	giao dịch được	玉女之圣目腕
10444391	Ngọc Nữ Chi Linh Động Thánh Oản	Hộ uyển	91	giao dịch được	玉女之灵动圣腕
10444392	Ngọc Nữ Chi Linh Động Thánh Oản	Hộ uyển	92	giao dịch được	玉女之灵动圣腕
10444393	Ngọc Nữ Chi Linh Động Thánh Oản	Hộ uyển	93	giao dịch được	玉女之灵动圣腕
10444394	Ngọc Nữ Chi Linh Động Thánh Oản	Hộ uyển	94	giao dịch được	玉女之灵动圣腕
10444395	Ngọc Nữ Chi Linh Động Thánh Oản	Hộ uyển	95	giao dịch được	玉女之灵动圣腕
10444396	Ngọc Nữ Chi Linh Động Thánh Oản	Hộ uyển	96	giao dịch được	玉女之灵动圣腕
10444397	Ngọc Nữ Chi Linh Động Thánh Oản	Hộ uyển	97	giao dịch được	玉女之灵动圣腕
10444398	Ngọc Nữ Chi Linh Động Thánh Oản	Hộ uyển	98	giao dịch được	玉女之灵动圣腕
10444399	Ngọc Nữ Chi Linh Động Thánh Oản	Hộ uyển	99	giao dịch được	玉女之灵动圣腕
10444400	Ngọc Nữ Chi Linh Động Thánh Oản	Hộ uyển	100	giao dịch được	玉女之灵动圣腕
10444401	Vô Cực Chi Miên Bố Oản	Hộ uyển	1	giao dịch được	无极之棉布腕
10444402	Vô Cực Chi Miên Bố Oản	Hộ uyển	2	giao dịch được	无极之棉布腕
10444403	Vô Cực Chi Miên Bố Oản	Hộ uyển	3	giao dịch được	无极之棉布腕
10444404	Vô Cực Chi Miên Bố Oản	Hộ uyển	4	giao dịch được	无极之棉布腕
10444405	Vô Cực Chi Miên Bố Oản	Hộ uyển	5	giao dịch được	无极之棉布腕
10444406	Vô Cực Chi Miên Bố Oản	Hộ uyển	6	giao dịch được	无极之棉布腕
10444407	Vô Cực Chi Miên Bố Oản	Hộ uyển	7	giao dịch được	无极之棉布腕
10444408	Vô Cực Chi Miên Bố Oản	Hộ uyển	8	giao dịch được	无极之棉布腕
10444409	Vô Cực Chi Miên Bố Oản	Hộ uyển	9	giao dịch được	无极之棉布腕
10444410	Vô Cực Chi Miên Bố Oản	Hộ uyển	10	giao dịch được	无极之棉布腕
10444411	Vô Cực Chi Miên Ti Hộ Oản	Hộ uyển	11	giao dịch được	无极之棉丝护腕
10444412	Vô Cực Chi Miên Ti Hộ Oản	Hộ uyển	12	giao dịch được	无极之棉丝护腕
10444413	Vô Cực Chi Miên Ti Hộ Oản	Hộ uyển	13	giao dịch được	无极之棉丝护腕
10444414	Vô Cực Chi Miên Ti Hộ Oản	Hộ uyển	14	giao dịch được	无极之棉丝护腕
10444415	Vô Cực Chi Miên Ti Hộ Oản	Hộ uyển	15	giao dịch được	无极之棉丝护腕
10444416	Vô Cực Chi Miên Ti Hộ Oản	Hộ uyển	16	giao dịch được	无极之棉丝护腕
10444417	Vô Cực Chi Miên Ti Hộ Oản	Hộ uyển	17	giao dịch được	无极之棉丝护腕
10444418	Vô Cực Chi Miên Ti Hộ Oản	Hộ uyển	18	giao dịch được	无极之棉丝护腕
10444419	Vô Cực Chi Miên Ti Hộ Oản	Hộ uyển	19	giao dịch được	无极之棉丝护腕
10444420	Vô Cực Chi Miên Ti Hộ Oản	Hộ uyển	20	giao dịch được	无极之棉丝护腕
10444421	Vô Cực Chi Bồ Bố Oản	Hộ uyển	21	giao dịch được	无极之蒲布腕
10444422	Vô Cực Chi Bồ Bố Oản	Hộ uyển	22	giao dịch được	无极之蒲布腕
10444423	Vô Cực Chi Bồ Bố Oản	Hộ uyển	23	giao dịch được	无极之蒲布腕
10444424	Vô Cực Chi Bồ Bố Oản	Hộ uyển	24	giao dịch được	无极之蒲布腕
10444425	Vô Cực Chi Bồ Bố Oản	Hộ uyển	25	giao dịch được	无极之蒲布腕
10444426	Vô Cực Chi Bồ Bố Oản	Hộ uyển	26	giao dịch được	无极之蒲布腕
10444427	Vô Cực Chi Bồ Bố Oản	Hộ uyển	27	giao dịch được	无极之蒲布腕
10444428	Vô Cực Chi Bồ Bố Oản	Hộ uyển	28	giao dịch được	无极之蒲布腕
10444429	Vô Cực Chi Bồ Bố Oản	Hộ uyển	29	giao dịch được	无极之蒲布腕
10444430	Vô Cực Chi Bồ Bố Oản	Hộ uyển	30	giao dịch được	无极之蒲布腕
10444431	Vô Cực Chi Chân Ti Hộ Oản	Hộ uyển	31	giao dịch được	无极之真丝护腕
10444432	Vô Cực Chi Chân Ti Hộ Oản	Hộ uyển	32	giao dịch được	无极之真丝护腕
10444433	Vô Cực Chi Chân Ti Hộ Oản	Hộ uyển	33	giao dịch được	无极之真丝护腕
10444434	Vô Cực Chi Chân Ti Hộ Oản	Hộ uyển	34	giao dịch được	无极之真丝护腕
10444435	Vô Cực Chi Chân Ti Hộ Oản	Hộ uyển	35	giao dịch được	无极之真丝护腕
10444436	Vô Cực Chi Chân Ti Hộ Oản	Hộ uyển	36	giao dịch được	无极之真丝护腕
10444437	Vô Cực Chi Chân Ti Hộ Oản	Hộ uyển	37	giao dịch được	无极之真丝护腕
10444438	Vô Cực Chi Chân Ti Hộ Oản	Hộ uyển	38	giao dịch được	无极之真丝护腕
10444439	Vô Cực Chi Chân Ti Hộ Oản	Hộ uyển	39	giao dịch được	无极之真丝护腕
10444440	Vô Cực Chi Chân Ti Hộ Oản	Hộ uyển	40	giao dịch được	无极之真丝护腕
10444441	Vô Cực Chi Tô Cẩm Oản	Hộ uyển	41	giao dịch được	无极之苏锦腕
10444442	Vô Cực Chi Tô Cẩm Oản	Hộ uyển	42	giao dịch được	无极之苏锦腕
10444443	Vô Cực Chi Tô Cẩm Oản	Hộ uyển	43	giao dịch được	无极之苏锦腕
10444444	Vô Cực Chi Tô Cẩm Oản	Hộ uyển	44	giao dịch được	无极之苏锦腕
10444445	Vô Cực Chi Tô Cẩm Oản	Hộ uyển	45	giao dịch được	无极之苏锦腕
10444446	Vô Cực Chi Tô Cẩm Oản	Hộ uyển	46	giao dịch được	无极之苏锦腕
10444447	Vô Cực Chi Tô Cẩm Oản	Hộ uyển	47	giao dịch được	无极之苏锦腕
10444448	Vô Cực Chi Tô Cẩm Oản	Hộ uyển	48	giao dịch được	无极之苏锦腕
10444449	Vô Cực Chi Tô Cẩm Oản	Hộ uyển	49	giao dịch được	无极之苏锦腕
10444450	Vô Cực Chi Tô Cẩm Oản	Hộ uyển	50	giao dịch được	无极之苏锦腕
10444451	Vô Cực Chi Thanh Nga Oản	Hộ uyển	51	giao dịch được	无极之青峨腕
10444452	Vô Cực Chi Thanh Nga Oản	Hộ uyển	52	giao dịch được	无极之青峨腕
10444453	Vô Cực Chi Thanh Nga Oản	Hộ uyển	53	giao dịch được	无极之青峨腕
10444454	Vô Cực Chi Thanh Nga Oản	Hộ uyển	54	giao dịch được	无极之青峨腕
10444455	Vô Cực Chi Thanh Nga Oản	Hộ uyển	55	giao dịch được	无极之青峨腕
10444456	Vô Cực Chi Thanh Nga Oản	Hộ uyển	56	giao dịch được	无极之青峨腕
10444457	Vô Cực Chi Thanh Nga Oản	Hộ uyển	57	giao dịch được	无极之青峨腕
10444458	Vô Cực Chi Thanh Nga Oản	Hộ uyển	58	giao dịch được	无极之青峨腕
10444459	Vô Cực Chi Thanh Nga Oản	Hộ uyển	59	giao dịch được	无极之青峨腕
10444460	Vô Cực Chi Thanh Nga Oản	Hộ uyển	60	giao dịch được	无极之青峨腕
10444461	Vô Cực Chi Tứ Hải Oản	Hộ uyển	61	giao dịch được	无极之四海腕
10444462	Vô Cực Chi Tứ Hải Oản	Hộ uyển	62	giao dịch được	无极之四海腕
10444463	Vô Cực Chi Tứ Hải Oản	Hộ uyển	63	giao dịch được	无极之四海腕
10444464	Vô Cực Chi Tứ Hải Oản	Hộ uyển	64	giao dịch được	无极之四海腕
10444465	Vô Cực Chi Tứ Hải Oản	Hộ uyển	65	giao dịch được	无极之四海腕
10444466	Vô Cực Chi Tứ Hải Oản	Hộ uyển	66	giao dịch được	无极之四海腕
10444467	Vô Cực Chi Tứ Hải Oản	Hộ uyển	67	giao dịch được	无极之四海腕
10444468	Vô Cực Chi Tứ Hải Oản	Hộ uyển	68	giao dịch được	无极之四海腕
10444469	Vô Cực Chi Tứ Hải Oản	Hộ uyển	69	giao dịch được	无极之四海腕
10444470	Vô Cực Chi Tứ Hải Oản	Hộ uyển	70	giao dịch được	无极之四海腕
10444471	Vô Cực Chi Như Mộng Oản	Hộ uyển	71	giao dịch được	无极之如梦腕
10444472	Vô Cực Chi Như Mộng Oản	Hộ uyển	72	giao dịch được	无极之如梦腕
10444473	Vô Cực Chi Như Mộng Oản	Hộ uyển	73	giao dịch được	无极之如梦腕
10444474	Vô Cực Chi Như Mộng Oản	Hộ uyển	74	giao dịch được	无极之如梦腕
10444475	Vô Cực Chi Như Mộng Oản	Hộ uyển	75	giao dịch được	无极之如梦腕
10444476	Vô Cực Chi Như Mộng Oản	Hộ uyển	76	giao dịch được	无极之如梦腕
10444477	Vô Cực Chi Như Mộng Oản	Hộ uyển	77	giao dịch được	无极之如梦腕
10444478	Vô Cực Chi Như Mộng Oản	Hộ uyển	78	giao dịch được	无极之如梦腕
10444479	Vô Cực Chi Như Mộng Oản	Hộ uyển	79	giao dịch được	无极之如梦腕
10444480	Vô Cực Chi Như Mộng Oản	Hộ uyển	80	giao dịch được	无极之如梦腕
10444481	Vô Cực Chi Thánh Mục Oản	Hộ uyển	81	giao dịch được	无极之圣目腕
10444482	Vô Cực Chi Thánh Mục Oản	Hộ uyển	82	giao dịch được	无极之圣目腕
10444483	Vô Cực Chi Thánh Mục Oản	Hộ uyển	83	giao dịch được	无极之圣目腕
10444484	Vô Cực Chi Thánh Mục Oản	Hộ uyển	84	giao dịch được	无极之圣目腕
10444485	Vô Cực Chi Thánh Mục Oản	Hộ uyển	85	giao dịch được	无极之圣目腕
10444486	Vô Cực Chi Thánh Mục Oản	Hộ uyển	86	giao dịch được	无极之圣目腕
10444487	Vô Cực Chi Thánh Mục Oản	Hộ uyển	87	giao dịch được	无极之圣目腕
10444488	Vô Cực Chi Thánh Mục Oản	Hộ uyển	88	giao dịch được	无极之圣目腕
10444489	Vô Cực Chi Thánh Mục Oản	Hộ uyển	89	giao dịch được	无极之圣目腕
10444490	Vô Cực Chi Thánh Mục Oản	Hộ uyển	90	giao dịch được	无极之圣目腕
10444491	Vô Cực Chi Linh Động Thánh Oản	Hộ uyển	91	giao dịch được	无极之灵动圣腕
10444492	Vô Cực Chi Linh Động Thánh Oản	Hộ uyển	92	giao dịch được	无极之灵动圣腕
10444493	Vô Cực Chi Linh Động Thánh Oản	Hộ uyển	93	giao dịch được	无极之灵动圣腕
10444494	Vô Cực Chi Linh Động Thánh Oản	Hộ uyển	94	giao dịch được	无极之灵动圣腕
10444495	Vô Cực Chi Linh Động Thánh Oản	Hộ uyển	95	giao dịch được	无极之灵动圣腕
10444496	Vô Cực Chi Linh Động Thánh Oản	Hộ uyển	96	giao dịch được	无极之灵动圣腕
10444497	Vô Cực Chi Linh Động Thánh Oản	Hộ uyển	97	giao dịch được	无极之灵动圣腕
10444498	Vô Cực Chi Linh Động Thánh Oản	Hộ uyển	98	giao dịch được	无极之灵动圣腕
10444499	Vô Cực Chi Linh Động Thánh Oản	Hộ uyển	99	giao dịch được	无极之灵动圣腕
10444500	Vô Cực Chi Linh Động Thánh Oản	Hộ uyển	100	giao dịch được	无极之灵动圣腕
10444501	Hoang Độc Chi Miên Bố Oản	Hộ uyển	1	giao dịch được	荒毒之棉布腕
10444502	Hoang Độc Chi Miên Bố Oản	Hộ uyển	2	giao dịch được	荒毒之棉布腕
10444503	Hoang Độc Chi Miên Bố Oản	Hộ uyển	3	giao dịch được	荒毒之棉布腕
10444504	Hoang Độc Chi Miên Bố Oản	Hộ uyển	4	giao dịch được	荒毒之棉布腕
10444505	Hoang Độc Chi Miên Bố Oản	Hộ uyển	5	giao dịch được	荒毒之棉布腕
10444506	Hoang Độc Chi Miên Bố Oản	Hộ uyển	6	giao dịch được	荒毒之棉布腕
10444507	Hoang Độc Chi Miên Bố Oản	Hộ uyển	7	giao dịch được	荒毒之棉布腕
10444508	Hoang Độc Chi Miên Bố Oản	Hộ uyển	8	giao dịch được	荒毒之棉布腕
10444509	Hoang Độc Chi Miên Bố Oản	Hộ uyển	9	giao dịch được	荒毒之棉布腕
10444510	Hoang Độc Chi Miên Bố Oản	Hộ uyển	10	giao dịch được	荒毒之棉布腕
10444511	Hoang Độc Chi Miên Ti Hộ Oản	Hộ uyển	11	giao dịch được	荒毒之棉丝护腕
10444512	Hoang Độc Chi Miên Ti Hộ Oản	Hộ uyển	12	giao dịch được	荒毒之棉丝护腕
10444513	Hoang Độc Chi Miên Ti Hộ Oản	Hộ uyển	13	giao dịch được	荒毒之棉丝护腕
10444514	Hoang Độc Chi Miên Ti Hộ Oản	Hộ uyển	14	giao dịch được	荒毒之棉丝护腕
10444515	Hoang Độc Chi Miên Ti Hộ Oản	Hộ uyển	15	giao dịch được	荒毒之棉丝护腕
10444516	Hoang Độc Chi Miên Ti Hộ Oản	Hộ uyển	16	giao dịch được	荒毒之棉丝护腕
10444517	Hoang Độc Chi Miên Ti Hộ Oản	Hộ uyển	17	giao dịch được	荒毒之棉丝护腕
10444518	Hoang Độc Chi Miên Ti Hộ Oản	Hộ uyển	18	giao dịch được	荒毒之棉丝护腕
10444519	Hoang Độc Chi Miên Ti Hộ Oản	Hộ uyển	19	giao dịch được	荒毒之棉丝护腕
10444520	Hoang Độc Chi Miên Ti Hộ Oản	Hộ uyển	20	giao dịch được	荒毒之棉丝护腕
10444521	Hoang Độc Chi Bồ Bố Oản	Hộ uyển	21	giao dịch được	荒毒之蒲布腕
10444522	Hoang Độc Chi Bồ Bố Oản	Hộ uyển	22	giao dịch được	荒毒之蒲布腕
10444523	Hoang Độc Chi Bồ Bố Oản	Hộ uyển	23	giao dịch được	荒毒之蒲布腕
10444524	Hoang Độc Chi Bồ Bố Oản	Hộ uyển	24	giao dịch được	荒毒之蒲布腕
10444525	Hoang Độc Chi Bồ Bố Oản	Hộ uyển	25	giao dịch được	荒毒之蒲布腕
10444526	Hoang Độc Chi Bồ Bố Oản	Hộ uyển	26	giao dịch được	荒毒之蒲布腕
10444527	Hoang Độc Chi Bồ Bố Oản	Hộ uyển	27	giao dịch được	荒毒之蒲布腕
10444528	Hoang Độc Chi Bồ Bố Oản	Hộ uyển	28	giao dịch được	荒毒之蒲布腕
10444529	Hoang Độc Chi Bồ Bố Oản	Hộ uyển	29	giao dịch được	荒毒之蒲布腕
10444530	Hoang Độc Chi Bồ Bố Oản	Hộ uyển	30	giao dịch được	荒毒之蒲布腕
10444531	Hoang Độc Chi Chân Ti Hộ Oản	Hộ uyển	31	giao dịch được	荒毒之真丝护腕
10444532	Hoang Độc Chi Chân Ti Hộ Oản	Hộ uyển	32	giao dịch được	荒毒之真丝护腕
10444533	Hoang Độc Chi Chân Ti Hộ Oản	Hộ uyển	33	giao dịch được	荒毒之真丝护腕
10444534	Hoang Độc Chi Chân Ti Hộ Oản	Hộ uyển	34	giao dịch được	荒毒之真丝护腕
10444535	Hoang Độc Chi Chân Ti Hộ Oản	Hộ uyển	35	giao dịch được	荒毒之真丝护腕
10444536	Hoang Độc Chi Chân Ti Hộ Oản	Hộ uyển	36	giao dịch được	荒毒之真丝护腕
10444537	Hoang Độc Chi Chân Ti Hộ Oản	Hộ uyển	37	giao dịch được	荒毒之真丝护腕
10444538	Hoang Độc Chi Chân Ti Hộ Oản	Hộ uyển	38	giao dịch được	荒毒之真丝护腕
10444539	Hoang Độc Chi Chân Ti Hộ Oản	Hộ uyển	39	giao dịch được	荒毒之真丝护腕
10444540	Hoang Độc Chi Chân Ti Hộ Oản	Hộ uyển	40	giao dịch được	荒毒之真丝护腕
10444541	Hoang Độc Chi Tô Cẩm Oản	Hộ uyển	41	giao dịch được	荒毒之苏锦腕
10444542	Hoang Độc Chi Tô Cẩm Oản	Hộ uyển	42	giao dịch được	荒毒之苏锦腕
10444543	Hoang Độc Chi Tô Cẩm Oản	Hộ uyển	43	giao dịch được	荒毒之苏锦腕
10444544	Hoang Độc Chi Tô Cẩm Oản	Hộ uyển	44	giao dịch được	荒毒之苏锦腕
10444545	Hoang Độc Chi Tô Cẩm Oản	Hộ uyển	45	giao dịch được	荒毒之苏锦腕
10444546	Hoang Độc Chi Tô Cẩm Oản	Hộ uyển	46	giao dịch được	荒毒之苏锦腕
10444547	Hoang Độc Chi Tô Cẩm Oản	Hộ uyển	47	giao dịch được	荒毒之苏锦腕
10444548	Hoang Độc Chi Tô Cẩm Oản	Hộ uyển	48	giao dịch được	荒毒之苏锦腕
10444549	Hoang Độc Chi Tô Cẩm Oản	Hộ uyển	49	giao dịch được	荒毒之苏锦腕
10444550	Hoang Độc Chi Tô Cẩm Oản	Hộ uyển	50	giao dịch được	荒毒之苏锦腕
10444551	Hoang Độc Chi Thanh Nga Oản	Hộ uyển	51	giao dịch được	荒毒之青峨腕
10444552	Hoang Độc Chi Thanh Nga Oản	Hộ uyển	52	giao dịch được	荒毒之青峨腕
10444553	Hoang Độc Chi Thanh Nga Oản	Hộ uyển	53	giao dịch được	荒毒之青峨腕
10444554	Hoang Độc Chi Thanh Nga Oản	Hộ uyển	54	giao dịch được	荒毒之青峨腕
10444555	Hoang Độc Chi Thanh Nga Oản	Hộ uyển	55	giao dịch được	荒毒之青峨腕
10444556	Hoang Độc Chi Thanh Nga Oản	Hộ uyển	56	giao dịch được	荒毒之青峨腕
10444557	Hoang Độc Chi Thanh Nga Oản	Hộ uyển	57	giao dịch được	荒毒之青峨腕
10444558	Hoang Độc Chi Thanh Nga Oản	Hộ uyển	58	giao dịch được	荒毒之青峨腕
10444559	Hoang Độc Chi Thanh Nga Oản	Hộ uyển	59	giao dịch được	荒毒之青峨腕
10444560	Hoang Độc Chi Thanh Nga Oản	Hộ uyển	60	giao dịch được	荒毒之青峨腕
10444561	Hoang Độc Chi Tứ Hải Oản	Hộ uyển	61	giao dịch được	荒毒之四海腕
10444562	Hoang Độc Chi Tứ Hải Oản	Hộ uyển	62	giao dịch được	荒毒之四海腕
10444563	Hoang Độc Chi Tứ Hải Oản	Hộ uyển	63	giao dịch được	荒毒之四海腕
10444564	Hoang Độc Chi Tứ Hải Oản	Hộ uyển	64	giao dịch được	荒毒之四海腕
10444565	Hoang Độc Chi Tứ Hải Oản	Hộ uyển	65	giao dịch được	荒毒之四海腕
10444566	Hoang Độc Chi Tứ Hải Oản	Hộ uyển	66	giao dịch được	荒毒之四海腕
10444567	Hoang Độc Chi Tứ Hải Oản	Hộ uyển	67	giao dịch được	荒毒之四海腕
10444568	Hoang Độc Chi Tứ Hải Oản	Hộ uyển	68	giao dịch được	荒毒之四海腕
10444569	Hoang Độc Chi Tứ Hải Oản	Hộ uyển	69	giao dịch được	荒毒之四海腕
10444570	Hoang Độc Chi Tứ Hải Oản	Hộ uyển	70	giao dịch được	荒毒之四海腕
10444571	Hoang Độc Chi Như Mộng Oản	Hộ uyển	71	giao dịch được	荒毒之如梦腕
10444572	Hoang Độc Chi Như Mộng Oản	Hộ uyển	72	giao dịch được	荒毒之如梦腕
10444573	Hoang Độc Chi Như Mộng Oản	Hộ uyển	73	giao dịch được	荒毒之如梦腕
10444574	Hoang Độc Chi Như Mộng Oản	Hộ uyển	74	giao dịch được	荒毒之如梦腕
10444575	Hoang Độc Chi Như Mộng Oản	Hộ uyển	75	giao dịch được	荒毒之如梦腕
10444576	Hoang Độc Chi Như Mộng Oản	Hộ uyển	76	giao dịch được	荒毒之如梦腕
10444577	Hoang Độc Chi Như Mộng Oản	Hộ uyển	77	giao dịch được	荒毒之如梦腕
10444578	Hoang Độc Chi Như Mộng Oản	Hộ uyển	78	giao dịch được	荒毒之如梦腕
10444579	Hoang Độc Chi Như Mộng Oản	Hộ uyển	79	giao dịch được	荒毒之如梦腕
10444580	Hoang Độc Chi Như Mộng Oản	Hộ uyển	80	giao dịch được	荒毒之如梦腕
10444581	Hoang Độc Chi Thánh Mục Oản	Hộ uyển	81	giao dịch được	荒毒之圣目腕
10444582	Hoang Độc Chi Thánh Mục Oản	Hộ uyển	82	giao dịch được	荒毒之圣目腕
10444583	Hoang Độc Chi Thánh Mục Oản	Hộ uyển	83	giao dịch được	荒毒之圣目腕
10444584	Hoang Độc Chi Thánh Mục Oản	Hộ uyển	84	giao dịch được	荒毒之圣目腕
10444585	Hoang Độc Chi Thánh Mục Oản	Hộ uyển	85	giao dịch được	荒毒之圣目腕
10444586	Hoang Độc Chi Thánh Mục Oản	Hộ uyển	86	giao dịch được	荒毒之圣目腕
10444587	Hoang Độc Chi Thánh Mục Oản	Hộ uyển	87	giao dịch được	荒毒之圣目腕
10444588	Hoang Độc Chi Thánh Mục Oản	Hộ uyển	88	giao dịch được	荒毒之圣目腕
10444589	Hoang Độc Chi Thánh Mục Oản	Hộ uyển	89	giao dịch được	荒毒之圣目腕
10444590	Hoang Độc Chi Thánh Mục Oản	Hộ uyển	90	giao dịch được	荒毒之圣目腕
10444591	Hoang Độc Chi Linh Động Thánh Oản	Hộ uyển	91	giao dịch được	荒毒之灵动圣腕
10444592	Hoang Độc Chi Linh Động Thánh Oản	Hộ uyển	92	giao dịch được	荒毒之灵动圣腕
10444593	Hoang Độc Chi Linh Động Thánh Oản	Hộ uyển	93	giao dịch được	荒毒之灵动圣腕
10444594	Hoang Độc Chi Linh Động Thánh Oản	Hộ uyển	94	giao dịch được	荒毒之灵动圣腕
10444595	Hoang Độc Chi Linh Động Thánh Oản	Hộ uyển	95	giao dịch được	荒毒之灵动圣腕
10444596	Hoang Độc Chi Linh Động Thánh Oản	Hộ uyển	96	giao dịch được	荒毒之灵动圣腕
10444597	Hoang Độc Chi Linh Động Thánh Oản	Hộ uyển	97	giao dịch được	荒毒之灵动圣腕
10444598	Hoang Độc Chi Linh Động Thánh Oản	Hộ uyển	98	giao dịch được	荒毒之灵动圣腕
10444599	Hoang Độc Chi Linh Động Thánh Oản	Hộ uyển	99	giao dịch được	荒毒之灵动圣腕
10444600	Hoang Độc Chi Linh Động Thánh Oản	Hộ uyển	100	giao dịch được	荒毒之灵动圣腕
10444601	Vô Tướng Chi Tích Bì Oản	Hộ uyển	1	giao dịch được	无相之蜥皮腕
10444602	Vô Tướng Chi Tích Bì Oản	Hộ uyển	2	giao dịch được	无相之蜥皮腕
10444603	Vô Tướng Chi Tích Bì Oản	Hộ uyển	3	giao dịch được	无相之蜥皮腕
10444604	Vô Tướng Chi Tích Bì Oản	Hộ uyển	4	giao dịch được	无相之蜥皮腕
10444605	Vô Tướng Chi Tích Bì Oản	Hộ uyển	5	giao dịch được	无相之蜥皮腕
10444606	Vô Tướng Chi Tích Bì Oản	Hộ uyển	6	giao dịch được	无相之蜥皮腕
10444607	Vô Tướng Chi Tích Bì Oản	Hộ uyển	7	giao dịch được	无相之蜥皮腕
10444608	Vô Tướng Chi Tích Bì Oản	Hộ uyển	8	giao dịch được	无相之蜥皮腕
10444609	Vô Tướng Chi Tích Bì Oản	Hộ uyển	9	giao dịch được	无相之蜥皮腕
10444610	Vô Tướng Chi Tích Bì Oản	Hộ uyển	10	giao dịch được	无相之蜥皮腕
10444611	Vô Tướng Chi Ngân Bì Oản	Hộ uyển	11	giao dịch được	无相之银皮腕
10444612	Vô Tướng Chi Ngân Bì Oản	Hộ uyển	12	giao dịch được	无相之银皮腕
10444613	Vô Tướng Chi Ngân Bì Oản	Hộ uyển	13	giao dịch được	无相之银皮腕
10444614	Vô Tướng Chi Ngân Bì Oản	Hộ uyển	14	giao dịch được	无相之银皮腕
10444615	Vô Tướng Chi Ngân Bì Oản	Hộ uyển	15	giao dịch được	无相之银皮腕
10444616	Vô Tướng Chi Ngân Bì Oản	Hộ uyển	16	giao dịch được	无相之银皮腕
10444617	Vô Tướng Chi Ngân Bì Oản	Hộ uyển	17	giao dịch được	无相之银皮腕
10444618	Vô Tướng Chi Ngân Bì Oản	Hộ uyển	18	giao dịch được	无相之银皮腕
10444619	Vô Tướng Chi Ngân Bì Oản	Hộ uyển	19	giao dịch được	无相之银皮腕
10444620	Vô Tướng Chi Ngân Bì Oản	Hộ uyển	20	giao dịch được	无相之银皮腕
10444621	Vô Tướng Chi Bì Lân Oản	Hộ uyển	21	giao dịch được	无相之皮麟腕
10444622	Vô Tướng Chi Bì Lân Oản	Hộ uyển	22	giao dịch được	无相之皮麟腕
10444623	Vô Tướng Chi Bì Lân Oản	Hộ uyển	23	giao dịch được	无相之皮麟腕
10444624	Vô Tướng Chi Bì Lân Oản	Hộ uyển	24	giao dịch được	无相之皮麟腕
10444625	Vô Tướng Chi Bì Lân Oản	Hộ uyển	25	giao dịch được	无相之皮麟腕
10444626	Vô Tướng Chi Bì Lân Oản	Hộ uyển	26	giao dịch được	无相之皮麟腕
10444627	Vô Tướng Chi Bì Lân Oản	Hộ uyển	27	giao dịch được	无相之皮麟腕
10444628	Vô Tướng Chi Bì Lân Oản	Hộ uyển	28	giao dịch được	无相之皮麟腕
10444629	Vô Tướng Chi Bì Lân Oản	Hộ uyển	29	giao dịch được	无相之皮麟腕
10444630	Vô Tướng Chi Bì Lân Oản	Hộ uyển	30	giao dịch được	无相之皮麟腕
10444631	Vô Tướng Chi Dao Tiên Oản	Hộ uyển	31	giao dịch được	无相之瑶仙腕
10444632	Vô Tướng Chi Dao Tiên Oản	Hộ uyển	32	giao dịch được	无相之瑶仙腕
10444633	Vô Tướng Chi Dao Tiên Oản	Hộ uyển	33	giao dịch được	无相之瑶仙腕
10444634	Vô Tướng Chi Dao Tiên Oản	Hộ uyển	34	giao dịch được	无相之瑶仙腕
10444635	Vô Tướng Chi Dao Tiên Oản	Hộ uyển	35	giao dịch được	无相之瑶仙腕
10444636	Vô Tướng Chi Dao Tiên Oản	Hộ uyển	36	giao dịch được	无相之瑶仙腕
10444637	Vô Tướng Chi Dao Tiên Oản	Hộ uyển	37	giao dịch được	无相之瑶仙腕
10444638	Vô Tướng Chi Dao Tiên Oản	Hộ uyển	38	giao dịch được	无相之瑶仙腕
10444639	Vô Tướng Chi Dao Tiên Oản	Hộ uyển	39	giao dịch được	无相之瑶仙腕
10444640	Vô Tướng Chi Dao Tiên Oản	Hộ uyển	40	giao dịch được	无相之瑶仙腕
10444641	Vô Tướng Chi Thiều Hoa Oản	Hộ uyển	41	giao dịch được	无相之韶华腕
10444642	Vô Tướng Chi Thiều Hoa Oản	Hộ uyển	42	giao dịch được	无相之韶华腕
10444643	Vô Tướng Chi Thiều Hoa Oản	Hộ uyển	43	giao dịch được	无相之韶华腕
10444644	Vô Tướng Chi Thiều Hoa Oản	Hộ uyển	44	giao dịch được	无相之韶华腕
10444645	Vô Tướng Chi Thiều Hoa Oản	Hộ uyển	45	giao dịch được	无相之韶华腕
10444646	Vô Tướng Chi Thiều Hoa Oản	Hộ uyển	46	giao dịch được	无相之韶华腕
10444647	Vô Tướng Chi Thiều Hoa Oản	Hộ uyển	47	giao dịch được	无相之韶华腕
10444648	Vô Tướng Chi Thiều Hoa Oản	Hộ uyển	48	giao dịch được	无相之韶华腕
10444649	Vô Tướng Chi Thiều Hoa Oản	Hộ uyển	49	giao dịch được	无相之韶华腕
10444650	Vô Tướng Chi Thiều Hoa Oản	Hộ uyển	50	giao dịch được	无相之韶华腕
10444651	Vô Tướng Chi Ngân Tiêu Oản	Hộ uyển	51	giao dịch được	无相之银霄腕
10444652	Vô Tướng Chi Ngân Tiêu Oản	Hộ uyển	52	giao dịch được	无相之银霄腕
10444653	Vô Tướng Chi Ngân Tiêu Oản	Hộ uyển	53	giao dịch được	无相之银霄腕
10444654	Vô Tướng Chi Ngân Tiêu Oản	Hộ uyển	54	giao dịch được	无相之银霄腕
10444655	Vô Tướng Chi Ngân Tiêu Oản	Hộ uyển	55	giao dịch được	无相之银霄腕
10444656	Vô Tướng Chi Ngân Tiêu Oản	Hộ uyển	56	giao dịch được	无相之银霄腕
10444657	Vô Tướng Chi Ngân Tiêu Oản	Hộ uyển	57	giao dịch được	无相之银霄腕
10444658	Vô Tướng Chi Ngân Tiêu Oản	Hộ uyển	58	giao dịch được	无相之银霄腕
10444659	Vô Tướng Chi Ngân Tiêu Oản	Hộ uyển	59	giao dịch được	无相之银霄腕
10444660	Vô Tướng Chi Ngân Tiêu Oản	Hộ uyển	60	giao dịch được	无相之银霄腕
10444661	Vô Tướng Chi Quỷ Vụ Oản	Hộ uyển	61	giao dịch được	无相之鬼雾腕
10444662	Vô Tướng Chi Quỷ Vụ Oản	Hộ uyển	62	giao dịch được	无相之鬼雾腕
10444663	Vô Tướng Chi Quỷ Vụ Oản	Hộ uyển	63	giao dịch được	无相之鬼雾腕
10444664	Vô Tướng Chi Quỷ Vụ Oản	Hộ uyển	64	giao dịch được	无相之鬼雾腕
10444665	Vô Tướng Chi Quỷ Vụ Oản	Hộ uyển	65	giao dịch được	无相之鬼雾腕
10444666	Vô Tướng Chi Quỷ Vụ Oản	Hộ uyển	66	giao dịch được	无相之鬼雾腕
10444667	Vô Tướng Chi Quỷ Vụ Oản	Hộ uyển	67	giao dịch được	无相之鬼雾腕
10444668	Vô Tướng Chi Quỷ Vụ Oản	Hộ uyển	68	giao dịch được	无相之鬼雾腕
10444669	Vô Tướng Chi Quỷ Vụ Oản	Hộ uyển	69	giao dịch được	无相之鬼雾腕
10444670	Vô Tướng Chi Quỷ Vụ Oản	Hộ uyển	70	giao dịch được	无相之鬼雾腕
10444671	Vô Tướng Chi Luyện Loan Tiên Oản	Hộ uyển	71	giao dịch được	无相之炼鸾仙腕
10444672	Vô Tướng Chi Luyện Loan Tiên Oản	Hộ uyển	72	giao dịch được	无相之炼鸾仙腕
10444673	Vô Tướng Chi Luyện Loan Tiên Oản	Hộ uyển	73	giao dịch được	无相之炼鸾仙腕
10444674	Vô Tướng Chi Luyện Loan Tiên Oản	Hộ uyển	74	giao dịch được	无相之炼鸾仙腕
10444675	Vô Tướng Chi Luyện Loan Tiên Oản	Hộ uyển	75	giao dịch được	无相之炼鸾仙腕
10444676	Vô Tướng Chi Luyện Loan Tiên Oản	Hộ uyển	76	giao dịch được	无相之炼鸾仙腕
10444677	Vô Tướng Chi Luyện Loan Tiên Oản	Hộ uyển	77	giao dịch được	无相之炼鸾仙腕
10444678	Vô Tướng Chi Luyện Loan Tiên Oản	Hộ uyển	78	giao dịch được	无相之炼鸾仙腕
10444679	Vô Tướng Chi Luyện Loan Tiên Oản	Hộ uyển	79	giao dịch được	无相之炼鸾仙腕
10444680	Vô Tướng Chi Luyện Loan Tiên Oản	Hộ uyển	80	giao dịch được	无相之炼鸾仙腕
10444681	Vô Tướng Chi Mị Giao Thánh Oản	Hộ uyển	81	giao dịch được	无相之魅蛟圣腕
10444682	Vô Tướng Chi Mị Giao Thánh Oản	Hộ uyển	82	giao dịch được	无相之魅蛟圣腕
10444683	Vô Tướng Chi Mị Giao Thánh Oản	Hộ uyển	83	giao dịch được	无相之魅蛟圣腕
10444684	Vô Tướng Chi Mị Giao Thánh Oản	Hộ uyển	84	giao dịch được	无相之魅蛟圣腕
10444685	Vô Tướng Chi Mị Giao Thánh Oản	Hộ uyển	85	giao dịch được	无相之魅蛟圣腕
10444686	Vô Tướng Chi Mị Giao Thánh Oản	Hộ uyển	86	giao dịch được	无相之魅蛟圣腕
10444687	Vô Tướng Chi Mị Giao Thánh Oản	Hộ uyển	87	giao dịch được	无相之魅蛟圣腕
10444688	Vô Tướng Chi Mị Giao Thánh Oản	Hộ uyển	88	giao dịch được	无相之魅蛟圣腕
10444689	Vô Tướng Chi Mị Giao Thánh Oản	Hộ uyển	89	giao dịch được	无相之魅蛟圣腕
10444690	Vô Tướng Chi Mị Giao Thánh Oản	Hộ uyển	90	giao dịch được	无相之魅蛟圣腕
10444691	Vô Tướng Chi Toan Nghê Ma Oản	Hộ uyển	91	giao dịch được	无相之狻猊魔腕
10444692	Vô Tướng Chi Toan Nghê Ma Oản	Hộ uyển	92	giao dịch được	无相之狻猊魔腕
10444693	Vô Tướng Chi Toan Nghê Ma Oản	Hộ uyển	93	giao dịch được	无相之狻猊魔腕
10444694	Vô Tướng Chi Toan Nghê Ma Oản	Hộ uyển	94	giao dịch được	无相之狻猊魔腕
10444695	Vô Tướng Chi Toan Nghê Ma Oản	Hộ uyển	95	giao dịch được	无相之狻猊魔腕
10444696	Vô Tướng Chi Toan Nghê Ma Oản	Hộ uyển	96	giao dịch được	无相之狻猊魔腕
10444697	Vô Tướng Chi Toan Nghê Ma Oản	Hộ uyển	97	giao dịch được	无相之狻猊魔腕
10444698	Vô Tướng Chi Toan Nghê Ma Oản	Hộ uyển	98	giao dịch được	无相之狻猊魔腕
10444699	Vô Tướng Chi Toan Nghê Ma Oản	Hộ uyển	99	giao dịch được	无相之狻猊魔腕
10444700	Vô Tướng Chi Toan Nghê Ma Oản	Hộ uyển	100	giao dịch được	无相之狻猊魔腕
10444701	Bắc Minh Chi Tích Bì Oản	Hộ uyển	1	giao dịch được	北冥之蜥皮腕
10444702	Bắc Minh Chi Tích Bì Oản	Hộ uyển	2	giao dịch được	北冥之蜥皮腕
10444703	Bắc Minh Chi Tích Bì Oản	Hộ uyển	3	giao dịch được	北冥之蜥皮腕
10444704	Bắc Minh Chi Tích Bì Oản	Hộ uyển	4	giao dịch được	北冥之蜥皮腕
10444705	Bắc Minh Chi Tích Bì Oản	Hộ uyển	5	giao dịch được	北冥之蜥皮腕
10444706	Bắc Minh Chi Tích Bì Oản	Hộ uyển	6	giao dịch được	北冥之蜥皮腕
10444707	Bắc Minh Chi Tích Bì Oản	Hộ uyển	7	giao dịch được	北冥之蜥皮腕
10444708	Bắc Minh Chi Tích Bì Oản	Hộ uyển	8	giao dịch được	北冥之蜥皮腕
10444709	Bắc Minh Chi Tích Bì Oản	Hộ uyển	9	giao dịch được	北冥之蜥皮腕
10444710	Bắc Minh Chi Tích Bì Oản	Hộ uyển	10	giao dịch được	北冥之蜥皮腕
10444711	Bắc Minh Chi Ngân Bì Oản	Hộ uyển	11	giao dịch được	北冥之银皮腕
10444712	Bắc Minh Chi Ngân Bì Oản	Hộ uyển	12	giao dịch được	北冥之银皮腕
10444713	Bắc Minh Chi Ngân Bì Oản	Hộ uyển	13	giao dịch được	北冥之银皮腕
10444714	Bắc Minh Chi Ngân Bì Oản	Hộ uyển	14	giao dịch được	北冥之银皮腕
10444715	Bắc Minh Chi Ngân Bì Oản	Hộ uyển	15	giao dịch được	北冥之银皮腕
10444716	Bắc Minh Chi Ngân Bì Oản	Hộ uyển	16	giao dịch được	北冥之银皮腕
10444717	Bắc Minh Chi Ngân Bì Oản	Hộ uyển	17	giao dịch được	北冥之银皮腕
10444718	Bắc Minh Chi Ngân Bì Oản	Hộ uyển	18	giao dịch được	北冥之银皮腕
10444719	Bắc Minh Chi Ngân Bì Oản	Hộ uyển	19	giao dịch được	北冥之银皮腕
10444720	Bắc Minh Chi Ngân Bì Oản	Hộ uyển	20	giao dịch được	北冥之银皮腕
10444721	Bắc Minh Chi Bì Lân Oản	Hộ uyển	21	giao dịch được	北冥之皮麟腕
10444722	Bắc Minh Chi Bì Lân Oản	Hộ uyển	22	giao dịch được	北冥之皮麟腕
10444723	Bắc Minh Chi Bì Lân Oản	Hộ uyển	23	giao dịch được	北冥之皮麟腕
10444724	Bắc Minh Chi Bì Lân Oản	Hộ uyển	24	giao dịch được	北冥之皮麟腕
10444725	Bắc Minh Chi Bì Lân Oản	Hộ uyển	25	giao dịch được	北冥之皮麟腕
10444726	Bắc Minh Chi Bì Lân Oản	Hộ uyển	26	giao dịch được	北冥之皮麟腕
10444727	Bắc Minh Chi Bì Lân Oản	Hộ uyển	27	giao dịch được	北冥之皮麟腕
10444728	Bắc Minh Chi Bì Lân Oản	Hộ uyển	28	giao dịch được	北冥之皮麟腕
10444729	Bắc Minh Chi Bì Lân Oản	Hộ uyển	29	giao dịch được	北冥之皮麟腕
10444730	Bắc Minh Chi Bì Lân Oản	Hộ uyển	30	giao dịch được	北冥之皮麟腕
10444731	Bắc Minh Chi Dao Tiên Oản	Hộ uyển	31	giao dịch được	北冥之瑶仙腕
10444732	Bắc Minh Chi Dao Tiên Oản	Hộ uyển	32	giao dịch được	北冥之瑶仙腕
10444733	Bắc Minh Chi Dao Tiên Oản	Hộ uyển	33	giao dịch được	北冥之瑶仙腕
10444734	Bắc Minh Chi Dao Tiên Oản	Hộ uyển	34	giao dịch được	北冥之瑶仙腕
10444735	Bắc Minh Chi Dao Tiên Oản	Hộ uyển	35	giao dịch được	北冥之瑶仙腕
10444736	Bắc Minh Chi Dao Tiên Oản	Hộ uyển	36	giao dịch được	北冥之瑶仙腕
10444737	Bắc Minh Chi Dao Tiên Oản	Hộ uyển	37	giao dịch được	北冥之瑶仙腕
10444738	Bắc Minh Chi Dao Tiên Oản	Hộ uyển	38	giao dịch được	北冥之瑶仙腕
10444739	Bắc Minh Chi Dao Tiên Oản	Hộ uyển	39	giao dịch được	北冥之瑶仙腕
10444740	Bắc Minh Chi Dao Tiên Oản	Hộ uyển	40	giao dịch được	北冥之瑶仙腕
10444741	Bắc Minh Chi Thiều Hoa Oản	Hộ uyển	41	giao dịch được	北冥之韶华腕
10444742	Bắc Minh Chi Thiều Hoa Oản	Hộ uyển	42	giao dịch được	北冥之韶华腕
10444743	Bắc Minh Chi Thiều Hoa Oản	Hộ uyển	43	giao dịch được	北冥之韶华腕
10444744	Bắc Minh Chi Thiều Hoa Oản	Hộ uyển	44	giao dịch được	北冥之韶华腕
10444745	Bắc Minh Chi Thiều Hoa Oản	Hộ uyển	45	giao dịch được	北冥之韶华腕
10444746	Bắc Minh Chi Thiều Hoa Oản	Hộ uyển	46	giao dịch được	北冥之韶华腕
10444747	Bắc Minh Chi Thiều Hoa Oản	Hộ uyển	47	giao dịch được	北冥之韶华腕
10444748	Bắc Minh Chi Thiều Hoa Oản	Hộ uyển	48	giao dịch được	北冥之韶华腕
10444749	Bắc Minh Chi Thiều Hoa Oản	Hộ uyển	49	giao dịch được	北冥之韶华腕
10444750	Bắc Minh Chi Thiều Hoa Oản	Hộ uyển	50	giao dịch được	北冥之韶华腕
10444751	Bắc Minh Chi Ngân Tiêu Oản	Hộ uyển	51	giao dịch được	北冥之银霄腕
10444752	Bắc Minh Chi Ngân Tiêu Oản	Hộ uyển	52	giao dịch được	北冥之银霄腕
10444753	Bắc Minh Chi Ngân Tiêu Oản	Hộ uyển	53	giao dịch được	北冥之银霄腕
10444754	Bắc Minh Chi Ngân Tiêu Oản	Hộ uyển	54	giao dịch được	北冥之银霄腕
10444755	Bắc Minh Chi Ngân Tiêu Oản	Hộ uyển	55	giao dịch được	北冥之银霄腕
10444756	Bắc Minh Chi Ngân Tiêu Oản	Hộ uyển	56	giao dịch được	北冥之银霄腕
10444757	Bắc Minh Chi Ngân Tiêu Oản	Hộ uyển	57	giao dịch được	北冥之银霄腕
10444758	Bắc Minh Chi Ngân Tiêu Oản	Hộ uyển	58	giao dịch được	北冥之银霄腕
10444759	Bắc Minh Chi Ngân Tiêu Oản	Hộ uyển	59	giao dịch được	北冥之银霄腕
10444760	Bắc Minh Chi Ngân Tiêu Oản	Hộ uyển	60	giao dịch được	北冥之银霄腕
10444761	Bắc Minh Chi Quỷ Vụ Oản	Hộ uyển	61	giao dịch được	北冥之鬼雾腕
10444762	Bắc Minh Chi Quỷ Vụ Oản	Hộ uyển	62	giao dịch được	北冥之鬼雾腕
10444763	Bắc Minh Chi Quỷ Vụ Oản	Hộ uyển	63	giao dịch được	北冥之鬼雾腕
10444764	Bắc Minh Chi Quỷ Vụ Oản	Hộ uyển	64	giao dịch được	北冥之鬼雾腕
10444765	Bắc Minh Chi Quỷ Vụ Oản	Hộ uyển	65	giao dịch được	北冥之鬼雾腕
10444766	Bắc Minh Chi Quỷ Vụ Oản	Hộ uyển	66	giao dịch được	北冥之鬼雾腕
10444767	Bắc Minh Chi Quỷ Vụ Oản	Hộ uyển	67	giao dịch được	北冥之鬼雾腕
10444768	Bắc Minh Chi Quỷ Vụ Oản	Hộ uyển	68	giao dịch được	北冥之鬼雾腕
10444769	Bắc Minh Chi Quỷ Vụ Oản	Hộ uyển	69	giao dịch được	北冥之鬼雾腕
10444770	Bắc Minh Chi Quỷ Vụ Oản	Hộ uyển	70	giao dịch được	北冥之鬼雾腕
10444771	Bắc Minh Chi Luyện Loan Tiên Oản	Hộ uyển	71	giao dịch được	北冥之炼鸾仙腕
10444772	Bắc Minh Chi Luyện Loan Tiên Oản	Hộ uyển	72	giao dịch được	北冥之炼鸾仙腕
10444773	Bắc Minh Chi Luyện Loan Tiên Oản	Hộ uyển	73	giao dịch được	北冥之炼鸾仙腕
10444774	Bắc Minh Chi Luyện Loan Tiên Oản	Hộ uyển	74	giao dịch được	北冥之炼鸾仙腕
10444775	Bắc Minh Chi Luyện Loan Tiên Oản	Hộ uyển	75	giao dịch được	北冥之炼鸾仙腕
10444776	Bắc Minh Chi Luyện Loan Tiên Oản	Hộ uyển	76	giao dịch được	北冥之炼鸾仙腕
10444777	Bắc Minh Chi Luyện Loan Tiên Oản	Hộ uyển	77	giao dịch được	北冥之炼鸾仙腕
10444778	Bắc Minh Chi Luyện Loan Tiên Oản	Hộ uyển	78	giao dịch được	北冥之炼鸾仙腕
10444779	Bắc Minh Chi Luyện Loan Tiên Oản	Hộ uyển	79	giao dịch được	北冥之炼鸾仙腕
10444780	Bắc Minh Chi Luyện Loan Tiên Oản	Hộ uyển	80	giao dịch được	北冥之炼鸾仙腕
10444781	Bắc Minh Chi Mị Giao Thánh Oản	Hộ uyển	81	giao dịch được	北冥之魅蛟圣腕
10444782	Bắc Minh Chi Mị Giao Thánh Oản	Hộ uyển	82	giao dịch được	北冥之魅蛟圣腕
10444783	Bắc Minh Chi Mị Giao Thánh Oản	Hộ uyển	83	giao dịch được	北冥之魅蛟圣腕
10444784	Bắc Minh Chi Mị Giao Thánh Oản	Hộ uyển	84	giao dịch được	北冥之魅蛟圣腕
10444785	Bắc Minh Chi Mị Giao Thánh Oản	Hộ uyển	85	giao dịch được	北冥之魅蛟圣腕
10444786	Bắc Minh Chi Mị Giao Thánh Oản	Hộ uyển	86	giao dịch được	北冥之魅蛟圣腕
10444787	Bắc Minh Chi Mị Giao Thánh Oản	Hộ uyển	87	giao dịch được	北冥之魅蛟圣腕
10444788	Bắc Minh Chi Mị Giao Thánh Oản	Hộ uyển	88	giao dịch được	北冥之魅蛟圣腕
10444789	Bắc Minh Chi Mị Giao Thánh Oản	Hộ uyển	89	giao dịch được	北冥之魅蛟圣腕
10444790	Bắc Minh Chi Mị Giao Thánh Oản	Hộ uyển	90	giao dịch được	北冥之魅蛟圣腕
10444791	Bắc Minh Chi Toan Nghê Ma Oản	Hộ uyển	91	giao dịch được	北冥之狻猊魔腕
10444792	Bắc Minh Chi Toan Nghê Ma Oản	Hộ uyển	92	giao dịch được	北冥之狻猊魔腕
10444793	Bắc Minh Chi Toan Nghê Ma Oản	Hộ uyển	93	giao dịch được	北冥之狻猊魔腕
10444794	Bắc Minh Chi Toan Nghê Ma Oản	Hộ uyển	94	giao dịch được	北冥之狻猊魔腕
10444795	Bắc Minh Chi Toan Nghê Ma Oản	Hộ uyển	95	giao dịch được	北冥之狻猊魔腕
10444796	Bắc Minh Chi Toan Nghê Ma Oản	Hộ uyển	96	giao dịch được	北冥之狻猊魔腕
10444797	Bắc Minh Chi Toan Nghê Ma Oản	Hộ uyển	97	giao dịch được	北冥之狻猊魔腕
10444798	Bắc Minh Chi Toan Nghê Ma Oản	Hộ uyển	98	giao dịch được	北冥之狻猊魔腕
10444799	Bắc Minh Chi Toan Nghê Ma Oản	Hộ uyển	99	giao dịch được	北冥之狻猊魔腕
10444800	Bắc Minh Chi Toan Nghê Ma Oản	Hộ uyển	100	giao dịch được	北冥之狻猊魔腕
10444801	Ngưng Mạch Chi Tích Bì Oản	Hộ uyển	1	giao dịch được	凝脉之蜥皮腕
10444802	Ngưng Mạch Chi Tích Bì Oản	Hộ uyển	2	giao dịch được	凝脉之蜥皮腕
10444803	Ngưng Mạch Chi Tích Bì Oản	Hộ uyển	3	giao dịch được	凝脉之蜥皮腕
10444804	Ngưng Mạch Chi Tích Bì Oản	Hộ uyển	4	giao dịch được	凝脉之蜥皮腕
10444805	Ngưng Mạch Chi Tích Bì Oản	Hộ uyển	5	giao dịch được	凝脉之蜥皮腕
10444806	Ngưng Mạch Chi Tích Bì Oản	Hộ uyển	6	giao dịch được	凝脉之蜥皮腕
10444807	Ngưng Mạch Chi Tích Bì Oản	Hộ uyển	7	giao dịch được	凝脉之蜥皮腕
10444808	Ngưng Mạch Chi Tích Bì Oản	Hộ uyển	8	giao dịch được	凝脉之蜥皮腕
10444809	Ngưng Mạch Chi Tích Bì Oản	Hộ uyển	9	giao dịch được	凝脉之蜥皮腕
10444810	Ngưng Mạch Chi Tích Bì Oản	Hộ uyển	10	giao dịch được	凝脉之蜥皮腕
10444811	Ngưng Mạch Chi Ngân Bì Oản	Hộ uyển	11	giao dịch được	凝脉之银皮腕
10444812	Ngưng Mạch Chi Ngân Bì Oản	Hộ uyển	12	giao dịch được	凝脉之银皮腕
10444813	Ngưng Mạch Chi Ngân Bì Oản	Hộ uyển	13	giao dịch được	凝脉之银皮腕
10444814	Ngưng Mạch Chi Ngân Bì Oản	Hộ uyển	14	giao dịch được	凝脉之银皮腕
10444815	Ngưng Mạch Chi Ngân Bì Oản	Hộ uyển	15	giao dịch được	凝脉之银皮腕
10444816	Ngưng Mạch Chi Ngân Bì Oản	Hộ uyển	16	giao dịch được	凝脉之银皮腕
10444817	Ngưng Mạch Chi Ngân Bì Oản	Hộ uyển	17	giao dịch được	凝脉之银皮腕
10444818	Ngưng Mạch Chi Ngân Bì Oản	Hộ uyển	18	giao dịch được	凝脉之银皮腕
10444819	Ngưng Mạch Chi Ngân Bì Oản	Hộ uyển	19	giao dịch được	凝脉之银皮腕
10444820	Ngưng Mạch Chi Ngân Bì Oản	Hộ uyển	20	giao dịch được	凝脉之银皮腕
10444821	Ngưng Mạch Chi Bì Lân Oản	Hộ uyển	21	giao dịch được	凝脉之皮麟腕
10444822	Ngưng Mạch Chi Bì Lân Oản	Hộ uyển	22	giao dịch được	凝脉之皮麟腕
10444823	Ngưng Mạch Chi Bì Lân Oản	Hộ uyển	23	giao dịch được	凝脉之皮麟腕
10444824	Ngưng Mạch Chi Bì Lân Oản	Hộ uyển	24	giao dịch được	凝脉之皮麟腕
10444825	Ngưng Mạch Chi Bì Lân Oản	Hộ uyển	25	giao dịch được	凝脉之皮麟腕
10444826	Ngưng Mạch Chi Bì Lân Oản	Hộ uyển	26	giao dịch được	凝脉之皮麟腕
10444827	Ngưng Mạch Chi Bì Lân Oản	Hộ uyển	27	giao dịch được	凝脉之皮麟腕
10444828	Ngưng Mạch Chi Bì Lân Oản	Hộ uyển	28	giao dịch được	凝脉之皮麟腕
10444829	Ngưng Mạch Chi Bì Lân Oản	Hộ uyển	29	giao dịch được	凝脉之皮麟腕
10444830	Ngưng Mạch Chi Bì Lân Oản	Hộ uyển	30	giao dịch được	凝脉之皮麟腕
10444831	Ngưng Mạch Chi Dao Tiên Oản	Hộ uyển	31	giao dịch được	凝脉之瑶仙腕
10444832	Ngưng Mạch Chi Dao Tiên Oản	Hộ uyển	32	giao dịch được	凝脉之瑶仙腕
10444833	Ngưng Mạch Chi Dao Tiên Oản	Hộ uyển	33	giao dịch được	凝脉之瑶仙腕
10444834	Ngưng Mạch Chi Dao Tiên Oản	Hộ uyển	34	giao dịch được	凝脉之瑶仙腕
10444835	Ngưng Mạch Chi Dao Tiên Oản	Hộ uyển	35	giao dịch được	凝脉之瑶仙腕
10444836	Ngưng Mạch Chi Dao Tiên Oản	Hộ uyển	36	giao dịch được	凝脉之瑶仙腕
10444837	Ngưng Mạch Chi Dao Tiên Oản	Hộ uyển	37	giao dịch được	凝脉之瑶仙腕
10444838	Ngưng Mạch Chi Dao Tiên Oản	Hộ uyển	38	giao dịch được	凝脉之瑶仙腕
10444839	Ngưng Mạch Chi Dao Tiên Oản	Hộ uyển	39	giao dịch được	凝脉之瑶仙腕
10444840	Ngưng Mạch Chi Dao Tiên Oản	Hộ uyển	40	giao dịch được	凝脉之瑶仙腕
10444841	Ngưng Mạch Chi Thiều Hoa Oản	Hộ uyển	41	giao dịch được	凝脉之韶华腕
10444842	Ngưng Mạch Chi Thiều Hoa Oản	Hộ uyển	42	giao dịch được	凝脉之韶华腕
10444843	Ngưng Mạch Chi Thiều Hoa Oản	Hộ uyển	43	giao dịch được	凝脉之韶华腕
10444844	Ngưng Mạch Chi Thiều Hoa Oản	Hộ uyển	44	giao dịch được	凝脉之韶华腕
10444845	Ngưng Mạch Chi Thiều Hoa Oản	Hộ uyển	45	giao dịch được	凝脉之韶华腕
10444846	Ngưng Mạch Chi Thiều Hoa Oản	Hộ uyển	46	giao dịch được	凝脉之韶华腕
10444847	Ngưng Mạch Chi Thiều Hoa Oản	Hộ uyển	47	giao dịch được	凝脉之韶华腕
10444848	Ngưng Mạch Chi Thiều Hoa Oản	Hộ uyển	48	giao dịch được	凝脉之韶华腕
10444849	Ngưng Mạch Chi Thiều Hoa Oản	Hộ uyển	49	giao dịch được	凝脉之韶华腕
10444850	Ngưng Mạch Chi Thiều Hoa Oản	Hộ uyển	50	giao dịch được	凝脉之韶华腕
10444851	Ngưng Mạch Chi Ngân Tiêu Oản	Hộ uyển	51	giao dịch được	凝脉之银霄腕
10444852	Ngưng Mạch Chi Ngân Tiêu Oản	Hộ uyển	52	giao dịch được	凝脉之银霄腕
10444853	Ngưng Mạch Chi Ngân Tiêu Oản	Hộ uyển	53	giao dịch được	凝脉之银霄腕
10444854	Ngưng Mạch Chi Ngân Tiêu Oản	Hộ uyển	54	giao dịch được	凝脉之银霄腕
10444855	Ngưng Mạch Chi Ngân Tiêu Oản	Hộ uyển	55	giao dịch được	凝脉之银霄腕
10444856	Ngưng Mạch Chi Ngân Tiêu Oản	Hộ uyển	56	giao dịch được	凝脉之银霄腕
10444857	Ngưng Mạch Chi Ngân Tiêu Oản	Hộ uyển	57	giao dịch được	凝脉之银霄腕
10444858	Ngưng Mạch Chi Ngân Tiêu Oản	Hộ uyển	58	giao dịch được	凝脉之银霄腕
10444859	Ngưng Mạch Chi Ngân Tiêu Oản	Hộ uyển	59	giao dịch được	凝脉之银霄腕
10444860	Ngưng Mạch Chi Ngân Tiêu Oản	Hộ uyển	60	giao dịch được	凝脉之银霄腕
10444861	Ngưng Mạch Chi Quỷ Vụ Oản	Hộ uyển	61	giao dịch được	凝脉之鬼雾腕
10444862	Ngưng Mạch Chi Quỷ Vụ Oản	Hộ uyển	62	giao dịch được	凝脉之鬼雾腕
10444863	Ngưng Mạch Chi Quỷ Vụ Oản	Hộ uyển	63	giao dịch được	凝脉之鬼雾腕
10444864	Ngưng Mạch Chi Quỷ Vụ Oản	Hộ uyển	64	giao dịch được	凝脉之鬼雾腕
10444865	Ngưng Mạch Chi Quỷ Vụ Oản	Hộ uyển	65	giao dịch được	凝脉之鬼雾腕
10444866	Ngưng Mạch Chi Quỷ Vụ Oản	Hộ uyển	66	giao dịch được	凝脉之鬼雾腕
10444867	Ngưng Mạch Chi Quỷ Vụ Oản	Hộ uyển	67	giao dịch được	凝脉之鬼雾腕
10444868	Ngưng Mạch Chi Quỷ Vụ Oản	Hộ uyển	68	giao dịch được	凝脉之鬼雾腕
10444869	Ngưng Mạch Chi Quỷ Vụ Oản	Hộ uyển	69	giao dịch được	凝脉之鬼雾腕
10444870	Ngưng Mạch Chi Quỷ Vụ Oản	Hộ uyển	70	giao dịch được	凝脉之鬼雾腕
10444871	Ngưng Mạch Chi Luyện Loan Tiên Oản	Hộ uyển	71	giao dịch được	凝脉之炼鸾仙腕
10444872	Ngưng Mạch Chi Luyện Loan Tiên Oản	Hộ uyển	72	giao dịch được	凝脉之炼鸾仙腕
10444873	Ngưng Mạch Chi Luyện Loan Tiên Oản	Hộ uyển	73	giao dịch được	凝脉之炼鸾仙腕
10444874	Ngưng Mạch Chi Luyện Loan Tiên Oản	Hộ uyển	74	giao dịch được	凝脉之炼鸾仙腕
10444875	Ngưng Mạch Chi Luyện Loan Tiên Oản	Hộ uyển	75	giao dịch được	凝脉之炼鸾仙腕
10444876	Ngưng Mạch Chi Luyện Loan Tiên Oản	Hộ uyển	76	giao dịch được	凝脉之炼鸾仙腕
10444877	Ngưng Mạch Chi Luyện Loan Tiên Oản	Hộ uyển	77	giao dịch được	凝脉之炼鸾仙腕
10444878	Ngưng Mạch Chi Luyện Loan Tiên Oản	Hộ uyển	78	giao dịch được	凝脉之炼鸾仙腕
10444879	Ngưng Mạch Chi Luyện Loan Tiên Oản	Hộ uyển	79	giao dịch được	凝脉之炼鸾仙腕
10444880	Ngưng Mạch Chi Luyện Loan Tiên Oản	Hộ uyển	80	giao dịch được	凝脉之炼鸾仙腕
10444881	Ngưng Mạch Chi Mị Giao Thánh Oản	Hộ uyển	81	giao dịch được	凝脉之魅蛟圣腕
10444882	Ngưng Mạch Chi Mị Giao Thánh Oản	Hộ uyển	82	giao dịch được	凝脉之魅蛟圣腕
10444883	Ngưng Mạch Chi Mị Giao Thánh Oản	Hộ uyển	83	giao dịch được	凝脉之魅蛟圣腕
10444884	Ngưng Mạch Chi Mị Giao Thánh Oản	Hộ uyển	84	giao dịch được	凝脉之魅蛟圣腕
10444885	Ngưng Mạch Chi Mị Giao Thánh Oản	Hộ uyển	85	giao dịch được	凝脉之魅蛟圣腕
10444886	Ngưng Mạch Chi Mị Giao Thánh Oản	Hộ uyển	86	giao dịch được	凝脉之魅蛟圣腕
10444887	Ngưng Mạch Chi Mị Giao Thánh Oản	Hộ uyển	87	giao dịch được	凝脉之魅蛟圣腕
10444888	Ngưng Mạch Chi Mị Giao Thánh Oản	Hộ uyển	88	giao dịch được	凝脉之魅蛟圣腕
10444889	Ngưng Mạch Chi Mị Giao Thánh Oản	Hộ uyển	89	giao dịch được	凝脉之魅蛟圣腕
10444890	Ngưng Mạch Chi Mị Giao Thánh Oản	Hộ uyển	90	giao dịch được	凝脉之魅蛟圣腕
10444891	Ngưng Mạch Chi Toan Nghê Ma Oản	Hộ uyển	91	giao dịch được	凝脉之狻猊魔腕
10444892	Ngưng Mạch Chi Toan Nghê Ma Oản	Hộ uyển	92	giao dịch được	凝脉之狻猊魔腕
10444893	Ngưng Mạch Chi Toan Nghê Ma Oản	Hộ uyển	93	giao dịch được	凝脉之狻猊魔腕
10444894	Ngưng Mạch Chi Toan Nghê Ma Oản	Hộ uyển	94	giao dịch được	凝脉之狻猊魔腕
10444895	Ngưng Mạch Chi Toan Nghê Ma Oản	Hộ uyển	95	giao dịch được	凝脉之狻猊魔腕
10444896	Ngưng Mạch Chi Toan Nghê Ma Oản	Hộ uyển	96	giao dịch được	凝脉之狻猊魔腕
10444897	Ngưng Mạch Chi Toan Nghê Ma Oản	Hộ uyển	97	giao dịch được	凝脉之狻猊魔腕
10444898	Ngưng Mạch Chi Toan Nghê Ma Oản	Hộ uyển	98	giao dịch được	凝脉之狻猊魔腕
10444899	Ngưng Mạch Chi Toan Nghê Ma Oản	Hộ uyển	99	giao dịch được	凝脉之狻猊魔腕
10444900	Ngưng Mạch Chi Toan Nghê Ma Oản	Hộ uyển	100	giao dịch được	凝脉之狻猊魔腕
10445001	Đạt Ma Chi Ngân Toả Hộ Kiên	Hộ kiên	1	giao dịch được	达摩之银锁护肩
10445002	Đạt Ma Chi Ngân Toả Hộ Kiên	Hộ kiên	2	giao dịch được	达摩之银锁护肩
10445003	Đạt Ma Chi Ngân Toả Hộ Kiên	Hộ kiên	3	giao dịch được	达摩之银锁护肩
10445004	Đạt Ma Chi Ngân Toả Hộ Kiên	Hộ kiên	4	giao dịch được	达摩之银锁护肩
10445005	Đạt Ma Chi Ngân Toả Hộ Kiên	Hộ kiên	5	giao dịch được	达摩之银锁护肩
10445006	Đạt Ma Chi Ngân Toả Hộ Kiên	Hộ kiên	6	giao dịch được	达摩之银锁护肩
10445007	Đạt Ma Chi Ngân Toả Hộ Kiên	Hộ kiên	7	giao dịch được	达摩之银锁护肩
10445008	Đạt Ma Chi Ngân Toả Hộ Kiên	Hộ kiên	8	giao dịch được	达摩之银锁护肩
10445009	Đạt Ma Chi Ngân Toả Hộ Kiên	Hộ kiên	9	giao dịch được	达摩之银锁护肩
10445010	Đạt Ma Chi Ngân Toả Hộ Kiên	Hộ kiên	10	giao dịch được	达摩之银锁护肩
10445011	Đạt Ma Chi Nguyệt Thiết Hộ Kiên	Hộ kiên	11	giao dịch được	达摩之月铁护肩
10445012	Đạt Ma Chi Nguyệt Thiết Hộ Kiên	Hộ kiên	12	giao dịch được	达摩之月铁护肩
10445013	Đạt Ma Chi Nguyệt Thiết Hộ Kiên	Hộ kiên	13	giao dịch được	达摩之月铁护肩
10445014	Đạt Ma Chi Nguyệt Thiết Hộ Kiên	Hộ kiên	14	giao dịch được	达摩之月铁护肩
10445015	Đạt Ma Chi Nguyệt Thiết Hộ Kiên	Hộ kiên	15	giao dịch được	达摩之月铁护肩
10445016	Đạt Ma Chi Nguyệt Thiết Hộ Kiên	Hộ kiên	16	giao dịch được	达摩之月铁护肩
10445017	Đạt Ma Chi Nguyệt Thiết Hộ Kiên	Hộ kiên	17	giao dịch được	达摩之月铁护肩
10445018	Đạt Ma Chi Nguyệt Thiết Hộ Kiên	Hộ kiên	18	giao dịch được	达摩之月铁护肩
10445019	Đạt Ma Chi Nguyệt Thiết Hộ Kiên	Hộ kiên	19	giao dịch được	达摩之月铁护肩
10445020	Đạt Ma Chi Nguyệt Thiết Hộ Kiên	Hộ kiên	20	giao dịch được	达摩之月铁护肩
10445021	Đạt Ma Chi Huyền Thiết Hộ Kiên	Hộ kiên	21	giao dịch được	达摩之玄铁护肩
10445022	Đạt Ma Chi Huyền Thiết Hộ Kiên	Hộ kiên	22	giao dịch được	达摩之玄铁护肩
10445023	Đạt Ma Chi Huyền Thiết Hộ Kiên	Hộ kiên	23	giao dịch được	达摩之玄铁护肩
10445024	Đạt Ma Chi Huyền Thiết Hộ Kiên	Hộ kiên	24	giao dịch được	达摩之玄铁护肩
10445025	Đạt Ma Chi Huyền Thiết Hộ Kiên	Hộ kiên	25	giao dịch được	达摩之玄铁护肩
10445026	Đạt Ma Chi Huyền Thiết Hộ Kiên	Hộ kiên	26	giao dịch được	达摩之玄铁护肩
10445027	Đạt Ma Chi Huyền Thiết Hộ Kiên	Hộ kiên	27	giao dịch được	达摩之玄铁护肩
10445028	Đạt Ma Chi Huyền Thiết Hộ Kiên	Hộ kiên	28	giao dịch được	达摩之玄铁护肩
10445029	Đạt Ma Chi Huyền Thiết Hộ Kiên	Hộ kiên	29	giao dịch được	达摩之玄铁护肩
10445030	Đạt Ma Chi Huyền Thiết Hộ Kiên	Hộ kiên	30	giao dịch được	达摩之玄铁护肩
10445031	Đạt Ma Chi Phong Tiêu Hộ Kiên	Hộ kiên	31	giao dịch được	达摩之封霄护肩
10445032	Đạt Ma Chi Phong Tiêu Hộ Kiên	Hộ kiên	32	giao dịch được	达摩之封霄护肩
10445033	Đạt Ma Chi Phong Tiêu Hộ Kiên	Hộ kiên	33	giao dịch được	达摩之封霄护肩
10445034	Đạt Ma Chi Phong Tiêu Hộ Kiên	Hộ kiên	34	giao dịch được	达摩之封霄护肩
10445035	Đạt Ma Chi Phong Tiêu Hộ Kiên	Hộ kiên	35	giao dịch được	达摩之封霄护肩
10445036	Đạt Ma Chi Phong Tiêu Hộ Kiên	Hộ kiên	36	giao dịch được	达摩之封霄护肩
10445037	Đạt Ma Chi Phong Tiêu Hộ Kiên	Hộ kiên	37	giao dịch được	达摩之封霄护肩
10445038	Đạt Ma Chi Phong Tiêu Hộ Kiên	Hộ kiên	38	giao dịch được	达摩之封霄护肩
10445039	Đạt Ma Chi Phong Tiêu Hộ Kiên	Hộ kiên	39	giao dịch được	达摩之封霄护肩
10445040	Đạt Ma Chi Phong Tiêu Hộ Kiên	Hộ kiên	40	giao dịch được	达摩之封霄护肩
10445041	Đạt Ma Chi Diệt Hàn Hộ Kiên	Hộ kiên	41	giao dịch được	达摩之灭寒护肩
10445042	Đạt Ma Chi Diệt Hàn Hộ Kiên	Hộ kiên	42	giao dịch được	达摩之灭寒护肩
10445043	Đạt Ma Chi Diệt Hàn Hộ Kiên	Hộ kiên	43	giao dịch được	达摩之灭寒护肩
10445044	Đạt Ma Chi Diệt Hàn Hộ Kiên	Hộ kiên	44	giao dịch được	达摩之灭寒护肩
10445045	Đạt Ma Chi Diệt Hàn Hộ Kiên	Hộ kiên	45	giao dịch được	达摩之灭寒护肩
10445046	Đạt Ma Chi Diệt Hàn Hộ Kiên	Hộ kiên	46	giao dịch được	达摩之灭寒护肩
10445047	Đạt Ma Chi Diệt Hàn Hộ Kiên	Hộ kiên	47	giao dịch được	达摩之灭寒护肩
10445048	Đạt Ma Chi Diệt Hàn Hộ Kiên	Hộ kiên	48	giao dịch được	达摩之灭寒护肩
10445049	Đạt Ma Chi Diệt Hàn Hộ Kiên	Hộ kiên	49	giao dịch được	达摩之灭寒护肩
10445050	Đạt Ma Chi Diệt Hàn Hộ Kiên	Hộ kiên	50	giao dịch được	达摩之灭寒护肩
10445051	Đạt Ma Chi Nghịch Hoả Hộ Kiên	Hộ kiên	51	giao dịch được	达摩之逆火护肩
10445052	Đạt Ma Chi Nghịch Hoả Hộ Kiên	Hộ kiên	52	giao dịch được	达摩之逆火护肩
10445053	Đạt Ma Chi Nghịch Hoả Hộ Kiên	Hộ kiên	53	giao dịch được	达摩之逆火护肩
10445054	Đạt Ma Chi Nghịch Hoả Hộ Kiên	Hộ kiên	54	giao dịch được	达摩之逆火护肩
10445055	Đạt Ma Chi Nghịch Hoả Hộ Kiên	Hộ kiên	55	giao dịch được	达摩之逆火护肩
10445056	Đạt Ma Chi Nghịch Hoả Hộ Kiên	Hộ kiên	56	giao dịch được	达摩之逆火护肩
10445057	Đạt Ma Chi Nghịch Hoả Hộ Kiên	Hộ kiên	57	giao dịch được	达摩之逆火护肩
10445058	Đạt Ma Chi Nghịch Hoả Hộ Kiên	Hộ kiên	58	giao dịch được	达摩之逆火护肩
10445059	Đạt Ma Chi Nghịch Hoả Hộ Kiên	Hộ kiên	59	giao dịch được	达摩之逆火护肩
10445060	Đạt Ma Chi Nghịch Hoả Hộ Kiên	Hộ kiên	60	giao dịch được	达摩之逆火护肩
10445061	Đạt Ma Chi Thệ Trần Hộ Kiên	Hộ kiên	61	giao dịch được	达摩之誓尘护肩
10445062	Đạt Ma Chi Thệ Trần Hộ Kiên	Hộ kiên	62	giao dịch được	达摩之誓尘护肩
10445063	Đạt Ma Chi Thệ Trần Hộ Kiên	Hộ kiên	63	giao dịch được	达摩之誓尘护肩
10445064	Đạt Ma Chi Thệ Trần Hộ Kiên	Hộ kiên	64	giao dịch được	达摩之誓尘护肩
10445065	Đạt Ma Chi Thệ Trần Hộ Kiên	Hộ kiên	65	giao dịch được	达摩之誓尘护肩
10445066	Đạt Ma Chi Thệ Trần Hộ Kiên	Hộ kiên	66	giao dịch được	达摩之誓尘护肩
10445067	Đạt Ma Chi Thệ Trần Hộ Kiên	Hộ kiên	67	giao dịch được	达摩之誓尘护肩
10445068	Đạt Ma Chi Thệ Trần Hộ Kiên	Hộ kiên	68	giao dịch được	达摩之誓尘护肩
10445069	Đạt Ma Chi Thệ Trần Hộ Kiên	Hộ kiên	69	giao dịch được	达摩之誓尘护肩
10445070	Đạt Ma Chi Thệ Trần Hộ Kiên	Hộ kiên	70	giao dịch được	达摩之誓尘护肩
10445071	Đạt Ma Chi Diệt Phách Hộ Kiên	Hộ kiên	71	giao dịch được	达摩之灭魄护肩
10445072	Đạt Ma Chi Diệt Phách Hộ Kiên	Hộ kiên	72	giao dịch được	达摩之灭魄护肩
10445073	Đạt Ma Chi Diệt Phách Hộ Kiên	Hộ kiên	73	giao dịch được	达摩之灭魄护肩
10445074	Đạt Ma Chi Diệt Phách Hộ Kiên	Hộ kiên	74	giao dịch được	达摩之灭魄护肩
10445075	Đạt Ma Chi Diệt Phách Hộ Kiên	Hộ kiên	75	giao dịch được	达摩之灭魄护肩
10445076	Đạt Ma Chi Diệt Phách Hộ Kiên	Hộ kiên	76	giao dịch được	达摩之灭魄护肩
10445077	Đạt Ma Chi Diệt Phách Hộ Kiên	Hộ kiên	77	giao dịch được	达摩之灭魄护肩
10445078	Đạt Ma Chi Diệt Phách Hộ Kiên	Hộ kiên	78	giao dịch được	达摩之灭魄护肩
10445079	Đạt Ma Chi Diệt Phách Hộ Kiên	Hộ kiên	79	giao dịch được	达摩之灭魄护肩
10445080	Đạt Ma Chi Diệt Phách Hộ Kiên	Hộ kiên	80	giao dịch được	达摩之灭魄护肩
10445081	Đạt Ma Chi Toái Hồn Thánh Kiên	Hộ kiên	81	giao dịch được	达摩之碎魂圣肩
10445082	Đạt Ma Chi Toái Hồn Thánh Kiên	Hộ kiên	82	giao dịch được	达摩之碎魂圣肩
10445083	Đạt Ma Chi Toái Hồn Thánh Kiên	Hộ kiên	83	giao dịch được	达摩之碎魂圣肩
10445084	Đạt Ma Chi Toái Hồn Thánh Kiên	Hộ kiên	84	giao dịch được	达摩之碎魂圣肩
10445085	Đạt Ma Chi Toái Hồn Thánh Kiên	Hộ kiên	85	giao dịch được	达摩之碎魂圣肩
10445086	Đạt Ma Chi Toái Hồn Thánh Kiên	Hộ kiên	86	giao dịch được	达摩之碎魂圣肩
10445087	Đạt Ma Chi Toái Hồn Thánh Kiên	Hộ kiên	87	giao dịch được	达摩之碎魂圣肩
10445088	Đạt Ma Chi Toái Hồn Thánh Kiên	Hộ kiên	88	giao dịch được	达摩之碎魂圣肩
10445089	Đạt Ma Chi Toái Hồn Thánh Kiên	Hộ kiên	89	giao dịch được	达摩之碎魂圣肩
10445090	Đạt Ma Chi Toái Hồn Thánh Kiên	Hộ kiên	90	giao dịch được	达摩之碎魂圣肩
10445091	Đạt Ma Chi Trập Long Thánh Kiên	Hộ kiên	91	giao dịch được	达摩之蛰龙圣肩
10445092	Đạt Ma Chi Trập Long Thánh Kiên	Hộ kiên	92	giao dịch được	达摩之蛰龙圣肩
10445093	Đạt Ma Chi Trập Long Thánh Kiên	Hộ kiên	93	giao dịch được	达摩之蛰龙圣肩
10445094	Đạt Ma Chi Trập Long Thánh Kiên	Hộ kiên	94	giao dịch được	达摩之蛰龙圣肩
10445095	Đạt Ma Chi Trập Long Thánh Kiên	Hộ kiên	95	giao dịch được	达摩之蛰龙圣肩
10445096	Đạt Ma Chi Trập Long Thánh Kiên	Hộ kiên	96	giao dịch được	达摩之蛰龙圣肩
10445097	Đạt Ma Chi Trập Long Thánh Kiên	Hộ kiên	97	giao dịch được	达摩之蛰龙圣肩
10445098	Đạt Ma Chi Trập Long Thánh Kiên	Hộ kiên	98	giao dịch được	达摩之蛰龙圣肩
10445099	Đạt Ma Chi Trập Long Thánh Kiên	Hộ kiên	99	giao dịch được	达摩之蛰龙圣肩
10445100	Đạt Ma Chi Trập Long Thánh Kiên	Hộ kiên	100	giao dịch được	达摩之蛰龙圣肩
10445101	Thánh Hoả Chi Ngân Toả Hộ Kiên	Hộ kiên	1	giao dịch được	圣火之银锁护肩
10445102	Thánh Hoả Chi Ngân Toả Hộ Kiên	Hộ kiên	2	giao dịch được	圣火之银锁护肩
10445103	Thánh Hoả Chi Ngân Toả Hộ Kiên	Hộ kiên	3	giao dịch được	圣火之银锁护肩
10445104	Thánh Hoả Chi Ngân Toả Hộ Kiên	Hộ kiên	4	giao dịch được	圣火之银锁护肩
10445105	Thánh Hoả Chi Ngân Toả Hộ Kiên	Hộ kiên	5	giao dịch được	圣火之银锁护肩
10445106	Thánh Hoả Chi Ngân Toả Hộ Kiên	Hộ kiên	6	giao dịch được	圣火之银锁护肩
10445107	Thánh Hoả Chi Ngân Toả Hộ Kiên	Hộ kiên	7	giao dịch được	圣火之银锁护肩
10445108	Thánh Hoả Chi Ngân Toả Hộ Kiên	Hộ kiên	8	giao dịch được	圣火之银锁护肩
10445109	Thánh Hoả Chi Ngân Toả Hộ Kiên	Hộ kiên	9	giao dịch được	圣火之银锁护肩
10445110	Thánh Hoả Chi Ngân Toả Hộ Kiên	Hộ kiên	10	giao dịch được	圣火之银锁护肩
10445111	Thánh Hoả Chi Nguyệt Thiết Hộ Kiên	Hộ kiên	11	giao dịch được	圣火之月铁护肩
10445112	Thánh Hoả Chi Nguyệt Thiết Hộ Kiên	Hộ kiên	12	giao dịch được	圣火之月铁护肩
10445113	Thánh Hoả Chi Nguyệt Thiết Hộ Kiên	Hộ kiên	13	giao dịch được	圣火之月铁护肩
10445114	Thánh Hoả Chi Nguyệt Thiết Hộ Kiên	Hộ kiên	14	giao dịch được	圣火之月铁护肩
10445115	Thánh Hoả Chi Nguyệt Thiết Hộ Kiên	Hộ kiên	15	giao dịch được	圣火之月铁护肩
10445116	Thánh Hoả Chi Nguyệt Thiết Hộ Kiên	Hộ kiên	16	giao dịch được	圣火之月铁护肩
10445117	Thánh Hoả Chi Nguyệt Thiết Hộ Kiên	Hộ kiên	17	giao dịch được	圣火之月铁护肩
10445118	Thánh Hoả Chi Nguyệt Thiết Hộ Kiên	Hộ kiên	18	giao dịch được	圣火之月铁护肩
10445119	Thánh Hoả Chi Nguyệt Thiết Hộ Kiên	Hộ kiên	19	giao dịch được	圣火之月铁护肩
10445120	Thánh Hoả Chi Nguyệt Thiết Hộ Kiên	Hộ kiên	20	giao dịch được	圣火之月铁护肩
10445121	Thánh Hoả Chi Huyền Thiết Hộ Kiên	Hộ kiên	21	giao dịch được	圣火之玄铁护肩
10445122	Thánh Hoả Chi Huyền Thiết Hộ Kiên	Hộ kiên	22	giao dịch được	圣火之玄铁护肩
10445123	Thánh Hoả Chi Huyền Thiết Hộ Kiên	Hộ kiên	23	giao dịch được	圣火之玄铁护肩
10445124	Thánh Hoả Chi Huyền Thiết Hộ Kiên	Hộ kiên	24	giao dịch được	圣火之玄铁护肩
10445125	Thánh Hoả Chi Huyền Thiết Hộ Kiên	Hộ kiên	25	giao dịch được	圣火之玄铁护肩
10445126	Thánh Hoả Chi Huyền Thiết Hộ Kiên	Hộ kiên	26	giao dịch được	圣火之玄铁护肩
10445127	Thánh Hoả Chi Huyền Thiết Hộ Kiên	Hộ kiên	27	giao dịch được	圣火之玄铁护肩
10445128	Thánh Hoả Chi Huyền Thiết Hộ Kiên	Hộ kiên	28	giao dịch được	圣火之玄铁护肩
10445129	Thánh Hoả Chi Huyền Thiết Hộ Kiên	Hộ kiên	29	giao dịch được	圣火之玄铁护肩
10445130	Thánh Hoả Chi Huyền Thiết Hộ Kiên	Hộ kiên	30	giao dịch được	圣火之玄铁护肩
10445131	Thánh Hoả Chi Phong Tiêu Hộ Kiên	Hộ kiên	31	giao dịch được	圣火之封霄护肩
10445132	Thánh Hoả Chi Phong Tiêu Hộ Kiên	Hộ kiên	32	giao dịch được	圣火之封霄护肩
10445133	Thánh Hoả Chi Phong Tiêu Hộ Kiên	Hộ kiên	33	giao dịch được	圣火之封霄护肩
10445134	Thánh Hoả Chi Phong Tiêu Hộ Kiên	Hộ kiên	34	giao dịch được	圣火之封霄护肩
10445135	Thánh Hoả Chi Phong Tiêu Hộ Kiên	Hộ kiên	35	giao dịch được	圣火之封霄护肩
10445136	Thánh Hoả Chi Phong Tiêu Hộ Kiên	Hộ kiên	36	giao dịch được	圣火之封霄护肩
10445137	Thánh Hoả Chi Phong Tiêu Hộ Kiên	Hộ kiên	37	giao dịch được	圣火之封霄护肩
10445138	Thánh Hoả Chi Phong Tiêu Hộ Kiên	Hộ kiên	38	giao dịch được	圣火之封霄护肩
10445139	Thánh Hoả Chi Phong Tiêu Hộ Kiên	Hộ kiên	39	giao dịch được	圣火之封霄护肩
10445140	Thánh Hoả Chi Phong Tiêu Hộ Kiên	Hộ kiên	40	giao dịch được	圣火之封霄护肩
10445141	Thánh Hoả Chi Diệt Hàn Hộ Kiên	Hộ kiên	41	giao dịch được	圣火之灭寒护肩
10445142	Thánh Hoả Chi Diệt Hàn Hộ Kiên	Hộ kiên	42	giao dịch được	圣火之灭寒护肩
10445143	Thánh Hoả Chi Diệt Hàn Hộ Kiên	Hộ kiên	43	giao dịch được	圣火之灭寒护肩
10445144	Thánh Hoả Chi Diệt Hàn Hộ Kiên	Hộ kiên	44	giao dịch được	圣火之灭寒护肩
10445145	Thánh Hoả Chi Diệt Hàn Hộ Kiên	Hộ kiên	45	giao dịch được	圣火之灭寒护肩
10445146	Thánh Hoả Chi Diệt Hàn Hộ Kiên	Hộ kiên	46	giao dịch được	圣火之灭寒护肩
10445147	Thánh Hoả Chi Diệt Hàn Hộ Kiên	Hộ kiên	47	giao dịch được	圣火之灭寒护肩
10445148	Thánh Hoả Chi Diệt Hàn Hộ Kiên	Hộ kiên	48	giao dịch được	圣火之灭寒护肩
10445149	Thánh Hoả Chi Diệt Hàn Hộ Kiên	Hộ kiên	49	giao dịch được	圣火之灭寒护肩
10445150	Thánh Hoả Chi Diệt Hàn Hộ Kiên	Hộ kiên	50	giao dịch được	圣火之灭寒护肩
10445151	Thánh Hoả Chi Nghịch Hoả Hộ Kiên	Hộ kiên	51	giao dịch được	圣火之逆火护肩
10445152	Thánh Hoả Chi Nghịch Hoả Hộ Kiên	Hộ kiên	52	giao dịch được	圣火之逆火护肩
10445153	Thánh Hoả Chi Nghịch Hoả Hộ Kiên	Hộ kiên	53	giao dịch được	圣火之逆火护肩
10445154	Thánh Hoả Chi Nghịch Hoả Hộ Kiên	Hộ kiên	54	giao dịch được	圣火之逆火护肩
10445155	Thánh Hoả Chi Nghịch Hoả Hộ Kiên	Hộ kiên	55	giao dịch được	圣火之逆火护肩
10445156	Thánh Hoả Chi Nghịch Hoả Hộ Kiên	Hộ kiên	56	giao dịch được	圣火之逆火护肩
10445157	Thánh Hoả Chi Nghịch Hoả Hộ Kiên	Hộ kiên	57	giao dịch được	圣火之逆火护肩
10445158	Thánh Hoả Chi Nghịch Hoả Hộ Kiên	Hộ kiên	58	giao dịch được	圣火之逆火护肩
10445159	Thánh Hoả Chi Nghịch Hoả Hộ Kiên	Hộ kiên	59	giao dịch được	圣火之逆火护肩
10445160	Thánh Hoả Chi Nghịch Hoả Hộ Kiên	Hộ kiên	60	giao dịch được	圣火之逆火护肩
10445161	Thánh Hoả Chi Thệ Trần Hộ Kiên	Hộ kiên	61	giao dịch được	圣火之誓尘护肩
10445162	Thánh Hoả Chi Thệ Trần Hộ Kiên	Hộ kiên	62	giao dịch được	圣火之誓尘护肩
10445163	Thánh Hoả Chi Thệ Trần Hộ Kiên	Hộ kiên	63	giao dịch được	圣火之誓尘护肩
10445164	Thánh Hoả Chi Thệ Trần Hộ Kiên	Hộ kiên	64	giao dịch được	圣火之誓尘护肩
10445165	Thánh Hoả Chi Thệ Trần Hộ Kiên	Hộ kiên	65	giao dịch được	圣火之誓尘护肩
10445166	Thánh Hoả Chi Thệ Trần Hộ Kiên	Hộ kiên	66	giao dịch được	圣火之誓尘护肩
10445167	Thánh Hoả Chi Thệ Trần Hộ Kiên	Hộ kiên	67	giao dịch được	圣火之誓尘护肩
10445168	Thánh Hoả Chi Thệ Trần Hộ Kiên	Hộ kiên	68	giao dịch được	圣火之誓尘护肩
10445169	Thánh Hoả Chi Thệ Trần Hộ Kiên	Hộ kiên	69	giao dịch được	圣火之誓尘护肩
10445170	Thánh Hoả Chi Thệ Trần Hộ Kiên	Hộ kiên	70	giao dịch được	圣火之誓尘护肩
10445171	Thánh Hoả Chi Diệt Phách Hộ Kiên	Hộ kiên	71	giao dịch được	圣火之灭魄护肩
10445172	Thánh Hoả Chi Diệt Phách Hộ Kiên	Hộ kiên	72	giao dịch được	圣火之灭魄护肩
10445173	Thánh Hoả Chi Diệt Phách Hộ Kiên	Hộ kiên	73	giao dịch được	圣火之灭魄护肩
10445174	Thánh Hoả Chi Diệt Phách Hộ Kiên	Hộ kiên	74	giao dịch được	圣火之灭魄护肩
10445175	Thánh Hoả Chi Diệt Phách Hộ Kiên	Hộ kiên	75	giao dịch được	圣火之灭魄护肩
10445176	Thánh Hoả Chi Diệt Phách Hộ Kiên	Hộ kiên	76	giao dịch được	圣火之灭魄护肩
10445177	Thánh Hoả Chi Diệt Phách Hộ Kiên	Hộ kiên	77	giao dịch được	圣火之灭魄护肩
10445178	Thánh Hoả Chi Diệt Phách Hộ Kiên	Hộ kiên	78	giao dịch được	圣火之灭魄护肩
10445179	Thánh Hoả Chi Diệt Phách Hộ Kiên	Hộ kiên	79	giao dịch được	圣火之灭魄护肩
10445180	Thánh Hoả Chi Diệt Phách Hộ Kiên	Hộ kiên	80	giao dịch được	圣火之灭魄护肩
10445181	Thánh Hoả Chi Toái Hồn Thánh Kiên	Hộ kiên	81	giao dịch được	圣火之碎魂圣肩
10445182	Thánh Hoả Chi Toái Hồn Thánh Kiên	Hộ kiên	82	giao dịch được	圣火之碎魂圣肩
10445183	Thánh Hoả Chi Toái Hồn Thánh Kiên	Hộ kiên	83	giao dịch được	圣火之碎魂圣肩
10445184	Thánh Hoả Chi Toái Hồn Thánh Kiên	Hộ kiên	84	giao dịch được	圣火之碎魂圣肩
10445185	Thánh Hoả Chi Toái Hồn Thánh Kiên	Hộ kiên	85	giao dịch được	圣火之碎魂圣肩
10445186	Thánh Hoả Chi Toái Hồn Thánh Kiên	Hộ kiên	86	giao dịch được	圣火之碎魂圣肩
10445187	Thánh Hoả Chi Toái Hồn Thánh Kiên	Hộ kiên	87	giao dịch được	圣火之碎魂圣肩
10445188	Thánh Hoả Chi Toái Hồn Thánh Kiên	Hộ kiên	88	giao dịch được	圣火之碎魂圣肩
10445189	Thánh Hoả Chi Toái Hồn Thánh Kiên	Hộ kiên	89	giao dịch được	圣火之碎魂圣肩
10445190	Thánh Hoả Chi Toái Hồn Thánh Kiên	Hộ kiên	90	giao dịch được	圣火之碎魂圣肩
10445191	Thánh Hoả Chi Trập Long Thánh Kiên	Hộ kiên	91	giao dịch được	圣火之蛰龙圣肩
10445192	Thánh Hoả Chi Trập Long Thánh Kiên	Hộ kiên	92	giao dịch được	圣火之蛰龙圣肩
10445193	Thánh Hoả Chi Trập Long Thánh Kiên	Hộ kiên	93	giao dịch được	圣火之蛰龙圣肩
10445194	Thánh Hoả Chi Trập Long Thánh Kiên	Hộ kiên	94	giao dịch được	圣火之蛰龙圣肩
10445195	Thánh Hoả Chi Trập Long Thánh Kiên	Hộ kiên	95	giao dịch được	圣火之蛰龙圣肩
10445196	Thánh Hoả Chi Trập Long Thánh Kiên	Hộ kiên	96	giao dịch được	圣火之蛰龙圣肩
10445197	Thánh Hoả Chi Trập Long Thánh Kiên	Hộ kiên	97	giao dịch được	圣火之蛰龙圣肩
10445198	Thánh Hoả Chi Trập Long Thánh Kiên	Hộ kiên	98	giao dịch được	圣火之蛰龙圣肩
10445199	Thánh Hoả Chi Trập Long Thánh Kiên	Hộ kiên	99	giao dịch được	圣火之蛰龙圣肩
10445200	Thánh Hoả Chi Trập Long Thánh Kiên	Hộ kiên	100	giao dịch được	圣火之蛰龙圣肩
10445201	Giáng Long Chi Ngân Toả Hộ Kiên	Hộ kiên	1	giao dịch được	降龙之银锁护肩
10445202	Giáng Long Chi Ngân Toả Hộ Kiên	Hộ kiên	2	giao dịch được	降龙之银锁护肩
10445203	Giáng Long Chi Ngân Toả Hộ Kiên	Hộ kiên	3	giao dịch được	降龙之银锁护肩
10445204	Giáng Long Chi Ngân Toả Hộ Kiên	Hộ kiên	4	giao dịch được	降龙之银锁护肩
10445205	Giáng Long Chi Ngân Toả Hộ Kiên	Hộ kiên	5	giao dịch được	降龙之银锁护肩
10445206	Giáng Long Chi Ngân Toả Hộ Kiên	Hộ kiên	6	giao dịch được	降龙之银锁护肩
10445207	Giáng Long Chi Ngân Toả Hộ Kiên	Hộ kiên	7	giao dịch được	降龙之银锁护肩
10445208	Giáng Long Chi Ngân Toả Hộ Kiên	Hộ kiên	8	giao dịch được	降龙之银锁护肩
10445209	Giáng Long Chi Ngân Toả Hộ Kiên	Hộ kiên	9	giao dịch được	降龙之银锁护肩
10445210	Giáng Long Chi Ngân Toả Hộ Kiên	Hộ kiên	10	giao dịch được	降龙之银锁护肩
10445211	Giáng Long Chi Nguyệt Thiết Hộ Kiên	Hộ kiên	11	giao dịch được	降龙之月铁护肩
10445212	Giáng Long Chi Nguyệt Thiết Hộ Kiên	Hộ kiên	12	giao dịch được	降龙之月铁护肩
10445213	Giáng Long Chi Nguyệt Thiết Hộ Kiên	Hộ kiên	13	giao dịch được	降龙之月铁护肩
10445214	Giáng Long Chi Nguyệt Thiết Hộ Kiên	Hộ kiên	14	giao dịch được	降龙之月铁护肩
10445215	Giáng Long Chi Nguyệt Thiết Hộ Kiên	Hộ kiên	15	giao dịch được	降龙之月铁护肩
10445216	Giáng Long Chi Nguyệt Thiết Hộ Kiên	Hộ kiên	16	giao dịch được	降龙之月铁护肩
10445217	Giáng Long Chi Nguyệt Thiết Hộ Kiên	Hộ kiên	17	giao dịch được	降龙之月铁护肩
10445218	Giáng Long Chi Nguyệt Thiết Hộ Kiên	Hộ kiên	18	giao dịch được	降龙之月铁护肩
10445219	Giáng Long Chi Nguyệt Thiết Hộ Kiên	Hộ kiên	19	giao dịch được	降龙之月铁护肩
10445220	Giáng Long Chi Nguyệt Thiết Hộ Kiên	Hộ kiên	20	giao dịch được	降龙之月铁护肩
10445221	Giáng Long Chi Huyền Thiết Hộ Kiên	Hộ kiên	21	giao dịch được	降龙之玄铁护肩
10445222	Giáng Long Chi Huyền Thiết Hộ Kiên	Hộ kiên	22	giao dịch được	降龙之玄铁护肩
10445223	Giáng Long Chi Huyền Thiết Hộ Kiên	Hộ kiên	23	giao dịch được	降龙之玄铁护肩
10445224	Giáng Long Chi Huyền Thiết Hộ Kiên	Hộ kiên	24	giao dịch được	降龙之玄铁护肩
10445225	Giáng Long Chi Huyền Thiết Hộ Kiên	Hộ kiên	25	giao dịch được	降龙之玄铁护肩
10445226	Giáng Long Chi Huyền Thiết Hộ Kiên	Hộ kiên	26	giao dịch được	降龙之玄铁护肩
10445227	Giáng Long Chi Huyền Thiết Hộ Kiên	Hộ kiên	27	giao dịch được	降龙之玄铁护肩
10445228	Giáng Long Chi Huyền Thiết Hộ Kiên	Hộ kiên	28	giao dịch được	降龙之玄铁护肩
10445229	Giáng Long Chi Huyền Thiết Hộ Kiên	Hộ kiên	29	giao dịch được	降龙之玄铁护肩
10445230	Giáng Long Chi Huyền Thiết Hộ Kiên	Hộ kiên	30	giao dịch được	降龙之玄铁护肩
10445231	Giáng Long Chi Phong Tiêu Hộ Kiên	Hộ kiên	31	giao dịch được	降龙之封霄护肩
10445232	Giáng Long Chi Phong Tiêu Hộ Kiên	Hộ kiên	32	giao dịch được	降龙之封霄护肩
10445233	Giáng Long Chi Phong Tiêu Hộ Kiên	Hộ kiên	33	giao dịch được	降龙之封霄护肩
10445234	Giáng Long Chi Phong Tiêu Hộ Kiên	Hộ kiên	34	giao dịch được	降龙之封霄护肩
10445235	Giáng Long Chi Phong Tiêu Hộ Kiên	Hộ kiên	35	giao dịch được	降龙之封霄护肩
10445236	Giáng Long Chi Phong Tiêu Hộ Kiên	Hộ kiên	36	giao dịch được	降龙之封霄护肩
10445237	Giáng Long Chi Phong Tiêu Hộ Kiên	Hộ kiên	37	giao dịch được	降龙之封霄护肩
10445238	Giáng Long Chi Phong Tiêu Hộ Kiên	Hộ kiên	38	giao dịch được	降龙之封霄护肩
10445239	Giáng Long Chi Phong Tiêu Hộ Kiên	Hộ kiên	39	giao dịch được	降龙之封霄护肩
10445240	Giáng Long Chi Phong Tiêu Hộ Kiên	Hộ kiên	40	giao dịch được	降龙之封霄护肩
10445241	Giáng Long Chi Diệt Hàn Hộ Kiên	Hộ kiên	41	giao dịch được	降龙之灭寒护肩
10445242	Giáng Long Chi Diệt Hàn Hộ Kiên	Hộ kiên	42	giao dịch được	降龙之灭寒护肩
10445243	Giáng Long Chi Diệt Hàn Hộ Kiên	Hộ kiên	43	giao dịch được	降龙之灭寒护肩
10445244	Giáng Long Chi Diệt Hàn Hộ Kiên	Hộ kiên	44	giao dịch được	降龙之灭寒护肩
10445245	Giáng Long Chi Diệt Hàn Hộ Kiên	Hộ kiên	45	giao dịch được	降龙之灭寒护肩
10445246	Giáng Long Chi Diệt Hàn Hộ Kiên	Hộ kiên	46	giao dịch được	降龙之灭寒护肩
10445247	Giáng Long Chi Diệt Hàn Hộ Kiên	Hộ kiên	47	giao dịch được	降龙之灭寒护肩
10445248	Giáng Long Chi Diệt Hàn Hộ Kiên	Hộ kiên	48	giao dịch được	降龙之灭寒护肩
10445249	Giáng Long Chi Diệt Hàn Hộ Kiên	Hộ kiên	49	giao dịch được	降龙之灭寒护肩
10445250	Giáng Long Chi Diệt Hàn Hộ Kiên	Hộ kiên	50	giao dịch được	降龙之灭寒护肩
10445251	Giáng Long Chi Nghịch Hoả Hộ Kiên	Hộ kiên	51	giao dịch được	降龙之逆火护肩
10445252	Giáng Long Chi Nghịch Hoả Hộ Kiên	Hộ kiên	52	giao dịch được	降龙之逆火护肩
10445253	Giáng Long Chi Nghịch Hoả Hộ Kiên	Hộ kiên	53	giao dịch được	降龙之逆火护肩
10445254	Giáng Long Chi Nghịch Hoả Hộ Kiên	Hộ kiên	54	giao dịch được	降龙之逆火护肩
10445255	Giáng Long Chi Nghịch Hoả Hộ Kiên	Hộ kiên	55	giao dịch được	降龙之逆火护肩
10445256	Giáng Long Chi Nghịch Hoả Hộ Kiên	Hộ kiên	56	giao dịch được	降龙之逆火护肩
10445257	Giáng Long Chi Nghịch Hoả Hộ Kiên	Hộ kiên	57	giao dịch được	降龙之逆火护肩
10445258	Giáng Long Chi Nghịch Hoả Hộ Kiên	Hộ kiên	58	giao dịch được	降龙之逆火护肩
10445259	Giáng Long Chi Nghịch Hoả Hộ Kiên	Hộ kiên	59	giao dịch được	降龙之逆火护肩
10445260	Giáng Long Chi Nghịch Hoả Hộ Kiên	Hộ kiên	60	giao dịch được	降龙之逆火护肩
10445261	Giáng Long Chi Thệ Trần Hộ Kiên	Hộ kiên	61	giao dịch được	降龙之誓尘护肩
10445262	Giáng Long Chi Thệ Trần Hộ Kiên	Hộ kiên	62	giao dịch được	降龙之誓尘护肩
10445263	Giáng Long Chi Thệ Trần Hộ Kiên	Hộ kiên	63	giao dịch được	降龙之誓尘护肩
10445264	Giáng Long Chi Thệ Trần Hộ Kiên	Hộ kiên	64	giao dịch được	降龙之誓尘护肩
10445265	Giáng Long Chi Thệ Trần Hộ Kiên	Hộ kiên	65	giao dịch được	降龙之誓尘护肩
10445266	Giáng Long Chi Thệ Trần Hộ Kiên	Hộ kiên	66	giao dịch được	降龙之誓尘护肩
10445267	Giáng Long Chi Thệ Trần Hộ Kiên	Hộ kiên	67	giao dịch được	降龙之誓尘护肩
10445268	Giáng Long Chi Thệ Trần Hộ Kiên	Hộ kiên	68	giao dịch được	降龙之誓尘护肩
10445269	Giáng Long Chi Thệ Trần Hộ Kiên	Hộ kiên	69	giao dịch được	降龙之誓尘护肩
10445270	Giáng Long Chi Thệ Trần Hộ Kiên	Hộ kiên	70	giao dịch được	降龙之誓尘护肩
10445271	Giáng Long Chi Diệt Phách Hộ Kiên	Hộ kiên	71	giao dịch được	降龙之灭魄护肩
10445272	Giáng Long Chi Diệt Phách Hộ Kiên	Hộ kiên	72	giao dịch được	降龙之灭魄护肩
10445273	Giáng Long Chi Diệt Phách Hộ Kiên	Hộ kiên	73	giao dịch được	降龙之灭魄护肩
10445274	Giáng Long Chi Diệt Phách Hộ Kiên	Hộ kiên	74	giao dịch được	降龙之灭魄护肩
10445275	Giáng Long Chi Diệt Phách Hộ Kiên	Hộ kiên	75	giao dịch được	降龙之灭魄护肩
10445276	Giáng Long Chi Diệt Phách Hộ Kiên	Hộ kiên	76	giao dịch được	降龙之灭魄护肩
10445277	Giáng Long Chi Diệt Phách Hộ Kiên	Hộ kiên	77	giao dịch được	降龙之灭魄护肩
10445278	Giáng Long Chi Diệt Phách Hộ Kiên	Hộ kiên	78	giao dịch được	降龙之灭魄护肩
10445279	Giáng Long Chi Diệt Phách Hộ Kiên	Hộ kiên	79	giao dịch được	降龙之灭魄护肩
10445280	Giáng Long Chi Diệt Phách Hộ Kiên	Hộ kiên	80	giao dịch được	降龙之灭魄护肩
10445281	Giáng Long Chi Toái Hồn Thánh Kiên	Hộ kiên	81	giao dịch được	降龙之碎魂圣肩
10445282	Giáng Long Chi Toái Hồn Thánh Kiên	Hộ kiên	82	giao dịch được	降龙之碎魂圣肩
10445283	Giáng Long Chi Toái Hồn Thánh Kiên	Hộ kiên	83	giao dịch được	降龙之碎魂圣肩
10445284	Giáng Long Chi Toái Hồn Thánh Kiên	Hộ kiên	84	giao dịch được	降龙之碎魂圣肩
10445285	Giáng Long Chi Toái Hồn Thánh Kiên	Hộ kiên	85	giao dịch được	降龙之碎魂圣肩
10445286	Giáng Long Chi Toái Hồn Thánh Kiên	Hộ kiên	86	giao dịch được	降龙之碎魂圣肩
10445287	Giáng Long Chi Toái Hồn Thánh Kiên	Hộ kiên	87	giao dịch được	降龙之碎魂圣肩
10445288	Giáng Long Chi Toái Hồn Thánh Kiên	Hộ kiên	88	giao dịch được	降龙之碎魂圣肩
10445289	Giáng Long Chi Toái Hồn Thánh Kiên	Hộ kiên	89	giao dịch được	降龙之碎魂圣肩
10445290	Giáng Long Chi Toái Hồn Thánh Kiên	Hộ kiên	90	giao dịch được	降龙之碎魂圣肩
10445291	Giáng Long Chi Trập Long Thánh Kiên	Hộ kiên	91	giao dịch được	降龙之蛰龙圣肩
10445292	Giáng Long Chi Trập Long Thánh Kiên	Hộ kiên	92	giao dịch được	降龙之蛰龙圣肩
10445293	Giáng Long Chi Trập Long Thánh Kiên	Hộ kiên	93	giao dịch được	降龙之蛰龙圣肩
10445294	Giáng Long Chi Trập Long Thánh Kiên	Hộ kiên	94	giao dịch được	降龙之蛰龙圣肩
10445295	Giáng Long Chi Trập Long Thánh Kiên	Hộ kiên	95	giao dịch được	降龙之蛰龙圣肩
10445296	Giáng Long Chi Trập Long Thánh Kiên	Hộ kiên	96	giao dịch được	降龙之蛰龙圣肩
10445297	Giáng Long Chi Trập Long Thánh Kiên	Hộ kiên	97	giao dịch được	降龙之蛰龙圣肩
10445298	Giáng Long Chi Trập Long Thánh Kiên	Hộ kiên	98	giao dịch được	降龙之蛰龙圣肩
10445299	Giáng Long Chi Trập Long Thánh Kiên	Hộ kiên	99	giao dịch được	降龙之蛰龙圣肩
10445300	Giáng Long Chi Trập Long Thánh Kiên	Hộ kiên	100	giao dịch được	降龙之蛰龙圣肩
10445301	Ngọc Nữ Chi Miên Bố Kiên	Hộ kiên	1	giao dịch được	玉女之棉布肩
10445302	Ngọc Nữ Chi Miên Bố Kiên	Hộ kiên	2	giao dịch được	玉女之棉布肩
10445303	Ngọc Nữ Chi Miên Bố Kiên	Hộ kiên	3	giao dịch được	玉女之棉布肩
10445304	Ngọc Nữ Chi Miên Bố Kiên	Hộ kiên	4	giao dịch được	玉女之棉布肩
10445305	Ngọc Nữ Chi Miên Bố Kiên	Hộ kiên	5	giao dịch được	玉女之棉布肩
10445306	Ngọc Nữ Chi Miên Bố Kiên	Hộ kiên	6	giao dịch được	玉女之棉布肩
10445307	Ngọc Nữ Chi Miên Bố Kiên	Hộ kiên	7	giao dịch được	玉女之棉布肩
10445308	Ngọc Nữ Chi Miên Bố Kiên	Hộ kiên	8	giao dịch được	玉女之棉布肩
10445309	Ngọc Nữ Chi Miên Bố Kiên	Hộ kiên	9	giao dịch được	玉女之棉布肩
10445310	Ngọc Nữ Chi Miên Bố Kiên	Hộ kiên	10	giao dịch được	玉女之棉布肩
10445311	Ngọc Nữ Chi Miên Ti Hộ Kiên	Hộ kiên	11	giao dịch được	玉女之棉丝护肩
10445312	Ngọc Nữ Chi Miên Ti Hộ Kiên	Hộ kiên	12	giao dịch được	玉女之棉丝护肩
10445313	Ngọc Nữ Chi Miên Ti Hộ Kiên	Hộ kiên	13	giao dịch được	玉女之棉丝护肩
10445314	Ngọc Nữ Chi Miên Ti Hộ Kiên	Hộ kiên	14	giao dịch được	玉女之棉丝护肩
10445315	Ngọc Nữ Chi Miên Ti Hộ Kiên	Hộ kiên	15	giao dịch được	玉女之棉丝护肩
10445316	Ngọc Nữ Chi Miên Ti Hộ Kiên	Hộ kiên	16	giao dịch được	玉女之棉丝护肩
10445317	Ngọc Nữ Chi Miên Ti Hộ Kiên	Hộ kiên	17	giao dịch được	玉女之棉丝护肩
10445318	Ngọc Nữ Chi Miên Ti Hộ Kiên	Hộ kiên	18	giao dịch được	玉女之棉丝护肩
10445319	Ngọc Nữ Chi Miên Ti Hộ Kiên	Hộ kiên	19	giao dịch được	玉女之棉丝护肩
10445320	Ngọc Nữ Chi Miên Ti Hộ Kiên	Hộ kiên	20	giao dịch được	玉女之棉丝护肩
10445321	Ngọc Nữ Chi Bồ Bố Hộ Kiên	Hộ kiên	21	giao dịch được	玉女之蒲布护肩
10445322	Ngọc Nữ Chi Bồ Bố Hộ Kiên	Hộ kiên	22	giao dịch được	玉女之蒲布护肩
10445323	Ngọc Nữ Chi Bồ Bố Hộ Kiên	Hộ kiên	23	giao dịch được	玉女之蒲布护肩
10445324	Ngọc Nữ Chi Bồ Bố Hộ Kiên	Hộ kiên	24	giao dịch được	玉女之蒲布护肩
10445325	Ngọc Nữ Chi Bồ Bố Hộ Kiên	Hộ kiên	25	giao dịch được	玉女之蒲布护肩
10445326	Ngọc Nữ Chi Bồ Bố Hộ Kiên	Hộ kiên	26	giao dịch được	玉女之蒲布护肩
10445327	Ngọc Nữ Chi Bồ Bố Hộ Kiên	Hộ kiên	27	giao dịch được	玉女之蒲布护肩
10445328	Ngọc Nữ Chi Bồ Bố Hộ Kiên	Hộ kiên	28	giao dịch được	玉女之蒲布护肩
10445329	Ngọc Nữ Chi Bồ Bố Hộ Kiên	Hộ kiên	29	giao dịch được	玉女之蒲布护肩
10445330	Ngọc Nữ Chi Bồ Bố Hộ Kiên	Hộ kiên	30	giao dịch được	玉女之蒲布护肩
10445331	Ngọc Nữ Chi Chân Ti Hộ Kiên	Hộ kiên	31	giao dịch được	玉女之真丝护肩
10445332	Ngọc Nữ Chi Chân Ti Hộ Kiên	Hộ kiên	32	giao dịch được	玉女之真丝护肩
10445333	Ngọc Nữ Chi Chân Ti Hộ Kiên	Hộ kiên	33	giao dịch được	玉女之真丝护肩
10445334	Ngọc Nữ Chi Chân Ti Hộ Kiên	Hộ kiên	34	giao dịch được	玉女之真丝护肩
10445335	Ngọc Nữ Chi Chân Ti Hộ Kiên	Hộ kiên	35	giao dịch được	玉女之真丝护肩
10445336	Ngọc Nữ Chi Chân Ti Hộ Kiên	Hộ kiên	36	giao dịch được	玉女之真丝护肩
10445337	Ngọc Nữ Chi Chân Ti Hộ Kiên	Hộ kiên	37	giao dịch được	玉女之真丝护肩
10445338	Ngọc Nữ Chi Chân Ti Hộ Kiên	Hộ kiên	38	giao dịch được	玉女之真丝护肩
10445339	Ngọc Nữ Chi Chân Ti Hộ Kiên	Hộ kiên	39	giao dịch được	玉女之真丝护肩
10445340	Ngọc Nữ Chi Chân Ti Hộ Kiên	Hộ kiên	40	giao dịch được	玉女之真丝护肩
10445341	Ngọc Nữ Chi Tô Cẩm Kiên	Hộ kiên	41	giao dịch được	玉女之苏锦肩
10445342	Ngọc Nữ Chi Tô Cẩm Kiên	Hộ kiên	42	giao dịch được	玉女之苏锦肩
10445343	Ngọc Nữ Chi Tô Cẩm Kiên	Hộ kiên	43	giao dịch được	玉女之苏锦肩
10445344	Ngọc Nữ Chi Tô Cẩm Kiên	Hộ kiên	44	giao dịch được	玉女之苏锦肩
10445345	Ngọc Nữ Chi Tô Cẩm Kiên	Hộ kiên	45	giao dịch được	玉女之苏锦肩
10445346	Ngọc Nữ Chi Tô Cẩm Kiên	Hộ kiên	46	giao dịch được	玉女之苏锦肩
10445347	Ngọc Nữ Chi Tô Cẩm Kiên	Hộ kiên	47	giao dịch được	玉女之苏锦肩
10445348	Ngọc Nữ Chi Tô Cẩm Kiên	Hộ kiên	48	giao dịch được	玉女之苏锦肩
10445349	Ngọc Nữ Chi Tô Cẩm Kiên	Hộ kiên	49	giao dịch được	玉女之苏锦肩
10445350	Ngọc Nữ Chi Tô Cẩm Kiên	Hộ kiên	50	giao dịch được	玉女之苏锦肩
10445351	Ngọc Nữ Chi Thanh Nga Kiên	Hộ kiên	51	giao dịch được	玉女之青峨肩
10445352	Ngọc Nữ Chi Thanh Nga Kiên	Hộ kiên	52	giao dịch được	玉女之青峨肩
10445353	Ngọc Nữ Chi Thanh Nga Kiên	Hộ kiên	53	giao dịch được	玉女之青峨肩
10445354	Ngọc Nữ Chi Thanh Nga Kiên	Hộ kiên	54	giao dịch được	玉女之青峨肩
10445355	Ngọc Nữ Chi Thanh Nga Kiên	Hộ kiên	55	giao dịch được	玉女之青峨肩
10445356	Ngọc Nữ Chi Thanh Nga Kiên	Hộ kiên	56	giao dịch được	玉女之青峨肩
10445357	Ngọc Nữ Chi Thanh Nga Kiên	Hộ kiên	57	giao dịch được	玉女之青峨肩
10445358	Ngọc Nữ Chi Thanh Nga Kiên	Hộ kiên	58	giao dịch được	玉女之青峨肩
10445359	Ngọc Nữ Chi Thanh Nga Kiên	Hộ kiên	59	giao dịch được	玉女之青峨肩
10445360	Ngọc Nữ Chi Thanh Nga Kiên	Hộ kiên	60	giao dịch được	玉女之青峨肩
10445361	Ngọc Nữ Chi Tứ Hải Kiên	Hộ kiên	61	giao dịch được	玉女之四海肩
10445362	Ngọc Nữ Chi Tứ Hải Kiên	Hộ kiên	62	giao dịch được	玉女之四海肩
10445363	Ngọc Nữ Chi Tứ Hải Kiên	Hộ kiên	63	giao dịch được	玉女之四海肩
10445364	Ngọc Nữ Chi Tứ Hải Kiên	Hộ kiên	64	giao dịch được	玉女之四海肩
10445365	Ngọc Nữ Chi Tứ Hải Kiên	Hộ kiên	65	giao dịch được	玉女之四海肩
10445366	Ngọc Nữ Chi Tứ Hải Kiên	Hộ kiên	66	giao dịch được	玉女之四海肩
10445367	Ngọc Nữ Chi Tứ Hải Kiên	Hộ kiên	67	giao dịch được	玉女之四海肩
10445368	Ngọc Nữ Chi Tứ Hải Kiên	Hộ kiên	68	giao dịch được	玉女之四海肩
10445369	Ngọc Nữ Chi Tứ Hải Kiên	Hộ kiên	69	giao dịch được	玉女之四海肩
10445370	Ngọc Nữ Chi Tứ Hải Kiên	Hộ kiên	70	giao dịch được	玉女之四海肩
10445371	Ngọc Nữ Chi Như Mộng Kiên	Hộ kiên	71	giao dịch được	玉女之如梦肩
10445372	Ngọc Nữ Chi Như Mộng Kiên	Hộ kiên	72	giao dịch được	玉女之如梦肩
10445373	Ngọc Nữ Chi Như Mộng Kiên	Hộ kiên	73	giao dịch được	玉女之如梦肩
10445374	Ngọc Nữ Chi Như Mộng Kiên	Hộ kiên	74	giao dịch được	玉女之如梦肩
10445375	Ngọc Nữ Chi Như Mộng Kiên	Hộ kiên	75	giao dịch được	玉女之如梦肩
10445376	Ngọc Nữ Chi Như Mộng Kiên	Hộ kiên	76	giao dịch được	玉女之如梦肩
10445377	Ngọc Nữ Chi Như Mộng Kiên	Hộ kiên	77	giao dịch được	玉女之如梦肩
10445378	Ngọc Nữ Chi Như Mộng Kiên	Hộ kiên	78	giao dịch được	玉女之如梦肩
10445379	Ngọc Nữ Chi Như Mộng Kiên	Hộ kiên	79	giao dịch được	玉女之如梦肩
10445380	Ngọc Nữ Chi Như Mộng Kiên	Hộ kiên	80	giao dịch được	玉女之如梦肩
10445381	Ngọc Nữ Chi Thánh Mục Kiên	Hộ kiên	81	giao dịch được	玉女之圣目肩
10445382	Ngọc Nữ Chi Thánh Mục Kiên	Hộ kiên	82	giao dịch được	玉女之圣目肩
10445383	Ngọc Nữ Chi Thánh Mục Kiên	Hộ kiên	83	giao dịch được	玉女之圣目肩
10445384	Ngọc Nữ Chi Thánh Mục Kiên	Hộ kiên	84	giao dịch được	玉女之圣目肩
10445385	Ngọc Nữ Chi Thánh Mục Kiên	Hộ kiên	85	giao dịch được	玉女之圣目肩
10445386	Ngọc Nữ Chi Thánh Mục Kiên	Hộ kiên	86	giao dịch được	玉女之圣目肩
10445387	Ngọc Nữ Chi Thánh Mục Kiên	Hộ kiên	87	giao dịch được	玉女之圣目肩
10445388	Ngọc Nữ Chi Thánh Mục Kiên	Hộ kiên	88	giao dịch được	玉女之圣目肩
10445389	Ngọc Nữ Chi Thánh Mục Kiên	Hộ kiên	89	giao dịch được	玉女之圣目肩
10445390	Ngọc Nữ Chi Thánh Mục Kiên	Hộ kiên	90	giao dịch được	玉女之圣目肩
10445391	Ngọc Nữ Chi Linh Động Thánh Kiên	Hộ kiên	91	giao dịch được	玉女之灵动圣肩
10445392	Ngọc Nữ Chi Linh Động Thánh Kiên	Hộ kiên	92	giao dịch được	玉女之灵动圣肩
10445393	Ngọc Nữ Chi Linh Động Thánh Kiên	Hộ kiên	93	giao dịch được	玉女之灵动圣肩
10445394	Ngọc Nữ Chi Linh Động Thánh Kiên	Hộ kiên	94	giao dịch được	玉女之灵动圣肩
10445395	Ngọc Nữ Chi Linh Động Thánh Kiên	Hộ kiên	95	giao dịch được	玉女之灵动圣肩
10445396	Ngọc Nữ Chi Linh Động Thánh Kiên	Hộ kiên	96	giao dịch được	玉女之灵动圣肩
10445397	Ngọc Nữ Chi Linh Động Thánh Kiên	Hộ kiên	97	giao dịch được	玉女之灵动圣肩
10445398	Ngọc Nữ Chi Linh Động Thánh Kiên	Hộ kiên	98	giao dịch được	玉女之灵动圣肩
10445399	Ngọc Nữ Chi Linh Động Thánh Kiên	Hộ kiên	99	giao dịch được	玉女之灵动圣肩
10445400	Ngọc Nữ Chi Linh Động Thánh Kiên	Hộ kiên	100	giao dịch được	玉女之灵动圣肩
10445401	Vô Cực Chi Miên Bố Kiên	Hộ kiên	1	giao dịch được	无极之棉布肩
10445402	Vô Cực Chi Miên Bố Kiên	Hộ kiên	2	giao dịch được	无极之棉布肩
10445403	Vô Cực Chi Miên Bố Kiên	Hộ kiên	3	giao dịch được	无极之棉布肩
10445404	Vô Cực Chi Miên Bố Kiên	Hộ kiên	4	giao dịch được	无极之棉布肩
10445405	Vô Cực Chi Miên Bố Kiên	Hộ kiên	5	giao dịch được	无极之棉布肩
10445406	Vô Cực Chi Miên Bố Kiên	Hộ kiên	6	giao dịch được	无极之棉布肩
10445407	Vô Cực Chi Miên Bố Kiên	Hộ kiên	7	giao dịch được	无极之棉布肩
10445408	Vô Cực Chi Miên Bố Kiên	Hộ kiên	8	giao dịch được	无极之棉布肩
10445409	Vô Cực Chi Miên Bố Kiên	Hộ kiên	9	giao dịch được	无极之棉布肩
10445410	Vô Cực Chi Miên Bố Kiên	Hộ kiên	10	giao dịch được	无极之棉布肩
10445411	Vô Cực Chi Miên Ti Hộ Kiên	Hộ kiên	11	giao dịch được	无极之棉丝护肩
10445412	Vô Cực Chi Miên Ti Hộ Kiên	Hộ kiên	12	giao dịch được	无极之棉丝护肩
10445413	Vô Cực Chi Miên Ti Hộ Kiên	Hộ kiên	13	giao dịch được	无极之棉丝护肩
10445414	Vô Cực Chi Miên Ti Hộ Kiên	Hộ kiên	14	giao dịch được	无极之棉丝护肩
10445415	Vô Cực Chi Miên Ti Hộ Kiên	Hộ kiên	15	giao dịch được	无极之棉丝护肩
10445416	Vô Cực Chi Miên Ti Hộ Kiên	Hộ kiên	16	giao dịch được	无极之棉丝护肩
10445417	Vô Cực Chi Miên Ti Hộ Kiên	Hộ kiên	17	giao dịch được	无极之棉丝护肩
10445418	Vô Cực Chi Miên Ti Hộ Kiên	Hộ kiên	18	giao dịch được	无极之棉丝护肩
10445419	Vô Cực Chi Miên Ti Hộ Kiên	Hộ kiên	19	giao dịch được	无极之棉丝护肩
10445420	Vô Cực Chi Miên Ti Hộ Kiên	Hộ kiên	20	giao dịch được	无极之棉丝护肩
10445421	Vô Cực Chi Bồ Bố Hộ Kiên	Hộ kiên	21	giao dịch được	无极之蒲布护肩
10445422	Vô Cực Chi Bồ Bố Hộ Kiên	Hộ kiên	22	giao dịch được	无极之蒲布护肩
10445423	Vô Cực Chi Bồ Bố Hộ Kiên	Hộ kiên	23	giao dịch được	无极之蒲布护肩
10445424	Vô Cực Chi Bồ Bố Hộ Kiên	Hộ kiên	24	giao dịch được	无极之蒲布护肩
10445425	Vô Cực Chi Bồ Bố Hộ Kiên	Hộ kiên	25	giao dịch được	无极之蒲布护肩
10445426	Vô Cực Chi Bồ Bố Hộ Kiên	Hộ kiên	26	giao dịch được	无极之蒲布护肩
10445427	Vô Cực Chi Bồ Bố Hộ Kiên	Hộ kiên	27	giao dịch được	无极之蒲布护肩
10445428	Vô Cực Chi Bồ Bố Hộ Kiên	Hộ kiên	28	giao dịch được	无极之蒲布护肩
10445429	Vô Cực Chi Bồ Bố Hộ Kiên	Hộ kiên	29	giao dịch được	无极之蒲布护肩
10445430	Vô Cực Chi Bồ Bố Hộ Kiên	Hộ kiên	30	giao dịch được	无极之蒲布护肩
10445431	Vô Cực Chi Chân Ti Hộ Kiên	Hộ kiên	31	giao dịch được	无极之真丝护肩
10445432	Vô Cực Chi Chân Ti Hộ Kiên	Hộ kiên	32	giao dịch được	无极之真丝护肩
10445433	Vô Cực Chi Chân Ti Hộ Kiên	Hộ kiên	33	giao dịch được	无极之真丝护肩
10445434	Vô Cực Chi Chân Ti Hộ Kiên	Hộ kiên	34	giao dịch được	无极之真丝护肩
10445435	Vô Cực Chi Chân Ti Hộ Kiên	Hộ kiên	35	giao dịch được	无极之真丝护肩
10445436	Vô Cực Chi Chân Ti Hộ Kiên	Hộ kiên	36	giao dịch được	无极之真丝护肩
10445437	Vô Cực Chi Chân Ti Hộ Kiên	Hộ kiên	37	giao dịch được	无极之真丝护肩
10445438	Vô Cực Chi Chân Ti Hộ Kiên	Hộ kiên	38	giao dịch được	无极之真丝护肩
10445439	Vô Cực Chi Chân Ti Hộ Kiên	Hộ kiên	39	giao dịch được	无极之真丝护肩
10445440	Vô Cực Chi Chân Ti Hộ Kiên	Hộ kiên	40	giao dịch được	无极之真丝护肩
10445441	Vô Cực Chi Tô Cẩm Kiên	Hộ kiên	41	giao dịch được	无极之苏锦肩
10445442	Vô Cực Chi Tô Cẩm Kiên	Hộ kiên	42	giao dịch được	无极之苏锦肩
10445443	Vô Cực Chi Tô Cẩm Kiên	Hộ kiên	43	giao dịch được	无极之苏锦肩
10445444	Vô Cực Chi Tô Cẩm Kiên	Hộ kiên	44	giao dịch được	无极之苏锦肩
10445445	Vô Cực Chi Tô Cẩm Kiên	Hộ kiên	45	giao dịch được	无极之苏锦肩
10445446	Vô Cực Chi Tô Cẩm Kiên	Hộ kiên	46	giao dịch được	无极之苏锦肩
10445447	Vô Cực Chi Tô Cẩm Kiên	Hộ kiên	47	giao dịch được	无极之苏锦肩
10445448	Vô Cực Chi Tô Cẩm Kiên	Hộ kiên	48	giao dịch được	无极之苏锦肩
10445449	Vô Cực Chi Tô Cẩm Kiên	Hộ kiên	49	giao dịch được	无极之苏锦肩
10445450	Vô Cực Chi Tô Cẩm Kiên	Hộ kiên	50	giao dịch được	无极之苏锦肩
10445451	Vô Cực Chi Thanh Nga Kiên	Hộ kiên	51	giao dịch được	无极之青峨肩
10445452	Vô Cực Chi Thanh Nga Kiên	Hộ kiên	52	giao dịch được	无极之青峨肩
10445453	Vô Cực Chi Thanh Nga Kiên	Hộ kiên	53	giao dịch được	无极之青峨肩
10445454	Vô Cực Chi Thanh Nga Kiên	Hộ kiên	54	giao dịch được	无极之青峨肩
10445455	Vô Cực Chi Thanh Nga Kiên	Hộ kiên	55	giao dịch được	无极之青峨肩
10445456	Vô Cực Chi Thanh Nga Kiên	Hộ kiên	56	giao dịch được	无极之青峨肩
10445457	Vô Cực Chi Thanh Nga Kiên	Hộ kiên	57	giao dịch được	无极之青峨肩
10445458	Vô Cực Chi Thanh Nga Kiên	Hộ kiên	58	giao dịch được	无极之青峨肩
10445459	Vô Cực Chi Thanh Nga Kiên	Hộ kiên	59	giao dịch được	无极之青峨肩
10445460	Vô Cực Chi Thanh Nga Kiên	Hộ kiên	60	giao dịch được	无极之青峨肩
10445461	Vô Cực Chi Tứ Hải Kiên	Hộ kiên	61	giao dịch được	无极之四海肩
10445462	Vô Cực Chi Tứ Hải Kiên	Hộ kiên	62	giao dịch được	无极之四海肩
10445463	Vô Cực Chi Tứ Hải Kiên	Hộ kiên	63	giao dịch được	无极之四海肩
10445464	Vô Cực Chi Tứ Hải Kiên	Hộ kiên	64	giao dịch được	无极之四海肩
10445465	Vô Cực Chi Tứ Hải Kiên	Hộ kiên	65	giao dịch được	无极之四海肩
10445466	Vô Cực Chi Tứ Hải Kiên	Hộ kiên	66	giao dịch được	无极之四海肩
10445467	Vô Cực Chi Tứ Hải Kiên	Hộ kiên	67	giao dịch được	无极之四海肩
10445468	Vô Cực Chi Tứ Hải Kiên	Hộ kiên	68	giao dịch được	无极之四海肩
10445469	Vô Cực Chi Tứ Hải Kiên	Hộ kiên	69	giao dịch được	无极之四海肩
10445470	Vô Cực Chi Tứ Hải Kiên	Hộ kiên	70	giao dịch được	无极之四海肩
10445471	Vô Cực Chi Như Mộng Kiên	Hộ kiên	71	giao dịch được	无极之如梦肩
10445472	Vô Cực Chi Như Mộng Kiên	Hộ kiên	72	giao dịch được	无极之如梦肩
10445473	Vô Cực Chi Như Mộng Kiên	Hộ kiên	73	giao dịch được	无极之如梦肩
10445474	Vô Cực Chi Như Mộng Kiên	Hộ kiên	74	giao dịch được	无极之如梦肩
10445475	Vô Cực Chi Như Mộng Kiên	Hộ kiên	75	giao dịch được	无极之如梦肩
10445476	Vô Cực Chi Như Mộng Kiên	Hộ kiên	76	giao dịch được	无极之如梦肩
10445477	Vô Cực Chi Như Mộng Kiên	Hộ kiên	77	giao dịch được	无极之如梦肩
10445478	Vô Cực Chi Như Mộng Kiên	Hộ kiên	78	giao dịch được	无极之如梦肩
10445479	Vô Cực Chi Như Mộng Kiên	Hộ kiên	79	giao dịch được	无极之如梦肩
10445480	Vô Cực Chi Như Mộng Kiên	Hộ kiên	80	giao dịch được	无极之如梦肩
10445481	Vô Cực Chi Thánh Mục Kiên	Hộ kiên	81	giao dịch được	无极之圣目肩
10445482	Vô Cực Chi Thánh Mục Kiên	Hộ kiên	82	giao dịch được	无极之圣目肩
10445483	Vô Cực Chi Thánh Mục Kiên	Hộ kiên	83	giao dịch được	无极之圣目肩
10445484	Vô Cực Chi Thánh Mục Kiên	Hộ kiên	84	giao dịch được	无极之圣目肩
10445485	Vô Cực Chi Thánh Mục Kiên	Hộ kiên	85	giao dịch được	无极之圣目肩
10445486	Vô Cực Chi Thánh Mục Kiên	Hộ kiên	86	giao dịch được	无极之圣目肩
10445487	Vô Cực Chi Thánh Mục Kiên	Hộ kiên	87	giao dịch được	无极之圣目肩
10445488	Vô Cực Chi Thánh Mục Kiên	Hộ kiên	88	giao dịch được	无极之圣目肩
10445489	Vô Cực Chi Thánh Mục Kiên	Hộ kiên	89	giao dịch được	无极之圣目肩
10445490	Vô Cực Chi Thánh Mục Kiên	Hộ kiên	90	giao dịch được	无极之圣目肩
10445491	Vô Cực Chi Linh Động Thánh Kiên	Hộ kiên	91	giao dịch được	无极之灵动圣肩
10445492	Vô Cực Chi Linh Động Thánh Kiên	Hộ kiên	92	giao dịch được	无极之灵动圣肩
10445493	Vô Cực Chi Linh Động Thánh Kiên	Hộ kiên	93	giao dịch được	无极之灵动圣肩
10445494	Vô Cực Chi Linh Động Thánh Kiên	Hộ kiên	94	giao dịch được	无极之灵动圣肩
10445495	Vô Cực Chi Linh Động Thánh Kiên	Hộ kiên	95	giao dịch được	无极之灵动圣肩
10445496	Vô Cực Chi Linh Động Thánh Kiên	Hộ kiên	96	giao dịch được	无极之灵动圣肩
10445497	Vô Cực Chi Linh Động Thánh Kiên	Hộ kiên	97	giao dịch được	无极之灵动圣肩
10445498	Vô Cực Chi Linh Động Thánh Kiên	Hộ kiên	98	giao dịch được	无极之灵动圣肩
10445499	Vô Cực Chi Linh Động Thánh Kiên	Hộ kiên	99	giao dịch được	无极之灵动圣肩
10445500	Vô Cực Chi Linh Động Thánh Kiên	Hộ kiên	100	giao dịch được	无极之灵动圣肩
10445501	Hoang Độc Chi Miên Bố Kiên	Hộ kiên	1	giao dịch được	荒毒之棉布肩
10445502	Hoang Độc Chi Miên Bố Kiên	Hộ kiên	2	giao dịch được	荒毒之棉布肩
10445503	Hoang Độc Chi Miên Bố Kiên	Hộ kiên	3	giao dịch được	荒毒之棉布肩
10445504	Hoang Độc Chi Miên Bố Kiên	Hộ kiên	4	giao dịch được	荒毒之棉布肩
10445505	Hoang Độc Chi Miên Bố Kiên	Hộ kiên	5	giao dịch được	荒毒之棉布肩
10445506	Hoang Độc Chi Miên Bố Kiên	Hộ kiên	6	giao dịch được	荒毒之棉布肩
10445507	Hoang Độc Chi Miên Bố Kiên	Hộ kiên	7	giao dịch được	荒毒之棉布肩
10445508	Hoang Độc Chi Miên Bố Kiên	Hộ kiên	8	giao dịch được	荒毒之棉布肩
10445509	Hoang Độc Chi Miên Bố Kiên	Hộ kiên	9	giao dịch được	荒毒之棉布肩
10445510	Hoang Độc Chi Miên Bố Kiên	Hộ kiên	10	giao dịch được	荒毒之棉布肩
10445511	Hoang Độc Chi Miên Ti Hộ Kiên	Hộ kiên	11	giao dịch được	荒毒之棉丝护肩
10445512	Hoang Độc Chi Miên Ti Hộ Kiên	Hộ kiên	12	giao dịch được	荒毒之棉丝护肩
10445513	Hoang Độc Chi Miên Ti Hộ Kiên	Hộ kiên	13	giao dịch được	荒毒之棉丝护肩
10445514	Hoang Độc Chi Miên Ti Hộ Kiên	Hộ kiên	14	giao dịch được	荒毒之棉丝护肩
10445515	Hoang Độc Chi Miên Ti Hộ Kiên	Hộ kiên	15	giao dịch được	荒毒之棉丝护肩
10445516	Hoang Độc Chi Miên Ti Hộ Kiên	Hộ kiên	16	giao dịch được	荒毒之棉丝护肩
10445517	Hoang Độc Chi Miên Ti Hộ Kiên	Hộ kiên	17	giao dịch được	荒毒之棉丝护肩
10445518	Hoang Độc Chi Miên Ti Hộ Kiên	Hộ kiên	18	giao dịch được	荒毒之棉丝护肩
10445519	Hoang Độc Chi Miên Ti Hộ Kiên	Hộ kiên	19	giao dịch được	荒毒之棉丝护肩
10445520	Hoang Độc Chi Miên Ti Hộ Kiên	Hộ kiên	20	giao dịch được	荒毒之棉丝护肩
10445521	Hoang Độc Chi Bồ Bố Hộ Kiên	Hộ kiên	21	giao dịch được	荒毒之蒲布护肩
10445522	Hoang Độc Chi Bồ Bố Hộ Kiên	Hộ kiên	22	giao dịch được	荒毒之蒲布护肩
10445523	Hoang Độc Chi Bồ Bố Hộ Kiên	Hộ kiên	23	giao dịch được	荒毒之蒲布护肩
10445524	Hoang Độc Chi Bồ Bố Hộ Kiên	Hộ kiên	24	giao dịch được	荒毒之蒲布护肩
10445525	Hoang Độc Chi Bồ Bố Hộ Kiên	Hộ kiên	25	giao dịch được	荒毒之蒲布护肩
10445526	Hoang Độc Chi Bồ Bố Hộ Kiên	Hộ kiên	26	giao dịch được	荒毒之蒲布护肩
10445527	Hoang Độc Chi Bồ Bố Hộ Kiên	Hộ kiên	27	giao dịch được	荒毒之蒲布护肩
10445528	Hoang Độc Chi Bồ Bố Hộ Kiên	Hộ kiên	28	giao dịch được	荒毒之蒲布护肩
10445529	Hoang Độc Chi Bồ Bố Hộ Kiên	Hộ kiên	29	giao dịch được	荒毒之蒲布护肩
10445530	Hoang Độc Chi Bồ Bố Hộ Kiên	Hộ kiên	30	giao dịch được	荒毒之蒲布护肩
10445531	Hoang Độc Chi Chân Ti Hộ Kiên	Hộ kiên	31	giao dịch được	荒毒之真丝护肩
10445532	Hoang Độc Chi Chân Ti Hộ Kiên	Hộ kiên	32	giao dịch được	荒毒之真丝护肩
10445533	Hoang Độc Chi Chân Ti Hộ Kiên	Hộ kiên	33	giao dịch được	荒毒之真丝护肩
10445534	Hoang Độc Chi Chân Ti Hộ Kiên	Hộ kiên	34	giao dịch được	荒毒之真丝护肩
10445535	Hoang Độc Chi Chân Ti Hộ Kiên	Hộ kiên	35	giao dịch được	荒毒之真丝护肩
10445536	Hoang Độc Chi Chân Ti Hộ Kiên	Hộ kiên	36	giao dịch được	荒毒之真丝护肩
10445537	Hoang Độc Chi Chân Ti Hộ Kiên	Hộ kiên	37	giao dịch được	荒毒之真丝护肩
10445538	Hoang Độc Chi Chân Ti Hộ Kiên	Hộ kiên	38	giao dịch được	荒毒之真丝护肩
10445539	Hoang Độc Chi Chân Ti Hộ Kiên	Hộ kiên	39	giao dịch được	荒毒之真丝护肩
10445540	Hoang Độc Chi Chân Ti Hộ Kiên	Hộ kiên	40	giao dịch được	荒毒之真丝护肩
10445541	Hoang Độc Chi Tô Cẩm Kiên	Hộ kiên	41	giao dịch được	荒毒之苏锦肩
10445542	Hoang Độc Chi Tô Cẩm Kiên	Hộ kiên	42	giao dịch được	荒毒之苏锦肩
10445543	Hoang Độc Chi Tô Cẩm Kiên	Hộ kiên	43	giao dịch được	荒毒之苏锦肩
10445544	Hoang Độc Chi Tô Cẩm Kiên	Hộ kiên	44	giao dịch được	荒毒之苏锦肩
10445545	Hoang Độc Chi Tô Cẩm Kiên	Hộ kiên	45	giao dịch được	荒毒之苏锦肩
10445546	Hoang Độc Chi Tô Cẩm Kiên	Hộ kiên	46	giao dịch được	荒毒之苏锦肩
10445547	Hoang Độc Chi Tô Cẩm Kiên	Hộ kiên	47	giao dịch được	荒毒之苏锦肩
10445548	Hoang Độc Chi Tô Cẩm Kiên	Hộ kiên	48	giao dịch được	荒毒之苏锦肩
10445549	Hoang Độc Chi Tô Cẩm Kiên	Hộ kiên	49	giao dịch được	荒毒之苏锦肩
10445550	Hoang Độc Chi Tô Cẩm Kiên	Hộ kiên	50	giao dịch được	荒毒之苏锦肩
10445551	Hoang Độc Chi Thanh Nga Kiên	Hộ kiên	51	giao dịch được	荒毒之青峨肩
10445552	Hoang Độc Chi Thanh Nga Kiên	Hộ kiên	52	giao dịch được	荒毒之青峨肩
10445553	Hoang Độc Chi Thanh Nga Kiên	Hộ kiên	53	giao dịch được	荒毒之青峨肩
10445554	Hoang Độc Chi Thanh Nga Kiên	Hộ kiên	54	giao dịch được	荒毒之青峨肩
10445555	Hoang Độc Chi Thanh Nga Kiên	Hộ kiên	55	giao dịch được	荒毒之青峨肩
10445556	Hoang Độc Chi Thanh Nga Kiên	Hộ kiên	56	giao dịch được	荒毒之青峨肩
10445557	Hoang Độc Chi Thanh Nga Kiên	Hộ kiên	57	giao dịch được	荒毒之青峨肩
10445558	Hoang Độc Chi Thanh Nga Kiên	Hộ kiên	58	giao dịch được	荒毒之青峨肩
10445559	Hoang Độc Chi Thanh Nga Kiên	Hộ kiên	59	giao dịch được	荒毒之青峨肩
10445560	Hoang Độc Chi Thanh Nga Kiên	Hộ kiên	60	giao dịch được	荒毒之青峨肩
10445561	Hoang Độc Chi Tứ Hải Kiên	Hộ kiên	61	giao dịch được	荒毒之四海肩
10445562	Hoang Độc Chi Tứ Hải Kiên	Hộ kiên	62	giao dịch được	荒毒之四海肩
10445563	Hoang Độc Chi Tứ Hải Kiên	Hộ kiên	63	giao dịch được	荒毒之四海肩
10445564	Hoang Độc Chi Tứ Hải Kiên	Hộ kiên	64	giao dịch được	荒毒之四海肩
10445565	Hoang Độc Chi Tứ Hải Kiên	Hộ kiên	65	giao dịch được	荒毒之四海肩
10445566	Hoang Độc Chi Tứ Hải Kiên	Hộ kiên	66	giao dịch được	荒毒之四海肩
10445567	Hoang Độc Chi Tứ Hải Kiên	Hộ kiên	67	giao dịch được	荒毒之四海肩
10445568	Hoang Độc Chi Tứ Hải Kiên	Hộ kiên	68	giao dịch được	荒毒之四海肩
10445569	Hoang Độc Chi Tứ Hải Kiên	Hộ kiên	69	giao dịch được	荒毒之四海肩
10445570	Hoang Độc Chi Tứ Hải Kiên	Hộ kiên	70	giao dịch được	荒毒之四海肩
10445571	Hoang Độc Chi Như Mộng Kiên	Hộ kiên	71	giao dịch được	荒毒之如梦肩
10445572	Hoang Độc Chi Như Mộng Kiên	Hộ kiên	72	giao dịch được	荒毒之如梦肩
10445573	Hoang Độc Chi Như Mộng Kiên	Hộ kiên	73	giao dịch được	荒毒之如梦肩
10445574	Hoang Độc Chi Như Mộng Kiên	Hộ kiên	74	giao dịch được	荒毒之如梦肩
10445575	Hoang Độc Chi Như Mộng Kiên	Hộ kiên	75	giao dịch được	荒毒之如梦肩
10445576	Hoang Độc Chi Như Mộng Kiên	Hộ kiên	76	giao dịch được	荒毒之如梦肩
10445577	Hoang Độc Chi Như Mộng Kiên	Hộ kiên	77	giao dịch được	荒毒之如梦肩
10445578	Hoang Độc Chi Như Mộng Kiên	Hộ kiên	78	giao dịch được	荒毒之如梦肩
10445579	Hoang Độc Chi Như Mộng Kiên	Hộ kiên	79	giao dịch được	荒毒之如梦肩
10445580	Hoang Độc Chi Như Mộng Kiên	Hộ kiên	80	giao dịch được	荒毒之如梦肩
10445581	Hoang Độc Chi Thánh Mục Kiên	Hộ kiên	81	giao dịch được	荒毒之圣目肩
10445582	Hoang Độc Chi Thánh Mục Kiên	Hộ kiên	82	giao dịch được	荒毒之圣目肩
10445583	Hoang Độc Chi Thánh Mục Kiên	Hộ kiên	83	giao dịch được	荒毒之圣目肩
10445584	Hoang Độc Chi Thánh Mục Kiên	Hộ kiên	84	giao dịch được	荒毒之圣目肩
10445585	Hoang Độc Chi Thánh Mục Kiên	Hộ kiên	85	giao dịch được	荒毒之圣目肩
10445586	Hoang Độc Chi Thánh Mục Kiên	Hộ kiên	86	giao dịch được	荒毒之圣目肩
10445587	Hoang Độc Chi Thánh Mục Kiên	Hộ kiên	87	giao dịch được	荒毒之圣目肩
10445588	Hoang Độc Chi Thánh Mục Kiên	Hộ kiên	88	giao dịch được	荒毒之圣目肩
10445589	Hoang Độc Chi Thánh Mục Kiên	Hộ kiên	89	giao dịch được	荒毒之圣目肩
10445590	Hoang Độc Chi Thánh Mục Kiên	Hộ kiên	90	giao dịch được	荒毒之圣目肩
10445591	Hoang Độc Chi Linh Động Thánh Kiên	Hộ kiên	91	giao dịch được	荒毒之灵动圣肩
10445592	Hoang Độc Chi Linh Động Thánh Kiên	Hộ kiên	92	giao dịch được	荒毒之灵动圣肩
10445593	Hoang Độc Chi Linh Động Thánh Kiên	Hộ kiên	93	giao dịch được	荒毒之灵动圣肩
10445594	Hoang Độc Chi Linh Động Thánh Kiên	Hộ kiên	94	giao dịch được	荒毒之灵动圣肩
10445595	Hoang Độc Chi Linh Động Thánh Kiên	Hộ kiên	95	giao dịch được	荒毒之灵动圣肩
10445596	Hoang Độc Chi Linh Động Thánh Kiên	Hộ kiên	96	giao dịch được	荒毒之灵动圣肩
10445597	Hoang Độc Chi Linh Động Thánh Kiên	Hộ kiên	97	giao dịch được	荒毒之灵动圣肩
10445598	Hoang Độc Chi Linh Động Thánh Kiên	Hộ kiên	98	giao dịch được	荒毒之灵动圣肩
10445599	Hoang Độc Chi Linh Động Thánh Kiên	Hộ kiên	99	giao dịch được	荒毒之灵动圣肩
10445600	Hoang Độc Chi Linh Động Thánh Kiên	Hộ kiên	100	giao dịch được	荒毒之灵动圣肩
10445601	Vô Tướng Chi Tích Bì Hộ Kiên	Hộ kiên	1	giao dịch được	无相之蜥皮护肩
10445602	Vô Tướng Chi Tích Bì Hộ Kiên	Hộ kiên	2	giao dịch được	无相之蜥皮护肩
10445603	Vô Tướng Chi Tích Bì Hộ Kiên	Hộ kiên	3	giao dịch được	无相之蜥皮护肩
10445604	Vô Tướng Chi Tích Bì Hộ Kiên	Hộ kiên	4	giao dịch được	无相之蜥皮护肩
10445605	Vô Tướng Chi Tích Bì Hộ Kiên	Hộ kiên	5	giao dịch được	无相之蜥皮护肩
10445606	Vô Tướng Chi Tích Bì Hộ Kiên	Hộ kiên	6	giao dịch được	无相之蜥皮护肩
10445607	Vô Tướng Chi Tích Bì Hộ Kiên	Hộ kiên	7	giao dịch được	无相之蜥皮护肩
10445608	Vô Tướng Chi Tích Bì Hộ Kiên	Hộ kiên	8	giao dịch được	无相之蜥皮护肩
10445609	Vô Tướng Chi Tích Bì Hộ Kiên	Hộ kiên	9	giao dịch được	无相之蜥皮护肩
10445610	Vô Tướng Chi Tích Bì Hộ Kiên	Hộ kiên	10	giao dịch được	无相之蜥皮护肩
10445611	Vô Tướng Chi Ngân Bì Hộ Kiên	Hộ kiên	11	giao dịch được	无相之银皮护肩
10445612	Vô Tướng Chi Ngân Bì Hộ Kiên	Hộ kiên	12	giao dịch được	无相之银皮护肩
10445613	Vô Tướng Chi Ngân Bì Hộ Kiên	Hộ kiên	13	giao dịch được	无相之银皮护肩
10445614	Vô Tướng Chi Ngân Bì Hộ Kiên	Hộ kiên	14	giao dịch được	无相之银皮护肩
10445615	Vô Tướng Chi Ngân Bì Hộ Kiên	Hộ kiên	15	giao dịch được	无相之银皮护肩
10445616	Vô Tướng Chi Ngân Bì Hộ Kiên	Hộ kiên	16	giao dịch được	无相之银皮护肩
10445617	Vô Tướng Chi Ngân Bì Hộ Kiên	Hộ kiên	17	giao dịch được	无相之银皮护肩
10445618	Vô Tướng Chi Ngân Bì Hộ Kiên	Hộ kiên	18	giao dịch được	无相之银皮护肩
10445619	Vô Tướng Chi Ngân Bì Hộ Kiên	Hộ kiên	19	giao dịch được	无相之银皮护肩
10445620	Vô Tướng Chi Ngân Bì Hộ Kiên	Hộ kiên	20	giao dịch được	无相之银皮护肩
10445621	Vô Tướng Chi Bì Lân Hộ Kiên	Hộ kiên	21	giao dịch được	无相之皮麟护肩
10445622	Vô Tướng Chi Bì Lân Hộ Kiên	Hộ kiên	22	giao dịch được	无相之皮麟护肩
10445623	Vô Tướng Chi Bì Lân Hộ Kiên	Hộ kiên	23	giao dịch được	无相之皮麟护肩
10445624	Vô Tướng Chi Bì Lân Hộ Kiên	Hộ kiên	24	giao dịch được	无相之皮麟护肩
10445625	Vô Tướng Chi Bì Lân Hộ Kiên	Hộ kiên	25	giao dịch được	无相之皮麟护肩
10445626	Vô Tướng Chi Bì Lân Hộ Kiên	Hộ kiên	26	giao dịch được	无相之皮麟护肩
10445627	Vô Tướng Chi Bì Lân Hộ Kiên	Hộ kiên	27	giao dịch được	无相之皮麟护肩
10445628	Vô Tướng Chi Bì Lân Hộ Kiên	Hộ kiên	28	giao dịch được	无相之皮麟护肩
10445629	Vô Tướng Chi Bì Lân Hộ Kiên	Hộ kiên	29	giao dịch được	无相之皮麟护肩
10445630	Vô Tướng Chi Bì Lân Hộ Kiên	Hộ kiên	30	giao dịch được	无相之皮麟护肩
10445631	Vô Tướng Chi Dao Tiên Hộ Kiên	Hộ kiên	31	giao dịch được	无相之瑶仙护肩
10445632	Vô Tướng Chi Dao Tiên Hộ Kiên	Hộ kiên	32	giao dịch được	无相之瑶仙护肩
10445633	Vô Tướng Chi Dao Tiên Hộ Kiên	Hộ kiên	33	giao dịch được	无相之瑶仙护肩
10445634	Vô Tướng Chi Dao Tiên Hộ Kiên	Hộ kiên	34	giao dịch được	无相之瑶仙护肩
10445635	Vô Tướng Chi Dao Tiên Hộ Kiên	Hộ kiên	35	giao dịch được	无相之瑶仙护肩
10445636	Vô Tướng Chi Dao Tiên Hộ Kiên	Hộ kiên	36	giao dịch được	无相之瑶仙护肩
10445637	Vô Tướng Chi Dao Tiên Hộ Kiên	Hộ kiên	37	giao dịch được	无相之瑶仙护肩
10445638	Vô Tướng Chi Dao Tiên Hộ Kiên	Hộ kiên	38	giao dịch được	无相之瑶仙护肩
10445639	Vô Tướng Chi Dao Tiên Hộ Kiên	Hộ kiên	39	giao dịch được	无相之瑶仙护肩
10445640	Vô Tướng Chi Dao Tiên Hộ Kiên	Hộ kiên	40	giao dịch được	无相之瑶仙护肩
10445641	Vô Tướng Chi Thiều Hoa Hộ Kiên	Hộ kiên	41	giao dịch được	无相之韶华护肩
10445642	Vô Tướng Chi Thiều Hoa Hộ Kiên	Hộ kiên	42	giao dịch được	无相之韶华护肩
10445643	Vô Tướng Chi Thiều Hoa Hộ Kiên	Hộ kiên	43	giao dịch được	无相之韶华护肩
10445644	Vô Tướng Chi Thiều Hoa Hộ Kiên	Hộ kiên	44	giao dịch được	无相之韶华护肩
10445645	Vô Tướng Chi Thiều Hoa Hộ Kiên	Hộ kiên	45	giao dịch được	无相之韶华护肩
10445646	Vô Tướng Chi Thiều Hoa Hộ Kiên	Hộ kiên	46	giao dịch được	无相之韶华护肩
10445647	Vô Tướng Chi Thiều Hoa Hộ Kiên	Hộ kiên	47	giao dịch được	无相之韶华护肩
10445648	Vô Tướng Chi Thiều Hoa Hộ Kiên	Hộ kiên	48	giao dịch được	无相之韶华护肩
10445649	Vô Tướng Chi Thiều Hoa Hộ Kiên	Hộ kiên	49	giao dịch được	无相之韶华护肩
10445650	Vô Tướng Chi Thiều Hoa Hộ Kiên	Hộ kiên	50	giao dịch được	无相之韶华护肩
10445651	Vô Tướng Chi Ngân Tiêu Hộ Kiên	Hộ kiên	51	giao dịch được	无相之银霄护肩
10445652	Vô Tướng Chi Ngân Tiêu Hộ Kiên	Hộ kiên	52	giao dịch được	无相之银霄护肩
10445653	Vô Tướng Chi Ngân Tiêu Hộ Kiên	Hộ kiên	53	giao dịch được	无相之银霄护肩
10445654	Vô Tướng Chi Ngân Tiêu Hộ Kiên	Hộ kiên	54	giao dịch được	无相之银霄护肩
10445655	Vô Tướng Chi Ngân Tiêu Hộ Kiên	Hộ kiên	55	giao dịch được	无相之银霄护肩
10445656	Vô Tướng Chi Ngân Tiêu Hộ Kiên	Hộ kiên	56	giao dịch được	无相之银霄护肩
10445657	Vô Tướng Chi Ngân Tiêu Hộ Kiên	Hộ kiên	57	giao dịch được	无相之银霄护肩
10445658	Vô Tướng Chi Ngân Tiêu Hộ Kiên	Hộ kiên	58	giao dịch được	无相之银霄护肩
10445659	Vô Tướng Chi Ngân Tiêu Hộ Kiên	Hộ kiên	59	giao dịch được	无相之银霄护肩
10445660	Vô Tướng Chi Ngân Tiêu Hộ Kiên	Hộ kiên	60	giao dịch được	无相之银霄护肩
10445661	Vô Tướng Chi Quỷ Vụ Hộ Kiên	Hộ kiên	61	giao dịch được	无相之鬼雾护肩
10445662	Vô Tướng Chi Quỷ Vụ Hộ Kiên	Hộ kiên	62	giao dịch được	无相之鬼雾护肩
10445663	Vô Tướng Chi Quỷ Vụ Hộ Kiên	Hộ kiên	63	giao dịch được	无相之鬼雾护肩
10445664	Vô Tướng Chi Quỷ Vụ Hộ Kiên	Hộ kiên	64	giao dịch được	无相之鬼雾护肩
10445665	Vô Tướng Chi Quỷ Vụ Hộ Kiên	Hộ kiên	65	giao dịch được	无相之鬼雾护肩
10445666	Vô Tướng Chi Quỷ Vụ Hộ Kiên	Hộ kiên	66	giao dịch được	无相之鬼雾护肩
10445667	Vô Tướng Chi Quỷ Vụ Hộ Kiên	Hộ kiên	67	giao dịch được	无相之鬼雾护肩
10445668	Vô Tướng Chi Quỷ Vụ Hộ Kiên	Hộ kiên	68	giao dịch được	无相之鬼雾护肩
10445669	Vô Tướng Chi Quỷ Vụ Hộ Kiên	Hộ kiên	69	giao dịch được	无相之鬼雾护肩
10445670	Vô Tướng Chi Quỷ Vụ Hộ Kiên	Hộ kiên	70	giao dịch được	无相之鬼雾护肩
10445671	Vô Tướng Chi Luyện Loan Thánh Kiên	Hộ kiên	71	giao dịch được	无相之炼鸾圣肩
10445672	Vô Tướng Chi Luyện Loan Thánh Kiên	Hộ kiên	72	giao dịch được	无相之炼鸾圣肩
10445673	Vô Tướng Chi Luyện Loan Thánh Kiên	Hộ kiên	73	giao dịch được	无相之炼鸾圣肩
10445674	Vô Tướng Chi Luyện Loan Thánh Kiên	Hộ kiên	74	giao dịch được	无相之炼鸾圣肩
10445675	Vô Tướng Chi Luyện Loan Thánh Kiên	Hộ kiên	75	giao dịch được	无相之炼鸾圣肩
10445676	Vô Tướng Chi Luyện Loan Thánh Kiên	Hộ kiên	76	giao dịch được	无相之炼鸾圣肩
10445677	Vô Tướng Chi Luyện Loan Thánh Kiên	Hộ kiên	77	giao dịch được	无相之炼鸾圣肩
10445678	Vô Tướng Chi Luyện Loan Thánh Kiên	Hộ kiên	78	giao dịch được	无相之炼鸾圣肩
10445679	Vô Tướng Chi Luyện Loan Thánh Kiên	Hộ kiên	79	giao dịch được	无相之炼鸾圣肩
10445680	Vô Tướng Chi Luyện Loan Thánh Kiên	Hộ kiên	80	giao dịch được	无相之炼鸾圣肩
10445681	Vô Tướng Chi Mị Giao Thánh Kiên	Hộ kiên	81	giao dịch được	无相之魅蛟圣肩
10445682	Vô Tướng Chi Mị Giao Thánh Kiên	Hộ kiên	82	giao dịch được	无相之魅蛟圣肩
10445683	Vô Tướng Chi Mị Giao Thánh Kiên	Hộ kiên	83	giao dịch được	无相之魅蛟圣肩
10445684	Vô Tướng Chi Mị Giao Thánh Kiên	Hộ kiên	84	giao dịch được	无相之魅蛟圣肩
10445685	Vô Tướng Chi Mị Giao Thánh Kiên	Hộ kiên	85	giao dịch được	无相之魅蛟圣肩
10445686	Vô Tướng Chi Mị Giao Thánh Kiên	Hộ kiên	86	giao dịch được	无相之魅蛟圣肩
10445687	Vô Tướng Chi Mị Giao Thánh Kiên	Hộ kiên	87	giao dịch được	无相之魅蛟圣肩
10445688	Vô Tướng Chi Mị Giao Thánh Kiên	Hộ kiên	88	giao dịch được	无相之魅蛟圣肩
10445689	Vô Tướng Chi Mị Giao Thánh Kiên	Hộ kiên	89	giao dịch được	无相之魅蛟圣肩
10445690	Vô Tướng Chi Mị Giao Thánh Kiên	Hộ kiên	90	giao dịch được	无相之魅蛟圣肩
10445691	Vô Tướng Chi Toan Nghê Thánh Kiên	Hộ kiên	91	giao dịch được	无相之狻猊圣肩
10445692	Vô Tướng Chi Toan Nghê Thánh Kiên	Hộ kiên	92	giao dịch được	无相之狻猊圣肩
10445693	Vô Tướng Chi Toan Nghê Thánh Kiên	Hộ kiên	93	giao dịch được	无相之狻猊圣肩
10445694	Vô Tướng Chi Toan Nghê Thánh Kiên	Hộ kiên	94	giao dịch được	无相之狻猊圣肩
10445695	Vô Tướng Chi Toan Nghê Thánh Kiên	Hộ kiên	95	giao dịch được	无相之狻猊圣肩
10445696	Vô Tướng Chi Toan Nghê Thánh Kiên	Hộ kiên	96	giao dịch được	无相之狻猊圣肩
10445697	Vô Tướng Chi Toan Nghê Thánh Kiên	Hộ kiên	97	giao dịch được	无相之狻猊圣肩
10445698	Vô Tướng Chi Toan Nghê Thánh Kiên	Hộ kiên	98	giao dịch được	无相之狻猊圣肩
10445699	Vô Tướng Chi Toan Nghê Thánh Kiên	Hộ kiên	99	giao dịch được	无相之狻猊圣肩
10445700	Vô Tướng Chi Toan Nghê Thánh Kiên	Hộ kiên	100	giao dịch được	无相之狻猊圣肩
10445701	Bắc Minh Chi Tích Bì Hộ Kiên	Hộ kiên	1	giao dịch được	北冥之蜥皮护肩
10445702	Bắc Minh Chi Tích Bì Hộ Kiên	Hộ kiên	2	giao dịch được	北冥之蜥皮护肩
10445703	Bắc Minh Chi Tích Bì Hộ Kiên	Hộ kiên	3	giao dịch được	北冥之蜥皮护肩
10445704	Bắc Minh Chi Tích Bì Hộ Kiên	Hộ kiên	4	giao dịch được	北冥之蜥皮护肩
10445705	Bắc Minh Chi Tích Bì Hộ Kiên	Hộ kiên	5	giao dịch được	北冥之蜥皮护肩
10445706	Bắc Minh Chi Tích Bì Hộ Kiên	Hộ kiên	6	giao dịch được	北冥之蜥皮护肩
10445707	Bắc Minh Chi Tích Bì Hộ Kiên	Hộ kiên	7	giao dịch được	北冥之蜥皮护肩
10445708	Bắc Minh Chi Tích Bì Hộ Kiên	Hộ kiên	8	giao dịch được	北冥之蜥皮护肩
10445709	Bắc Minh Chi Tích Bì Hộ Kiên	Hộ kiên	9	giao dịch được	北冥之蜥皮护肩
10445710	Bắc Minh Chi Tích Bì Hộ Kiên	Hộ kiên	10	giao dịch được	北冥之蜥皮护肩
10445711	Bắc Minh Chi Ngân Bì Hộ Kiên	Hộ kiên	11	giao dịch được	北冥之银皮护肩
10445712	Bắc Minh Chi Ngân Bì Hộ Kiên	Hộ kiên	12	giao dịch được	北冥之银皮护肩
10445713	Bắc Minh Chi Ngân Bì Hộ Kiên	Hộ kiên	13	giao dịch được	北冥之银皮护肩
10445714	Bắc Minh Chi Ngân Bì Hộ Kiên	Hộ kiên	14	giao dịch được	北冥之银皮护肩
10445715	Bắc Minh Chi Ngân Bì Hộ Kiên	Hộ kiên	15	giao dịch được	北冥之银皮护肩
10445716	Bắc Minh Chi Ngân Bì Hộ Kiên	Hộ kiên	16	giao dịch được	北冥之银皮护肩
10445717	Bắc Minh Chi Ngân Bì Hộ Kiên	Hộ kiên	17	giao dịch được	北冥之银皮护肩
10445718	Bắc Minh Chi Ngân Bì Hộ Kiên	Hộ kiên	18	giao dịch được	北冥之银皮护肩
10445719	Bắc Minh Chi Ngân Bì Hộ Kiên	Hộ kiên	19	giao dịch được	北冥之银皮护肩
10445720	Bắc Minh Chi Ngân Bì Hộ Kiên	Hộ kiên	20	giao dịch được	北冥之银皮护肩
10445721	Bắc Minh Chi Bì Lân Hộ Kiên	Hộ kiên	21	giao dịch được	北冥之皮麟护肩
10445722	Bắc Minh Chi Bì Lân Hộ Kiên	Hộ kiên	22	giao dịch được	北冥之皮麟护肩
10445723	Bắc Minh Chi Bì Lân Hộ Kiên	Hộ kiên	23	giao dịch được	北冥之皮麟护肩
10445724	Bắc Minh Chi Bì Lân Hộ Kiên	Hộ kiên	24	giao dịch được	北冥之皮麟护肩
10445725	Bắc Minh Chi Bì Lân Hộ Kiên	Hộ kiên	25	giao dịch được	北冥之皮麟护肩
10445726	Bắc Minh Chi Bì Lân Hộ Kiên	Hộ kiên	26	giao dịch được	北冥之皮麟护肩
10445727	Bắc Minh Chi Bì Lân Hộ Kiên	Hộ kiên	27	giao dịch được	北冥之皮麟护肩
10445728	Bắc Minh Chi Bì Lân Hộ Kiên	Hộ kiên	28	giao dịch được	北冥之皮麟护肩
10445729	Bắc Minh Chi Bì Lân Hộ Kiên	Hộ kiên	29	giao dịch được	北冥之皮麟护肩
10445730	Bắc Minh Chi Bì Lân Hộ Kiên	Hộ kiên	30	giao dịch được	北冥之皮麟护肩
10445731	Bắc Minh Chi Dao Tiên Hộ Kiên	Hộ kiên	31	giao dịch được	北冥之瑶仙护肩
10445732	Bắc Minh Chi Dao Tiên Hộ Kiên	Hộ kiên	32	giao dịch được	北冥之瑶仙护肩
10445733	Bắc Minh Chi Dao Tiên Hộ Kiên	Hộ kiên	33	giao dịch được	北冥之瑶仙护肩
10445734	Bắc Minh Chi Dao Tiên Hộ Kiên	Hộ kiên	34	giao dịch được	北冥之瑶仙护肩
10445735	Bắc Minh Chi Dao Tiên Hộ Kiên	Hộ kiên	35	giao dịch được	北冥之瑶仙护肩
10445736	Bắc Minh Chi Dao Tiên Hộ Kiên	Hộ kiên	36	giao dịch được	北冥之瑶仙护肩
10445737	Bắc Minh Chi Dao Tiên Hộ Kiên	Hộ kiên	37	giao dịch được	北冥之瑶仙护肩
10445738	Bắc Minh Chi Dao Tiên Hộ Kiên	Hộ kiên	38	giao dịch được	北冥之瑶仙护肩
10445739	Bắc Minh Chi Dao Tiên Hộ Kiên	Hộ kiên	39	giao dịch được	北冥之瑶仙护肩
10445740	Bắc Minh Chi Dao Tiên Hộ Kiên	Hộ kiên	40	giao dịch được	北冥之瑶仙护肩
10445741	Bắc Minh Chi Thiều Hoa Hộ Kiên	Hộ kiên	41	giao dịch được	北冥之韶华护肩
10445742	Bắc Minh Chi Thiều Hoa Hộ Kiên	Hộ kiên	42	giao dịch được	北冥之韶华护肩
10445743	Bắc Minh Chi Thiều Hoa Hộ Kiên	Hộ kiên	43	giao dịch được	北冥之韶华护肩
10445744	Bắc Minh Chi Thiều Hoa Hộ Kiên	Hộ kiên	44	giao dịch được	北冥之韶华护肩
10445745	Bắc Minh Chi Thiều Hoa Hộ Kiên	Hộ kiên	45	giao dịch được	北冥之韶华护肩
10445746	Bắc Minh Chi Thiều Hoa Hộ Kiên	Hộ kiên	46	giao dịch được	北冥之韶华护肩
10445747	Bắc Minh Chi Thiều Hoa Hộ Kiên	Hộ kiên	47	giao dịch được	北冥之韶华护肩
10445748	Bắc Minh Chi Thiều Hoa Hộ Kiên	Hộ kiên	48	giao dịch được	北冥之韶华护肩
10445749	Bắc Minh Chi Thiều Hoa Hộ Kiên	Hộ kiên	49	giao dịch được	北冥之韶华护肩
10445750	Bắc Minh Chi Thiều Hoa Hộ Kiên	Hộ kiên	50	giao dịch được	北冥之韶华护肩
10445751	Bắc Minh Chi Ngân Tiêu Hộ Kiên	Hộ kiên	51	giao dịch được	北冥之银霄护肩
10445752	Bắc Minh Chi Ngân Tiêu Hộ Kiên	Hộ kiên	52	giao dịch được	北冥之银霄护肩
10445753	Bắc Minh Chi Ngân Tiêu Hộ Kiên	Hộ kiên	53	giao dịch được	北冥之银霄护肩
10445754	Bắc Minh Chi Ngân Tiêu Hộ Kiên	Hộ kiên	54	giao dịch được	北冥之银霄护肩
10445755	Bắc Minh Chi Ngân Tiêu Hộ Kiên	Hộ kiên	55	giao dịch được	北冥之银霄护肩
10445756	Bắc Minh Chi Ngân Tiêu Hộ Kiên	Hộ kiên	56	giao dịch được	北冥之银霄护肩
10445757	Bắc Minh Chi Ngân Tiêu Hộ Kiên	Hộ kiên	57	giao dịch được	北冥之银霄护肩
10445758	Bắc Minh Chi Ngân Tiêu Hộ Kiên	Hộ kiên	58	giao dịch được	北冥之银霄护肩
10445759	Bắc Minh Chi Ngân Tiêu Hộ Kiên	Hộ kiên	59	giao dịch được	北冥之银霄护肩
10445760	Bắc Minh Chi Ngân Tiêu Hộ Kiên	Hộ kiên	60	giao dịch được	北冥之银霄护肩
10445761	Bắc Minh Chi Quỷ Vụ Hộ Kiên	Hộ kiên	61	giao dịch được	北冥之鬼雾护肩
10445762	Bắc Minh Chi Quỷ Vụ Hộ Kiên	Hộ kiên	62	giao dịch được	北冥之鬼雾护肩
10445763	Bắc Minh Chi Quỷ Vụ Hộ Kiên	Hộ kiên	63	giao dịch được	北冥之鬼雾护肩
10445764	Bắc Minh Chi Quỷ Vụ Hộ Kiên	Hộ kiên	64	giao dịch được	北冥之鬼雾护肩
10445765	Bắc Minh Chi Quỷ Vụ Hộ Kiên	Hộ kiên	65	giao dịch được	北冥之鬼雾护肩
10445766	Bắc Minh Chi Quỷ Vụ Hộ Kiên	Hộ kiên	66	giao dịch được	北冥之鬼雾护肩
10445767	Bắc Minh Chi Quỷ Vụ Hộ Kiên	Hộ kiên	67	giao dịch được	北冥之鬼雾护肩
10445768	Bắc Minh Chi Quỷ Vụ Hộ Kiên	Hộ kiên	68	giao dịch được	北冥之鬼雾护肩
10445769	Bắc Minh Chi Quỷ Vụ Hộ Kiên	Hộ kiên	69	giao dịch được	北冥之鬼雾护肩
10445770	Bắc Minh Chi Quỷ Vụ Hộ Kiên	Hộ kiên	70	giao dịch được	北冥之鬼雾护肩
10445771	Bắc Minh Chi Luyện Loan Thánh Kiên	Hộ kiên	71	giao dịch được	北冥之炼鸾圣肩
10445772	Bắc Minh Chi Luyện Loan Thánh Kiên	Hộ kiên	72	giao dịch được	北冥之炼鸾圣肩
10445773	Bắc Minh Chi Luyện Loan Thánh Kiên	Hộ kiên	73	giao dịch được	北冥之炼鸾圣肩
10445774	Bắc Minh Chi Luyện Loan Thánh Kiên	Hộ kiên	74	giao dịch được	北冥之炼鸾圣肩
10445775	Bắc Minh Chi Luyện Loan Thánh Kiên	Hộ kiên	75	giao dịch được	北冥之炼鸾圣肩
10445776	Bắc Minh Chi Luyện Loan Thánh Kiên	Hộ kiên	76	giao dịch được	北冥之炼鸾圣肩
10445777	Bắc Minh Chi Luyện Loan Thánh Kiên	Hộ kiên	77	giao dịch được	北冥之炼鸾圣肩
10445778	Bắc Minh Chi Luyện Loan Thánh Kiên	Hộ kiên	78	giao dịch được	北冥之炼鸾圣肩
10445779	Bắc Minh Chi Luyện Loan Thánh Kiên	Hộ kiên	79	giao dịch được	北冥之炼鸾圣肩
10445780	Bắc Minh Chi Luyện Loan Thánh Kiên	Hộ kiên	80	giao dịch được	北冥之炼鸾圣肩
10445781	Bắc Minh Chi Mị Giao Thánh Kiên	Hộ kiên	81	giao dịch được	北冥之魅蛟圣肩
10445782	Bắc Minh Chi Mị Giao Thánh Kiên	Hộ kiên	82	giao dịch được	北冥之魅蛟圣肩
10445783	Bắc Minh Chi Mị Giao Thánh Kiên	Hộ kiên	83	giao dịch được	北冥之魅蛟圣肩
10445784	Bắc Minh Chi Mị Giao Thánh Kiên	Hộ kiên	84	giao dịch được	北冥之魅蛟圣肩
10445785	Bắc Minh Chi Mị Giao Thánh Kiên	Hộ kiên	85	giao dịch được	北冥之魅蛟圣肩
10445786	Bắc Minh Chi Mị Giao Thánh Kiên	Hộ kiên	86	giao dịch được	北冥之魅蛟圣肩
10445787	Bắc Minh Chi Mị Giao Thánh Kiên	Hộ kiên	87	giao dịch được	北冥之魅蛟圣肩
10445788	Bắc Minh Chi Mị Giao Thánh Kiên	Hộ kiên	88	giao dịch được	北冥之魅蛟圣肩
10445789	Bắc Minh Chi Mị Giao Thánh Kiên	Hộ kiên	89	giao dịch được	北冥之魅蛟圣肩
10445790	Bắc Minh Chi Mị Giao Thánh Kiên	Hộ kiên	90	giao dịch được	北冥之魅蛟圣肩
10445791	Bắc Minh Chi Toan Nghê Thánh Kiên	Hộ kiên	91	giao dịch được	北冥之狻猊圣肩
10445792	Bắc Minh Chi Toan Nghê Thánh Kiên	Hộ kiên	92	giao dịch được	北冥之狻猊圣肩
10445793	Bắc Minh Chi Toan Nghê Thánh Kiên	Hộ kiên	93	giao dịch được	北冥之狻猊圣肩
10445794	Bắc Minh Chi Toan Nghê Thánh Kiên	Hộ kiên	94	giao dịch được	北冥之狻猊圣肩
10445795	Bắc Minh Chi Toan Nghê Thánh Kiên	Hộ kiên	95	giao dịch được	北冥之狻猊圣肩
10445796	Bắc Minh Chi Toan Nghê Thánh Kiên	Hộ kiên	96	giao dịch được	北冥之狻猊圣肩
10445797	Bắc Minh Chi Toan Nghê Thánh Kiên	Hộ kiên	97	giao dịch được	北冥之狻猊圣肩
10445798	Bắc Minh Chi Toan Nghê Thánh Kiên	Hộ kiên	98	giao dịch được	北冥之狻猊圣肩
10445799	Bắc Minh Chi Toan Nghê Thánh Kiên	Hộ kiên	99	giao dịch được	北冥之狻猊圣肩
10445800	Bắc Minh Chi Toan Nghê Thánh Kiên	Hộ kiên	100	giao dịch được	北冥之狻猊圣肩
10445801	Ngưng Mạch Chi Tích Bì Hộ Kiên	Hộ kiên	1	giao dịch được	凝脉之蜥皮护肩
10445802	Ngưng Mạch Chi Tích Bì Hộ Kiên	Hộ kiên	2	giao dịch được	凝脉之蜥皮护肩
10445803	Ngưng Mạch Chi Tích Bì Hộ Kiên	Hộ kiên	3	giao dịch được	凝脉之蜥皮护肩
10445804	Ngưng Mạch Chi Tích Bì Hộ Kiên	Hộ kiên	4	giao dịch được	凝脉之蜥皮护肩
10445805	Ngưng Mạch Chi Tích Bì Hộ Kiên	Hộ kiên	5	giao dịch được	凝脉之蜥皮护肩
10445806	Ngưng Mạch Chi Tích Bì Hộ Kiên	Hộ kiên	6	giao dịch được	凝脉之蜥皮护肩
10445807	Ngưng Mạch Chi Tích Bì Hộ Kiên	Hộ kiên	7	giao dịch được	凝脉之蜥皮护肩
10445808	Ngưng Mạch Chi Tích Bì Hộ Kiên	Hộ kiên	8	giao dịch được	凝脉之蜥皮护肩
10445809	Ngưng Mạch Chi Tích Bì Hộ Kiên	Hộ kiên	9	giao dịch được	凝脉之蜥皮护肩
10445810	Ngưng Mạch Chi Tích Bì Hộ Kiên	Hộ kiên	10	giao dịch được	凝脉之蜥皮护肩
10445811	Ngưng Mạch Chi Ngân Bì Hộ Kiên	Hộ kiên	11	giao dịch được	凝脉之银皮护肩
10445812	Ngưng Mạch Chi Ngân Bì Hộ Kiên	Hộ kiên	12	giao dịch được	凝脉之银皮护肩
10445813	Ngưng Mạch Chi Ngân Bì Hộ Kiên	Hộ kiên	13	giao dịch được	凝脉之银皮护肩
10445814	Ngưng Mạch Chi Ngân Bì Hộ Kiên	Hộ kiên	14	giao dịch được	凝脉之银皮护肩
10445815	Ngưng Mạch Chi Ngân Bì Hộ Kiên	Hộ kiên	15	giao dịch được	凝脉之银皮护肩
10445816	Ngưng Mạch Chi Ngân Bì Hộ Kiên	Hộ kiên	16	giao dịch được	凝脉之银皮护肩
10445817	Ngưng Mạch Chi Ngân Bì Hộ Kiên	Hộ kiên	17	giao dịch được	凝脉之银皮护肩
10445818	Ngưng Mạch Chi Ngân Bì Hộ Kiên	Hộ kiên	18	giao dịch được	凝脉之银皮护肩
10445819	Ngưng Mạch Chi Ngân Bì Hộ Kiên	Hộ kiên	19	giao dịch được	凝脉之银皮护肩
10445820	Ngưng Mạch Chi Ngân Bì Hộ Kiên	Hộ kiên	20	giao dịch được	凝脉之银皮护肩
10445821	Ngưng Mạch Chi Bì Lân Hộ Kiên	Hộ kiên	21	giao dịch được	凝脉之皮麟护肩
10445822	Ngưng Mạch Chi Bì Lân Hộ Kiên	Hộ kiên	22	giao dịch được	凝脉之皮麟护肩
10445823	Ngưng Mạch Chi Bì Lân Hộ Kiên	Hộ kiên	23	giao dịch được	凝脉之皮麟护肩
10445824	Ngưng Mạch Chi Bì Lân Hộ Kiên	Hộ kiên	24	giao dịch được	凝脉之皮麟护肩
10445825	Ngưng Mạch Chi Bì Lân Hộ Kiên	Hộ kiên	25	giao dịch được	凝脉之皮麟护肩
10445826	Ngưng Mạch Chi Bì Lân Hộ Kiên	Hộ kiên	26	giao dịch được	凝脉之皮麟护肩
10445827	Ngưng Mạch Chi Bì Lân Hộ Kiên	Hộ kiên	27	giao dịch được	凝脉之皮麟护肩
10445828	Ngưng Mạch Chi Bì Lân Hộ Kiên	Hộ kiên	28	giao dịch được	凝脉之皮麟护肩
10445829	Ngưng Mạch Chi Bì Lân Hộ Kiên	Hộ kiên	29	giao dịch được	凝脉之皮麟护肩
10445830	Ngưng Mạch Chi Bì Lân Hộ Kiên	Hộ kiên	30	giao dịch được	凝脉之皮麟护肩
10445831	Ngưng Mạch Chi Dao Tiên Hộ Kiên	Hộ kiên	31	giao dịch được	凝脉之瑶仙护肩
10445832	Ngưng Mạch Chi Dao Tiên Hộ Kiên	Hộ kiên	32	giao dịch được	凝脉之瑶仙护肩
10445833	Ngưng Mạch Chi Dao Tiên Hộ Kiên	Hộ kiên	33	giao dịch được	凝脉之瑶仙护肩
10445834	Ngưng Mạch Chi Dao Tiên Hộ Kiên	Hộ kiên	34	giao dịch được	凝脉之瑶仙护肩
10445835	Ngưng Mạch Chi Dao Tiên Hộ Kiên	Hộ kiên	35	giao dịch được	凝脉之瑶仙护肩
10445836	Ngưng Mạch Chi Dao Tiên Hộ Kiên	Hộ kiên	36	giao dịch được	凝脉之瑶仙护肩
10445837	Ngưng Mạch Chi Dao Tiên Hộ Kiên	Hộ kiên	37	giao dịch được	凝脉之瑶仙护肩
10445838	Ngưng Mạch Chi Dao Tiên Hộ Kiên	Hộ kiên	38	giao dịch được	凝脉之瑶仙护肩
10445839	Ngưng Mạch Chi Dao Tiên Hộ Kiên	Hộ kiên	39	giao dịch được	凝脉之瑶仙护肩
10445840	Ngưng Mạch Chi Dao Tiên Hộ Kiên	Hộ kiên	40	giao dịch được	凝脉之瑶仙护肩
10445841	Ngưng Mạch Chi Thiều Hoa Hộ Kiên	Hộ kiên	41	giao dịch được	凝脉之韶华护肩
10445842	Ngưng Mạch Chi Thiều Hoa Hộ Kiên	Hộ kiên	42	giao dịch được	凝脉之韶华护肩
10445843	Ngưng Mạch Chi Thiều Hoa Hộ Kiên	Hộ kiên	43	giao dịch được	凝脉之韶华护肩
10445844	Ngưng Mạch Chi Thiều Hoa Hộ Kiên	Hộ kiên	44	giao dịch được	凝脉之韶华护肩
10445845	Ngưng Mạch Chi Thiều Hoa Hộ Kiên	Hộ kiên	45	giao dịch được	凝脉之韶华护肩
10445846	Ngưng Mạch Chi Thiều Hoa Hộ Kiên	Hộ kiên	46	giao dịch được	凝脉之韶华护肩
10445847	Ngưng Mạch Chi Thiều Hoa Hộ Kiên	Hộ kiên	47	giao dịch được	凝脉之韶华护肩
10445848	Ngưng Mạch Chi Thiều Hoa Hộ Kiên	Hộ kiên	48	giao dịch được	凝脉之韶华护肩
10445849	Ngưng Mạch Chi Thiều Hoa Hộ Kiên	Hộ kiên	49	giao dịch được	凝脉之韶华护肩
10445850	Ngưng Mạch Chi Thiều Hoa Hộ Kiên	Hộ kiên	50	giao dịch được	凝脉之韶华护肩
10445851	Ngưng Mạch Chi Ngân Tiêu Hộ Kiên	Hộ kiên	51	giao dịch được	凝脉之银霄护肩
10445852	Ngưng Mạch Chi Ngân Tiêu Hộ Kiên	Hộ kiên	52	giao dịch được	凝脉之银霄护肩
10445853	Ngưng Mạch Chi Ngân Tiêu Hộ Kiên	Hộ kiên	53	giao dịch được	凝脉之银霄护肩
10445854	Ngưng Mạch Chi Ngân Tiêu Hộ Kiên	Hộ kiên	54	giao dịch được	凝脉之银霄护肩
10445855	Ngưng Mạch Chi Ngân Tiêu Hộ Kiên	Hộ kiên	55	giao dịch được	凝脉之银霄护肩
10445856	Ngưng Mạch Chi Ngân Tiêu Hộ Kiên	Hộ kiên	56	giao dịch được	凝脉之银霄护肩
10445857	Ngưng Mạch Chi Ngân Tiêu Hộ Kiên	Hộ kiên	57	giao dịch được	凝脉之银霄护肩
10445858	Ngưng Mạch Chi Ngân Tiêu Hộ Kiên	Hộ kiên	58	giao dịch được	凝脉之银霄护肩
10445859	Ngưng Mạch Chi Ngân Tiêu Hộ Kiên	Hộ kiên	59	giao dịch được	凝脉之银霄护肩
10445860	Ngưng Mạch Chi Ngân Tiêu Hộ Kiên	Hộ kiên	60	giao dịch được	凝脉之银霄护肩
10445861	Ngưng Mạch Chi Quỷ Vụ Hộ Kiên	Hộ kiên	61	giao dịch được	凝脉之鬼雾护肩
10445862	Ngưng Mạch Chi Quỷ Vụ Hộ Kiên	Hộ kiên	62	giao dịch được	凝脉之鬼雾护肩
10445863	Ngưng Mạch Chi Quỷ Vụ Hộ Kiên	Hộ kiên	63	giao dịch được	凝脉之鬼雾护肩
10445864	Ngưng Mạch Chi Quỷ Vụ Hộ Kiên	Hộ kiên	64	giao dịch được	凝脉之鬼雾护肩
10445865	Ngưng Mạch Chi Quỷ Vụ Hộ Kiên	Hộ kiên	65	giao dịch được	凝脉之鬼雾护肩
10445866	Ngưng Mạch Chi Quỷ Vụ Hộ Kiên	Hộ kiên	66	giao dịch được	凝脉之鬼雾护肩
10445867	Ngưng Mạch Chi Quỷ Vụ Hộ Kiên	Hộ kiên	67	giao dịch được	凝脉之鬼雾护肩
10445868	Ngưng Mạch Chi Quỷ Vụ Hộ Kiên	Hộ kiên	68	giao dịch được	凝脉之鬼雾护肩
10445869	Ngưng Mạch Chi Quỷ Vụ Hộ Kiên	Hộ kiên	69	giao dịch được	凝脉之鬼雾护肩
10445870	Ngưng Mạch Chi Quỷ Vụ Hộ Kiên	Hộ kiên	70	giao dịch được	凝脉之鬼雾护肩
10445871	Ngưng Mạch Chi Luyện Loan Thánh Kiên	Hộ kiên	71	giao dịch được	凝脉之炼鸾圣肩
10445872	Ngưng Mạch Chi Luyện Loan Thánh Kiên	Hộ kiên	72	giao dịch được	凝脉之炼鸾圣肩
10445873	Ngưng Mạch Chi Luyện Loan Thánh Kiên	Hộ kiên	73	giao dịch được	凝脉之炼鸾圣肩
10445874	Ngưng Mạch Chi Luyện Loan Thánh Kiên	Hộ kiên	74	giao dịch được	凝脉之炼鸾圣肩
10445875	Ngưng Mạch Chi Luyện Loan Thánh Kiên	Hộ kiên	75	giao dịch được	凝脉之炼鸾圣肩
10445876	Ngưng Mạch Chi Luyện Loan Thánh Kiên	Hộ kiên	76	giao dịch được	凝脉之炼鸾圣肩
10445877	Ngưng Mạch Chi Luyện Loan Thánh Kiên	Hộ kiên	77	giao dịch được	凝脉之炼鸾圣肩
10445878	Ngưng Mạch Chi Luyện Loan Thánh Kiên	Hộ kiên	78	giao dịch được	凝脉之炼鸾圣肩
10445879	Ngưng Mạch Chi Luyện Loan Thánh Kiên	Hộ kiên	79	giao dịch được	凝脉之炼鸾圣肩
10445880	Ngưng Mạch Chi Luyện Loan Thánh Kiên	Hộ kiên	80	giao dịch được	凝脉之炼鸾圣肩
10445881	Ngưng Mạch Chi Mị Giao Thánh Kiên	Hộ kiên	81	giao dịch được	凝脉之魅蛟圣肩
10445882	Ngưng Mạch Chi Mị Giao Thánh Kiên	Hộ kiên	82	giao dịch được	凝脉之魅蛟圣肩
10445883	Ngưng Mạch Chi Mị Giao Thánh Kiên	Hộ kiên	83	giao dịch được	凝脉之魅蛟圣肩
10445884	Ngưng Mạch Chi Mị Giao Thánh Kiên	Hộ kiên	84	giao dịch được	凝脉之魅蛟圣肩
10445885	Ngưng Mạch Chi Mị Giao Thánh Kiên	Hộ kiên	85	giao dịch được	凝脉之魅蛟圣肩
10445886	Ngưng Mạch Chi Mị Giao Thánh Kiên	Hộ kiên	86	giao dịch được	凝脉之魅蛟圣肩
10445887	Ngưng Mạch Chi Mị Giao Thánh Kiên	Hộ kiên	87	giao dịch được	凝脉之魅蛟圣肩
10445888	Ngưng Mạch Chi Mị Giao Thánh Kiên	Hộ kiên	88	giao dịch được	凝脉之魅蛟圣肩
10445889	Ngưng Mạch Chi Mị Giao Thánh Kiên	Hộ kiên	89	giao dịch được	凝脉之魅蛟圣肩
10445890	Ngưng Mạch Chi Mị Giao Thánh Kiên	Hộ kiên	90	giao dịch được	凝脉之魅蛟圣肩
10445891	Ngưng Mạch Chi Toan Nghê Thánh Kiên	Hộ kiên	91	giao dịch được	凝脉之狻猊圣肩
10445892	Ngưng Mạch Chi Toan Nghê Thánh Kiên	Hộ kiên	92	giao dịch được	凝脉之狻猊圣肩
10445893	Ngưng Mạch Chi Toan Nghê Thánh Kiên	Hộ kiên	93	giao dịch được	凝脉之狻猊圣肩
10445894	Ngưng Mạch Chi Toan Nghê Thánh Kiên	Hộ kiên	94	giao dịch được	凝脉之狻猊圣肩
10445895	Ngưng Mạch Chi Toan Nghê Thánh Kiên	Hộ kiên	95	giao dịch được	凝脉之狻猊圣肩
10445896	Ngưng Mạch Chi Toan Nghê Thánh Kiên	Hộ kiên	96	giao dịch được	凝脉之狻猊圣肩
10445897	Ngưng Mạch Chi Toan Nghê Thánh Kiên	Hộ kiên	97	giao dịch được	凝脉之狻猊圣肩
10445898	Ngưng Mạch Chi Toan Nghê Thánh Kiên	Hộ kiên	98	giao dịch được	凝脉之狻猊圣肩
10445899	Ngưng Mạch Chi Toan Nghê Thánh Kiên	Hộ kiên	99	giao dịch được	凝脉之狻猊圣肩
10445900	Ngưng Mạch Chi Toan Nghê Thánh Kiên	Hộ kiên	100	giao dịch được	凝脉之狻猊圣肩
10450001	Đạt Ma Chi Tuý Hoa Ấm	Dây chuyền	7	giao dịch được	达摩之醉花荫
10450002	Đạt Ma Chi Thanh Ngọc Kết	Dây chuyền	17	giao dịch được	达摩之青玉结
10450003	Đạt Ma Chi Sơ Ảnh Liên	Dây chuyền	27	giao dịch được	达摩之疏影链
10450004	Đạt Ma Chi Ngọc Lâu Xuân	Dây chuyền	37	giao dịch được	达摩之玉楼春
10450005	Đạt Ma Chi Ám Hương Liên	Dây chuyền	47	giao dịch được	达摩之暗香链
10450006	Đạt Ma Chi Tây Giang Nguyệt	Dây chuyền	57	giao dịch được	达摩之西江月
10450007	Đạt Ma Chi Thuỷ Mạn Thanh	Dây chuyền	67	giao dịch được	达摩之水漫声
10450008	Đạt Ma Chi Thái Kim Linh	Dây chuyền	77	giao dịch được	达摩之彩金铃
10450009	Đạt Ma Chi Bế Phách	Dây chuyền	87	giao dịch được	达摩之闭魄
10450010	Đạt Ma Chi Điệp Tàn	Dây chuyền	97	giao dịch được	达摩之蝶残
10450011	Thánh Hoả Chi Tuý Hoa Ấm	Dây chuyền	7	giao dịch được	圣火之醉花荫
10450012	Thánh Hoả Chi Thanh Ngọc Kết	Dây chuyền	17	giao dịch được	圣火之青玉结
10450013	Thánh Hoả Chi Sơ Ảnh Liên	Dây chuyền	27	giao dịch được	圣火之疏影链
10450014	Thánh Hoả Chi Ngọc Lâu Xuân	Dây chuyền	37	giao dịch được	圣火之玉楼春
10450015	Thánh Hoả Chi Ám Hương Liên	Dây chuyền	47	giao dịch được	圣火之暗香链
10450016	Thánh Hoả Chi Tây Giang Nguyệt	Dây chuyền	57	giao dịch được	圣火之西江月
10450017	Thánh Hoả Chi Thuỷ Mạn Thanh	Dây chuyền	67	giao dịch được	圣火之水漫声
10450018	Thánh Hoả Chi Thái Kim Linh	Dây chuyền	77	giao dịch được	圣火之彩金铃
10450019	Thánh Hoả Chi Bế Phách	Dây chuyền	87	giao dịch được	圣火之闭魄
10450020	Thánh Hoả Chi Điệp Tàn	Dây chuyền	97	giao dịch được	圣火之蝶残
10450021	Giáng Long Chi Tuý Hoa Ấm	Dây chuyền	7	giao dịch được	降龙之醉花荫
10450022	Giáng Long Chi Thanh Ngọc Kết	Dây chuyền	17	giao dịch được	降龙之青玉结
10450023	Giáng Long Chi Sơ Ảnh Liên	Dây chuyền	27	giao dịch được	降龙之疏影链
10450024	Giáng Long Chi Ngọc Lâu Xuân	Dây chuyền	37	giao dịch được	降龙之玉楼春
10450025	Giáng Long Chi Ám Hương Liên	Dây chuyền	47	giao dịch được	降龙之暗香链
10450026	Giáng Long Chi Tây Giang Nguyệt	Dây chuyền	57	giao dịch được	降龙之西江月
10450027	Giáng Long Chi Thuỷ Mạn Thanh	Dây chuyền	67	giao dịch được	降龙之水漫声
10450028	Giáng Long Chi Thái Kim Linh	Dây chuyền	77	giao dịch được	降龙之彩金铃
10450029	Giáng Long Chi Bế Phách	Dây chuyền	87	giao dịch được	降龙之闭魄
10450030	Giáng Long Chi Điệp Tàn	Dây chuyền	97	giao dịch được	降龙之蝶残
10450031	Ngọc Nữ Chi Tuý Hoa Ấm	Dây chuyền	7	giao dịch được	玉女之醉花荫
10450032	Ngọc Nữ Chi Thanh Ngọc Kết	Dây chuyền	17	giao dịch được	玉女之青玉结
10450033	Ngọc Nữ Chi Sơ Ảnh Liên	Dây chuyền	27	giao dịch được	玉女之疏影链
10450034	Ngọc Nữ Chi Ngọc Lâu Xuân	Dây chuyền	37	giao dịch được	玉女之玉楼春
10450035	Ngọc Nữ Chi Ám Hương Liên	Dây chuyền	47	giao dịch được	玉女之暗香链
10450036	Ngọc Nữ Chi Tây Giang Nguyệt	Dây chuyền	57	giao dịch được	玉女之西江月
10450037	Ngọc Nữ Chi Thuỷ Mạn Thanh	Dây chuyền	67	giao dịch được	玉女之水漫声
10450038	Ngọc Nữ Chi Thái Kim Linh	Dây chuyền	77	giao dịch được	玉女之彩金铃
10450039	Ngọc Nữ Chi Bế Phách	Dây chuyền	87	giao dịch được	玉女之闭魄
10450040	Ngọc Nữ Chi Điệp Tàn	Dây chuyền	97	giao dịch được	玉女之蝶残
10450041	Vô Cực Chi Tuý Hoa Ấm	Dây chuyền	7	giao dịch được	无极之醉花荫
10450042	Vô Cực Chi Thanh Ngọc Kết	Dây chuyền	17	giao dịch được	无极之青玉结
10450043	Vô Cực Chi Sơ Ảnh Liên	Dây chuyền	27	giao dịch được	无极之疏影链
10450044	Vô Cực Chi Ngọc Lâu Xuân	Dây chuyền	37	giao dịch được	无极之玉楼春
10450045	Vô Cực Chi Ám Hương Liên	Dây chuyền	47	giao dịch được	无极之暗香链
10450046	Vô Cực Chi Tây Giang Nguyệt	Dây chuyền	57	giao dịch được	无极之西江月
10450047	Vô Cực Chi Thuỷ Mạn Thanh	Dây chuyền	67	giao dịch được	无极之水漫声
10450048	Vô Cực Chi Thái Kim Linh	Dây chuyền	77	giao dịch được	无极之彩金铃
10450049	Vô Cực Chi Bế Phách	Dây chuyền	87	giao dịch được	无极之闭魄
10450050	Vô Cực Chi Điệp Tàn	Dây chuyền	97	giao dịch được	无极之蝶残
10450051	Hoang Độc Chi Tuý Hoa Ấm	Dây chuyền	7	giao dịch được	荒毒之醉花荫
10450052	Hoang Độc Chi Thanh Ngọc Kết	Dây chuyền	17	giao dịch được	荒毒之青玉结
10450053	Hoang Độc Chi Sơ Ảnh Liên	Dây chuyền	27	giao dịch được	荒毒之疏影链
10450054	Hoang Độc Chi Ngọc Lâu Xuân	Dây chuyền	37	giao dịch được	荒毒之玉楼春
10450055	Hoang Độc Chi Ám Hương Liên	Dây chuyền	47	giao dịch được	荒毒之暗香链
10450056	Hoang Độc Chi Tây Giang Nguyệt	Dây chuyền	57	giao dịch được	荒毒之西江月
10450057	Hoang Độc Chi Thuỷ Mạn Thanh	Dây chuyền	67	giao dịch được	荒毒之水漫声
10450058	Hoang Độc Chi Thái Kim Linh	Dây chuyền	77	giao dịch được	荒毒之彩金铃
10450059	Hoang Độc Chi Bế Phách	Dây chuyền	87	giao dịch được	荒毒之闭魄
10450060	Hoang Độc Chi Điệp Tàn	Dây chuyền	97	giao dịch được	荒毒之蝶残
10450061	Vô Tướng Chi Tuý Hoa Ấm	Dây chuyền	7	giao dịch được	无相之醉花荫
10450062	Vô Tướng Chi Thanh Ngọc Kết	Dây chuyền	17	giao dịch được	无相之青玉结
10450063	Vô Tướng Chi Sơ Ảnh Liên	Dây chuyền	27	giao dịch được	无相之疏影链
10450064	Vô Tướng Chi Ngọc Lâu Xuân	Dây chuyền	37	giao dịch được	无相之玉楼春
10450065	Vô Tướng Chi Ám Hương Liên	Dây chuyền	47	giao dịch được	无相之暗香链
10450066	Vô Tướng Chi Tây Giang Nguyệt	Dây chuyền	57	giao dịch được	无相之西江月
10450067	Vô Tướng Chi Thuỷ Mạn Thanh	Dây chuyền	67	giao dịch được	无相之水漫声
10450068	Vô Tướng Chi Thái Kim Linh	Dây chuyền	77	giao dịch được	无相之彩金铃
10450069	Vô Tướng Chi Bế Phách	Dây chuyền	87	giao dịch được	无相之闭魄
10450070	Vô Tướng Chi Điệp Tàn	Dây chuyền	97	giao dịch được	无相之蝶残
10450071	Bắc Minh Chi Tuý Hoa Ấm	Dây chuyền	7	giao dịch được	北冥之醉花荫
10450072	Bắc Minh Chi Thanh Ngọc Kết	Dây chuyền	17	giao dịch được	北冥之青玉结
10450073	Bắc Minh Chi Sơ Ảnh Liên	Dây chuyền	27	giao dịch được	北冥之疏影链
10450074	Bắc Minh Chi Ngọc Lâu Xuân	Dây chuyền	37	giao dịch được	北冥之玉楼春
10450075	Bắc Minh Chi Ám Hương Liên	Dây chuyền	47	giao dịch được	北冥之暗香链
10450076	Bắc Minh Chi Tây Giang Nguyệt	Dây chuyền	57	giao dịch được	北冥之西江月
10450077	Bắc Minh Chi Thuỷ Mạn Thanh	Dây chuyền	67	giao dịch được	北冥之水漫声
10450078	Bắc Minh Chi Thái Kim Linh	Dây chuyền	77	giao dịch được	北冥之彩金铃
10450079	Bắc Minh Chi Bế Phách	Dây chuyền	87	giao dịch được	北冥之闭魄
10450080	Bắc Minh Chi Điệp Tàn	Dây chuyền	97	giao dịch được	北冥之蝶残
10450081	Ngưng Mạch Chi Tuý Hoa Ấm	Dây chuyền	7	giao dịch được	凝脉之醉花荫
10450082	Ngưng Mạch Chi Thanh Ngọc Kết	Dây chuyền	17	giao dịch được	凝脉之青玉结
10450083	Ngưng Mạch Chi Sơ Ảnh Liên	Dây chuyền	27	giao dịch được	凝脉之疏影链
10450084	Ngưng Mạch Chi Ngọc Lâu Xuân	Dây chuyền	37	giao dịch được	凝脉之玉楼春
10450085	Ngưng Mạch Chi Ám Hương Liên	Dây chuyền	47	giao dịch được	凝脉之暗香链
10450086	Ngưng Mạch Chi Tây Giang Nguyệt	Dây chuyền	57	giao dịch được	凝脉之西江月
10450087	Ngưng Mạch Chi Thuỷ Mạn Thanh	Dây chuyền	67	giao dịch được	凝脉之水漫声
10450088	Ngưng Mạch Chi Thái Kim Linh	Dây chuyền	77	giao dịch được	凝脉之彩金铃
10450089	Ngưng Mạch Chi Bế Phách	Dây chuyền	87	giao dịch được	凝脉之闭魄
10450090	Ngưng Mạch Chi Điệp Tàn	Dây chuyền	97	giao dịch được	凝脉之蝶残
10450091	(chưa dùng)	Dây chuyền	67	giao dịch được	未使用
10450092	(chưa dùng)	Dây chuyền	68	giao dịch được	未使用
10450093	(chưa dùng)	Dây chuyền	69	giao dịch được	未使用
10450094	(chưa dùng)	Dây chuyền	67	giao dịch được	未使用
10450095	(chưa dùng)	Dây chuyền	68	giao dịch được	未使用
10450096	(chưa dùng)	Dây chuyền	69	giao dịch được	未使用
10450097	(chưa dùng)	Dây chuyền	77	giao dịch được	未使用
10450098	(chưa dùng)	Dây chuyền	78	giao dịch được	未使用
10450099	(chưa dùng)	Dây chuyền	79	giao dịch được	未使用
10450100	(chưa dùng)	Dây chuyền	77	giao dịch được	未使用
10450101	(chưa dùng)	Dây chuyền	78	giao dịch được	未使用
10450102	(chưa dùng)	Dây chuyền	79	giao dịch được	未使用
10450103	(chưa dùng)	Dây chuyền	77	giao dịch được	未使用
10450104	(chưa dùng)	Dây chuyền	78	giao dịch được	未使用
10450105	(chưa dùng)	Dây chuyền	79	giao dịch được	未使用
10450106	(chưa dùng)	Dây chuyền	77	giao dịch được	未使用
10450107	(chưa dùng)	Dây chuyền	78	giao dịch được	未使用
10450108	(chưa dùng)	Dây chuyền	79	giao dịch được	未使用
10450109	(chưa dùng)	Dây chuyền	77	giao dịch được	未使用
10450110	(chưa dùng)	Dây chuyền	78	giao dịch được	未使用
10450111	(chưa dùng)	Dây chuyền	79	giao dịch được	未使用
10450112	(chưa dùng)	Dây chuyền	77	giao dịch được	未使用
10450113	(chưa dùng)	Dây chuyền	78	giao dịch được	未使用
10450114	(chưa dùng)	Dây chuyền	79	giao dịch được	未使用
10450115	(chưa dùng)	Dây chuyền	77	giao dịch được	未使用
10450116	(chưa dùng)	Dây chuyền	78	giao dịch được	未使用
10450117	(chưa dùng)	Dây chuyền	79	giao dịch được	未使用
10450118	(chưa dùng)	Dây chuyền	77	giao dịch được	未使用
10450119	(chưa dùng)	Dây chuyền	78	giao dịch được	未使用
10450120	(chưa dùng)	Dây chuyền	79	giao dịch được	未使用
10450121	(chưa dùng)	Dây chuyền	87	giao dịch được	未使用
10450122	(chưa dùng)	Dây chuyền	88	giao dịch được	未使用
10450123	(chưa dùng)	Dây chuyền	89	giao dịch được	未使用
10450124	(chưa dùng)	Dây chuyền	87	giao dịch được	未使用
10450125	(chưa dùng)	Dây chuyền	88	giao dịch được	未使用
10450126	(chưa dùng)	Dây chuyền	89	giao dịch được	未使用
10450127	(chưa dùng)	Dây chuyền	87	giao dịch được	未使用
10450128	(chưa dùng)	Dây chuyền	88	giao dịch được	未使用
10450129	(chưa dùng)	Dây chuyền	89	giao dịch được	未使用
10450130	(chưa dùng)	Dây chuyền	87	giao dịch được	未使用
10450131	(chưa dùng)	Dây chuyền	88	giao dịch được	未使用
10450132	(chưa dùng)	Dây chuyền	89	giao dịch được	未使用
10450133	(chưa dùng)	Dây chuyền	87	giao dịch được	未使用
10450134	(chưa dùng)	Dây chuyền	88	giao dịch được	未使用
10450135	(chưa dùng)	Dây chuyền	89	giao dịch được	未使用
10450136	(chưa dùng)	Dây chuyền	87	giao dịch được	未使用
10450137	(chưa dùng)	Dây chuyền	88	giao dịch được	未使用
10450138	(chưa dùng)	Dây chuyền	89	giao dịch được	未使用
10450139	(chưa dùng)	Dây chuyền	87	giao dịch được	未使用
10450140	(chưa dùng)	Dây chuyền	88	giao dịch được	未使用
10450141	(chưa dùng)	Dây chuyền	89	giao dịch được	未使用
10450142	(chưa dùng)	Dây chuyền	87	giao dịch được	未使用
10450143	(chưa dùng)	Dây chuyền	88	giao dịch được	未使用
10450144	(chưa dùng)	Dây chuyền	89	giao dịch được	未使用
10450145	(chưa dùng)	Dây chuyền	97	giao dịch được	未使用
10450146	(chưa dùng)	Dây chuyền	98	giao dịch được	未使用
10450147	(chưa dùng)	Dây chuyền	99	giao dịch được	未使用
10450148	(chưa dùng)	Dây chuyền	97	giao dịch được	未使用
10450149	(chưa dùng)	Dây chuyền	98	giao dịch được	未使用
10450150	(chưa dùng)	Dây chuyền	99	giao dịch được	未使用
10450151	(chưa dùng)	Dây chuyền	97	giao dịch được	未使用
10450152	(chưa dùng)	Dây chuyền	98	giao dịch được	未使用
10450153	(chưa dùng)	Dây chuyền	99	giao dịch được	未使用
10450154	(chưa dùng)	Dây chuyền	97	giao dịch được	未使用
10450155	(chưa dùng)	Dây chuyền	98	giao dịch được	未使用
10450156	(chưa dùng)	Dây chuyền	99	giao dịch được	未使用
10450157	(chưa dùng)	Dây chuyền	97	giao dịch được	未使用
10450158	(chưa dùng)	Dây chuyền	98	giao dịch được	未使用
10450159	(chưa dùng)	Dây chuyền	99	giao dịch được	未使用
10450160	(chưa dùng)	Dây chuyền	97	giao dịch được	未使用
10450161	(chưa dùng)	Dây chuyền	98	giao dịch được	未使用
10450162	(chưa dùng)	Dây chuyền	99	giao dịch được	未使用
10450163	(chưa dùng)	Dây chuyền	97	giao dịch được	未使用
10450164	(chưa dùng)	Dây chuyền	98	giao dịch được	未使用
10450165	(chưa dùng)	Dây chuyền	99	giao dịch được	未使用
10450166	(chưa dùng)	Dây chuyền	97	giao dịch được	未使用
10450167	(chưa dùng)	Dây chuyền	98	giao dịch được	未使用
10450168	(chưa dùng)	Dây chuyền	99	giao dịch được	未使用
10451001	Đạt Ma Chi Ngân Toả Yêu Đới	Đai lưng	8	giao dịch được	达摩之银锁腰带
10451002	Đạt Ma Chi Nguyệt Thiết Yêu Hoàn	Đai lưng	18	giao dịch được	达摩之月铁腰环
10451003	Đạt Ma Chi Huyền Thiết Yêu Đới	Đai lưng	28	giao dịch được	达摩之玄铁腰带
10451004	Đạt Ma Chi Phong Tiêu Hoàn Đới	Đai lưng	38	giao dịch được	达摩之封霄环带
10451005	Đạt Ma Chi Diệt Hàn Yêu Hoàn	Đai lưng	48	giao dịch được	达摩之灭寒腰环
10451006	Đạt Ma Chi Nghịch Hoả Yêu Đới	Đai lưng	58	giao dịch được	达摩之逆火腰带
10451007	Đạt Ma Chi Thệ Trần Yêu Đới	Đai lưng	68	giao dịch được	达摩之誓尘腰带
10451008	Đạt Ma Chi Diệt Phách Yêu Đới	Đai lưng	78	giao dịch được	达摩之灭魄腰带
10451009	Đạt Ma Chi Toái Hồn	Đai lưng	88	giao dịch được	达摩之碎魂
10451010	Đạt Ma Chi Trập Long	Đai lưng	98	giao dịch được	达摩之蛰龙
10451011	Thánh Hoả Chi Ngân Toả Yêu Đới	Đai lưng	8	giao dịch được	圣火之银锁腰带
10451012	Thánh Hoả Chi Nguyệt Thiết Yêu Hoàn	Đai lưng	18	giao dịch được	圣火之月铁腰环
10451013	Thánh Hoả Chi Huyền Thiết Yêu Đới	Đai lưng	28	giao dịch được	圣火之玄铁腰带
10451014	Thánh Hoả Chi Phong Tiêu Hoàn Đới	Đai lưng	38	giao dịch được	圣火之封霄环带
10451015	Thánh Hoả Chi Diệt Hàn Yêu Hoàn	Đai lưng	48	giao dịch được	圣火之灭寒腰环
10451016	Thánh Hoả Chi Nghịch Hoả Yêu Đới	Đai lưng	58	giao dịch được	圣火之逆火腰带
10451017	Thánh Hoả Chi Thệ Trần Yêu Đới	Đai lưng	68	giao dịch được	圣火之誓尘腰带
10451018	Thánh Hoả Chi Diệt Phách Yêu Đới	Đai lưng	78	giao dịch được	圣火之灭魄腰带
10451019	Thánh Hoả Chi Toái Hồn	Đai lưng	88	giao dịch được	圣火之碎魂
10451020	Thánh Hoả Chi Trập Long	Đai lưng	98	giao dịch được	圣火之蛰龙
10451021	Giáng Long Chi Ngân Toả Yêu Đới	Đai lưng	8	giao dịch được	降龙之银锁腰带
10451022	Giáng Long Chi Nguyệt Thiết Yêu Hoàn	Đai lưng	18	giao dịch được	降龙之月铁腰环
10451023	Giáng Long Chi Huyền Thiết Yêu Đới	Đai lưng	28	giao dịch được	降龙之玄铁腰带
10451024	Giáng Long Chi Phong Tiêu Hoàn Đới	Đai lưng	38	giao dịch được	降龙之封霄环带
10451025	Giáng Long Chi Diệt Hàn Yêu Hoàn	Đai lưng	48	giao dịch được	降龙之灭寒腰环
10451026	Giáng Long Chi Nghịch Hoả Yêu Đới	Đai lưng	58	giao dịch được	降龙之逆火腰带
10451027	Giáng Long Chi Thệ Trần Yêu Đới	Đai lưng	68	giao dịch được	降龙之誓尘腰带
10451028	Giáng Long Chi Diệt Phách Yêu Đới	Đai lưng	78	giao dịch được	降龙之灭魄腰带
10451029	Giáng Long Chi Toái Hồn	Đai lưng	88	giao dịch được	降龙之碎魂
10451030	Giáng Long Chi Trập Long	Đai lưng	98	giao dịch được	降龙之蛰龙
10451031	Ngọc Nữ Chi Mai Phương Yêu Đới	Đai lưng	8	giao dịch được	玉女之梅芳腰带
10451032	Ngọc Nữ Chi Chiêu Tài Yêu Đới	Đai lưng	18	giao dịch được	玉女之招财腰带
10451033	Ngọc Nữ Chi U Thận Yêu Đới	Đai lưng	28	giao dịch được	玉女之幽蜃腰带
10451034	Ngọc Nữ Chi Vu Sơn Cô Hoàn	Đai lưng	38	giao dịch được	玉女之巫山箍环
10451035	Ngọc Nữ Chi Bạo Thiểm Hoàn Đới	Đai lưng	48	giao dịch được	玉女之暴闪环带
10451036	Ngọc Nữ Chi Thi Ải Cô Hoàn	Đai lưng	58	giao dịch được	玉女之诗霭箍环
10451037	Ngọc Nữ Chi Kim Hà Đới	Đai lưng	68	giao dịch được	玉女之金霞带
10451038	Ngọc Nữ Chi Cửu Cung Yêu Hoàn	Đai lưng	78	giao dịch được	玉女之九宫腰环
10451039	Ngọc Nữ Chi Truy Nhật	Đai lưng	88	giao dịch được	玉女之追日
10451040	Ngọc Nữ Chi Trấn Thế	Đai lưng	98	giao dịch được	玉女之镇世
10451041	Vô Cực Chi Mai Phương Yêu Đới	Đai lưng	8	giao dịch được	无极之梅芳腰带
10451042	Vô Cực Chi Chiêu Tài Yêu Đới	Đai lưng	18	giao dịch được	无极之招财腰带
10451043	Vô Cực Chi U Thận Yêu Đới	Đai lưng	28	giao dịch được	无极之幽蜃腰带
10451044	Vô Cực Chi Vu Sơn Cô Hoàn	Đai lưng	38	giao dịch được	无极之巫山箍环
10451045	Vô Cực Chi Bạo Thiểm Hoàn Đới	Đai lưng	48	giao dịch được	无极之暴闪环带
10451046	Vô Cực Chi Thi Ải Cô Hoàn	Đai lưng	58	giao dịch được	无极之诗霭箍环
10451047	Vô Cực Chi Kim Hà Đới	Đai lưng	68	giao dịch được	无极之金霞带
10451048	Vô Cực Chi Cửu Cung Yêu Hoàn	Đai lưng	78	giao dịch được	无极之九宫腰环
10451049	Vô Cực Chi Truy Nhật	Đai lưng	88	giao dịch được	无极之追日
10451050	Vô Cực Chi Trấn Thế	Đai lưng	98	giao dịch được	无极之镇世
10451051	Hoang Độc Chi Mai Phương Yêu Đới	Đai lưng	8	giao dịch được	荒毒之梅芳腰带
10451052	Hoang Độc Chi Chiêu Tài Yêu Đới	Đai lưng	18	giao dịch được	荒毒之招财腰带
10451053	Hoang Độc Chi U Thận Yêu Đới	Đai lưng	28	giao dịch được	荒毒之幽蜃腰带
10451054	Hoang Độc Chi Vu Sơn Cô Hoàn	Đai lưng	38	giao dịch được	荒毒之巫山箍环
10451055	Hoang Độc Chi Bạo Thiểm Hoàn Đới	Đai lưng	48	giao dịch được	荒毒之暴闪环带
10451056	Hoang Độc Chi Thi Ải Cô Hoàn	Đai lưng	58	giao dịch được	荒毒之诗霭箍环
10451057	Hoang Độc Chi Kim Hà Đới	Đai lưng	68	giao dịch được	荒毒之金霞带
10451058	Hoang Độc Chi Cửu Cung Yêu Hoàn	Đai lưng	78	giao dịch được	荒毒之九宫腰环
10451059	Hoang Độc Chi Truy Nhật	Đai lưng	88	giao dịch được	荒毒之追日
10451060	Hoang Độc Chi Trấn Thế	Đai lưng	98	giao dịch được	荒毒之镇世
10451061	Vô Tướng Chi Tích Bì Yêu Đới	Đai lưng	8	giao dịch được	无相之蜥皮腰带
10451062	Vô Tướng Chi Ngân Bì Yêu Hoàn	Đai lưng	18	giao dịch được	无相之银皮腰环
10451063	Vô Tướng Chi Bì Lân Yêu Đới	Đai lưng	28	giao dịch được	无相之皮麟腰带
10451064	Vô Tướng Chi Dao Tiên Yêu Hoàn	Đai lưng	38	giao dịch được	无相之瑶仙腰环
10451065	Vô Tướng Chi Thiều Hoa Yêu Hoàn	Đai lưng	48	giao dịch được	无相之韶华腰环
10451066	Vô Tướng Chi Ngân Tiêu Bì Đới	Đai lưng	58	giao dịch được	无相之银霄皮带
10451067	Vô Tướng Chi Quỷ Vụ Yêu Hoàn	Đai lưng	68	giao dịch được	无相之鬼雾腰环
10451068	Vô Tướng Chi Luyện Loan Yêu Đới	Đai lưng	78	giao dịch được	无相之炼鸾腰带
10451069	Vô Tướng Chi Mị Giao	Đai lưng	88	giao dịch được	无相之魅蛟
10451070	Vô Tướng Chi Toan Nghê	Đai lưng	98	giao dịch được	无相之狻猊
10451071	Bắc Minh Chi Tích Bì Yêu Đới	Đai lưng	8	giao dịch được	北冥之蜥皮腰带
10451072	Bắc Minh Chi Ngân Bì Yêu Hoàn	Đai lưng	18	giao dịch được	北冥之银皮腰环
10451073	Bắc Minh Chi Bì Lân Yêu Đới	Đai lưng	28	giao dịch được	北冥之皮麟腰带
10451074	Bắc Minh Chi Dao Tiên Yêu Hoàn	Đai lưng	38	giao dịch được	北冥之瑶仙腰环
10451075	Bắc Minh Chi Thiều Hoa Yêu Hoàn	Đai lưng	48	giao dịch được	北冥之韶华腰环
10451076	Bắc Minh Chi Ngân Tiêu Bì Đới	Đai lưng	58	giao dịch được	北冥之银霄皮带
10451077	Bắc Minh Chi Quỷ Vụ Yêu Hoàn	Đai lưng	68	giao dịch được	北冥之鬼雾腰环
10451078	Bắc Minh Chi Luyện Loan Yêu Đới	Đai lưng	78	giao dịch được	北冥之炼鸾腰带
10451079	Bắc Minh Chi Mị Giao	Đai lưng	88	giao dịch được	北冥之魅蛟
10451080	Bắc Minh Chi Toan Nghê	Đai lưng	98	giao dịch được	北冥之狻猊
10451081	Ngưng Mạch Chi Tích Bì Yêu Đới	Đai lưng	8	giao dịch được	凝脉之蜥皮腰带
10451082	Ngưng Mạch Chi Ngân Bì Yêu Hoàn	Đai lưng	18	giao dịch được	凝脉之银皮腰环
10451083	Ngưng Mạch Chi Bì Lân Yêu Đới	Đai lưng	28	giao dịch được	凝脉之皮麟腰带
10451084	Ngưng Mạch Chi Dao Tiên Yêu Hoàn	Đai lưng	38	giao dịch được	凝脉之瑶仙腰环
10451085	Ngưng Mạch Chi Thiều Hoa Yêu Hoàn	Đai lưng	48	giao dịch được	凝脉之韶华腰环
10451086	Ngưng Mạch Chi Ngân Tiêu Bì Đới	Đai lưng	58	giao dịch được	凝脉之银霄皮带
10451087	Ngưng Mạch Chi Quỷ Vụ Yêu Hoàn	Đai lưng	68	giao dịch được	凝脉之鬼雾腰环
10451088	Ngưng Mạch Chi Luyện Loan Yêu Đới	Đai lưng	78	giao dịch được	凝脉之炼鸾腰带
10451089	Ngưng Mạch Chi Mị Giao	Đai lưng	88	giao dịch được	凝脉之魅蛟
10451090	Ngưng Mạch Chi Toan Nghê	Đai lưng	98	giao dịch được	凝脉之狻猊
10451091	(chưa dùng)	Đai lưng	61	giao dịch được	未使用
10451092	(chưa dùng)	Đai lưng	62	giao dịch được	未使用
10451093	(chưa dùng)	Đai lưng	63	giao dịch được	未使用
10451094	(chưa dùng)	Đai lưng	61	giao dịch được	未使用
10451095	(chưa dùng)	Đai lưng	62	giao dịch được	未使用
10451096	(chưa dùng)	Đai lưng	63	giao dịch được	未使用
10451097	(chưa dùng)	Đai lưng	71	giao dịch được	未使用
10451098	(chưa dùng)	Đai lưng	72	giao dịch được	未使用
10451099	(chưa dùng)	Đai lưng	73	giao dịch được	未使用
10451100	(chưa dùng)	Đai lưng	71	giao dịch được	未使用
10451101	(chưa dùng)	Đai lưng	72	giao dịch được	未使用
10451102	(chưa dùng)	Đai lưng	73	giao dịch được	未使用
10451103	(chưa dùng)	Đai lưng	71	giao dịch được	未使用
10451104	(chưa dùng)	Đai lưng	72	giao dịch được	未使用
10451105	(chưa dùng)	Đai lưng	73	giao dịch được	未使用
10451106	(chưa dùng)	Đai lưng	71	giao dịch được	未使用
10451107	(chưa dùng)	Đai lưng	72	giao dịch được	未使用
10451108	(chưa dùng)	Đai lưng	73	giao dịch được	未使用
10451109	(chưa dùng)	Đai lưng	71	giao dịch được	未使用
10451110	(chưa dùng)	Đai lưng	72	giao dịch được	未使用
10451111	(chưa dùng)	Đai lưng	73	giao dịch được	未使用
10451112	(chưa dùng)	Đai lưng	71	giao dịch được	未使用
10451113	(chưa dùng)	Đai lưng	72	giao dịch được	未使用
10451114	(chưa dùng)	Đai lưng	73	giao dịch được	未使用
10451115	(chưa dùng)	Đai lưng	71	giao dịch được	未使用
10451116	(chưa dùng)	Đai lưng	72	giao dịch được	未使用
10451117	(chưa dùng)	Đai lưng	73	giao dịch được	未使用
10451118	(chưa dùng)	Đai lưng	71	giao dịch được	未使用
10451119	(chưa dùng)	Đai lưng	72	giao dịch được	未使用
10451120	(chưa dùng)	Đai lưng	73	giao dịch được	未使用
10451121	(chưa dùng)	Đai lưng	81	giao dịch được	未使用
10451122	(chưa dùng)	Đai lưng	82	giao dịch được	未使用
10451123	(chưa dùng)	Đai lưng	83	giao dịch được	未使用
10451124	(chưa dùng)	Đai lưng	81	giao dịch được	未使用
10451125	(chưa dùng)	Đai lưng	82	giao dịch được	未使用
10451126	(chưa dùng)	Đai lưng	83	giao dịch được	未使用
10451127	(chưa dùng)	Đai lưng	81	giao dịch được	未使用
10451128	(chưa dùng)	Đai lưng	82	giao dịch được	未使用
10451129	(chưa dùng)	Đai lưng	83	giao dịch được	未使用
10451130	(chưa dùng)	Đai lưng	81	giao dịch được	未使用
10451131	(chưa dùng)	Đai lưng	82	giao dịch được	未使用
10451132	(chưa dùng)	Đai lưng	83	giao dịch được	未使用
10451133	(chưa dùng)	Đai lưng	81	giao dịch được	未使用
10451134	(chưa dùng)	Đai lưng	82	giao dịch được	未使用
10451135	(chưa dùng)	Đai lưng	83	giao dịch được	未使用
10451136	(chưa dùng)	Đai lưng	81	giao dịch được	未使用
10451137	(chưa dùng)	Đai lưng	82	giao dịch được	未使用
10451138	(chưa dùng)	Đai lưng	83	giao dịch được	未使用
10451139	(chưa dùng)	Đai lưng	81	giao dịch được	未使用
10451140	(chưa dùng)	Đai lưng	82	giao dịch được	未使用
10451141	(chưa dùng)	Đai lưng	83	giao dịch được	未使用
10451142	(chưa dùng)	Đai lưng	81	giao dịch được	未使用
10451143	(chưa dùng)	Đai lưng	82	giao dịch được	未使用
10451144	(chưa dùng)	Đai lưng	83	giao dịch được	未使用
10451145	(chưa dùng)	Đai lưng	91	giao dịch được	未使用
10451146	(chưa dùng)	Đai lưng	92	giao dịch được	未使用
10451147	(chưa dùng)	Đai lưng	93	giao dịch được	未使用
10451148	(chưa dùng)	Đai lưng	91	giao dịch được	未使用
10451149	(chưa dùng)	Đai lưng	92	giao dịch được	未使用
10451150	(chưa dùng)	Đai lưng	93	giao dịch được	未使用
10451151	(chưa dùng)	Đai lưng	91	giao dịch được	未使用
10451152	(chưa dùng)	Đai lưng	92	giao dịch được	未使用
10451153	(chưa dùng)	Đai lưng	93	giao dịch được	未使用
10451154	(chưa dùng)	Đai lưng	91	giao dịch được	未使用
10451155	(chưa dùng)	Đai lưng	92	giao dịch được	未使用
10451156	(chưa dùng)	Đai lưng	93	giao dịch được	未使用
10451157	(chưa dùng)	Đai lưng	91	giao dịch được	未使用
10451158	(chưa dùng)	Đai lưng	92	giao dịch được	未使用
10451159	(chưa dùng)	Đai lưng	93	giao dịch được	未使用
10451160	(chưa dùng)	Đai lưng	91	giao dịch được	未使用
10451161	(chưa dùng)	Đai lưng	92	giao dịch được	未使用
10451162	(chưa dùng)	Đai lưng	93	giao dịch được	未使用
10451163	(chưa dùng)	Đai lưng	91	giao dịch được	未使用
10451164	(chưa dùng)	Đai lưng	92	giao dịch được	未使用
10451165	(chưa dùng)	Đai lưng	93	giao dịch được	未使用
10451166	(chưa dùng)	Đai lưng	91	giao dịch được	未使用
10451167	(chưa dùng)	Đai lưng	92	giao dịch được	未使用
10451168	(chưa dùng)	Đai lưng	93	giao dịch được	未使用
10452001	Đạt Ma Chi Ti Hoa Giới Chỉ	Nhẫn	9	giao dịch được	达摩之丝花戒指
10452002	Đạt Ma Chi Ám Ngọc Ban Chỉ	Nhẫn	19	giao dịch được	达摩之暗玉扳指
10452003	Đạt Ma Chi Tuyết Tinh Giới Chỉ	Nhẫn	29	giao dịch được	达摩之雪晶戒指
10452004	Đạt Ma Chi Bách Liệt Giới Chỉ	Nhẫn	39	giao dịch được	达摩之百裂戒指
10452005	Đạt Ma Chi Hồng Đậu	Nhẫn	49	giao dịch được	达摩之红豆
10452006	Đạt Ma Chi Tiêu Tương	Nhẫn	59	giao dịch được	达摩之潇湘
10452007	Đạt Ma Chi Liên Ảnh Đoạt Mục	Nhẫn	69	giao dịch được	达摩之连影夺目
10452008	Đạt Ma Chi Thanh Tâm	Nhẫn	79	giao dịch được	达摩之清心
10452009	Đạt Ma Chi Mặc Thánh	Nhẫn	89	giao dịch được	达摩之万圣
10452010	Đạt Ma Chi Tam Thanh	Nhẫn	99	giao dịch được	达摩之三清
10452011	Thánh Hoả Chi Ti Hoa Giới Chỉ	Nhẫn	9	giao dịch được	圣火之丝花戒指
10452012	Thánh Hoả Chi Ám Ngọc Ban Chỉ	Nhẫn	19	giao dịch được	圣火之暗玉扳指
10452013	Thánh Hoả Chi Tuyết Tinh Giới Chỉ	Nhẫn	29	giao dịch được	圣火之雪晶戒指
10452014	Thánh Hoả Chi Bách Liệt Giới Chỉ	Nhẫn	39	giao dịch được	圣火之百裂戒指
10452015	Thánh Hoả Chi Hồng Đậu	Nhẫn	49	giao dịch được	圣火之红豆
10452016	Thánh Hoả Chi Tiêu Tương	Nhẫn	59	giao dịch được	圣火之潇湘
10452017	Thánh Hoả Chi Liên Ảnh Đoạt Mục	Nhẫn	69	giao dịch được	圣火之连影夺目
10452018	Thánh Hoả Chi Thanh Tâm	Nhẫn	79	giao dịch được	圣火之清心
10452019	Thánh Hoả Chi Mặc Thánh	Nhẫn	89	giao dịch được	圣火之万圣
10452020	Thánh Hoả Chi Tam Thanh	Nhẫn	99	giao dịch được	圣火之三清
10452021	Giáng Long Chi Ti Hoa Giới Chỉ	Nhẫn	9	giao dịch được	降龙之丝花戒指
10452022	Giáng Long Chi Ám Ngọc Ban Chỉ	Nhẫn	19	giao dịch được	降龙之暗玉扳指
10452023	Giáng Long Chi Tuyết Tinh Giới Chỉ	Nhẫn	29	giao dịch được	降龙之雪晶戒指
10452024	Giáng Long Chi Bách Liệt Giới Chỉ	Nhẫn	39	giao dịch được	降龙之百裂戒指
10452025	Giáng Long Chi Hồng Đậu	Nhẫn	49	giao dịch được	降龙之红豆
10452026	Giáng Long Chi Tiêu Tương	Nhẫn	59	giao dịch được	降龙之潇湘
10452027	Giáng Long Chi Liên Ảnh Đoạt Mục	Nhẫn	69	giao dịch được	降龙之连影夺目
10452028	Giáng Long Chi Thanh Tâm	Nhẫn	79	giao dịch được	降龙之清心
10452029	Giáng Long Chi Mặc Thánh	Nhẫn	89	giao dịch được	降龙之万圣
10452030	Giáng Long Chi Tam Thanh	Nhẫn	99	giao dịch được	降龙之三清
10452031	Ngọc Nữ Chi Ti Hoa Giới Chỉ	Nhẫn	9	giao dịch được	玉女之丝花戒指
10452032	Ngọc Nữ Chi Ám Ngọc Ban Chỉ	Nhẫn	19	giao dịch được	玉女之暗玉扳指
10452033	Ngọc Nữ Chi Tuyết Tinh Giới Chỉ	Nhẫn	29	giao dịch được	玉女之雪晶戒指
10452034	Ngọc Nữ Chi Bách Liệt Giới Chỉ	Nhẫn	39	giao dịch được	玉女之百裂戒指
10452035	Ngọc Nữ Chi Hồng Đậu	Nhẫn	49	giao dịch được	玉女之红豆
10452036	Ngọc Nữ Chi Tiêu Tương	Nhẫn	59	giao dịch được	玉女之潇湘
10452037	Ngọc Nữ Chi Liên Ảnh Đoạt Mục	Nhẫn	69	giao dịch được	玉女之连影夺目
10452038	Ngọc Nữ Chi Thanh Tâm	Nhẫn	79	giao dịch được	玉女之清心
10452039	Ngọc Nữ Chi Mặc Thánh	Nhẫn	89	giao dịch được	玉女之万圣
10452040	Ngọc Nữ Chi Tam Thanh	Nhẫn	99	giao dịch được	玉女之三清
10452041	Vô Cực Chi Ti Hoa Giới Chỉ	Nhẫn	9	giao dịch được	无极之丝花戒指
10452042	Vô Cực Chi Ám Ngọc Ban Chỉ	Nhẫn	19	giao dịch được	无极之暗玉扳指
10452043	Vô Cực Chi Tuyết Tinh Giới Chỉ	Nhẫn	29	giao dịch được	无极之雪晶戒指
10452044	Vô Cực Chi Bách Liệt Giới Chỉ	Nhẫn	39	giao dịch được	无极之百裂戒指
10452045	Vô Cực Chi Hồng Đậu	Nhẫn	49	giao dịch được	无极之红豆
10452046	Vô Cực Chi Tiêu Tương	Nhẫn	59	giao dịch được	无极之潇湘
10452047	Vô Cực Chi Liên Ảnh Đoạt Mục	Nhẫn	69	giao dịch được	无极之连影夺目
10452048	Vô Cực Chi Thanh Tâm	Nhẫn	79	giao dịch được	无极之清心
10452049	Vô Cực Chi Mặc Thánh	Nhẫn	89	giao dịch được	无极之万圣
10452050	Vô Cực Chi Tam Thanh	Nhẫn	99	giao dịch được	无极之三清
10452051	Hoang Độc Chi Ti Hoa Giới Chỉ	Nhẫn	9	giao dịch được	荒毒之丝花戒指
10452052	Hoang Độc Chi Ám Ngọc Ban Chỉ	Nhẫn	19	giao dịch được	荒毒之暗玉扳指
10452053	Hoang Độc Chi Tuyết Tinh Giới Chỉ	Nhẫn	29	giao dịch được	荒毒之雪晶戒指
10452054	Hoang Độc Chi Bách Liệt Giới Chỉ	Nhẫn	39	giao dịch được	荒毒之百裂戒指
10452055	Hoang Độc Chi Hồng Đậu	Nhẫn	49	giao dịch được	荒毒之红豆
10452056	Hoang Độc Chi Tiêu Tương	Nhẫn	59	giao dịch được	荒毒之潇湘
10452057	Hoang Độc Chi Liên Ảnh Đoạt Mục	Nhẫn	69	giao dịch được	荒毒之连影夺目
10452058	Hoang Độc Chi Thanh Tâm	Nhẫn	79	giao dịch được	荒毒之清心
10452059	Hoang Độc Chi Mặc Thánh	Nhẫn	89	giao dịch được	荒毒之万圣
10452060	Hoang Độc Chi Tam Thanh	Nhẫn	99	giao dịch được	荒毒之三清
10452061	Vô Tướng Chi Ti Hoa Giới Chỉ	Nhẫn	9	giao dịch được	无相之丝花戒指
10452062	Vô Tướng Chi Ám Ngọc Ban Chỉ	Nhẫn	19	giao dịch được	无相之暗玉扳指
10452063	Vô Tướng Chi Tuyết Tinh Giới Chỉ	Nhẫn	29	giao dịch được	无相之雪晶戒指
10452064	Vô Tướng Chi Bách Liệt Giới Chỉ	Nhẫn	39	giao dịch được	无相之百裂戒指
10452065	Vô Tướng Chi Hồng Đậu	Nhẫn	49	giao dịch được	无相之红豆
10452066	Vô Tướng Chi Tiêu Tương	Nhẫn	59	giao dịch được	无相之潇湘
10452067	Vô Tướng Chi Liên Ảnh Đoạt Mục	Nhẫn	69	giao dịch được	无相之连影夺目
10452068	Vô Tướng Chi Thanh Tâm	Nhẫn	79	giao dịch được	无相之清心
10452069	Vô Tướng Chi Mặc Thánh	Nhẫn	89	giao dịch được	无相之万圣
10452070	Vô Tướng Chi Tam Thanh	Nhẫn	99	giao dịch được	无相之三清
10452071	Bắc Minh Chi Ti Hoa Giới Chỉ	Nhẫn	9	giao dịch được	北冥之丝花戒指
10452072	Bắc Minh Chi Ám Ngọc Ban Chỉ	Nhẫn	19	giao dịch được	北冥之暗玉扳指
10452073	Bắc Minh Chi Tuyết Tinh Giới Chỉ	Nhẫn	29	giao dịch được	北冥之雪晶戒指
10452074	Bắc Minh Chi Bách Liệt Giới Chỉ	Nhẫn	39	giao dịch được	北冥之百裂戒指
10452075	Bắc Minh Chi Hồng Đậu	Nhẫn	49	giao dịch được	北冥之红豆
10452076	Bắc Minh Chi Tiêu Tương	Nhẫn	59	giao dịch được	北冥之潇湘
10452077	Bắc Minh Chi Liên Ảnh Đoạt Mục	Nhẫn	69	giao dịch được	北冥之连影夺目
10452078	Bắc Minh Chi Thanh Tâm	Nhẫn	79	giao dịch được	北冥之清心
10452079	Bắc Minh Chi Mặc Thánh	Nhẫn	89	giao dịch được	北冥之万圣
10452080	Bắc Minh Chi Tam Thanh	Nhẫn	99	giao dịch được	北冥之三清
10452081	Ngưng Mạch Chi Ti Hoa Giới Chỉ	Nhẫn	9	giao dịch được	凝脉之丝花戒指
10452082	Ngưng Mạch Chi Ám Ngọc Ban Chỉ	Nhẫn	19	giao dịch được	凝脉之暗玉扳指
10452083	Ngưng Mạch Chi Tuyết Tinh Giới Chỉ	Nhẫn	29	giao dịch được	凝脉之雪晶戒指
10452084	Ngưng Mạch Chi Bách Liệt Giới Chỉ	Nhẫn	39	giao dịch được	凝脉之百裂戒指
10452085	Ngưng Mạch Chi Hồng Đậu	Nhẫn	49	giao dịch được	凝脉之红豆
10452086	Ngưng Mạch Chi Tiêu Tương	Nhẫn	59	giao dịch được	凝脉之潇湘
10452087	Ngưng Mạch Chi Liên Ảnh Đoạt Mục	Nhẫn	69	giao dịch được	凝脉之连影夺目
10452088	Ngưng Mạch Chi Thanh Tâm	Nhẫn	79	giao dịch được	凝脉之清心
10452089	Ngưng Mạch Chi Mặc Thánh	Nhẫn	89	giao dịch được	凝脉之万圣
10452090	Ngưng Mạch Chi Tam Thanh	Nhẫn	99	giao dịch được	凝脉之三清
10452091	(chưa dùng)	Nhẫn	64	giao dịch được	未使用
10452092	(chưa dùng)	Nhẫn	65	giao dịch được	未使用
10452093	(chưa dùng)	Nhẫn	66	giao dịch được	未使用
10452094	(chưa dùng)	Nhẫn	64	giao dịch được	未使用
10452095	(chưa dùng)	Nhẫn	65	giao dịch được	未使用
10452096	(chưa dùng)	Nhẫn	66	giao dịch được	未使用
10452097	(chưa dùng)	Nhẫn	74	giao dịch được	未使用
10452098	(chưa dùng)	Nhẫn	75	giao dịch được	未使用
10452099	(chưa dùng)	Nhẫn	76	giao dịch được	未使用
10452100	(chưa dùng)	Nhẫn	74	giao dịch được	未使用
10452101	(chưa dùng)	Nhẫn	75	giao dịch được	未使用
10452102	(chưa dùng)	Nhẫn	76	giao dịch được	未使用
10452103	(chưa dùng)	Nhẫn	74	giao dịch được	未使用
10452104	(chưa dùng)	Nhẫn	75	giao dịch được	未使用
10452105	(chưa dùng)	Nhẫn	76	giao dịch được	未使用
10452106	(chưa dùng)	Nhẫn	74	giao dịch được	未使用
10452107	(chưa dùng)	Nhẫn	75	giao dịch được	未使用
10452108	(chưa dùng)	Nhẫn	76	giao dịch được	未使用
10452109	(chưa dùng)	Nhẫn	74	giao dịch được	未使用
10452110	(chưa dùng)	Nhẫn	75	giao dịch được	未使用
10452111	(chưa dùng)	Nhẫn	76	giao dịch được	未使用
10452112	(chưa dùng)	Nhẫn	74	giao dịch được	未使用
10452113	(chưa dùng)	Nhẫn	75	giao dịch được	未使用
10452114	(chưa dùng)	Nhẫn	76	giao dịch được	未使用
10452115	(chưa dùng)	Nhẫn	74	giao dịch được	未使用
10452116	(chưa dùng)	Nhẫn	75	giao dịch được	未使用
10452117	(chưa dùng)	Nhẫn	76	giao dịch được	未使用
10452118	(chưa dùng)	Nhẫn	74	giao dịch được	未使用
10452119	(chưa dùng)	Nhẫn	75	giao dịch được	未使用
10452120	(chưa dùng)	Nhẫn	76	giao dịch được	未使用
10452121	(chưa dùng)	Nhẫn	84	giao dịch được	未使用
10452122	(chưa dùng)	Nhẫn	85	giao dịch được	未使用
10452123	(chưa dùng)	Nhẫn	86	giao dịch được	未使用
10452124	(chưa dùng)	Nhẫn	84	giao dịch được	未使用
10452125	(chưa dùng)	Nhẫn	85	giao dịch được	未使用
10452126	(chưa dùng)	Nhẫn	86	giao dịch được	未使用
10452127	(chưa dùng)	Nhẫn	84	giao dịch được	未使用
10452128	(chưa dùng)	Nhẫn	85	giao dịch được	未使用
10452129	(chưa dùng)	Nhẫn	86	giao dịch được	未使用
10452130	(chưa dùng)	Nhẫn	84	giao dịch được	未使用
10452131	(chưa dùng)	Nhẫn	85	giao dịch được	未使用
10452132	(chưa dùng)	Nhẫn	86	giao dịch được	未使用
10452133	(chưa dùng)	Nhẫn	84	giao dịch được	未使用
10452134	(chưa dùng)	Nhẫn	85	giao dịch được	未使用
10452135	(chưa dùng)	Nhẫn	86	giao dịch được	未使用
10452136	(chưa dùng)	Nhẫn	84	giao dịch được	未使用
10452137	(chưa dùng)	Nhẫn	85	giao dịch được	未使用
10452138	(chưa dùng)	Nhẫn	86	giao dịch được	未使用
10452139	(chưa dùng)	Nhẫn	84	giao dịch được	未使用
10452140	(chưa dùng)	Nhẫn	85	giao dịch được	未使用
10452141	(chưa dùng)	Nhẫn	86	giao dịch được	未使用
10452142	(chưa dùng)	Nhẫn	84	giao dịch được	未使用
10452143	(chưa dùng)	Nhẫn	85	giao dịch được	未使用
10452144	(chưa dùng)	Nhẫn	86	giao dịch được	未使用
10452145	(chưa dùng)	Nhẫn	94	giao dịch được	未使用
10452146	(chưa dùng)	Nhẫn	95	giao dịch được	未使用
10452147	(chưa dùng)	Nhẫn	96	giao dịch được	未使用
10452148	(chưa dùng)	Nhẫn	94	giao dịch được	未使用
10452149	(chưa dùng)	Nhẫn	95	giao dịch được	未使用
10452150	(chưa dùng)	Nhẫn	96	giao dịch được	未使用
10452151	(chưa dùng)	Nhẫn	94	giao dịch được	未使用
10452152	(chưa dùng)	Nhẫn	95	giao dịch được	未使用
10452153	(chưa dùng)	Nhẫn	96	giao dịch được	未使用
10452154	(chưa dùng)	Nhẫn	94	giao dịch được	未使用
10452155	(chưa dùng)	Nhẫn	95	giao dịch được	未使用
10452156	(chưa dùng)	Nhẫn	96	giao dịch được	未使用
10452157	(chưa dùng)	Nhẫn	94	giao dịch được	未使用
10452158	(chưa dùng)	Nhẫn	95	giao dịch được	未使用
10452159	(chưa dùng)	Nhẫn	96	giao dịch được	未使用
10452160	(chưa dùng)	Nhẫn	94	giao dịch được	未使用
10452161	(chưa dùng)	Nhẫn	95	giao dịch được	未使用
10452162	(chưa dùng)	Nhẫn	96	giao dịch được	未使用
10452163	(chưa dùng)	Nhẫn	94	giao dịch được	未使用
10452164	(chưa dùng)	Nhẫn	95	giao dịch được	未使用
10452165	(chưa dùng)	Nhẫn	96	giao dịch được	未使用
10452166	(chưa dùng)	Nhẫn	94	giao dịch được	未使用
10452167	(chưa dùng)	Nhẫn	95	giao dịch được	未使用
10452168	(chưa dùng)	Nhẫn	96	giao dịch được	未使用
10453001	Đạt Ma Chi Noãn Ngọc Hộ Phù	Hộ phù	5	giao dịch được	达摩之暖玉护符
10453002	Đạt Ma Chi Thanh Mạch Hộ Phù	Hộ phù	15	giao dịch được	达摩之青陌护符
10453003	Đạt Ma Chi Tàn Hồn Hộ Phù	Hộ phù	25	giao dịch được	达摩之残魂护符
10453004	Đạt Ma Chi Liệt Giới Hộ Phù	Hộ phù	35	giao dịch được	达摩之裂戒护符
10453005	Đạt Ma Chi Liên Quyết Hộ Phù	Hộ phù	45	giao dịch được	达摩之连决护符
10453006	Đạt Ma Chi Vân Quy Hộ Phù	Hộ phù	55	giao dịch được	达摩之云归护符
10453007	Đạt Ma Chi Cửu Niệp	Hộ phù	65	giao dịch được	达摩之九捻
10453008	Đạt Ma Chi Túc Ưu	Hộ phù	75	giao dịch được	达摩之宿忧
10453009	Đạt Ma Chi Mãn Nguyệt	Hộ phù	85	giao dịch được	达摩之满月
10453010	Đạt Ma Chi U Tiên	Hộ phù	95	giao dịch được	达摩之幽仙
10453011	Thánh Hoả Chi Noãn Ngọc Hộ Phù	Hộ phù	5	giao dịch được	圣火之暖玉护符
10453012	Thánh Hoả Chi Thanh Mạch Hộ Phù	Hộ phù	15	giao dịch được	圣火之青陌护符
10453013	Thánh Hoả Chi Tàn Hồn Hộ Phù	Hộ phù	25	giao dịch được	圣火之残魂护符
10453014	Thánh Hoả Chi Liệt Giới Hộ Phù	Hộ phù	35	giao dịch được	圣火之裂戒护符
10453015	Thánh Hoả Chi Liên Quyết Hộ Phù	Hộ phù	45	giao dịch được	圣火之连决护符
10453016	Thánh Hoả Chi Vân Quy Hộ Phù	Hộ phù	55	giao dịch được	圣火之云归护符
10453017	Thánh Hoả Chi Cửu Niệp	Hộ phù	65	giao dịch được	圣火之九捻
10453018	Thánh Hoả Chi Túc Ưu	Hộ phù	75	giao dịch được	圣火之宿忧
10453019	Thánh Hoả Chi Mãn Nguyệt	Hộ phù	85	giao dịch được	圣火之满月
10453020	Thánh Hoả Chi U Tiên	Hộ phù	95	giao dịch được	圣火之幽仙
10453021	Giáng Long Chi Noãn Ngọc Hộ Phù	Hộ phù	5	giao dịch được	降龙之暖玉护符
10453022	Giáng Long Chi Thanh Mạch Hộ Phù	Hộ phù	15	giao dịch được	降龙之青陌护符
10453023	Giáng Long Chi Tàn Hồn Hộ Phù	Hộ phù	25	giao dịch được	降龙之残魂护符
10453024	Giáng Long Chi Liệt Giới Hộ Phù	Hộ phù	35	giao dịch được	降龙之裂戒护符
10453025	Giáng Long Chi Liên Quyết Hộ Phù	Hộ phù	45	giao dịch được	降龙之连决护符
10453026	Giáng Long Chi Vân Quy Hộ Phù	Hộ phù	55	giao dịch được	降龙之云归护符
10453027	Giáng Long Chi Cửu Niệp	Hộ phù	65	giao dịch được	降龙之九捻
10453028	Giáng Long Chi Túc Ưu	Hộ phù	75	giao dịch được	降龙之宿忧
10453029	Giáng Long Chi Mãn Nguyệt	Hộ phù	85	giao dịch được	降龙之满月
10453030	Giáng Long Chi U Tiên	Hộ phù	95	giao dịch được	降龙之幽仙
10453031	Ngọc Nữ Chi Noãn Ngọc Hộ Phù	Hộ phù	5	giao dịch được	玉女之暖玉护符
10453032	Ngọc Nữ Chi Thanh Mạch Hộ Phù	Hộ phù	15	giao dịch được	玉女之青陌护符
10453033	Ngọc Nữ Chi Tàn Hồn Hộ Phù	Hộ phù	25	giao dịch được	玉女之残魂护符
10453034	Ngọc Nữ Chi Liệt Giới Hộ Phù	Hộ phù	35	giao dịch được	玉女之裂戒护符
10453035	Ngọc Nữ Chi Liên Quyết Hộ Phù	Hộ phù	45	giao dịch được	玉女之连决护符
10453036	Ngọc Nữ Chi Vân Quy Hộ Phù	Hộ phù	55	giao dịch được	玉女之云归护符
10453037	Ngọc Nữ Chi Cửu Niệp	Hộ phù	65	giao dịch được	玉女之九捻
10453038	Ngọc Nữ Chi Túc Ưu	Hộ phù	75	giao dịch được	玉女之宿忧
10453039	Ngọc Nữ Chi Mãn Nguyệt	Hộ phù	85	giao dịch được	玉女之满月
10453040	Ngọc Nữ Chi U Tiên	Hộ phù	95	giao dịch được	玉女之幽仙
10453041	Vô Cực Chi Noãn Ngọc Hộ Phù	Hộ phù	5	giao dịch được	无极之暖玉护符
10453042	Vô Cực Chi Thanh Mạch Hộ Phù	Hộ phù	15	giao dịch được	无极之青陌护符
10453043	Vô Cực Chi Tàn Hồn Hộ Phù	Hộ phù	25	giao dịch được	无极之残魂护符
10453044	Vô Cực Chi Liệt Giới Hộ Phù	Hộ phù	35	giao dịch được	无极之裂戒护符
10453045	Vô Cực Chi Liên Quyết Hộ Phù	Hộ phù	45	giao dịch được	无极之连决护符
10453046	Vô Cực Chi Vân Quy Hộ Phù	Hộ phù	55	giao dịch được	无极之云归护符
10453047	Vô Cực Chi Cửu Niệp	Hộ phù	65	giao dịch được	无极之九捻
10453048	Vô Cực Chi Túc Ưu	Hộ phù	75	giao dịch được	无极之宿忧
10453049	Vô Cực Chi Mãn Nguyệt	Hộ phù	85	giao dịch được	无极之满月
10453050	Vô Cực Chi U Tiên	Hộ phù	95	giao dịch được	无极之幽仙
10453051	Hoang Độc Chi Noãn Ngọc Hộ Phù	Hộ phù	5	giao dịch được	荒毒之暖玉护符
10453052	Hoang Độc Chi Thanh Mạch Hộ Phù	Hộ phù	15	giao dịch được	荒毒之青陌护符
10453053	Hoang Độc Chi Tàn Hồn Hộ Phù	Hộ phù	25	giao dịch được	荒毒之残魂护符
10453054	Hoang Độc Chi Liệt Giới Hộ Phù	Hộ phù	35	giao dịch được	荒毒之裂戒护符
10453055	Hoang Độc Chi Liên Quyết Hộ Phù	Hộ phù	45	giao dịch được	荒毒之连决护符
10453056	Hoang Độc Chi Vân Quy Hộ Phù	Hộ phù	55	giao dịch được	荒毒之云归护符
10453057	Hoang Độc Chi Cửu Niệp	Hộ phù	65	giao dịch được	荒毒之九捻
10453058	Hoang Độc Chi Túc Ưu	Hộ phù	75	giao dịch được	荒毒之宿忧
10453059	Hoang Độc Chi Mãn Nguyệt	Hộ phù	85	giao dịch được	荒毒之满月
10453060	Hoang Độc Chi U Tiên	Hộ phù	95	giao dịch được	荒毒之幽仙
10453061	Vô Tướng Chi Noãn Ngọc Hộ Phù	Hộ phù	5	giao dịch được	无相之暖玉护符
10453062	Vô Tướng Chi Thanh Mạch Hộ Phù	Hộ phù	15	giao dịch được	无相之青陌护符
10453063	Vô Tướng Chi Tàn Hồn Hộ Phù	Hộ phù	25	giao dịch được	无相之残魂护符
10453064	Vô Tướng Chi Liệt Giới Hộ Phù	Hộ phù	35	giao dịch được	无相之裂戒护符
10453065	Vô Tướng Chi Liên Quyết Hộ Phù	Hộ phù	45	giao dịch được	无相之连决护符
10453066	Vô Tướng Chi Vân Quy Hộ Phù	Hộ phù	55	giao dịch được	无相之云归护符
10453067	Vô Tướng Chi Cửu Niệp	Hộ phù	65	giao dịch được	无相之九捻
10453068	Vô Tướng Chi Túc Ưu	Hộ phù	75	giao dịch được	无相之宿忧
10453069	Vô Tướng Chi Mãn Nguyệt	Hộ phù	85	giao dịch được	无相之满月
10453070	Vô Tướng Chi U Tiên	Hộ phù	95	giao dịch được	无相之幽仙
10453071	Bắc Minh Chi Noãn Ngọc Hộ Phù	Hộ phù	5	giao dịch được	北冥之暖玉护符
10453072	Bắc Minh Chi Thanh Mạch Hộ Phù	Hộ phù	15	giao dịch được	北冥之青陌护符
10453073	Bắc Minh Chi Tàn Hồn Hộ Phù	Hộ phù	25	giao dịch được	北冥之残魂护符
10453074	Bắc Minh Chi Liệt Giới Hộ Phù	Hộ phù	35	giao dịch được	北冥之裂戒护符
10453075	Bắc Minh Chi Liên Quyết Hộ Phù	Hộ phù	45	giao dịch được	北冥之连决护符
10453076	Bắc Minh Chi Vân Quy Hộ Phù	Hộ phù	55	giao dịch được	北冥之云归护符
10453077	Bắc Minh Chi Cửu Niệp	Hộ phù	65	giao dịch được	北冥之九捻
10453078	Bắc Minh Chi Túc Ưu	Hộ phù	75	giao dịch được	北冥之宿忧
10453079	Bắc Minh Chi Mãn Nguyệt	Hộ phù	85	giao dịch được	北冥之满月
10453080	Bắc Minh Chi U Tiên	Hộ phù	95	giao dịch được	北冥之幽仙
10453081	Ngưng Mạch Chi Noãn Ngọc Hộ Phù	Hộ phù	5	giao dịch được	凝脉之暖玉护符
10453082	Ngưng Mạch Chi Thanh Mạch Hộ Phù	Hộ phù	15	giao dịch được	凝脉之青陌护符
10453083	Ngưng Mạch Chi Tàn Hồn Hộ Phù	Hộ phù	25	giao dịch được	凝脉之残魂护符
10453084	Ngưng Mạch Chi Liệt Giới Hộ Phù	Hộ phù	35	giao dịch được	凝脉之裂戒护符
10453085	Ngưng Mạch Chi Liên Quyết Hộ Phù	Hộ phù	45	giao dịch được	凝脉之连决护符
10453086	Ngưng Mạch Chi Vân Quy Hộ Phù	Hộ phù	55	giao dịch được	凝脉之云归护符
10453087	Ngưng Mạch Chi Cửu Niệp	Hộ phù	65	giao dịch được	凝脉之九捻
10453088	Ngưng Mạch Chi Túc Ưu	Hộ phù	75	giao dịch được	凝脉之宿忧
10453089	Ngưng Mạch Chi Mãn Nguyệt	Hộ phù	85	giao dịch được	凝脉之满月
10453090	Ngưng Mạch Chi U Tiên	Hộ phù	95	giao dịch được	凝脉之幽仙
10470000	(chưa dùng)	Mũ	90	giao dịch được	未使用
10470001	(chưa dùng)	Mũ	81	giao dịch được	未使用
10470002	(chưa dùng)	Mũ	82	giao dịch được	未使用
10470003	(chưa dùng)	Mũ	83	giao dịch được	未使用
10470004	(chưa dùng)	Mũ	84	giao dịch được	未使用
10470005	(chưa dùng)	Mũ	85	giao dịch được	未使用
10470006	(chưa dùng)	Mũ	86	giao dịch được	未使用
10470007	(chưa dùng)	Mũ	87	giao dịch được	未使用
10470008	(chưa dùng)	Mũ	88	giao dịch được	未使用
10470009	(chưa dùng)	Mũ	89	giao dịch được	未使用
10470010	(chưa dùng)	Mũ	90	giao dịch được	未使用
10470011	(chưa dùng)	Mũ	81	giao dịch được	未使用
10470012	(chưa dùng)	Mũ	82	giao dịch được	未使用
10470013	(chưa dùng)	Mũ	83	giao dịch được	未使用
10470014	(chưa dùng)	Mũ	84	giao dịch được	未使用
10470015	(chưa dùng)	Mũ	85	giao dịch được	未使用
10470016	(chưa dùng)	Mũ	86	giao dịch được	未使用
10470017	(chưa dùng)	Mũ	87	giao dịch được	未使用
10470018	(chưa dùng)	Mũ	88	giao dịch được	未使用
10470019	(chưa dùng)	Mũ	89	giao dịch được	未使用
10470020	(chưa dùng)	Mũ	90	giao dịch được	未使用
10470021	(chưa dùng)	Mũ	81	giao dịch được	未使用
10470022	(chưa dùng)	Mũ	82	giao dịch được	未使用
10470023	(chưa dùng)	Mũ	83	giao dịch được	未使用
10470024	(chưa dùng)	Mũ	84	giao dịch được	未使用
10470025	(chưa dùng)	Mũ	85	giao dịch được	未使用
10470026	(chưa dùng)	Mũ	86	giao dịch được	未使用
10470027	(chưa dùng)	Mũ	87	giao dịch được	未使用
10470028	(chưa dùng)	Mũ	88	giao dịch được	未使用
10470029	(chưa dùng)	Mũ	89	giao dịch được	未使用
10470030	(chưa dùng)	Mũ	90	giao dịch được	未使用
10470031	(chưa dùng)	Mũ	81	giao dịch được	未使用
10470032	(chưa dùng)	Mũ	82	giao dịch được	未使用
10470033	(chưa dùng)	Mũ	83	giao dịch được	未使用
10470034	(chưa dùng)	Mũ	84	giao dịch được	未使用
10470035	(chưa dùng)	Mũ	85	giao dịch được	未使用
10470036	(chưa dùng)	Mũ	86	giao dịch được	未使用
10470037	(chưa dùng)	Mũ	87	giao dịch được	未使用
10470038	(chưa dùng)	Mũ	88	giao dịch được	未使用
10470039	(chưa dùng)	Mũ	89	giao dịch được	未使用
10470040	(chưa dùng)	Mũ	90	giao dịch được	未使用
10470041	(chưa dùng)	Mũ	81	giao dịch được	未使用
10470042	(chưa dùng)	Mũ	82	giao dịch được	未使用
10470043	(chưa dùng)	Mũ	83	giao dịch được	未使用
10470044	(chưa dùng)	Mũ	84	giao dịch được	未使用
10470045	(chưa dùng)	Mũ	85	giao dịch được	未使用
10470046	(chưa dùng)	Mũ	86	giao dịch được	未使用
10470047	(chưa dùng)	Mũ	87	giao dịch được	未使用
10470048	(chưa dùng)	Mũ	88	giao dịch được	未使用
10470049	(chưa dùng)	Mũ	89	giao dịch được	未使用
10470050	(chưa dùng)	Mũ	90	giao dịch được	未使用
10470051	(chưa dùng)	Mũ	91	giao dịch được	未使用
10470052	(chưa dùng)	Mũ	92	giao dịch được	未使用
10470053	(chưa dùng)	Mũ	93	giao dịch được	未使用
10470054	(chưa dùng)	Mũ	94	giao dịch được	未使用
10470055	(chưa dùng)	Mũ	95	giao dịch được	未使用
10470056	(chưa dùng)	Mũ	96	giao dịch được	未使用
10470057	(chưa dùng)	Mũ	97	giao dịch được	未使用
10470058	(chưa dùng)	Mũ	98	giao dịch được	未使用
10470059	(chưa dùng)	Mũ	99	giao dịch được	未使用
10470060	(chưa dùng)	Mũ	100	giao dịch được	未使用
10470061	(chưa dùng)	Mũ	91	giao dịch được	未使用
10470062	(chưa dùng)	Mũ	92	giao dịch được	未使用
10470063	(chưa dùng)	Mũ	93	giao dịch được	未使用
10470064	(chưa dùng)	Mũ	94	giao dịch được	未使用
10470065	(chưa dùng)	Mũ	95	giao dịch được	未使用
10470066	(chưa dùng)	Mũ	96	giao dịch được	未使用
10470067	(chưa dùng)	Mũ	97	giao dịch được	未使用
10470068	(chưa dùng)	Mũ	98	giao dịch được	未使用
10470069	(chưa dùng)	Mũ	99	giao dịch được	未使用
10470070	(chưa dùng)	Mũ	100	giao dịch được	未使用
10470071	(chưa dùng)	Mũ	91	giao dịch được	未使用
10470072	(chưa dùng)	Mũ	92	giao dịch được	未使用
10470073	(chưa dùng)	Mũ	93	giao dịch được	未使用
10470074	(chưa dùng)	Mũ	94	giao dịch được	未使用
10470075	(chưa dùng)	Mũ	95	giao dịch được	未使用
10470076	(chưa dùng)	Mũ	96	giao dịch được	未使用
10470077	(chưa dùng)	Mũ	97	giao dịch được	未使用
10470078	(chưa dùng)	Mũ	98	giao dịch được	未使用
10470079	(chưa dùng)	Mũ	99	giao dịch được	未使用
10470080	(chưa dùng)	Mũ	100	giao dịch được	未使用
10470081	(chưa dùng)	Mũ	91	giao dịch được	未使用
10470082	(chưa dùng)	Mũ	92	giao dịch được	未使用
10470083	(chưa dùng)	Mũ	93	giao dịch được	未使用
10470084	(chưa dùng)	Mũ	94	giao dịch được	未使用
10470085	(chưa dùng)	Mũ	95	giao dịch được	未使用
10470086	(chưa dùng)	Mũ	96	giao dịch được	未使用
10470087	(chưa dùng)	Mũ	97	giao dịch được	未使用
10470088	(chưa dùng)	Mũ	98	giao dịch được	未使用
10470089	(chưa dùng)	Mũ	99	giao dịch được	未使用
10470090	(chưa dùng)	Mũ	100	giao dịch được	未使用
10470091	(chưa dùng)	Mũ	91	giao dịch được	未使用
10470092	(chưa dùng)	Mũ	92	giao dịch được	未使用
10470093	(chưa dùng)	Mũ	93	giao dịch được	未使用
10470094	(chưa dùng)	Mũ	94	giao dịch được	未使用
10470095	(chưa dùng)	Mũ	95	giao dịch được	未使用
10470096	(chưa dùng)	Mũ	96	giao dịch được	未使用
10470097	(chưa dùng)	Mũ	97	giao dịch được	未使用
10470098	(chưa dùng)	Mũ	98	giao dịch được	未使用
10470099	(chưa dùng)	Mũ	99	giao dịch được	未使用
10470100	(chưa dùng)	Mũ	100	giao dịch được	未使用
10470101	(chưa dùng)	Mũ	91	giao dịch được	未使用
10470102	(chưa dùng)	Mũ	92	giao dịch được	未使用
10470103	(chưa dùng)	Mũ	93	giao dịch được	未使用
10470104	(chưa dùng)	Mũ	94	giao dịch được	未使用
10470105	(chưa dùng)	Mũ	95	giao dịch được	未使用
10470106	(chưa dùng)	Mũ	96	giao dịch được	未使用
10470107	(chưa dùng)	Mũ	97	giao dịch được	未使用
10470108	(chưa dùng)	Mũ	98	giao dịch được	未使用
10470109	(chưa dùng)	Mũ	99	giao dịch được	未使用
10470110	(chưa dùng)	Mũ	100	giao dịch được	未使用
10470111	(chưa dùng)	Mũ	91	giao dịch được	未使用
10470112	(chưa dùng)	Mũ	92	giao dịch được	未使用
10470113	(chưa dùng)	Mũ	93	giao dịch được	未使用
10470114	(chưa dùng)	Mũ	94	giao dịch được	未使用
10470115	(chưa dùng)	Mũ	95	giao dịch được	未使用
10470116	(chưa dùng)	Mũ	96	giao dịch được	未使用
10470117	(chưa dùng)	Mũ	97	giao dịch được	未使用
10470118	(chưa dùng)	Mũ	98	giao dịch được	未使用
10470119	(chưa dùng)	Mũ	99	giao dịch được	未使用
10470120	(chưa dùng)	Mũ	100	giao dịch được	未使用
10470121	(chưa dùng)	Mũ	91	giao dịch được	未使用
10470122	(chưa dùng)	Mũ	92	giao dịch được	未使用
10470123	(chưa dùng)	Mũ	93	giao dịch được	未使用
10470124	(chưa dùng)	Mũ	94	giao dịch được	未使用
10470125	(chưa dùng)	Mũ	95	giao dịch được	未使用
10470126	(chưa dùng)	Mũ	96	giao dịch được	未使用
10470127	(chưa dùng)	Mũ	97	giao dịch được	未使用
10470128	(chưa dùng)	Mũ	98	giao dịch được	未使用
10470129	(chưa dùng)	Mũ	99	giao dịch được	未使用
10470130	(chưa dùng)	Mũ	100	giao dịch được	未使用
10470131	(chưa dùng)	Mũ	91	giao dịch được	未使用
10470132	(chưa dùng)	Mũ	92	giao dịch được	未使用
10470133	(chưa dùng)	Mũ	93	giao dịch được	未使用
10470134	(chưa dùng)	Mũ	94	giao dịch được	未使用
10470135	(chưa dùng)	Mũ	95	giao dịch được	未使用
10470136	(chưa dùng)	Mũ	96	giao dịch được	未使用
10470137	(chưa dùng)	Mũ	97	giao dịch được	未使用
10470138	(chưa dùng)	Mũ	98	giao dịch được	未使用
10470139	(chưa dùng)	Mũ	99	giao dịch được	未使用
10470140	(chưa dùng)	Mũ	100	giao dịch được	未使用
10470141	(chưa dùng)	Mũ	91	giao dịch được	未使用
10470142	(chưa dùng)	Mũ	92	giao dịch được	未使用
10470143	(chưa dùng)	Mũ	93	giao dịch được	未使用
10470144	(chưa dùng)	Mũ	94	giao dịch được	未使用
10470145	(chưa dùng)	Mũ	95	giao dịch được	未使用
10470146	(chưa dùng)	Mũ	96	giao dịch được	未使用
10470147	(chưa dùng)	Mũ	97	giao dịch được	未使用
10470148	(chưa dùng)	Mũ	98	giao dịch được	未使用
10470149	(chưa dùng)	Mũ	99	giao dịch được	未使用
10470150	(chưa dùng)	Mũ	100	giao dịch được	未使用
10470151	(chưa dùng)	Mũ	91	giao dịch được	未使用
10470152	(chưa dùng)	Mũ	92	giao dịch được	未使用
10470153	(chưa dùng)	Mũ	93	giao dịch được	未使用
10470154	(chưa dùng)	Mũ	94	giao dịch được	未使用
10470155	(chưa dùng)	Mũ	95	giao dịch được	未使用
10470156	(chưa dùng)	Mũ	96	giao dịch được	未使用
10470157	(chưa dùng)	Mũ	97	giao dịch được	未使用
10470158	(chưa dùng)	Mũ	98	giao dịch được	未使用
10470159	(chưa dùng)	Mũ	99	giao dịch được	未使用
10470160	(chưa dùng)	Mũ	100	giao dịch được	未使用
10470161	(chưa dùng)	Mũ	91	giao dịch được	未使用
10470162	(chưa dùng)	Mũ	92	giao dịch được	未使用
10470163	(chưa dùng)	Mũ	93	giao dịch được	未使用
10470164	(chưa dùng)	Mũ	94	giao dịch được	未使用
10470165	(chưa dùng)	Mũ	95	giao dịch được	未使用
10470166	(chưa dùng)	Mũ	96	giao dịch được	未使用
10470167	(chưa dùng)	Mũ	97	giao dịch được	未使用
10470168	(chưa dùng)	Mũ	98	giao dịch được	未使用
10470169	(chưa dùng)	Mũ	99	giao dịch được	未使用
10470170	(chưa dùng)	Mũ	100	giao dịch được	未使用
10470171	(chưa dùng)	Mũ	91	giao dịch được	未使用
10470172	(chưa dùng)	Mũ	92	giao dịch được	未使用
10470173	(chưa dùng)	Mũ	93	giao dịch được	未使用
10470174	(chưa dùng)	Mũ	94	giao dịch được	未使用
10470175	(chưa dùng)	Mũ	95	giao dịch được	未使用
10470176	(chưa dùng)	Mũ	96	giao dịch được	未使用
10470177	(chưa dùng)	Mũ	97	giao dịch được	未使用
10470178	(chưa dùng)	Mũ	98	giao dịch được	未使用
10470179	(chưa dùng)	Mũ	99	giao dịch được	未使用
10470180	(chưa dùng)	Mũ	100	giao dịch được	未使用
10470181	(chưa dùng)	Mũ	91	giao dịch được	未使用
10470182	(chưa dùng)	Mũ	92	giao dịch được	未使用
10470183	(chưa dùng)	Mũ	93	giao dịch được	未使用
10470184	(chưa dùng)	Mũ	94	giao dịch được	未使用
10470185	(chưa dùng)	Mũ	95	giao dịch được	未使用
10470186	(chưa dùng)	Mũ	96	giao dịch được	未使用
10470187	(chưa dùng)	Mũ	97	giao dịch được	未使用
10470188	(chưa dùng)	Mũ	98	giao dịch được	未使用
10470189	(chưa dùng)	Mũ	99	giao dịch được	未使用
10470190	(chưa dùng)	Mũ	100	giao dịch được	未使用
10470191	(chưa dùng)	Mũ	91	giao dịch được	未使用
10470192	(chưa dùng)	Mũ	92	giao dịch được	未使用
10470193	(chưa dùng)	Mũ	93	giao dịch được	未使用
10470194	(chưa dùng)	Mũ	94	giao dịch được	未使用
10470195	(chưa dùng)	Mũ	95	giao dịch được	未使用
10470196	(chưa dùng)	Mũ	96	giao dịch được	未使用
10470197	(chưa dùng)	Mũ	97	giao dịch được	未使用
10470198	(chưa dùng)	Mũ	98	giao dịch được	未使用
10470199	(chưa dùng)	Mũ	99	giao dịch được	未使用
10470200	(chưa dùng)	Mũ	100	giao dịch được	未使用
10471000	(chưa dùng)	Giày	90	giao dịch được	未使用
10471001	(chưa dùng)	Giày	81	giao dịch được	未使用
10471002	(chưa dùng)	Giày	82	giao dịch được	未使用
10471003	(chưa dùng)	Giày	83	giao dịch được	未使用
10471004	(chưa dùng)	Giày	84	giao dịch được	未使用
10471005	(chưa dùng)	Giày	85	giao dịch được	未使用
10471006	(chưa dùng)	Giày	86	giao dịch được	未使用
10471007	(chưa dùng)	Giày	87	giao dịch được	未使用
10471008	(chưa dùng)	Giày	88	giao dịch được	未使用
10471009	(chưa dùng)	Giày	89	giao dịch được	未使用
10471010	(chưa dùng)	Giày	90	giao dịch được	未使用
10471011	(chưa dùng)	Giày	81	giao dịch được	未使用
10471012	(chưa dùng)	Giày	82	giao dịch được	未使用
10471013	(chưa dùng)	Giày	83	giao dịch được	未使用
10471014	(chưa dùng)	Giày	84	giao dịch được	未使用
10471015	(chưa dùng)	Giày	85	giao dịch được	未使用
10471016	(chưa dùng)	Giày	86	giao dịch được	未使用
10471017	(chưa dùng)	Giày	87	giao dịch được	未使用
10471018	(chưa dùng)	Giày	88	giao dịch được	未使用
10471019	(chưa dùng)	Giày	89	giao dịch được	未使用
10471020	(chưa dùng)	Giày	90	giao dịch được	未使用
10471021	(chưa dùng)	Giày	81	giao dịch được	未使用
10471022	(chưa dùng)	Giày	82	giao dịch được	未使用
10471023	(chưa dùng)	Giày	83	giao dịch được	未使用
10471024	(chưa dùng)	Giày	84	giao dịch được	未使用
10471025	(chưa dùng)	Giày	85	giao dịch được	未使用
10471026	(chưa dùng)	Giày	86	giao dịch được	未使用
10471027	(chưa dùng)	Giày	87	giao dịch được	未使用
10471028	(chưa dùng)	Giày	88	giao dịch được	未使用
10471029	(chưa dùng)	Giày	89	giao dịch được	未使用
10471030	(chưa dùng)	Giày	90	giao dịch được	未使用
10471031	(chưa dùng)	Giày	81	giao dịch được	未使用
10471032	(chưa dùng)	Giày	82	giao dịch được	未使用
10471033	(chưa dùng)	Giày	83	giao dịch được	未使用
10471034	(chưa dùng)	Giày	84	giao dịch được	未使用
10471035	(chưa dùng)	Giày	85	giao dịch được	未使用
10471036	(chưa dùng)	Giày	86	giao dịch được	未使用
10471037	(chưa dùng)	Giày	87	giao dịch được	未使用
10471038	(chưa dùng)	Giày	88	giao dịch được	未使用
10471039	(chưa dùng)	Giày	89	giao dịch được	未使用
10471040	(chưa dùng)	Giày	90	giao dịch được	未使用
10471041	(chưa dùng)	Giày	81	giao dịch được	未使用
10471042	(chưa dùng)	Giày	82	giao dịch được	未使用
10471043	(chưa dùng)	Giày	83	giao dịch được	未使用
10471044	(chưa dùng)	Giày	84	giao dịch được	未使用
10471045	(chưa dùng)	Giày	85	giao dịch được	未使用
10471046	(chưa dùng)	Giày	86	giao dịch được	未使用
10471047	(chưa dùng)	Giày	87	giao dịch được	未使用
10471048	(chưa dùng)	Giày	88	giao dịch được	未使用
10471049	(chưa dùng)	Giày	89	giao dịch được	未使用
10471050	(chưa dùng)	Giày	90	giao dịch được	未使用
10471051	(chưa dùng)	Giày	91	giao dịch được	未使用
10471052	(chưa dùng)	Giày	92	giao dịch được	未使用
10471053	(chưa dùng)	Giày	93	giao dịch được	未使用
10471054	(chưa dùng)	Giày	94	giao dịch được	未使用
10471055	(chưa dùng)	Giày	95	giao dịch được	未使用
10471056	(chưa dùng)	Giày	96	giao dịch được	未使用
10471057	(chưa dùng)	Giày	97	giao dịch được	未使用
10471058	(chưa dùng)	Giày	98	giao dịch được	未使用
10471059	(chưa dùng)	Giày	99	giao dịch được	未使用
10471060	(chưa dùng)	Giày	100	giao dịch được	未使用
10471061	(chưa dùng)	Giày	91	giao dịch được	未使用
10471062	(chưa dùng)	Giày	92	giao dịch được	未使用
10471063	(chưa dùng)	Giày	93	giao dịch được	未使用
10471064	(chưa dùng)	Giày	94	giao dịch được	未使用
10471065	(chưa dùng)	Giày	95	giao dịch được	未使用
10471066	(chưa dùng)	Giày	96	giao dịch được	未使用
10471067	(chưa dùng)	Giày	97	giao dịch được	未使用
10471068	(chưa dùng)	Giày	98	giao dịch được	未使用
10471069	(chưa dùng)	Giày	99	giao dịch được	未使用
10471070	(chưa dùng)	Giày	100	giao dịch được	未使用
10471071	(chưa dùng)	Giày	91	giao dịch được	未使用
10471072	(chưa dùng)	Giày	92	giao dịch được	未使用
10471073	(chưa dùng)	Giày	93	giao dịch được	未使用
10471074	(chưa dùng)	Giày	94	giao dịch được	未使用
10471075	(chưa dùng)	Giày	95	giao dịch được	未使用
10471076	(chưa dùng)	Giày	96	giao dịch được	未使用
10471077	(chưa dùng)	Giày	97	giao dịch được	未使用
10471078	(chưa dùng)	Giày	98	giao dịch được	未使用
10471079	(chưa dùng)	Giày	99	giao dịch được	未使用
10471080	(chưa dùng)	Giày	100	giao dịch được	未使用
10471081	(chưa dùng)	Giày	91	giao dịch được	未使用
10471082	(chưa dùng)	Giày	92	giao dịch được	未使用
10471083	(chưa dùng)	Giày	93	giao dịch được	未使用
10471084	(chưa dùng)	Giày	94	giao dịch được	未使用
10471085	(chưa dùng)	Giày	95	giao dịch được	未使用
10471086	(chưa dùng)	Giày	96	giao dịch được	未使用
10471087	(chưa dùng)	Giày	97	giao dịch được	未使用
10471088	(chưa dùng)	Giày	98	giao dịch được	未使用
10471089	(chưa dùng)	Giày	99	giao dịch được	未使用
10471090	(chưa dùng)	Giày	100	giao dịch được	未使用
10471091	(chưa dùng)	Giày	91	giao dịch được	未使用
10471092	(chưa dùng)	Giày	92	giao dịch được	未使用
10471093	(chưa dùng)	Giày	93	giao dịch được	未使用
10471094	(chưa dùng)	Giày	94	giao dịch được	未使用
10471095	(chưa dùng)	Giày	95	giao dịch được	未使用
10471096	(chưa dùng)	Giày	96	giao dịch được	未使用
10471097	(chưa dùng)	Giày	97	giao dịch được	未使用
10471098	(chưa dùng)	Giày	98	giao dịch được	未使用
10471099	(chưa dùng)	Giày	99	giao dịch được	未使用
10471100	(chưa dùng)	Giày	100	giao dịch được	未使用
10471101	(chưa dùng)	Giày	91	giao dịch được	未使用
10471102	(chưa dùng)	Giày	92	giao dịch được	未使用
10471103	(chưa dùng)	Giày	93	giao dịch được	未使用
10471104	(chưa dùng)	Giày	94	giao dịch được	未使用
10471105	(chưa dùng)	Giày	95	giao dịch được	未使用
10471106	(chưa dùng)	Giày	96	giao dịch được	未使用
10471107	(chưa dùng)	Giày	97	giao dịch được	未使用
10471108	(chưa dùng)	Giày	98	giao dịch được	未使用
10471109	(chưa dùng)	Giày	99	giao dịch được	未使用
10471110	(chưa dùng)	Giày	100	giao dịch được	未使用
10471111	(chưa dùng)	Giày	91	giao dịch được	未使用
10471112	(chưa dùng)	Giày	92	giao dịch được	未使用
10471113	(chưa dùng)	Giày	93	giao dịch được	未使用
10471114	(chưa dùng)	Giày	94	giao dịch được	未使用
10471115	(chưa dùng)	Giày	95	giao dịch được	未使用
10471116	(chưa dùng)	Giày	96	giao dịch được	未使用
10471117	(chưa dùng)	Giày	97	giao dịch được	未使用
10471118	(chưa dùng)	Giày	98	giao dịch được	未使用
10471119	(chưa dùng)	Giày	99	giao dịch được	未使用
10471120	(chưa dùng)	Giày	100	giao dịch được	未使用
10471121	(chưa dùng)	Giày	91	giao dịch được	未使用
10471122	(chưa dùng)	Giày	92	giao dịch được	未使用
10471123	(chưa dùng)	Giày	93	giao dịch được	未使用
10471124	(chưa dùng)	Giày	94	giao dịch được	未使用
10471125	(chưa dùng)	Giày	95	giao dịch được	未使用
10471126	(chưa dùng)	Giày	96	giao dịch được	未使用
10471127	(chưa dùng)	Giày	97	giao dịch được	未使用
10471128	(chưa dùng)	Giày	98	giao dịch được	未使用
10471129	(chưa dùng)	Giày	99	giao dịch được	未使用
10471130	(chưa dùng)	Giày	100	giao dịch được	未使用
10471131	(chưa dùng)	Giày	91	giao dịch được	未使用
10471132	(chưa dùng)	Giày	92	giao dịch được	未使用
10471133	(chưa dùng)	Giày	93	giao dịch được	未使用
10471134	(chưa dùng)	Giày	94	giao dịch được	未使用
10471135	(chưa dùng)	Giày	95	giao dịch được	未使用
10471136	(chưa dùng)	Giày	96	giao dịch được	未使用
10471137	(chưa dùng)	Giày	97	giao dịch được	未使用
10471138	(chưa dùng)	Giày	98	giao dịch được	未使用
10471139	(chưa dùng)	Giày	99	giao dịch được	未使用
10471140	(chưa dùng)	Giày	100	giao dịch được	未使用
10471141	(chưa dùng)	Giày	91	giao dịch được	未使用
10471142	(chưa dùng)	Giày	92	giao dịch được	未使用
10471143	(chưa dùng)	Giày	93	giao dịch được	未使用
10471144	(chưa dùng)	Giày	94	giao dịch được	未使用
10471145	(chưa dùng)	Giày	95	giao dịch được	未使用
10471146	(chưa dùng)	Giày	96	giao dịch được	未使用
10471147	(chưa dùng)	Giày	97	giao dịch được	未使用
10471148	(chưa dùng)	Giày	98	giao dịch được	未使用
10471149	(chưa dùng)	Giày	99	giao dịch được	未使用
10471150	(chưa dùng)	Giày	100	giao dịch được	未使用
10471151	(chưa dùng)	Giày	91	giao dịch được	未使用
10471152	(chưa dùng)	Giày	92	giao dịch được	未使用
10471153	(chưa dùng)	Giày	93	giao dịch được	未使用
10471154	(chưa dùng)	Giày	94	giao dịch được	未使用
10471155	(chưa dùng)	Giày	95	giao dịch được	未使用
10471156	(chưa dùng)	Giày	96	giao dịch được	未使用
10471157	(chưa dùng)	Giày	97	giao dịch được	未使用
10471158	(chưa dùng)	Giày	98	giao dịch được	未使用
10471159	(chưa dùng)	Giày	99	giao dịch được	未使用
10471160	(chưa dùng)	Giày	100	giao dịch được	未使用
10471161	(chưa dùng)	Giày	91	giao dịch được	未使用
10471162	(chưa dùng)	Giày	92	giao dịch được	未使用
10471163	(chưa dùng)	Giày	93	giao dịch được	未使用
10471164	(chưa dùng)	Giày	94	giao dịch được	未使用
10471165	(chưa dùng)	Giày	95	giao dịch được	未使用
10471166	(chưa dùng)	Giày	96	giao dịch được	未使用
10471167	(chưa dùng)	Giày	97	giao dịch được	未使用
10471168	(chưa dùng)	Giày	98	giao dịch được	未使用
10471169	(chưa dùng)	Giày	99	giao dịch được	未使用
10471170	(chưa dùng)	Giày	100	giao dịch được	未使用
10471171	(chưa dùng)	Giày	91	giao dịch được	未使用
10471172	(chưa dùng)	Giày	92	giao dịch được	未使用
10471173	(chưa dùng)	Giày	93	giao dịch được	未使用
10471174	(chưa dùng)	Giày	94	giao dịch được	未使用
10471175	(chưa dùng)	Giày	95	giao dịch được	未使用
10471176	(chưa dùng)	Giày	96	giao dịch được	未使用
10471177	(chưa dùng)	Giày	97	giao dịch được	未使用
10471178	(chưa dùng)	Giày	98	giao dịch được	未使用
10471179	(chưa dùng)	Giày	99	giao dịch được	未使用
10471180	(chưa dùng)	Giày	100	giao dịch được	未使用
10471181	(chưa dùng)	Giày	91	giao dịch được	未使用
10471182	(chưa dùng)	Giày	92	giao dịch được	未使用
10471183	(chưa dùng)	Giày	93	giao dịch được	未使用
10471184	(chưa dùng)	Giày	94	giao dịch được	未使用
10471185	(chưa dùng)	Giày	95	giao dịch được	未使用
10471186	(chưa dùng)	Giày	96	giao dịch được	未使用
10471187	(chưa dùng)	Giày	97	giao dịch được	未使用
10471188	(chưa dùng)	Giày	98	giao dịch được	未使用
10471189	(chưa dùng)	Giày	99	giao dịch được	未使用
10471190	(chưa dùng)	Giày	100	giao dịch được	未使用
10471191	(chưa dùng)	Giày	91	giao dịch được	未使用
10471192	(chưa dùng)	Giày	92	giao dịch được	未使用
10471193	(chưa dùng)	Giày	93	giao dịch được	未使用
10471194	(chưa dùng)	Giày	94	giao dịch được	未使用
10471195	(chưa dùng)	Giày	95	giao dịch được	未使用
10471196	(chưa dùng)	Giày	96	giao dịch được	未使用
10471197	(chưa dùng)	Giày	97	giao dịch được	未使用
10471198	(chưa dùng)	Giày	98	giao dịch được	未使用
10471199	(chưa dùng)	Giày	99	giao dịch được	未使用
10471200	(chưa dùng)	Giày	100	giao dịch được	未使用
10472000	(chưa dùng)	Bao tay	90	giao dịch được	未使用
10472001	(chưa dùng)	Bao tay	81	giao dịch được	未使用
10472002	(chưa dùng)	Bao tay	82	giao dịch được	未使用
10472003	(chưa dùng)	Bao tay	83	giao dịch được	未使用
10472004	(chưa dùng)	Bao tay	84	giao dịch được	未使用
10472005	(chưa dùng)	Bao tay	85	giao dịch được	未使用
10472006	(chưa dùng)	Bao tay	86	giao dịch được	未使用
10472007	(chưa dùng)	Bao tay	87	giao dịch được	未使用
10472008	(chưa dùng)	Bao tay	88	giao dịch được	未使用
10472009	(chưa dùng)	Bao tay	89	giao dịch được	未使用
10472010	(chưa dùng)	Bao tay	90	giao dịch được	未使用
10472011	(chưa dùng)	Bao tay	81	giao dịch được	未使用
10472012	(chưa dùng)	Bao tay	82	giao dịch được	未使用
10472013	(chưa dùng)	Bao tay	83	giao dịch được	未使用
10472014	(chưa dùng)	Bao tay	84	giao dịch được	未使用
10472015	(chưa dùng)	Bao tay	85	giao dịch được	未使用
10472016	(chưa dùng)	Bao tay	86	giao dịch được	未使用
10472017	(chưa dùng)	Bao tay	87	giao dịch được	未使用
10472018	(chưa dùng)	Bao tay	88	giao dịch được	未使用
10472019	(chưa dùng)	Bao tay	89	giao dịch được	未使用
10472020	(chưa dùng)	Bao tay	90	giao dịch được	未使用
10472021	(chưa dùng)	Bao tay	81	giao dịch được	未使用
10472022	(chưa dùng)	Bao tay	82	giao dịch được	未使用
10472023	(chưa dùng)	Bao tay	83	giao dịch được	未使用
10472024	(chưa dùng)	Bao tay	84	giao dịch được	未使用
10472025	(chưa dùng)	Bao tay	85	giao dịch được	未使用
10472026	(chưa dùng)	Bao tay	86	giao dịch được	未使用
10472027	(chưa dùng)	Bao tay	87	giao dịch được	未使用
10472028	(chưa dùng)	Bao tay	88	giao dịch được	未使用
10472029	(chưa dùng)	Bao tay	89	giao dịch được	未使用
10472030	(chưa dùng)	Bao tay	90	giao dịch được	未使用
10472031	(chưa dùng)	Bao tay	81	giao dịch được	未使用
10472032	(chưa dùng)	Bao tay	82	giao dịch được	未使用
10472033	(chưa dùng)	Bao tay	83	giao dịch được	未使用
10472034	(chưa dùng)	Bao tay	84	giao dịch được	未使用
10472035	(chưa dùng)	Bao tay	85	giao dịch được	未使用
10472036	(chưa dùng)	Bao tay	86	giao dịch được	未使用
10472037	(chưa dùng)	Bao tay	87	giao dịch được	未使用
10472038	(chưa dùng)	Bao tay	88	giao dịch được	未使用
10472039	(chưa dùng)	Bao tay	89	giao dịch được	未使用
10472040	(chưa dùng)	Bao tay	90	giao dịch được	未使用
10472041	(chưa dùng)	Bao tay	81	giao dịch được	未使用
10472042	(chưa dùng)	Bao tay	82	giao dịch được	未使用
10472043	(chưa dùng)	Bao tay	83	giao dịch được	未使用
10472044	(chưa dùng)	Bao tay	84	giao dịch được	未使用
10472045	(chưa dùng)	Bao tay	85	giao dịch được	未使用
10472046	(chưa dùng)	Bao tay	86	giao dịch được	未使用
10472047	(chưa dùng)	Bao tay	87	giao dịch được	未使用
10472048	(chưa dùng)	Bao tay	88	giao dịch được	未使用
10472049	(chưa dùng)	Bao tay	89	giao dịch được	未使用
10472050	(chưa dùng)	Bao tay	90	giao dịch được	未使用
10472051	(chưa dùng)	Bao tay	91	giao dịch được	未使用
10472052	(chưa dùng)	Bao tay	92	giao dịch được	未使用
10472053	(chưa dùng)	Bao tay	93	giao dịch được	未使用
10472054	(chưa dùng)	Bao tay	94	giao dịch được	未使用
10472055	(chưa dùng)	Bao tay	95	giao dịch được	未使用
10472056	(chưa dùng)	Bao tay	96	giao dịch được	未使用
10472057	(chưa dùng)	Bao tay	97	giao dịch được	未使用
10472058	(chưa dùng)	Bao tay	98	giao dịch được	未使用
10472059	(chưa dùng)	Bao tay	99	giao dịch được	未使用
10472060	(chưa dùng)	Bao tay	100	giao dịch được	未使用
10472061	(chưa dùng)	Bao tay	91	giao dịch được	未使用
10472062	(chưa dùng)	Bao tay	92	giao dịch được	未使用
10472063	(chưa dùng)	Bao tay	93	giao dịch được	未使用
10472064	(chưa dùng)	Bao tay	94	giao dịch được	未使用
10472065	(chưa dùng)	Bao tay	95	giao dịch được	未使用
10472066	(chưa dùng)	Bao tay	96	giao dịch được	未使用
10472067	(chưa dùng)	Bao tay	97	giao dịch được	未使用
10472068	(chưa dùng)	Bao tay	98	giao dịch được	未使用
10472069	(chưa dùng)	Bao tay	99	giao dịch được	未使用
10472070	(chưa dùng)	Bao tay	100	giao dịch được	未使用
10472071	(chưa dùng)	Bao tay	91	giao dịch được	未使用
10472072	(chưa dùng)	Bao tay	92	giao dịch được	未使用
10472073	(chưa dùng)	Bao tay	93	giao dịch được	未使用
10472074	(chưa dùng)	Bao tay	94	giao dịch được	未使用
10472075	(chưa dùng)	Bao tay	95	giao dịch được	未使用
10472076	(chưa dùng)	Bao tay	96	giao dịch được	未使用
10472077	(chưa dùng)	Bao tay	97	giao dịch được	未使用
10472078	(chưa dùng)	Bao tay	98	giao dịch được	未使用
10472079	(chưa dùng)	Bao tay	99	giao dịch được	未使用
10472080	(chưa dùng)	Bao tay	100	giao dịch được	未使用
10472081	(chưa dùng)	Bao tay	91	giao dịch được	未使用
10472082	(chưa dùng)	Bao tay	92	giao dịch được	未使用
10472083	(chưa dùng)	Bao tay	93	giao dịch được	未使用
10472084	(chưa dùng)	Bao tay	94	giao dịch được	未使用
10472085	(chưa dùng)	Bao tay	95	giao dịch được	未使用
10472086	(chưa dùng)	Bao tay	96	giao dịch được	未使用
10472087	(chưa dùng)	Bao tay	97	giao dịch được	未使用
10472088	(chưa dùng)	Bao tay	98	giao dịch được	未使用
10472089	(chưa dùng)	Bao tay	99	giao dịch được	未使用
10472090	(chưa dùng)	Bao tay	100	giao dịch được	未使用
10472091	(chưa dùng)	Bao tay	91	giao dịch được	未使用
10472092	(chưa dùng)	Bao tay	92	giao dịch được	未使用
10472093	(chưa dùng)	Bao tay	93	giao dịch được	未使用
10472094	(chưa dùng)	Bao tay	94	giao dịch được	未使用
10472095	(chưa dùng)	Bao tay	95	giao dịch được	未使用
10472096	(chưa dùng)	Bao tay	96	giao dịch được	未使用
10472097	(chưa dùng)	Bao tay	97	giao dịch được	未使用
10472098	(chưa dùng)	Bao tay	98	giao dịch được	未使用
10472099	(chưa dùng)	Bao tay	99	giao dịch được	未使用
10472100	(chưa dùng)	Bao tay	100	giao dịch được	未使用
10472101	(chưa dùng)	Bao tay	91	giao dịch được	未使用
10472102	(chưa dùng)	Bao tay	92	giao dịch được	未使用
10472103	(chưa dùng)	Bao tay	93	giao dịch được	未使用
10472104	(chưa dùng)	Bao tay	94	giao dịch được	未使用
10472105	(chưa dùng)	Bao tay	95	giao dịch được	未使用
10472106	(chưa dùng)	Bao tay	96	giao dịch được	未使用
10472107	(chưa dùng)	Bao tay	97	giao dịch được	未使用
10472108	(chưa dùng)	Bao tay	98	giao dịch được	未使用
10472109	(chưa dùng)	Bao tay	99	giao dịch được	未使用
10472110	(chưa dùng)	Bao tay	100	giao dịch được	未使用
10472111	(chưa dùng)	Bao tay	91	giao dịch được	未使用
10472112	(chưa dùng)	Bao tay	92	giao dịch được	未使用
10472113	(chưa dùng)	Bao tay	93	giao dịch được	未使用
10472114	(chưa dùng)	Bao tay	94	giao dịch được	未使用
10472115	(chưa dùng)	Bao tay	95	giao dịch được	未使用
10472116	(chưa dùng)	Bao tay	96	giao dịch được	未使用
10472117	(chưa dùng)	Bao tay	97	giao dịch được	未使用
10472118	(chưa dùng)	Bao tay	98	giao dịch được	未使用
10472119	(chưa dùng)	Bao tay	99	giao dịch được	未使用
10472120	(chưa dùng)	Bao tay	100	giao dịch được	未使用
10472121	(chưa dùng)	Bao tay	91	giao dịch được	未使用
10472122	(chưa dùng)	Bao tay	92	giao dịch được	未使用
10472123	(chưa dùng)	Bao tay	93	giao dịch được	未使用
10472124	(chưa dùng)	Bao tay	94	giao dịch được	未使用
10472125	(chưa dùng)	Bao tay	95	giao dịch được	未使用
10472126	(chưa dùng)	Bao tay	96	giao dịch được	未使用
10472127	(chưa dùng)	Bao tay	97	giao dịch được	未使用
10472128	(chưa dùng)	Bao tay	98	giao dịch được	未使用
10472129	(chưa dùng)	Bao tay	99	giao dịch được	未使用
10472130	(chưa dùng)	Bao tay	100	giao dịch được	未使用
10472131	(chưa dùng)	Bao tay	91	giao dịch được	未使用
10472132	(chưa dùng)	Bao tay	92	giao dịch được	未使用
10472133	(chưa dùng)	Bao tay	93	giao dịch được	未使用
10472134	(chưa dùng)	Bao tay	94	giao dịch được	未使用
10472135	(chưa dùng)	Bao tay	95	giao dịch được	未使用
10472136	(chưa dùng)	Bao tay	96	giao dịch được	未使用
10472137	(chưa dùng)	Bao tay	97	giao dịch được	未使用
10472138	(chưa dùng)	Bao tay	98	giao dịch được	未使用
10472139	(chưa dùng)	Bao tay	99	giao dịch được	未使用
10472140	(chưa dùng)	Bao tay	100	giao dịch được	未使用
10472141	(chưa dùng)	Bao tay	91	giao dịch được	未使用
10472142	(chưa dùng)	Bao tay	92	giao dịch được	未使用
10472143	(chưa dùng)	Bao tay	93	giao dịch được	未使用
10472144	(chưa dùng)	Bao tay	94	giao dịch được	未使用
10472145	(chưa dùng)	Bao tay	95	giao dịch được	未使用
10472146	(chưa dùng)	Bao tay	96	giao dịch được	未使用
10472147	(chưa dùng)	Bao tay	97	giao dịch được	未使用
10472148	(chưa dùng)	Bao tay	98	giao dịch được	未使用
10472149	(chưa dùng)	Bao tay	99	giao dịch được	未使用
10472150	(chưa dùng)	Bao tay	100	giao dịch được	未使用
10472151	(chưa dùng)	Bao tay	91	giao dịch được	未使用
10472152	(chưa dùng)	Bao tay	92	giao dịch được	未使用
10472153	(chưa dùng)	Bao tay	93	giao dịch được	未使用
10472154	(chưa dùng)	Bao tay	94	giao dịch được	未使用
10472155	(chưa dùng)	Bao tay	95	giao dịch được	未使用
10472156	(chưa dùng)	Bao tay	96	giao dịch được	未使用
10472157	(chưa dùng)	Bao tay	97	giao dịch được	未使用
10472158	(chưa dùng)	Bao tay	98	giao dịch được	未使用
10472159	(chưa dùng)	Bao tay	99	giao dịch được	未使用
10472160	(chưa dùng)	Bao tay	100	giao dịch được	未使用
10472161	(chưa dùng)	Bao tay	91	giao dịch được	未使用
10472162	(chưa dùng)	Bao tay	92	giao dịch được	未使用
10472163	(chưa dùng)	Bao tay	93	giao dịch được	未使用
10472164	(chưa dùng)	Bao tay	94	giao dịch được	未使用
10472165	(chưa dùng)	Bao tay	95	giao dịch được	未使用
10472166	(chưa dùng)	Bao tay	96	giao dịch được	未使用
10472167	(chưa dùng)	Bao tay	97	giao dịch được	未使用
10472168	(chưa dùng)	Bao tay	98	giao dịch được	未使用
10472169	(chưa dùng)	Bao tay	99	giao dịch được	未使用
10472170	(chưa dùng)	Bao tay	100	giao dịch được	未使用
10472171	(chưa dùng)	Bao tay	91	giao dịch được	未使用
10472172	(chưa dùng)	Bao tay	92	giao dịch được	未使用
10472173	(chưa dùng)	Bao tay	93	giao dịch được	未使用
10472174	(chưa dùng)	Bao tay	94	giao dịch được	未使用
10472175	(chưa dùng)	Bao tay	95	giao dịch được	未使用
10472176	(chưa dùng)	Bao tay	96	giao dịch được	未使用
10472177	(chưa dùng)	Bao tay	97	giao dịch được	未使用
10472178	(chưa dùng)	Bao tay	98	giao dịch được	未使用
10472179	(chưa dùng)	Bao tay	99	giao dịch được	未使用
10472180	(chưa dùng)	Bao tay	100	giao dịch được	未使用
10472181	(chưa dùng)	Bao tay	91	giao dịch được	未使用
10472182	(chưa dùng)	Bao tay	92	giao dịch được	未使用
10472183	(chưa dùng)	Bao tay	93	giao dịch được	未使用
10472184	(chưa dùng)	Bao tay	94	giao dịch được	未使用
10472185	(chưa dùng)	Bao tay	95	giao dịch được	未使用
10472186	(chưa dùng)	Bao tay	96	giao dịch được	未使用
10472187	(chưa dùng)	Bao tay	97	giao dịch được	未使用
10472188	(chưa dùng)	Bao tay	98	giao dịch được	未使用
10472189	(chưa dùng)	Bao tay	99	giao dịch được	未使用
10472190	(chưa dùng)	Bao tay	100	giao dịch được	未使用
10472191	(chưa dùng)	Bao tay	91	giao dịch được	未使用
10472192	(chưa dùng)	Bao tay	92	giao dịch được	未使用
10472193	(chưa dùng)	Bao tay	93	giao dịch được	未使用
10472194	(chưa dùng)	Bao tay	94	giao dịch được	未使用
10472195	(chưa dùng)	Bao tay	95	giao dịch được	未使用
10472196	(chưa dùng)	Bao tay	96	giao dịch được	未使用
10472197	(chưa dùng)	Bao tay	97	giao dịch được	未使用
10472198	(chưa dùng)	Bao tay	98	giao dịch được	未使用
10472199	(chưa dùng)	Bao tay	99	giao dịch được	未使用
10472200	(chưa dùng)	Bao tay	100	giao dịch được	未使用
10473000	(chưa dùng)	Áo	90	giao dịch được	未使用
10473001	(chưa dùng)	Áo	81	giao dịch được	未使用
10473002	(chưa dùng)	Áo	82	giao dịch được	未使用
10473003	(chưa dùng)	Áo	83	giao dịch được	未使用
10473004	(chưa dùng)	Áo	84	giao dịch được	未使用
10473005	(chưa dùng)	Áo	85	giao dịch được	未使用
10473006	(chưa dùng)	Áo	86	giao dịch được	未使用
10473007	(chưa dùng)	Áo	87	giao dịch được	未使用
10473008	(chưa dùng)	Áo	88	giao dịch được	未使用
10473009	(chưa dùng)	Áo	89	giao dịch được	未使用
10473010	(chưa dùng)	Áo	90	giao dịch được	未使用
10473011	(chưa dùng)	Áo	81	giao dịch được	未使用
10473012	(chưa dùng)	Áo	82	giao dịch được	未使用
10473013	(chưa dùng)	Áo	83	giao dịch được	未使用
10473014	(chưa dùng)	Áo	84	giao dịch được	未使用
10473015	(chưa dùng)	Áo	85	giao dịch được	未使用
10473016	(chưa dùng)	Áo	86	giao dịch được	未使用
10473017	(chưa dùng)	Áo	87	giao dịch được	未使用
10473018	(chưa dùng)	Áo	88	giao dịch được	未使用
10473019	(chưa dùng)	Áo	89	giao dịch được	未使用
10473020	(chưa dùng)	Áo	90	giao dịch được	未使用
10473021	(chưa dùng)	Áo	81	giao dịch được	未使用
10473022	(chưa dùng)	Áo	82	giao dịch được	未使用
10473023	(chưa dùng)	Áo	83	giao dịch được	未使用
10473024	(chưa dùng)	Áo	84	giao dịch được	未使用
10473025	(chưa dùng)	Áo	85	giao dịch được	未使用
10473026	(chưa dùng)	Áo	86	giao dịch được	未使用
10473027	(chưa dùng)	Áo	87	giao dịch được	未使用
10473028	(chưa dùng)	Áo	88	giao dịch được	未使用
10473029	(chưa dùng)	Áo	89	giao dịch được	未使用
10473030	(chưa dùng)	Áo	90	giao dịch được	未使用
10473031	(chưa dùng)	Áo	81	giao dịch được	未使用
10473032	(chưa dùng)	Áo	82	giao dịch được	未使用
10473033	(chưa dùng)	Áo	83	giao dịch được	未使用
10473034	(chưa dùng)	Áo	84	giao dịch được	未使用
10473035	(chưa dùng)	Áo	85	giao dịch được	未使用
10473036	(chưa dùng)	Áo	86	giao dịch được	未使用
10473037	(chưa dùng)	Áo	87	giao dịch được	未使用
10473038	(chưa dùng)	Áo	88	giao dịch được	未使用
10473039	(chưa dùng)	Áo	89	giao dịch được	未使用
10473040	(chưa dùng)	Áo	90	giao dịch được	未使用
10473041	(chưa dùng)	Áo	81	giao dịch được	未使用
10473042	(chưa dùng)	Áo	82	giao dịch được	未使用
10473043	(chưa dùng)	Áo	83	giao dịch được	未使用
10473044	(chưa dùng)	Áo	84	giao dịch được	未使用
10473045	(chưa dùng)	Áo	85	giao dịch được	未使用
10473046	(chưa dùng)	Áo	86	giao dịch được	未使用
10473047	(chưa dùng)	Áo	87	giao dịch được	未使用
10473048	(chưa dùng)	Áo	88	giao dịch được	未使用
10473049	(chưa dùng)	Áo	89	giao dịch được	未使用
10473050	(chưa dùng)	Áo	90	giao dịch được	未使用
10473051	(chưa dùng)	Áo	91	giao dịch được	未使用
10473052	(chưa dùng)	Áo	92	giao dịch được	未使用
10473053	(chưa dùng)	Áo	93	giao dịch được	未使用
10473054	(chưa dùng)	Áo	94	giao dịch được	未使用
10473055	(chưa dùng)	Áo	95	giao dịch được	未使用
10473056	(chưa dùng)	Áo	96	giao dịch được	未使用
10473057	(chưa dùng)	Áo	97	giao dịch được	未使用
10473058	(chưa dùng)	Áo	98	giao dịch được	未使用
10473059	(chưa dùng)	Áo	99	giao dịch được	未使用
10473060	(chưa dùng)	Áo	100	giao dịch được	未使用
10473061	(chưa dùng)	Áo	91	giao dịch được	未使用
10473062	(chưa dùng)	Áo	92	giao dịch được	未使用
10473063	(chưa dùng)	Áo	93	giao dịch được	未使用
10473064	(chưa dùng)	Áo	94	giao dịch được	未使用
10473065	(chưa dùng)	Áo	95	giao dịch được	未使用
10473066	(chưa dùng)	Áo	96	giao dịch được	未使用
10473067	(chưa dùng)	Áo	97	giao dịch được	未使用
10473068	(chưa dùng)	Áo	98	giao dịch được	未使用
10473069	(chưa dùng)	Áo	99	giao dịch được	未使用
10473070	(chưa dùng)	Áo	100	giao dịch được	未使用
10473071	(chưa dùng)	Áo	91	giao dịch được	未使用
10473072	(chưa dùng)	Áo	92	giao dịch được	未使用
10473073	(chưa dùng)	Áo	93	giao dịch được	未使用
10473074	(chưa dùng)	Áo	94	giao dịch được	未使用
10473075	(chưa dùng)	Áo	95	giao dịch được	未使用
10473076	(chưa dùng)	Áo	96	giao dịch được	未使用
10473077	(chưa dùng)	Áo	97	giao dịch được	未使用
10473078	(chưa dùng)	Áo	98	giao dịch được	未使用
10473079	(chưa dùng)	Áo	99	giao dịch được	未使用
10473080	(chưa dùng)	Áo	100	giao dịch được	未使用
10473081	(chưa dùng)	Áo	91	giao dịch được	未使用
10473082	(chưa dùng)	Áo	92	giao dịch được	未使用
10473083	(chưa dùng)	Áo	93	giao dịch được	未使用
10473084	(chưa dùng)	Áo	94	giao dịch được	未使用
10473085	(chưa dùng)	Áo	95	giao dịch được	未使用
10473086	(chưa dùng)	Áo	96	giao dịch được	未使用
10473087	(chưa dùng)	Áo	97	giao dịch được	未使用
10473088	(chưa dùng)	Áo	98	giao dịch được	未使用
10473089	(chưa dùng)	Áo	99	giao dịch được	未使用
10473090	(chưa dùng)	Áo	100	giao dịch được	未使用
10473091	(chưa dùng)	Áo	91	giao dịch được	未使用
10473092	(chưa dùng)	Áo	92	giao dịch được	未使用
10473093	(chưa dùng)	Áo	93	giao dịch được	未使用
10473094	(chưa dùng)	Áo	94	giao dịch được	未使用
10473095	(chưa dùng)	Áo	95	giao dịch được	未使用
10473096	(chưa dùng)	Áo	96	giao dịch được	未使用
10473097	(chưa dùng)	Áo	97	giao dịch được	未使用
10473098	(chưa dùng)	Áo	98	giao dịch được	未使用
10473099	(chưa dùng)	Áo	99	giao dịch được	未使用
10473100	(chưa dùng)	Áo	100	giao dịch được	未使用
10473101	(chưa dùng)	Áo	91	giao dịch được	未使用
10473102	(chưa dùng)	Áo	92	giao dịch được	未使用
10473103	(chưa dùng)	Áo	93	giao dịch được	未使用
10473104	(chưa dùng)	Áo	94	giao dịch được	未使用
10473105	(chưa dùng)	Áo	95	giao dịch được	未使用
10473106	(chưa dùng)	Áo	96	giao dịch được	未使用
10473107	(chưa dùng)	Áo	97	giao dịch được	未使用
10473108	(chưa dùng)	Áo	98	giao dịch được	未使用
10473109	(chưa dùng)	Áo	99	giao dịch được	未使用
10473110	(chưa dùng)	Áo	100	giao dịch được	未使用
10473111	(chưa dùng)	Áo	91	giao dịch được	未使用
10473112	(chưa dùng)	Áo	92	giao dịch được	未使用
10473113	(chưa dùng)	Áo	93	giao dịch được	未使用
10473114	(chưa dùng)	Áo	94	giao dịch được	未使用
10473115	(chưa dùng)	Áo	95	giao dịch được	未使用
10473116	(chưa dùng)	Áo	96	giao dịch được	未使用
10473117	(chưa dùng)	Áo	97	giao dịch được	未使用
10473118	(chưa dùng)	Áo	98	giao dịch được	未使用
10473119	(chưa dùng)	Áo	99	giao dịch được	未使用
10473120	(chưa dùng)	Áo	100	giao dịch được	未使用
10473121	(chưa dùng)	Áo	91	giao dịch được	未使用
10473122	(chưa dùng)	Áo	92	giao dịch được	未使用
10473123	(chưa dùng)	Áo	93	giao dịch được	未使用
10473124	(chưa dùng)	Áo	94	giao dịch được	未使用
10473125	(chưa dùng)	Áo	95	giao dịch được	未使用
10473126	(chưa dùng)	Áo	96	giao dịch được	未使用
10473127	(chưa dùng)	Áo	97	giao dịch được	未使用
10473128	(chưa dùng)	Áo	98	giao dịch được	未使用
10473129	(chưa dùng)	Áo	99	giao dịch được	未使用
10473130	(chưa dùng)	Áo	100	giao dịch được	未使用
10473131	(chưa dùng)	Áo	91	giao dịch được	未使用
10473132	(chưa dùng)	Áo	92	giao dịch được	未使用
10473133	(chưa dùng)	Áo	93	giao dịch được	未使用
10473134	(chưa dùng)	Áo	94	giao dịch được	未使用
10473135	(chưa dùng)	Áo	95	giao dịch được	未使用
10473136	(chưa dùng)	Áo	96	giao dịch được	未使用
10473137	(chưa dùng)	Áo	97	giao dịch được	未使用
10473138	(chưa dùng)	Áo	98	giao dịch được	未使用
10473139	(chưa dùng)	Áo	99	giao dịch được	未使用
10473140	(chưa dùng)	Áo	100	giao dịch được	未使用
10473141	(chưa dùng)	Áo	91	giao dịch được	未使用
10473142	(chưa dùng)	Áo	92	giao dịch được	未使用
10473143	(chưa dùng)	Áo	93	giao dịch được	未使用
10473144	(chưa dùng)	Áo	94	giao dịch được	未使用
10473145	(chưa dùng)	Áo	95	giao dịch được	未使用
10473146	(chưa dùng)	Áo	96	giao dịch được	未使用
10473147	(chưa dùng)	Áo	97	giao dịch được	未使用
10473148	(chưa dùng)	Áo	98	giao dịch được	未使用
10473149	(chưa dùng)	Áo	99	giao dịch được	未使用
10473150	(chưa dùng)	Áo	100	giao dịch được	未使用
10473151	(chưa dùng)	Áo	91	giao dịch được	未使用
10473152	(chưa dùng)	Áo	92	giao dịch được	未使用
10473153	(chưa dùng)	Áo	93	giao dịch được	未使用
10473154	(chưa dùng)	Áo	94	giao dịch được	未使用
10473155	(chưa dùng)	Áo	95	giao dịch được	未使用
10473156	(chưa dùng)	Áo	96	giao dịch được	未使用
10473157	(chưa dùng)	Áo	97	giao dịch được	未使用
10473158	(chưa dùng)	Áo	98	giao dịch được	未使用
10473159	(chưa dùng)	Áo	99	giao dịch được	未使用
10473160	(chưa dùng)	Áo	100	giao dịch được	未使用
10473161	(chưa dùng)	Áo	91	giao dịch được	未使用
10473162	(chưa dùng)	Áo	92	giao dịch được	未使用
10473163	(chưa dùng)	Áo	93	giao dịch được	未使用
10473164	(chưa dùng)	Áo	94	giao dịch được	未使用
10473165	(chưa dùng)	Áo	95	giao dịch được	未使用
10473166	(chưa dùng)	Áo	96	giao dịch được	未使用
10473167	(chưa dùng)	Áo	97	giao dịch được	未使用
10473168	(chưa dùng)	Áo	98	giao dịch được	未使用
10473169	(chưa dùng)	Áo	99	giao dịch được	未使用
10473170	(chưa dùng)	Áo	100	giao dịch được	未使用
10473171	(chưa dùng)	Áo	91	giao dịch được	未使用
10473172	(chưa dùng)	Áo	92	giao dịch được	未使用
10473173	(chưa dùng)	Áo	93	giao dịch được	未使用
10473174	(chưa dùng)	Áo	94	giao dịch được	未使用
10473175	(chưa dùng)	Áo	95	giao dịch được	未使用
10473176	(chưa dùng)	Áo	96	giao dịch được	未使用
10473177	(chưa dùng)	Áo	97	giao dịch được	未使用
10473178	(chưa dùng)	Áo	98	giao dịch được	未使用
10473179	(chưa dùng)	Áo	99	giao dịch được	未使用
10473180	(chưa dùng)	Áo	100	giao dịch được	未使用
10473181	(chưa dùng)	Áo	91	giao dịch được	未使用
10473182	(chưa dùng)	Áo	92	giao dịch được	未使用
10473183	(chưa dùng)	Áo	93	giao dịch được	未使用
10473184	(chưa dùng)	Áo	94	giao dịch được	未使用
10473185	(chưa dùng)	Áo	95	giao dịch được	未使用
10473186	(chưa dùng)	Áo	96	giao dịch được	未使用
10473187	(chưa dùng)	Áo	97	giao dịch được	未使用
10473188	(chưa dùng)	Áo	98	giao dịch được	未使用
10473189	(chưa dùng)	Áo	99	giao dịch được	未使用
10473190	(chưa dùng)	Áo	100	giao dịch được	未使用
10473191	(chưa dùng)	Áo	91	giao dịch được	未使用
10473192	(chưa dùng)	Áo	92	giao dịch được	未使用
10473193	(chưa dùng)	Áo	93	giao dịch được	未使用
10473194	(chưa dùng)	Áo	94	giao dịch được	未使用
10473195	(chưa dùng)	Áo	95	giao dịch được	未使用
10473196	(chưa dùng)	Áo	96	giao dịch được	未使用
10473197	(chưa dùng)	Áo	97	giao dịch được	未使用
10473198	(chưa dùng)	Áo	98	giao dịch được	未使用
10473199	(chưa dùng)	Áo	99	giao dịch được	未使用
10473200	(chưa dùng)	Áo	100	giao dịch được	未使用
10500000	Tu Bích	Đao phủ	100	khóa khi mặc	修碧
10500001	(chưa dùng)	Đao phủ	100	khóa khi mặc	未使用
10500002	Vi Đà	Đao phủ	30	khóa khi mặc	韦陀
10500003	(chưa dùng)	Đao phủ	100	khóa khi mặc	未使用
10500004	(chưa dùng)	Đao phủ	50	khóa khi mặc	未使用
10500005	La Hán	Đao phủ	60	khóa khi mặc	罗汉
10500006	(chưa dùng)	Đao phủ	70	khóa khi mặc	未使用
10500007	(chưa dùng)	Đao phủ	80	khóa khi mặc	未使用
10500008	Quy Ai	Đao phủ	90	khóa khi mặc	归埃
10500009	Bồ Đề	Đao phủ	100	khóa khi mặc	菩提
10500010	(chưa dùng)	Đao phủ	10	khóa khi mặc	未使用
10500011	(chưa dùng)	Đao phủ	20	khóa khi mặc	未使用
10500012	Liệt Diễm	Đao phủ	30	khóa khi mặc	烈焰
10500013	(chưa dùng)	Đao phủ	40	khóa khi mặc	未使用
10500014	(chưa dùng)	Đao phủ	50	khóa khi mặc	未使用
10500015	Quy Trần	Đao phủ	60	khóa khi mặc	归尘
10500016	(chưa dùng)	Đao phủ	70	khóa khi mặc	未使用
10500017	(chưa dùng)	Đao phủ	80	khóa khi mặc	未使用
10500018	Thánh Hoả	Đao phủ	90	khóa khi mặc	圣火
10500019	Cửu Dương	Đao phủ	100	khóa khi mặc	九阳
10501000	(chưa dùng)	Thương bổng	100	khóa khi mặc	未使用
10501001	(chưa dùng)	Thương bổng	100	khóa khi mặc	未使用
10501002	Kiến Long	Thương bổng	30	khóa khi mặc	见龙
10501003	(chưa dùng)	Thương bổng	100	khóa khi mặc	未使用
10501004	(chưa dùng)	Thương bổng	50	khóa khi mặc	未使用
10501005	Tù Long	Thương bổng	60	khóa khi mặc	囚龙
10501006	(chưa dùng)	Thương bổng	70	khóa khi mặc	未使用
10501007	(chưa dùng)	Thương bổng	80	khóa khi mặc	未使用
10501008	Cầm Long	Thương bổng	90	khóa khi mặc	擒龙
10501009	Côn Bằng	Thương bổng	100	khóa khi mặc	鲲鹏
10502000	(chưa dùng)	Đoản binh	10	khóa khi mặc	未使用
10502001	(chưa dùng)	Đoản binh	20	khóa khi mặc	未使用
10502002	Tứ Tượng	Đoản binh	30	khóa khi mặc	四象
10502003	(chưa dùng)	Đoản binh	40	khóa khi mặc	未使用
10502004	(chưa dùng)	Đoản binh	50	khóa khi mặc	未使用
10502005	Âm Dương	Đoản binh	60	khóa khi mặc	阴阳
10502006	(chưa dùng)	Đoản binh	70	khóa khi mặc	未使用
10502007	(chưa dùng)	Đoản binh	80	khóa khi mặc	未使用
10502008	Thái Cực	Đoản binh	90	khóa khi mặc	太极
10502009	Huyền Cơ	Đoản binh	100	khóa khi mặc	玄机
10503000	(chưa dùng)	Song đoản	10	khóa khi mặc	未使用
10503001	(chưa dùng)	Song đoản	20	khóa khi mặc	未使用
10503002	Cửu Ảnh	Song đoản	30	khóa khi mặc	九影
10503003	(chưa dùng)	Song đoản	40	khóa khi mặc	未使用
10503004	(chưa dùng)	Song đoản	50	khóa khi mặc	未使用
10503005	Phiêu Tuyết	Song đoản	60	khóa khi mặc	飘雪
10503006	(chưa dùng)	Song đoản	70	khóa khi mặc	未使用
10503007	(chưa dùng)	Song đoản	80	khóa khi mặc	未使用
10503008	Hồi Tâm	Song đoản	90	khóa khi mặc	回心
10503009	Thần Phệ	Song đoản	100	khóa khi mặc	神噬
10503010	(chưa dùng)	Song đoản	10	khóa khi mặc	未使用
10503011	(chưa dùng)	Song đoản	20	khóa khi mặc	未使用
10503012	Trừu Tuỷ	Song đoản	30	khóa khi mặc	抽髓
10503013	(chưa dùng)	Song đoản	40	khóa khi mặc	未使用
10503014	(chưa dùng)	Song đoản	50	khóa khi mặc	未使用
10503015	Đoạt Hồn	Song đoản	60	khóa khi mặc	夺魂
10503016	(chưa dùng)	Song đoản	70	khóa khi mặc	未使用
10503017	(chưa dùng)	Song đoản	80	khóa khi mặc	未使用
10503018	Thần Mộc	Song đoản	90	khóa khi mặc	神木
10503019	Lưu Hồn	Song đoản	100	khóa khi mặc	流魂
10504000	(chưa dùng)	Quạt	10	khóa khi mặc	未使用
10504001	(chưa dùng)	Quạt	20	khóa khi mặc	未使用
10504002	Cuộn Vô	Quạt	30	khóa khi mặc	卷无
10504003	(chưa dùng)	Quạt	40	khóa khi mặc	未使用
10504004	(chưa dùng)	Quạt	50	khóa khi mặc	未使用
10504005	Lục Dương	Quạt	60	khóa khi mặc	六阳
10504006	(chưa dùng)	Quạt	70	khóa khi mặc	未使用
10504007	(chưa dùng)	Quạt	80	khóa khi mặc	未使用
10504008	Tâm Vân	Quạt	90	khóa khi mặc	心云
10504009	Bích Lạc	Quạt	100	khóa khi mặc	碧落
10504010	(chưa dùng)	Quạt	10	khóa khi mặc	未使用
10504011	(chưa dùng)	Quạt	20	khóa khi mặc	未使用
10504012	Thương Trúc	Quạt	30	khóa khi mặc	苍竹
10504013	(chưa dùng)	Quạt	40	khóa khi mặc	未使用
10504014	(chưa dùng)	Quạt	50	khóa khi mặc	未使用
10504015	Lạc Anh	Quạt	60	khóa khi mặc	落英
10504016	(chưa dùng)	Quạt	70	khóa khi mặc	未使用
10504017	(chưa dùng)	Quạt	80	khóa khi mặc	未使用
10504018	Lăng Yên	Quạt	90	khóa khi mặc	淩烟
10504019	Hành Vân	Quạt	100	khóa khi mặc	行云
10505000	(chưa dùng)	Hoàn	10	khóa khi mặc	未使用
10505001	(chưa dùng)	Hoàn	20	khóa khi mặc	未使用
10505002	Trung Xung	Hoàn	30	khóa khi mặc	中冲
10505003	(chưa dùng)	Hoàn	40	khóa khi mặc	未使用
10505004	(chưa dùng)	Hoàn	50	khóa khi mặc	未使用
10505005	Thương Dương	Hoàn	60	khóa khi mặc	商阳
10505006	(chưa dùng)	Hoàn	70	khóa khi mặc	未使用
10505007	(chưa dùng)	Hoàn	80	khóa khi mặc	未使用
10505008	Thiên Nam	Hoàn	90	khóa khi mặc	天南
10505009	Thương Ngọc	Hoàn	100	khóa khi mặc	苍玉
10510000	Ma Kha Vân Thiết Khôi	Mũ	10	khóa khi mặc	摩柯云铁盔
10510001	(chưa dùng)	Mũ	20	khóa khi mặc	未使用
10510002	(chưa dùng)	Mũ	30	khóa khi mặc	未使用
10510003	(chưa dùng)	Mũ	40	khóa khi mặc	未使用
10510004	(chưa dùng)	Mũ	50	khóa khi mặc	未使用
10510005	La Hán Phồn Thiết Khôi	Mũ	60	khóa khi mặc	罗汉繁铁盔
10510006	Ma Thiên Ngự Thiết Khôi	Mũ	70	khóa khi mặc	摩天御铁盔
10510007	(chưa dùng)	Mũ	80	khóa khi mặc	未使用
10510008	Quy Ai Vân Chi Khôi	Mũ	90	khóa khi mặc	归埃云之盔
10510009	Bồ Đề Nguyệt Mẫn Khôi	Mũ	100	khóa khi mặc	菩提月闵盔
10510010	(chưa dùng)	Mũ	10	khóa khi mặc	未使用
10510011	(chưa dùng)	Mũ	20	khóa khi mặc	未使用
10510012	Liệt Diễm Nghi Thiết Khôi	Mũ	30	khóa khi mặc	烈焰仪铁盔
10510013	Nộ Diễm Hàn Thiết Khôi	Mũ	40	khóa khi mặc	怒焰寒铁盔
10510014	(chưa dùng)	Mũ	50	khóa khi mặc	未使用
10510015	(chưa dùng)	Mũ	60	khóa khi mặc	未使用
10510016	(chưa dùng)	Mũ	70	khóa khi mặc	未使用
10510017	Phần Diệt Mộ Nguyệt Quan	Mũ	80	khóa khi mặc	焚灭暮月冠
10510018	(chưa dùng)	Mũ	90	khóa khi mặc	未使用
10510019	Cửu Dương Bích Lân Khôi	Mũ	100	khóa khi mặc	九阳碧麟盔
10510020	(chưa dùng)	Mũ	10	khóa khi mặc	未使用
10510021	Tiềm Long Nhu Thiết Khôi	Mũ	20	khóa khi mặc	潜龙柔铁盔
10510022	(chưa dùng)	Mũ	30	khóa khi mặc	未使用
10510023	Long Chiến Tiềm Thiết Khôi	Mũ	40	khóa khi mặc	龙战潜铁盔
10510024	(chưa dùng)	Mũ	50	khóa khi mặc	未使用
10510025	(chưa dùng)	Mũ	60	khóa khi mặc	未使用
10510026	Thăng Long Bích Lạc Khôi	Mũ	70	khóa khi mặc	升龙碧落盔
10510027	(chưa dùng)	Mũ	80	khóa khi mặc	未使用
10510028	(chưa dùng)	Mũ	90	khóa khi mặc	未使用
10510029	Côn Bằng Ai Thương Chi Khôi	Mũ	100	khóa khi mặc	鲲鹏哀伤之盔
10510030	Vô Cực Khiên Ti Mạo	Mũ	10	khóa khi mặc	无极纤丝帽
10510031	(chưa dùng)	Mũ	20	khóa khi mặc	未使用
10510032	(chưa dùng)	Mũ	30	khóa khi mặc	未使用
10510033	(chưa dùng)	Mũ	40	khóa khi mặc	未使用
10510034	(chưa dùng)	Mũ	50	khóa khi mặc	未使用
10510035	Âm Dương Khiên Trù Mạo	Mũ	60	khóa khi mặc	阴阳纤绸帽
10510036	Hình Ý Tố Nguyệt Mạo	Mũ	70	khóa khi mặc	形意素月帽
10510037	(chưa dùng)	Mũ	80	khóa khi mặc	未使用
10510038	Thái Cực Khấp Hoả Quan	Mũ	90	khóa khi mặc	太极泣火冠
10510039	Huyền Cơ Minh Thiên Quan	Mũ	100	khóa khi mặc	玄机冥天冠
10510040	(chưa dùng)	Mũ	10	khóa khi mặc	未使用
10510041	(chưa dùng)	Mũ	20	khóa khi mặc	未使用
10510042	Cửu Ảnh Minh Nguyệt Mạo	Mũ	30	khóa khi mặc	九影明月帽
10510043	Nhiếp Hồn Túc Dạ Mạo	Mũ	40	khóa khi mặc	摄魂宿夜帽
10510044	(chưa dùng)	Mũ	50	khóa khi mặc	未使用
10510045	(chưa dùng)	Mũ	60	khóa khi mặc	未使用
10510046	(chưa dùng)	Mũ	70	khóa khi mặc	未使用
10510047	Ngọc Nữ Vịnh Nguyệt Quan	Mũ	80	khóa khi mặc	玉女咏月冠
10510048	(chưa dùng)	Mũ	90	khóa khi mặc	未使用
10510049	Thần Phệ Ngọc Lạc Quan	Mũ	100	khóa khi mặc	神噬玉落冠
10510050	(chưa dùng)	Mũ	10	khóa khi mặc	未使用
10510051	Tam Âm 璓 Miễn Mạo	Mũ	20	khóa khi mặc	三阴璓勉帽
10510052	(chưa dùng)	Mũ	30	khóa khi mặc	未使用
10510053	Triền Hồn Huyền Minh Mạo	Mũ	40	khóa khi mặc	缠魂玄明帽
10510054	(chưa dùng)	Mũ	50	khóa khi mặc	未使用
10510055	(chưa dùng)	Mũ	60	khóa khi mặc	未使用
10510056	Luyện Tâm Mị Nguyệt Quan	Mũ	70	khóa khi mặc	炼心魅月冠
10510057	(chưa dùng)	Mũ	80	khóa khi mặc	未使用
10510058	(chưa dùng)	Mũ	90	khóa khi mặc	未使用
10510059	Lưu Hồn Túc Diệt Quan	Mũ	100	khóa khi mặc	流魂宿灭冠
10510060	Đạp Tuyết Phân Kim Thủ	Mũ	10	khóa khi mặc	踏雪分金首
10510061	(chưa dùng)	Mũ	20	khóa khi mặc	未使用
10510062	(chưa dùng)	Mũ	30	khóa khi mặc	未使用
10510063	(chưa dùng)	Mũ	40	khóa khi mặc	未使用
10510064	(chưa dùng)	Mũ	50	khóa khi mặc	未使用
10510065	Lục Dương Hoán Mị Thủ	Mũ	60	khóa khi mặc	六阳焕魅首
10510066	Nguyệt Phàm Mộ Vân Thủ	Mũ	70	khóa khi mặc	月凡暮云首
10510067	(chưa dùng)	Mũ	80	khóa khi mặc	未使用
10510068	Tâm Vân Lăng Tuyết Thủ	Mũ	90	khóa khi mặc	心云淩雪首
10510069	Bích Lạc Tả Ngân Thủ	Mũ	100	khóa khi mặc	碧落泻银首
10510070	(chưa dùng)	Mũ	10	khóa khi mặc	未使用
10510071	(chưa dùng)	Mũ	20	khóa khi mặc	未使用
10510072	Thương Trúc Thuý Lân Thủ	Mũ	30	khóa khi mặc	苍竹翠麟首
10510073	Chiết Mai Vân Long Thủ	Mũ	40	khóa khi mặc	折梅云龙首
10510074	(chưa dùng)	Mũ	50	khóa khi mặc	未使用
10510075	(chưa dùng)	Mũ	60	khóa khi mặc	未使用
10510076	(chưa dùng)	Mũ	70	khóa khi mặc	未使用
10510077	Tru Tiên Thuý Trúc Thủ	Mũ	80	khóa khi mặc	诛仙翠竹首
10510078	(chưa dùng)	Mũ	90	khóa khi mặc	未使用
10510079	Hành Vân Trục Nguyệt Thủ	Mũ	100	khóa khi mặc	行云逐月首
10510080	(chưa dùng)	Mũ	10	khóa khi mặc	未使用
10510081	Nhất Dương Long Ngâm Thủ	Mũ	20	khóa khi mặc	一阳龙吟首
10510082	(chưa dùng)	Mũ	30	khóa khi mặc	未使用
10510083	Thiểu Thương Mộ Lạc Thủ	Mũ	40	khóa khi mặc	少商暮落首
10510084	(chưa dùng)	Mũ	50	khóa khi mặc	未使用
10510085	(chưa dùng)	Mũ	60	khóa khi mặc	未使用
10510086	Quan Xung Mộc Vũ Thủ	Mũ	70	khóa khi mặc	关冲沐羽首
10510087	(chưa dùng)	Mũ	80	khóa khi mặc	未使用
10510088	(chưa dùng)	Mũ	90	khóa khi mặc	未使用
10510089	Thương Ngọc Long Lân Thủ	Mũ	100	khóa khi mặc	苍玉龙麟首
10510090	Độ Lô Tây Thục Đoan	Mũ	76	khóa	渡泸西蜀端
10510091	Ỷ Lâu Khê Tà Luân	Mũ	76	khóa	倚楼溪斜纶
10510092	Ngọc Cốt Yên Vân Quan	Mũ	86	khóa	玉骨烟云冠
10510093	Trần Phất Vũ Phong Quan	Mũ	86	khóa	尘拂舞风冠
10510094	Hương Phần Hồng Lâu Tuyệt	Mũ	86	khóa	香焚红楼绝
10510095	Cầm Hoành Ly Tình Quan	Mũ	86	khóa	琴横离情冠
10511000	Ma Kha Vân Thiết Hài	Giày	10	khóa khi mặc	摩柯云铁鞋
10511001	(chưa dùng)	Giày	20	khóa khi mặc	未使用
10511002	(chưa dùng)	Giày	30	khóa khi mặc	未使用
10511003	(chưa dùng)	Giày	40	khóa khi mặc	未使用
10511004	Ban Nhược Ngân Thiết Hài	Giày	50	khóa khi mặc	般若银铁鞋
10511005	(chưa dùng)	Giày	60	khóa khi mặc	未使用
10511006	(chưa dùng)	Giày	70	khóa khi mặc	未使用
10511007	Vô Trần Luyện Thiết Hài	Giày	80	khóa khi mặc	无尘炼铁鞋
10511008	(chưa dùng)	Giày	90	khóa khi mặc	未使用
10511009	Bồ Đề Nguyệt Lưu Hài	Giày	100	khóa khi mặc	菩提月流鞋
10511010	(chưa dùng)	Giày	10	khóa khi mặc	未使用
10511011	(chưa dùng)	Giày	20	khóa khi mặc	未使用
10511012	Liệt Diễm Nghi Thiết Hài	Giày	30	khóa khi mặc	烈焰仪铁鞋
10511013	(chưa dùng)	Giày	40	khóa khi mặc	未使用
10511014	Địa Hoả Duyên Thiết Hài	Giày	50	khóa khi mặc	地火缘铁鞋
10511015	(chưa dùng)	Giày	60	khóa khi mặc	未使用
10511016	Thiên Hoả Lưu Vân Hài	Giày	70	khóa khi mặc	天火流云鞋
10511017	(chưa dùng)	Giày	80	khóa khi mặc	未使用
10511018	Thánh Hoả Lăng Ba Cước	Giày	90	khóa khi mặc	圣火淩波脚
10511019	Cửu Dương Bích Lân Hài	Giày	100	khóa khi mặc	九阳碧麟鞋
10511020	(chưa dùng)	Giày	10	khóa khi mặc	未使用
10511021	Tiềm Long Nhu Thiết Hài	Giày	20	khóa khi mặc	潜龙柔铁鞋
10511022	(chưa dùng)	Giày	30	khóa khi mặc	未使用
10511023	(chưa dùng)	Giày	40	khóa khi mặc	未使用
10511024	(chưa dùng)	Giày	50	khóa khi mặc	未使用
10511025	Tù Long Tàn Thiết Hài	Giày	60	khóa khi mặc	囚龙残铁鞋
10511026	(chưa dùng)	Giày	70	khóa khi mặc	未使用
10511027	(chưa dùng)	Giày	80	khóa khi mặc	未使用
10511028	Cầm Long Thúc Thiết Hài	Giày	90	khóa khi mặc	擒龙束铁鞋
10511029	Côn Bằng Ai Thương Chi Hài	Giày	100	khóa khi mặc	鲲鹏哀伤之鞋
10511030	Vô Cực Khiên Ti Hài	Giày	10	khóa khi mặc	无极纤丝鞋
10511031	(chưa dùng)	Giày	20	khóa khi mặc	未使用
10511032	(chưa dùng)	Giày	30	khóa khi mặc	未使用
10511033	(chưa dùng)	Giày	40	khóa khi mặc	未使用
10511034	Bát Quái Miên Ma Hài	Giày	50	khóa khi mặc	八卦棉麻鞋
10511035	(chưa dùng)	Giày	60	khóa khi mặc	未使用
10511036	(chưa dùng)	Giày	70	khóa khi mặc	未使用
10511037	Ngũ Hành Phồn Ti Hài	Giày	80	khóa khi mặc	五行繁丝鞋
10511038	(chưa dùng)	Giày	90	khóa khi mặc	未使用
10511039	Huyền Cơ Minh Thiên Hài	Giày	100	khóa khi mặc	玄机冥天鞋
10511040	(chưa dùng)	Giày	10	khóa khi mặc	未使用
10511041	(chưa dùng)	Giày	20	khóa khi mặc	未使用
10511042	Cửu Ảnh Minh Nguyệt Hài	Giày	30	khóa khi mặc	九影明月鞋
10511043	(chưa dùng)	Giày	40	khóa khi mặc	未使用
10511044	Khống Hạc Quang Tú Hài	Giày	50	khóa khi mặc	控鹤光秀鞋
10511045	(chưa dùng)	Giày	60	khóa khi mặc	未使用
10511046	Hạc Ảnh Lưu Huỳnh Hài	Giày	70	khóa khi mặc	鹤影流萤鞋
10511047	(chưa dùng)	Giày	80	khóa khi mặc	未使用
10511048	Hồi Tâm Dung Tuyết Hài	Giày	90	khóa khi mặc	回心融雪鞋
10511049	Thần Phệ Ngọc Lạc Hài	Giày	100	khóa khi mặc	神噬玉落鞋
10511050	(chưa dùng)	Giày	10	khóa khi mặc	未使用
10511051	Tam Âm 璓 Miễn Hài	Giày	20	khóa khi mặc	三阴璓勉鞋
10511052	(chưa dùng)	Giày	30	khóa khi mặc	未使用
10511053	(chưa dùng)	Giày	40	khóa khi mặc	未使用
10511054	(chưa dùng)	Giày	50	khóa khi mặc	未使用
10511055	Đoạt Hồn Trần Ti Hài	Giày	60	khóa khi mặc	夺魂尘丝鞋
10511056	(chưa dùng)	Giày	70	khóa khi mặc	未使用
10511057	(chưa dùng)	Giày	80	khóa khi mặc	未使用
10511058	Thần Mộc Kỳ Lân Hài	Giày	90	khóa khi mặc	神木麒麟鞋
10511059	Lưu Hồn Túc Diệt Hài	Giày	100	khóa khi mặc	流魂宿灭鞋
10511060	Đạp Tuyết Phân Kim Hài	Giày	10	khóa khi mặc	踏雪分金鞋
10511061	(chưa dùng)	Giày	20	khóa khi mặc	未使用
10511062	(chưa dùng)	Giày	30	khóa khi mặc	未使用
10511063	(chưa dùng)	Giày	40	khóa khi mặc	未使用
10511064	Bát Hoang Đoạn Vân Hài	Giày	50	khóa khi mặc	八荒断云鞋
10511065	(chưa dùng)	Giày	60	khóa khi mặc	未使用
10511066	(chưa dùng)	Giày	70	khóa khi mặc	未使用
10511067	Địa Hạc Nghịch Trần Hài	Giày	80	khóa khi mặc	地鹤逆尘鞋
10511068	(chưa dùng)	Giày	90	khóa khi mặc	未使用
10511069	Bích Lạc Tả Ngân Hài	Giày	100	khóa khi mặc	碧落泻银鞋
10511070	(chưa dùng)	Giày	10	khóa khi mặc	未使用
10511071	(chưa dùng)	Giày	20	khóa khi mặc	未使用
10511072	Thương Trúc Thuý Lân Hài	Giày	30	khóa khi mặc	苍竹翠麟鞋
10511073	(chưa dùng)	Giày	40	khóa khi mặc	未使用
10511074	Thuần Dương Tán Tuyết Hài	Giày	50	khóa khi mặc	纯阳散雪鞋
10511075	(chưa dùng)	Giày	60	khóa khi mặc	未使用
10511076	Độn Giáp Lạc Bích Hài	Giày	70	khóa khi mặc	遁甲落碧鞋
10511077	(chưa dùng)	Giày	80	khóa khi mặc	未使用
10511078	Lăng Yên Diệt Lân Hài	Giày	90	khóa khi mặc	淩烟灭麟鞋
10511079	Hành Vân Trục Nguyệt Hài	Giày	100	khóa khi mặc	行云逐月鞋
10511080	(chưa dùng)	Giày	10	khóa khi mặc	未使用
10511081	Nhất Dương Long Ngâm Hài	Giày	20	khóa khi mặc	一阳龙吟鞋
10511082	(chưa dùng)	Giày	30	khóa khi mặc	未使用
10511083	(chưa dùng)	Giày	40	khóa khi mặc	未使用
10511084	(chưa dùng)	Giày	50	khóa khi mặc	未使用
10511085	Thương Dương Thánh Ngọc Hài	Giày	60	khóa khi mặc	商阳圣玉鞋
10511086	(chưa dùng)	Giày	70	khóa khi mặc	未使用
10511087	(chưa dùng)	Giày	80	khóa khi mặc	未使用
10511088	Thiên Nam Giao Long Hài	Giày	90	khóa khi mặc	天南蛟龙鞋
10511089	Thương Ngọc Long Lân Cước	Giày	100	khóa khi mặc	苍玉龙麟脚
10511090	Minh Nguyệt Tố Ảnh Ngoa	Giày	76	khóa	明月素影靴
10511091	Bích Thiên Bắc Đẩu Ngoa	Giày	76	khóa	碧天北斗靴
10511092	Độ Lô Tây Thục Di	Giày	76	khóa	渡泸西蜀移
10511093	Ỷ Lâu Khê Tà Đạc	Giày	76	khóa	倚楼溪斜踱
10511094	Ngọc Cốt Yên Vân Hài	Giày	86	khóa	玉骨烟云鞋
10511095	Trần Phất Vũ Phong Lý	Giày	86	khóa	尘拂舞风履
10511096	Điêu Lan Phong Dạ Đạp	Giày	96	khóa	雕阑风夜踏
10511097	Thái Âm Trừng Hư Chi Ngân	Giày	96	khóa	太阴澄虚之痕
10511098	Ngân Tranh Lộng Huyền Tốc	Giày	96	khóa	银筝弄弦速
10511099	Hận Thiên Đăng Lâu Thuấn	Giày	96	khóa	恨天登楼瞬
10512000	Ma Kha Vân Thiết Thủ	Bao tay	10	khóa khi mặc	摩柯云铁手
10512001	(chưa dùng)	Bao tay	20	khóa khi mặc	未使用
10512002	(chưa dùng)	Bao tay	30	khóa khi mặc	未使用
10512003	Kim Cương Tán Thiết Thủ	Bao tay	40	khóa khi mặc	金刚散铁手
10512004	(chưa dùng)	Bao tay	50	khóa khi mặc	未使用
10512005	(chưa dùng)	Bao tay	60	khóa khi mặc	未使用
10512006	(chưa dùng)	Bao tay	70	khóa khi mặc	未使用
10512007	(chưa dùng)	Bao tay	80	khóa khi mặc	未使用
10512008	Quy Ai Vân Chi Thủ	Bao tay	90	khóa khi mặc	归埃云之手
10512009	Bồ Đề Nguyệt Ảnh Thủ	Bao tay	100	khóa khi mặc	菩提月影手
10512010	(chưa dùng)	Bao tay	10	khóa khi mặc	未使用
10512011	(chưa dùng)	Bao tay	20	khóa khi mặc	未使用
10512012	Liệt Diễm Nghi Thiết Thủ	Bao tay	30	khóa khi mặc	烈焰仪铁手
10512013	(chưa dùng)	Bao tay	40	khóa khi mặc	未使用
10512014	(chưa dùng)	Bao tay	50	khóa khi mặc	未使用
10512015	Quy Trần Tuyến Thiết Thủ	Bao tay	60	khóa khi mặc	归尘隽铁手
10512016	(chưa dùng)	Bao tay	70	khóa khi mặc	未使用
10512017	Phần Diệt Mộ Nguyệt Thủ	Bao tay	80	khóa khi mặc	焚灭暮月手
10512018	(chưa dùng)	Bao tay	90	khóa khi mặc	未使用
10512019	Cửu Dương Bích Lân Thủ	Bao tay	100	khóa khi mặc	九阳碧麟手
10512020	(chưa dùng)	Bao tay	10	khóa khi mặc	未使用
10512021	Tiềm Long Nhu Thiết Thủ	Bao tay	20	khóa khi mặc	潜龙柔铁手
10512022	(chưa dùng)	Bao tay	30	khóa khi mặc	未使用
10512023	Long Chiến Tiềm Thiết Thủ	Bao tay	40	khóa khi mặc	龙战潜铁手
10512024	(chưa dùng)	Bao tay	50	khóa khi mặc	未使用
10512025	(chưa dùng)	Bao tay	60	khóa khi mặc	未使用
10512026	Thăng Long Bích Lạc Thủ	Bao tay	70	khóa khi mặc	升龙碧落手
10512027	(chưa dùng)	Bao tay	80	khóa khi mặc	未使用
10512028	(chưa dùng)	Bao tay	90	khóa khi mặc	未使用
10512029	Côn Bằng Ai Thương Chi Thủ	Bao tay	100	khóa khi mặc	鲲鹏哀伤之手
10512030	Vô Cực Khiên Ti Thủ	Bao tay	10	khóa khi mặc	无极纤丝手
10512031	(chưa dùng)	Bao tay	20	khóa khi mặc	未使用
10512032	(chưa dùng)	Bao tay	30	khóa khi mặc	未使用
10512033	Lục Hợp Ti Ma Thủ	Bao tay	40	khóa khi mặc	六合丝麻手
10512034	(chưa dùng)	Bao tay	50	khóa khi mặc	未使用
10512035	(chưa dùng)	Bao tay	60	khóa khi mặc	未使用
10512036	(chưa dùng)	Bao tay	70	khóa khi mặc	未使用
10512037	(chưa dùng)	Bao tay	80	khóa khi mặc	未使用
10512038	Thái Cực Khấp Hoả Hộ Thủ	Bao tay	90	khóa khi mặc	太极泣火护手
10512039	Huyền Cơ Minh Thiên Thủ	Bao tay	100	khóa khi mặc	玄机冥天手
10512040	(chưa dùng)	Bao tay	10	khóa khi mặc	未使用
10512041	(chưa dùng)	Bao tay	20	khóa khi mặc	未使用
10512042	Cửu Ảnh Minh Nguyệt Thủ	Bao tay	30	khóa khi mặc	九影明月手
10512043	(chưa dùng)	Bao tay	40	khóa khi mặc	未使用
10512044	(chưa dùng)	Bao tay	50	khóa khi mặc	未使用
10512045	Phiêu Tuyết Nhuyễn Ti Thủ	Bao tay	60	khóa khi mặc	飘雪软丝手
10512046	(chưa dùng)	Bao tay	70	khóa khi mặc	未使用
10512047	Ngọc Nữ Vịnh Nguyệt Thủ	Bao tay	80	khóa khi mặc	玉女咏月手
10512048	(chưa dùng)	Bao tay	90	khóa khi mặc	未使用
10512049	Thần Phệ Ngọc Lạc Thủ	Bao tay	100	khóa khi mặc	神噬玉落手
10512050	(chưa dùng)	Bao tay	10	khóa khi mặc	未使用
10512051	Tam Âm 璓 Miễn Thủ	Bao tay	20	khóa khi mặc	三阴璓勉手
10512052	(chưa dùng)	Bao tay	30	khóa khi mặc	未使用
10512053	Triền Hồn Huyền Minh Thủ	Bao tay	40	khóa khi mặc	缠魂玄明手
10512054	(chưa dùng)	Bao tay	50	khóa khi mặc	未使用
10512055	(chưa dùng)	Bao tay	60	khóa khi mặc	未使用
10512056	Luyện Tâm Mị Nguyệt Hộ Thủ	Bao tay	70	khóa khi mặc	炼心魅月护手
10512057	(chưa dùng)	Bao tay	80	khóa khi mặc	未使用
10512058	(chưa dùng)	Bao tay	90	khóa khi mặc	未使用
10512059	Lưu Hồn Túc Diệt Thủ	Bao tay	100	khóa khi mặc	流魂宿灭手
10512060	Đạp Tuyết Phân Kim Thủ	Bao tay	10	khóa khi mặc	踏雪分金手
10512061	(chưa dùng)	Bao tay	20	khóa khi mặc	未使用
10512062	(chưa dùng)	Bao tay	30	khóa khi mặc	未使用
10512063	Chân Thuỷ Tần Dao Thủ	Bao tay	40	khóa khi mặc	真水秦瑶手
10512064	(chưa dùng)	Bao tay	50	khóa khi mặc	未使用
10512065	(chưa dùng)	Bao tay	60	khóa khi mặc	未使用
10512066	(chưa dùng)	Bao tay	70	khóa khi mặc	未使用
10512067	(chưa dùng)	Bao tay	80	khóa khi mặc	未使用
10512068	Tâm Vân Lăng Tuyết Thủ	Bao tay	90	khóa khi mặc	心云淩雪手
10512069	Bích Lạc Tả Ngân Thủ	Bao tay	100	khóa khi mặc	碧落泻银手
10512070	(chưa dùng)	Bao tay	10	khóa khi mặc	未使用
10512071	(chưa dùng)	Bao tay	20	khóa khi mặc	未使用
10512072	Thương Trúc Thuý Lân Thủ	Bao tay	30	khóa khi mặc	苍竹翠麟手
10512073	(chưa dùng)	Bao tay	40	khóa khi mặc	未使用
10512074	(chưa dùng)	Bao tay	50	khóa khi mặc	未使用
10512075	Lạc Anh Long Lân Thủ	Bao tay	60	khóa khi mặc	落英龙麟手
10512076	(chưa dùng)	Bao tay	70	khóa khi mặc	未使用
10512077	Tru Tiên Thuý Trúc Thủ	Bao tay	80	khóa khi mặc	诛仙翠竹手
10512078	(chưa dùng)	Bao tay	90	khóa khi mặc	未使用
10512079	Hành Vân Trục Nguyệt Thủ	Bao tay	100	khóa khi mặc	行云逐月手
10512080	(chưa dùng)	Bao tay	10	khóa khi mặc	未使用
10512081	Nhất Dương Long Ngâm Thủ	Bao tay	20	khóa khi mặc	一阳龙吟手
10512082	(chưa dùng)	Bao tay	30	khóa khi mặc	未使用
10512083	Thiểu Thương Màn Lạc Thủ	Bao tay	40	khóa khi mặc	少商幕落手
10512084	(chưa dùng)	Bao tay	50	khóa khi mặc	未使用
10512085	(chưa dùng)	Bao tay	60	khóa khi mặc	未使用
10512086	Quan Xung Mộc Vũ Thủ	Bao tay	70	khóa khi mặc	关冲沐羽手
10512087	(chưa dùng)	Bao tay	80	khóa khi mặc	未使用
10512088	(chưa dùng)	Bao tay	90	khóa khi mặc	未使用
10512089	Thương Ngọc Long Lân Trảo	Bao tay	100	khóa khi mặc	苍玉龙麟爪
10512090	Hương Phần Hồng Lâu Linh	Bao tay	86	khóa	香焚红楼灵
10512091	Cầm Hoành Ly Tình Diệt	Bao tay	86	khóa	琴横离情灭
10512092	Điêu Lan Phong Dạ Chi Ác	Bao tay	96	khóa	雕阑风夜之握
10512093	Thái Âm Trừng Hư Thủ	Bao tay	96	khóa	太阴澄虚手
10512094	Ngân Tranh Lộng Huyền Tự	Bao tay	96	khóa	银筝弄弦绪
10512095	Hận Thiên Đăng Lâu Khâm	Bao tay	96	khóa	恨天登楼襟
10513000	(chưa dùng)	Áo	10	khóa khi mặc	未使用
10513001	Vô Tướng Tinh Thiết Giáp	Áo	20	khóa khi mặc	无相精铁甲
10513002	(chưa dùng)	Áo	30	khóa khi mặc	未使用
10513003	(chưa dùng)	Áo	40	khóa khi mặc	未使用
10513004	Ban Nhược Ngân Thiết Giáp	Áo	50	khóa khi mặc	般若银铁甲
10513005	(chưa dùng)	Áo	60	khóa khi mặc	未使用
10513006	(chưa dùng)	Áo	70	khóa khi mặc	未使用
10513007	(chưa dùng)	Áo	80	khóa khi mặc	未使用
10513008	Quy Ai Vân Chi Giáp	Áo	90	khóa khi mặc	归埃云之甲
10513009	Bồ Đề Nguyệt Mộng Giáp	Áo	100	khóa khi mặc	菩提月梦甲
10513010	Ma Ni Luyện Thiết Giáp	Áo	10	khóa khi mặc	摩尼炼铁甲
10513011	(chưa dùng)	Áo	20	khóa khi mặc	未使用
10513012	(chưa dùng)	Áo	30	khóa khi mặc	未使用
10513013	(chưa dùng)	Áo	40	khóa khi mặc	未使用
10513014	Địa Hoả Duyên Thiết Giáp	Áo	50	khóa khi mặc	地火缘铁甲
10513015	(chưa dùng)	Áo	60	khóa khi mặc	未使用
10513016	(chưa dùng)	Áo	70	khóa khi mặc	未使用
10513017	(chưa dùng)	Áo	80	khóa khi mặc	未使用
10513018	Thánh Hoả Lăng Ba Giáp	Áo	90	khóa khi mặc	圣火淩波甲
10513019	Cửu Dương Bích Lân Giáp	Áo	100	khóa khi mặc	九阳碧麟甲
10513020	(chưa dùng)	Áo	10	khóa khi mặc	未使用
10513021	(chưa dùng)	Áo	20	khóa khi mặc	未使用
10513022	Kiến Long Thôi Thiết Giáp	Áo	30	khóa khi mặc	见龙璀铁甲
10513023	(chưa dùng)	Áo	40	khóa khi mặc	未使用
10513024	Thần Long Mị Thiết Giáp	Áo	50	khóa khi mặc	神龙魅铁甲
10513025	(chưa dùng)	Áo	60	khóa khi mặc	未使用
10513026	(chưa dùng)	Áo	70	khóa khi mặc	未使用
10513027	(chưa dùng)	Áo	80	khóa khi mặc	未使用
10513028	Cầm Long Thúc Thiết Giáp	Áo	90	khóa khi mặc	擒龙束铁甲
10513029	Côn Bằng Ai Thương Chi Giáp	Áo	100	khóa khi mặc	鲲鹏哀伤之甲
10513030	(chưa dùng)	Áo	10	khóa khi mặc	未使用
10513031	Lưỡng Nghi Miến Ti Y	Áo	20	khóa khi mặc	两仪缅丝衣
10513032	(chưa dùng)	Áo	30	khóa khi mặc	未使用
10513033	(chưa dùng)	Áo	40	khóa khi mặc	未使用
10513034	Bát Quái Miên Ma Y	Áo	50	khóa khi mặc	八卦棉麻衣
10513035	(chưa dùng)	Áo	60	khóa khi mặc	未使用
10513036	(chưa dùng)	Áo	70	khóa khi mặc	未使用
10513037	(chưa dùng)	Áo	80	khóa khi mặc	未使用
10513038	Thái Cực Khấp Hoả Bào	Áo	90	khóa khi mặc	太极泣火袍
10513039	Huyền Cơ Minh Thiên Bào	Áo	100	khóa khi mặc	玄机冥天袍
10513040	Cửu Âm Phồn Ti Y	Áo	10	khóa khi mặc	九阴繁丝衣
10513041	(chưa dùng)	Áo	20	khóa khi mặc	未使用
10513042	(chưa dùng)	Áo	30	khóa khi mặc	未使用
10513043	(chưa dùng)	Áo	40	khóa khi mặc	未使用
10513044	Khống Hạc Quang Tú Bào	Áo	50	khóa khi mặc	控鹤光秀袍
10513045	(chưa dùng)	Áo	60	khóa khi mặc	未使用
10513046	(chưa dùng)	Áo	70	khóa khi mặc	未使用
10513047	(chưa dùng)	Áo	80	khóa khi mặc	未使用
10513048	Hồi Tâm Dung Tuyết Y	Áo	90	khóa khi mặc	回心融雪衣
10513049	Thần Phệ Ngọc Lạc Pháp Bào	Áo	100	khóa khi mặc	神噬玉落法袍
10513050	(chưa dùng)	Áo	10	khóa khi mặc	未使用
10513051	(chưa dùng)	Áo	20	khóa khi mặc	未使用
10513052	Trừu Tuỷ Tàn Hải Y	Áo	30	khóa khi mặc	抽髓残海衣
10513053	(chưa dùng)	Áo	40	khóa khi mặc	未使用
10513054	Toả Hồn Nghịch Phong Y	Áo	50	khóa khi mặc	锁魂逆风衣
10513055	(chưa dùng)	Áo	60	khóa khi mặc	未使用
10513056	(chưa dùng)	Áo	70	khóa khi mặc	未使用
10513057	(chưa dùng)	Áo	80	khóa khi mặc	未使用
10513058	Thần Mộc Kỳ Lân Bào	Áo	90	khóa khi mặc	神木麒麟袍
10513059	Lưu Hồn Túc Diệt Pháp Bào	Áo	100	khóa khi mặc	流魂宿灭法袍
10513060	(chưa dùng)	Áo	10	khóa khi mặc	未使用
10513061	Táng Hoa Triết Long Đích Nộ Hống	Áo	20	khóa khi mặc	葬花蜇龙的怒吼
10513062	(chưa dùng)	Áo	30	khóa khi mặc	未使用
10513063	(chưa dùng)	Áo	40	khóa khi mặc	未使用
10513064	Bát Hoang Đoạn Vân Bì Giáp	Áo	50	khóa khi mặc	八荒断云皮甲
10513065	(chưa dùng)	Áo	60	khóa khi mặc	未使用
10513066	(chưa dùng)	Áo	70	khóa khi mặc	未使用
10513067	(chưa dùng)	Áo	80	khóa khi mặc	未使用
10513068	Tâm Vân Lăng Tuyết Đích Chúc Phúc	Áo	90	khóa khi mặc	心云淩雪的祝福
10513069	Bích Lạc Tả Ngân Đích Dụ Hoặc	Áo	100	khóa khi mặc	碧落泻银的诱惑
10513070	Bắc Minh Mộ Vân Chi Hộ	Áo	10	khóa khi mặc	北冥暮云之护
10513071	(chưa dùng)	Áo	20	khóa khi mặc	未使用
10513072	(chưa dùng)	Áo	30	khóa khi mặc	未使用
10513073	(chưa dùng)	Áo	40	khóa khi mặc	未使用
10513074	Thuần Dương Tán Tuyết Đích Hộ Hựu	Áo	50	khóa khi mặc	纯阳散雪的护佑
10513075	(chưa dùng)	Áo	60	khóa khi mặc	未使用
10513076	(chưa dùng)	Áo	70	khóa khi mặc	未使用
10513077	(chưa dùng)	Áo	80	khóa khi mặc	未使用
10513078	Lăng Yên Diệt Lân Chi Lệ	Áo	90	khóa khi mặc	淩烟灭麟之泪
10513079	Hành Vân Trục Nguyệt Chi Sinh Linh	Áo	100	khóa khi mặc	行云逐月之生灵
10513080	(chưa dùng)	Áo	10	khóa khi mặc	未使用
10513081	(chưa dùng)	Áo	20	khóa khi mặc	未使用
10513082	Trung Xung Đoạn Huyền Chi Hộ	Áo	30	khóa khi mặc	中冲断弦之护
10513083	(chưa dùng)	Áo	40	khóa khi mặc	未使用
10513084	Thiểu Dương Nguyệt Tức Chi Hồn	Áo	50	khóa khi mặc	少阳月息之魂
10513085	(chưa dùng)	Áo	60	khóa khi mặc	未使用
10513086	(chưa dùng)	Áo	70	khóa khi mặc	未使用
10513087	(chưa dùng)	Áo	80	khóa khi mặc	未使用
10513088	Thiên Nam Giao Long Chi Hộ Hựu	Áo	90	khóa khi mặc	天南蛟龙之护佑
10513089	Thương Ngọc Long Lân Chi Linh	Áo	100	khóa khi mặc	苍玉龙麟之灵
10514000	Bích Ngọc Hộ Oản	Hộ uyển	95	khóa khi mặc	碧玉护腕
10514001	Vô Tướng Tinh Thiết Oản	Hộ uyển	20	khóa khi mặc	无相精铁腕
10514002	(chưa dùng)	Hộ uyển	30	khóa khi mặc	未使用
10514003	Kim Cương Tán Thiết Oản	Hộ uyển	40	khóa khi mặc	金刚散铁腕
10514004	(chưa dùng)	Hộ uyển	50	khóa khi mặc	未使用
10514005	(chưa dùng)	Hộ uyển	60	khóa khi mặc	未使用
10514006	(chưa dùng)	Hộ uyển	70	khóa khi mặc	未使用
10514007	Vô Trần Luyện Thiết Oản	Hộ uyển	80	khóa khi mặc	无尘炼铁腕
10514008	(chưa dùng)	Hộ uyển	90	khóa khi mặc	未使用
10514009	Tu Bích Thủ Hoàn	Hộ uyển	100	khóa khi mặc	修碧手环
10514010	Ma Ni Luyện Thiết Oản	Hộ uyển	10	khóa khi mặc	摩尼炼铁腕
10514011	(chưa dùng)	Hộ uyển	20	khóa khi mặc	未使用
10514012	(chưa dùng)	Hộ uyển	30	khóa khi mặc	未使用
10514013	(chưa dùng)	Hộ uyển	40	khóa khi mặc	未使用
10514014	(chưa dùng)	Hộ uyển	50	khóa khi mặc	未使用
10514015	Quy Trần Tuyến Thiết Oản	Hộ uyển	60	khóa khi mặc	归尘隽铁腕
10514016	(chưa dùng)	Hộ uyển	70	khóa khi mặc	未使用
10514017	Phần Diệt Mộ Nguyệt Oản	Hộ uyển	80	khóa khi mặc	焚灭暮月腕
10514018	(chưa dùng)	Hộ uyển	90	khóa khi mặc	未使用
10514019	Lạnh Nguyệt Ngọc Mị Hộ Oản	Hộ uyển	100	khóa khi mặc	冷月玉魅护腕
10514020	(chưa dùng)	Hộ uyển	10	khóa khi mặc	未使用
10514021	(chưa dùng)	Hộ uyển	20	khóa khi mặc	未使用
10514022	Kiến Long Thôi Thiết Oản	Hộ uyển	30	khóa khi mặc	见龙璀铁腕
10514023	(chưa dùng)	Hộ uyển	40	khóa khi mặc	未使用
10514024	(chưa dùng)	Hộ uyển	50	khóa khi mặc	未使用
10514025	Tù Long Tàn Thiết Hộ Oản	Hộ uyển	60	khóa khi mặc	囚龙残铁护腕
10514026	(chưa dùng)	Hộ uyển	70	khóa khi mặc	未使用
10514027	(chưa dùng)	Hộ uyển	80	khóa khi mặc	未使用
10514028	Cầm Long Thúc Thiết Oản	Hộ uyển	90	khóa khi mặc	擒龙束铁腕
10514029	Đồ Long Văn Thiết Oản	Hộ uyển	100	khóa khi mặc	屠龙文铁腕
10514030	(chưa dùng)	Hộ uyển	10	khóa khi mặc	未使用
10514031	Lưỡng Nghi Miến Ti Hộ Oản	Hộ uyển	20	khóa khi mặc	两仪缅丝护腕
10514032	(chưa dùng)	Hộ uyển	30	khóa khi mặc	未使用
10514033	Lục Hợp Ti Ma Hộ Oản	Hộ uyển	40	khóa khi mặc	六合丝麻护腕
10514034	(chưa dùng)	Hộ uyển	50	khóa khi mặc	未使用
10514035	(chưa dùng)	Hộ uyển	60	khóa khi mặc	未使用
10514036	(chưa dùng)	Hộ uyển	70	khóa khi mặc	未使用
10514037	Ngũ Hành Phồn Ti Oản	Hộ uyển	80	khóa khi mặc	五行繁丝腕
10514038	(chưa dùng)	Hộ uyển	90	khóa khi mặc	未使用
10514039	Hàn Vụ Mạn Ảnh Oản	Hộ uyển	100	khóa khi mặc	寒雾漫影腕
10514040	Cửu Âm Phồn Ti Oản	Hộ uyển	10	khóa khi mặc	九阴繁丝腕
10514041	(chưa dùng)	Hộ uyển	20	khóa khi mặc	未使用
10514042	(chưa dùng)	Hộ uyển	30	khóa khi mặc	未使用
10514043	(chưa dùng)	Hộ uyển	40	khóa khi mặc	未使用
10514044	(chưa dùng)	Hộ uyển	50	khóa khi mặc	未使用
10514045	Phiêu Tuyết Nhuyễn Ti Hộ Oản	Hộ uyển	60	khóa khi mặc	飘雪软丝护腕
10514046	(chưa dùng)	Hộ uyển	70	khóa khi mặc	未使用
10514047	Ngọc Nữ Vịnh Nguyệt Oản	Hộ uyển	80	khóa khi mặc	玉女咏月腕
10514048	(chưa dùng)	Hộ uyển	90	khóa khi mặc	未使用
10514049	Trảm Tình Huyền Mị Hộ Oản	Hộ uyển	100	khóa khi mặc	斩情玄魅护腕
10514050	(chưa dùng)	Hộ uyển	10	khóa khi mặc	未使用
10514051	(chưa dùng)	Hộ uyển	20	khóa khi mặc	未使用
10514052	Trừu Tuỷ Tàn Hải Oản	Hộ uyển	30	khóa khi mặc	抽髓残海腕
10514053	(chưa dùng)	Hộ uyển	40	khóa khi mặc	未使用
10514054	(chưa dùng)	Hộ uyển	50	khóa khi mặc	未使用
10514055	Đoạt Hồn Trần Ti Oản	Hộ uyển	60	khóa khi mặc	夺魂尘丝腕
10514056	(chưa dùng)	Hộ uyển	70	khóa khi mặc	未使用
10514057	(chưa dùng)	Hộ uyển	80	khóa khi mặc	未使用
10514058	Thần Mộc Kỳ Lân Oản	Hộ uyển	90	khóa khi mặc	神木麒麟腕
10514059	Tam Tiếu Ngân Tang Oản	Hộ uyển	100	khóa khi mặc	三笑银桑腕
10514060	(chưa dùng)	Hộ uyển	10	khóa khi mặc	未使用
10514061	Táng Hoa Triết Long Oản	Hộ uyển	20	khóa khi mặc	葬花蜇龙腕
10514062	(chưa dùng)	Hộ uyển	30	khóa khi mặc	未使用
10514063	Chân Thuỷ Tần Dao Oản	Hộ uyển	40	khóa khi mặc	真水秦瑶腕
10514064	(chưa dùng)	Hộ uyển	50	khóa khi mặc	未使用
10514065	(chưa dùng)	Hộ uyển	60	khóa khi mặc	未使用
10514066	(chưa dùng)	Hộ uyển	70	khóa khi mặc	未使用
10514067	Địa Hạc Nghịch Trần Oản	Hộ uyển	80	khóa khi mặc	地鹤逆尘腕
10514068	(chưa dùng)	Hộ uyển	90	khóa khi mặc	未使用
10514069	Toái Hồn Nguyệt Tố Oản	Hộ uyển	100	khóa khi mặc	碎魂月塑腕
10514070	Bắc Minh Mộ Vân Oản	Hộ uyển	10	khóa khi mặc	北冥暮云腕
10514071	(chưa dùng)	Hộ uyển	20	khóa khi mặc	未使用
10514072	(chưa dùng)	Hộ uyển	30	khóa khi mặc	未使用
10514073	(chưa dùng)	Hộ uyển	40	khóa khi mặc	未使用
10514074	(chưa dùng)	Hộ uyển	50	khóa khi mặc	未使用
10514075	Lạc Anh Long Lân Oản	Hộ uyển	60	khóa khi mặc	落英龙麟腕
10514076	(chưa dùng)	Hộ uyển	70	khóa khi mặc	未使用
10514077	Tru Tiên Thuý Trúc Oản	Hộ uyển	80	khóa khi mặc	诛仙翠竹腕
10514078	(chưa dùng)	Hộ uyển	90	khóa khi mặc	未使用
10514079	Thu Thuỷ Thanh Vân Oản	Hộ uyển	100	khóa khi mặc	秋水青云腕
10514080	(chưa dùng)	Hộ uyển	10	khóa khi mặc	未使用
10514081	(chưa dùng)	Hộ uyển	20	khóa khi mặc	未使用
10514082	Trung Xung Đoạn Huyền Oản	Hộ uyển	30	khóa khi mặc	中冲断弦腕
10514083	(chưa dùng)	Hộ uyển	40	khóa khi mặc	未使用
10514084	(chưa dùng)	Hộ uyển	50	khóa khi mặc	未使用
10514085	Thương Dương Thánh Ngọc Oản	Hộ uyển	60	khóa khi mặc	商阳圣玉腕
10514086	(chưa dùng)	Hộ uyển	70	khóa khi mặc	未使用
10514087	(chưa dùng)	Hộ uyển	80	khóa khi mặc	未使用
10514088	Thiên Nam Giao Long Oản	Hộ uyển	90	khóa khi mặc	天南蛟龙腕
10514089	Tuyết Nguyệt Niêm Hoa Oản	Hộ uyển	100	khóa khi mặc	雪月拈花腕
10514090	Tịch Diệt Huyễn Phật Oản	Hộ uyển	95	khóa khi mặc	寂灭幻佛腕
10514091	Phần Tiên Thiên Sát Oản	Hộ uyển	95	khóa khi mặc	焚仙天煞腕
10514092	Khiếu Thiên Tồi Vân Oản	Hộ uyển	95	khóa khi mặc	啸天摧云腕
10514093	Tru Ma Phong Huyền Oản	Hộ uyển	95	khóa khi mặc	诛魔封玄腕
10514094	Bích Thần Hồi Tâm Oản	Hộ uyển	95	khóa khi mặc	碧神回心腕
10514095	Cốt Linh Phệ Hồn Oản	Hộ uyển	95	khóa khi mặc	骨灵噬魂腕
10514096	Thiên Ẩn Cức Lôi Oản	Hộ uyển	95	khóa khi mặc	天隐殛雷腕
10514097	Tiên Dật Thần Ẩn Oản	Hộ uyển	95	khóa khi mặc	仙逸神隐腕
10514098	Ô Nhật Bích Vân Oản	Hộ uyển	95	khóa khi mặc	乌日碧云腕
10514099	Độ Lô Tây Thục Nhận	Hộ uyển	76	khóa	渡泸西蜀韧
10514100	Ỷ Lâu Khê Tà Buộc	Hộ uyển	76	khóa	倚楼溪斜缚
10514101	Ngọc Cốt Yên Vân Oản	Hộ uyển	86	khóa	玉骨烟云腕
10514102	Trần Phất Vũ Phong Mệ	Hộ uyển	86	khóa	尘拂舞风袂
10514103	Hương Phần Hồng Lâu Kiên	Hộ uyển	86	khóa	香焚红楼坚
10514104	Cầm Hoành Ly Tình Cố	Hộ uyển	86	khóa	琴横离情固
10515000	(chưa dùng)	Hộ kiên	10	khóa khi mặc	未使用
10515001	Vô Tướng Tinh Thiết Kiên	Hộ kiên	20	khóa khi mặc	无相精铁肩
10515002	(chưa dùng)	Hộ kiên	30	khóa khi mặc	未使用
10515003	(chưa dùng)	Hộ kiên	40	khóa khi mặc	未使用
10515004	Ban Nhược Ngân Thiết Kiên	Hộ kiên	50	khóa khi mặc	般若银铁肩
10515005	(chưa dùng)	Hộ kiên	60	khóa khi mặc	未使用
10515006	Ma Thiên Ngự Thiết Kiên	Hộ kiên	70	khóa khi mặc	摩天御铁肩
10515007	(chưa dùng)	Hộ kiên	80	khóa khi mặc	未使用
10515008	(chưa dùng)	Hộ kiên	90	khóa khi mặc	未使用
10515009	Tâm Hãn Hộ Bảng	Hộ kiên	100	khóa khi mặc	心瀚护膀
10515010	Ma Ni Luyện Thiết Kiên	Hộ kiên	10	khóa khi mặc	摩尼炼铁肩
10515011	(chưa dùng)	Hộ kiên	20	khóa khi mặc	未使用
10515012	(chưa dùng)	Hộ kiên	30	khóa khi mặc	未使用
10515013	(chưa dùng)	Hộ kiên	40	khóa khi mặc	未使用
10515014	Địa Hoả Duyên Thiết Kiên	Hộ kiên	50	khóa khi mặc	地火缘铁肩
10515015	(chưa dùng)	Hộ kiên	60	khóa khi mặc	未使用
10515016	Thiên Hoả Lưu Vân Tý	Hộ kiên	70	khóa khi mặc	天火流云臂
10515017	(chưa dùng)	Hộ kiên	80	khóa khi mặc	未使用
10515018	(chưa dùng)	Hộ kiên	90	khóa khi mặc	未使用
10515019	Viêm Nhật Dung Hoả Kiên	Hộ kiên	100	khóa khi mặc	炎日熔火肩
10515020	(chưa dùng)	Hộ kiên	10	khóa khi mặc	未使用
10515021	(chưa dùng)	Hộ kiên	20	khóa khi mặc	未使用
10515022	Kiến Long Thôi Thiết Kiên	Hộ kiên	30	khóa khi mặc	见龙璀铁肩
10515023	(chưa dùng)	Hộ kiên	40	khóa khi mặc	未使用
10515024	(chưa dùng)	Hộ kiên	50	khóa khi mặc	未使用
10515025	Tù Long Tàn Thiết Kiên	Hộ kiên	60	khóa khi mặc	囚龙残铁肩
10515026	(chưa dùng)	Hộ kiên	70	khóa khi mặc	未使用
10515027	Du Long Bộc Hoả Kiên	Hộ kiên	80	khóa khi mặc	游龙爆火肩
10515028	(chưa dùng)	Hộ kiên	90	khóa khi mặc	未使用
10515029	Trảm Long Tố Thiết Kiên	Hộ kiên	100	khóa khi mặc	斩龙塑铁肩
10515030	(chưa dùng)	Hộ kiên	10	khóa khi mặc	未使用
10515031	Lưỡng Nghi Miến Ti Kiên	Hộ kiên	20	khóa khi mặc	两仪缅丝肩
10515032	(chưa dùng)	Hộ kiên	30	khóa khi mặc	未使用
10515033	(chưa dùng)	Hộ kiên	40	khóa khi mặc	未使用
10515034	Bát Quái Miên Ma Kiên	Hộ kiên	50	khóa khi mặc	八卦棉麻肩
10515035	(chưa dùng)	Hộ kiên	60	khóa khi mặc	未使用
10515036	Hình Ý Tố Nguyệt Kiên	Hộ kiên	70	khóa khi mặc	形意素月肩
10515037	(chưa dùng)	Hộ kiên	80	khóa khi mặc	未使用
10515038	(chưa dùng)	Hộ kiên	90	khóa khi mặc	未使用
10515039	Thuỷ Diệu Thám Quy Kiên	Hộ kiên	100	khóa khi mặc	水曜探归肩
10515040	Cửu Âm Phồn Ti Kiên	Hộ kiên	10	khóa khi mặc	九阴繁丝肩
10515041	(chưa dùng)	Hộ kiên	20	khóa khi mặc	未使用
10515042	(chưa dùng)	Hộ kiên	30	khóa khi mặc	未使用
10515043	(chưa dùng)	Hộ kiên	40	khóa khi mặc	未使用
10515044	Khống Hạc Quang Tú Kiên	Hộ kiên	50	khóa khi mặc	控鹤光秀肩
10515045	(chưa dùng)	Hộ kiên	60	khóa khi mặc	未使用
10515046	Hạc Ảnh Lưu Huỳnh Kiên	Hộ kiên	70	khóa khi mặc	鹤影流萤肩
10515047	(chưa dùng)	Hộ kiên	80	khóa khi mặc	未使用
10515048	(chưa dùng)	Hộ kiên	90	khóa khi mặc	未使用
10515049	Tố Nữ Hoá Vũ Kiên	Hộ kiên	100	khóa khi mặc	素女化雨肩
10515050	(chưa dùng)	Hộ kiên	10	khóa khi mặc	未使用
10515051	(chưa dùng)	Hộ kiên	20	khóa khi mặc	未使用
10515052	Trừu Tuỷ Tàn Hải Kiên	Hộ kiên	30	khóa khi mặc	抽髓残海肩
10515053	(chưa dùng)	Hộ kiên	40	khóa khi mặc	未使用
10515054	(chưa dùng)	Hộ kiên	50	khóa khi mặc	未使用
10515055	Đoạt Hồn Trần Ti Kiên	Hộ kiên	60	khóa khi mặc	夺魂尘丝肩
10515056	(chưa dùng)	Hộ kiên	70	khóa khi mặc	未使用
10515057	Bích Diễm Tán Tình Kiên	Hộ kiên	80	khóa khi mặc	碧焰散情肩
10515058	(chưa dùng)	Hộ kiên	90	khóa khi mặc	未使用
10515059	Tàn Hồn Giao Mộng Kiên	Hộ kiên	100	khóa khi mặc	残魂蛟梦肩
10515060	(chưa dùng)	Hộ kiên	10	khóa khi mặc	未使用
10515061	Táng Hoa Triết Long Kiên	Hộ kiên	20	khóa khi mặc	葬花蜇龙肩
10515062	(chưa dùng)	Hộ kiên	30	khóa khi mặc	未使用
10515063	(chưa dùng)	Hộ kiên	40	khóa khi mặc	未使用
10515064	Bát Hoang Đoạn Vân Kiên	Hộ kiên	50	khóa khi mặc	八荒断云肩
10515065	(chưa dùng)	Hộ kiên	60	khóa khi mặc	未使用
10515066	Nguyệt Phàm Mộ Vân Kiên	Hộ kiên	70	khóa khi mặc	月凡暮云肩
10515067	(chưa dùng)	Hộ kiên	80	khóa khi mặc	未使用
10515068	(chưa dùng)	Hộ kiên	90	khóa khi mặc	未使用
10515069	Trì Hối Vân Linh Hộ Kiên	Hộ kiên	100	khóa khi mặc	迟悔芸玲护肩
10515070	Bắc Minh Mộ Vân Kiên	Hộ kiên	10	khóa khi mặc	北冥暮云肩
10515071	(chưa dùng)	Hộ kiên	20	khóa khi mặc	未使用
10515072	(chưa dùng)	Hộ kiên	30	khóa khi mặc	未使用
10515073	(chưa dùng)	Hộ kiên	40	khóa khi mặc	未使用
10515074	Thuần Dương Tán Tuyết Kiên	Hộ kiên	50	khóa khi mặc	纯阳散雪肩
10515075	(chưa dùng)	Hộ kiên	60	khóa khi mặc	未使用
10515076	Độn Giáp Lạc Bích Kiên	Hộ kiên	70	khóa khi mặc	遁甲落碧肩
10515077	(chưa dùng)	Hộ kiên	80	khóa khi mặc	未使用
10515078	(chưa dùng)	Hộ kiên	90	khóa khi mặc	未使用
10515079	Vô Nhai Bát Hoang Kiên	Hộ kiên	100	khóa khi mặc	无涯八荒肩
10515080	(chưa dùng)	Hộ kiên	10	khóa khi mặc	未使用
10515081	(chưa dùng)	Hộ kiên	20	khóa khi mặc	未使用
10515082	Trung Xung Đoạn Huyền Hộ Kiên	Hộ kiên	30	khóa khi mặc	中冲断弦护肩
10515083	(chưa dùng)	Hộ kiên	40	khóa khi mặc	未使用
10515084	(chưa dùng)	Hộ kiên	50	khóa khi mặc	未使用
10515085	Thương Dương Thánh Ngọc Kiên	Hộ kiên	60	khóa khi mặc	商阳圣玉肩
10515086	(chưa dùng)	Hộ kiên	70	khóa khi mặc	未使用
10515087	Thiểu Trạch Mặc Hoa Tý	Hộ kiên	80	khóa khi mặc	少泽万华臂
10515088	(chưa dùng)	Hộ kiên	90	khóa khi mặc	未使用
10515089	Khô Tâm Quản Ngọc Tý	Hộ kiên	100	khóa khi mặc	枯心莞玉臂
10515090	Tịch Diệt Huyễn Phật Kiên	Hộ kiên	100	khóa khi mặc	寂灭幻佛肩
10515091	Phần Tiên Thiên Sát Kiên	Hộ kiên	100	khóa khi mặc	焚仙天煞肩
10515092	Khiếu Thiên Tồi Vân Kiên	Hộ kiên	100	khóa khi mặc	啸天摧云肩
10515093	Tru Ma Phong Huyền Kiên	Hộ kiên	100	khóa khi mặc	诛魔封玄肩
10515094	Bích Thần Hồi Tâm Kiên	Hộ kiên	100	khóa khi mặc	碧神回心肩
10515095	Cốt Linh Phệ Hồn Kiên	Hộ kiên	100	khóa khi mặc	骨灵噬魂肩
10515096	Thiên Ẩn Cức Lôi Kiên	Hộ kiên	100	khóa khi mặc	天隐殛雷肩
10515097	Tiên Dật Thần Ẩn Kiên	Hộ kiên	100	khóa khi mặc	仙逸神隐肩
10515098	Ô Nhật Bích Vân Kiên	Hộ kiên	100	khóa khi mặc	乌日碧云肩
10515099	Minh Nguyệt Tố Ảnh Kiên	Hộ kiên	76	khóa	明月素影肩
10515100	Bích Thiên Bắc Đẩu Kiên	Hộ kiên	76	khóa	碧天北斗肩
10520000	(chưa dùng)	Dây chuyền	10	khóa khi mặc	未使用
10520001	(chưa dùng)	Dây chuyền	20	khóa khi mặc	未使用
10520002	Vi Đà Chi Khô	Dây chuyền	30	khóa khi mặc	韦陀之枯
10520003	(chưa dùng)	Dây chuyền	40	khóa khi mặc	未使用
10520004	(chưa dùng)	Dây chuyền	50	khóa khi mặc	未使用
10520005	La Hán Chi Tu	Dây chuyền	60	khóa khi mặc	罗汉之修
10520006	Ma Thiên Chi Luyện	Dây chuyền	70	khóa khi mặc	摩天之炼
10520007	(chưa dùng)	Dây chuyền	80	khóa khi mặc	未使用
10520008	(chưa dùng)	Dây chuyền	90	khóa khi mặc	未使用
10520009	Tâm Hãn Chi Phong	Dây chuyền	100	khóa khi mặc	心瀚之风
10520010	(chưa dùng)	Dây chuyền	10	khóa khi mặc	未使用
10520011	Yết Đế Chi Ai	Dây chuyền	20	khóa khi mặc	揭谛之埃
10520012	(chưa dùng)	Dây chuyền	30	khóa khi mặc	未使用
10520013	Nộ Diễm Chi Liên	Dây chuyền	40	khóa khi mặc	怒焰之链
10520014	(chưa dùng)	Dây chuyền	50	khóa khi mặc	未使用
10520015	(chưa dùng)	Dây chuyền	60	khóa khi mặc	未使用
10520016	(chưa dùng)	Dây chuyền	70	khóa khi mặc	未使用
10520017	(chưa dùng)	Dây chuyền	80	khóa khi mặc	未使用
10520018	Thánh Hoả Chi Tâm	Dây chuyền	90	khóa khi mặc	圣火之心
10520019	Lạnh Nguyệt Chi Chú	Dây chuyền	100	khóa khi mặc	冷月之铸
10520020	Giáng Long Chi Diễm	Dây chuyền	10	khóa khi mặc	降龙之焰
10520021	(chưa dùng)	Dây chuyền	20	khóa khi mặc	未使用
10520022	(chưa dùng)	Dây chuyền	30	khóa khi mặc	未使用
10520023	(chưa dùng)	Dây chuyền	40	khóa khi mặc	未使用
10520024	Thần Long Chi Bích	Dây chuyền	50	khóa khi mặc	神龙之碧
10520025	(chưa dùng)	Dây chuyền	60	khóa khi mặc	未使用
10520026	(chưa dùng)	Dây chuyền	70	khóa khi mặc	未使用
10520027	Du Long Chi Hủ	Dây chuyền	80	khóa khi mặc	游龙之朽
10520028	Cầm Long Chi Thúc	Dây chuyền	90	khóa khi mặc	擒龙之束
10520029	Trảm Long Chi Ảnh	Dây chuyền	100	khóa khi mặc	斩龙之影
10520030	(chưa dùng)	Dây chuyền	10	khóa khi mặc	未使用
10520031	(chưa dùng)	Dây chuyền	20	khóa khi mặc	未使用
10520032	Tứ Tượng Chi Hải	Dây chuyền	30	khóa khi mặc	四象之海
10520033	(chưa dùng)	Dây chuyền	40	khóa khi mặc	未使用
10520034	(chưa dùng)	Dây chuyền	50	khóa khi mặc	未使用
10520035	Âm Dương Chi Hối	Dây chuyền	60	khóa khi mặc	阴阳之悔
10520036	Hình Ý Chi U	Dây chuyền	70	khóa khi mặc	形意之幽
10520037	(chưa dùng)	Dây chuyền	80	khóa khi mặc	未使用
10520038	(chưa dùng)	Dây chuyền	90	khóa khi mặc	未使用
10520039	Thuỷ Diệu Chi Tinh	Dây chuyền	100	khóa khi mặc	水曜之星
10520040	(chưa dùng)	Dây chuyền	10	khóa khi mặc	未使用
10520041	Thủ Tâm Chi Minh	Dây chuyền	20	khóa khi mặc	守心之冥
10520042	(chưa dùng)	Dây chuyền	30	khóa khi mặc	未使用
10520043	Nhiếp Hồn Chi Ảnh	Dây chuyền	40	khóa khi mặc	摄魂之影
10520044	(chưa dùng)	Dây chuyền	50	khóa khi mặc	未使用
10520045	(chưa dùng)	Dây chuyền	60	khóa khi mặc	未使用
10520046	(chưa dùng)	Dây chuyền	70	khóa khi mặc	未使用
10520047	(chưa dùng)	Dây chuyền	80	khóa khi mặc	未使用
10520048	Hồi Tâm Chi Liên	Dây chuyền	90	khóa khi mặc	回心之链
10520049	Trảm Tình Chi Mị	Dây chuyền	100	khóa khi mặc	斩情之魅
10520050	Trích Tinh Chi Vịnh	Dây chuyền	10	khóa khi mặc	摘星之咏
10520051	(chưa dùng)	Dây chuyền	20	khóa khi mặc	未使用
10520052	(chưa dùng)	Dây chuyền	30	khóa khi mặc	未使用
10520053	(chưa dùng)	Dây chuyền	40	khóa khi mặc	未使用
10520054	Toả Hồn Chi Tuỷ	Dây chuyền	50	khóa khi mặc	锁魂之髓
10520055	(chưa dùng)	Dây chuyền	60	khóa khi mặc	未使用
10520056	(chưa dùng)	Dây chuyền	70	khóa khi mặc	未使用
10520057	Bích Diễm Chi Phệ	Dây chuyền	80	khóa khi mặc	碧焰之噬
10520058	Thần Mộc Chi Mộc	Dây chuyền	90	khóa khi mặc	神木之沐
10520059	Tàn Hồn Chi Tuyết	Dây chuyền	100	khóa khi mặc	残魂之雪
10520060	(chưa dùng)	Dây chuyền	10	khóa khi mặc	未使用
10520061	(chưa dùng)	Dây chuyền	20	khóa khi mặc	未使用
10520062	Cuộn Vô Chi Phệ	Dây chuyền	30	khóa khi mặc	卷无之噬
10520063	(chưa dùng)	Dây chuyền	40	khóa khi mặc	未使用
10520064	(chưa dùng)	Dây chuyền	50	khóa khi mặc	未使用
10520065	Lục Dương Chi Hoán	Dây chuyền	60	khóa khi mặc	六阳之焕
10520066	Nguyệt Phàm Chi Huyền	Dây chuyền	70	khóa khi mặc	月凡之玄
10520067	(chưa dùng)	Dây chuyền	80	khóa khi mặc	未使用
10520068	(chưa dùng)	Dây chuyền	90	khóa khi mặc	未使用
10520069	Trì Hối Chi Mộc	Dây chuyền	100	khóa khi mặc	迟悔之沐
10520070	(chưa dùng)	Dây chuyền	10	khóa khi mặc	未使用
10520071	Lăng Ba Chi Sí	Dây chuyền	20	khóa khi mặc	淩波之翅
10520072	(chưa dùng)	Dây chuyền	30	khóa khi mặc	未使用
10520073	Chiết Mai Chi Nhiếp	Dây chuyền	40	khóa khi mặc	折梅之慑
10520074	(chưa dùng)	Dây chuyền	50	khóa khi mặc	未使用
10520075	(chưa dùng)	Dây chuyền	60	khóa khi mặc	未使用
10520076	(chưa dùng)	Dây chuyền	70	khóa khi mặc	未使用
10520077	(chưa dùng)	Dây chuyền	80	khóa khi mặc	未使用
10520078	Lăng Yên Chi Lân	Dây chuyền	90	khóa khi mặc	淩烟之麟
10520079	Thu Thuỷ Chi Liên	Dây chuyền	100	khóa khi mặc	秋水之怜
10520080	Chính Dương Chi Yên	Dây chuyền	10	khóa khi mặc	正阳之烟
10520081	(chưa dùng)	Dây chuyền	20	khóa khi mặc	未使用
10520082	(chưa dùng)	Dây chuyền	30	khóa khi mặc	未使用
10520083	(chưa dùng)	Dây chuyền	40	khóa khi mặc	未使用
10520084	Thiểu Dương Chi Nhai	Dây chuyền	50	khóa khi mặc	少阳之涯
10520085	(chưa dùng)	Dây chuyền	60	khóa khi mặc	未使用
10520086	(chưa dùng)	Dây chuyền	70	khóa khi mặc	未使用
10520087	Thiểu Trạch Chi Mộng	Dây chuyền	80	khóa khi mặc	少泽之梦
10520088	Thiên Nam Chi Nhãn	Dây chuyền	90	khóa khi mặc	天南之眼
10520089	Khô Tâm Chi Nguyệt	Dây chuyền	100	khóa khi mặc	枯心之月
10520090	Minh Nguyệt Tố Ảnh Liên	Dây chuyền	76	khóa	明月素影链
10520091	Bích Thiên Bắc Đẩu Liên	Dây chuyền	76	khóa	碧天北斗链
10520092	Điêu Lan Phong Dạ Chi Mị	Dây chuyền	96	khóa	雕阑风夜之魅
10520093	Thái Âm Trừng Hư Chi Liên	Dây chuyền	96	khóa	太阴澄虚之链
10520094	Ngân Tranh Lộng Huyền Ti	Dây chuyền	96	khóa	银筝弄弦丝
10520095	Hận Thiên Đăng Lâu Hệ	Dây chuyền	96	khóa	恨天登楼系
10521000	Bích Ngọc Yêu Hoàn	Đai lưng	95	khóa khi mặc	碧玉腰环
10521001	(chưa dùng)	Đai lưng	20	khóa khi mặc	未使用
10521002	Vi Đà Yêu Đới	Đai lưng	30	khóa khi mặc	韦陀腰带
10521003	(chưa dùng)	Đai lưng	40	khóa khi mặc	未使用
10521004	Ban Nhược Yêu Hoàn	Đai lưng	50	khóa khi mặc	般若腰环
10521005	(chưa dùng)	Đai lưng	60	khóa khi mặc	未使用
10521006	(chưa dùng)	Đai lưng	70	khóa khi mặc	未使用
10521007	Vô Trần Chi Hoàn	Đai lưng	80	khóa khi mặc	无尘之环
10521008	(chưa dùng)	Đai lưng	90	khóa khi mặc	未使用
10521009	Tu Bích Yêu Ti	Đai lưng	100	khóa khi mặc	修碧腰丝
10521010	(chưa dùng)	Đai lưng	10	khóa khi mặc	未使用
10521011	Yết Đế Yêu Đới	Đai lưng	20	khóa khi mặc	揭谛腰带
10521012	(chưa dùng)	Đai lưng	30	khóa khi mặc	未使用
10521013	(chưa dùng)	Đai lưng	40	khóa khi mặc	未使用
10521014	Địa Hoả Yêu Đới	Đai lưng	50	khóa khi mặc	地火腰带
10521015	(chưa dùng)	Đai lưng	60	khóa khi mặc	未使用
10521016	(chưa dùng)	Đai lưng	70	khóa khi mặc	未使用
10521017	Phần Diệt Mộ Nguyệt Yêu Hoàn	Đai lưng	80	khóa khi mặc	焚灭暮月腰环
10521018	(chưa dùng)	Đai lưng	90	khóa khi mặc	未使用
10521019	Viêm Nhật Dung Hoả Chi Hoàn	Đai lưng	100	khóa khi mặc	炎日熔火之环
10521020	Giáng Long Yêu Đới	Đai lưng	10	khóa khi mặc	降龙腰带
10521021	(chưa dùng)	Đai lưng	20	khóa khi mặc	未使用
10521022	(chưa dùng)	Đai lưng	30	khóa khi mặc	未使用
10521023	(chưa dùng)	Đai lưng	40	khóa khi mặc	未使用
10521024	(chưa dùng)	Đai lưng	50	khóa khi mặc	未使用
10521025	Tù Long Yêu Đới	Đai lưng	60	khóa khi mặc	囚龙腰带
10521026	(chưa dùng)	Đai lưng	70	khóa khi mặc	未使用
10521027	Du Long Yêu Hoàn	Đai lưng	80	khóa khi mặc	游龙腰环
10521028	Cầm Long Yêu Hoàn	Đai lưng	90	khóa khi mặc	擒龙腰环
10521029	Đồ Long Yêu Đới	Đai lưng	100	khóa khi mặc	屠龙腰带
10521030	(chưa dùng)	Đai lưng	10	khóa khi mặc	未使用
10521031	(chưa dùng)	Đai lưng	20	khóa khi mặc	未使用
10521032	Tứ Tượng Yêu Đới	Đai lưng	30	khóa khi mặc	四象腰带
10521033	(chưa dùng)	Đai lưng	40	khóa khi mặc	未使用
10521034	Bát Quái Yêu Đới	Đai lưng	50	khóa khi mặc	八卦腰带
10521035	(chưa dùng)	Đai lưng	60	khóa khi mặc	未使用
10521036	(chưa dùng)	Đai lưng	70	khóa khi mặc	未使用
10521037	Ngũ Hành Yêu Đới	Đai lưng	80	khóa khi mặc	五行腰带
10521038	(chưa dùng)	Đai lưng	90	khóa khi mặc	未使用
10521039	Hàn Vụ Yêu Hoàn	Đai lưng	100	khóa khi mặc	寒雾腰环
10521040	(chưa dùng)	Đai lưng	10	khóa khi mặc	未使用
10521041	Thủ Tâm Yêu Đới	Đai lưng	20	khóa khi mặc	守心腰带
10521042	(chưa dùng)	Đai lưng	30	khóa khi mặc	未使用
10521043	(chưa dùng)	Đai lưng	40	khóa khi mặc	未使用
10521044	Khống Hạc Yêu Đới	Đai lưng	50	khóa khi mặc	控鹤腰带
10521045	(chưa dùng)	Đai lưng	60	khóa khi mặc	未使用
10521046	(chưa dùng)	Đai lưng	70	khóa khi mặc	未使用
10521047	Ngọc Nữ Yêu Hoàn	Đai lưng	80	khóa khi mặc	玉女腰环
10521048	(chưa dùng)	Đai lưng	90	khóa khi mặc	未使用
10521049	Tố Nữ Yêu Đới	Đai lưng	100	khóa khi mặc	素女腰带
10521050	Trích Tinh Yêu Đới	Đai lưng	10	khóa khi mặc	摘星腰带
10521051	(chưa dùng)	Đai lưng	20	khóa khi mặc	未使用
10521052	(chưa dùng)	Đai lưng	30	khóa khi mặc	未使用
10521053	(chưa dùng)	Đai lưng	40	khóa khi mặc	未使用
10521054	(chưa dùng)	Đai lưng	50	khóa khi mặc	未使用
10521055	Đoạt Hồn Yêu Hoàn	Đai lưng	60	khóa khi mặc	夺魂腰环
10521056	(chưa dùng)	Đai lưng	70	khóa khi mặc	未使用
10521057	Bích Diễm Yêu Đới	Đai lưng	80	khóa khi mặc	碧焰腰带
10521058	Thần Mộc Thúc Yêu	Đai lưng	90	khóa khi mặc	神木束腰
10521059	Tam Tiếu Yêu Đới	Đai lưng	100	khóa khi mặc	三笑腰带
10521060	(chưa dùng)	Đai lưng	10	khóa khi mặc	未使用
10521061	(chưa dùng)	Đai lưng	20	khóa khi mặc	未使用
10521062	Cuộn Vô Thúc Yêu	Đai lưng	30	khóa khi mặc	卷无束腰
10521063	(chưa dùng)	Đai lưng	40	khóa khi mặc	未使用
10521064	Bát Hoang Yêu Đới	Đai lưng	50	khóa khi mặc	八荒腰带
10521065	(chưa dùng)	Đai lưng	60	khóa khi mặc	未使用
10521066	(chưa dùng)	Đai lưng	70	khóa khi mặc	未使用
10521067	Địa Hạc Yêu Hoàn	Đai lưng	80	khóa khi mặc	地鹤腰环
10521068	(chưa dùng)	Đai lưng	90	khóa khi mặc	未使用
10521069	Toái Hồn Thúc Yêu	Đai lưng	100	khóa khi mặc	碎魂束腰
10521070	(chưa dùng)	Đai lưng	10	khóa khi mặc	未使用
10521071	Lăng Ba Yêu Đới	Đai lưng	20	khóa khi mặc	淩波腰带
10521072	(chưa dùng)	Đai lưng	30	khóa khi mặc	未使用
10521073	(chưa dùng)	Đai lưng	40	khóa khi mặc	未使用
10521074	Thuần Dương Yêu Đới	Đai lưng	50	khóa khi mặc	纯阳腰带
10521075	(chưa dùng)	Đai lưng	60	khóa khi mặc	未使用
10521076	(chưa dùng)	Đai lưng	70	khóa khi mặc	未使用
10521077	Tru Tiên Yêu Đới	Đai lưng	80	khóa khi mặc	诛仙腰带
10521078	(chưa dùng)	Đai lưng	90	khóa khi mặc	未使用
10521079	Vô Nhai Yêu Hoàn	Đai lưng	100	khóa khi mặc	无涯腰环
10521080	Chính Dương Yêu Đới	Đai lưng	10	khóa khi mặc	正阳腰带
10521081	(chưa dùng)	Đai lưng	20	khóa khi mặc	未使用
10521082	(chưa dùng)	Đai lưng	30	khóa khi mặc	未使用
10521083	(chưa dùng)	Đai lưng	40	khóa khi mặc	未使用
10521084	(chưa dùng)	Đai lưng	50	khóa khi mặc	未使用
10521085	Thương Dương Yêu Đới	Đai lưng	60	khóa khi mặc	商阳腰带
10521086	(chưa dùng)	Đai lưng	70	khóa khi mặc	未使用
10521087	Thiểu Trạch Mặc Hoa Yêu Đới	Đai lưng	80	khóa khi mặc	少泽万华腰带
10521088	Thiên Nam Giao Long Yêu Hoàn	Đai lưng	90	khóa khi mặc	天南蛟龙腰环
10521089	Tuyết Nguyệt Niêm Hoa Đới	Đai lưng	100	khóa khi mặc	雪月拈花带
10521090	Tịch Diệt Yêu Hoàn	Đai lưng	95	khóa khi mặc	寂灭腰环
10521091	Phần Tiên Yêu Hoàn	Đai lưng	95	khóa khi mặc	焚仙腰环
10521092	Khiếu Thiên Yêu Hoàn	Đai lưng	95	khóa khi mặc	啸天腰环
10521093	Tru Ma Yêu Hoàn	Đai lưng	95	khóa khi mặc	诛魔腰环
10521094	Bích Thần Yêu Hoàn	Đai lưng	95	khóa khi mặc	碧神腰环
10521095	Cốt Linh Yêu Hoàn	Đai lưng	95	khóa khi mặc	骨灵腰环
10521096	Thiên Ẩn Yêu Hoàn	Đai lưng	95	khóa khi mặc	天隐腰环
10521097	Tiên Dật Yêu Hoàn	Đai lưng	95	khóa khi mặc	仙逸腰环
10521098	Ô Nhật Yêu Hoàn	Đai lưng	95	khóa khi mặc	乌日腰环
10521099	Minh Nguyệt Tố Ảnh Yêu Hoàn	Đai lưng	76	khóa	明月素影腰环
10521100	Bích Thiên Bắc Đẩu Hoàn Bội	Đai lưng	76	khóa	碧天北斗环佩
10521101	Độ Lô Tây Thục Phong	Đai lưng	76	khóa	渡泸西蜀封
10521102	Ỷ Lâu Khê Tà Phúc	Đai lưng	76	khóa	倚楼溪斜覆
10522000	Bích Ngọc Giới Chỉ	Nhẫn	95	khóa khi mặc	碧玉戒指
10522001	(chưa dùng)	Nhẫn	20	khóa khi mặc	未使用
10522002	Vi Đà Chỉ Hoàn	Nhẫn	30	khóa khi mặc	韦陀指环
10522003	Kim Cương Chỉ Hoàn	Nhẫn	40	khóa khi mặc	金刚指环
10522004	(chưa dùng)	Nhẫn	50	khóa khi mặc	未使用
10522005	(chưa dùng)	Nhẫn	60	khóa khi mặc	未使用
10522006	(chưa dùng)	Nhẫn	70	khóa khi mặc	未使用
10522007	Vô Trần Chi Thán	Nhẫn	80	khóa khi mặc	无尘之叹
10522008	(chưa dùng)	Nhẫn	90	khóa khi mặc	未使用
10522009	Tu Bích Chi Nguyện	Nhẫn	100	khóa khi mặc	修碧之愿
10522010	(chưa dùng)	Nhẫn	10	khóa khi mặc	未使用
10522011	Yết Đế Chỉ Hoàn	Nhẫn	20	khóa khi mặc	揭谛指环
10522012	(chưa dùng)	Nhẫn	30	khóa khi mặc	未使用
10522013	(chưa dùng)	Nhẫn	40	khóa khi mặc	未使用
10522014	(chưa dùng)	Nhẫn	50	khóa khi mặc	未使用
10522015	Quy Trần Chi Lộ	Nhẫn	60	khóa khi mặc	归尘之露
10522016	(chưa dùng)	Nhẫn	70	khóa khi mặc	未使用
10522017	(chưa dùng)	Nhẫn	80	khóa khi mặc	未使用
10522018	Thánh Hoả Chi Xích	Nhẫn	90	khóa khi mặc	圣火之赤
10522019	Lạnh Nguyệt Chi Hoàn	Nhẫn	100	khóa khi mặc	冷月之环
10522020	Giáng Long Chỉ Hoàn	Nhẫn	10	khóa khi mặc	降龙指环
10522021	(chưa dùng)	Nhẫn	20	khóa khi mặc	未使用
10522022	(chưa dùng)	Nhẫn	30	khóa khi mặc	未使用
10522023	Long Chiến Chỉ Hoàn	Nhẫn	40	khóa khi mặc	龙战指环
10522024	(chưa dùng)	Nhẫn	50	khóa khi mặc	未使用
10522025	(chưa dùng)	Nhẫn	60	khóa khi mặc	未使用
10522026	Thăng Long Chi Trảo	Nhẫn	70	khóa khi mặc	升龙之爪
10522027	(chưa dùng)	Nhẫn	80	khóa khi mặc	未使用
10522028	(chưa dùng)	Nhẫn	90	khóa khi mặc	未使用
10522029	Đồ Long Chi Hoả	Nhẫn	100	khóa khi mặc	屠龙之火
10522030	(chưa dùng)	Nhẫn	10	khóa khi mặc	未使用
10522031	(chưa dùng)	Nhẫn	20	khóa khi mặc	未使用
10522032	Tứ Tượng Chỉ Hoàn	Nhẫn	30	khóa khi mặc	四象指环
10522033	Lục Hợp Chỉ Hoàn	Nhẫn	40	khóa khi mặc	六合指环
10522034	(chưa dùng)	Nhẫn	50	khóa khi mặc	未使用
10522035	(chưa dùng)	Nhẫn	60	khóa khi mặc	未使用
10522036	(chưa dùng)	Nhẫn	70	khóa khi mặc	未使用
10522037	Ngũ Hành Chi Huỳnh	Nhẫn	80	khóa khi mặc	五行之荧
10522038	(chưa dùng)	Nhẫn	90	khóa khi mặc	未使用
10522039	Hàn Vụ Chi Dũng	Nhẫn	100	khóa khi mặc	寒雾之涌
10522040	(chưa dùng)	Nhẫn	10	khóa khi mặc	未使用
10522041	Thủ Tâm Chỉ Hoàn	Nhẫn	20	khóa khi mặc	守心指环
10522042	(chưa dùng)	Nhẫn	30	khóa khi mặc	未使用
10522043	(chưa dùng)	Nhẫn	40	khóa khi mặc	未使用
10522044	(chưa dùng)	Nhẫn	50	khóa khi mặc	未使用
10522045	Phiêu Tuyết Chi Dạ	Nhẫn	60	khóa khi mặc	飘雪之夜
10522046	(chưa dùng)	Nhẫn	70	khóa khi mặc	未使用
10522047	(chưa dùng)	Nhẫn	80	khóa khi mặc	未使用
10522048	Hồi Tâm Chi Ai	Nhẫn	90	khóa khi mặc	回心之哀
10522049	Trảm Tình Chi Phách	Nhẫn	100	khóa khi mặc	斩情之魄
10522050	Trích Tinh Chỉ Hoàn	Nhẫn	10	khóa khi mặc	摘星指环
10522051	(chưa dùng)	Nhẫn	20	khóa khi mặc	未使用
10522052	(chưa dùng)	Nhẫn	30	khóa khi mặc	未使用
10522053	Triền Hồn Chỉ Hoàn	Nhẫn	40	khóa khi mặc	缠魂指环
10522054	(chưa dùng)	Nhẫn	50	khóa khi mặc	未使用
10522055	(chưa dùng)	Nhẫn	60	khóa khi mặc	未使用
10522056	Luyện Tâm Chi Vân	Nhẫn	70	khóa khi mặc	炼心之云
10522057	(chưa dùng)	Nhẫn	80	khóa khi mặc	未使用
10522058	(chưa dùng)	Nhẫn	90	khóa khi mặc	未使用
10522059	Tam Tiếu Chi Ai	Nhẫn	100	khóa khi mặc	三笑之哀
10522060	(chưa dùng)	Nhẫn	10	khóa khi mặc	未使用
10522061	(chưa dùng)	Nhẫn	20	khóa khi mặc	未使用
10522062	Cuộn Vô Chi Mị	Nhẫn	30	khóa khi mặc	卷无之魅
10522063	Chân Thuỷ Chỉ Hoàn	Nhẫn	40	khóa khi mặc	真水指环
10522064	(chưa dùng)	Nhẫn	50	khóa khi mặc	未使用
10522065	(chưa dùng)	Nhẫn	60	khóa khi mặc	未使用
10522066	(chưa dùng)	Nhẫn	70	khóa khi mặc	未使用
10522067	Địa Hạc Chi Toái	Nhẫn	80	khóa khi mặc	地鹤之碎
10522068	(chưa dùng)	Nhẫn	90	khóa khi mặc	未使用
10522069	Toái Hồn Chi Mộng	Nhẫn	100	khóa khi mặc	碎魂之梦
10522070	(chưa dùng)	Nhẫn	10	khóa khi mặc	未使用
10522071	Lăng Ba Chi Hoàn	Nhẫn	20	khóa khi mặc	淩波之环
10522072	(chưa dùng)	Nhẫn	30	khóa khi mặc	未使用
10522073	(chưa dùng)	Nhẫn	40	khóa khi mặc	未使用
10522074	(chưa dùng)	Nhẫn	50	khóa khi mặc	未使用
10522075	Lạc Anh Chi Mị	Nhẫn	60	khóa khi mặc	落英之魅
10522076	(chưa dùng)	Nhẫn	70	khóa khi mặc	未使用
10522077	(chưa dùng)	Nhẫn	80	khóa khi mặc	未使用
10522078	Lăng Yên Chi Tuyết	Nhẫn	90	khóa khi mặc	淩烟之雪
10522079	Thu Thuỷ Chi Hoàn	Nhẫn	100	khóa khi mặc	秋水之环
10522080	Chính Dương Giới Chỉ	Nhẫn	10	khóa khi mặc	正阳戒指
10522081	(chưa dùng)	Nhẫn	20	khóa khi mặc	未使用
10522082	(chưa dùng)	Nhẫn	30	khóa khi mặc	未使用
10522083	Thiểu Thương Chỉ Hoàn	Nhẫn	40	khóa khi mặc	少商指环
10522084	(chưa dùng)	Nhẫn	50	khóa khi mặc	未使用
10522085	(chưa dùng)	Nhẫn	60	khóa khi mặc	未使用
10522086	Quan Xung Chi Thương	Nhẫn	70	khóa khi mặc	关冲之殇
10522087	(chưa dùng)	Nhẫn	80	khóa khi mặc	未使用
10522088	(chưa dùng)	Nhẫn	90	khóa khi mặc	未使用
10522089	Tuyết Nguyệt Chi Lan	Nhẫn	100	khóa khi mặc	雪月之兰
10522090	Tịch Diệt Phật Giới	Nhẫn	103	khóa khi mặc	寂灭佛戒
10522091	Phần Tiên Chi Tinh	Nhẫn	103	khóa khi mặc	焚仙之星
10522092	Khiếu Thiên Hộ Giới	Nhẫn	103	khóa khi mặc	啸天护戒
10522093	Tru Ma Huyền Giới	Nhẫn	103	khóa khi mặc	诛魔玄戒
10522094	Bích Thần Chỉ Hoàn	Nhẫn	103	khóa khi mặc	碧神指环
10522095	Cốt Linh Pháp Hồn	Nhẫn	103	khóa khi mặc	骨灵法魂
10522096	Thiên Ẩn Chỉ Hoàn	Nhẫn	103	khóa khi mặc	天隐指环
10522097	Tiên Dật Pháp Giới	Nhẫn	103	khóa khi mặc	仙逸法戒
10522098	Ô Nhật Chỉ Hoàn	Nhẫn	103	khóa khi mặc	乌日指环
10522099	Ngọc Cốt Yên Vân Chỉ Hoàn	Nhẫn	86	khóa	玉骨烟云指环
10522100	Trần Phất Vũ Phong Chi Dung	Nhẫn	86	khóa	尘拂舞风之融
10522101	Điêu Lan Phong Dạ Chi Thị	Nhẫn	96	khóa	雕阑风夜之示
10522102	Thái Âm Trừng Hư Chỉ Hoàn	Nhẫn	96	khóa	太阴澄虚指环
10522103	Ngân Tranh Lộng Huyền Duyên	Nhẫn	96	khóa	银筝弄弦缘
10522104	Hận Thiên Đăng Lâu Ngộ	Nhẫn	96	khóa	恨天登楼悟
10523000	Bích Ngọc Hộ Phù	Hộ phù	95	khóa khi mặc	碧玉护符
10523001	(chưa dùng)	Hộ phù	20	khóa khi mặc	未使用
10523002	(chưa dùng)	Hộ phù	30	khóa khi mặc	未使用
10523003	(chưa dùng)	Hộ phù	40	khóa khi mặc	未使用
10523004	(chưa dùng)	Hộ phù	50	khóa khi mặc	未使用
10523005	La Hán Hộ Phù	Hộ phù	60	khóa khi mặc	罗汉护符
10523006	Ma Thiên Chi Yểm	Hộ phù	70	khóa khi mặc	摩天之魇
10523007	(chưa dùng)	Hộ phù	80	khóa khi mặc	未使用
10523008	(chưa dùng)	Hộ phù	90	khóa khi mặc	未使用
10523009	Tu Bích Chi Triền	Hộ phù	100	khóa khi mặc	修碧之缠
10523010	(chưa dùng)	Hộ phù	10	khóa khi mặc	未使用
10523011	(chưa dùng)	Hộ phù	20	khóa khi mặc	未使用
10523012	(chưa dùng)	Hộ phù	30	khóa khi mặc	未使用
10523013	Nộ Diễm Hộ Phù	Hộ phù	40	khóa khi mặc	怒焰护符
10523014	(chưa dùng)	Hộ phù	50	khóa khi mặc	未使用
10523015	(chưa dùng)	Hộ phù	60	khóa khi mặc	未使用
10523016	(chưa dùng)	Hộ phù	70	khóa khi mặc	未使用
10523017	Phần Diệt Chi Sương	Hộ phù	80	khóa khi mặc	焚灭之霜
10523018	(chưa dùng)	Hộ phù	90	khóa khi mặc	未使用
10523019	Viêm Nhật Chi Linh	Hộ phù	100	khóa khi mặc	炎日之灵
10523020	(chưa dùng)	Hộ phù	10	khóa khi mặc	未使用
10523021	(chưa dùng)	Hộ phù	20	khóa khi mặc	未使用
10523022	(chưa dùng)	Hộ phù	30	khóa khi mặc	未使用
10523023	(chưa dùng)	Hộ phù	40	khóa khi mặc	未使用
10523024	Thần Long Chi Hàn	Hộ phù	50	khóa khi mặc	神龙之寒
10523025	(chưa dùng)	Hộ phù	60	khóa khi mặc	未使用
10523026	Thăng Long Chi Hồn	Hộ phù	70	khóa khi mặc	升龙之魂
10523027	(chưa dùng)	Hộ phù	80	khóa khi mặc	未使用
10523028	(chưa dùng)	Hộ phù	90	khóa khi mặc	未使用
10523029	Trảm Long Chi Mặc	Hộ phù	100	khóa khi mặc	斩龙之默
10523030	(chưa dùng)	Hộ phù	10	khóa khi mặc	未使用
10523031	(chưa dùng)	Hộ phù	20	khóa khi mặc	未使用
10523032	(chưa dùng)	Hộ phù	30	khóa khi mặc	未使用
10523033	(chưa dùng)	Hộ phù	40	khóa khi mặc	未使用
10523034	(chưa dùng)	Hộ phù	50	khóa khi mặc	未使用
10523035	Âm Dương Hộ Phù	Hộ phù	60	khóa khi mặc	阴阳护符
10523036	Hình Ý Chi Lân	Hộ phù	70	khóa khi mặc	形意之麟
10523037	(chưa dùng)	Hộ phù	80	khóa khi mặc	未使用
10523038	(chưa dùng)	Hộ phù	90	khóa khi mặc	未使用
10523039	Hàn Vụ Chi Khấp	Hộ phù	100	khóa khi mặc	寒雾之泣
10523040	(chưa dùng)	Hộ phù	10	khóa khi mặc	未使用
10523041	(chưa dùng)	Hộ phù	20	khóa khi mặc	未使用
10523042	(chưa dùng)	Hộ phù	30	khóa khi mặc	未使用
10523043	Nhiếp Hồn Hộ Phù	Hộ phù	40	khóa khi mặc	摄魂护符
10523044	(chưa dùng)	Hộ phù	50	khóa khi mặc	未使用
10523045	(chưa dùng)	Hộ phù	60	khóa khi mặc	未使用
10523046	(chưa dùng)	Hộ phù	70	khóa khi mặc	未使用
10523047	Ngọc Nữ Chi Loan	Hộ phù	80	khóa khi mặc	玉女之鸾
10523048	(chưa dùng)	Hộ phù	90	khóa khi mặc	未使用
10523049	Tố Nữ Chi Nguyên	Hộ phù	100	khóa khi mặc	素女之源
10523050	(chưa dùng)	Hộ phù	10	khóa khi mặc	未使用
10523051	(chưa dùng)	Hộ phù	20	khóa khi mặc	未使用
10523052	(chưa dùng)	Hộ phù	30	khóa khi mặc	未使用
10523053	(chưa dùng)	Hộ phù	40	khóa khi mặc	未使用
10523054	Toả Hồn Chi Hoa	Hộ phù	50	khóa khi mặc	锁魂之华
10523055	(chưa dùng)	Hộ phù	60	khóa khi mặc	未使用
10523056	Luyện Tâm Chi Miểu	Hộ phù	70	khóa khi mặc	炼心之缈
10523057	(chưa dùng)	Hộ phù	80	khóa khi mặc	未使用
10523058	(chưa dùng)	Hộ phù	90	khóa khi mặc	未使用
10523059	Tàn Hồn Chi Mâu	Hộ phù	100	khóa khi mặc	残魂之眸
10523060	(chưa dùng)	Hộ phù	10	khóa khi mặc	未使用
10523061	(chưa dùng)	Hộ phù	20	khóa khi mặc	未使用
10523062	(chưa dùng)	Hộ phù	30	khóa khi mặc	未使用
10523063	(chưa dùng)	Hộ phù	40	khóa khi mặc	未使用
10523064	(chưa dùng)	Hộ phù	50	khóa khi mặc	未使用
10523065	Lục Dương Chi Lăng	Hộ phù	60	khóa khi mặc	六阳之淩
10523066	Nguyệt Phàm Chi Hồn	Hộ phù	70	khóa khi mặc	月凡之魂
10523067	(chưa dùng)	Hộ phù	80	khóa khi mặc	未使用
10523068	(chưa dùng)	Hộ phù	90	khóa khi mặc	未使用
10523069	Toái Hồn Chi Tế Ngữ	Hộ phù	100	khóa khi mặc	碎魂之细语
10523070	(chưa dùng)	Hộ phù	10	khóa khi mặc	未使用
10523071	(chưa dùng)	Hộ phù	20	khóa khi mặc	未使用
10523072	(chưa dùng)	Hộ phù	30	khóa khi mặc	未使用
10523073	Chiết Mai Hộ Phù	Hộ phù	40	khóa khi mặc	折梅护符
10523074	(chưa dùng)	Hộ phù	50	khóa khi mặc	未使用
10523075	(chưa dùng)	Hộ phù	60	khóa khi mặc	未使用
10523076	(chưa dùng)	Hộ phù	70	khóa khi mặc	未使用
10523077	Tru Tiên Chi Thuý	Hộ phù	80	khóa khi mặc	诛仙之翠
10523078	(chưa dùng)	Hộ phù	90	khóa khi mặc	未使用
10523079	Vô Nhai Chi Thương	Hộ phù	100	khóa khi mặc	无涯之苍
10523080	(chưa dùng)	Hộ phù	10	khóa khi mặc	未使用
10523081	(chưa dùng)	Hộ phù	20	khóa khi mặc	未使用
10523082	(chưa dùng)	Hộ phù	30	khóa khi mặc	未使用
10523083	(chưa dùng)	Hộ phù	40	khóa khi mặc	未使用
10523084	Thiểu Dương Hộ Phù	Hộ phù	50	khóa khi mặc	少阳护符
10523085	(chưa dùng)	Hộ phù	60	khóa khi mặc	未使用
10523086	Quan Xung Chi Liệt	Hộ phù	70	khóa khi mặc	关冲之裂
10523087	(chưa dùng)	Hộ phù	80	khóa khi mặc	未使用
10523088	(chưa dùng)	Hộ phù	90	khóa khi mặc	未使用
10523089	Khô Tâm Chi Thuỵ	Hộ phù	100	khóa khi mặc	枯心之瑞
10523090	Tịch Diệt Hộ Phù	Hộ phù	104	khóa khi mặc	寂灭护符
10523091	Phần Tiên Chi Thìn	Hộ phù	104	khóa khi mặc	焚仙之辰
10523092	Khiếu Thiên Pháp Phù	Hộ phù	104	khóa khi mặc	啸天法符
10523093	Tru Ma Huyền Phù	Hộ phù	104	khóa khi mặc	诛魔玄符
10523094	Bích Thần Hộ Phù	Hộ phù	104	khóa khi mặc	碧神护符
10523095	Cốt Linh Tàn Phách	Hộ phù	104	khóa khi mặc	骨灵残魄
10523096	Thiên Ẩn Hộ Phù	Hộ phù	104	khóa khi mặc	天隐护符
10523097	Tiên Dật Pháp Phù	Hộ phù	104	khóa khi mặc	仙逸法符
10523098	Ô Nhật Hộ Phù	Hộ phù	104	khóa khi mặc	乌日护符
10523099	Hương Phần Hồng Lâu Ảnh	Hộ phù	86	khóa	香焚红楼影
10523100	Cầm Hoành Ly Tình Dao	Hộ phù	86	khóa	琴横离情摇
10523101	Điêu Lan Phong Dạ Phò	Hộ phù	96	khóa	雕阑风夜扶
10523102	Thái Âm Trừng Hư Hộ Phù	Hộ phù	96	khóa	太阴澄虚护符
10523103	Ngân Tranh Lộng Huyền Liên	Hộ phù	96	khóa	银筝弄弦连
10523104	Hận Thiên Đăng Lâu Bội	Hộ phù	96	khóa	恨天登楼佩
10552000	(chưa dùng)	Nhẫn	10	khóa khi mặc	未使用
10552001	(chưa dùng)	Nhẫn	20	khóa khi mặc	未使用
10552002	(chưa dùng)	Nhẫn	30	khóa khi mặc	未使用
10552003	(chưa dùng)	Nhẫn	40	khóa khi mặc	未使用
10552004	(chưa dùng)	Nhẫn	50	khóa khi mặc	未使用
10552005	La Hán Thiên Cơ	Nhẫn	60	khóa khi mặc	罗汉天机
10552006	(chưa dùng)	Nhẫn	70	khóa khi mặc	未使用
10552007	(chưa dùng)	Nhẫn	80	khóa khi mặc	未使用
10552008	Quy Ai Chi Xúc	Nhẫn	90	khóa khi mặc	归埃之触
10552009	Tâm Hãn Chi Liên	Nhẫn	100	khóa khi mặc	心瀚之涟
10552010	(chưa dùng)	Nhẫn	10	khóa khi mặc	未使用
10552011	(chưa dùng)	Nhẫn	20	khóa khi mặc	未使用
10552012	(chưa dùng)	Nhẫn	30	khóa khi mặc	未使用
10552013	(chưa dùng)	Nhẫn	40	khóa khi mặc	未使用
10552014	(chưa dùng)	Nhẫn	50	khóa khi mặc	未使用
10552015	Quy Trần Chi Điên	Nhẫn	60	khóa khi mặc	归尘之巅
10552016	Thiên Hoả Chi Nộ	Nhẫn	70	khóa khi mặc	天火之怒
10552017	(chưa dùng)	Nhẫn	80	khóa khi mặc	未使用
10552018	(chưa dùng)	Nhẫn	90	khóa khi mặc	未使用
10552019	Viêm Nhật Chi Vận	Nhẫn	100	khóa khi mặc	炎日之韵
10552020	(chưa dùng)	Nhẫn	10	khóa khi mặc	未使用
10552021	(chưa dùng)	Nhẫn	20	khóa khi mặc	未使用
10552022	(chưa dùng)	Nhẫn	30	khóa khi mặc	未使用
10552023	(chưa dùng)	Nhẫn	40	khóa khi mặc	未使用
10552024	Thần Long Chi Trần	Nhẫn	50	khóa khi mặc	神龙之尘
10552025	(chưa dùng)	Nhẫn	60	khóa khi mặc	未使用
10552026	(chưa dùng)	Nhẫn	70	khóa khi mặc	未使用
10552027	Du Long Chi Mẫn	Nhẫn	80	khóa khi mặc	游龙之闵
10552028	(chưa dùng)	Nhẫn	90	khóa khi mặc	未使用
10552029	Đồ Long Chi Thuỷ	Nhẫn	100	khóa khi mặc	屠龙之水
10552030	(chưa dùng)	Nhẫn	10	khóa khi mặc	未使用
10552031	(chưa dùng)	Nhẫn	20	khóa khi mặc	未使用
10552032	(chưa dùng)	Nhẫn	30	khóa khi mặc	未使用
10552033	(chưa dùng)	Nhẫn	40	khóa khi mặc	未使用
10552034	(chưa dùng)	Nhẫn	50	khóa khi mặc	未使用
10552035	Âm Dương Chi Thán	Nhẫn	60	khóa khi mặc	阴阳之叹
10552036	(chưa dùng)	Nhẫn	70	khóa khi mặc	未使用
10552037	(chưa dùng)	Nhẫn	80	khóa khi mặc	未使用
10552038	Thái Cực Chi Trục	Nhẫn	90	khóa khi mặc	太极之逐
10552039	Thuỷ Diệu Chi Hoàn	Nhẫn	100	khóa khi mặc	水曜之环
10552040	(chưa dùng)	Nhẫn	10	khóa khi mặc	未使用
10552041	(chưa dùng)	Nhẫn	20	khóa khi mặc	未使用
10552042	(chưa dùng)	Nhẫn	30	khóa khi mặc	未使用
10552043	(chưa dùng)	Nhẫn	40	khóa khi mặc	未使用
10552044	(chưa dùng)	Nhẫn	50	khóa khi mặc	未使用
10552045	Phiêu Tuyết Chi Triều	Nhẫn	60	khóa khi mặc	飘雪之朝
10552046	Hạc Ảnh Lưu Huỳnh Chỉ Hoàn	Nhẫn	70	khóa khi mặc	鹤影流萤指环
10552047	(chưa dùng)	Nhẫn	80	khóa khi mặc	未使用
10552048	(chưa dùng)	Nhẫn	90	khóa khi mặc	未使用
10552049	Tố Nữ Chi Nguyệt	Nhẫn	100	khóa khi mặc	素女之月
10552050	(chưa dùng)	Nhẫn	10	khóa khi mặc	未使用
10552051	(chưa dùng)	Nhẫn	20	khóa khi mặc	未使用
10552052	(chưa dùng)	Nhẫn	30	khóa khi mặc	未使用
10552053	(chưa dùng)	Nhẫn	40	khóa khi mặc	未使用
10552054	Toả Hồn Chi Thệ	Nhẫn	50	khóa khi mặc	锁魂之誓
10552055	(chưa dùng)	Nhẫn	60	khóa khi mặc	未使用
10552056	(chưa dùng)	Nhẫn	70	khóa khi mặc	未使用
10552057	Bích Diễm Chi Thuần	Nhẫn	80	khóa khi mặc	碧焰之纯
10552058	(chưa dùng)	Nhẫn	90	khóa khi mặc	未使用
10552059	Tam Tiếu Chi Nguyệt	Nhẫn	100	khóa khi mặc	三笑之月
10552060	(chưa dùng)	Nhẫn	10	khóa khi mặc	未使用
10552061	(chưa dùng)	Nhẫn	20	khóa khi mặc	未使用
10552062	(chưa dùng)	Nhẫn	30	khóa khi mặc	未使用
10552063	(chưa dùng)	Nhẫn	40	khóa khi mặc	未使用
10552064	(chưa dùng)	Nhẫn	50	khóa khi mặc	未使用
10552065	Lục Dương Chi Mị	Nhẫn	60	khóa khi mặc	六阳之魅
10552066	(chưa dùng)	Nhẫn	70	khóa khi mặc	未使用
10552067	(chưa dùng)	Nhẫn	80	khóa khi mặc	未使用
10552068	Tâm Vân Chi Ảnh	Nhẫn	90	khóa khi mặc	心云之影
10552069	Trì Hối Chi Hoàn	Nhẫn	100	khóa khi mặc	迟悔之环
10552070	(chưa dùng)	Nhẫn	10	khóa khi mặc	未使用
10552071	(chưa dùng)	Nhẫn	20	khóa khi mặc	未使用
10552072	(chưa dùng)	Nhẫn	30	khóa khi mặc	未使用
10552073	(chưa dùng)	Nhẫn	40	khóa khi mặc	未使用
10552074	(chưa dùng)	Nhẫn	50	khóa khi mặc	未使用
10552075	Lạc Anh Chi Si	Nhẫn	60	khóa khi mặc	落英之魑
10552076	Độn Giáp Chi Xuyên	Nhẫn	70	khóa khi mặc	遁甲之川
10552077	(chưa dùng)	Nhẫn	80	khóa khi mặc	未使用
10552078	(chưa dùng)	Nhẫn	90	khóa khi mặc	未使用
10552079	Vô Nhai Chi Khung	Nhẫn	100	khóa khi mặc	无涯之穹
10552080	(chưa dùng)	Nhẫn	10	khóa khi mặc	未使用
10552081	(chưa dùng)	Nhẫn	20	khóa khi mặc	未使用
10552082	(chưa dùng)	Nhẫn	30	khóa khi mặc	未使用
10552083	(chưa dùng)	Nhẫn	40	khóa khi mặc	未使用
10552084	Thiểu Dương Chỉ Hoàn	Nhẫn	50	khóa khi mặc	少阳指环
10552085	(chưa dùng)	Nhẫn	60	khóa khi mặc	未使用
10552086	(chưa dùng)	Nhẫn	70	khóa khi mặc	未使用
10552087	Thiểu Trạch Chi Nghi	Nhẫn	80	khóa khi mặc	少泽之仪
10552088	(chưa dùng)	Nhẫn	90	khóa khi mặc	未使用
10552089	Tuyết Nguyệt Chi Hoàn	Nhẫn	100	khóa khi mặc	雪月之环
10553000	(chưa dùng)	Hộ phù	10	khóa khi mặc	未使用
10553001	(chưa dùng)	Hộ phù	20	khóa khi mặc	未使用
10553002	(chưa dùng)	Hộ phù	30	khóa khi mặc	未使用
10553003	(chưa dùng)	Hộ phù	40	khóa khi mặc	未使用
10553004	(chưa dùng)	Hộ phù	50	khóa khi mặc	未使用
10553005	(chưa dùng)	Hộ phù	60	khóa khi mặc	未使用
10553006	(chưa dùng)	Hộ phù	70	khóa khi mặc	未使用
10553007	Vô Trần Chi Luyện	Hộ phù	80	khóa khi mặc	无尘之炼
10553008	Quy Ai Chi Thuật	Hộ phù	90	khóa khi mặc	归埃之术
10553009	Tâm Hãn Chi Trần	Hộ phù	100	khóa khi mặc	心瀚之尘
10553010	(chưa dùng)	Hộ phù	10	khóa khi mặc	未使用
10553011	(chưa dùng)	Hộ phù	20	khóa khi mặc	未使用
10553012	(chưa dùng)	Hộ phù	30	khóa khi mặc	未使用
10553013	(chưa dùng)	Hộ phù	40	khóa khi mặc	未使用
10553014	(chưa dùng)	Hộ phù	50	khóa khi mặc	未使用
10553015	(chưa dùng)	Hộ phù	60	khóa khi mặc	未使用
10553016	Thiên Hoả Chi Tức	Hộ phù	70	khóa khi mặc	天火之息
10553017	(chưa dùng)	Hộ phù	80	khóa khi mặc	未使用
10553018	Thánh Hoả Chi Cương	Hộ phù	90	khóa khi mặc	圣火之刚
10553019	Lạnh Nguyệt Chi Lam	Hộ phù	100	khóa khi mặc	冷月之岚
10553020	(chưa dùng)	Hộ phù	10	khóa khi mặc	未使用
10553021	(chưa dùng)	Hộ phù	20	khóa khi mặc	未使用
10553022	(chưa dùng)	Hộ phù	30	khóa khi mặc	未使用
10553023	(chưa dùng)	Hộ phù	40	khóa khi mặc	未使用
10553024	(chưa dùng)	Hộ phù	50	khóa khi mặc	未使用
10553025	(chưa dùng)	Hộ phù	60	khóa khi mặc	未使用
10553026	(chưa dùng)	Hộ phù	70	khóa khi mặc	未使用
10553027	Du Long Chi Ngâm	Hộ phù	80	khóa khi mặc	游龙之吟
10553028	(chưa dùng)	Hộ phù	90	khóa khi mặc	未使用
10553029	Trảm Long Chi Hoang	Hộ phù	100	khóa khi mặc	斩龙之荒
10553030	(chưa dùng)	Hộ phù	10	khóa khi mặc	未使用
10553031	(chưa dùng)	Hộ phù	20	khóa khi mặc	未使用
10553032	(chưa dùng)	Hộ phù	30	khóa khi mặc	未使用
10553033	(chưa dùng)	Hộ phù	40	khóa khi mặc	未使用
10553034	(chưa dùng)	Hộ phù	50	khóa khi mặc	未使用
10553035	(chưa dùng)	Hộ phù	60	khóa khi mặc	未使用
10553036	(chưa dùng)	Hộ phù	70	khóa khi mặc	未使用
10553037	Ngũ Hành Chi Nguyệt	Hộ phù	80	khóa khi mặc	五行之月
10553038	Thái Cực Chi Ngâm	Hộ phù	90	khóa khi mặc	太极之吟
10553039	Thuỷ Diệu Chi Phong	Hộ phù	100	khóa khi mặc	水曜之峰
10553040	(chưa dùng)	Hộ phù	10	khóa khi mặc	未使用
10553041	(chưa dùng)	Hộ phù	20	khóa khi mặc	未使用
10553042	(chưa dùng)	Hộ phù	30	khóa khi mặc	未使用
10553043	(chưa dùng)	Hộ phù	40	khóa khi mặc	未使用
10553044	(chưa dùng)	Hộ phù	50	khóa khi mặc	未使用
10553045	(chưa dùng)	Hộ phù	60	khóa khi mặc	未使用
10553046	Hạc Ảnh Lưu Huỳnh Hộ Phù	Hộ phù	70	khóa khi mặc	鹤影流萤护符
10553047	(chưa dùng)	Hộ phù	80	khóa khi mặc	未使用
10553048	Hồi Tâm Chi Tang	Hộ phù	90	khóa khi mặc	回心之桑
10553049	Trảm Tình Chi Minh	Hộ phù	100	khóa khi mặc	斩情之冥
10553050	(chưa dùng)	Hộ phù	10	khóa khi mặc	未使用
10553051	(chưa dùng)	Hộ phù	20	khóa khi mặc	未使用
10553052	(chưa dùng)	Hộ phù	30	khóa khi mặc	未使用
10553053	(chưa dùng)	Hộ phù	40	khóa khi mặc	未使用
10553054	(chưa dùng)	Hộ phù	50	khóa khi mặc	未使用
10553055	(chưa dùng)	Hộ phù	60	khóa khi mặc	未使用
10553056	(chưa dùng)	Hộ phù	70	khóa khi mặc	未使用
10553057	Bích Diễm Chi Hoa	Hộ phù	80	khóa khi mặc	碧焰之华
10553058	(chưa dùng)	Hộ phù	90	khóa khi mặc	未使用
10553059	Tàn Hồn Chi Diệu	Hộ phù	100	khóa khi mặc	残魂之曜
10553060	(chưa dùng)	Hộ phù	10	khóa khi mặc	未使用
10553061	(chưa dùng)	Hộ phù	20	khóa khi mặc	未使用
10553062	(chưa dùng)	Hộ phù	30	khóa khi mặc	未使用
10553063	(chưa dùng)	Hộ phù	40	khóa khi mặc	未使用
10553064	(chưa dùng)	Hộ phù	50	khóa khi mặc	未使用
10553065	(chưa dùng)	Hộ phù	60	khóa khi mặc	未使用
10553066	(chưa dùng)	Hộ phù	70	khóa khi mặc	未使用
10553067	Địa Hạc Chi Diệt	Hộ phù	80	khóa khi mặc	地鹤之灭
10553068	Tâm Vân Chi Mộ	Hộ phù	90	khóa khi mặc	心云之暮
10553069	Trì Hối Chi Mộng	Hộ phù	100	khóa khi mặc	迟悔之懵
10553070	(chưa dùng)	Hộ phù	10	khóa khi mặc	未使用
10553071	(chưa dùng)	Hộ phù	20	khóa khi mặc	未使用
10553072	(chưa dùng)	Hộ phù	30	khóa khi mặc	未使用
10553073	(chưa dùng)	Hộ phù	40	khóa khi mặc	未使用
10553074	(chưa dùng)	Hộ phù	50	khóa khi mặc	未使用
10553075	(chưa dùng)	Hộ phù	60	khóa khi mặc	未使用
10553076	Độn Giáp Chi Bích	Hộ phù	70	khóa khi mặc	遁甲之碧
10553077	(chưa dùng)	Hộ phù	80	khóa khi mặc	未使用
10553078	Lăng Yên Chi Hải	Hộ phù	90	khóa khi mặc	淩烟之海
10553079	Thu Thuỷ Chi Hủ	Hộ phù	100	khóa khi mặc	秋水之朽
10553080	(chưa dùng)	Hộ phù	10	khóa khi mặc	未使用
10553081	(chưa dùng)	Hộ phù	20	khóa khi mặc	未使用
10553082	(chưa dùng)	Hộ phù	30	khóa khi mặc	未使用
10553083	(chưa dùng)	Hộ phù	40	khóa khi mặc	未使用
10553084	(chưa dùng)	Hộ phù	50	khóa khi mặc	未使用
10553085	(chưa dùng)	Hộ phù	60	khóa khi mặc	未使用
10553086	(chưa dùng)	Hộ phù	70	khóa khi mặc	未使用
10553087	Thiểu Trạch Chi Phách	Hộ phù	80	khóa khi mặc	少泽之魄
10553088	(chưa dùng)	Hộ phù	90	khóa khi mặc	未使用
10553089	Khô Tâm Chi Từ	Hộ phù	100	khóa khi mặc	枯心之慈
10553090	Tân Thủ Khôi	Mũ	1	khóa	新手盔
10553091	Tân Thủ Hài	Giày	1	khóa	新手鞋
10553092	Tân Thủ Thủ	Bao tay	1	khóa	新手手
10553093	Tân Thủ Giáp	Áo	1	khóa	新手甲
10553094	Tân Thủ Kiên	Hộ kiên	1	khóa	新手肩
10553095	Tân Thủ Liên	Dây chuyền	1	khóa	新手链
10553096	Tân Thủ Đới	Đai lưng	1	khóa	新手带
10553097	Tân Thủ Oản	Hộ uyển	1	khóa	新手腕
10553098	Tân Thủ Giới	Nhẫn	1	khóa	新手戒
10553099	Tân Thủ Phù	Hộ phù	1	khóa	新手符
10553100	Trùng Lâu Liên	Dây chuyền	50	khóa khi mặc	重楼链
10553101	Trùng Lâu Giới	Nhẫn	50	khóa khi mặc	重楼戒
10553102	Trùng Lâu Ngọc	Hộ phù	50	khóa khi mặc	重楼玉
10553103	Chân-Trùng Lâu Liên	Dây chuyền	50	khóa khi mặc	真·重楼链
10553104	Chân-Trùng Lâu Giới	Nhẫn	50	khóa khi mặc	真·重楼戒
10553105	Chân-Trùng Lâu Ngọc	Hộ phù	50	khóa khi mặc	真·重楼玉
10553106	Trùng Lâu Đới	Đai lưng	50	khóa	重楼带
10553107	Chân-Trùng Lâu Đới	Đai lưng	50	khóa	真·重楼带
10553108	Trùng Lâu Kiên	Hộ kiên	50	khóa	重楼肩
10553109	Chân-Trùng Lâu Kiên	Hộ kiên	50	khóa	真·重楼肩
10553110	Trùng Lâu Giáp	Áo	50	khóa	重楼甲
10553111	Chân-Trùng Lâu Giáp	Áo	50	khóa	真·重楼甲
10553112	Trùng Lâu Liên	Dây chuyền	50	khóa	重楼链
10553113	Trùng Lâu Giới	Nhẫn	50	khóa	重楼戒
10553114	Trùng Lâu Ngọc	Hộ phù	50	khóa	重楼玉
10553200	#e330066#gfffff0 Tiên Lữ Tình Duyến	#gf00ff0 Th Tiên Trang	1	khóa khi mặc	#e330066#gfffff0 Tiên Lữ Tình Duyến
10553201	#e330066#gfffff0 Tiên Lữ Tình Duyến	#gf00ff0 Th Tiên Trang	1	khóa khi mặc	#e330066#gfffff0 Tiên Lữ Tình Duyến
10553202	#e330066#gfffff0 Tiên Lữ Tình Duyến	#gf00ff0 Th Tiên Trang	1	khóa khi mặc	#e330066#gfffff0 Tiên Lữ Tình Duyến
10553203	#e330066#gfffff0 Tiên Lữ Tình Duyến	#gf00ff0 Th Tiên Trang	1	khóa khi mặc	#e330066#gfffff0 Tiên Lữ Tình Duyến
10553204	#e330066#gfffff0 Tiên Lữ Tình Duyến	#gf00ff0 Th Tiên Trang	1	khóa khi mặc	#e330066#gfffff0 Tiên Lữ Tình Duyến
10553205	#e330066#gfffff0 Tiên Lữ Tình Duyến	#gf00ff0 Th Tiên Trang	1	khóa khi mặc	#e330066#gfffff0 Tiên Lữ Tình Duyến
10553206	#e330066#gfffff0 Tiên Lữ Tình Duyến	#gf00ff0 Th Tiên Trang	1	khóa khi mặc	#e330066#gfffff0 Tiên Lữ Tình Duyến
10553207	#e330066#gfffff0 Tiên Lữ Tình Duyến	#gf00ff0 Th Tiên Trang	1	khóa khi mặc	#e330066#gfffff0 Tiên Lữ Tình Duyến
10553208	#e330066#gfffff0 Tiên Lữ Tình Duyến	#gf00ff0 Th Tiên Trang	1	khóa khi mặc	#e330066#gfffff0 Tiên Lữ Tình Duyến
10553209	#e330066#gfffff0 Tuyết Vũ Sương Y	#gf00ff0 Th Tiên Trang	1	khóa khi mặc	#e330066#gfffff0 Tuyết Vũ Sương Y
10553210	#e330066#gfffff0 Tuyết Vũ Sương Y	#gf00ff0 Th Tiên Trang	1	khóa khi mặc	#e330066#gfffff0 Tuyết Vũ Sương Y
10553211	#e330066#gfffff0 Tuyết Vũ Sương Y	#gf00ff0 Th Tiên Trang	1	khóa khi mặc	#e330066#gfffff0 Tuyết Vũ Sương Y
10553212	#e330066#gfffff0 Tuyết Vũ Sương Y	#gf00ff0 Th Tiên Trang	1	khóa khi mặc	#e330066#gfffff0 Tuyết Vũ Sương Y
10553213	#e330066#gfffff0 Tuyết Vũ Sương Y	#gf00ff0 Th Tiên Trang	1	khóa khi mặc	#e330066#gfffff0 Tuyết Vũ Sương Y
10553214	#e330066#gfffff0 Tuyết Vũ Sương Y	#gf00ff0 Th Tiên Trang	1	khóa khi mặc	#e330066#gfffff0 Tuyết Vũ Sương Y
10553215	#e330066#gfffff0 Tuyết Vũ Sương Y	#gf00ff0 Th Tiên Trang	1	khóa khi mặc	#e330066#gfffff0 Tuyết Vũ Sương Y
10553216	#e330066#gfffff0 Tuyết Vũ Sương Y	#gf00ff0 Th Tiên Trang	1	khóa khi mặc	#e330066#gfffff0 Tuyết Vũ Sương Y
10553217	#e330066#gfffff0 Tuyết Vũ Sương Y	#gf00ff0 Th Tiên Trang	1	khóa khi mặc	#e330066#gfffff0 Tuyết Vũ Sương Y
10553218	#e330066#gfffff0 Vạn Tử Thiên Hồng	#gf00ff0 Th Tiên Trang	1	khóa khi mặc	#e330066#gfffff0 Vạn Tử Thiên Hồng
10553219	#e330066#gfffff0 Vạn Tử Thiên Hồng	#gf00ff0 Th Tiên Trang	1	khóa khi mặc	#e330066#gfffff0 Vạn Tử Thiên Hồng
10553220	#e330066#gfffff0 Vạn Tử Thiên Hồng	#gf00ff0 Th Tiên Trang	1	khóa khi mặc	#e330066#gfffff0 Vạn Tử Thiên Hồng
10553221	#e330066#gfffff0 Vạn Tử Thiên Hồng	#gf00ff0 Th Tiên Trang	1	khóa khi mặc	#e330066#gfffff0 Vạn Tử Thiên Hồng
10553222	#e330066#gfffff0 Vạn Tử Thiên Hồng	#gf00ff0 Th Tiên Trang	1	khóa khi mặc	#e330066#gfffff0 Vạn Tử Thiên Hồng
10553223	#e330066#gfffff0 Vạn Tử Thiên Hồng	#gf00ff0 Th Tiên Trang	1	khóa khi mặc	#e330066#gfffff0 Vạn Tử Thiên Hồng
10553224	#e330066#gfffff0 Vạn Tử Thiên Hồng	#gf00ff0 Th Tiên Trang	1	khóa khi mặc	#e330066#gfffff0 Vạn Tử Thiên Hồng
10553225	#e330066#gfffff0 Vạn Tử Thiên Hồng	#gf00ff0 Th Tiên Trang	1	khóa khi mặc	#e330066#gfffff0 Vạn Tử Thiên Hồng
10553226	#e330066#gfffff0 Vạn Tử Thiên Hồng	#gf00ff0 Th Tiên Trang	1	khóa khi mặc	#e330066#gfffff0 Vạn Tử Thiên Hồng
10553227	#e330066#gfffff0 膍 Tính m Hạng 陁 Linh	#gf00ff0 Th Tiên Trang	1	khóa khi mặc	#e330066#gfffff0 膍 姓m 衖陁 Linh
10553228	#e330066#gfffff0 膍 Tính m Hạng 陁 Linh	#gf00ff0 Th Tiên Trang	1	khóa khi mặc	#e330066#gfffff0 膍 姓m 衖陁 Linh
10553229	#e330066#gfffff0 膍 Tính m Hạng 陁 Linh	#gf00ff0 Th Tiên Trang	1	khóa khi mặc	#e330066#gfffff0 膍 姓m 衖陁 Linh
10553230	#e330066#gfffff0 膍 Tính m Hạng 陁 Linh	#gf00ff0 Th Tiên Trang	1	khóa khi mặc	#e330066#gfffff0 膍 姓m 衖陁 Linh
10553231	#e330066#gfffff0 膍 Tính m Hạng 陁 Linh	#gf00ff0 Th Tiên Trang	1	khóa khi mặc	#e330066#gfffff0 膍 姓m 衖陁 Linh
10553232	#e330066#gfffff0 膍 Tính m Hạng 陁 Linh	#gf00ff0 Th Tiên Trang	1	khóa khi mặc	#e330066#gfffff0 膍 姓m 衖陁 Linh
10553233	#e330066#gfffff0 膍 Tính m Hạng 陁 Linh	#gf00ff0 Th Tiên Trang	1	khóa khi mặc	#e330066#gfffff0 膍 姓m 衖陁 Linh
10553234	#e330066#gfffff0 膍 Tính m Hạng 陁 Linh	#gf00ff0 Th Tiên Trang	1	khóa khi mặc	#e330066#gfffff0 膍 姓m 衖陁 Linh
10553235	#e330066#gfffff0 膍 Tính m Hạng 陁 Linh	#gf00ff0 Th Tiên Trang	1	khóa khi mặc	#e330066#gfffff0 膍 姓m 衖陁 Linh
10553236	#e330066#gfffff0 Thanh Phong Di Giang	#gf00ff0 Th Tiên Trang	1	khóa khi mặc	#e330066#gfffff0 Thanh Phong Di Giang
10553237	#e330066#gfffff0 Thanh Phong Di Giang	#gf00ff0 Th Tiên Trang	1	khóa khi mặc	#e330066#gfffff0 Thanh Phong Di Giang
10553238	#e330066#gfffff0 Thanh Phong Di Giang	#gf00ff0 Th Tiên Trang	1	khóa khi mặc	#e330066#gfffff0 Thanh Phong Di Giang
10553239	#e330066#gfffff0 Thanh Phong Di Giang	#gf00ff0 Th Tiên Trang	1	khóa khi mặc	#e330066#gfffff0 Thanh Phong Di Giang
10553240	#e330066#gfffff0 Thanh Phong Di Giang	#gf00ff0 Th Tiên Trang	1	khóa khi mặc	#e330066#gfffff0 Thanh Phong Di Giang
10553241	#e330066#gfffff0 Thanh Phong Di Giang	#gf00ff0 Th Tiên Trang	1	khóa khi mặc	#e330066#gfffff0 Thanh Phong Di Giang
10553242	#e330066#gfffff0 Thanh Phong Di Giang	#gf00ff0 Th Tiên Trang	1	khóa khi mặc	#e330066#gfffff0 Thanh Phong Di Giang
10553243	#e330066#gfffff0 Thanh Phong Di Giang	#gf00ff0 Th Tiên Trang	1	khóa khi mặc	#e330066#gfffff0 Thanh Phong Di Giang
10553244	#e330066#gfffff0 Thanh Phong Di Giang	#gf00ff0 Th Tiên Trang	1	khóa khi mặc	#e330066#gfffff0 Thanh Phong Di Giang
10553245	#e330066#gfffff0 Xuân Phong Dư Tuyết	#gf00ff0 Th Tiên Trang	1	khóa khi mặc	#e330066#gfffff0 Xuân Phong Dư Tuyết
10553246	#e330066#gfffff0 Xuân Phong Dư Tuyết	#gf00ff0 Th Tiên Trang	1	khóa khi mặc	#e330066#gfffff0 Xuân Phong Dư Tuyết
10553247	#e330066#gfffff0 Xuân Phong Dư Tuyết	#gf00ff0 Th Tiên Trang	1	khóa khi mặc	#e330066#gfffff0 Xuân Phong Dư Tuyết
10553248	#e330066#gfffff0 Xuân Phong Dư Tuyết	#gf00ff0 Th Tiên Trang	1	khóa khi mặc	#e330066#gfffff0 Xuân Phong Dư Tuyết
10553249	#e330066#gfffff0 Xuân Phong Dư Tuyết	#gf00ff0 Th Tiên Trang	1	khóa khi mặc	#e330066#gfffff0 Xuân Phong Dư Tuyết
10553250	#e330066#gfffff0 Xuân Phong Dư Tuyết	#gf00ff0 Th Tiên Trang	1	khóa khi mặc	#e330066#gfffff0 Xuân Phong Dư Tuyết
10553251	#e330066#gfffff0 Xuân Phong Dư Tuyết	#gf00ff0 Th Tiên Trang	1	khóa khi mặc	#e330066#gfffff0 Xuân Phong Dư Tuyết
10553252	#e330066#gfffff0 Xuân Phong Dư Tuyết	#gf00ff0 Th Tiên Trang	1	khóa khi mặc	#e330066#gfffff0 Xuân Phong Dư Tuyết
10553253	#e330066#gfffff0 Xuân Phong Dư Tuyết	#gf00ff0 Th Tiên Trang	1	khóa khi mặc	#e330066#gfffff0 Xuân Phong Dư Tuyết
10553254	#e330066#gfffff0 Sơ Cuồng Ám Hương	#gf00ff0 Th Tiên Trang	1	khóa khi mặc	#e330066#gfffff0 Sơ Cuồng Ám Hương
10553255	#e330066#gfffff0 Sơ Cuồng Ám Hương	#gf00ff0 Th Tiên Trang	1	khóa khi mặc	#e330066#gfffff0 Sơ Cuồng Ám Hương
10553256	#e330066#gfffff0 Sơ Cuồng Ám Hương	#gf00ff0 Th Tiên Trang	1	khóa khi mặc	#e330066#gfffff0 Sơ Cuồng Ám Hương
10553257	#e330066#gfffff0 Sơ Cuồng Ám Hương	#gf00ff0 Th Tiên Trang	1	khóa khi mặc	#e330066#gfffff0 Sơ Cuồng Ám Hương
10553258	#e330066#gfffff0 Sơ Cuồng Ám Hương	#gf00ff0 Th Tiên Trang	1	khóa khi mặc	#e330066#gfffff0 Sơ Cuồng Ám Hương
10553259	#e330066#gfffff0 Sơ Cuồng Ám Hương	#gf00ff0 Th Tiên Trang	1	khóa khi mặc	#e330066#gfffff0 Sơ Cuồng Ám Hương
10553260	#e330066#gfffff0 Sơ Cuồng Ám Hương	#gf00ff0 Th Tiên Trang	1	khóa khi mặc	#e330066#gfffff0 Sơ Cuồng Ám Hương
10553261	#e330066#gfffff0 Sơ Cuồng Ám Hương	#gf00ff0 Th Tiên Trang	1	khóa khi mặc	#e330066#gfffff0 Sơ Cuồng Ám Hương
10553262	#e330066#gfffff0 Sơ Cuồng Ám Hương	#gf00ff0 Th Tiên Trang	1	khóa khi mặc	#e330066#gfffff0 Sơ Cuồng Ám Hương
10553263	#e330066#gfffff0 Tiên Vũ Ngưng Nguyệt	#gf00ff0 Th Tiên Trang	1	khóa khi mặc	#e330066#gfffff0 Tiên Vũ Ngưng Nguyệt
10553264	#e330066#gfffff0 Tiên Vũ Ngưng Nguyệt	#gf00ff0 Th Tiên Trang	1	khóa khi mặc	#e330066#gfffff0 Tiên Vũ Ngưng Nguyệt
10553265	#e330066#gfffff0 Tiên Vũ Ngưng Nguyệt	#gf00ff0 Th Tiên Trang	1	khóa khi mặc	#e330066#gfffff0 Tiên Vũ Ngưng Nguyệt
10553266	#e330066#gfffff0 Tiên Vũ Ngưng Nguyệt	#gf00ff0 Th Tiên Trang	1	khóa khi mặc	#e330066#gfffff0 Tiên Vũ Ngưng Nguyệt
10553267	#e330066#gfffff0 Tiên Vũ Ngưng Nguyệt	#gf00ff0 Th Tiên Trang	1	khóa khi mặc	#e330066#gfffff0 Tiên Vũ Ngưng Nguyệt
10553268	#e330066#gfffff0 Tiên Vũ Ngưng Nguyệt	#gf00ff0 Th Tiên Trang	1	khóa khi mặc	#e330066#gfffff0 Tiên Vũ Ngưng Nguyệt
10553269	#e330066#gfffff0 Tiên Vũ Ngưng Nguyệt	#gf00ff0 Th Tiên Trang	1	khóa khi mặc	#e330066#gfffff0 Tiên Vũ Ngưng Nguyệt
10553270	#e330066#gfffff0 Tiên Vũ Ngưng Nguyệt	#gf00ff0 Th Tiên Trang	1	khóa khi mặc	#e330066#gfffff0 Tiên Vũ Ngưng Nguyệt
10553271	#e330066#gfffff0 Tiên Vũ Ngưng Nguyệt	#gf00ff0 Th Tiên Trang	1	khóa khi mặc	#e330066#gfffff0 Tiên Vũ Ngưng Nguyệt
10553272	#e330066#gfffff0 Tử Dật Sương Nhung	#gf00ff0 Th Tiên Trang	1	khóa khi mặc	#e330066#gfffff0 Tử Dật Sương Nhung
10553273	#e330066#gfffff0 Tử Dật Sương Nhung	#gf00ff0 Th Tiên Trang	1	khóa khi mặc	#e330066#gfffff0 Tử Dật Sương Nhung
10553274	#e330066#gfffff0 Tử Dật Sương Nhung	#gf00ff0 Th Tiên Trang	1	khóa khi mặc	#e330066#gfffff0 Tử Dật Sương Nhung
10553275	#e330066#gfffff0 Tử Dật Sương Nhung	#gf00ff0 Th Tiên Trang	1	khóa khi mặc	#e330066#gfffff0 Tử Dật Sương Nhung
10553276	#e330066#gfffff0 Tử Dật Sương Nhung	#gf00ff0 Th Tiên Trang	1	khóa khi mặc	#e330066#gfffff0 Tử Dật Sương Nhung
10553277	#e330066#gfffff0 Tử Dật Sương Nhung	#gf00ff0 Th Tiên Trang	1	khóa khi mặc	#e330066#gfffff0 Tử Dật Sương Nhung
10553278	#e330066#gfffff0 Tử Dật Sương Nhung	#gf00ff0 Th Tiên Trang	1	khóa khi mặc	#e330066#gfffff0 Tử Dật Sương Nhung
10553279	#e330066#gfffff0 Tử Dật Sương Nhung	#gf00ff0 Th Tiên Trang	1	khóa khi mặc	#e330066#gfffff0 Tử Dật Sương Nhung
10553280	#e330066#gfffff0 Tử Dật Sương Nhung	#gf00ff0 Th Tiên Trang	1	khóa khi mặc	#e330066#gfffff0 Tử Dật Sương Nhung
10553281	#e330066#gfffff0 Phi Long Th 譨 V Sao	#gf00ff0 Th Tiên Trang	1	khóa khi mặc	#e330066#gfffff0 Phi Long Th譨 V鈔
10553282	#e330066#gfffff0 Phi Long Th 譨 V Sao	#gf00ff0 Th Tiên Trang	1	khóa khi mặc	#e330066#gfffff0 Phi Long Th譨 V鈔
10553283	#e330066#gfffff0 Phi Long Th 譨 V Sao	#gf00ff0 Th Tiên Trang	1	khóa khi mặc	#e330066#gfffff0 Phi Long Th譨 V鈔
10553284	#e330066#gfffff0 Phi Long Th 譨 V Sao	#gf00ff0 Th Tiên Trang	1	khóa khi mặc	#e330066#gfffff0 Phi Long Th譨 V鈔
10553285	#e330066#gfffff0 Phi Long Th 譨 V Sao	#gf00ff0 Th Tiên Trang	1	khóa khi mặc	#e330066#gfffff0 Phi Long Th譨 V鈔
10553286	#e330066#gfffff0 Phi Long Th 譨 V Sao	#gf00ff0 Th Tiên Trang	1	khóa khi mặc	#e330066#gfffff0 Phi Long Th譨 V鈔
10553287	#e330066#gfffff0 Phi Long Th 譨 V Sao	#gf00ff0 Th Tiên Trang	1	khóa khi mặc	#e330066#gfffff0 Phi Long Th譨 V鈔
10553288	#e330066#gfffff0 Phi Long Th 譨 V Sao	#gf00ff0 Th Tiên Trang	1	khóa khi mặc	#e330066#gfffff0 Phi Long Th譨 V鈔
10553289	#e330066#gfffff0 Phi Long Th 譨 V Sao	#gf00ff0 Th Tiên Trang	1	khóa khi mặc	#e330066#gfffff0 Phi Long Th譨 V鈔
10553290	#e330066#gfffff0 Thanh Hà Ngư Thiển	#gf00ff0 Th Tiên Trang	1	khóa khi mặc	#e330066#gfffff0 Thanh Hà Ngư Thiển
10553291	#e330066#gfffff0 Thanh Hà Ngư Thiển	#gf00ff0 Th Tiên Trang	1	khóa khi mặc	#e330066#gfffff0 Thanh Hà Ngư Thiển
10553292	#e330066#gfffff0 Thanh Hà Ngư Thiển	#gf00ff0 Th Tiên Trang	1	khóa khi mặc	#e330066#gfffff0 Thanh Hà Ngư Thiển
10553293	#e330066#gfffff0 Thanh Hà Ngư Thiển	#gf00ff0 Th Tiên Trang	1	khóa khi mặc	#e330066#gfffff0 Thanh Hà Ngư Thiển
10553294	#e330066#gfffff0 Thanh Hà Ngư Thiển	#gf00ff0 Th Tiên Trang	1	khóa khi mặc	#e330066#gfffff0 Thanh Hà Ngư Thiển
10553295	#e330066#gfffff0 Thanh Hà Ngư Thiển	#gf00ff0 Th Tiên Trang	1	khóa khi mặc	#e330066#gfffff0 Thanh Hà Ngư Thiển
10553296	#e330066#gfffff0 Thanh Hà Ngư Thiển	#gf00ff0 Th Tiên Trang	1	khóa khi mặc	#e330066#gfffff0 Thanh Hà Ngư Thiển
10553297	#e330066#gfffff0 Thanh Hà Ngư Thiển	#gf00ff0 Th Tiên Trang	1	khóa khi mặc	#e330066#gfffff0 Thanh Hà Ngư Thiển
10553298	#e330066#gfffff0 Thanh Hà Ngư Thiển	#gf00ff0 Th Tiên Trang	1	khóa khi mặc	#e330066#gfffff0 Thanh Hà Ngư Thiển
10553299	#e330066#gfffff0 Phiên Điệp Lạc Vũ	#gf00ff0 Th Tiên Trang	1	khóa khi mặc	#e330066#gfffff0 Phiên Điệp Lạc Vũ
10553300	#e330066#gfffff0 Phiên Điệp Lạc Vũ	#gf00ff0 Th Tiên Trang	1	khóa khi mặc	#e330066#gfffff0 Phiên Điệp Lạc Vũ
10553301	#e330066#gfffff0 Phiên Điệp Lạc Vũ	#gf00ff0 Th Tiên Trang	1	khóa khi mặc	#e330066#gfffff0 Phiên Điệp Lạc Vũ
10553302	#e330066#gfffff0 Phiên Điệp Lạc Vũ	#gf00ff0 Th Tiên Trang	1	khóa khi mặc	#e330066#gfffff0 Phiên Điệp Lạc Vũ
10553303	#e330066#gfffff0 Phiên Điệp Lạc Vũ	#gf00ff0 Th Tiên Trang	1	khóa khi mặc	#e330066#gfffff0 Phiên Điệp Lạc Vũ
10553304	#e330066#gfffff0 Phiên Điệp Lạc Vũ	#gf00ff0 Th Tiên Trang	1	khóa khi mặc	#e330066#gfffff0 Phiên Điệp Lạc Vũ
10553305	#e330066#gfffff0 Phiên Điệp Lạc Vũ	#gf00ff0 Th Tiên Trang	1	khóa khi mặc	#e330066#gfffff0 Phiên Điệp Lạc Vũ
10553306	#e330066#gfffff0 Phiên Điệp Lạc Vũ	#gf00ff0 Th Tiên Trang	1	khóa khi mặc	#e330066#gfffff0 Phiên Điệp Lạc Vũ
10553307	#e330066#gfffff0 Phiên Điệp Lạc Vũ	#gf00ff0 Th Tiên Trang	1	khóa khi mặc	#e330066#gfffff0 Phiên Điệp Lạc Vũ
10553308	#e330066#gfffff0 Ngọc Vũ Thanh Trù	#gf00ff0 Th Tiên Trang	1	khóa khi mặc	#e330066#gfffff0 Ngọc Vũ Thanh Trù
10553309	#e330066#gfffff0 Ngọc Vũ Thanh Trù	#gf00ff0 Th Tiên Trang	1	khóa khi mặc	#e330066#gfffff0 Ngọc Vũ Thanh Trù
10553310	#e330066#gfffff0 Ngọc Vũ Thanh Trù	#gf00ff0 Th Tiên Trang	1	khóa khi mặc	#e330066#gfffff0 Ngọc Vũ Thanh Trù
10553311	#e330066#gfffff0 Ngọc Vũ Thanh Trù	#gf00ff0 Th Tiên Trang	1	khóa khi mặc	#e330066#gfffff0 Ngọc Vũ Thanh Trù
10553312	#e330066#gfffff0 Ngọc Vũ Thanh Trù	#gf00ff0 Th Tiên Trang	1	khóa khi mặc	#e330066#gfffff0 Ngọc Vũ Thanh Trù
10553313	#e330066#gfffff0 Ngọc Vũ Thanh Trù	#gf00ff0 Th Tiên Trang	1	khóa khi mặc	#e330066#gfffff0 Ngọc Vũ Thanh Trù
10553314	#e330066#gfffff0 Ngọc Vũ Thanh Trù	#gf00ff0 Th Tiên Trang	1	khóa khi mặc	#e330066#gfffff0 Ngọc Vũ Thanh Trù
10553315	#e330066#gfffff0 Ngọc Vũ Thanh Trù	#gf00ff0 Th Tiên Trang	1	khóa khi mặc	#e330066#gfffff0 Ngọc Vũ Thanh Trù
10553316	#e330066#gfffff0 Ngọc Vũ Thanh Trù	#gf00ff0 Th Tiên Trang	1	khóa khi mặc	#e330066#gfffff0 Ngọc Vũ Thanh Trù
10553317	#e330066#gfffff0 赾 H Nghệ ng Hinh Ph Nghệ ng	#gf00ff0 Th Tiên Trang	1	khóa khi mặc	#e330066#gfffff0 赾 H呓ng Hinh Ph呓ng
10553318	#e330066#gfffff0 赾 H Nghệ ng Hinh Ph Nghệ ng	#gf00ff0 Th Tiên Trang	1	khóa khi mặc	#e330066#gfffff0 赾 H呓ng Hinh Ph呓ng
10553319	#e330066#gfffff0 赾 H Nghệ ng Hinh Ph Nghệ ng	#gf00ff0 Th Tiên Trang	1	khóa khi mặc	#e330066#gfffff0 赾 H呓ng Hinh Ph呓ng
10553320	#e330066#gfffff0 赾 H Nghệ ng Hinh Ph Nghệ ng	#gf00ff0 Th Tiên Trang	1	khóa khi mặc	#e330066#gfffff0 赾 H呓ng Hinh Ph呓ng
10553321	#e330066#gfffff0 赾 H Nghệ ng Hinh Ph Nghệ ng	#gf00ff0 Th Tiên Trang	1	khóa khi mặc	#e330066#gfffff0 赾 H呓ng Hinh Ph呓ng
10553322	#e330066#gfffff0 赾 H Nghệ ng Hinh Ph Nghệ ng	#gf00ff0 Th Tiên Trang	1	khóa khi mặc	#e330066#gfffff0 赾 H呓ng Hinh Ph呓ng
10553323	#e330066#gfffff0 赾 H Nghệ ng Hinh Ph Nghệ ng	#gf00ff0 Th Tiên Trang	1	khóa khi mặc	#e330066#gfffff0 赾 H呓ng Hinh Ph呓ng
10553324	#e330066#gfffff0 赾 H Nghệ ng Hinh Ph Nghệ ng	#gf00ff0 Th Tiên Trang	1	khóa khi mặc	#e330066#gfffff0 赾 H呓ng Hinh Ph呓ng
10553325	#e330066#gfffff0 赾 H Nghệ ng Hinh Ph Nghệ ng	#gf00ff0 Th Tiên Trang	1	khóa khi mặc	#e330066#gfffff0 赾 H呓ng Hinh Ph呓ng
10553326	#e330066#gfffff0 Lí Hí Lan Phương	#gf00ff0 Th Tiên Trang	1	khóa khi mặc	#e330066#gfffff0 Lí Hí Lan Phương
10553327	#e330066#gfffff0 Lí Hí Lan Phương	#gf00ff0 Th Tiên Trang	1	khóa khi mặc	#e330066#gfffff0 Lí Hí Lan Phương
10553328	#e330066#gfffff0 Lí Hí Lan Phương	#gf00ff0 Th Tiên Trang	1	khóa khi mặc	#e330066#gfffff0 Lí Hí Lan Phương
10553329	#e330066#gfffff0 Lí Hí Lan Phương	#gf00ff0 Th Tiên Trang	1	khóa khi mặc	#e330066#gfffff0 Lí Hí Lan Phương
10553330	#e330066#gfffff0 Lí Hí Lan Phương	#gf00ff0 Th Tiên Trang	1	khóa khi mặc	#e330066#gfffff0 Lí Hí Lan Phương
10553331	#e330066#gfffff0 Lí Hí Lan Phương	#gf00ff0 Th Tiên Trang	1	khóa khi mặc	#e330066#gfffff0 Lí Hí Lan Phương
10553332	#e330066#gfffff0 Lí Hí Lan Phương	#gf00ff0 Th Tiên Trang	1	khóa khi mặc	#e330066#gfffff0 Lí Hí Lan Phương
10553333	#e330066#gfffff0 Lí Hí Lan Phương	#gf00ff0 Th Tiên Trang	1	khóa khi mặc	#e330066#gfffff0 Lí Hí Lan Phương
10553334	#e330066#gfffff0 Lí Hí Lan Phương	#gf00ff0 Th Tiên Trang	1	khóa khi mặc	#e330066#gfffff0 Lí Hí Lan Phương
10553335	#e330066#gfffff0 Ngọc Cẩm Kim Sa	#gf00ff0 Th Tiên Trang	1	khóa khi mặc	#e330066#gfffff0 Ngọc Cẩm Kim Sa
10553336	#e330066#gfffff0 Ngọc Cẩm Kim Sa	#gf00ff0 Th Tiên Trang	1	khóa khi mặc	#e330066#gfffff0 Ngọc Cẩm Kim Sa
10553337	#e330066#gfffff0 Ngọc Cẩm Kim Sa	#gf00ff0 Th Tiên Trang	1	khóa khi mặc	#e330066#gfffff0 Ngọc Cẩm Kim Sa
10553338	#e330066#gfffff0 Ngọc Cẩm Kim Sa	#gf00ff0 Th Tiên Trang	1	khóa khi mặc	#e330066#gfffff0 Ngọc Cẩm Kim Sa
10553339	#e330066#gfffff0 Ngọc Cẩm Kim Sa	#gf00ff0 Th Tiên Trang	1	khóa khi mặc	#e330066#gfffff0 Ngọc Cẩm Kim Sa
10553340	#e330066#gfffff0 Ngọc Cẩm Kim Sa	#gf00ff0 Th Tiên Trang	1	khóa khi mặc	#e330066#gfffff0 Ngọc Cẩm Kim Sa
10553341	#e330066#gfffff0 Ngọc Cẩm Kim Sa	#gf00ff0 Th Tiên Trang	1	khóa khi mặc	#e330066#gfffff0 Ngọc Cẩm Kim Sa
10553342	#e330066#gfffff0 Ngọc Cẩm Kim Sa	#gf00ff0 Th Tiên Trang	1	khóa khi mặc	#e330066#gfffff0 Ngọc Cẩm Kim Sa
10553343	#e330066#gfffff0 Ngọc Cẩm Kim Sa	#gf00ff0 Th Tiên Trang	1	khóa khi mặc	#e330066#gfffff0 Ngọc Cẩm Kim Sa
10553344	#e330066#gfffff0 Mặc Vũ Tiềm U	#gf00ff0 Th Tiên Trang	1	khóa khi mặc	#e330066#gfffff0 Mặc Vũ Tiềm U
10553345	#e330066#gfffff0 Mặc Vũ Tiềm U	#gf00ff0 Th Tiên Trang	1	khóa khi mặc	#e330066#gfffff0 Mặc Vũ Tiềm U
10553346	#e330066#gfffff0 Mặc Vũ Tiềm U	#gf00ff0 Th Tiên Trang	1	khóa khi mặc	#e330066#gfffff0 Mặc Vũ Tiềm U
10553347	#e330066#gfffff0 Mặc Vũ Tiềm U	#gf00ff0 Th Tiên Trang	1	khóa khi mặc	#e330066#gfffff0 Mặc Vũ Tiềm U
10553348	#e330066#gfffff0 Mặc Vũ Tiềm U	#gf00ff0 Th Tiên Trang	1	khóa khi mặc	#e330066#gfffff0 Mặc Vũ Tiềm U
10553349	#e330066#gfffff0 Mặc Vũ Tiềm U	#gf00ff0 Th Tiên Trang	1	khóa khi mặc	#e330066#gfffff0 Mặc Vũ Tiềm U
10553350	#e330066#gfffff0 Mặc Vũ Tiềm U	#gf00ff0 Th Tiên Trang	1	khóa khi mặc	#e330066#gfffff0 Mặc Vũ Tiềm U
10553351	#e330066#gfffff0 Mặc Vũ Tiềm U	#gf00ff0 Th Tiên Trang	1	khóa khi mặc	#e330066#gfffff0 Mặc Vũ Tiềm U
10553352	#e330066#gfffff0 Mặc Vũ Tiềm U	#gf00ff0 Th Tiên Trang	1	khóa khi mặc	#e330066#gfffff0 Mặc Vũ Tiềm U
10553353	#e330066#gfffff0 Dạ Cẩm Thiên Lan	#gf00ff0 Th Tiên Trang	1	khóa khi mặc	#e330066#gfffff0 Dạ Cẩm Thiên Lan
10553354	#e330066#gfffff0 Dạ Cẩm Thiên Lan	#gf00ff0 Th Tiên Trang	1	khóa khi mặc	#e330066#gfffff0 Dạ Cẩm Thiên Lan
10553355	#e330066#gfffff0 Dạ Cẩm Thiên Lan	#gf00ff0 Th Tiên Trang	1	khóa khi mặc	#e330066#gfffff0 Dạ Cẩm Thiên Lan
10553356	#e330066#gfffff0 Dạ Cẩm Thiên Lan	#gf00ff0 Th Tiên Trang	1	khóa khi mặc	#e330066#gfffff0 Dạ Cẩm Thiên Lan
10553357	#e330066#gfffff0 Dạ Cẩm Thiên Lan	#gf00ff0 Th Tiên Trang	1	khóa khi mặc	#e330066#gfffff0 Dạ Cẩm Thiên Lan
10553358	#e330066#gfffff0 Dạ Cẩm Thiên Lan	#gf00ff0 Th Tiên Trang	1	khóa khi mặc	#e330066#gfffff0 Dạ Cẩm Thiên Lan
10553359	#e330066#gfffff0 Dạ Cẩm Thiên Lan	#gf00ff0 Th Tiên Trang	1	khóa khi mặc	#e330066#gfffff0 Dạ Cẩm Thiên Lan
10553360	#e330066#gfffff0 Dạ Cẩm Thiên Lan	#gf00ff0 Th Tiên Trang	1	khóa khi mặc	#e330066#gfffff0 Dạ Cẩm Thiên Lan
10553361	#e330066#gfffff0 Dạ Cẩm Thiên Lan	#gf00ff0 Th Tiên Trang	1	khóa khi mặc	#e330066#gfffff0 Dạ Cẩm Thiên Lan
10553362	#e330066#gfffff0 Tố Vãn Huyền Thường	#gf00ff0 Th Tiên Trang	1	khóa khi mặc	#e330066#gfffff0 Tố Vãn Huyền Thường
10553363	#e330066#gfffff0 Tố Vãn Huyền Thường	#gf00ff0 Th Tiên Trang	1	khóa khi mặc	#e330066#gfffff0 Tố Vãn Huyền Thường
10553364	#e330066#gfffff0 Tố Vãn Huyền Thường	#gf00ff0 Th Tiên Trang	1	khóa khi mặc	#e330066#gfffff0 Tố Vãn Huyền Thường
10553365	#e330066#gfffff0 Tố Vãn Huyền Thường	#gf00ff0 Th Tiên Trang	1	khóa khi mặc	#e330066#gfffff0 Tố Vãn Huyền Thường
10553366	#e330066#gfffff0 Tố Vãn Huyền Thường	#gf00ff0 Th Tiên Trang	1	khóa khi mặc	#e330066#gfffff0 Tố Vãn Huyền Thường
10553367	#e330066#gfffff0 Tố Vãn Huyền Thường	#gf00ff0 Th Tiên Trang	1	khóa khi mặc	#e330066#gfffff0 Tố Vãn Huyền Thường
10553368	#e330066#gfffff0 Tố Vãn Huyền Thường	#gf00ff0 Th Tiên Trang	1	khóa khi mặc	#e330066#gfffff0 Tố Vãn Huyền Thường
10553369	#e330066#gfffff0 Tố Vãn Huyền Thường	#gf00ff0 Th Tiên Trang	1	khóa khi mặc	#e330066#gfffff0 Tố Vãn Huyền Thường
10553370	#e330066#gfffff0 Tố Vãn Huyền Thường	#gf00ff0 Th Tiên Trang	1	khóa khi mặc	#e330066#gfffff0 Tố Vãn Huyền Thường
10553371	#e330066#gfffff0 Sắc Vi Chi Mộng	#gf00ff0 Th Tiên Trang	1	khóa khi mặc	#e330066#gfffff0 Sắc Vi Chi Mộng
10553372	#e330066#gfffff0 Sắc Vi Chi Mộng	#gf00ff0 Th Tiên Trang	1	khóa khi mặc	#e330066#gfffff0 Sắc Vi Chi Mộng
10553373	#e330066#gfffff0 Sắc Vi Chi Mộng	#gf00ff0 Th Tiên Trang	1	khóa khi mặc	#e330066#gfffff0 Sắc Vi Chi Mộng
10553374	#e330066#gfffff0 Sắc Vi Chi Mộng	#gf00ff0 Th Tiên Trang	1	khóa khi mặc	#e330066#gfffff0 Sắc Vi Chi Mộng
10553375	#e330066#gfffff0 Sắc Vi Chi Mộng	#gf00ff0 Th Tiên Trang	1	khóa khi mặc	#e330066#gfffff0 Sắc Vi Chi Mộng
10553376	#e330066#gfffff0 Sắc Vi Chi Mộng	#gf00ff0 Th Tiên Trang	1	khóa khi mặc	#e330066#gfffff0 Sắc Vi Chi Mộng
10553377	#e330066#gfffff0 Sắc Vi Chi Mộng	#gf00ff0 Th Tiên Trang	1	khóa khi mặc	#e330066#gfffff0 Sắc Vi Chi Mộng
10553378	#e330066#gfffff0 Sắc Vi Chi Mộng	#gf00ff0 Th Tiên Trang	1	khóa khi mặc	#e330066#gfffff0 Sắc Vi Chi Mộng
10553379	#e330066#gfffff0 Sắc Vi Chi Mộng	#gf00ff0 Th Tiên Trang	1	khóa khi mặc	#e330066#gfffff0 Sắc Vi Chi Mộng
10553380	#e330066#gfffff0 V Sao No 鉵 Ph Nghệ ng Hoa	#gf00ff0 Th Tiên Trang	1	khóa khi mặc	#e330066#gfffff0 V鈔 No鉵 Ph呓ng Hoa
10553381	#e330066#gfffff0 V Sao No 鉵 Ph Nghệ ng Hoa	#gf00ff0 Th Tiên Trang	1	khóa khi mặc	#e330066#gfffff0 V鈔 No鉵 Ph呓ng Hoa
10553382	#e330066#gfffff0 V Sao No 鉵 Ph Nghệ ng Hoa	#gf00ff0 Th Tiên Trang	1	khóa khi mặc	#e330066#gfffff0 V鈔 No鉵 Ph呓ng Hoa
10553383	#e330066#gfffff0 V Sao No 鉵 Ph Nghệ ng Hoa	#gf00ff0 Th Tiên Trang	1	khóa khi mặc	#e330066#gfffff0 V鈔 No鉵 Ph呓ng Hoa
10553384	#e330066#gfffff0 V Sao No 鉵 Ph Nghệ ng Hoa	#gf00ff0 Th Tiên Trang	1	khóa khi mặc	#e330066#gfffff0 V鈔 No鉵 Ph呓ng Hoa
10553385	#e330066#gfffff0 V Sao No 鉵 Ph Nghệ ng Hoa	#gf00ff0 Th Tiên Trang	1	khóa khi mặc	#e330066#gfffff0 V鈔 No鉵 Ph呓ng Hoa
10553386	#e330066#gfffff0 V Sao No 鉵 Ph Nghệ ng Hoa	#gf00ff0 Th Tiên Trang	1	khóa khi mặc	#e330066#gfffff0 V鈔 No鉵 Ph呓ng Hoa
10553387	#e330066#gfffff0 V Sao No 鉵 Ph Nghệ ng Hoa	#gf00ff0 Th Tiên Trang	1	khóa khi mặc	#e330066#gfffff0 V鈔 No鉵 Ph呓ng Hoa
10553388	#e330066#gfffff0 V Sao No 鉵 Ph Nghệ ng Hoa	#gf00ff0 Th Tiên Trang	1	khóa khi mặc	#e330066#gfffff0 V鈔 No鉵 Ph呓ng Hoa
10553389	#e330066#gfffff0 Long Ph Xiệp ng Tr Tịnh h T Đao ng	#gf00ff0 Th Tiên Trang	1	khóa khi mặc	#e330066#gfffff0 Long Ph唼ng Tr靚h T叨ng
10553390	#e330066#gfffff0 Long Ph Xiệp ng Tr Tịnh h T Đao ng	#gf00ff0 Th Tiên Trang	1	khóa khi mặc	#e330066#gfffff0 Long Ph唼ng Tr靚h T叨ng
10553391	#e330066#gfffff0 Long Ph Xiệp ng Tr Tịnh h T Đao ng	#gf00ff0 Th Tiên Trang	1	khóa khi mặc	#e330066#gfffff0 Long Ph唼ng Tr靚h T叨ng
10553392	#e330066#gfffff0 Long Ph Xiệp ng Tr Tịnh h T Đao ng	#gf00ff0 Th Tiên Trang	1	khóa khi mặc	#e330066#gfffff0 Long Ph唼ng Tr靚h T叨ng
10553393	#e330066#gfffff0 Long Ph Xiệp ng Tr Tịnh h T Đao ng	#gf00ff0 Th Tiên Trang	1	khóa khi mặc	#e330066#gfffff0 Long Ph唼ng Tr靚h T叨ng
10553394	#e330066#gfffff0 Long Ph Xiệp ng Tr Tịnh h T Đao ng	#gf00ff0 Th Tiên Trang	1	khóa khi mặc	#e330066#gfffff0 Long Ph唼ng Tr靚h T叨ng
10553395	#e330066#gfffff0 Long Ph Xiệp ng Tr Tịnh h T Đao ng	#gf00ff0 Th Tiên Trang	1	khóa khi mặc	#e330066#gfffff0 Long Ph唼ng Tr靚h T叨ng
10553396	#e330066#gfffff0 Long Ph Xiệp ng Tr Tịnh h T Đao ng	#gf00ff0 Th Tiên Trang	1	khóa khi mặc	#e330066#gfffff0 Long Ph唼ng Tr靚h T叨ng
10553397	#e330066#gfffff0 Long Ph Xiệp ng Tr Tịnh h T Đao ng	#gf00ff0 Th Tiên Trang	1	khóa khi mặc	#e330066#gfffff0 Long Ph唼ng Tr靚h T叨ng
10553398	#e330066#gfffff0 Ngọc Cẩm Hồi Phong	#gf00ff0 Th Tiên Trang	1	khóa khi mặc	#e330066#gfffff0 Ngọc Cẩm Hồi Phong
10553399	#e330066#gfffff0 Ngọc Cẩm Hồi Phong	#gf00ff0 Th Tiên Trang	1	khóa khi mặc	#e330066#gfffff0 Ngọc Cẩm Hồi Phong
10553400	#e330066#gfffff0 Ngọc Cẩm Hồi Phong	#gf00ff0 Th Tiên Trang	1	khóa khi mặc	#e330066#gfffff0 Ngọc Cẩm Hồi Phong
10553401	#e330066#gfffff0 Ngọc Cẩm Hồi Phong	#gf00ff0 Th Tiên Trang	1	khóa khi mặc	#e330066#gfffff0 Ngọc Cẩm Hồi Phong
10553402	#e330066#gfffff0 Ngọc Cẩm Hồi Phong	#gf00ff0 Th Tiên Trang	1	khóa khi mặc	#e330066#gfffff0 Ngọc Cẩm Hồi Phong
10553403	#e330066#gfffff0 Ngọc Cẩm Hồi Phong	#gf00ff0 Th Tiên Trang	1	khóa khi mặc	#e330066#gfffff0 Ngọc Cẩm Hồi Phong
10553404	#e330066#gfffff0 Ngọc Cẩm Hồi Phong	#gf00ff0 Th Tiên Trang	1	khóa khi mặc	#e330066#gfffff0 Ngọc Cẩm Hồi Phong
10553405	#e330066#gfffff0 Ngọc Cẩm Hồi Phong	#gf00ff0 Th Tiên Trang	1	khóa khi mặc	#e330066#gfffff0 Ngọc Cẩm Hồi Phong
10553406	#e330066#gfffff0 Ngọc Cẩm Hồi Phong	#gf00ff0 Th Tiên Trang	1	khóa khi mặc	#e330066#gfffff0 Ngọc Cẩm Hồi Phong
10553407	#e330066#gfffff0 Phi Hồng Cẩm Trang	#gf00ff0 Th Tiên Trang	1	khóa khi mặc	#e330066#gfffff0 Phi Hồng Cẩm Trang
10553408	#e330066#gfffff0 Phi Hồng Cẩm Trang	#gf00ff0 Th Tiên Trang	1	khóa khi mặc	#e330066#gfffff0 Phi Hồng Cẩm Trang
10553409	#e330066#gfffff0 Phi Hồng Cẩm Trang	#gf00ff0 Th Tiên Trang	1	khóa khi mặc	#e330066#gfffff0 Phi Hồng Cẩm Trang
10553410	#e330066#gfffff0 Phi Hồng Cẩm Trang	#gf00ff0 Th Tiên Trang	1	khóa khi mặc	#e330066#gfffff0 Phi Hồng Cẩm Trang
10553411	#e330066#gfffff0 Phi Hồng Cẩm Trang	#gf00ff0 Th Tiên Trang	1	khóa khi mặc	#e330066#gfffff0 Phi Hồng Cẩm Trang
10553412	#e330066#gfffff0 Phi Hồng Cẩm Trang	#gf00ff0 Th Tiên Trang	1	khóa khi mặc	#e330066#gfffff0 Phi Hồng Cẩm Trang
10553413	#e330066#gfffff0 Phi Hồng Cẩm Trang	#gf00ff0 Th Tiên Trang	1	khóa khi mặc	#e330066#gfffff0 Phi Hồng Cẩm Trang
10553414	#e330066#gfffff0 Phi Hồng Cẩm Trang	#gf00ff0 Th Tiên Trang	1	khóa khi mặc	#e330066#gfffff0 Phi Hồng Cẩm Trang
10553415	#e330066#gfffff0 Phi Hồng Cẩm Trang	#gf00ff0 Th Tiên Trang	1	khóa khi mặc	#e330066#gfffff0 Phi Hồng Cẩm Trang
10553416	#e330066#gfffff0 Linh Ô Lộng Vũ	#gf00ff0 Th Tiên Trang	1	khóa khi mặc	#e330066#gfffff0 Linh Ô Lộng Vũ
10553417	#e330066#gfffff0 Linh Ô Lộng Vũ	#gf00ff0 Th Tiên Trang	1	khóa khi mặc	#e330066#gfffff0 Linh Ô Lộng Vũ
10553418	#e330066#gfffff0 Linh Ô Lộng Vũ	#gf00ff0 Th Tiên Trang	1	khóa khi mặc	#e330066#gfffff0 Linh Ô Lộng Vũ
10553419	#e330066#gfffff0 Linh Ô Lộng Vũ	#gf00ff0 Th Tiên Trang	1	khóa khi mặc	#e330066#gfffff0 Linh Ô Lộng Vũ
10553420	#e330066#gfffff0 Linh Ô Lộng Vũ	#gf00ff0 Th Tiên Trang	1	khóa khi mặc	#e330066#gfffff0 Linh Ô Lộng Vũ
10553421	#e330066#gfffff0 Linh Ô Lộng Vũ	#gf00ff0 Th Tiên Trang	1	khóa khi mặc	#e330066#gfffff0 Linh Ô Lộng Vũ
10553422	#e330066#gfffff0 Linh Ô Lộng Vũ	#gf00ff0 Th Tiên Trang	1	khóa khi mặc	#e330066#gfffff0 Linh Ô Lộng Vũ
10553423	#e330066#gfffff0 Linh Ô Lộng Vũ	#gf00ff0 Th Tiên Trang	1	khóa khi mặc	#e330066#gfffff0 Linh Ô Lộng Vũ
10553424	#e330066#gfffff0 Linh Ô Lộng Vũ	#gf00ff0 Th Tiên Trang	1	khóa khi mặc	#e330066#gfffff0 Linh Ô Lộng Vũ
10553425	#e330066#gfffff0 V Sao M Yêu g Tinh Th Đao ng	#gf00ff0 Th Tiên Trang	1	khóa khi mặc	#e330066#gfffff0 V鈔 M祅g Tinh Th叨ng
10553426	#e330066#gfffff0 V Sao M Yêu g Tinh Th Đao ng	#gf00ff0 Th Tiên Trang	1	khóa khi mặc	#e330066#gfffff0 V鈔 M祅g Tinh Th叨ng
10553427	#e330066#gfffff0 V Sao M Yêu g Tinh Th Đao ng	#gf00ff0 Th Tiên Trang	1	khóa khi mặc	#e330066#gfffff0 V鈔 M祅g Tinh Th叨ng
10553428	#e330066#gfffff0 V Sao M Yêu g Tinh Th Đao ng	#gf00ff0 Th Tiên Trang	1	khóa khi mặc	#e330066#gfffff0 V鈔 M祅g Tinh Th叨ng
10553429	#e330066#gfffff0 V Sao M Yêu g Tinh Th Đao ng	#gf00ff0 Th Tiên Trang	1	khóa khi mặc	#e330066#gfffff0 V鈔 M祅g Tinh Th叨ng
10553430	#e330066#gfffff0 V Sao M Yêu g Tinh Th Đao ng	#gf00ff0 Th Tiên Trang	1	khóa khi mặc	#e330066#gfffff0 V鈔 M祅g Tinh Th叨ng
10553431	#e330066#gfffff0 V Sao M Yêu g Tinh Th Đao ng	#gf00ff0 Th Tiên Trang	1	khóa khi mặc	#e330066#gfffff0 V鈔 M祅g Tinh Th叨ng
10553432	#e330066#gfffff0 V Sao M Yêu g Tinh Th Đao ng	#gf00ff0 Th Tiên Trang	1	khóa khi mặc	#e330066#gfffff0 V鈔 M祅g Tinh Th叨ng
10553433	#e330066#gfffff0 V Sao M Yêu g Tinh Th Đao ng	#gf00ff0 Th Tiên Trang	1	khóa khi mặc	#e330066#gfffff0 V鈔 M祅g Tinh Th叨ng
10553434	#e330066#gfffff0 B Vạt h M Yêu g Li Chỉ Hoa	#gf00ff0 Th Tiên Trang	1	khóa khi mặc	#e330066#gfffff0 B韈h M祅g Li阯 Hoa
10553435	#e330066#gfffff0 B Vạt h M Yêu g Li Chỉ Hoa	#gf00ff0 Th Tiên Trang	1	khóa khi mặc	#e330066#gfffff0 B韈h M祅g Li阯 Hoa
10553436	#e330066#gfffff0 B Vạt h M Yêu g Li Chỉ Hoa	#gf00ff0 Th Tiên Trang	1	khóa khi mặc	#e330066#gfffff0 B韈h M祅g Li阯 Hoa
10553437	#e330066#gfffff0 B Vạt h M Yêu g Li Chỉ Hoa	#gf00ff0 Th Tiên Trang	1	khóa khi mặc	#e330066#gfffff0 B韈h M祅g Li阯 Hoa
10553438	#e330066#gfffff0 B Vạt h M Yêu g Li Chỉ Hoa	#gf00ff0 Th Tiên Trang	1	khóa khi mặc	#e330066#gfffff0 B韈h M祅g Li阯 Hoa
10553439	#e330066#gfffff0 B Vạt h M Yêu g Li Chỉ Hoa	#gf00ff0 Th Tiên Trang	1	khóa khi mặc	#e330066#gfffff0 B韈h M祅g Li阯 Hoa
10553440	#e330066#gfffff0 B Vạt h M Yêu g Li Chỉ Hoa	#gf00ff0 Th Tiên Trang	1	khóa khi mặc	#e330066#gfffff0 B韈h M祅g Li阯 Hoa
10553441	#e330066#gfffff0 B Vạt h M Yêu g Li Chỉ Hoa	#gf00ff0 Th Tiên Trang	1	khóa khi mặc	#e330066#gfffff0 B韈h M祅g Li阯 Hoa
10553442	#e330066#gfffff0 B Vạt h M Yêu g Li Chỉ Hoa	#gf00ff0 Th Tiên Trang	1	khóa khi mặc	#e330066#gfffff0 B韈h M祅g Li阯 Hoa
10553443	#e330066#gfffff0 Điệp Vũ Lưu Phương	#gf00ff0 Th Tiên Trang	1	khóa khi mặc	#e330066#gfffff0 Điệp Vũ Lưu Phương
10553444	#e330066#gfffff0 Điệp Vũ Lưu Phương	#gf00ff0 Th Tiên Trang	1	khóa khi mặc	#e330066#gfffff0 Điệp Vũ Lưu Phương
10553445	#e330066#gfffff0 Điệp Vũ Lưu Phương	#gf00ff0 Th Tiên Trang	1	khóa khi mặc	#e330066#gfffff0 Điệp Vũ Lưu Phương
10553446	#e330066#gfffff0 Điệp Vũ Lưu Phương	#gf00ff0 Th Tiên Trang	1	khóa khi mặc	#e330066#gfffff0 Điệp Vũ Lưu Phương
10553447	#e330066#gfffff0 Điệp Vũ Lưu Phương	#gf00ff0 Th Tiên Trang	1	khóa khi mặc	#e330066#gfffff0 Điệp Vũ Lưu Phương
10553448	#e330066#gfffff0 Điệp Vũ Lưu Phương	#gf00ff0 Th Tiên Trang	1	khóa khi mặc	#e330066#gfffff0 Điệp Vũ Lưu Phương
10553449	#e330066#gfffff0 Điệp Vũ Lưu Phương	#gf00ff0 Th Tiên Trang	1	khóa khi mặc	#e330066#gfffff0 Điệp Vũ Lưu Phương
10553450	#e330066#gfffff0 Điệp Vũ Lưu Phương	#gf00ff0 Th Tiên Trang	1	khóa khi mặc	#e330066#gfffff0 Điệp Vũ Lưu Phương
10553451	#e330066#gfffff0 Điệp Vũ Lưu Phương	#gf00ff0 Th Tiên Trang	1	khóa khi mặc	#e330066#gfffff0 Điệp Vũ Lưu Phương
10553452	#e330066#gfffff0 S Nghệ ng Tuy 猼 Long H Tấp	#gf00ff0 Th Tiên Trang	1	khóa khi mặc	#e330066#gfffff0 S呓ng Tuy猼 Long H皀
10553453	#e330066#gfffff0 S Nghệ ng Tuy 猼 Long H Tấp	#gf00ff0 Th Tiên Trang	1	khóa khi mặc	#e330066#gfffff0 S呓ng Tuy猼 Long H皀
10553454	#e330066#gfffff0 S Nghệ ng Tuy 猼 Long H Tấp	#gf00ff0 Th Tiên Trang	1	khóa khi mặc	#e330066#gfffff0 S呓ng Tuy猼 Long H皀
10553455	#e330066#gfffff0 S Nghệ ng Tuy 猼 Long H Tấp	#gf00ff0 Th Tiên Trang	1	khóa khi mặc	#e330066#gfffff0 S呓ng Tuy猼 Long H皀
10553456	#e330066#gfffff0 S Nghệ ng Tuy 猼 Long H Tấp	#gf00ff0 Th Tiên Trang	1	khóa khi mặc	#e330066#gfffff0 S呓ng Tuy猼 Long H皀
10553457	#e330066#gfffff0 S Nghệ ng Tuy 猼 Long H Tấp	#gf00ff0 Th Tiên Trang	1	khóa khi mặc	#e330066#gfffff0 S呓ng Tuy猼 Long H皀
10553458	#e330066#gfffff0 S Nghệ ng Tuy 猼 Long H Tấp	#gf00ff0 Th Tiên Trang	1	khóa khi mặc	#e330066#gfffff0 S呓ng Tuy猼 Long H皀
10553459	#e330066#gfffff0 S Nghệ ng Tuy 猼 Long H Tấp	#gf00ff0 Th Tiên Trang	1	khóa khi mặc	#e330066#gfffff0 S呓ng Tuy猼 Long H皀
10553460	#e330066#gfffff0 S Nghệ ng Tuy 猼 Long H Tấp	#gf00ff0 Th Tiên Trang	1	khóa khi mặc	#e330066#gfffff0 S呓ng Tuy猼 Long H皀
10553461	#e330066#gfffff0 Cẩm Tú Du Tiên	#gf00ff0 Th Tiên Trang	1	khóa khi mặc	#e330066#gfffff0 Cẩm Tú Du Tiên
10553462	#e330066#gfffff0 Cẩm Tú Du Tiên	#gf00ff0 Th Tiên Trang	1	khóa khi mặc	#e330066#gfffff0 Cẩm Tú Du Tiên
10553463	#e330066#gfffff0 Cẩm Tú Du Tiên	#gf00ff0 Th Tiên Trang	1	khóa khi mặc	#e330066#gfffff0 Cẩm Tú Du Tiên
10553464	#e330066#gfffff0 Cẩm Tú Du Tiên	#gf00ff0 Th Tiên Trang	1	khóa khi mặc	#e330066#gfffff0 Cẩm Tú Du Tiên
10553465	#e330066#gfffff0 Cẩm Tú Du Tiên	#gf00ff0 Th Tiên Trang	1	khóa khi mặc	#e330066#gfffff0 Cẩm Tú Du Tiên
10553466	#e330066#gfffff0 Cẩm Tú Du Tiên	#gf00ff0 Th Tiên Trang	1	khóa khi mặc	#e330066#gfffff0 Cẩm Tú Du Tiên
10553467	#e330066#gfffff0 Cẩm Tú Du Tiên	#gf00ff0 Th Tiên Trang	1	khóa khi mặc	#e330066#gfffff0 Cẩm Tú Du Tiên
10553468	#e330066#gfffff0 Cẩm Tú Du Tiên	#gf00ff0 Th Tiên Trang	1	khóa khi mặc	#e330066#gfffff0 Cẩm Tú Du Tiên
10553469	#e330066#gfffff0 Cẩm Tú Du Tiên	#gf00ff0 Th Tiên Trang	1	khóa khi mặc	#e330066#gfffff0 Cẩm Tú Du Tiên
10553470	#e330066#gfffff0 Thanh Long Túy Vũ	#gf00ff0 Th Tiên Trang	1	khóa khi mặc	#e330066#gfffff0 Thanh Long Túy Vũ
10553471	#e330066#gfffff0 Thanh Long Túy Vũ	#gf00ff0 Th Tiên Trang	1	khóa khi mặc	#e330066#gfffff0 Thanh Long Túy Vũ
10553472	#e330066#gfffff0 Thanh Long Túy Vũ	#gf00ff0 Th Tiên Trang	1	khóa khi mặc	#e330066#gfffff0 Thanh Long Túy Vũ
10553473	#e330066#gfffff0 Thanh Long Túy Vũ	#gf00ff0 Th Tiên Trang	1	khóa khi mặc	#e330066#gfffff0 Thanh Long Túy Vũ
10553474	#e330066#gfffff0 Thanh Long Túy Vũ	#gf00ff0 Th Tiên Trang	1	khóa khi mặc	#e330066#gfffff0 Thanh Long Túy Vũ
10553475	#e330066#gfffff0 Thanh Long Túy Vũ	#gf00ff0 Th Tiên Trang	1	khóa khi mặc	#e330066#gfffff0 Thanh Long Túy Vũ
10553476	#e330066#gfffff0 Thanh Long Túy Vũ	#gf00ff0 Th Tiên Trang	1	khóa khi mặc	#e330066#gfffff0 Thanh Long Túy Vũ
10553477	#e330066#gfffff0 Thanh Long Túy Vũ	#gf00ff0 Th Tiên Trang	1	khóa khi mặc	#e330066#gfffff0 Thanh Long Túy Vũ
10553478	#e330066#gfffff0 Thanh Long Túy Vũ	#gf00ff0 Th Tiên Trang	1	khóa khi mặc	#e330066#gfffff0 Thanh Long Túy Vũ
10553479	#e330066#gfffff0 Đan Hà Cẩm Tú	#gf00ff0 Th Tiên Trang	1	khóa khi mặc	#e330066#gfffff0 Đan Hà Cẩm Tú
10553480	#e330066#gfffff0 Đan Hà Cẩm Tú	#gf00ff0 Th Tiên Trang	1	khóa khi mặc	#e330066#gfffff0 Đan Hà Cẩm Tú
10553481	#e330066#gfffff0 Đan Hà Cẩm Tú	#gf00ff0 Th Tiên Trang	1	khóa khi mặc	#e330066#gfffff0 Đan Hà Cẩm Tú
10553482	#e330066#gfffff0 Đan Hà Cẩm Tú	#gf00ff0 Th Tiên Trang	1	khóa khi mặc	#e330066#gfffff0 Đan Hà Cẩm Tú
10553483	#e330066#gfffff0 Đan Hà Cẩm Tú	#gf00ff0 Th Tiên Trang	1	khóa khi mặc	#e330066#gfffff0 Đan Hà Cẩm Tú
10553484	#e330066#gfffff0 Đan Hà Cẩm Tú	#gf00ff0 Th Tiên Trang	1	khóa khi mặc	#e330066#gfffff0 Đan Hà Cẩm Tú
10553485	#e330066#gfffff0 Đan Hà Cẩm Tú	#gf00ff0 Th Tiên Trang	1	khóa khi mặc	#e330066#gfffff0 Đan Hà Cẩm Tú
10553486	#e330066#gfffff0 Đan Hà Cẩm Tú	#gf00ff0 Th Tiên Trang	1	khóa khi mặc	#e330066#gfffff0 Đan Hà Cẩm Tú
10553487	#e330066#gfffff0 Đan Hà Cẩm Tú	#gf00ff0 Th Tiên Trang	1	khóa khi mặc	#e330066#gfffff0 Đan Hà Cẩm Tú
10553500	Tọa Kỵ: Huyền Thiên Lôi Thú	tọa kỵ	10	khóa khi mặc	Tọa Kỵ: Huyền Thiên Lôi Thú
10553501	Tọa Kỵ: Cửu Châu Thần Long	tọa kỵ	10	khóa khi mặc	Tọa Kỵ: Cửu Châu Thần Long
10553502	Tọa Kỵ: Nguyệt Thỏ	tọa kỵ	10	khóa khi mặc	Tọa Kỵ: Nguyệt Thỏ
10553503	Tọa Kỵ: Giang Nam Tỏa Giáp Mã	tọa kỵ	10	khóa khi mặc	Tọa Kỵ: Giang Nam Tỏa Giáp Mã
10553504	Tọa Kỵ: Đại Mạc Kim Qua Mã	tọa kỵ	10	khóa khi mặc	Tọa Kỵ: Đại Mạc Kim Qua Mã
10553505	Tọa Kỵ: Yên Vũ Thanh Hà	tọa kỵ	10	khóa	Tọa Kỵ: Yên Vũ Thanh Hà
10553506	Tọa Kỵ: Huyễn Hỏa Xích Lân Thú	tọa kỵ	10	khóa	Tọa Kỵ: Huyễn Hỏa Xích Lân Thú
10553507	Tọa Kỵ: Chích Túc Quỷ Mã	tọa kỵ	10	khóa	Tọa Kỵ: Chích Túc Quỷ Mã
10553508	Tọa Kỵ: Thiêm Phúc Cẩm Lân	tọa kỵ	10	khóa khi mặc	Tọa Kỵ: Thiêm Phúc Cẩm Lân
10553509	Tọa Kỵ: Thiên Công Linh Lung Thử	tọa kỵ	10	khóa	Tọa Kỵ: Thiên Công Linh Lung Thử
10553510	Tọa Kỵ: Lục Hành Điểu	tọa kỵ	10	khóa	Tọa Kỵ: Lục Hành Điểu
10553511	Tọa Kỵ: Kim Lân Vũ Sư	tọa kỵ	10	khóa khi mặc	Tọa Kỵ: Kim Lân Vũ Sư
10553512	Tọa Kỵ: Kí Cư Giải	tọa kỵ	10	khóa	Tọa Kỵ: Kí Cư Giải
10553513	Tọa Kỵ: Thất Bảo Liên Tọa	tọa kỵ	10	khóa khi mặc	Tọa Kỵ: Thất Bảo Liên Tọa
10553514	Tọa Kỵ: Xích Lân Bạch Trạch	tọa kỵ	10	khóa khi mặc	Tọa Kỵ: Xích Lân Bạch Trạch
10553515	Tọa Kỵ: Thanh Lân Bạch Trạch	tọa kỵ	10	khóa khi mặc	Tọa Kỵ: Thanh Lân Bạch Trạch
10553516	Tọa Kỵ: Kim Dực Long Thú	tọa kỵ	10	khóa khi mặc	Tọa Kỵ: Kim Dực Long Thú
10553517	Tọa Kỵ: Phỉ Thúy Ngự Giá	tọa kỵ	10	khóa	Tọa Kỵ: Phỉ Thúy Ngự Giá
10553518	Tọa Kỵ: Dong Nham Ma Tê	tọa kỵ	10	khóa	Tọa Kỵ: Dong Nham Ma Tê
10553519	Tọa Kỵ: Tứ Hỉ Tống Lí Thai	tọa kỵ	10	khóa	Tọa Kỵ: Tứ Hỉ Tống Lí Thai
10553520	Tọa Kỵ: Nguyệt Bạch Long Mã	tọa kỵ	10	khóa	Tọa Kỵ: Nguyệt Bạch Long Mã
10553521	Phi Long: Tính i Phong	tọa kỵ	10	khóa khi mặc	Phi Long: 姓i Phong
10553522	Tọa Kỵ: Lam Dực Long Thú	tọa kỵ	10	khóa khi mặc	Tọa Kỵ: Lam Dực Long Thú
10553523	Tọa Kỵ: Thanh Dực Long Thú	tọa kỵ	10	khóa khi mặc	Tọa Kỵ: Thanh Dực Long Thú
10553524	Tọa Kỵ: Ngạo Tuyết Linh Sư	tọa kỵ	10	khóa khi mặc	Tọa Kỵ: Ngạo Tuyết Linh Sư
10553525	Tọa Kỵ: Phách Thế Vũ Long	tọa kỵ	10	khóa	Tọa Kỵ: Phách Thế Vũ Long
10553526	Tọa Kỵ: Thanh Dực Chiến Long	tọa kỵ	10	khóa	Tọa Kỵ: Thanh Dực Chiến Long
10553527	Tọa Kỵ: Tuyệt Vân Diễm Long	tọa kỵ	10	khóa	Tọa Kỵ: Tuyệt Vân Diễm Long
10553528	Tọa Kỵ: Phúc Thụy Tuyết Điêu	tọa kỵ	10	khóa	Tọa Kỵ: Phúc Thụy Tuyết Điêu
10553529	Tọa Kỵ: Hồng Mai Nhuyễn Giá	tọa kỵ	10	khóa khi mặc	Tọa Kỵ: Hồng Mai Nhuyễn Giá
10553530	Sí Bàng: Kim Vũ	tọa kỵ	10	khóa	Sí Bàng: Kim Vũ
10553531	Tọa Kỵ: Minh Tà Thú	tọa kỵ	10	khóa	Tọa Kỵ: Minh Tà Thú
10553532	Tọa Kỵ: Liệt Hỏa Kim Cương	tọa kỵ	10	khóa khi mặc	Tọa Kỵ: Liệt Hỏa Kim Cương
10553533	Tọa Kỵ: Xích Tiêu Viêm Lang	tọa kỵ	10	khóa	Tọa Kỵ: Xích Tiêu Viêm Lang
10553534	Tọa Kỵ: Mị Vũ	tọa kỵ	10	khóa	Tọa Kỵ: Mị Vũ
10553535	Tọa Kỵ: Thiên Hà Linh Thước	tọa kỵ	10	khóa khi mặc	Tọa Kỵ: Thiên Hà Linh Thước
10553536	Tọa Kỵ: Vân Thủy Kim Tình Thú	tọa kỵ	10	khóa	Tọa Kỵ: Vân Thủy Kim Tình Thú
10553537	Tọa Kỵ: Hắc Thiên Mã	tọa kỵ	10	khóa	Tọa Kỵ: Hắc Thiên Mã
10553538	Tọa Kỵ: Huyền Đồng Hải Long	tọa kỵ	10	khóa	Tọa Kỵ: Huyền Đồng Hải Long
10553539	Tọa Kỵ: U Lam Hải Long	tọa kỵ	10	khóa	Tọa Kỵ: U Lam Hải Long
10553540	Tọa Kỵ: Ám Viêm Khai Minh Thú	tọa kỵ	10	khóa khi mặc	Tọa Kỵ: Ám Viêm Khai Minh Thú
10553541	Tọa Kỵ: Dao Quang Khai Minh Thú	tọa kỵ	10	khóa khi mặc	Tọa Kỵ: Dao Quang Khai Minh Thú
10553542	Tọa Kỵ: Tinh Hồng Vân Chu	tọa kỵ	10	khóa khi mặc	Tọa Kỵ: Tinh Hồng Vân Chu
10553543	Tọa Kỵ: Ám Viêm Minh Sư	tọa kỵ	10	khóa	Tọa Kỵ: Ám Viêm Minh Sư
10553544	Tọa Kỵ: Hư Không Hùng Hồn	tọa kỵ	10	khóa	Tọa Kỵ: Hư Không Hùng Hồn
10553545	Tọa Kỵ: Tường Vân Hạc	tọa kỵ	10	khóa khi mặc	Tọa Kỵ: Tường Vân Hạc
10553546	Tọa Kỵ: Kim Tiễn Báo	tọa kỵ	40	khóa khi mặc	Tọa Kỵ: Kim Tiễn Báo
10553547	Tọa Kỵ: Vân Tuyết Báo	tọa kỵ	60	khóa khi mặc	Tọa Kỵ: Vân Tuyết Báo
10553548	Tọa Kỵ: U Minh Báo	tọa kỵ	80	khóa khi mặc	Tọa Kỵ: U Minh Báo
10553549	Tọa Kỵ: Viêm Vũ	tọa kỵ	10	khóa	Tọa Kỵ: Viêm Vũ
10553550	Tọa Kỵ: Ứng Long Huyễn Hồn	tọa kỵ	10	khóa khi mặc	Tọa Kỵ: Ứng Long Huyễn Hồn
10553551	Tọa Kỵ: Hắc Mân Côi	tọa kỵ	1	khóa	Tọa Kỵ: Hắc Mân Côi
10553552	Tọa Kỵ: Nhung Tuyết Thần Ngưu	tọa kỵ	10	khóa khi mặc	Tọa Kỵ: Nhung Tuyết Thần Ngưu
10553553	Tọa Kỵ: Thương Hải Long Câu	tọa kỵ	10	khóa khi mặc	Tọa Kỵ: Thương Hải Long Câu
10553554	Tọa Kỵ: Bách Biến Kim Cương	tọa kỵ	10	khóa khi mặc	Tọa Kỵ: Bách Biến Kim Cương
10553555	Tọa Kỵ: Đậu Đậu Tuyết Khiêu	tọa kỵ	10	khóa khi mặc	Tọa Kỵ: Đậu Đậu Tuyết Khiêu
10553556	Tọa Kỵ: Nguyệt Mã Hương Câu	tọa kỵ	10	khóa khi mặc	Tọa Kỵ: Nguyệt Mã Hương Câu
10553557	Tọa Kỵ: Xích Luyện Câu	tọa kỵ	10	khóa khi mặc	Tọa Kỵ: Xích Luyện Câu
10553558	Tọa Kỵ: Bích Giáp Huyền Quy	tọa kỵ	10	khóa khi mặc	Tọa Kỵ: Bích Giáp Huyền Quy
10553559	Tọa Kỵ: Tinh Vũ Du Long	tọa kỵ	10	khóa khi mặc	Tọa Kỵ: Tinh Vũ Du Long
10553560	Tọa Kỵ: Thương Lan Vũ Dực	tọa kỵ	10	khóa khi mặc	Tọa Kỵ: Thương Lan Vũ Dực
10553561	Tọa Kỵ: Vân Tiêu Vũ Dực	tọa kỵ	10	khóa khi mặc	Tọa Kỵ: Vân Tiêu Vũ Dực
10553562	Tọa Kỵ: Đoàn Dương Dương	tọa kỵ	10	khóa khi mặc	Tọa Kỵ: Đoàn Dương Dương
10553563	Tọa Kỵ: Vân Thủy Thanh Hà	tọa kỵ	10	khóa khi mặc	Tọa Kỵ: Vân Thủy Thanh Hà
10553564	Tọa Kỵ: Diệt Thế Hỏa Phượng	tọa kỵ	10	khóa khi mặc	Tọa Kỵ: Diệt Thế Hỏa Phượng
10553565	Tọa Kỵ: Liệt Hải Ma Long	tọa kỵ	10	khóa khi mặc	Tọa Kỵ: Liệt Hải Ma Long
10553566	Tọa Kỵ: Nhiếp Linh Cổ Hoa	tọa kỵ	10	khóa khi mặc	Tọa Kỵ: Nhiếp Linh Cổ Hoa
10553567	Tọa Kỵ: Thủy Bích Phi Diên	tọa kỵ	10	khóa	Tọa Kỵ: Thủy Bích Phi Diên
10553568	Tọa Kỵ: Giáng Tử Phi Diên	tọa kỵ	10	khóa	Tọa Kỵ: Giáng Tử Phi Diên
10553569	Tọa Kỵ: Cương Tông Thú	tọa kỵ	10	khóa	Tọa Kỵ: Cương Tông Thú
10553570	Tọa Kỵ: Quỷ Mã Long Chu	tọa kỵ	10	khóa khi mặc	Tọa Kỵ: Quỷ Mã Long Chu
10553571	Tọa Kỵ: Vọng Nguyệt Long Câu	tọa kỵ	10	khóa	Tọa Kỵ: Vọng Nguyệt Long Câu
10553572	Tọa Kỵ: Đạp Tuyết Ô Chuy	tọa kỵ	10	khóa	Tọa Kỵ: Đạp Tuyết Ô Chuy
10553573	Tọa Kỵ: Ngọc Lân Long	tọa kỵ	10	khóa khi mặc	Tọa Kỵ: Ngọc Lân Long
10553574	Tọa Kỵ: Mộng Linh Tiên Câu	tọa kỵ	10	khóa	Tọa Kỵ: Mộng Linh Tiên Câu
10553575	Tọa Kỵ: Mộng Huyễn Tiên Câu	tọa kỵ	10	khóa	Tọa Kỵ: Mộng Huyễn Tiên Câu
10553576	Tọa Kỵ: Vân Hộc Cẩm Xa	tọa kỵ	10	khóa	Tọa Kỵ: Vân Hộc Cẩm Xa
10553577	Tọa Kỵ: Bích Thủy Linh Quân	tọa kỵ	10	khóa	Tọa Kỵ: Bích Thủy Linh Quân
10553578	Tọa Kỵ: Tử Ngọc Linh Miêu	tọa kỵ	10	khóa	Tọa Kỵ: Tử Ngọc Linh Miêu
10553579	Tọa Kỵ: Tố Tuyết Linh Miêu	tọa kỵ	10	khóa	Tọa Kỵ: Tố Tuyết Linh Miêu
10553580	Tọa Kỵ: Hàm Bảo Hùng	tọa kỵ	10	khóa	Tọa Kỵ: Hàm Bảo Hùng
10553581	Tọa Kỵ: Hồng Vi Mộng Y	tọa kỵ	10	khóa	Tọa Kỵ: Hồng Vi Mộng Y
10553582	Tọa Kỵ: Linh Vi Mộng Y	tọa kỵ	10	khóa	Tọa Kỵ: Linh Vi Mộng Y
10553583	Tọa Kỵ: Lưu Li Tước Vũ	tọa kỵ	10	khóa	Tọa Kỵ: Lưu Li Tước Vũ
10553584	Tọa Kỵ: Linh Vu Tước Vũ	tọa kỵ	10	khóa	Tọa Kỵ: Linh Vu Tước Vũ
10553585	Tọa Kỵ: Phi Hoàng Vũ Dực	tọa kỵ	10	khóa	Tọa Kỵ: Phi Hoàng Vũ Dực
10553586	Tọa Kỵ: Hỉ Khánh Hùng Miêu	tọa kỵ	10	khóa	Tọa Kỵ: Hỉ Khánh Hùng Miêu
10553587	Tọa Kỵ: Địa Hỏa Li Viêm Thú	tọa kỵ	10	khóa	Tọa Kỵ: Địa Hỏa Li Viêm Thú
10553588	Tọa Kỵ: Bố Đinh Điềm Tâm	tọa kỵ	10	khóa	Tọa Kỵ: Bố Đinh Điềm Tâm
10553589	Tọa Kỵ: Bố Đinh Điềm Tâm Lam	tọa kỵ	10	khóa	Tọa Kỵ: Bố Đinh Điềm Tâm Lam
10553590	Tọa Kỵ: Linh Hồ	tọa kỵ	40	khóa khi mặc	Tọa Kỵ: Linh Hồ
10553591	Tọa Kỵ: Xích Vĩ Hồ	tọa kỵ	60	khóa khi mặc	Tọa Kỵ: Xích Vĩ Hồ
10553592	Tọa Kỵ: Huyền Thiên Hồ	tọa kỵ	80	khóa khi mặc	Tọa Kỵ: Huyền Thiên Hồ
10553593	Tọa Kỵ: Tấn Mãnh Long	tọa kỵ	80	khóa khi mặc	Tọa Kỵ: Tấn Mãnh Long
10553594	Tọa Kỵ: Hỏa Phượng Hoàng	tọa kỵ	80	khóa khi mặc	Tọa Kỵ: Hỏa Phượng Hoàng
10553595	Tọa Kỵ: Độc Giác Thú	tọa kỵ	80	khóa khi mặc	Tọa Kỵ: Độc Giác Thú
10553596	Tọa Kỵ: Phượng Lôi Thú	tọa kỵ	80	khóa khi mặc	Tọa Kỵ: Phượng Lôi Thú
10553597	Tọa Kỵ: Hạt Vĩ Sư	tọa kỵ	80	khóa khi mặc	Tọa Kỵ: Hạt Vĩ Sư
10553598	Sí Bàng: Đấu Vương Chi Dực	tọa kỵ	80	khóa khi mặc	Sí Bàng: Đấu Vương Chi Dực
10553599	Sí Bàng: Đấu Hoàng Chi Dực	tọa kỵ	80	khóa khi mặc	Sí Bàng: Đấu Hoàng Chi Dực
10553600	Sí Bàng: Đấu Thánh Chi Dực	tọa kỵ	80	khóa khi mặc	Sí Bàng: Đấu Thánh Chi Dực
10553601	Sí Bàng: Đấu Đế Chi Dực	tọa kỵ	80	khóa khi mặc	Sí Bàng: Đấu Đế Chi Dực
10553602	Sí Bàng: Đấu Thần Chi Dực	tọa kỵ	80	khóa khi mặc	Sí Bàng: Đấu Thần Chi Dực
10553603	Kỵ Thừa: Tự Hành Xa-#GPhấn	tọa kỵ	80	khóa khi mặc	Kỵ Thừa: Tự Hành Xa-#GPhấn
10553604	Kỵ Thừa: Tự Hành Xa-#GHoàng	tọa kỵ	80	khóa khi mặc	Kỵ Thừa: Tự Hành Xa-#GHoàng
10553605	Kỵ Thừa: Tự Hành Xa-#GLam	tọa kỵ	80	khóa khi mặc	Kỵ Thừa: Tự Hành Xa-#GLam
10553606	Kỵ Thừa: Tự Hành Xa-#GHồng	tọa kỵ	80	khóa khi mặc	Kỵ Thừa: Tự Hành Xa-#GHồng
10553607	Kỵ Thừa: Phi Thiên Tảo Bả	tọa kỵ	80	khóa khi mặc	Kỵ Thừa: Phi Thiên Tảo Bả
10553608	Kỵ Thừa: Bạo Lực Ma Thác	tọa kỵ	80	khóa khi mặc	Kỵ Thừa: Bạo Lực Ma Thác
10553609	Kỵ Thừa: Linh Mộng Dương Đà	tọa kỵ	80	khóa khi mặc	Kỵ Thừa: Linh Mộng Dương Đà
10553610	Kỵ Thừa: Huyễn Tuyết Dương Đà	tọa kỵ	80	khóa khi mặc	Kỵ Thừa: Huyễn Tuyết Dương Đà
10553611	Kỵ Thừa: Ngự Phong Dương Đà	tọa kỵ	80	khóa khi mặc	Kỵ Thừa: Ngự Phong Dương Đà
10553612	Kỵ Thừa: Truy Nguyệt Dương Đà	tọa kỵ	80	khóa khi mặc	Kỵ Thừa: Truy Nguyệt Dương Đà
10553613	Tọa Kỵ: Linh Hồ	tọa kỵ	40	khóa khi mặc	Tọa Kỵ: Linh Hồ
10553614	Tọa Kỵ: Xích Vĩ Hồ	tọa kỵ	60	khóa khi mặc	Tọa Kỵ: Xích Vĩ Hồ
10553615	Tọa Kỵ: Huyền Thiên Hồ	tọa kỵ	80	khóa khi mặc	Tọa Kỵ: Huyền Thiên Hồ
