# Trang bi (vu khi, giap, trang suc, gom Trung Lau). Cot: ID, Ten, Loai
# Nguon: server/Public/Config/EquipBase.txt. Tao bang GM: !!createitem =ID =so_luong
10100000	青铜刀	刀斧类
10100001	泼风刀	刀斧类
10100002	折铁刀	刀斧类
10100003	古月刀	刀斧类
10100004	开山钺	刀斧类
10100005	金背刀	刀斧类
10100006	月牙铲	刀斧类
10100007	烈焰刀	刀斧类
10100008	乌龙铲	刀斧类
10100009	紫金刀	刀斧类
10100010	震天斧	刀斧类
10100011	苦力的砍柴刀	刀斧类
10100012	乌玛斧	刀斧类
10100013	嵌金铭头锤	刀斧类
10100014	130级刀斧	刀斧类
10100015	140级刀斧	刀斧类
10100016	150级刀斧	刀斧类
10100021	任务临时占用	刀斧类
10100031	钓鱼竿	工具
10100032	太公钓	工具
10100100	大砍刀	枪棒类
10101000	点钢枪	枪棒类
10101001	亮银枪	枪棒类
10101002	雁翎枪	枪棒类
10101003	银蛇枪	枪棒类
10101004	月牙戟	枪棒类
10101005	火尖枪	枪棒类
10101006	风雷枪	枪棒类
10101007	夜叉矛	枪棒类
10101008	錾金枪	枪棒类
10101009	饮血枪	枪棒类
10101010	玄卢枪	枪棒类
10101011	敖汉	枪棒类
10101012	双瞳	枪棒类
10101013	130级枪棒	枪棒类
10101014	140级枪棒	枪棒类
10101015	150级枪棒	枪棒类
10101100	红缨枪	枪棒类
10102000	白铁剑	单短类
10102001	秋叶刃	单短类
10102002	白虹剑	单短类
10102003	蓝玉剑	单短类
10102004	冰弦剑	单短类
10102005	精钢剑	单短类
10102006	镇妖刃	单短类
10102007	金翎剑	单短类
10102008	惊鸿刃	单短类
10102009	龙麟刃	单短类
10102010	玄铁剑	单短类
10102012	矿锄	工具
10102013	采药镰	工具
10102014	塔哈	单短类
10102015	石谷	单短类
10102016	130级单短	单短类
10102017	140级单短	单短类
10102018	150级单短	单短类
10102100	铁剑	单短类
10102201	冷玉寒芳	幻饰武器
10102202	暖香粉蕊	幻饰武器
10102203	芙蓉香	幻饰武器
10102204	幽梦	幻饰武器
10102205	柔情	幻饰武器
10102206	玉隐桃芳	幻饰武器
10102207	绿绮	幻饰武器
10102208	莲幽	幻饰武器
10102209	棒棒糖（红）	幻饰武器
10102210	棒棒糖（绿）	幻饰武器
10102211	棒棒糖（蓝）	幻饰武器
10102212	红郁金香	幻饰武器
10102213	紫郁金香	幻饰武器
10102214	粉玫瑰	幻饰武器
10102215	红玫瑰	幻饰武器
10102216	山楂冰糖葫芦	幻饰武器
10102217	大风车	幻饰武器
10102218	蓝色妖姬	幻饰武器
10102219	一生一世	幻饰武器
10102220	樱桃布丁	幻饰武器
10102221	草莓甜筒	幻饰武器
10102222	浪漫小熊	幻饰武器
10102223	绮梦玫瑰	幻饰武器
10103000	双口刃	双短类
10103001	龙虎刃	双短类
10103002	雌雄剑	双短类
10103003	子母剑	双短类
10103004	峨嵋刺	双短类
10103005	穿云剑	双短类
10103006	血火剑	双短类
10103007	电光锤	双短类
10103008	阴阳剑	双短类
10103009	天地剑	双短类
10103010	鸳鸯刀	双短类
10103011	怒哈	双短类
10103012	雅辛	双短类
10103013	130级双短	双短类
10103014	140级双短	双短类
10103015	150级双短	双短类
10103100	桃木剑	双短类
10104000	水墨扇	扇类
10104001	檀香扇	扇类
10104002	绢宫扇	扇类
10104003	绵竹扇	扇类
10104004	象牙扇	扇类
10104005	镶玉扇	扇类
10104006	裁云扇	扇类
10104007	雕翎扇	扇类
10104008	定军扇	扇类
10104009	征虏扇	扇类
10104010	风雨扇	扇类
10104011	沙丘	扇类
10104012	象血	扇类
10104013	130级扇	扇类
10104014	140级扇	扇类
10104015	150级扇	扇类
10104100	折扇	扇类
10105000	竹枝环	环类
10105001	白虹环	环类
10105002	紫玉环	环类
10105003	凝霜环	环类
10105004	拂香环	环类
10105005	碧玉环	环类
10105006	混沌环	环类
10105007	逍遥环	环类
10105008	天目环	环类
10105009	幽冥环	环类
10105010	龙凤环	环类
10105011	夏弗环	环类
10105012	锡兰	环类
10105013	130级环	环类
10105014	140级环	环类
10105015	150级环	环类
10105100	铁环	环类
10106000	桦木弩	弩类
10106001	松枝弩	弩类
10106002	檀木弩	弩类
10106003	桃木弩	弩类
10106004	梨花弩	弩类
10106005	锻铁弩	弩类
10106006	赤铜弩	弩类
10106007	鎏金弩	弩类
10106008	雁翎弩	弩类
10106009	云背弩	弩类
10106010	水月弩	弩类
10106011	云鹿迅弩	弩类
10106012	倾云朗月弩	弩类
10106013	130级弩	弩类
10106014	140级弩	弩类
10106015	150级弩	弩类
10106100	紫藤弩	弩类
10107000	桦木杖	长杖类
10107001	松枝杖	长杖类
10107002	桃纹杖	长杖类
10107003	黑檀杖	长杖类
10107004	梨花杖	长杖类
10107005	金丝杖	长杖类
10107006	寒铁杖	长杖类
10107007	赤铜杖	长杖类
10107008	亮银杖	长杖类
10107009	鎏金杖	长杖类
10107010	水月杖	长杖类
10107011	飞花杖	长杖类
10107012	碧海青云杖	长杖类
10107013	130级杖	长杖类
10107014	140级杖	长杖类
10107015	150级杖	长杖类
10107100	红松杖	长杖类
10110000	头巾	帽子
10110001	布帽	帽子
10110002	麻布帽	帽子
10110003	棉布帽	帽子
10110004	纱绒帽	帽子
10110005	绢丝帽	帽子
10110006	锦帛帽	帽子
10110007	丝绸帽	帽子
10110008	绫罗帽	帽子
10110009	狼牙帽	帽子
10110010	狼爪帽	帽子
10110011	狼皮帽	帽子
10110012	虎牙帽	帽子
10110013	虎爪帽	帽子
10110014	皮革帽	帽子
10110015	蛟龙帽	帽子
10110016	乌蚕帽	帽子
10110017	苍蟒帽	帽子
10110018	天枢帽	帽子
10110019	天玑帽	帽子
10110020	天璇帽	帽子
10110021	天权帽	帽子
10110022	瑶光帽	帽子
10110023	开阳帽	帽子
10110024	贪狼帽	帽子
10110025	巨门帽	帽子
10110026	禄存帽	帽子
10110027	文曲帽	帽子
10110028	破军帽	帽子
10110029	武曲帽	帽子
10110030	如来帽	帽子
10110031	龙女帽	帽子
10110032	圣武帽	帽子
10110033	达摩帽	帽子
10110034	罗汉帽	帽子
10110035	喇嘛帽	帽子
10110036	浮云帽	帽子
10110037	神行帽	帽子
10110038	踏风帽	帽子
10110039	追日帽	帽子
10110040	逐月帽	帽子
10110041	朱雀冠	帽子
10110042	玄武冠	帽子
10110043	白虎冠	帽子
10110044	青龙冠	帽子
10110045	圣灵巾	帽子
10110046	幽冥冠	帽子
10110047	怜悯帽	帽子
10110048	霓云羽冠	帽子
10110049	九宝天巾	帽子
10110050	归元神冠	帽子
10110051	莫愁帽	帽子
10110052	孔羽冠	帽子
10110053	130级帽	帽子
10110054	140级帽	帽子
10110055	150级帽	帽子
10110100	破头巾	帽子
10111000	缠脚	鞋
10111001	布鞋	鞋
10111002	麻布鞋	鞋
10111003	棉布鞋	鞋
10111004	纱绒鞋	鞋
10111005	绢丝鞋	鞋
10111006	锦帛鞋	鞋
10111007	丝绸鞋	鞋
10111008	绫罗鞋	鞋
10111009	狼牙鞋	鞋
10111010	狼爪鞋	鞋
10111011	狼皮鞋	鞋
10111012	虎牙鞋	鞋
10111013	虎爪鞋	鞋
10111014	虎皮鞋	鞋
10111015	蛟龙鞋	鞋
10111016	乌蚕鞋	鞋
10111017	苍蟒鞋	鞋
10111018	天枢鞋	鞋
10111019	天玑鞋	鞋
10111020	天璇鞋	鞋
10111021	天权鞋	鞋
10111022	瑶光鞋	鞋
10111023	开阳鞋	鞋
10111024	贪狼鞋	鞋
10111025	巨门鞋	鞋
10111026	禄存鞋	鞋
10111027	文曲鞋	鞋
10111028	破军鞋	鞋
10111029	武曲鞋	鞋
10111030	如来鞋	鞋
10111031	龙女鞋	鞋
10111032	圣武鞋	鞋
10111033	达摩鞋	鞋
10111034	罗汉鞋	鞋
10111035	喇嘛靴	鞋
10111036	浮云靴	鞋
10111037	神行靴	鞋
10111038	踏风靴	鞋
10111039	追日靴	鞋
10111040	逐月靴	鞋
10111041	朱雀靴	鞋
10111042	玄武靴	鞋
10111043	白虎靴	鞋
10111044	青龙靴	鞋
10111045	圣灵战靴	鞋
10111046	幽冥魔靴	鞋
10111047	怜悯之靴	鞋
10111048	霓云羽靴	鞋
10111049	九宝天靴	鞋
10111050	归元神靴	鞋
10111051	开源靴	鞋
10111052	蜃楼鞋	鞋
10111053	130级靴	鞋
10111054	140级靴	鞋
10111055	150级靴	鞋
10111100	破缠脚	鞋
10112000	裹手	手套
10112001	布手套	手套
10112002	麻布手套	手套
10112003	棉布手套	手套
10112004	纱绒手套	手套
10112005	绢丝手套	手套
10112006	锦帛手套	手套
10112007	丝绸手套	手套
10112008	绫罗手套	手套
10112009	狼牙手套	手套
10112010	狼爪手套	手套
10112011	狼皮手套	手套
10112012	虎牙手套	手套
10112013	虎爪手套	手套
10112014	虎皮手套	手套
10112015	蛟龙手套	手套
10112016	乌蚕手套	手套
10112017	苍蟒手套	手套
10112018	天枢手套	手套
10112019	天玑手套	手套
10112020	天璇手套	手套
10112021	天权手套	手套
10112022	瑶光手套	手套
10112023	开阳手套	手套
10112024	贪狼手套	手套
10112025	巨门手套	手套
10112026	禄存手套	手套
10112027	文曲手套	手套
10112028	破军手套	手套
10112029	武曲手套	手套
10112030	如来手套	手套
10112031	龙女手套	手套
10112032	圣武手套	手套
10112033	达摩手套	手套
10112034	罗汉手套	手套
10112035	喇嘛手套	手套
10112036	浮云手套	手套
10112037	神行手套	手套
10112038	踏风手套	手套
10112039	追日手套	手套
10112040	逐月手套	手套
10112041	朱雀手套	手套
10112042	玄武手套	手套
10112043	白虎手套	手套
10112044	青龙手套	手套
10112045	圣灵手套	手套
10112046	幽冥手套	手套
10112047	怜悯手套	手套
10112048	霓云手套	手套
10112049	九宝手套	手套
10112050	归元手套	手套
10112051	落火护手	手套
10112052	匈奴护手	手套
10112053	130级手套	手套
10112054	140级手套	手套
10112055	150级手套	手套
10112100	破裹手	手套
10113000	布衫	衣服
10113001	布衣	衣服
10113002	麻布衣	衣服
10113003	棉布衣	衣服
10113004	纱绒衣	衣服
10113005	绢丝衣	衣服
10113006	锦帛衣	衣服
10113007	丝绸衣	衣服
10113008	绫罗衣	衣服
10113009	狼牙衣	衣服
10113010	狼爪衣	衣服
10113011	狼皮衣	衣服
10113012	虎牙衣	衣服
10113013	虎爪衣	衣服
10113014	虎皮衣	衣服
10113015	蛟龙衣	衣服
10113016	乌蚕衣	衣服
10113017	苍蟒衣	衣服
10113018	天枢衣	衣服
10113019	天玑衣	衣服
10113020	天璇衣	衣服
10113021	天权衣	衣服
10113022	瑶光衣	衣服
10113023	开阳衣	衣服
10113024	贪狼衣	衣服
10113025	巨门衣	衣服
10113026	禄存衣	衣服
10113027	文曲衣	衣服
10113028	破军衣	衣服
10113029	武曲衣	衣服
10113030	如来衣	衣服
10113031	龙女衣	衣服
10113032	圣武衣	衣服
10113033	达摩衣	衣服
10113034	罗汉衣	衣服
10113035	喇嘛衣	衣服
10113036	浮云甲	衣服
10113037	神行甲	衣服
10113038	踏风甲	衣服
10113039	追日甲	衣服
10113040	逐月甲	衣服
10113041	朱雀铠甲	衣服
10113042	玄武铠甲	衣服
10113043	白虎铠甲	衣服
10113044	青龙铠甲	衣服
10113045	圣灵战甲	衣服
10113046	幽冥魔甲	衣服
10113047	怜悯之甲	衣服
10113048	霓云羽衣	衣服
10113049	九宝天衣	衣服
10113050	归元神衣	衣服
10113051	沼泽裘	衣服
10113052	高昌袍	衣服
10113053	130级护甲	衣服
10113054	140级护甲	衣服
10113055	150级护甲	衣服
10113100	破布衫	衣服
10114000	棉布护腕	护腕
10114001	纱绒护腕	护腕
10114002	锦帛护腕	护腕
10114003	绫罗护腕	护腕
10114004	狼皮护腕	护腕
10114005	虎皮护腕	护腕
10114006	苍蟒护腕	护腕
10114007	天璇护腕	护腕
10114008	瑶光护腕	护腕
10114009	破军护腕	护腕
10114010	兰沁护腕	护腕
10114011	如故护腕	护腕
10114012	130级护腕	护腕
10114013	140级护腕	护腕
10114014	150级护腕	护腕
10115000	棉布护肩	护肩
10115001	纱绒护肩	护肩
10115002	锦帛护肩	护肩
10115003	绫罗护肩	护肩
10115004	狼皮护肩	护肩
10115005	虎皮护肩	护肩
10115006	苍蟒护肩	护肩
10115007	天璇护肩	护肩
10115008	瑶光护肩	护肩
10115009	破军护肩	护肩
10115010	纳林护肩	护肩
10115011	圣灵肩	护肩
10115012	130级护肩	护肩
10115013	140级护肩	护肩
10115014	150级护肩	护肩
10120001	千花结	项链
10120002	翡翠项链	项链
10120003	乱花缘	项链
10120004	蓝云项链	项链
10120005	云缅链	项链
10120006	六念束	项链
10120007	幽情泪	项链
10120008	引魂铃	项链
10120009	月幽	项链
10120010	蝶神	项链
10120011	寂夜	项链
10120012	七眠链	项链
10120013	130级项炼	项链
10120014	140级项炼	项链
10120015	150级项炼	项链
10121001	柳色腰带	腰带
10121002	如心腰带	腰带
10121003	明骁腰带	腰带
10121004	北干箍环	腰带
10121005	地炎环带	腰带
10121006	飞天腰环	腰带
10121007	神碎带	腰带
10121008	七元腰环	腰带
10121009	碧暮	腰带
10121010	殇日	腰带
10121011	血玉带	腰带
10121012	仙武带	腰带
10121013	130级腰带	腰带
10121014	140级腰带	腰带
10121015	150级腰带	腰带
10122001	青戒	戒指
10122002	翠竹戒指	戒指
10122003	百斐戒指	戒指
10122004	如玉戒指	戒指
10122005	流盈	戒指
10122006	灵诩	戒指
10122007	九华	戒指
10122008	珍玲珑	戒指
10122009	冷魂	戒指
10122010	祭魄	戒指
10122011	安息指环	戒指
10122012	曼陀戒指	戒指
10122013	130级戒指	戒指
10122014	140级戒指	戒指
10122015	150级戒指	戒指
10123001	柳色护符	护符
10123002	如心护符	护符
10123003	明骁护符	护符
10123004	北干神符	护符
10123005	地炎囊	护符
10123006	飞天包	护符
10123007	神碎带	护符
10123008	七元腰环	护符
10123009	碧暮	护符
10123010	殇日	护符
10123011	琉晶	护符
10123012	婆娑纹章	护符
10123013	130级护符	护符
10123014	140级护符	护符
10123015	150级护符	护符
10124000	如来佛衣	时装
10124001	火荒圣衣	时装
10124002	百洞丐装	时装
10124003	玉女华服	时装
10124004	玉虚道衣	时装
10124005	五毒锦服	时装
10124006	天山素服	时装
10124007	逍遥锦衣	时装
10124008	神剑锦装	时装
10124009	空色	时装
10124010	圣火	时装
10124011	碧陌	时装
10124012	泣影	时装
10124013	鹤雪	时装
10124014	凶落	时装
10124015	月漫	时装
10124016	幻殇	时装
10124017	阳潇	时装
10124018	女真氏服	时装
10124019	鸾凤和鸣	时装
10124020	情圣外套	时装
10124021	玫瑰仙子	时装
10124022	暗夜百合	时装
10124023	苗域风情	时装
10124024	粉墨人生	时装
10124025	段誉语嫣	时装
10124026	骷髅战甲	时装
10124027	西洋风情	时装
10124028	大内宫风	时装
10124029	蛊惑江湖	时装
10124030	黄金战甲	时装
10124031	才子佳人	时装
10124032	虎纹猎手	时装
10124033	血色战甲	时装
10124034	骷髅战甲	时装
10124035	西洋风情	时装
10124036	大内宫风	时装
10124037	蛊惑江湖	时装
10124038	黄金战甲	时装
10124039	才子佳人	时装
10124040	虎纹猎手	时装
10124041	血色战甲	时装
10124042	雪羽霜衣	时装
10124043	野性之风	时装
10124044	仙侣情缘	时装
10124045	欢乐圣诞	时装
10124046	夜火龙吟	时装
10124047	万紫千红	时装
10124048	梁鸿孟光	时装
10124049	黯淡雕灵	时装
10124050	清风怡江	时装
10124051	月兔苍狼	时装
10124052	逆戟青钢	时装
10124053	陌离	时装
10124054	仙尘	时装
10124055	醉意	时装
10124056	邪焱	时装
10124057	迦罗	时装
10124058	瑶光	时装
10124059	流霞	时装
10124060	绿绮	时装
10124061	星寒	时装
10124062	天天向上	时装
10124063	萧峰阿朱	时装
10124064	激情圣诞	时装
10124065	春风余雪	时装
10124066	疏狂暗香	时装
10124067	紫魅幻影	时装
10124068	仙羽凝月	时装
10124069	紫陌红尘	时装
10124070	翠竹悠悠	时装
10124071	黑夜降临	时装
10124072	圣诞礼服	时装
10124073	绿野仙踪	时装
10124074	慕容剑服	时装
10124075	兵咤	时装
10124076	玄苍	时装
10124077	赤雪玄凤	时装
10124078	墨羽幽龙	时装
10124079	黑夜降临	时装
10124080	暗影锋痕	时装
10124081	紫澄侠影	时装
10124082	古韵华筝	时装
10124083	锦绣年华	时装
10124084	轻纱梦蝶	时装
10124085	雪舞燃情	时装
10124086	赤羽情缘	时装
10124087	锦绣玉环	时装
10124088	赤羽情缘	时装
10124089	侠门青衫	时装
10124090	苍羽彩岚	时装
10124091	碧草清心	时装
10124092	月影绮梦	时装
10124093	淳华	时装
10124094	彩翼	时装
10124095	天狼	时装
10124096	怒焱	时装
10124097	若水	时装
10124098	伏虎	时装
10124099	鹰击	时装
10124100	璇玑	时装
10124101	凌波	时装
10124102	灵蛇	时装
10124103	赤霞纹龙	时装
10124104	春暖龙魂	时装
10124105	锦绣圣装	时装
10124106	紫逸霜绒	时装
10124107	飞龙乘云	时装
10124108	清荷鱼浅	时装
10124109	枭龙霸铠	时装
10124110	虎啸雄装	时装
10124111	炎狼尊袍	时装
10124112	剑影花馨	时装
10124113	飞羽游龙	时装
10124114	翩蝶落羽	时装
10124115	瑞影祥风	时装
10124116	剑影琴音	时装
10124117	流云锦装	时装
10124118	虹蝉锦装	时装
10124119	唐门劲装	时装
10124120	夜影	时装
10124121	寒锋	时装
10124122	追魂	时装
10124123	墨染青风	时装
10124124	玉羽青绸	时装
10124125	郁香馨芳	时装
10124126	浴血寒锋	时装
10124127	鲤戏澜芳	时装
10124128	碧卉含芳	时装
10124129	玉锦金纱	时装
10124130	墨羽潜幽	时装
10124131	夜锦天澜	时装
10124132	素挽玄裳	时装
10124133	苍云霜月	时装
10124134	墨羽潜幽	时装
10124135	蔷薇之梦	时装
10124136	云暖芳华	时装
10124137	龙凤呈祥	时装
10124138	玉锦回枫	时装
10124139	霓裳羽衣	时装
10124140	飞虹锦装	时装
10124141	黄金霸龙甲	时装
10124142	天罡战甲	时装
10124143	冰心如梦	时装
10124144	灵乌弄羽	时装
10124145	怒海风情	时装
10124146	素挽玄裳	时装
10124147	仙侣情缘	时装
10124148	云梦星裳	时装
10124149	千秋装	时装
10124150	不归装	时装
10124151	无涯装	时装
10124152	炎罗装	时装
10124153	玉皇装	时装
10124154	风华天香	时装
10124155	月影蛮衣	时装
10124156	碧梦莲华	时装
10124157	蝶舞流芳	时装
10124158	霜雪龙魂	时装
10124159	飞龙乘云	时装
10124160	云酥梦裳	时装
10124161	醉梦莲芳	时装
10124162	慕容剑服	时装
10124163	兵咤	时装
10124164	绿野仙踪	时装
10124165	蕾丝诱惑浴衣	时装
10124166	银霏染月	时装
10124167	锦衣醉画	时装
10124300	#e330066#gFFFFF0仙侣情缘	#gf00ff0染色时装
10124301	#e330066#gFFFFF0仙侣情缘	#gf00ff0染色时装
10124302	#e330066#gFFFFF0仙侣情缘	#gf00ff0染色时装
10124303	#e330066#gFFFFF0仙侣情缘	#gf00ff0染色时装
10124304	#e330066#gFFFFF0仙侣情缘	#gf00ff0染色时装
10124305	#e330066#gFFFFF0仙侣情缘	#gf00ff0染色时装
10124306	#e330066#gFFFFF0仙侣情缘	#gf00ff0染色时装
10124307	#e330066#gFFFFF0仙侣情缘	#gf00ff0染色时装
10124308	#e330066#gFFFFF0仙侣情缘	#gf00ff0染色时装
10124310	#e330066#gFFFFF0雪羽霜衣	#gf00ff0染色时装
10124311	#e330066#gFFFFF0雪羽霜衣	#gf00ff0染色时装
10124312	#e330066#gFFFFF0雪羽霜衣	#gf00ff0染色时装
10124313	#e330066#gFFFFF0雪羽霜衣	#gf00ff0染色时装
10124314	#e330066#gFFFFF0雪羽霜衣	#gf00ff0染色时装
10124315	#e330066#gFFFFF0雪羽霜衣	#gf00ff0染色时装
10124316	#e330066#gFFFFF0雪羽霜衣	#gf00ff0染色时装
10124317	#e330066#gFFFFF0雪羽霜衣	#gf00ff0染色时装
10124318	#e330066#gFFFFF0雪羽霜衣	#gf00ff0染色时装
10124320	#e330066#gFFFFF0万紫千红	#gf00ff0染色时装
10124321	#e330066#gFFFFF0万紫千红	#gf00ff0染色时装
10124322	#e330066#gFFFFF0万紫千红	#gf00ff0染色时装
10124323	#e330066#gFFFFF0万紫千红	#gf00ff0染色时装
10124324	#e330066#gFFFFF0万紫千红	#gf00ff0染色时装
10124325	#e330066#gFFFFF0万紫千红	#gf00ff0染色时装
10124326	#e330066#gFFFFF0万紫千红	#gf00ff0染色时装
10124327	#e330066#gFFFFF0万紫千红	#gf00ff0染色时装
10124328	#e330066#gFFFFF0万紫千红	#gf00ff0染色时装
10124330	#e330066#gFFFFF0黯淡雕灵	#gf00ff0染色时装
10124331	#e330066#gFFFFF0黯淡雕灵	#gf00ff0染色时装
10124332	#e330066#gFFFFF0黯淡雕灵	#gf00ff0染色时装
10124333	#e330066#gFFFFF0黯淡雕灵	#gf00ff0染色时装
10124334	#e330066#gFFFFF0黯淡雕灵	#gf00ff0染色时装
10124335	#e330066#gFFFFF0黯淡雕灵	#gf00ff0染色时装
10124336	#e330066#gFFFFF0黯淡雕灵	#gf00ff0染色时装
10124337	#e330066#gFFFFF0黯淡雕灵	#gf00ff0染色时装
10124338	#e330066#gFFFFF0黯淡雕灵	#gf00ff0染色时装
10124340	#e330066#gFFFFF0清风怡江	#gf00ff0染色时装
10124341	#e330066#gFFFFF0清风怡江	#gf00ff0染色时装
10124342	#e330066#gFFFFF0清风怡江	#gf00ff0染色时装
10124343	#e330066#gFFFFF0清风怡江	#gf00ff0染色时装
10124344	#e330066#gFFFFF0清风怡江	#gf00ff0染色时装
10124345	#e330066#gFFFFF0清风怡江	#gf00ff0染色时装
10124346	#e330066#gFFFFF0清风怡江	#gf00ff0染色时装
10124347	#e330066#gFFFFF0清风怡江	#gf00ff0染色时装
10124348	#e330066#gFFFFF0清风怡江	#gf00ff0染色时装
10124350	#e330066#gFFFFF0春风余雪	#gf00ff0染色时装
10124351	#e330066#gFFFFF0春风余雪	#gf00ff0染色时装
10124352	#e330066#gFFFFF0春风余雪	#gf00ff0染色时装
10124353	#e330066#gFFFFF0春风余雪	#gf00ff0染色时装
10124354	#e330066#gFFFFF0春风余雪	#gf00ff0染色时装
10124355	#e330066#gFFFFF0春风余雪	#gf00ff0染色时装
10124356	#e330066#gFFFFF0春风余雪	#gf00ff0染色时装
10124357	#e330066#gFFFFF0春风余雪	#gf00ff0染色时装
10124358	#e330066#gFFFFF0春风余雪	#gf00ff0染色时装
10124360	#e330066#gFFFFF0疏狂暗香	#gf00ff0染色时装
10124361	#e330066#gFFFFF0疏狂暗香	#gf00ff0染色时装
10124362	#e330066#gFFFFF0疏狂暗香	#gf00ff0染色时装
10124363	#e330066#gFFFFF0疏狂暗香	#gf00ff0染色时装
10124364	#e330066#gFFFFF0疏狂暗香	#gf00ff0染色时装
10124365	#e330066#gFFFFF0疏狂暗香	#gf00ff0染色时装
10124366	#e330066#gFFFFF0疏狂暗香	#gf00ff0染色时装
10124367	#e330066#gFFFFF0疏狂暗香	#gf00ff0染色时装
10124368	#e330066#gFFFFF0疏狂暗香	#gf00ff0染色时装
10124370	#e330066#gFFFFF0仙羽凝月	#gf00ff0染色时装
10124371	#e330066#gFFFFF0仙羽凝月	#gf00ff0染色时装
10124372	#e330066#gFFFFF0仙羽凝月	#gf00ff0染色时装
10124373	#e330066#gFFFFF0仙羽凝月	#gf00ff0染色时装
10124374	#e330066#gFFFFF0仙羽凝月	#gf00ff0染色时装
10124375	#e330066#gFFFFF0仙羽凝月	#gf00ff0染色时装
10124376	#e330066#gFFFFF0仙羽凝月	#gf00ff0染色时装
10124377	#e330066#gFFFFF0仙羽凝月	#gf00ff0染色时装
10124378	#e330066#gFFFFF0仙羽凝月	#gf00ff0染色时装
10124380	#e330066#gFFFFF0紫逸霜绒	#gf00ff0染色时装
10124381	#e330066#gFFFFF0紫逸霜绒	#gf00ff0染色时装
10124382	#e330066#gFFFFF0紫逸霜绒	#gf00ff0染色时装
10124383	#e330066#gFFFFF0紫逸霜绒	#gf00ff0染色时装
10124384	#e330066#gFFFFF0紫逸霜绒	#gf00ff0染色时装
10124385	#e330066#gFFFFF0紫逸霜绒	#gf00ff0染色时装
10124386	#e330066#gFFFFF0紫逸霜绒	#gf00ff0染色时装
10124387	#e330066#gFFFFF0紫逸霜绒	#gf00ff0染色时装
10124388	#e330066#gFFFFF0紫逸霜绒	#gf00ff0染色时装
10124390	#e330066#gFFFFF0飞龙乘云	#gf00ff0染色时装
10124391	#e330066#gFFFFF0飞龙乘云	#gf00ff0染色时装
10124392	#e330066#gFFFFF0飞龙乘云	#gf00ff0染色时装
10124393	#e330066#gFFFFF0飞龙乘云	#gf00ff0染色时装
10124394	#e330066#gFFFFF0飞龙乘云	#gf00ff0染色时装
10124395	#e330066#gFFFFF0飞龙乘云	#gf00ff0染色时装
10124396	#e330066#gFFFFF0飞龙乘云	#gf00ff0染色时装
10124397	#e330066#gFFFFF0飞龙乘云	#gf00ff0染色时装
10124398	#e330066#gFFFFF0飞龙乘云	#gf00ff0染色时装
10124400	#e330066#gFFFFF0清荷鱼浅	#gf00ff0染色时装
10124401	#e330066#gFFFFF0清荷鱼浅	#gf00ff0染色时装
10124402	#e330066#gFFFFF0清荷鱼浅	#gf00ff0染色时装
10124403	#e330066#gFFFFF0清荷鱼浅	#gf00ff0染色时装
10124404	#e330066#gFFFFF0清荷鱼浅	#gf00ff0染色时装
10124405	#e330066#gFFFFF0清荷鱼浅	#gf00ff0染色时装
10124406	#e330066#gFFFFF0清荷鱼浅	#gf00ff0染色时装
10124407	#e330066#gFFFFF0清荷鱼浅	#gf00ff0染色时装
10124408	#e330066#gFFFFF0清荷鱼浅	#gf00ff0染色时装
10124410	#e330066#gFFFFF0翩蝶落羽	#gf00ff0染色时装
10124411	#e330066#gFFFFF0翩蝶落羽	#gf00ff0染色时装
10124412	#e330066#gFFFFF0翩蝶落羽	#gf00ff0染色时装
10124413	#e330066#gFFFFF0翩蝶落羽	#gf00ff0染色时装
10124414	#e330066#gFFFFF0翩蝶落羽	#gf00ff0染色时装
10124415	#e330066#gFFFFF0翩蝶落羽	#gf00ff0染色时装
10124416	#e330066#gFFFFF0翩蝶落羽	#gf00ff0染色时装
10124417	#e330066#gFFFFF0翩蝶落羽	#gf00ff0染色时装
10124418	#e330066#gFFFFF0翩蝶落羽	#gf00ff0染色时装
10124420	#e330066#gFFFFF0玉羽青绸	#gf00ff0染色时装
10124421	#e330066#gFFFFF0玉羽青绸	#gf00ff0染色时装
10124422	#e330066#gFFFFF0玉羽青绸	#gf00ff0染色时装
10124423	#e330066#gFFFFF0玉羽青绸	#gf00ff0染色时装
10124424	#e330066#gFFFFF0玉羽青绸	#gf00ff0染色时装
10124425	#e330066#gFFFFF0玉羽青绸	#gf00ff0染色时装
10124426	#e330066#gFFFFF0玉羽青绸	#gf00ff0染色时装
10124427	#e330066#gFFFFF0玉羽青绸	#gf00ff0染色时装
10124428	#e330066#gFFFFF0玉羽青绸	#gf00ff0染色时装
10124430	#e330066#gFFFFF0郁香馨芳	#gf00ff0染色时装
10124431	#e330066#gFFFFF0郁香馨芳	#gf00ff0染色时装
10124432	#e330066#gFFFFF0郁香馨芳	#gf00ff0染色时装
10124433	#e330066#gFFFFF0郁香馨芳	#gf00ff0染色时装
10124434	#e330066#gFFFFF0郁香馨芳	#gf00ff0染色时装
10124435	#e330066#gFFFFF0郁香馨芳	#gf00ff0染色时装
10124436	#e330066#gFFFFF0郁香馨芳	#gf00ff0染色时装
10124437	#e330066#gFFFFF0郁香馨芳	#gf00ff0染色时装
10124438	#e330066#gFFFFF0郁香馨芳	#gf00ff0染色时装
10124440	#e330066#gFFFFF0鲤戏澜芳	#gf00ff0染色时装
10124441	#e330066#gFFFFF0鲤戏澜芳	#gf00ff0染色时装
10124442	#e330066#gFFFFF0鲤戏澜芳	#gf00ff0染色时装
10124443	#e330066#gFFFFF0鲤戏澜芳	#gf00ff0染色时装
10124444	#e330066#gFFFFF0鲤戏澜芳	#gf00ff0染色时装
10124445	#e330066#gFFFFF0鲤戏澜芳	#gf00ff0染色时装
10124446	#e330066#gFFFFF0鲤戏澜芳	#gf00ff0染色时装
10124447	#e330066#gFFFFF0鲤戏澜芳	#gf00ff0染色时装
10124448	#e330066#gFFFFF0鲤戏澜芳	#gf00ff0染色时装
10124450	#e330066#gFFFFF0玉锦金纱	#gf00ff0染色时装
10124451	#e330066#gFFFFF0玉锦金纱	#gf00ff0染色时装
10124452	#e330066#gFFFFF0玉锦金纱	#gf00ff0染色时装
10124453	#e330066#gFFFFF0玉锦金纱	#gf00ff0染色时装
10124454	#e330066#gFFFFF0玉锦金纱	#gf00ff0染色时装
10124455	#e330066#gFFFFF0玉锦金纱	#gf00ff0染色时装
10124456	#e330066#gFFFFF0玉锦金纱	#gf00ff0染色时装
10124457	#e330066#gFFFFF0玉锦金纱	#gf00ff0染色时装
10124458	#e330066#gFFFFF0玉锦金纱	#gf00ff0染色时装
10124460	#e330066#gFFFFF0墨羽潜幽	#gf00ff0染色时装
10124461	#e330066#gFFFFF0墨羽潜幽	#gf00ff0染色时装
10124462	#e330066#gFFFFF0墨羽潜幽	#gf00ff0染色时装
10124463	#e330066#gFFFFF0墨羽潜幽	#gf00ff0染色时装
10124464	#e330066#gFFFFF0墨羽潜幽	#gf00ff0染色时装
10124465	#e330066#gFFFFF0墨羽潜幽	#gf00ff0染色时装
10124466	#e330066#gFFFFF0墨羽潜幽	#gf00ff0染色时装
10124467	#e330066#gFFFFF0墨羽潜幽	#gf00ff0染色时装
10124468	#e330066#gFFFFF0墨羽潜幽	#gf00ff0染色时装
10124470	#e330066#gFFFFF0夜锦天澜	#gf00ff0染色时装
10124471	#e330066#gFFFFF0夜锦天澜	#gf00ff0染色时装
10124472	#e330066#gFFFFF0夜锦天澜	#gf00ff0染色时装
10124473	#e330066#gFFFFF0夜锦天澜	#gf00ff0染色时装
10124474	#e330066#gFFFFF0夜锦天澜	#gf00ff0染色时装
10124475	#e330066#gFFFFF0夜锦天澜	#gf00ff0染色时装
10124476	#e330066#gFFFFF0夜锦天澜	#gf00ff0染色时装
10124477	#e330066#gFFFFF0夜锦天澜	#gf00ff0染色时装
10124478	#e330066#gFFFFF0夜锦天澜	#gf00ff0染色时装
10124480	#e330066#gFFFFF0素挽玄裳	#gf00ff0染色时装
10124481	#e330066#gFFFFF0素挽玄裳	#gf00ff0染色时装
10124482	#e330066#gFFFFF0素挽玄裳	#gf00ff0染色时装
10124483	#e330066#gFFFFF0素挽玄裳	#gf00ff0染色时装
10124484	#e330066#gFFFFF0素挽玄裳	#gf00ff0染色时装
10124485	#e330066#gFFFFF0素挽玄裳	#gf00ff0染色时装
10124486	#e330066#gFFFFF0素挽玄裳	#gf00ff0染色时装
10124487	#e330066#gFFFFF0素挽玄裳	#gf00ff0染色时装
10124488	#e330066#gFFFFF0素挽玄裳	#gf00ff0染色时装
10124490	#e330066#gFFFFF0蔷薇之梦	#gf00ff0染色时装
10124491	#e330066#gFFFFF0蔷薇之梦	#gf00ff0染色时装
10124492	#e330066#gFFFFF0蔷薇之梦	#gf00ff0染色时装
10124493	#e330066#gFFFFF0蔷薇之梦	#gf00ff0染色时装
10124494	#e330066#gFFFFF0蔷薇之梦	#gf00ff0染色时装
10124495	#e330066#gFFFFF0蔷薇之梦	#gf00ff0染色时装
10124496	#e330066#gFFFFF0蔷薇之梦	#gf00ff0染色时装
10124497	#e330066#gFFFFF0蔷薇之梦	#gf00ff0染色时装
10124498	#e330066#gFFFFF0蔷薇之梦	#gf00ff0染色时装
10124500	#e330066#gFFFFF0云暖芳华	#gf00ff0染色时装
10124501	#e330066#gFFFFF0云暖芳华	#gf00ff0染色时装
10124502	#e330066#gFFFFF0云暖芳华	#gf00ff0染色时装
10124503	#e330066#gFFFFF0云暖芳华	#gf00ff0染色时装
10124504	#e330066#gFFFFF0云暖芳华	#gf00ff0染色时装
10124505	#e330066#gFFFFF0云暖芳华	#gf00ff0染色时装
10124506	#e330066#gFFFFF0云暖芳华	#gf00ff0染色时装
10124507	#e330066#gFFFFF0云暖芳华	#gf00ff0染色时装
10124508	#e330066#gFFFFF0云暖芳华	#gf00ff0染色时装
10124510	#e330066#gFFFFF0龙凤呈祥	#gf00ff0染色时装
10124511	#e330066#gFFFFF0龙凤呈祥	#gf00ff0染色时装
10124512	#e330066#gFFFFF0龙凤呈祥	#gf00ff0染色时装
10124513	#e330066#gFFFFF0龙凤呈祥	#gf00ff0染色时装
10124514	#e330066#gFFFFF0龙凤呈祥	#gf00ff0染色时装
10124515	#e330066#gFFFFF0龙凤呈祥	#gf00ff0染色时装
10124516	#e330066#gFFFFF0龙凤呈祥	#gf00ff0染色时装
10124517	#e330066#gFFFFF0龙凤呈祥	#gf00ff0染色时装
10124518	#e330066#gFFFFF0龙凤呈祥	#gf00ff0染色时装
10124520	#e330066#gFFFFF0玉锦回枫	#gf00ff0染色时装
10124521	#e330066#gFFFFF0玉锦回枫	#gf00ff0染色时装
10124522	#e330066#gFFFFF0玉锦回枫	#gf00ff0染色时装
10124523	#e330066#gFFFFF0玉锦回枫	#gf00ff0染色时装
10124524	#e330066#gFFFFF0玉锦回枫	#gf00ff0染色时装
10124525	#e330066#gFFFFF0玉锦回枫	#gf00ff0染色时装
10124526	#e330066#gFFFFF0玉锦回枫	#gf00ff0染色时装
10124527	#e330066#gFFFFF0玉锦回枫	#gf00ff0染色时装
10124528	#e330066#gFFFFF0玉锦回枫	#gf00ff0染色时装
10124530	#e330066#gFFFFF0飞虹锦装	#gf00ff0染色时装
10124531	#e330066#gFFFFF0飞虹锦装	#gf00ff0染色时装
10124532	#e330066#gFFFFF0飞虹锦装	#gf00ff0染色时装
10124533	#e330066#gFFFFF0飞虹锦装	#gf00ff0染色时装
10124534	#e330066#gFFFFF0飞虹锦装	#gf00ff0染色时装
10124535	#e330066#gFFFFF0飞虹锦装	#gf00ff0染色时装
10124536	#e330066#gFFFFF0飞虹锦装	#gf00ff0染色时装
10124537	#e330066#gFFFFF0飞虹锦装	#gf00ff0染色时装
10124538	#e330066#gFFFFF0飞虹锦装	#gf00ff0染色时装
10124540	#e330066#gFFFFF0灵乌弄羽	#gf00ff0染色时装
10124541	#e330066#gFFFFF0灵乌弄羽	#gf00ff0染色时装
10124542	#e330066#gFFFFF0灵乌弄羽	#gf00ff0染色时装
10124543	#e330066#gFFFFF0灵乌弄羽	#gf00ff0染色时装
10124544	#e330066#gFFFFF0灵乌弄羽	#gf00ff0染色时装
10124545	#e330066#gFFFFF0灵乌弄羽	#gf00ff0染色时装
10124546	#e330066#gFFFFF0灵乌弄羽	#gf00ff0染色时装
10124547	#e330066#gFFFFF0灵乌弄羽	#gf00ff0染色时装
10124548	#e330066#gFFFFF0灵乌弄羽	#gf00ff0染色时装
10124550	#e330066#gFFFFF0云梦星裳	#gf00ff0染色时装
10124551	#e330066#gFFFFF0云梦星裳	#gf00ff0染色时装
10124552	#e330066#gFFFFF0云梦星裳	#gf00ff0染色时装
10124553	#e330066#gFFFFF0云梦星裳	#gf00ff0染色时装
10124554	#e330066#gFFFFF0云梦星裳	#gf00ff0染色时装
10124555	#e330066#gFFFFF0云梦星裳	#gf00ff0染色时装
10124556	#e330066#gFFFFF0云梦星裳	#gf00ff0染色时装
10124557	#e330066#gFFFFF0云梦星裳	#gf00ff0染色时装
10124558	#e330066#gFFFFF0云梦星裳	#gf00ff0染色时装
10124560	#e330066#gFFFFF0碧梦莲华	#gf00ff0染色时装
10124561	#e330066#gFFFFF0碧梦莲华	#gf00ff0染色时装
10124562	#e330066#gFFFFF0碧梦莲华	#gf00ff0染色时装
10124563	#e330066#gFFFFF0碧梦莲华	#gf00ff0染色时装
10124564	#e330066#gFFFFF0碧梦莲华	#gf00ff0染色时装
10124565	#e330066#gFFFFF0碧梦莲华	#gf00ff0染色时装
10124566	#e330066#gFFFFF0碧梦莲华	#gf00ff0染色时装
10124567	#e330066#gFFFFF0碧梦莲华	#gf00ff0染色时装
10124568	#e330066#gFFFFF0碧梦莲华	#gf00ff0染色时装
10124570	#e330066#gFFFFF0蝶舞流芳	#gf00ff0染色时装
10124571	#e330066#gFFFFF0蝶舞流芳	#gf00ff0染色时装
10124572	#e330066#gFFFFF0蝶舞流芳	#gf00ff0染色时装
10124573	#e330066#gFFFFF0蝶舞流芳	#gf00ff0染色时装
10124574	#e330066#gFFFFF0蝶舞流芳	#gf00ff0染色时装
10124575	#e330066#gFFFFF0蝶舞流芳	#gf00ff0染色时装
10124576	#e330066#gFFFFF0蝶舞流芳	#gf00ff0染色时装
10124577	#e330066#gFFFFF0蝶舞流芳	#gf00ff0染色时装
10124578	#e330066#gFFFFF0蝶舞流芳	#gf00ff0染色时装
10124580	#e330066#gFFFFF0霜雪龙魂	#gf00ff0染色时装
10124581	#e330066#gFFFFF0霜雪龙魂	#gf00ff0染色时装
10124582	#e330066#gFFFFF0霜雪龙魂	#gf00ff0染色时装
10124583	#e330066#gFFFFF0霜雪龙魂	#gf00ff0染色时装
10124584	#e330066#gFFFFF0霜雪龙魂	#gf00ff0染色时装
10124585	#e330066#gFFFFF0霜雪龙魂	#gf00ff0染色时装
10124586	#e330066#gFFFFF0霜雪龙魂	#gf00ff0染色时装
10124587	#e330066#gFFFFF0霜雪龙魂	#gf00ff0染色时装
10124588	#e330066#gFFFFF0霜雪龙魂	#gf00ff0染色时装
10124590	#e330066#gFFFFF0锦绣游仙	#gf00ff0染色时装
10124591	#e330066#gFFFFF0锦绣游仙	#gf00ff0染色时装
10124592	#e330066#gFFFFF0锦绣游仙	#gf00ff0染色时装
10124593	#e330066#gFFFFF0锦绣游仙	#gf00ff0染色时装
10124594	#e330066#gFFFFF0锦绣游仙	#gf00ff0染色时装
10124595	#e330066#gFFFFF0锦绣游仙	#gf00ff0染色时装
10124596	#e330066#gFFFFF0锦绣游仙	#gf00ff0染色时装
10124597	#e330066#gFFFFF0锦绣游仙	#gf00ff0染色时装
10124598	#e330066#gFFFFF0锦绣游仙	#gf00ff0染色时装
10124600	#e330066#gFFFFF0青龙醉舞	#gf00ff0染色时装
10124601	#e330066#gFFFFF0青龙醉舞	#gf00ff0染色时装
10124602	#e330066#gFFFFF0青龙醉舞	#gf00ff0染色时装
10124603	#e330066#gFFFFF0青龙醉舞	#gf00ff0染色时装
10124604	#e330066#gFFFFF0青龙醉舞	#gf00ff0染色时装
10124605	#e330066#gFFFFF0青龙醉舞	#gf00ff0染色时装
10124606	#e330066#gFFFFF0青龙醉舞	#gf00ff0染色时装
10124607	#e330066#gFFFFF0青龙醉舞	#gf00ff0染色时装
10124608	#e330066#gFFFFF0青龙醉舞	#gf00ff0染色时装
10124610	#e330066#gFFFFF0丹霞锦绣	#gf00ff0染色时装
10124611	#e330066#gFFFFF0丹霞锦绣	#gf00ff0染色时装
10124612	#e330066#gFFFFF0丹霞锦绣	#gf00ff0染色时装
10124613	#e330066#gFFFFF0丹霞锦绣	#gf00ff0染色时装
10124614	#e330066#gFFFFF0丹霞锦绣	#gf00ff0染色时装
10124615	#e330066#gFFFFF0丹霞锦绣	#gf00ff0染色时装
10124616	#e330066#gFFFFF0丹霞锦绣	#gf00ff0染色时装
10124617	#e330066#gFFFFF0丹霞锦绣	#gf00ff0染色时装
10124618	#e330066#gFFFFF0丹霞锦绣	#gf00ff0染色时装
10124901	星隐	时装
10124902	阴阳	时装
10124904	万圣	时装
10124943	鬼谷素袍	时装
10125018	锦绣游仙	时装
10125019	仙侣情缘	时装
10126000	未使用	预留2
10141000	坐骑：陆行雕	坐骑
10141001	坐骑：虎	坐骑
10141002	坐骑：黄骠马	坐骑
10141003	坐骑：骆驼	坐骑
10141004	坐骑：鹤	坐骑
10141005	坐骑：青凤	坐骑
10141006	坐骑：牦牛	坐骑
10141007	坐骑：鹿	坐骑
10141008	坐骑：雕	坐骑
10141009	坐骑：灰狼	坐骑
10141010	坐骑：白虎	坐骑
10141011	坐骑：青白骢马	坐骑
10141012	坐骑：白骆驼	坐骑
10141013	坐骑：金翼鹤	坐骑
10141014	坐骑：红白凤	坐骑
10141015	坐骑：白牦牛	坐骑
10141016	坐骑：白鹿	坐骑
10141017	坐骑：白雕	坐骑
10141018	坐骑：白狼	坐骑
10141019	坐骑：狮子	坐骑
10141020	坐骑：白狮	坐骑
10141021	小行囊	行囊
10141022	中行囊	行囊
10141023	大行囊	行囊
10141024	麻制囊	行囊
10141025	绵制囊	行囊
10141026	皮制囊	行囊
10141027	革制囊	行囊
10141028	绢丝囊	行囊
10141029	真丝囊	行囊
10141030	百宝囊	行囊
10141031	小格箱	格箱
10141032	中格箱	格箱
10141033	大格箱	格箱
10141034	榆木箱	格箱
10141035	楠木箱	格箱
10141036	紫檀箱	格箱
10141037	镶铜箱	格箱
10141038	绘银箱	格箱
10141039	包金箱	格箱
10141040	百宝箱	格箱
10141041	坐骑：大象	坐骑
10141042	坐骑：陆吾	坐骑
10141043	坐骑：木牛流马	坐骑
10141044	坐骑：鸵鸟	坐骑
10141045	坐骑：犀牛	坐骑
10141046	坐骑：熊	坐骑
10141047	坐骑：玄龟	坐骑
10141048	坐骑：符文骑士	坐骑
10141049	坐骑：河马	坐骑
10141050	麻制囊	行囊
10141051	榆木箱	格箱
10141052	坐骑：马车	坐骑
10141053	坐骑：天马	坐骑
10141054	坐骑：兔子	坐骑
10141055	坐骑：舞狮	坐骑
10141056	坐骑：驯鹿	坐骑
10141057	翅膀：雪羽	坐骑
10141058	巨人：黄巾力士	坐骑
10141059	飞龙：大风	坐骑
10141060	坐骑：雪橇	坐骑
10141061	坐骑：紫电	坐骑
10141062	翅膀：冥羽	坐骑
10141063	坐骑：如意熊	坐骑
10141064	坐骑：碧水金睛兽	坐骑
10141065	坐骑：旋转木马	坐骑
10141066	坐骑：年兽	坐骑
10141067	坐骑：花车	坐骑
10141068	坐骑：白云	坐骑
10141069	坐骑：黑土	坐骑
10141070	坐骑：巨猿	坐骑
10141071	坐骑：鹜影雕	坐骑
10141072	坐骑：琉璃凤	坐骑
10141073	坐骑：瑞莲鹤	坐骑
10141074	坐骑：如意虎	坐骑
10141075	坐骑：银月狼	坐骑
10141076	坐骑：七彩鹿	坐骑
10141077	坐骑：龙血马	坐骑
10141078	坐骑：青牦牛	坐骑
10141079	坐骑：烈焰狮	坐骑
10141080	翅膀：幻羽	坐骑
10141081	坐骑：闪电貂	坐骑
10141082	坐骑：蝶羽	坐骑
10141083	坐骑：巴天虎	坐骑
10141084	坐骑：羚羊	坐骑
10141085	坐骑：雪羚羊	坐骑
10141086	坐骑：幽光羚	坐骑
10141087	坐骑：飞龙椅	坐骑
10141088	坐骑：火焰貂	坐骑
10141089	坐骑：熊猫	坐骑
10141090	坐骑：雷刃兽	坐骑
10141091	坐骑：赤魅鹰	坐骑
10141092	坐骑：暗魅鹰	坐骑
10141093	坐骑：紫魅鹰	坐骑
10141094	坐骑：枯木傀儡	坐骑
10141095	坐骑：火云邪兽	坐骑
10141096	圣诞老人的口袋	行囊
10141097	圣诞袜	格箱
10141098	圣诞老人的口袋	行囊
10141099	圣诞袜	格箱
10141100	圣诞老人的口袋	行囊
10141101	圣诞袜	格箱
10141102	坐骑：玄天雷兽	坐骑
10141103	坐骑：九州神龙	坐骑
10141104	坐骑：月兔	坐骑
10141105	坐骑：江南锁甲马	坐骑
10141106	坐骑：大漠金戈马	坐骑
10141107	坐骑：烟雨清荷	坐骑
10141108	坐骑：幻火赤麟兽	坐骑
10141109	坐骑：炙足鬼马	坐骑
10141110	坐骑：添福锦鳞	坐骑
10141111	坐骑：天工玲珑鼠	坐骑
10141112	坐骑：陆行鸟	坐骑
10141113	坐骑：金麟舞狮	坐骑
10141114	坐骑：寄居蟹	坐骑
10141115	坐骑：七宝莲座	坐骑
10141116	坐骑：赤麟白泽	坐骑
10141117	坐骑：青麟白泽	坐骑
10141118	坐骑：金翼龙兽	坐骑
10141120	坐骑：翡翠御驾	坐骑
10141122	坐骑：熔岩魔犀	坐骑
10141123	坐骑：四喜送鲤台	坐骑
10141124	坐骑：月白龙马	坐骑
10141125	飞龙：大风	坐骑
10141126	坐骑：蓝翼龙兽	坐骑
10141127	坐骑：青翼龙兽	坐骑
10141128	坐骑：傲雪灵狮	坐骑
10141129	坐骑：霸世羽龙	坐骑
10141130	坐骑：青翼战龙	坐骑
10141131	坐骑：绝云焱龙	坐骑
10141132	坐骑：福瑞雪貂	坐骑
10141133	坐骑：红梅软驾	坐骑
10141134	翅膀：金羽	坐骑
10141135	坐骑：冥邪兽	坐骑
10141136	坐骑：烈火金刚	坐骑
10141137	坐骑：赤霄炎狼	坐骑
10141138	坐骑：魅羽	坐骑
10141139	坐骑：天河灵鹊	坐骑
10141140	坐骑：云水金睛兽	坐骑
10141141	坐骑：黑天马	坐骑
10141142	坐骑：玄彤海龙	坐骑
10141143	坐骑：幽蓝海龙	坐骑
10141144	坐骑：暗炎开明兽	坐骑
10141145	坐骑：瑶光开明兽	坐骑
10141146	坐骑：星虹云舟	坐骑
10141147	坐骑：暗炎冥狮	坐骑
10141148	坐骑：虚空熊魂	坐骑
10141149	坐骑：祥云鹤	坐骑
10141150	坐骑：金钱豹	坐骑
10141151	坐骑：云雪豹	坐骑
10141152	坐骑：幽冥豹	坐骑
10141153	坐骑：炎羽	坐骑
10141154	坐骑：应龙幻魂	坐骑
10141155	坐骑：黑玫瑰	坐骑
10141156	坐骑：绒雪神牛	坐骑
10141157	坐骑：沧海龙驹	坐骑
10141158	坐骑：百变金刚	坐骑
10141159	坐骑：豆豆雪橇	坐骑
10141160	坐骑：月马香驹	坐骑
10141161	坐骑：赤炼驹	坐骑
10141162	坐骑：碧甲玄龟	坐骑
10141163	坐骑：星羽游龙	坐骑
10141164	坐骑：沧澜羽翼	坐骑
10141165	坐骑：云霄羽翼	坐骑
10141166	坐骑：团羊羊	坐骑
10141167	坐骑：云水青荷	坐骑
10141168	坐骑：灭世火凤	坐骑
10141169	坐骑：裂海魔龙	坐骑
10141170	坐骑：摄灵蛊花	坐骑
10141171	坐骑：水碧飞鸢	坐骑
10141172	坐骑：绛紫飞鸢	坐骑
10141173	坐骑：钢鬃兽	坐骑
10141174	坐骑：鬼马龙舟	坐骑
10141175	坐骑：望月龙驹	坐骑
10141176	坐骑：踏雪乌骓	坐骑
10141177	坐骑：玉麟龙	坐骑
10141178	坐骑：梦灵仙驹	坐骑
10141179	坐骑：梦幻仙驹	坐骑
10141180	坐骑：云鹄锦车	坐骑
10141181	坐骑：碧水灵君	坐骑
10141182	坐骑：紫玉灵猫	坐骑
10141183	坐骑：素雪灵猫	坐骑
10141184	坐骑：憨宝熊	坐骑
10141185	坐骑：红薇梦椅	坐骑
10141186	坐骑：灵薇梦椅	坐骑
10141187	坐骑：琉璃雀羽	坐骑
10141188	坐骑：灵巫雀羽	坐骑
10141189	坐骑：飞凰羽翼	坐骑
10141190	坐骑：喜庆熊猫	坐骑
10141191	坐骑：地火离炎兽	坐骑
10141192	坐骑：布丁甜心	坐骑
10141193	坐骑：布丁甜心蓝	坐骑
10141194	坐骑：灵狐	坐骑
10141195	坐骑：赤尾狐	坐骑
10141196	坐骑：玄天狐	坐骑
10141197	坐骑：迅猛龙	坐骑
10141198	坐骑：火凤凰	坐骑
10141199	坐骑：独角兽	坐骑
10141200	坐骑：凤雷兽	坐骑
10141201	坐骑：蝎尾狮	坐骑
10141202	翅膀：斗王之翼	坐骑
10141203	翅膀：斗皇之翼	坐骑
10141204	翅膀：斗圣之翼	坐骑
10141205	翅膀：斗帝之翼	坐骑
10141206	翅膀：斗神之翼	坐骑
10141207	骑乘：自行车·粉	坐骑
10141208	骑乘：自行车·黄	坐骑
10141209	骑乘：自行车·蓝	坐骑
10141210	骑乘：自行车·红	坐骑
10141211	骑乘：飞天扫把	坐骑
10141212	骑乘：暴力摩托	坐骑
10141213	骑乘：灵梦羊驼	坐骑
10141214	骑乘：幻雪羊驼	坐骑
10141215	骑乘：御风羊驼	坐骑
10141216	骑乘：追月羊驼	坐骑
10146103	坐骑：灵狐	坐骑
10146104	坐骑：赤尾狐	坐骑
10146108	坐骑：玄天狐	坐骑
10155001	飞蝗石	暗器
10155002	冰魄神针	暗器
10155003	梅花镖	暗器
10155004	飞蝗石	暗器
10155005	梅花镖	暗器
10155006	断魂镖	暗器
10155007	血滴子	暗器
10155011	冰魄神针	暗器
10155012	冰魄神针	暗器
10155013	冰魄神针	暗器
10155014	冰魄神针	暗器
10155015	冰魄神针	暗器
10155016	冰魄神针	暗器
10155017	冰魄神针	暗器
10155018	冰魄神针	暗器
10155019	冰魄神针	暗器
10155020	冰魄神针	暗器
10155021	金翅翎羽	暗器
10155100	金翅翎羽	暗器
10155101	金翅翎羽	暗器
10155102	金翅翎羽	暗器
10155103	金翅翎羽	暗器
10155104	金翅翎羽	暗器
10155105	金翅翎羽	暗器
10155106	金翅翎羽	暗器
10155107	金翅翎羽	暗器
10155108	金翅翎羽	暗器
10155109	金翅翎羽	暗器
10155110	金翅翎羽	暗器
10155111	金翅翎羽	暗器
10155112	金翅翎羽	暗器
10155113	金翅翎羽	暗器
10155114	金翅翎羽	暗器
10155115	金翅翎羽	暗器
10155116	金翅翎羽	暗器
10155117	金翅翎羽	暗器
10155118	金翅翎羽	暗器
10155119	金翅翎羽	暗器
10155120	金翅翎羽	暗器
10155121	金翅翎羽	暗器
10155122	金翅翎羽	暗器
10155123	金翅翎羽	暗器
10155124	金翅翎羽	暗器
10155125	金翅翎羽	暗器
10155126	金翅翎羽	暗器
10155127	金翅翎羽	暗器
10155128	金翅翎羽	暗器
10155129	金翅翎羽	暗器
10155130	金翅翎羽	暗器
10155131	金翅翎羽	暗器
10155132	金翅翎羽	暗器
10155133	金翅翎羽	暗器
10155134	金翅翎羽	暗器
10155135	金翅翎羽	暗器
10155136	金翅翎羽	暗器
10155137	金翅翎羽	暗器
10155138	金翅翎羽	暗器
10155139	金翅翎羽	暗器
10156001	法宝·琉璃焰	武魂
10156002	法宝·御瑶盘	武魂
10156003	琉璃焰	武魂
10156004	御瑶盘	武魂
10156005	武魂待定	武魂
10156100	#cFF0000御瑶盘	武魂
10156101	#cFF0000御瑶盘	武魂
10156102	#cFF0000御瑶盘	武魂
10156103	#cFF0000御瑶盘	武魂
10156104	#cFF0000御瑶盘	武魂
10156105	#cFF0000御瑶盘	武魂
10156106	#cFF0000御瑶盘	武魂
10156107	#cFF0000御瑶盘	武魂
10156108	#cFF0000御瑶盘	武魂
10156200	#cFF0000琉璃焰	武魂
10156201	#cFF0000琉璃焰	武魂
10156202	#cFF0000琉璃焰	武魂
10156203	#cFF0000琉璃焰	武魂
10156204	#cFF0000琉璃焰	武魂
10156205	#cFF0000琉璃焰	武魂
10156206	#cFF0000琉璃焰	武魂
10156207	#cFF0000琉璃焰	武魂
10156208	#cFF0000琉璃焰	武魂
10157001	#cFF0000龙纹+1	龙纹
10157002	#cFF0000龙纹+2	龙纹
10157003	#cFF0000龙纹+3	龙纹
10157004	#cFF0000龙纹+4	龙纹
10157005	#cFF0000龙纹+5	龙纹
10157006	#cFF0000龙纹+6	龙纹
10157007	#cFF0000龙纹+7	龙纹
10157008	#cFF0000龙纹+8	龙纹
10157009	#cFF0000龙纹+9	龙纹
10158001	#cFF0000江湖令	帮会令牌
10158002	#cFF0000金兰令	帮会令牌
10158003	#cFF0000聚义令	帮会令牌
10158004	#cFF0000歃血令	帮会令牌
10158005	#cFF0000霸王令	帮会令牌
10159001	#cFF0000青龙豪侠印·太一	豪侠印
10159002	#cFF0000青龙豪侠印·两仪	豪侠印
10159003	#cFF0000青龙豪侠印·三才	豪侠印
10159004	#cFF0000青龙豪侠印·四象	豪侠印
10159005	#cFF0000青龙豪侠印·五行	豪侠印
10159006	#cFF0000青龙豪侠印·六合	豪侠印
10159007	#cFF0000青龙豪侠印·七星	豪侠印
10159008	#cFF0000青龙豪侠印·八极	豪侠印
10159011	#cFF0000白虎豪侠印·太一	豪侠印
10159012	#cFF0000白虎豪侠印·两仪	豪侠印
10159013	#cFF0000白虎豪侠印·三才	豪侠印
10159014	#cFF0000白虎豪侠印·四象	豪侠印
10159015	#cFF0000白虎豪侠印·五行	豪侠印
10159016	#cFF0000白虎豪侠印·六合	豪侠印
10159017	#cFF0000白虎豪侠印·七星	豪侠印
10159018	#cFF0000白虎豪侠印·八极	豪侠印
10159021	#cFF0000朱雀豪侠印·太一	豪侠印
10159022	#cFF0000朱雀豪侠印·两仪	豪侠印
10159023	#cFF0000朱雀豪侠印·三才	豪侠印
10159024	#cFF0000朱雀豪侠印·四象	豪侠印
10159025	#cFF0000朱雀豪侠印·五行	豪侠印
10159026	#cFF0000朱雀豪侠印·六合	豪侠印
10159027	#cFF0000朱雀豪侠印·七星	豪侠印
10159028	#cFF0000朱雀豪侠印·八极	豪侠印
10159031	#cFF0000玄武豪侠印·太一	豪侠印
10159032	#cFF0000玄武豪侠印·两仪	豪侠印
10159033	#cFF0000玄武豪侠印·三才	豪侠印
10159034	#cFF0000玄武豪侠印·四象	豪侠印
10159035	#cFF0000玄武豪侠印·五行	豪侠印
10159036	#cFF0000玄武豪侠印·六合	豪侠印
10159037	#cFF0000玄武豪侠印·七星	豪侠印
10159038	#cFF0000玄武豪侠印·八极	豪侠印
10200001	银背砍山刀	刀斧类
10200002	飞镰大砍刀	刀斧类
10200003	双翅开山钺	刀斧类
10200004	八卦宣花斧	刀斧类
10200005	九龙方便铲	刀斧类
10200006	金顶狼牙槊	刀斧类
10200007	神龙开天钺	刀斧类
10200008	兴亡	刀斧类
10200009	尘缘	刀斧类
10200010	百炼	刀斧类
10200011	三亭砍山刀	刀斧类
10200012	柳叶泼风刀	刀斧类
10200013	月牙开山斧	刀斧类
10200014	宝光车轮斧	刀斧类
10200015	五行日月铲	刀斧类
10200016	金顶枣阳槊	刀斧类
10200017	朱雀劈天斧	刀斧类
10200018	黍离	刀斧类
10200019	祸福	刀斧类
10200020	百战	刀斧类
10200021	乌玛斧	刀斧类
10200022	嵌金铭头锤	刀斧类
10200023	130掉落	刀斧类
10200024	140掉落	刀斧类
10200025	150掉落	刀斧类
10200026	驰马	刀斧类
10200027	藏因长刃	刀斧类
10200028	130铸造	刀斧类
10200029	140铸造	刀斧类
10200030	150铸造	刀斧类
10201001	三股亮银叉	枪棒类
10201002	神飞钩镰枪	枪棒类
10201003	白玉腾龙枪	枪棒类
10201004	三股托天叉	枪棒类
10201005	兽角点金枪	枪棒类
10201006	地火玄卢枪	枪棒类
10201007	佛母紫金枪	枪棒类
10201008	镇岳断魂	枪棒类
10201009	锁喉	枪棒类
10201010	长乐	枪棒类
10201011	三股奔雷叉	枪棒类
10201012	精钢猎虎叉	枪棒类
10201013	青玉腾龙枪	枪棒类
10201014	三股烈焰叉	枪棒类
10201015	虎尾錾金枪	枪棒类
10201016	五毒透骨枪	枪棒类
10201017	暴雨灭魂枪	枪棒类
10201018	掣星穿天	枪棒类
10201019	断肠	枪棒类
10201020	未央	枪棒类
10201021	敖汉	枪棒类
10201022	双瞳	枪棒类
10201023	130掉落	枪棒类
10201024	140掉落	枪棒类
10201025	150掉落	枪棒类
10201026	鹿鸣枪	枪棒类
10201027	月白	枪棒类
10201028	130铸造	枪棒类
10201029	140铸造	枪棒类
10201030	150铸造	枪棒类
10202001	赤铜刃	单短类
10202002	青锋剑	单短类
10202003	天狼剑	单短类
10202004	越王刃	单短类
10202005	松纹古定刀	单短类
10202006	裁金剑	单短类
10202007	游龙剑	单短类
10202008	紫电清霜	单短类
10202009	墨求	单短类
10202010	湛卢	单短类
10202011	青铜刃	单短类
10202012	欺霜剑	单短类
10202013	破军剑	单短类
10202014	吴钩剑	单短类
10202015	闭月羞光剑	单短类
10202016	断玉剑	单短类
10202017	天瀑剑	单短类
10202018	赤霄白帝	单短类
10202019	工布	单短类
10202020	龙渊	单短类
10202021	塔哈	单短类
10202022	石谷	单短类
10202023	130掉落	单短类
10202024	140掉落	单短类
10202025	150掉落	单短类
10202026	启明	单短类
10202027	寒姜	单短类
10202028	130铸造	单短类
10202029	140铸造	单短类
10202030	150铸造	单短类
10203001	绣绒双刀	双短类
10203002	白虎双剑	双短类
10203003	日月双剑	双短类
10203004	分水峨嵋刺	双短类
10203005	龙凤双剑	双短类
10203006	团花双斧	双短类
10203007	七星梦蝶双刀	双短类
10203008	冷月寒星	双短类
10203009	凤求凰	双短类
10203010	劈风	双短类
10203011	柳叶双刀	双短类
10203012	灵蛇双剑	双短类
10203013	星辰双剑	双短类
10203014	三星峨嵋刺	双短类
10203015	春秋双刀	双短类
10203016	殊流双斧	双短类
10203017	秋水雁翎双刀	双短类
10203018	霜天晓角	双短类
10203019	云追月	双短类
10203020	苍龙	双短类
10203021	怒哈	双短类
10203022	雅辛	双短类
10203023	130掉落	双短类
10203024	140掉落	双短类
10203025	150掉落	双短类
10203026	君天	双短类
10203027	古兰	双短类
10203028	130铸造	双短类
10203029	140铸造	双短类
10203030	150铸造	双短类
10204001	宣纸扇	扇类
10204002	千绣绢宫扇	扇类
10204003	犀角扇	扇类
10204004	晶玉扇	扇类
10204005	碧云扇	扇类
10204006	湘妃扇	扇类
10204007	百转千形扇	扇类
10204008	雨打芭蕉	扇类
10204009	破阵子	扇类
10204010	卧龙	扇类
10204011	鹅毛扇	扇类
10204012	十字绵竹扇	扇类
10204013	白羽扇	扇类
10204014	清心扇	扇类
10204015	铁骨扇	扇类
10204016	水镜扇	扇类
10204017	五火七禽扇	扇类
10204018	风摆棕榈	扇类
10204019	定风波	扇类
10204020	凤雏	扇类
10204021	沙丘	扇类
10204022	象血	扇类
10204023	130掉落	扇类
10204024	140掉落	扇类
10204025	150掉落	扇类
10204026	珊瑚扇	扇类
10204027	忘川扇	扇类
10204028	130铸造	扇类
10204029	140铸造	扇类
10204030	150铸造	扇类
10205001	镔铁环	环类
10205002	白玉环	环类
10205003	英雄环	环类
10205004	子母乌金环	环类
10205005	逐日环	环类
10205006	天脉环	环类
10205007	风火轮	环类
10205008	清角	环类
10205009	摘星	环类
10205010	太皇	环类
10205011	白银环	环类
10205012	明月环	环类
10205013	五行轮	环类
10205014	天地金刚圈	环类
10205015	摄星环	环类
10205016	天络环	环类
10205017	干坤圈	环类
10205018	命运	环类
10205019	探花	环类
10205020	斩关	环类
10205021	夏弗环	环类
10205022	锡兰	环类
10205023	130掉落	环类
10205024	140掉落	环类
10205025	150掉落	环类
10205026	四叶轨	环类
10205027	锦瑟璧	环类
10205028	130铸造	环类
10205029	140铸造	环类
10205030	150铸造	环类
10206001	硬木弩	弩类
10206002	漆木弩	弩类
10206003	雁翎长弩	弩类
10206004	沉香长弩	弩类
10206005	云燕战弩	弩类
10206006	精钢迅弩	弩类
10206007	犀角迅弩	弩类
10206008	青铜鹿雕弩	弩类
10206009	两仪战云弩	弩类
10206010	四象虎骨弩	弩类
10206011	盘龙象牙弩	弩类
10206012	丹阳凤梧弩	弩类
10206013	130掉落	弩类
10206014	140掉落	弩类
10206015	150掉落	弩类
10206016	寒露弩	弩类
10206017	吞云弩	弩类
10206018	凌霜弩	弩类
10206019	化雪弩	弩类
10206020	朗月弩	弩类
10206021	敕罪弩	弩类
10206022	霸王弩	弩类
10206023	龙舌弩	弩类
10206024	铁臂弩	弩类
10206025	灵宝弩	弩类
10206026	震天弩	弩类
10206027	落日弩	弩类
10206028	130铸造	弩类
10206029	140铸造	弩类
10206030	150铸造	弩类
10207001	柳木长杖	长杖类
10207002	漆木长杖	长杖类
10207003	椴木长杖	长杖类
10207004	檀香长杖	长杖类
10207005	流云战杖	长杖类
10207006	金刚战杖	长杖类
10207007	灵犀战杖	长杖类
10207008	牡鹿灵杖	长杖类
10207009	阴阳灵杖	长杖类
10207010	四象梨花杖	长杖类
10207011	楼兰八宝杖	长杖类
10207012	凤阳灵梧杖	长杖类
10207013	130掉落	长杖类
10207014	140掉落	长杖类
10207015	150掉落	长杖类
10207016	芳草杖	长杖类
10207017	乱花杖	长杖类
10207018	玉竹杖	长杖类
10207019	寒流杖	长杖类
10207020	飞湍杖	长杖类
10207021	碧波杖	长杖类
10207022	涌浪杖	长杖类
10207023	天河杖	长杖类
10207024	星云杖	长杖类
10207025	灵冥杖	长杖类
10207026	妙天杖	长杖类
10207027	神霄杖	长杖类
10207028	130铸造	长杖类
10207029	140铸造	长杖类
10207030	150铸造	长杖类
10210001	棉麻帽	帽子
10210002	粗布帽	帽子
10210003	棉纱帽	帽子
10210004	青布帽	帽子
10210005	岚布帽	帽子
10210006	绛麻帽	帽子
10210007	布锦帽	帽子
10210008	软绸帽	帽子
10210009	蜀锦冠	帽子
10210010	银锦冠	帽子
10210011	寒霜冠	帽子
10210012	元灵冠	帽子
10210013	地皇冠	帽子
10210014	七星冠	帽子
10210015	傲凰帽	帽子
10210016	引凤帽	帽子
10210017	浴火天冠	帽子
10210018	沐水天冠	帽子
10210019	玄羽圣巾	帽子
10210020	幻世圣巾	帽子
10210021	鹿皮帽	帽子
10210022	棘皮帽	帽子
10210023	虎皮帽	帽子
10210024	蛇皮帽	帽子
10210025	貂皮帽	帽子
10210026	锦鼠帽	帽子
10210027	玄狐帽	帽子
10210028	灵狸帽	帽子
10210029	地玄帽	帽子
10210030	璧月帽	帽子
10210031	碧元帽	帽子
10210032	圣天帽	帽子
10210033	落凰帽	帽子
10210034	赤瑶帽	帽子
10210035	赤鸢帽	帽子
10210036	九霄帽	帽子
10210037	幻凤仙帽	帽子
10210038	玄魄羽帽	帽子
10210039	麟暮赤冠	帽子
10210040	噬麟圣冠	帽子
10210041	链铁盔	帽子
10210042	宿铁盔	帽子
10210043	细麟盔	帽子
10210044	赤钢盔	帽子
10210045	寒月盔	帽子
10210046	赤钢盔	帽子
10210047	月色盔	帽子
10210048	玄云盔	帽子
10210049	儒玄盔	帽子
10210050	宿影盔	帽子
10210051	碧影盔	帽子
10210052	鸾暮盔	帽子
10210053	殇阙盔	帽子
10210054	隐狼盔	帽子
10210055	赤骁盔	帽子
10210056	碎魄盔	帽子
10210057	无魅羽盔	帽子
10210058	哀凰天盔	帽子
10210059	幻麟圣盔	帽子
10210060	凶陌圣盔	帽子
10210061	莫愁帽	帽子
10210062	蜃楼帽	帽子
10210063	130_布_掉落	帽子
10210064	140_布_掉落	帽子
10210065	150_布_掉落	帽子
10210066	无道冠	帽子
10210067	皎月巾	帽子
10210068	130_布_铸造	帽子
10210069	140_布_铸造	帽子
10210070	150_布_铸造	帽子
10210071	开源帽	帽子
10210072	孔羽冠	帽子
10210073	130_皮_掉落	帽子
10210074	140_皮_掉落	帽子
10210075	150_皮_掉落	帽子
10210076	漫沙冠	帽子
10210077	昆仑巾	帽子
10210078	130_皮_铸造	帽子
10210079	140_皮_铸造	帽子
10210080	150_皮_铸造	帽子
10210081	落火帽	帽子
10210082	匈奴冠	帽子
10210083	130_铁_掉落	帽子
10210084	140_铁_掉落	帽子
10210085	150_铁_掉落	帽子
10210086	古营冠	帽子
10210087	先知冠	帽子
10210088	130_铁_铸造	帽子
10210089	140_铁_铸造	帽子
10210090	150_铁_铸造	帽子
10211001	棉麻鞋	鞋
10211002	粗布鞋	鞋
10211003	棉纱鞋	鞋
10211004	青布鞋	鞋
10211005	岚布鞋	鞋
10211006	绛麻鞋	鞋
10211007	布锦鞋	鞋
10211008	软绸鞋	鞋
10211009	蜀锦鞋	鞋
10211010	银锦鞋	鞋
10211011	寒霜鞋	鞋
10211012	元灵鞋	鞋
10211013	地皇鞋	鞋
10211014	七星鞋	鞋
10211015	傲凰鞋	鞋
10211016	引凤鞋	鞋
10211017	浴火天靴	鞋
10211018	沐水天靴	鞋
10211019	玄羽圣靴	鞋
10211020	幻世圣靴	鞋
10211021	鹿皮履	鞋
10211022	棘皮履	鞋
10211023	虎皮履	鞋
10211024	蛇皮履	鞋
10211025	貂皮履	鞋
10211026	锦鼠履	鞋
10211027	玄狐履	鞋
10211028	地夕履	鞋
10211029	地玄履	鞋
10211030	璧月履	鞋
10211031	碧元履	鞋
10211032	圣天履	鞋
10211033	落凰履	鞋
10211034	赤瑶履	鞋
10211035	赤鸢履	鞋
10211036	九霄履	鞋
10211037	幻凤皮履	鞋
10211038	玄魄仙履	鞋
10211039	麟暮赤履	鞋
10211040	噬麟圣履	鞋
10211041	链铁靴	鞋
10211042	宿铁靴	鞋
10211043	细麟靴	鞋
10211044	赤钢靴	鞋
10211045	寒月靴	鞋
10211046	雪沐靴	鞋
10211047	月色靴	鞋
10211048	玄云靴	鞋
10211049	儒玄靴	鞋
10211050	宿影靴	鞋
10211051	碧影靴	鞋
10211052	鸾暮靴	鞋
10211053	殇阙靴	鞋
10211054	隐狼靴	鞋
10211055	赤骁靴	鞋
10211056	碎魄靴	鞋
10211057	无魅羽靴	鞋
10211058	哀凰天靴	鞋
10211059	幻麟圣靴	鞋
10211060	凶陌圣靴	鞋
10211061	莫愁鞋	鞋
10211062	蜃楼鞋	鞋
10211063	130_布_掉落	鞋
10211064	140_布_掉落	鞋
10211065	150_布_掉落	鞋
10211066	逍遥靴	鞋
10211067	开明靴	鞋
10211068	130_布_铸造	鞋
10211069	140_布_铸造	鞋
10211070	150_布_铸造	鞋
10211071	开源靴	鞋
10211072	孔羽靴	鞋
10211073	130_皮_掉落	鞋
10211074	140_皮_掉落	鞋
10211075	150_皮_掉落	鞋
10211076	塔钟鞋	鞋
10211077	清修鞋	鞋
10211078	130_皮_铸造	鞋
10211079	140_皮_铸造	鞋
10211080	150_皮_铸造	鞋
10211081	落火靴	鞋
10211082	匈奴战靴	鞋
10211083	130_铁_掉落	鞋
10211084	140_铁_掉落	鞋
10211085	150_铁_掉落	鞋
10211086	翼牛鞋	鞋
10211087	七龙靴	鞋
10211088	130_铁_铸造	鞋
10211089	140_铁_铸造	鞋
10211090	150_铁_铸造	鞋
10212001	棉麻手套	手套
10212002	粗布手套	手套
10212003	棉纱手套	手套
10212004	青布手套	手套
10212005	岚布手套	手套
10212006	绛麻手套	手套
10212007	布锦手套	手套
10212008	软绸手套	手套
10212009	蜀锦手套	手套
10212010	银锦手套	手套
10212011	寒霜手套	手套
10212012	元灵手套	手套
10212013	地皇手套	手套
10212014	七星手套	手套
10212015	傲凰手套	手套
10212016	引凤手套	手套
10212017	浴火手套	手套
10212018	沐水手套	手套
10212019	玄羽手套	手套
10212020	幻世手套	手套
10212021	鹿皮护手	手套
10212022	棘皮护手	手套
10212023	虎皮护手	手套
10212024	蛇皮护手	手套
10212025	貂皮护手	手套
10212026	锦鼠护手	手套
10212027	玄狐护手	手套
10212028	地夕护手	手套
10212029	地玄护手	手套
10212030	璧月护手	手套
10212031	碧元护手	手套
10212032	圣天护手	手套
10212033	落凰护手	手套
10212034	赤瑶护手	手套
10212035	赤鸢护手	手套
10212036	九霄护手	手套
10212037	幻凤圣手	手套
10212038	玄魄麟手	手套
10212039	麟暮赤手	手套
10212040	噬麟玄手	手套
10212041	链铁手甲	手套
10212042	宿铁掌	手套
10212043	细麟手甲	手套
10212044	赤钢掌	手套
10212045	寒月手甲	手套
10212046	雪沐掌	手套
10212047	月色手甲	手套
10212048	玄云掌	手套
10212049	儒玄手甲	手套
10212050	宿影掌	手套
10212051	碧影手甲	手套
10212052	鸾暮掌	手套
10212053	殇阙手甲	手套
10212054	隐狼掌	手套
10212055	赤骁手甲	手套
10212056	碎魄掌	手套
10212057	无魅手甲	手套
10212058	哀凰天掌	手套
10212059	幻麟手甲	手套
10212060	凶陌圣掌	手套
10212061	莫愁护手	手套
10212062	蜃楼护手	手套
10212063	130_布_掉落	手套
10212064	140_布_掉落	手套
10212065	150_布_掉落	手套
10212066	婵娟护手	手套
10212067	虔心护手	手套
10212068	130_布_铸造	手套
10212069	140_布_铸造	手套
10212070	150_布_铸造	手套
10212071	开源护手	手套
10212072	孔羽护手	手套
10212073	130_皮_掉落	手套
10212074	140_皮_掉落	手套
10212075	150_皮_掉落	手套
10212076	苦泉护手	手套
10212077	戒律手	手套
10212078	130_皮_铸造	手套
10212079	140_皮_铸造	手套
10212080	150_皮_铸造	手套
10212081	落火护手	手套
10212082	匈奴护手	手套
10212083	130_铁_掉落	手套
10212084	140_铁_掉落	手套
10212085	150_铁_掉落	手套
10212086	血影手	手套
10212087	轩辕手	手套
10212088	130_铁_铸造	手套
10212089	140_铁_铸造	手套
10212090	150_铁_铸造	手套
10213001	棉麻衣	衣服
10213002	粗布衣	衣服
10213003	棉纱衣	衣服
10213004	青布衣	衣服
10213005	岚布衣	衣服
10213006	绛麻衣	衣服
10213007	布锦衣	衣服
10213008	软绸衣	衣服
10213009	蜀锦衣	衣服
10213010	银锦衣	衣服
10213011	寒霜衣	衣服
10213012	元灵衣	衣服
10213013	地皇锦服	衣服
10213014	七星锦服	衣服
10213015	傲凰锦衣	衣服
10213016	引凤锦衣	衣服
10213017	浴火天衣	衣服
10213018	沐水天衣	衣服
10213019	玄羽圣衣	衣服
10213020	幻世魔衣	衣服
10213021	鹿皮裘	衣服
10213022	棘皮裘	衣服
10213023	虎皮裘	衣服
10213024	蛇皮裘	衣服
10213025	貂皮裘	衣服
10213026	锦鼠裘	衣服
10213027	玄狐裘	衣服
10213028	地夕裘	衣服
10213029	地玄裘	衣服
10213030	璧月裘	衣服
10213031	碧元裘	衣服
10213032	圣天裘	衣服
10213033	落凰裘	衣服
10213034	赤瑶裘	衣服
10213035	赤鸢裘	衣服
10213036	九霄裘	衣服
10213037	幻凤圣裘	衣服
10213038	玄魄天裘	衣服
10213039	麟暮赤裘	衣服
10213040	噬麟圣裘	衣服
10213041	链铁甲	衣服
10213042	宿铁铠	衣服
10213043	细麟铠	衣服
10213044	赤钢铠	衣服
10213045	寒月甲	衣服
10213046	雪沐铠	衣服
10213047	月色铠	衣服
10213048	玄云铠	衣服
10213049	儒玄铠	衣服
10213050	宿影铠	衣服
10213051	碧影铠	衣服
10213052	鸾暮铠	衣服
10213053	殇阙甲	衣服
10213054	隐狼铠	衣服
10213055	赤骁铠	衣服
10213056	碎魄铠	衣服
10213057	无魅羽铠	衣服
10213058	哀凰天铠	衣服
10213059	幻麟圣甲	衣服
10213060	凶陌圣甲	衣服
10213061	莫愁衣	衣服
10213062	蜃楼袍	衣服
10213063	130_布_掉落	衣服
10213064	140_布_掉落	衣服
10213065	150_布_掉落	衣服
10213066	狮王锦袍	衣服
10213067	高昌袍	衣服
10213068	130_布_铸造	衣服
10213069	140_布_铸造	衣服
10213070	150_布_铸造	衣服
10213071	开源裘	衣服
10213072	孔羽裘	衣服
10213073	130_皮_掉落	衣服
10213074	140_皮_掉落	衣服
10213075	150_皮_掉落	衣服
10213076	沼泽裘	衣服
10213077	生机裘	衣服
10213078	130_皮_铸造	衣服
10213079	140_皮_铸造	衣服
10213080	150_皮_铸造	衣服
10213081	落火铠	衣服
10213082	匈奴铠	衣服
10213083	130_铁_掉落	衣服
10213084	140_铁_掉落	衣服
10213085	150_铁_掉落	衣服
10213086	重华铠	衣服
10213087	烽燧铠	衣服
10213088	130_铁_铸造	衣服
10213089	140_铁_铸造	衣服
10213090	150_铁_铸造	衣服
10214001	棉麻腕	护腕
10214002	粗布腕	护腕
10214003	棉纱腕	护腕
10214004	青布腕	护腕
10214005	岚布腕	护腕
10214006	绛麻腕	护腕
10214007	布锦腕	护腕
10214008	软绸腕	护腕
10214009	蜀锦腕	护腕
10214010	银锦腕	护腕
10214011	寒霜腕	护腕
10214012	元灵腕	护腕
10214013	地皇腕	护腕
10214014	七星腕	护腕
10214015	傲凰腕	护腕
10214016	引凤腕	护腕
10214017	浴火天腕	护腕
10214018	沐水天腕	护腕
10214019	玄羽圣腕	护腕
10214020	幻世魔腕	护腕
10214021	兰沁护腕	护腕
10214022	如故护腕	护腕
10214023	130掉落	护腕
10214024	140掉落	护腕
10214025	150掉落	护腕
10214026	侍佛	护腕
10214027	归宿	护腕
10214028	130铸造	护腕
10214029	140铸造	护腕
10214030	150铸造	护腕
10215001	棉麻肩	护肩
10215002	粗布肩	护肩
10215003	棉纱肩	护肩
10215004	青布肩	护肩
10215005	岚布肩	护肩
10215006	绛麻肩	护肩
10215007	布锦肩	护肩
10215008	软绸肩	护肩
10215009	蜀锦肩	护肩
10215010	银锦肩	护肩
10215011	寒霜肩	护肩
10215012	元灵肩	护肩
10215013	地皇肩	护肩
10215014	七星肩	护肩
10215015	傲凰肩	护肩
10215016	引凤肩	护肩
10215017	浴火天肩	护肩
10215018	沐水天肩	护肩
10215019	玄羽圣肩	护肩
10215020	幻世魔肩	护肩
10215021	纳林护肩	护肩
10215022	圣灵肩	护肩
10215023	130掉落	护肩
10215024	140掉落	护肩
10215025	150掉落	护肩
10215026	白石肩	护肩
10215027	日月肩	护肩
10215028	130铸造	护肩
10215029	140铸造	护肩
10215030	150铸造	护肩
10220001	乱花结	项链
10220002	蓝宝项链	项链
10220003	太极链	项链
10220004	云海链	项链
10220005	琥珀链	项链
10220006	七情束	项链
10220007	情人泪	项链
10220008	引路铃	项链
10220009	月光	项链
10220010	蝶仙	项链
10220011	繁星结	项链
10220012	黄玉项链	项链
10220013	两仪链	项链
10220014	风川链	项链
10220015	琉璃结	项链
10220016	宣清束	项链
10220017	阴阳链	项链
10220018	勾魂铃	项链
10220019	烈日	项链
10220020	蝶恋	项链
10220021	寂夜	项链
10220022	七眠链	项链
10220023	130掉落	项链
10220024	140掉落	项链
10220025	150掉落	项链
10220026	曼殊沙华	项链
10220027	泣露链	项链
10220028	130铸造	项链
10220029	140铸造	项链
10220030	150铸造	项链
10221001	柳意腰带	腰带
10221002	如意腰带	腰带
10221003	明蛟腰带	腰带
10221004	北斗箍环	腰带
10221005	天火环带	腰带
10221006	混天环带	腰带
10221007	神霄带	腰带
10221008	七曜腰环	腰带
10221009	紫霞	腰带
10221010	镇日	腰带
10221011	平安腰带	腰带
10221012	吉祥腰带	腰带
10221013	暗麟腰带	腰带
10221014	七星箍环	腰带
10221015	地灵环带	腰带
10221016	彻地环带	腰带
10221017	雾霓带	腰带
10221018	六艺腰环	腰带
10221019	催雪	腰带
10221020	步月	腰带
10221021	血玉带	腰带
10221022	仙武带	腰带
10221023	130掉落	腰带
10221024	140掉落	腰带
10221025	150掉落	腰带
10221026	示骨带	腰带
10221027	谪仙带	腰带
10221028	130铸造	腰带
10221029	140铸造	腰带
10221030	150铸造	腰带
10222001	草戒	戒指
10222002	银竹戒指	戒指
10222003	百裂戒指	戒指
10222004	如意戒指	戒指
10222005	流影	戒指
10222006	灵韵	戒指
10222007	九宫	戒指
10222008	玲珑	戒指
10222009	摄魂	戒指
10222010	神祭	戒指
10222011	荆戒	戒指
10222012	青松戒指	戒指
10222013	千合戒指	戒指
10222014	吉祥戒指	戒指
10222015	悬决	戒指
10222016	天影	戒指
10222017	八珍	戒指
10222018	百川	戒指
10222019	妖言	戒指
10222020	佛语	戒指
10222021	安息指环	戒指
10222022	曼陀戒指	戒指
10222023	130掉落	戒指
10222024	140掉落	戒指
10222025	150掉落	戒指
10222026	彼岸	戒指
10222027	吉祥夜	戒指
10222028	130铸造	戒指
10222029	140铸造	戒指
10222030	150铸造	戒指
10222031	破魂	戒指
10222032	凤武	戒指
10222033	破天	戒指
10222034	霜晓	戒指
10222035	惊心	戒指
10222036	横笛	戒指
10223001	玉修护符	护符
10223002	青殊护符	护符
10223003	意影护符	护符
10223004	水轮护符	护符
10223005	影岚护符	护符
10223006	云灭护符	护符
10223007	九荀	护符
10223008	宿曜	护符
10223009	碧流	护符
10223010	清狐	护符
10223011	寒沐护符	护符
10223012	青语护符	护符
10223013	玄蝶护符	护符
10223014	暗丝护符	护符
10223015	如蛟护符	护符
10223016	云落护符	护符
10223017	九涟	护符
10223018	宿蛟	护符
10223019	川暮	护符
10223020	飞雪	护符
10223021	琉晶	护符
10223022	婆娑纹章	护符
10223023	130掉落	护符
10223024	140掉落	护符
10223025	150掉落	护符
10223026	乌德护符	护符
10223027	鹰翔纹章	护符
10223028	130铸造	护符
10223029	140铸造	护符
10223030	150铸造	护符
10223031	月榭	护符
10223032	鹰扬	护符
10223033	轻寒	护符
10223034	醉舞	护符
10223035	碧楼	护符
10223036	浅浪	护符
10300000	熔金落日刀	刀斧类
10300001	熔金落日刀	刀斧类
10300002	熔金落日刀	刀斧类
10300003	熔金落日刀	刀斧类
10300004	熔金落日刀	刀斧类
10300005	熔金落日刀	刀斧类
10300006	赤焰九纹刀	刀斧类
10300007	赤焰九纹刀	刀斧类
10300100	大夏龙雀	刀斧类
10300101	大夏龙雀	刀斧类
10300102	大夏龙雀	刀斧类
10300103	大夏龙雀	刀斧类
10300104	大夏龙雀	刀斧类
10300105	大夏龙雀	刀斧类
10300106	大夏龙雀	刀斧类
10300107	大夏龙雀	刀斧类
10300108	大夏龙雀	刀斧类
10300109	大夏龙雀	刀斧类
10300110	大夏龙雀	刀斧类
10300111	大夏龙雀	刀斧类
10300400	赤焰九纹刀	刀斧类
10300401	炽焰九龙刀	刀斧类
10300402	赤焰九纹刀	刀斧类
10300403	炽焰九龙刀	刀斧类
10300404	大夏龙雀	刀斧类
10300405	大夏龙雀	刀斧类
10300406	大夏龙雀	刀斧类
10300407	大夏龙雀	刀斧类
10300408	大夏龙雀	刀斧类
10300409	大夏龙雀	刀斧类
10300410	大夏龙雀	刀斧类
10300411	大夏龙雀	刀斧类
10300412	大夏龙雀	刀斧类
10300413	九霄焱阳	刀斧类
10300414	九霄焱阳	刀斧类
10300415	九霄焱阳	刀斧类
10300416	九霄焱阳	刀斧类
10300417	九霄焱阳	刀斧类
10300418	九霄焱阳	刀斧类
10300419	九霄焱阳	刀斧类
10300420	九霄焱阳	刀斧类
10300421	九霄焱阳	刀斧类
10300422	熔金落日刀	刀斧类
10300423	明尊	刀斧类
10300424	明尊	刀斧类
10300425	明尊	刀斧类
10300426	明尊	刀斧类
10300427	明尊	刀斧类
10300428	明尊	刀斧类
10300429	明尊	刀斧类
10300430	明尊	刀斧类
10300431	明尊	刀斧类
10301000	斩忧断愁枪	枪棒类
10301001	斩忧断愁枪	枪棒类
10301100	大秦锋镝	枪棒类
10301101	大秦锋镝	枪棒类
10301102	大秦锋镝	枪棒类
10301103	大秦锋镝	枪棒类
10301104	大秦锋镝	枪棒类
10301105	大秦锋镝	枪棒类
10301106	大秦锋镝	枪棒类
10301107	大秦锋镝	枪棒类
10301108	大秦锋镝	枪棒类
10301109	大秦锋镝	枪棒类
10301110	大秦锋镝	枪棒类
10301111	大秦锋镝	枪棒类
10301198	弈天破邪杖	枪棒类
10301199	弈天破邪杖	枪棒类
10301200	大唐昆岳	枪棒类
10301201	大唐昆岳	枪棒类
10301202	大唐昆岳	枪棒类
10301203	大唐昆岳	枪棒类
10301204	大唐昆岳	枪棒类
10301205	大唐昆岳	枪棒类
10301206	大唐昆岳	枪棒类
10301207	大唐昆岳	枪棒类
10301208	大唐昆岳	枪棒类
10301209	大唐昆岳	枪棒类
10301210	大唐昆岳	枪棒类
10301211	大唐昆岳	枪棒类
10301400	斩忧断愁枪	枪棒类
10301401	弈天破邪杖	枪棒类
10301402	忘忧销魂枪	枪棒类
10301403	法天辟邪杖	枪棒类
10301404	斩忧断愁枪	枪棒类
10301405	弈天破邪杖	枪棒类
10301406	忘忧销魂枪	枪棒类
10301407	法天辟邪杖	枪棒类
10301408	大秦锋镝	枪棒类
10301409	大秦锋镝	枪棒类
10301410	大秦锋镝	枪棒类
10301411	大秦锋镝	枪棒类
10301412	大秦锋镝	枪棒类
10301413	大秦锋镝	枪棒类
10301414	大秦锋镝	枪棒类
10301415	大秦锋镝	枪棒类
10301416	大秦锋镝	枪棒类
10301417	大唐昆岳	枪棒类
10301418	大唐昆岳	枪棒类
10301419	大唐昆岳	枪棒类
10301420	大唐昆岳	枪棒类
10301421	大唐昆岳	枪棒类
10301422	大唐昆岳	枪棒类
10301423	大唐昆岳	枪棒类
10301424	大唐昆岳	枪棒类
10301425	大唐昆岳	枪棒类
10301426	洪荒龙舞	枪棒类
10301427	洪荒龙舞	枪棒类
10301428	洪荒龙舞	枪棒类
10301429	洪荒龙舞	枪棒类
10301430	洪荒龙舞	枪棒类
10301431	洪荒龙舞	枪棒类
10301432	洪荒龙舞	枪棒类
10301433	洪荒龙舞	枪棒类
10301434	洪荒龙舞	枪棒类
10301435	达摩一叹	枪棒类
10301436	达摩一叹	枪棒类
10301437	达摩一叹	枪棒类
10301438	达摩一叹	枪棒类
10301439	达摩一叹	枪棒类
10301440	达摩一叹	枪棒类
10301441	达摩一叹	枪棒类
10301442	达摩一叹	枪棒类
10301443	达摩一叹	枪棒类
10301444	伏龙	枪棒类
10301445	伏龙	枪棒类
10301446	伏龙	枪棒类
10301447	伏龙	枪棒类
10301448	伏龙	枪棒类
10301449	伏龙	枪棒类
10301450	伏龙	枪棒类
10301451	伏龙	枪棒类
10301452	伏龙	枪棒类
10301453	释迦	枪棒类
10301454	释迦	枪棒类
10301455	释迦	枪棒类
10301456	释迦	枪棒类
10301457	释迦	枪棒类
10301458	释迦	枪棒类
10301459	释迦	枪棒类
10301460	释迦	枪棒类
10301461	释迦	枪棒类
10302000	秋水无痕剑	单短类
10302001	秋水无痕剑	单短类
10302002	秋水无痕剑	单短类
10302003	秋水无痕剑	单短类
10302004	秋水无痕剑	单短类
10302005	秋水无痕剑	单短类
10302006	含光弄影剑	单短类
10302007	含光弄影剑	单短类
10302008	万仞龙渊剑	单短类
10302009	万仞龙渊剑	单短类
10302010	星移无痕剑	单短类
10302011	星移无痕剑	单短类
10302100	大商尘影	单短类
10302101	大商尘影	单短类
10302102	大商尘影	单短类
10302103	大商尘影	单短类
10302104	大商尘影	单短类
10302105	大商尘影	单短类
10302106	大商尘影	单短类
10302107	大商尘影	单短类
10302108	大商尘影	单短类
10302109	大商尘影	单短类
10302110	大商尘影	单短类
10302111	大商尘影	单短类
10302200	大燕韵章	单短类
10302201	大燕韵章	单短类
10302202	大燕韵章	单短类
10302203	大燕韵章	单短类
10302204	大燕韵章	单短类
10302205	大燕韵章	单短类
10302206	大燕韵章	单短类
10302207	大燕韵章	单短类
10302208	大燕韵章	单短类
10302209	大燕韵章	单短类
10302210	大燕韵章	单短类
10302211	大燕韵章	单短类
10302400	含光弄影剑	单短类
10302401	万仞龙渊剑	单短类
10302402	星移无痕剑	单短类
10302403	天光流影剑	单短类
10302404	九转龙泉剑	单短类
10302405	星移月动剑	单短类
10302406	含光弄影剑	单短类
10302407	万仞龙渊剑	单短类
10302408	星移无痕剑	单短类
10302409	天光流影剑	单短类
10302410	九转龙泉剑	单短类
10302411	星移月动剑	单短类
10302412	大商尘影	单短类
10302413	大商尘影	单短类
10302414	大商尘影	单短类
10302415	大商尘影	单短类
10302416	大商尘影	单短类
10302417	大商尘影	单短类
10302418	大商尘影	单短类
10302419	大商尘影	单短类
10302420	大商尘影	单短类
10302421	大燕韵章	单短类
10302422	大燕韵章	单短类
10302423	大燕韵章	单短类
10302424	大燕韵章	单短类
10302425	大燕韵章	单短类
10302426	大燕韵章	单短类
10302427	大燕韵章	单短类
10302428	大燕韵章	单短类
10302429	大燕韵章	单短类
10302430	大衍天玄	单短类
10302431	大衍天玄	单短类
10302432	大衍天玄	单短类
10302433	大衍天玄	单短类
10302434	大衍天玄	单短类
10302435	大衍天玄	单短类
10302436	大衍天玄	单短类
10302437	大衍天玄	单短类
10302438	大衍天玄	单短类
10302439	末世王权	单短类
10302440	末世王权	单短类
10302441	末世王权	单短类
10302442	末世王权	单短类
10302443	末世王权	单短类
10302444	末世王权	单短类
10302445	末世王权	单短类
10302446	末世王权	单短类
10302447	末世王权	单短类
10302448	秋水无痕剑	单短类
10302449	道冲	单短类
10302450	道冲	单短类
10302451	道冲	单短类
10302452	道冲	单短类
10302453	道冲	单短类
10302454	道冲	单短类
10302455	道冲	单短类
10302456	道冲	单短类
10302457	道冲	单短类
10302458	帝阙	单短类
10302459	帝阙	单短类
10302460	帝阙	单短类
10302461	帝阙	单短类
10302462	帝阙	单短类
10302463	帝阙	单短类
10302464	帝阙	单短类
10302465	帝阙	单短类
10302466	帝阙	单短类
10303000	转魂灭魄钩	双短类
10303001	转魂灭魄钩	双短类
10303100	大周岚夜	双短类
10303101	大周岚夜	双短类
10303102	大周岚夜	双短类
10303103	大周岚夜	双短类
10303104	大周岚夜	双短类
10303105	大周岚夜	双短类
10303106	大周岚夜	双短类
10303107	大周岚夜	双短类
10303108	大周岚夜	双短类
10303109	大周岚夜	双短类
10303110	大周岚夜	双短类
10303111	大周岚夜	双短类
10303200	大晋星痕	双短类
10303201	大晋星痕	双短类
10303202	大晋星痕	双短类
10303203	大晋星痕	双短类
10303204	大晋星痕	双短类
10303205	大晋星痕	双短类
10303206	大晋星痕	双短类
10303207	大晋星痕	双短类
10303208	大晋星痕	双短类
10303209	大晋星痕	双短类
10303210	大晋星痕	双短类
10303211	大晋星痕	双短类
10303400	转魂灭魄钩	双短类
10303401	灭魂轮回钩	双短类
10303402	转魂灭魄钩	双短类
10303403	灭魂轮回钩	双短类
10303404	大周岚夜	双短类
10303405	大周岚夜	双短类
10303406	大周岚夜	双短类
10303407	大周岚夜	双短类
10303408	大周岚夜	双短类
10303409	大周岚夜	双短类
10303410	大周岚夜	双短类
10303411	大周岚夜	双短类
10303412	大周岚夜	双短类
10303413	大晋星痕	双短类
10303414	大晋星痕	双短类
10303415	大晋星痕	双短类
10303416	大晋星痕	双短类
10303417	大晋星痕	双短类
10303418	大晋星痕	双短类
10303419	大晋星痕	双短类
10303420	大晋星痕	双短类
10303421	大晋星痕	双短类
10303422	倚天长生	双短类
10303423	倚天长生	双短类
10303424	倚天长生	双短类
10303425	倚天长生	双短类
10303426	倚天长生	双短类
10303427	倚天长生	双短类
10303428	倚天长生	双短类
10303429	倚天长生	双短类
10303430	倚天长生	双短类
10303431	六道黄泉	双短类
10303432	六道黄泉	双短类
10303433	六道黄泉	双短类
10303434	六道黄泉	双短类
10303435	六道黄泉	双短类
10303436	六道黄泉	双短类
10303437	六道黄泉	双短类
10303438	六道黄泉	双短类
10303439	六道黄泉	双短类
10303440	造化	双短类
10303441	造化	双短类
10303442	造化	双短类
10303443	造化	双短类
10303444	造化	双短类
10303445	造化	双短类
10303446	造化	双短类
10303447	造化	双短类
10303448	造化	双短类
10303449	幽冥	双短类
10303450	幽冥	双短类
10303451	幽冥	双短类
10303452	幽冥	双短类
10303453	幽冥	双短类
10303454	幽冥	双短类
10303455	幽冥	双短类
10303456	幽冥	双短类
10303457	幽冥	双短类
10304000	万壑松风扇	扇类
10304001	万壑松风扇	扇类
10304002	万壑松风扇	扇类
10304003	万壑松风扇	扇类
10304004	万壑松风扇	扇类
10304005	万壑松风扇	扇类
10304006	雷鸣离火扇	扇类
10304007	雷鸣离火扇	扇类
10304008	雷鸣离火扇	扇类
10304009	雷鸣离火扇	扇类
10304100	大宋君岑	扇类
10304101	大宋君岑	扇类
10304102	大宋君岑	扇类
10304103	大宋君岑	扇类
10304104	大宋君岑	扇类
10304105	大宋君岑	扇类
10304106	大宋君岑	扇类
10304107	大宋君岑	扇类
10304108	大宋君岑	扇类
10304109	大宋君岑	扇类
10304110	大宋君岑	扇类
10304111	大宋君岑	扇类
10304400	雷鸣离火扇	扇类
10304401	雷鸣离火扇	扇类
10304402	天雷真火扇	扇类
10304403	天雷真火扇	扇类
10304404	雷鸣离火扇	扇类
10304405	雷鸣离火扇	扇类
10304406	天雷真火扇	扇类
10304407	天雷真火扇	扇类
10304408	大宋君岑	扇类
10304409	大宋君岑	扇类
10304410	大宋君岑	扇类
10304411	大宋君岑	扇类
10304412	大宋君岑	扇类
10304413	大宋君岑	扇类
10304414	大宋君岑	扇类
10304415	大宋君岑	扇类
10304416	大宋君岑	扇类
10304417	太古飘翎	扇类
10304418	太古飘翎	扇类
10304419	太古飘翎	扇类
10304420	太古飘翎	扇类
10304421	太古飘翎	扇类
10304422	太古飘翎	扇类
10304423	太古飘翎	扇类
10304424	太古飘翎	扇类
10304425	太古飘翎	扇类
10304426	万壑松风扇	扇类
10304427	浮生	扇类
10304428	浮生	扇类
10304429	浮生	扇类
10304430	浮生	扇类
10304431	浮生	扇类
10304432	浮生	扇类
10304433	浮生	扇类
10304434	浮生	扇类
10304435	浮生	扇类
10305000	碧海银涛环	环类
10305001	碧海银涛环	环类
10305002	碧海银涛环	环类
10305003	碧海银涛环	环类
10305004	碧海银涛环	环类
10305005	碧海银涛环	环类
10305006	碎情雾影环	环类
10305007	碎情雾影环	环类
10305008	天星耀阳环	环类
10305009	天星耀阳环	环类
10305021	棒棒糖（红）	单短类
10305022	棒棒糖（绿）	单短类
10305023	棒棒糖（蓝）	单短类
10305024	红郁金香	单短类
10305025	紫郁金香	单短类
10305026	粉玫瑰	单短类
10305027	红玫瑰	单短类
10305028	山楂冰糖葫芦	单短类
10305029	大风车	单短类
10305030	蓝色妖姬	单短类
10305031	一生一世	单短类
10305032	樱桃布丁	单短类
10305033	草莓甜筒	单短类
10305034	浪漫小熊	单短类
10305035	绮梦玫瑰	单短类
10305100	大汉弘纲	环类
10305101	大汉弘纲	环类
10305102	大汉弘纲	环类
10305103	大汉弘纲	环类
10305104	大汉弘纲	环类
10305105	大汉弘纲	环类
10305106	大汉弘纲	环类
10305107	大汉弘纲	环类
10305108	大汉弘纲	环类
10305109	大汉弘纲	环类
10305110	大汉弘纲	环类
10305111	大汉弘纲	环类
10305200	大隋凝霜	环类
10305201	大隋凝霜	环类
10305202	大隋凝霜	环类
10305203	大隋凝霜	环类
10305204	大隋凝霜	环类
10305205	大隋凝霜	环类
10305206	大隋凝霜	环类
10305207	大隋凝霜	环类
10305208	大隋凝霜	环类
10305209	大隋凝霜	环类
10305210	大隋凝霜	环类
10305211	大隋凝霜	环类
10305281	棒棒糖（红）	单短类
10305282	棒棒糖（绿）	单短类
10305283	棒棒糖（蓝）	单短类
10305284	红郁金香	单短类
10305285	紫郁金香	单短类
10305286	粉玫瑰	单短类
10305287	红玫瑰	单短类
10305288	山楂冰糖葫芦	单短类
10305289	大风车	单短类
10305290	蓝色妖姬	单短类
10305291	一生一世	单短类
10305292	樱桃布丁	单短类
10305293	草莓甜筒	单短类
10305294	浪漫小熊	单短类
10305295	绮梦玫瑰	单短类
10305400	碎情雾影环	环类
10305401	天星耀阳环	环类
10305402	绝情裂影环	环类
10305403	星云聚日环	环类
10305404	碎情雾影环	环类
10305405	天星耀阳环	环类
10305406	绝情裂影环	环类
10305407	星云聚日环	环类
10305408	大汉弘纲	环类
10305409	大汉弘纲	环类
10305410	大汉弘纲	环类
10305411	大汉弘纲	环类
10305412	大汉弘纲	环类
10305413	大汉弘纲	环类
10305414	大汉弘纲	环类
10305415	大汉弘纲	环类
10305416	大汉弘纲	环类
10305417	大隋凝霜	环类
10305418	大隋凝霜	环类
10305419	大隋凝霜	环类
10305420	大隋凝霜	环类
10305421	大隋凝霜	环类
10305422	大隋凝霜	环类
10305423	大隋凝霜	环类
10305424	大隋凝霜	环类
10305425	大隋凝霜	环类
10305426	万世枯荣	环类
10305427	万世枯荣	环类
10305428	万世枯荣	环类
10305429	万世枯荣	环类
10305430	万世枯荣	环类
10305431	万世枯荣	环类
10305432	万世枯荣	环类
10305433	万世枯荣	环类
10305434	万世枯荣	环类
10305435	无相绝踪	环类
10305436	无相绝踪	环类
10305437	无相绝踪	环类
10305438	无相绝踪	环类
10305439	无相绝踪	环类
10305440	无相绝踪	环类
10305441	无相绝踪	环类
10305442	无相绝踪	环类
10305443	无相绝踪	环类
10305444	碧海银涛环	环类
10305445	入灭	环类
10305446	入灭	环类
10305447	入灭	环类
10305448	入灭	环类
10305449	入灭	环类
10305450	入灭	环类
10305451	入灭	环类
10305452	入灭	环类
10305453	入灭	环类
10305454	神隐	环类
10305455	神隐	环类
10305456	神隐	环类
10305457	神隐	环类
10305458	神隐	环类
10305459	神隐	环类
10305460	神隐	环类
10305461	神隐	环类
10305462	神隐	环类
10306000	紫阳绝翎弩	弩类
10306001	紫阳绝翎弩	弩类
10306002	紫阳绝翎弩	弩类
10306003	紫阳绝翎弩	弩类
10306004	紫阳绝翎弩	弩类
10306005	紫阳绝翎弩	弩类
10306006	凌霄玉琼弩	弩类
10306007	凌霄玉琼弩	弩类
10306008	凌霄玉琼弩	弩类
10306009	凌霄玉琼弩	弩类
10306010	九霄华琼弩	弩类
10306011	九霄华琼弩	弩类
10306012	大梁辟天	弩类
10306013	大梁辟天	弩类
10306014	大梁辟天	弩类
10306015	大梁辟天	弩类
10306016	大梁辟天	弩类
10306017	大梁辟天	弩类
10306018	大梁辟天	弩类
10306019	大梁辟天	弩类
10306020	大梁辟天	弩类
10306021	大梁辟天	弩类
10306022	大梁辟天	弩类
10306023	大梁辟天	弩类
10306024	大梁辟天	弩类
10306025	大梁辟天	弩类
10306026	大梁辟天	弩类
10306027	大梁辟天	弩类
10306028	大梁辟天	弩类
10306029	大梁辟天	弩类
10306030	大梁辟天	弩类
10306031	大梁辟天	弩类
10306032	大梁辟天	弩类
10306033	灭影天诛	弩类
10306034	灭影天诛	弩类
10306035	灭影天诛	弩类
10306036	灭影天诛	弩类
10306037	灭影天诛	弩类
10306038	灭影天诛	弩类
10306039	灭影天诛	弩类
10306040	灭影天诛	弩类
10306041	灭影天诛	弩类
10306042	紫阳绝翎弩	弩类
10306043	归墟	弩类
10306044	归墟	弩类
10306045	归墟	弩类
10306046	归墟	弩类
10306047	归墟	弩类
10306048	归墟	弩类
10306049	归墟	弩类
10306050	归墟	弩类
10306051	归墟	弩类
10307000	碧海凌波杖	长杖类
10307001	碧海凌波杖	长杖类
10307002	碧海凌波杖	长杖类
10307003	碧海凌波杖	长杖类
10307004	碧海凌波杖	长杖类
10307005	碧海凌波杖	长杖类
10307006	太虚归星杖	长杖类
10307007	太虚归星杖	长杖类
10307008	太虚归星杖	长杖类
10307009	太虚归星杖	长杖类
10307010	太虚敛月杖	长杖类
10307011	太虚敛月杖	长杖类
10307012	大魏长歌	长杖类
10307013	大魏长歌	长杖类
10307014	大魏长歌	长杖类
10307015	大魏长歌	长杖类
10307016	大魏长歌	长杖类
10307017	大魏长歌	长杖类
10307018	大魏长歌	长杖类
10307019	大魏长歌	长杖类
10307020	大魏长歌	长杖类
10307021	大魏长歌	长杖类
10307022	大魏长歌	长杖类
10307023	大魏长歌	长杖类
10307024	大魏长歌	长杖类
10307025	大魏长歌	长杖类
10307026	大魏长歌	长杖类
10307027	大魏长歌	长杖类
10307028	大魏长歌	长杖类
10307029	大魏长歌	长杖类
10307030	大魏长歌	长杖类
10307031	大魏长歌	长杖类
10307032	大魏长歌	长杖类
10307033	玉法玄穹	长杖类
10307034	玉法玄穹	长杖类
10307035	玉法玄穹	长杖类
10307036	玉法玄穹	长杖类
10307037	玉法玄穹	长杖类
10307038	玉法玄穹	长杖类
10307039	玉法玄穹	长杖类
10307040	玉法玄穹	长杖类
10307041	玉法玄穹	长杖类
10307042	碧海凌波杖	长杖类
10307043	天谕	长杖类
10307044	天谕	长杖类
10307045	天谕	长杖类
10307046	天谕	长杖类
10307047	天谕	长杖类
10307048	天谕	长杖类
10307049	天谕	长杖类
10307050	天谕	长杖类
10307051	天谕	长杖类
10400001	三亭门扇大刀	刀斧类
10400002	亮银泼风大刀	刀斧类
10400003	八卦劈水大刀	刀斧类
10400004	亮银鸳鸯大斧	刀斧类
10400005	五龙逐日大刀	刀斧类
10400006	锯齿狼牙板门大刀	刀斧类
10400007	金雀开山大斧	刀斧类
10400008	神木匿月大刀	刀斧类
10400009	巨佛吞日大刀	刀斧类
10400010	金纂穿云	刀斧类
10400011	任务装1	刀斧类
10400012	上玄	刀斧类
10400013	任务装3	刀斧类
10400014	梵日	刀斧类
10400015	任务装5	刀斧类
10400016	任务装6	刀斧类
10400017	任务装7	刀斧类
10400018	任务装8	刀斧类
10400019	任务装9	刀斧类
10400020	任务装10	刀斧类
10400021	三亭门扇大刀	刀斧类
10400022	亮银泼风大刀	刀斧类
10400023	八卦劈水大刀	刀斧类
10400024	亮银鸳鸯大斧	刀斧类
10400025	五龙逐日大刀	刀斧类
10400026	锯齿狼牙板门大刀	刀斧类
10400027	金雀开山大斧	刀斧类
10400028	神木匿月大刀	刀斧类
10400029	巨佛吞日大刀	刀斧类
10400030	金纂穿云	刀斧类
10400031	任务装1	刀斧类
10400032	上玄	刀斧类
10400033	任务装3	刀斧类
10400034	梵日	刀斧类
10400035	任务装5	刀斧类
10400036	任务装6	刀斧类
10400037	任务装7	刀斧类
10400038	任务装8	刀斧类
10400039	任务装9	刀斧类
10400040	任务装10	刀斧类
10400041	三亭门扇大刀	刀斧类
10400042	亮银泼风大刀	刀斧类
10400043	八卦劈水大刀	刀斧类
10400044	亮银鸳鸯大斧	刀斧类
10400045	五龙逐日大刀	刀斧类
10400046	锯齿狼牙板门大刀	刀斧类
10400047	金雀开山大斧	刀斧类
10400048	神木匿月大刀	刀斧类
10400049	巨佛吞日大刀	刀斧类
10400050	金纂穿云	刀斧类
10400051	任务装1	刀斧类
10400052	上玄	刀斧类
10400053	任务装3	刀斧类
10400054	梵日	刀斧类
10400055	任务装5	刀斧类
10400056	任务装6	刀斧类
10400057	任务装7	刀斧类
10400058	任务装8	刀斧类
10400059	普洱刀	刀斧类
10400060	辕门卫士大刀	刀斧类
10400061	金背砍山刀	刀斧类
10400062	嵩阳雁翎刀	刀斧类
10400063	刽子手	刀斧类
10400064	狼人夺粮刀	刀斧类
10400065	圆月弯刀	刀斧类
10400066	丛林劈山斧	刀斧类
10400067	快意刀	刀斧类
10400068	精制玄铁大刀	刀斧类
10400069	复仇之刃	刀斧类
10400070	九凤朝阳刀	刀斧类
10400071	八卦金纂开山钺	刀斧类
10400072	沉水龙雀刀	刀斧类
10400073	战神	刀斧类
10400074	秦武·焚天	刀斧类
10400075	秦魂·末日	刀斧类
10401001	鸣沙长枪	枪棒类
10401002	燕侯·戮	枪棒类
10401003	皓灵·风炀	枪棒类
10401004	赤炼·霸王	枪棒类
10401005	盘龙大枪	枪棒类
10401006	三股金刚马叉	枪棒类
10401007	五股烈焰马叉	枪棒类
10401008	七星噬魂马叉	枪棒类
10401009	龙吟凤啸大枪	枪棒类
10401010	破月大枪	枪棒类
10401011	舞浪	枪棒类
10401012	任务装2	枪棒类
10401013	断湘	枪棒类
10401014	任务装4	枪棒类
10401015	寒炀	枪棒类
10401016	任务装6	枪棒类
10401017	任务装7	枪棒类
10401018	任务装8	枪棒类
10401019	古苍	枪棒类
10401020	任务装10	枪棒类
10401021	雀舌大枪	枪棒类
10401022	竹节大枪	枪棒类
10401023	素缨大枪	枪棒类
10401024	六合大枪	枪棒类
10401025	盘龙大枪	枪棒类
10401026	三股金刚马叉	枪棒类
10401027	五股烈焰马叉	枪棒类
10401028	七星噬魂马叉	枪棒类
10401029	龙吟凤啸大枪	枪棒类
10401030	破月大枪	枪棒类
10401031	舞浪	枪棒类
10401032	任务装2	枪棒类
10401033	断湘	枪棒类
10401034	任务装4	枪棒类
10401035	寒炀	枪棒类
10401036	任务装6	枪棒类
10401037	任务装7	枪棒类
10401038	任务装8	枪棒类
10401039	古苍	枪棒类
10401040	任务装10	枪棒类
10401041	雀舌大枪	枪棒类
10401042	竹节大枪	枪棒类
10401043	素缨大枪	枪棒类
10401044	六合大枪	枪棒类
10401045	盘龙大枪	枪棒类
10401046	三股金刚马叉	枪棒类
10401047	五股烈焰马叉	枪棒类
10401048	七星噬魂马叉	枪棒类
10401049	龙吟凤啸大枪	枪棒类
10401050	破月大枪	枪棒类
10401051	舞浪	枪棒类
10401052	任务装2	枪棒类
10401053	断湘	枪棒类
10401054	任务装4	枪棒类
10401055	寒炀	枪棒类
10401056	任务装6	枪棒类
10401057	任务装7	枪棒类
10401058	任务装8	枪棒类
10401059	古苍	枪棒类
10401060	月影杖	枪棒类
10401061	辕门卫士长枪	枪棒类
10401062	嵩阳齐眉棍	枪棒类
10401063	典狱官	枪棒类
10401064	狼人赶猪枪	枪棒类
10401065	吸水提炉枪	枪棒类
10401066	圆月驼龙枪	枪棒类
10401067	精制玄铁长枪	枪棒类
10401068	八宝沥泉枪	枪棒类
10401069	九转蟠龙亮银枪	枪棒类
10401070	落影追魂枪	枪棒类
10401071	霸王	枪棒类
10402001	天龙新手剑	单短类
10402002	太康长剑	单短类
10402003	青冥长剑	单短类
10402004	飞月长剑	单短类
10402005	龙鳞长剑	单短类
10402006	五彩长剑	单短类
10402007	昆吾长剑	单短类
10402008	龙血长剑	单短类
10402009	绝仙长刀	单短类
10402010	诛天长剑	单短类
10402011	任务装1	单短类
10402012	任务装2	单短类
10402013	任务装3	单短类
10402014	任务装4	单短类
10402015	任务装5	单短类
10402016	琅玡	单短类
10402017	任务装7	单短类
10402018	任务装8	单短类
10402019	任务装9	单短类
10402020	任务装10	单短类
10402021	寒光长剑	单短类
10402022	太康长剑	单短类
10402023	青冥长剑	单短类
10402024	飞月长剑	单短类
10402025	龙鳞长剑	单短类
10402026	五彩长剑	单短类
10402027	昆吾长剑	单短类
10402028	龙血长剑	单短类
10402029	绝仙长刀	单短类
10402030	诛天长剑	单短类
10402031	任务装1	单短类
10402032	任务装2	单短类
10402033	任务装3	单短类
10402034	任务装4	单短类
10402035	任务装5	单短类
10402036	琅玡	单短类
10402037	任务装7	单短类
10402038	任务装8	单短类
10402039	任务装9	单短类
10402040	任务装10	单短类
10402041	寒光长剑	单短类
10402042	太康长剑	单短类
10402043	青冥长剑	单短类
10402044	飞月长剑	单短类
10402045	龙鳞长剑	单短类
10402046	五彩长剑	单短类
10402047	昆吾长剑	单短类
10402048	龙血长剑	单短类
10402049	绝仙长刀	单短类
10402050	诛天长剑	单短类
10402051	任务装1	单短类
10402052	任务装2	单短类
10402053	任务装3	单短类
10402054	任务装4	单短类
10402055	任务装5	单短类
10402056	琅玡	单短类
10402057	任务装7	单短类
10402058	任务装8	单短类
10402059	任务装9	单短类
10402060	干坤鼎	单短类
10402061	天轮刀	单短类
10402062	辕门卫士长剑	单短类
10402063	灵州长剑	单短类
10402064	嵩阳斩马剑	单短类
10402065	剖析	单短类
10402066	观音剑	单短类
10402067	残忍利刃	单短类
10402068	白狼牙	单短类
10402069	圣剑埃克斯卡里巴	单短类
10402070	七星寒玉剑	单短类
10402071	雌雄虎尾竹节鞭	单短类
10402072	天霸凄惶剑	单短类
10402073	武圣	单短类
10402074	秦武·天下	单短类
10402075	秦魂·血夜	单短类
10403001	折柳双剑	双短类
10403002	燕侯·怒	双短类
10403003	皓灵·霆炀	双短类
10403004	赤炼·长生	双短类
10403005	凤尾双斧	双短类
10403006	轧油双锤	双短类
10403007	紫金双刀	双短类
10403008	星月双剑	双短类
10403009	甘霖双剑	双短类
10403010	璇玑双刃	双短类
10403011	铁背双刀	双短类
10403012	亮银双刀	双短类
10403013	逸龙双剑	双短类
10403014	七宝双刀	双短类
10403015	凤尾双斧	双短类
10403016	轧油双锤	双短类
10403017	紫金双刀	双短类
10403018	星月双剑	双短类
10403019	甘霖双剑	双短类
10403020	璇玑双刃	双短类
10403021	铁背双刀	双短类
10403022	亮银双刀	双短类
10403023	逸龙双剑	双短类
10403024	七宝双刀	双短类
10403025	凤尾双斧	双短类
10403026	轧油双锤	双短类
10403027	紫金双刀	双短类
10403028	星月双剑	双短类
10403029	甘霖双剑	双短类
10403030	璇玑双刃	双短类
10403031	铁背双刀	双短类
10403032	亮银双刀	双短类
10403033	逸龙双剑	双短类
10403034	七宝双刀	双短类
10403035	凤尾双斧	双短类
10403036	轧油双锤	双短类
10403037	紫金双刀	双短类
10403038	星月双剑	双短类
10403039	甘霖双剑	双短类
10403040	璇玑双刃	双短类
10403041	铁背双刀	双短类
10403042	亮银双刀	双短类
10403043	逸龙双剑	双短类
10403044	七宝双刀	双短类
10403045	凤尾双斧	双短类
10403046	轧油双锤	双短类
10403047	紫金双刀	双短类
10403048	星月双剑	双短类
10403049	甘霖双剑	双短类
10403050	任务装1	双短类
10403051	任务装2	双短类
10403052	任务装3	双短类
10403053	任务装4	双短类
10403054	任务装5	双短类
10403055	任务装6	双短类
10403056	山越护法双剑	双短类
10403057	离霜	双短类
10403058	任务装9	双短类
10403059	属镂	双短类
10403060	夸曲剑	双短类
10403061	姜家集双剑	双短类
10403062	金缕剑	双短类
10403063	归云双剑	双短类
10403064	普洱双刀	双短类
10403065	狼人牵羊剑	双短类
10403066	圆月子母剑	双短类
10403067	郎情妾意剑	双短类
10403068	复仇之剑	双短类
10403069	荒火双剑	双短类
10403070	四棱瓦面金装锏	双短类
10403071	斗神	双短类
10404001	三危折扇	扇类
10404002	燕侯·悟	扇类
10404003	皓灵·潇炀	扇类
10404004	赤炼·离别	扇类
10404005	蒲扇	蒲扇
10404006	宫扇	宫扇
10404007	蒲扇	蒲扇
10404008	宫扇	宫扇
10404009	玄铁扇	玄铁扇
10404010	芭蕉扇	芭蕉扇
10404011	玄铁扇	玄铁扇
10404012	芭蕉扇	芭蕉扇
10404013	任务装3	扇类
10404014	任务装4	扇类
10404015	任务装5	扇类
10404016	任务装6	扇类
10404017	漱玉	扇类
10404018	任务装8	扇类
10404019	任务装9	扇类
10404020	任务装10	扇类
10404021	百折羽扇	扇类
10404022	鹧鸪羽扇	扇类
10404023	紫竹羽扇	扇类
10404024	玉钢羽扇	扇类
10404025	桃花羽扇	扇类
10404026	火莲羽扇	扇类
10404027	龙鳞羽扇	扇类
10404028	凤翔羽扇	扇类
10404029	穷奇羽扇	扇类
10404030	淩霄羽扇	扇类
10404031	任务装1	扇类
10404032	任务装2	扇类
10404033	任务装3	扇类
10404034	任务装4	扇类
10404035	任务装5	扇类
10404036	任务装6	扇类
10404037	漱玉	扇类
10404038	任务装8	扇类
10404039	任务装9	扇类
10404040	任务装10	扇类
10404041	百折羽扇	扇类
10404042	鹧鸪羽扇	扇类
10404043	紫竹羽扇	扇类
10404044	玉钢羽扇	扇类
10404045	桃花羽扇	扇类
10404046	火莲羽扇	扇类
10404047	龙鳞羽扇	扇类
10404048	凤翔羽扇	扇类
10404049	穷奇羽扇	扇类
10404050	淩霄羽扇	扇类
10404051	任务装1	扇类
10404052	任务装2	扇类
10404053	任务装3	扇类
10404054	任务装4	扇类
10404055	任务装5	扇类
10404056	任务装6	扇类
10404057	漱玉	扇类
10404058	任务装8	扇类
10404059	任务装9	扇类
10404060	通吃扇	扇类
10404061	姜家集折扇	扇类
10404062	监斩官	扇类
10404063	大辽军扇	扇类
10404064	凋零羽扇	扇类
10404065	白马扇	扇类
10404066	隐秘之扇	扇类
10404067	萝卜片扇子	扇类
10404068	复仇之扇	扇类
10404069	山妖折扇	扇类
10404070	军神	扇类
10404071	秦武·君策	扇类
10404072	秦魂·纵横	扇类
10405001	燕侯·护	环类
10405002	皓灵·云炀	环类
10405003	赤炼·多情	环类
10405004	栖霞奇环	环类
10405005	寒冰奇环	环类
10405006	四象奇环	环类
10405007	太极奇环	环类
10405008	九龙奇环	环类
10405009	锁妖奇环	环类
10405010	混元奇环	环类
10405011	任务装1	环类
10405012	绝尘	环类
10405013	任务装3	环类
10405014	任务装4	环类
10405015	任务装5	环类
10405016	任务装6	环类
10405017	碧落	环类
10405018	任务装8	环类
10405019	任务装9	环类
10405020	任务装10	环类
10405021	青铜奇环	环类
10405022	白金奇环	环类
10405023	木石奇环	环类
10405024	栖霞奇环	环类
10405025	寒冰奇环	环类
10405026	四象奇环	环类
10405027	太极奇环	环类
10405028	九龙奇环	环类
10405029	锁妖奇环	环类
10405030	混元奇环	环类
10405031	任务装1	环类
10405032	绝尘	环类
10405033	任务装3	环类
10405034	任务装4	环类
10405035	任务装5	环类
10405036	任务装6	环类
10405037	碧落	环类
10405038	任务装8	环类
10405039	任务装9	环类
10405040	任务装10	环类
10405041	青铜奇环	环类
10405042	白金奇环	环类
10405043	木石奇环	环类
10405044	栖霞奇环	环类
10405045	寒冰奇环	环类
10405046	四象奇环	环类
10405047	太极奇环	环类
10405048	九龙奇环	环类
10405049	锁妖奇环	环类
10405050	混元奇环	环类
10405051	任务装1	环类
10405052	绝尘	环类
10405053	任务装3	环类
10405054	任务装4	环类
10405055	任务装5	环类
10405056	任务装6	环类
10405057	碧落	环类
10405058	任务装8	环类
10405059	任务装9	环类
10405060	阴阳刃	双短类
10405061	姜家集双环	环类
10405062	归云双环	环类
10405063	乌龙环	环类
10405064	铁爪双环	环类
10405065	绝情环	环类
10405066	多情环	环类
10405067	精制玄铁双环	环类
10405068	激洪双环	环类
10405069	天将	环类
10405070	秦武·碎月	环类
10405071	秦魂·骊恨	环类
10406001	家传长弩	弩类
10406002	燕侯·赋	弩类
10406003	皓灵·清炀	弩类
10406004	赤炼·无昼	弩类
10406005	秦武·楚歌	弩类
10406006	秦魂·翻羽	弩类
10406007	千佛劲弩	弩类
10406008	归云弩	弩类
10406009	锦衣卫弩	弩类
10406010	狼人探宝弩	弩类
10406011	大辽尖弩	弩类
10406012	萝卜花弩	弩类
10406013	复仇之弩	弩类
10406014	裂空灵弩	弩类
10406015	崩天落日弩	弩类
10406016	黄羊弩	弩类
10407001	家传长杖	长杖类
10407002	燕侯·融	长杖类
10407003	皓灵·玄风	长杖类
10407004	赤炼·灵虚	长杖类
10407005	秦武·无为	长杖类
10407006	秦魂·自然	长杖类
10407007	千佛劲杖	长杖类
10407008	归云杖	长杖类
10407009	锦衣卫杖	长杖类
10407010	狼人开山杖	长杖类
10407011	大辽钢杖	长杖类
10407012	萝卜花杖	长杖类
10407013	复仇之杖	长杖类
10407014	阴阳幻杖	长杖类
10407015	女娲杖	长杖类
10407016	牧羊杖	长杖类
10410001	燕侯尊冠	帽子
10410002	皓灵荒顶	帽子
10410003	赤炼冠	帽子
10410004	兔耳朵	帽子
10410005	兔耳朵	帽子
10410006	兔耳朵	帽子
10410007	兔耳朵	帽子
10410008	兔耳朵	帽子
10410009	兔耳朵	帽子
10410010	兔耳朵	帽子
10410011	兔耳朵	帽子
10410012	兔耳朵	帽子
10410013	兔耳朵	帽子
10410014	兔耳朵	帽子
10410015	兔耳朵	帽子
10410016	兔耳朵	帽子
10410017	兔耳朵	帽子
10410018	兔耳朵	帽子
10410019	兔耳朵	帽子
10410020	兔耳朵	帽子
10410021	兔耳朵	帽子
10410022	兔耳朵	帽子
10410023	兔耳朵	帽子
10410024	兔耳朵	帽子
10410025	兔耳朵	帽子
10410026	兔耳朵	帽子
10410027	兔耳朵	帽子
10410028	兔耳朵	帽子
10410029	兔耳朵	帽子
10410030	兔耳朵	帽子
10410031	兔耳朵	帽子
10410032	兔耳朵	帽子
10410033	兔耳朵	帽子
10410034	兔耳朵	帽子
10410035	兔耳朵	帽子
10410036	散晶帽	帽子
10410037	地皇冠	帽子
10410038	云罗战盔	帽子
10410039	惊云战盔	帽子
10410040	天轩宝巾	帽子
10410041	干支天冠	帽子
10410042	魔圣宝盔	帽子
10410043	灵动帽	帽子
10410044	屏银帽	帽子
10410045	神威帽	帽子
10410046	翠羽冠	帽子
10410047	御赐精纺帽	帽子
10410048	不灭冠	帽子
10410049	龙睛帽	帽子
10410050	涅磐天冠	帽子
10410051	天尊魔巾	帽子
10410052	精纺帽	帽子
10410053	锦帛帽	帽子
10410054	避邪帽	帽子
10410055	软猬帽	帽子
10410056	散晶帽	帽子
10410057	地皇冠	帽子
10410058	云罗战盔	帽子
10410059	惊云战盔	帽子
10410060	玉璧之影	帽子
10410061	诸葛巾	帽子
10410062	李陵碑	帽子
10410063	时之纱	帽子
10410064	傀儡帽	帽子
10410065	采药人的斗笠	帽子
10410066	追踪者头盔	帽子
10410067	通天冲云冠	帽子
10410068	七宝夜明盔	帽子
10410069	商星面甲	帽子
10410070	石凤凰之冠	帽子
10410071	青牛冠	帽子
10410072	窥伺之眼	帽子
10410073	雷神之盔	帽子
10410074	龙胜的飞血头冠	帽子
10410075	南海剑派剑道帽	帽子
10410076	守护者的意志	帽子
10410077	残缺的凤凰翎	帽子
10410078	女真首领王冠	帽子
10410079	身形无影	帽子
10410080	黑苗头饰	帽子
10410081	平天冠	帽子
10410082	小白兔耳朵	帽子
10410083	小白兔耳朵	帽子
10410084	小白兔耳朵	帽子
10410085	小白兔耳朵	帽子
10410086	小白兔耳朵	帽子
10410087	小白兔耳朵	帽子
10410088	小白兔耳朵	帽子
10410089	小白兔耳朵	帽子
10410090	小白兔耳朵	帽子
10410091	小白兔耳朵	帽子
10410092	小白兔耳朵	帽子
10410093	小白兔耳朵	帽子
10410094	小白兔耳朵	帽子
10410095	小白兔耳朵	帽子
10410096	小白兔耳朵	帽子
10410097	小白兔耳朵	帽子
10410098	欢乐圣诞帽	帽子
10410099	欢乐圣诞帽	帽子
10410100	欢乐圣诞帽	帽子
10410101	欢乐圣诞帽	帽子
10410102	欢乐圣诞帽	帽子
10410103	欢乐圣诞帽	帽子
10410104	欢乐圣诞帽	帽子
10410105	欢乐圣诞帽	帽子
10410106	欢乐圣诞帽	帽子
10410107	欢乐圣诞帽	帽子
10410108	幸福圣诞帽	帽子
10410109	幸福圣诞帽	帽子
10410110	幸福圣诞帽	帽子
10410111	幸福圣诞帽	帽子
10410112	幸福圣诞帽	帽子
10410113	幸福圣诞帽	帽子
10410114	幸福圣诞帽	帽子
10410115	幸福圣诞帽	帽子
10410116	幸福圣诞帽	帽子
10410117	幸福圣诞帽	帽子
10410118	欢乐圣诞帽	帽子
10410119	欢乐圣诞帽	帽子
10410120	欢乐圣诞帽	帽子
10410121	欢乐圣诞帽	帽子
10410122	欢乐圣诞帽	帽子
10410123	欢乐圣诞帽	帽子
10410124	欢乐圣诞帽	帽子
10410125	欢乐圣诞帽	帽子
10410126	欢乐圣诞帽	帽子
10410127	欢乐圣诞帽	帽子
10411001	御赐熟铜靴	鞋
10411002	御赐精钢靴	鞋
10411003	御赐黄金战靴	鞋
10411004	御赐混沌护胫	鞋
10411005	御赐飞虎胫甲	鞋
10411006	御赐天威护胫甲	鞋
10411007	御赐蚕丝靴	鞋
10411008	御赐绫罗靴	鞋
10411009	御赐蜀锦长靴	鞋
10411010	御赐玄冥朝靴	鞋
10411011	御赐腾龙长靴	鞋
10411012	御赐天机战靴	鞋
10411013	蔡袅鞋	鞋
10411014	御赐南箕战靴	鞋
10411015	御赐北斗护胫甲	鞋
10411016	御赐王师战靴	鞋
10411017	御赐霸主护胫甲	鞋
10411018	惊云战靴	鞋
10411019	天轩宝靴	鞋
10411020	干支天靴	鞋
10411021	魔圣掠影	鞋
10411022	精纺鞋	鞋
10411023	灵动鞋	鞋
10411024	屏银鞋	鞋
10411025	神威鞋	鞋
10411026	翠羽鞋	鞋
10411027	九州鞋	鞋
10411028	不灭鞋	鞋
10411029	龙睛鞋	鞋
10411030	涅磐天靴	鞋
10411031	天尊魔鞋	鞋
10411032	锦帛鞋	鞋
10411033	避邪鞋	鞋
10411034	软猬靴	鞋
10411035	散晶靴	鞋
10411036	地皇靴	鞋
10411037	云罗战靴	鞋
10411038	惊云战靴	鞋
10411039	天轩宝靴	鞋
10411040	干支天靴	鞋
10411041	魔圣掠影	鞋
10411042	精纺鞋	鞋
10411043	灵动鞋	鞋
10411044	屏银鞋	鞋
10411045	神威鞋	鞋
10411046	天尊魔鞋	鞋
10411047	御赐精纺鞋	鞋
10411048	锦帛鞋	鞋
10411049	避邪鞋	鞋
10411050	锦帛鞋	鞋
10411051	避邪鞋	鞋
10411052	软猬靴	鞋
10411053	散晶靴	鞋
10411054	地皇靴	鞋
10411055	云罗战靴	鞋
10411056	惊云战靴	鞋
10411057	天轩宝靴	鞋
10411058	干支天靴	鞋
10411059	魔圣掠影	鞋
10411060	驭风靴	鞋
10411061	昊天靴	鞋
10411062	瞬雷靴	鞋
10411063	逐日靴	鞋
10411064	逸影靴	鞋
10411065	崇欢靴	鞋
10411066	蛛丝之靴	鞋
10411067	足下	鞋
10411068	金沙滩	鞋
10411069	天之道	鞋
10411070	傀儡靴	鞋
10411071	不沾泥的靴子	鞋
10411072	秦家寨锁链靴	鞋
10411073	通天步云靴	鞋
10411074	一生的足迹	鞋
10411075	大辽马靴	鞋
10411076	藤甲长靴	鞋
10411077	织网之靴	鞋
10411078	幸福之路	鞋
10411079	密林之靴	鞋
10411080	逍遥游	鞋
10411081	驱逐者之靴	鞋
10411082	南海剑派剑道靴	鞋
10411083	古藤胫甲	鞋
10411084	无迹之靴	鞋
10411085	踏雪无痕	鞋
10411086	寒玉靴	鞋
10411087	无忧履	鞋
10412001	御赐熟铜手甲	手套
10412002	御赐精钢手甲	手套
10412003	御赐黄金手甲	手套
10412004	御赐混沌护手	手套
10412005	御赐飞虎手甲	手套
10412006	御赐天威护手甲	手套
10412007	御赐蚕丝手套	手套
10412008	御赐绫罗手套	手套
10412009	御赐蜀锦手套	手套
10412010	御赐玄冥裹手	手套
10412011	御赐腾龙手套	手套
10412012	御赐天机裹手	手套
10412013	蔡袅手套	手套
10412014	嵩阳精钢手甲	手套
10412015	嵩阳皮质护手	手套
10412016	嵩阳柔丝手套	手套
10412017	御赐南箕裹手	手套
10412018	御赐北斗护手甲	手套
10412019	御赐王师裹手	手套
10412020	御赐霸主护手甲	手套
10412021	精纺护手套	手套
10412022	灵动护手套	手套
10412023	屏银护手套	手套
10412024	神威护手套	手套
10412025	翠羽护手套	手套
10412026	九州护手套	手套
10412027	不灭护手套	手套
10412028	龙睛护手套	手套
10412029	涅磐天手套	手套
10412030	天尊魔手套	手套
10412031	精纺护手套	手套
10412032	灵动护手套	手套
10412033	屏银护手套	手套
10412034	神威护手套	手套
10412035	翠羽护手套	手套
10412036	九州护手套	手套
10412037	不灭护手套	手套
10412038	龙睛护手套	手套
10412039	涅磐天手套	手套
10412040	天尊魔手套	手套
10412041	精纺护手套	手套
10412042	灵动护手套	手套
10412043	屏银护手套	手套
10412044	神威护手套	手套
10412045	翠羽护手套	手套
10412046	九州护手套	手套
10412047	御赐精纺护手	手套
10412048	涅磐天手套	手套
10412049	天尊魔手套	手套
10412050	锦帛手套	手套
10412051	避邪爪	手套
10412052	软猬掌	手套
10412053	散晶手套	手套
10412054	地皇爪	手套
10412055	云罗战手套	手套
10412056	惊云战手	手套
10412057	天轩宝爪	手套
10412058	干支天掌	手套
10412059	魔圣影缠	手套
10412060	无量护手	手套
10412061	绵山	手套
10412062	灵州护手	手套
10412063	伤痛的抚摸	手套
10412064	采药人的手套	手套
10412065	宫廷御赐护手	手套
10412066	雷焕精制手甲	手套
10412067	一生的掌握	手套
10412068	铁爪护手	手套
10412069	藤甲护手	手套
10412070	石凤凰之翼	手套
10412071	自由之握	手套
10412072	山越祭司手套甲	手套
10412073	经纶手	手套
10412074	驱逐者护手	手套
10412075	古藤手套甲	手套
10412076	人参挖掘者	手套
10412077	千年鳄鱼皮护手	手套
10412078	阿修罗之爪	手套
10412079	温暖之风	手套
10412080	秦武·邪	手套
10412081	秦魂·隐	手套
10412082	秦武·灭	手套
10412083	秦魂·破	手套
10413001	御赐熟铜铠	衣服
10413002	御赐精钢甲	衣服
10413003	御赐黄金甲	衣服
10413004	御赐混沌护胸	衣服
10413005	御赐飞虎战甲	衣服
10413006	御赐天威护胸甲	衣服
10413007	御赐蚕丝衣	衣服
10413008	御赐绫罗衣	衣服
10413009	御赐蜀锦袍	衣服
10413010	御赐玄冥仙衣	衣服
10413011	御赐腾龙长袍	衣服
10413012	御赐天机战袍	衣服
10413013	蔡袅衣	衣服
10413014	虎跑熟铜铠甲	衣服
10413015	虎跑虎皮外套	衣服
10413016	虎跑锦缎外衣	衣服
10413017	御赐南箕法袍	衣服
10413018	御赐北斗护胸甲	衣服
10413019	御赐王师法袍	衣服
10413020	御赐霸主护胸甲	衣服
10413021	灵动衣	衣服
10413022	屏银衣	衣服
10413023	神威衣	衣服
10413024	翠羽衣	衣服
10413025	九州衣	衣服
10413026	不灭衣	衣服
10413027	龙睛衣	衣服
10413028	涅磐天衣	衣服
10413029	精纺衣	衣服
10413030	灵动衣	衣服
10413031	屏银衣	衣服
10413032	神威衣	衣服
10413033	翠羽衣	衣服
10413034	九州衣	衣服
10413035	不灭衣	衣服
10413036	龙睛衣	衣服
10413037	龙睛衣	衣服
10413038	龙睛衣	衣服
10413039	灵动衣	衣服
10413040	屏银衣	衣服
10413041	神威衣	衣服
10413042	翠羽衣	衣服
10413043	九州衣	衣服
10413044	不灭衣	衣服
10413045	龙睛衣	衣服
10413046	天尊魔衣	衣服
10413047	御赐精纺衣	衣服
10413048	未使用	衣服
10413049	未使用	衣服
10413050	锦帛衣	衣服
10413051	避邪衣	衣服
10413052	金丝软甲	衣服
10413053	散晶衣	衣服
10413054	地皇胄	衣服
10413055	云罗战衣	衣服
10413056	惊云战甲	衣服
10413057	天轩宝衣	衣服
10413058	干支天甲	衣服
10413059	魔圣合体	衣服
10413060	无量法衣	衣服
10413061	武侯袍	衣服
10413062	金缕衣	衣服
10413063	守护者的法衣	衣服
10413064	傀儡衣	衣服
10413065	血与火的拥抱	衣服
10413066	秦家寨锁链甲	衣服
10413067	雷焕精制战甲	衣服
10413068	一生的守护	衣服
10413069	柳叶绵竹铠	衣服
10413070	参星战甲	衣服
10413071	织网战甲	衣服
10413072	亡者的甲胄	衣服
10413073	格里高利的长袍	衣服
10413074	傀儡外壳	衣服
10413075	李通的浸血朝衣	衣服
10413076	南海剑派剑道服	衣服
10413077	古代医者之衣	衣服
10413078	古藤胸甲	衣服
10413079	隐蔽之衣	衣服
10413080	青青子衿	衣服
10413081	冰封甲	衣服
10413082	衮龙袍	衣服
10413083	秦武·绝	衣服
10413084	秦魂·空	衣服
10413085	秦武·战	衣服
10413086	秦魂·殇	衣服
10414001	万劫谷精钢腕甲	护腕
10414002	万劫谷锁链腕甲	护腕
10414003	万劫谷束皮腕甲	护腕
10414004	万劫谷百结腕甲	护腕
10414005	天翰星元邕腕甲	护腕
10414006	天恪星玄恭腕甲	护腕
10414007	天霸星叔仁腕甲	护腕
10414008	天德星玄明腕甲	护腕
10414009	御营护腕	护腕
10414010	虎帐护腕	护腕
10414011	山阴护腕	护腕
10414012	山阳护腕	护腕
10414013	胜负手	护腕
10414014	大国手	护腕
10414015	无目手	护腕
10414016	食肉寝皮护腕	护腕
10414017	枯井污泥护腕	护腕
10414018	无知无觉护腕	护腕
10414019	黑暗冰雪护腕	护腕
10414020	御赐黄金腕甲	护腕
10414021	御赐混沌护腕	护腕
10414022	御赐飞虎腕甲	护腕
10414023	御赐天威护腕甲	护腕
10414024	御赐蜀锦护腕	护腕
10414025	御赐玄冥护腕	护腕
10414026	御赐腾龙护腕	护腕
10414027	御赐天机护腕	护腕
10414028	御赐南箕护腕	护腕
10414029	御赐北斗护腕甲	护腕
10414030	御赐王师护腕	护腕
10414031	御赐霸主护腕甲	护腕
10414032	护腕	护腕
10414033	护腕	护腕
10414034	护腕	护腕
10414035	护腕	护腕
10414036	护腕	护腕
10414037	护腕	护腕
10414038	护腕	护腕
10414039	护腕	护腕
10414040	护腕	护腕
10414041	护腕	护腕
10414042	护腕	护腕
10414043	护腕	护腕
10414044	护腕	护腕
10414541	六博护腕	护腕
10414542	六博护腕	护腕
10414543	六博护腕	护腕
10414544	六博护腕	护腕
10414551	六博护腕	护腕
10414552	六博护腕	护腕
10414553	六博护腕	护腕
10414554	六博护腕	护腕
10414561	六博护腕	护腕
10414562	六博护腕	护腕
10414563	六博护腕	护腕
10414564	六博护腕	护腕
10414641	六博护腕	护腕
10414642	六博护腕	护腕
10414643	六博护腕	护腕
10414644	六博护腕	护腕
10414651	六博护腕	护腕
10414652	六博护腕	护腕
10414653	六博护腕	护腕
10414654	六博护腕	护腕
10414661	六博护腕	护腕
10414662	六博护腕	护腕
10414663	六博护腕	护腕
10414664	六博护腕	护腕
10414741	六博护腕	护腕
10414742	六博护腕	护腕
10414743	六博护腕	护腕
10414744	六博护腕	护腕
10414751	六博护腕	护腕
10414752	六博护腕	护腕
10414753	六博护腕	护腕
10414754	六博护腕	护腕
10414761	六博护腕	护腕
10414762	六博护腕	护腕
10414763	六博护腕	护腕
10414764	六博护腕	护腕
10414841	六博护腕	护腕
10414842	六博护腕	护腕
10414843	六博护腕	护腕
10414844	六博护腕	护腕
10414851	六博护腕	护腕
10414852	六博护腕	护腕
10414853	六博护腕	护腕
10414854	六博护腕	护腕
10414861	六博护腕	护腕
10414862	六博护腕	护腕
10414863	六博护腕	护腕
10414864	六博护腕	护腕
10414941	六博护腕	护腕
10414942	六博护腕	护腕
10414943	六博护腕	护腕
10414944	六博护腕	护腕
10414951	六博护腕	护腕
10414952	六博护腕	护腕
10414953	六博护腕	护腕
10414954	六博护腕	护腕
10414961	六博护腕	护腕
10414962	六博护腕	护腕
10414963	六博护腕	护腕
10414964	六博护腕	护腕
10415001	雷公肩铠	护肩
10415002	五虎肩铠	护肩
10415003	断门肩铠	护肩
10415004	浴血龙鳞肩铠	护肩
10415005	狂风烈火肩甲	护肩
10415006	百战金尘肩垫	护肩
10415007	焚天凤羽肩饰	护肩
10415008	共活护肩	护肩
10415009	长生护肩	护肩
10415010	曲镇护肩	护肩
10415011	连扳护肩	护肩
10415012	不共戴天肩铠	护肩
10415013	纠葛肩铠	护肩
10415014	情缘肩甲	护肩
10415015	怨念肩饰	护肩
10415016	御赐飞虎肩甲	护肩
10415017	御赐天威护肩甲	护肩
10415018	御赐腾龙衬肩	护肩
10415019	御赐天机衬肩	护肩
10415020	御赐南箕衬肩	护肩
10415021	御赐北斗护肩甲	护肩
10415022	御赐王师衬肩	护肩
10415023	御赐霸主护肩甲	护肩
10415024	未使用	护肩
10415025	未使用	护肩
10415026	未使用	护肩
10415027	未使用	护肩
10415028	未使用	护肩
10415029	未使用	护肩
10415030	未使用	护肩
10415031	未使用	护肩
10415032	未使用	护肩
10415033	未使用	护肩
10415034	未使用	护肩
10415035	未使用	护肩
10415036	未使用	护肩
10415037	未使用	护肩
10415038	未使用	护肩
10415039	未使用	护肩
10415040	未使用	护肩
10415041	未使用	护肩
10415042	未使用	护肩
10415043	未使用	护肩
10415044	未使用	护肩
10415541	六博护肩	护肩
10415542	六博护肩	护肩
10415543	六博护肩	护肩
10415544	六博护肩	护肩
10415551	六博护肩	护肩
10415552	六博护肩	护肩
10415553	六博护肩	护肩
10415554	六博护肩	护肩
10415561	六博护肩	护肩
10415562	六博护肩	护肩
10415563	六博护肩	护肩
10415564	六博护肩	护肩
10415641	六博护肩	护肩
10415642	六博护肩	护肩
10415643	六博护肩	护肩
10415644	六博护肩	护肩
10415651	六博护肩	护肩
10415652	六博护肩	护肩
10415653	六博护肩	护肩
10415654	六博护肩	护肩
10415661	六博护肩	护肩
10415662	六博护肩	护肩
10415663	六博护肩	护肩
10415664	六博护肩	护肩
10415741	六博护肩	护肩
10415742	六博护肩	护肩
10415743	六博护肩	护肩
10415744	六博护肩	护肩
10415751	六博护肩	护肩
10415752	六博护肩	护肩
10415753	六博护肩	护肩
10415754	六博护肩	护肩
10415761	六博护肩	护肩
10415762	六博护肩	护肩
10415763	六博护肩	护肩
10415764	六博护肩	护肩
10415841	六博护肩	护肩
10415842	六博护肩	护肩
10415843	六博护肩	护肩
10415844	六博护肩	护肩
10415851	六博护肩	护肩
10415852	六博护肩	护肩
10415853	六博护肩	护肩
10415854	六博护肩	护肩
10415861	六博护肩	护肩
10415862	六博护肩	护肩
10415863	六博护肩	护肩
10415864	六博护肩	护肩
10415941	六博护肩	护肩
10415942	六博护肩	护肩
10415943	六博护肩	护肩
10415944	六博护肩	护肩
10415951	六博护肩	护肩
10415952	六博护肩	护肩
10415953	六博护肩	护肩
10415954	六博护肩	护肩
10415961	六博护肩	护肩
10415962	六博护肩	护肩
10415963	六博护肩	护肩
10415964	六博护肩	护肩
10420001	黯淡的项链	项链
10420002	破旧的项链	项链
10420003	古老的项链	项链
10420004	燕侯华链	项链
10420005	皓灵彩象	项链
10420006	赤炼星	项链
10420007	龙涎滴	项链
10420008	雨霖铃	项链
10420009	封魂	项链
10420010	蝶舞	项链
10420011	卧花坠	项链
10420012	三仙符	项链
10420013	花自落	项链
10420014	搜邪坠	项链
10420015	避尘	项链
10420016	鬼啸	项链
10420017	无梦宝链	项链
10420018	云泽坠	项链
10420019	魔眼	项链
10420020	回元流金	项链
10420021	护肩	护肩
10420022	百花链	项链
10420023	松石结	项链
10420024	玛瑙护符	项链
10420025	蓝牙束	项链
10420026	暖晶项链	项链
10420027	金丝束	项链
10420028	龙涎滴	项链
10420029	雨霖铃	项链
10420030	封魂	项链
10420031	蝶舞	项链
10420032	卧花坠	项链
10420033	三仙符	项链
10420034	花自落	项链
10420035	搜邪坠	项链
10420036	避尘	项链
10420037	鬼啸	项链
10420038	无梦宝链	项链
10420039	云泽坠	项链
10420040	魔眼	项链
10420041	回元流金	项链
10420042	百花链	项链
10420043	松石结	项链
10420044	玛瑙护符	项链
10420045	蓝牙束	项链
10420046	暖晶项链	项链
10420047	金丝束	项链
10420048	龙涎滴	项链
10420049	雨霖铃	项链
10420050	封魂	项链
10420051	蝶舞	项链
10420052	卧花坠	项链
10420053	三仙符	项链
10420054	花自落	项链
10420055	搜邪坠	项链
10420056	避尘	项链
10420057	鬼啸	项链
10420058	无梦宝链	项链
10420059	云泽坠	项链
10420060	祭扫者护链	项链
10420061	灵州项链	项链
10420062	首阳蕨	项链
10420063	蜂尾项链	项链
10420064	疾速项链	项链
10420065	拥戴之链	项链
10420066	归云无双链	项链
10420067	苍山狼牙项链	项链
10420068	小胖的项圈	项链
10420069	藤甲护身链	项链
10420070	灵魂的牵挂	项链
10420071	亡者的项链	项链
10420072	电神挂件	项链
10420073	马匪之链	项链
10420074	守护者的信念	项链
10420075	残缺的凤凰嘴	项链
10420076	女真首领徽记	项链
10420077	悠悠我心	项链
10420078	黑苗项链	项链
10420079	不眠之心	项链
10421001	御赐熟铜束带	腰带
10421002	御赐精钢束带	腰带
10421003	御赐黄金带	腰带
10421004	御赐混沌护腰	腰带
10421005	御赐飞虎束带	腰带
10421006	御赐天威护腰甲	腰带
10421007	御赐蚕丝腰带	腰带
10421008	御赐绫罗腰带	腰带
10421009	御赐蜀锦带	腰带
10421010	御赐玄冥腰带	腰带
10421011	御赐腾龙玉带	腰带
10421012	御赐天机玉带	腰带
10421013	蔡袅腰饰	腰带
10421014	御赐南箕玉带	腰带
10421015	御赐北斗护腰甲	腰带
10421016	御赐王师玉带	腰带
10421017	御赐霸主护腰甲	腰带
10421018	盟主铜腰带	腰带
10421019	盟主银腰带	腰带
10421020	盟主金腰带	腰带
10421021	盟主七宝腰带	腰带
10421022	吉祥腰带	腰带
10421023	苍蟒腰带	腰带
10421024	云瑶箍环	腰带
10421025	惊雷环带	腰带
10421026	叹云箍环	腰带
10421027	彩矶带	腰带
10421028	八卦腰环	腰带
10421029	折天	腰带
10421030	霸州	腰带
10421031	翠羽扣	腰带
10421032	凝心玉带	腰带
10421033	玄衡腰带	腰带
10421034	凤鸾双舞	腰带
10421035	系冰腰扣	腰带
10421036	冉韵	腰带
10421037	霞彩玉带	腰带
10421038	麒麟天扣	腰带
10421039	无忧	腰带
10421040	佛心	腰带
10421041	樱花腰带	腰带
10421042	吉祥腰带	腰带
10421043	苍蟒腰带	腰带
10421044	云瑶箍环	腰带
10421045	惊雷环带	腰带
10421046	叹云箍环	腰带
10421047	彩矶带	腰带
10421048	八卦腰环	腰带
10421049	折天	腰带
10421050	霸州	腰带
10421051	翠羽扣	腰带
10421052	凝心玉带	腰带
10421053	玄衡腰带	腰带
10421054	凤鸾双舞	腰带
10421055	系冰腰扣	腰带
10421056	冉韵	腰带
10421057	霞彩玉带	腰带
10421058	麒麟天扣	腰带
10421059	无忧	腰带
10421060	蛛网腰带	腰带
10421061	寒食	腰带
10421062	金缕腰带	腰带
10421063	守护者的腰带	腰带
10421064	归云腰带	腰带
10421065	宫廷御赐腰带	腰带
10421066	通天流云带	腰带
10421067	飘雪腰带	腰带
10421068	小胖的腰饰	腰带
10421069	紫薇的束带	腰带
10421070	柔情丝	腰带
10421071	萝卜丝腰带	腰带
10421072	肖允的染血束带	腰带
10421073	古代医者束带	腰带
10421074	元帅的玉带	腰带
10421075	人参牵系者	腰带
10421076	修罗疯狂之魂	腰带
10421077	碧玉带	腰带
10421541	六博腰带	腰带
10421542	六博腰带	腰带
10421543	六博腰带	腰带
10421544	六博腰带	腰带
10421551	六博腰带	腰带
10421552	六博腰带	腰带
10421553	六博腰带	腰带
10421554	六博腰带	腰带
10421561	六博腰带	腰带
10421562	六博腰带	腰带
10421563	六博腰带	腰带
10421564	六博腰带	腰带
10421641	六博腰带	腰带
10421642	六博腰带	腰带
10421643	六博腰带	腰带
10421644	六博腰带	腰带
10421651	六博腰带	腰带
10421652	六博腰带	腰带
10421653	六博腰带	腰带
10421654	六博腰带	腰带
10421661	六博腰带	腰带
10421662	六博腰带	腰带
10421663	六博腰带	腰带
10421664	六博腰带	腰带
10421741	六博腰带	腰带
10421742	六博腰带	腰带
10421743	六博腰带	腰带
10421744	六博腰带	腰带
10421751	六博腰带	腰带
10421752	六博腰带	腰带
10421753	六博腰带	腰带
10421754	六博腰带	腰带
10421761	六博腰带	腰带
10421762	六博腰带	腰带
10421763	六博腰带	腰带
10421764	六博腰带	腰带
10421841	六博腰带	腰带
10421842	六博腰带	腰带
10421843	六博腰带	腰带
10421844	六博腰带	腰带
10421851	六博腰带	腰带
10421852	六博腰带	腰带
10421853	六博腰带	腰带
10421854	六博腰带	腰带
10421861	六博腰带	腰带
10421862	六博腰带	腰带
10421863	六博腰带	腰带
10421864	六博腰带	腰带
10421941	六博腰带	腰带
10421942	六博腰带	腰带
10421943	六博腰带	腰带
10421944	六博腰带	腰带
10421951	六博腰带	腰带
10421952	六博腰带	腰带
10421953	六博腰带	腰带
10421954	六博腰带	腰带
10421961	六博腰带	腰带
10421962	六博腰带	腰带
10421963	六博腰带	腰带
10421964	六博腰带	腰带
10422001	镇恶指环	戒指
10422002	除恶指环	戒指
10422003	惩恶指环	戒指
10422004	没本钱	戒指
10422005	快刀	戒指
10422006	湘东王	戒指
10422007	南院大王戒指	戒指
10422008	楚王戒指	戒指
10422009	平南大将军戒指	戒指
10422010	兵马大元帅戒指	戒指
10422011	刻骨铭心指环	戒指
10422012	天龙新手指环	戒指
10422013	燕侯权戒	戒指
10422014	皓灵清翔	戒指
10422015	赤炼戒	戒指
10422016	重楼戒	戒指
10422017	七宝婵娟	戒指
10422018	重楼戒	戒指
10422019	冰玉风月	戒指
10422020	煞心	戒指
10422021	瑶瑟	戒指
10422022	碧云深	戒指
10422023	瑶池月	戒指
10422024	翠华引	戒指
10422025	玉珑涧雪	戒指
10422026	七宝婵娟	戒指
10422027	玉珥金环	戒指
10422028	冰玉风月	戒指
10422029	煞心	戒指
10422030	瑶瑟	戒指
10422031	碧云深	戒指
10422032	瑶池月	戒指
10422033	翠华引	戒指
10422034	玉珑涧雪	戒指
10422035	七宝婵娟	戒指
10422036	玉珥金环	戒指
10422037	冰玉风月	戒指
10422038	煞心	戒指
10422039	瑶瑟	戒指
10422040	碧云深	戒指
10422041	瑶池月	戒指
10422042	翠华引	戒指
10422043	玉珑涧雪	戒指
10422044	七宝婵娟	戒指
10422045	玉珥金环	戒指
10422046	冰玉风月	戒指
10422047	煞心	戒指
10422048	瑶瑟	戒指
10422049	碧云深	戒指
10422050	瑶池月	戒指
10422051	翠华引	戒指
10422052	玉珑涧雪	戒指
10422053	七宝婵娟	戒指
10422054	玉珥金环	戒指
10422055	冰玉风月	戒指
10422056	煞心	戒指
10422057	瑶瑟	戒指
10422058	碧云深	戒指
10422059	瑶池月	戒指
10422060	翠华引	戒指
10422061	玉珑涧雪	戒指
10422062	七宝婵娟	戒指
10422063	玉珥金环	戒指
10422064	冰玉风月	戒指
10422065	煞心	戒指
10422066	瑶瑟	戒指
10422067	碧云深	戒指
10422068	瑶池月	戒指
10422069	翠华引	戒指
10422070	玉珑涧雪	戒指
10422071	七宝婵娟	戒指
10422072	玉珥金环	戒指
10422073	冰玉风月	戒指
10422074	煞心	戒指
10422075	瑶瑟	戒指
10422076	碧云深	戒指
10422077	瑶池月	戒指
10422078	翠华引	戒指
10422079	玉珑涧雪	戒指
10422080	七宝婵娟	戒指
10422081	玉珥金环	戒指
10422082	冰玉风月	戒指
10422083	煞心	戒指
10422084	冰玉风月	戒指
10422085	煞心	戒指
10422086	瑶瑟	戒指
10422087	碧云深	戒指
10422088	瑶池月	戒指
10422089	翠华引	戒指
10422090	玉珑涧雪	戒指
10422091	七宝婵娟	戒指
10422092	玉珥金环	戒指
10422093	冰玉风月	戒指
10422094	煞心	戒指
10422095	瑶瑟	戒指
10422096	结婚银戒	戒指
10422097	结婚金戒	戒指
10422098	结婚钻戒	戒指
10422099	结婚戒指	戒指
10422100	无量玉戒	戒指
10422101	月英之戒	戒指
10422102	将军的遗物	戒指
10422103	颍川水	戒指
10422104	蜂刺戒指	戒指
10422105	旅行者之戒	戒指
10422106	爱护之戒	戒指
10422107	归云无双戒	戒指
10422108	苍山狼骨戒指	戒指
10422109	铁爪戒指	戒指
10422110	紫薇的戒指	戒指
10422111	灵魂的寄托	戒指
10422112	星君眼	戒指
10422113	尼伯龙根戒指	戒指
10422114	傀儡碎片	戒指
10422115	马匪平安戒	戒指
10422116	元帅的金戒	戒指
10422117	女真首领指环	戒指
10422118	千年鳄鱼牙戒指	戒指
10422119	修罗疯狂之力	戒指
10422120	宁静之雪	戒指
10422121	秦武·卓	戒指
10422122	秦魂·幻	戒指
10422123	秦武·诛	戒指
10422124	秦魂·离	戒指
10422125	永恒钻戒	戒指
10422126	永恒钻戒	戒指
10422127	永恒钻戒	戒指
10422128	永恒钻戒	戒指
10422129	永恒钻戒	戒指
10422130	永恒钻戒	戒指
10422131	永恒钻戒	戒指
10422132	永恒钻戒	戒指
10422133	祝福的永恒钻戒	戒指
10422134	祝福的永恒钻戒	戒指
10422135	祝福的永恒钻戒	戒指
10422136	祝福的永恒钻戒	戒指
10422137	祝福的永恒钻戒	戒指
10422138	祝福的永恒钻戒	戒指
10422139	祝福的永恒钻戒	戒指
10422140	祝福的永恒钻戒	戒指
10423001	大理国贤臣玉佩	护符
10423002	大理国良将玉佩	护符
10423003	大理国英雄玉佩	护符
10423004	大理国猛士玉佩	护符
10423005	移形护身符	护符
10423006	百变护身符	护符
10423007	神眼护身符	护符
10423008	提尔神像	护符
10423009	塞特神像	护符
10423010	因陀罗神像	护符
10423011	阿瑞斯神像	护符
10423012	专诸描金香囊	护符
10423013	聂政青玉佩饰	护符
10423014	要离龙骨护符	护符
10423015	血海深仇玉佩	护符
10423016	神圣侠义护符	护符
10423017	神圣情感护符	护符
10423018	神圣梦想护符	护符
10423019	神圣自由护符	护符
10423020	天龙新手护符	护符
10423021	燕侯圣符	护符
10423022	皓灵静影	护符
10423023	赤炼玉	护符
10423024	重楼玉	护符
10423025	真·重楼玉	护符
10423026	重楼玉	护符
10423027	护符	护符
10423028	护符	护符
10423029	护符	护符
10423030	护符	护符
10423031	护符	护符
10423032	护符	护符
10423033	护符	护符
10423034	护符	护符
10423035	护符	护符
10423036	护符	护符
10423037	护符	护符
10423038	护符	护符
10423039	护符	护符
10423040	护符	护符
10423041	护符	护符
10423042	护符	护符
10423043	护符	护符
10423044	护符	护符
10423045	护符	护符
10423046	秦武·胜	护符
10423047	秦魂·陌	护符
10423048	秦武·掠	护符
10423049	秦魂·残	护符
10423050	嘉年华纪念章	护符
10430001	达摩之镔铁连环刀	刀斧类
10430002	达摩之镔铁连环刀	刀斧类
10430003	达摩之镔铁连环刀	刀斧类
10430004	达摩之镔铁连环刀	刀斧类
10430005	达摩之镔铁连环刀	刀斧类
10430006	达摩之镔铁连环刀	刀斧类
10430007	达摩之镔铁连环刀	刀斧类
10430008	达摩之镔铁连环刀	刀斧类
10430009	达摩之镔铁连环刀	刀斧类
10430010	达摩之镔铁连环刀	刀斧类
10430011	达摩之冲阵斩马刀	刀斧类
10430012	达摩之冲阵斩马刀	刀斧类
10430013	达摩之冲阵斩马刀	刀斧类
10430014	达摩之冲阵斩马刀	刀斧类
10430015	达摩之冲阵斩马刀	刀斧类
10430016	达摩之冲阵斩马刀	刀斧类
10430017	达摩之冲阵斩马刀	刀斧类
10430018	达摩之冲阵斩马刀	刀斧类
10430019	达摩之冲阵斩马刀	刀斧类
10430020	达摩之冲阵斩马刀	刀斧类
10430021	达摩之劈水电光刀	刀斧类
10430022	达摩之劈水电光刀	刀斧类
10430023	达摩之劈水电光刀	刀斧类
10430024	达摩之劈水电光刀	刀斧类
10430025	达摩之劈水电光刀	刀斧类
10430026	达摩之劈水电光刀	刀斧类
10430027	达摩之劈水电光刀	刀斧类
10430028	达摩之劈水电光刀	刀斧类
10430029	达摩之劈水电光刀	刀斧类
10430030	达摩之劈水电光刀	刀斧类
10430031	达摩之鱼鳞贴金刀	刀斧类
10430032	达摩之鱼鳞贴金刀	刀斧类
10430033	达摩之鱼鳞贴金刀	刀斧类
10430034	达摩之鱼鳞贴金刀	刀斧类
10430035	达摩之鱼鳞贴金刀	刀斧类
10430036	达摩之鱼鳞贴金刀	刀斧类
10430037	达摩之鱼鳞贴金刀	刀斧类
10430038	达摩之鱼鳞贴金刀	刀斧类
10430039	达摩之鱼鳞贴金刀	刀斧类
10430040	达摩之鱼鳞贴金刀	刀斧类
10430041	达摩之混天盖地槊	刀斧类
10430042	达摩之混天盖地槊	刀斧类
10430043	达摩之混天盖地槊	刀斧类
10430044	达摩之混天盖地槊	刀斧类
10430045	达摩之混天盖地槊	刀斧类
10430046	达摩之混天盖地槊	刀斧类
10430047	达摩之混天盖地槊	刀斧类
10430048	达摩之混天盖地槊	刀斧类
10430049	达摩之混天盖地槊	刀斧类
10430050	达摩之混天盖地槊	刀斧类
10430051	达摩之双翅困龙钺	刀斧类
10430052	达摩之双翅困龙钺	刀斧类
10430053	达摩之双翅困龙钺	刀斧类
10430054	达摩之双翅困龙钺	刀斧类
10430055	达摩之双翅困龙钺	刀斧类
10430056	达摩之双翅困龙钺	刀斧类
10430057	达摩之双翅困龙钺	刀斧类
10430058	达摩之双翅困龙钺	刀斧类
10430059	达摩之双翅困龙钺	刀斧类
10430060	达摩之双翅困龙钺	刀斧类
10430061	达摩之凤翅镏金镋	刀斧类
10430062	达摩之凤翅镏金镋	刀斧类
10430063	达摩之凤翅镏金镋	刀斧类
10430064	达摩之凤翅镏金镋	刀斧类
10430065	达摩之凤翅镏金镋	刀斧类
10430066	达摩之凤翅镏金镋	刀斧类
10430067	达摩之凤翅镏金镋	刀斧类
10430068	达摩之凤翅镏金镋	刀斧类
10430069	达摩之凤翅镏金镋	刀斧类
10430070	达摩之凤翅镏金镋	刀斧类
10430071	达摩之合扇板门刀	刀斧类
10430072	达摩之合扇板门刀	刀斧类
10430073	达摩之合扇板门刀	刀斧类
10430074	达摩之合扇板门刀	刀斧类
10430075	达摩之合扇板门刀	刀斧类
10430076	达摩之合扇板门刀	刀斧类
10430077	达摩之合扇板门刀	刀斧类
10430078	达摩之合扇板门刀	刀斧类
10430079	达摩之合扇板门刀	刀斧类
10430080	达摩之合扇板门刀	刀斧类
10430081	达摩之青龙偃月刀	刀斧类
10430082	达摩之青龙偃月刀	刀斧类
10430083	达摩之青龙偃月刀	刀斧类
10430084	达摩之青龙偃月刀	刀斧类
10430085	达摩之青龙偃月刀	刀斧类
10430086	达摩之青龙偃月刀	刀斧类
10430087	达摩之青龙偃月刀	刀斧类
10430088	达摩之青龙偃月刀	刀斧类
10430089	达摩之青龙偃月刀	刀斧类
10430090	达摩之青龙偃月刀	刀斧类
10430091	达摩之铩羽	刀斧类
10430092	达摩之铩羽	刀斧类
10430093	达摩之铩羽	刀斧类
10430094	达摩之铩羽	刀斧类
10430095	达摩之铩羽	刀斧类
10430096	达摩之铩羽	刀斧类
10430097	达摩之铩羽	刀斧类
10430098	达摩之铩羽	刀斧类
10430099	达摩之铩羽	刀斧类
10430100	达摩之铩羽	刀斧类
10430101	圣火之镔铁连环刀	刀斧类
10430102	圣火之镔铁连环刀	刀斧类
10430103	圣火之镔铁连环刀	刀斧类
10430104	圣火之镔铁连环刀	刀斧类
10430105	圣火之镔铁连环刀	刀斧类
10430106	圣火之镔铁连环刀	刀斧类
10430107	圣火之镔铁连环刀	刀斧类
10430108	圣火之镔铁连环刀	刀斧类
10430109	圣火之镔铁连环刀	刀斧类
10430110	圣火之镔铁连环刀	刀斧类
10430111	圣火之冲阵斩马刀	刀斧类
10430112	圣火之冲阵斩马刀	刀斧类
10430113	圣火之冲阵斩马刀	刀斧类
10430114	圣火之冲阵斩马刀	刀斧类
10430115	圣火之冲阵斩马刀	刀斧类
10430116	圣火之冲阵斩马刀	刀斧类
10430117	圣火之冲阵斩马刀	刀斧类
10430118	圣火之冲阵斩马刀	刀斧类
10430119	圣火之冲阵斩马刀	刀斧类
10430120	圣火之冲阵斩马刀	刀斧类
10430121	圣火之劈水电光刀	刀斧类
10430122	圣火之劈水电光刀	刀斧类
10430123	圣火之劈水电光刀	刀斧类
10430124	圣火之劈水电光刀	刀斧类
10430125	圣火之劈水电光刀	刀斧类
10430126	圣火之劈水电光刀	刀斧类
10430127	圣火之劈水电光刀	刀斧类
10430128	圣火之劈水电光刀	刀斧类
10430129	圣火之劈水电光刀	刀斧类
10430130	圣火之劈水电光刀	刀斧类
10430131	圣火之鱼鳞贴金刀	刀斧类
10430132	圣火之鱼鳞贴金刀	刀斧类
10430133	圣火之鱼鳞贴金刀	刀斧类
10430134	圣火之鱼鳞贴金刀	刀斧类
10430135	圣火之鱼鳞贴金刀	刀斧类
10430136	圣火之鱼鳞贴金刀	刀斧类
10430137	圣火之鱼鳞贴金刀	刀斧类
10430138	圣火之鱼鳞贴金刀	刀斧类
10430139	圣火之鱼鳞贴金刀	刀斧类
10430140	圣火之鱼鳞贴金刀	刀斧类
10430141	圣火之混天盖地槊	刀斧类
10430142	圣火之混天盖地槊	刀斧类
10430143	圣火之混天盖地槊	刀斧类
10430144	圣火之混天盖地槊	刀斧类
10430145	圣火之混天盖地槊	刀斧类
10430146	圣火之混天盖地槊	刀斧类
10430147	圣火之混天盖地槊	刀斧类
10430148	圣火之混天盖地槊	刀斧类
10430149	圣火之混天盖地槊	刀斧类
10430150	圣火之混天盖地槊	刀斧类
10430151	圣火之双翅困龙钺	刀斧类
10430152	圣火之双翅困龙钺	刀斧类
10430153	圣火之双翅困龙钺	刀斧类
10430154	圣火之双翅困龙钺	刀斧类
10430155	圣火之双翅困龙钺	刀斧类
10430156	圣火之双翅困龙钺	刀斧类
10430157	圣火之双翅困龙钺	刀斧类
10430158	圣火之双翅困龙钺	刀斧类
10430159	圣火之双翅困龙钺	刀斧类
10430160	圣火之双翅困龙钺	刀斧类
10430161	圣火之凤翅镏金镋	刀斧类
10430162	圣火之凤翅镏金镋	刀斧类
10430163	圣火之凤翅镏金镋	刀斧类
10430164	圣火之凤翅镏金镋	刀斧类
10430165	圣火之凤翅镏金镋	刀斧类
10430166	圣火之凤翅镏金镋	刀斧类
10430167	圣火之凤翅镏金镋	刀斧类
10430168	圣火之凤翅镏金镋	刀斧类
10430169	圣火之凤翅镏金镋	刀斧类
10430170	圣火之凤翅镏金镋	刀斧类
10430171	圣火之合扇板门刀	刀斧类
10430172	圣火之合扇板门刀	刀斧类
10430173	圣火之合扇板门刀	刀斧类
10430174	圣火之合扇板门刀	刀斧类
10430175	圣火之合扇板门刀	刀斧类
10430176	圣火之合扇板门刀	刀斧类
10430177	圣火之合扇板门刀	刀斧类
10430178	圣火之合扇板门刀	刀斧类
10430179	圣火之合扇板门刀	刀斧类
10430180	圣火之合扇板门刀	刀斧类
10430181	圣火之青龙偃月刀	刀斧类
10430182	圣火之青龙偃月刀	刀斧类
10430183	圣火之青龙偃月刀	刀斧类
10430184	圣火之青龙偃月刀	刀斧类
10430185	圣火之青龙偃月刀	刀斧类
10430186	圣火之青龙偃月刀	刀斧类
10430187	圣火之青龙偃月刀	刀斧类
10430188	圣火之青龙偃月刀	刀斧类
10430189	圣火之青龙偃月刀	刀斧类
10430190	圣火之青龙偃月刀	刀斧类
10430191	圣火之铩羽	刀斧类
10430192	圣火之铩羽	刀斧类
10430193	圣火之铩羽	刀斧类
10430194	圣火之铩羽	刀斧类
10430195	圣火之铩羽	刀斧类
10430196	圣火之铩羽	刀斧类
10430197	圣火之铩羽	刀斧类
10430198	圣火之铩羽	刀斧类
10430199	圣火之铩羽	刀斧类
10430200	圣火之铩羽	刀斧类
10430201	降龙之镔铁连环刀	刀斧类
10430202	降龙之镔铁连环刀	刀斧类
10430203	降龙之镔铁连环刀	刀斧类
10430204	降龙之镔铁连环刀	刀斧类
10430205	降龙之镔铁连环刀	刀斧类
10430206	降龙之镔铁连环刀	刀斧类
10430207	降龙之镔铁连环刀	刀斧类
10430208	降龙之镔铁连环刀	刀斧类
10430209	降龙之镔铁连环刀	刀斧类
10430210	降龙之镔铁连环刀	刀斧类
10430211	降龙之冲阵斩马刀	刀斧类
10430212	降龙之冲阵斩马刀	刀斧类
10430213	降龙之冲阵斩马刀	刀斧类
10430214	降龙之冲阵斩马刀	刀斧类
10430215	降龙之冲阵斩马刀	刀斧类
10430216	降龙之冲阵斩马刀	刀斧类
10430217	降龙之冲阵斩马刀	刀斧类
10430218	降龙之冲阵斩马刀	刀斧类
10430219	降龙之冲阵斩马刀	刀斧类
10430220	降龙之冲阵斩马刀	刀斧类
10430221	降龙之劈水电光刀	刀斧类
10430222	降龙之劈水电光刀	刀斧类
10430223	降龙之劈水电光刀	刀斧类
10430224	降龙之劈水电光刀	刀斧类
10430225	降龙之劈水电光刀	刀斧类
10430226	降龙之劈水电光刀	刀斧类
10430227	降龙之劈水电光刀	刀斧类
10430228	降龙之劈水电光刀	刀斧类
10430229	降龙之劈水电光刀	刀斧类
10430230	降龙之劈水电光刀	刀斧类
10430231	降龙之鱼鳞贴金刀	刀斧类
10430232	降龙之鱼鳞贴金刀	刀斧类
10430233	降龙之鱼鳞贴金刀	刀斧类
10430234	降龙之鱼鳞贴金刀	刀斧类
10430235	降龙之鱼鳞贴金刀	刀斧类
10430236	降龙之鱼鳞贴金刀	刀斧类
10430237	降龙之鱼鳞贴金刀	刀斧类
10430238	降龙之鱼鳞贴金刀	刀斧类
10430239	降龙之鱼鳞贴金刀	刀斧类
10430240	降龙之鱼鳞贴金刀	刀斧类
10430241	降龙之混天盖地槊	刀斧类
10430242	降龙之混天盖地槊	刀斧类
10430243	降龙之混天盖地槊	刀斧类
10430244	降龙之混天盖地槊	刀斧类
10430245	降龙之混天盖地槊	刀斧类
10430246	降龙之混天盖地槊	刀斧类
10430247	降龙之混天盖地槊	刀斧类
10430248	降龙之混天盖地槊	刀斧类
10430249	降龙之混天盖地槊	刀斧类
10430250	降龙之混天盖地槊	刀斧类
10430251	降龙之双翅困龙钺	刀斧类
10430252	降龙之双翅困龙钺	刀斧类
10430253	降龙之双翅困龙钺	刀斧类
10430254	降龙之双翅困龙钺	刀斧类
10430255	降龙之双翅困龙钺	刀斧类
10430256	降龙之双翅困龙钺	刀斧类
10430257	降龙之双翅困龙钺	刀斧类
10430258	降龙之双翅困龙钺	刀斧类
10430259	降龙之双翅困龙钺	刀斧类
10430260	降龙之双翅困龙钺	刀斧类
10430261	降龙之凤翅镏金镋	刀斧类
10430262	降龙之凤翅镏金镋	刀斧类
10430263	降龙之凤翅镏金镋	刀斧类
10430264	降龙之凤翅镏金镋	刀斧类
10430265	降龙之凤翅镏金镋	刀斧类
10430266	降龙之凤翅镏金镋	刀斧类
10430267	降龙之凤翅镏金镋	刀斧类
10430268	降龙之凤翅镏金镋	刀斧类
10430269	降龙之凤翅镏金镋	刀斧类
10430270	降龙之凤翅镏金镋	刀斧类
10430271	降龙之合扇板门刀	刀斧类
10430272	降龙之合扇板门刀	刀斧类
10430273	降龙之合扇板门刀	刀斧类
10430274	降龙之合扇板门刀	刀斧类
10430275	降龙之合扇板门刀	刀斧类
10430276	降龙之合扇板门刀	刀斧类
10430277	降龙之合扇板门刀	刀斧类
10430278	降龙之合扇板门刀	刀斧类
10430279	降龙之合扇板门刀	刀斧类
10430280	降龙之合扇板门刀	刀斧类
10430281	降龙之青龙偃月刀	刀斧类
10430282	降龙之青龙偃月刀	刀斧类
10430283	降龙之青龙偃月刀	刀斧类
10430284	降龙之青龙偃月刀	刀斧类
10430285	降龙之青龙偃月刀	刀斧类
10430286	降龙之青龙偃月刀	刀斧类
10430287	降龙之青龙偃月刀	刀斧类
10430288	降龙之青龙偃月刀	刀斧类
10430289	降龙之青龙偃月刀	刀斧类
10430290	降龙之青龙偃月刀	刀斧类
10430291	降龙之铩羽	刀斧类
10430292	降龙之铩羽	刀斧类
10430293	降龙之铩羽	刀斧类
10430294	降龙之铩羽	刀斧类
10430295	降龙之铩羽	刀斧类
10430296	降龙之铩羽	刀斧类
10430297	降龙之铩羽	刀斧类
10430298	降龙之铩羽	刀斧类
10430299	降龙之铩羽	刀斧类
10430300	降龙之铩羽	刀斧类
10430301	枪棒	枪棒类
10430302	刀斧	刀斧类
10430303	单短	单短类
10430304	环	环类
10430305	扇	扇类
10430306	双短	双短类
10430307	未使用	刀斧类
10430308	未使用	刀斧类
10430309	未使用	刀斧类
10430310	未使用	刀斧类
10430311	未使用	刀斧类
10430312	未使用	刀斧类
10430313	未使用	刀斧类
10430314	未使用	刀斧类
10430315	未使用	刀斧类
10430316	未使用	刀斧类
10430317	未使用	刀斧类
10430318	未使用	刀斧类
10430319	未使用	刀斧类
10430320	未使用	刀斧类
10430321	未使用	刀斧类
10430322	未使用	刀斧类
10430323	未使用	刀斧类
10430324	未使用	刀斧类
10430325	未使用	刀斧类
10430326	未使用	刀斧类
10430327	未使用	刀斧类
10430328	未使用	刀斧类
10430329	未使用	刀斧类
10430330	未使用	刀斧类
10430331	未使用	刀斧类
10430332	未使用	刀斧类
10430333	未使用	刀斧类
10430334	未使用	刀斧类
10430335	未使用	刀斧类
10430336	未使用	刀斧类
10430337	未使用	刀斧类
10430338	未使用	刀斧类
10430339	未使用	刀斧类
10430340	未使用	刀斧类
10430341	未使用	刀斧类
10430342	未使用	刀斧类
10430343	未使用	刀斧类
10430344	未使用	刀斧类
10430345	未使用	刀斧类
10430346	未使用	刀斧类
10430347	未使用	刀斧类
10430348	未使用	刀斧类
10430349	未使用	刀斧类
10430350	未使用	刀斧类
10430351	未使用	刀斧类
10430352	未使用	刀斧类
10430353	未使用	刀斧类
10430354	未使用	刀斧类
10430355	未使用	刀斧类
10430356	未使用	刀斧类
10430357	未使用	刀斧类
10430358	未使用	刀斧类
10430359	未使用	刀斧类
10430360	未使用	刀斧类
10430361	未使用	刀斧类
10430362	未使用	刀斧类
10430363	未使用	刀斧类
10430364	未使用	刀斧类
10430365	未使用	刀斧类
10430366	未使用	刀斧类
10430367	未使用	刀斧类
10430368	未使用	刀斧类
10430369	未使用	刀斧类
10430370	未使用	刀斧类
10430371	未使用	刀斧类
10430372	未使用	刀斧类
10430373	未使用	刀斧类
10430374	未使用	刀斧类
10430375	未使用	刀斧类
10430376	未使用	刀斧类
10430377	未使用	刀斧类
10430378	未使用	刀斧类
10430379	未使用	刀斧类
10430380	未使用	刀斧类
10430381	未使用	刀斧类
10430382	未使用	刀斧类
10430383	未使用	刀斧类
10430384	未使用	刀斧类
10430385	未使用	刀斧类
10430386	未使用	刀斧类
10430387	未使用	刀斧类
10430388	未使用	刀斧类
10430389	未使用	刀斧类
10430390	未使用	刀斧类
10430391	未使用	刀斧类
10430392	未使用	刀斧类
10430393	未使用	刀斧类
10430394	未使用	刀斧类
10430395	未使用	刀斧类
10430396	未使用	刀斧类
10430397	未使用	刀斧类
10430398	未使用	刀斧类
10430399	未使用	刀斧类
10430400	未使用	刀斧类
10431001	达摩之镔铁皂缨枪	枪棒类
10431002	达摩之镔铁皂缨枪	枪棒类
10431003	达摩之镔铁皂缨枪	枪棒类
10431004	达摩之镔铁皂缨枪	枪棒类
10431005	达摩之镔铁皂缨枪	枪棒类
10431006	达摩之镔铁皂缨枪	枪棒类
10431007	达摩之镔铁皂缨枪	枪棒类
10431008	达摩之镔铁皂缨枪	枪棒类
10431009	达摩之镔铁皂缨枪	枪棒类
10431010	达摩之镔铁皂缨枪	枪棒类
10431011	达摩之虎尾丧门枪	枪棒类
10431012	达摩之虎尾丧门枪	枪棒类
10431013	达摩之虎尾丧门枪	枪棒类
10431014	达摩之虎尾丧门枪	枪棒类
10431015	达摩之虎尾丧门枪	枪棒类
10431016	达摩之虎尾丧门枪	枪棒类
10431017	达摩之虎尾丧门枪	枪棒类
10431018	达摩之虎尾丧门枪	枪棒类
10431019	达摩之虎尾丧门枪	枪棒类
10431020	达摩之虎尾丧门枪	枪棒类
10431021	达摩之烈焰火尖枪	枪棒类
10431022	达摩之烈焰火尖枪	枪棒类
10431023	达摩之烈焰火尖枪	枪棒类
10431024	达摩之烈焰火尖枪	枪棒类
10431025	达摩之烈焰火尖枪	枪棒类
10431026	达摩之烈焰火尖枪	枪棒类
10431027	达摩之烈焰火尖枪	枪棒类
10431028	达摩之烈焰火尖枪	枪棒类
10431029	达摩之烈焰火尖枪	枪棒类
10431030	达摩之烈焰火尖枪	枪棒类
10431031	达摩之惊魂夺魄枪	枪棒类
10431032	达摩之惊魂夺魄枪	枪棒类
10431033	达摩之惊魂夺魄枪	枪棒类
10431034	达摩之惊魂夺魄枪	枪棒类
10431035	达摩之惊魂夺魄枪	枪棒类
10431036	达摩之惊魂夺魄枪	枪棒类
10431037	达摩之惊魂夺魄枪	枪棒类
10431038	达摩之惊魂夺魄枪	枪棒类
10431039	达摩之惊魂夺魄枪	枪棒类
10431040	达摩之惊魂夺魄枪	枪棒类
10431041	达摩之双钩银丝枪	枪棒类
10431042	达摩之双钩银丝枪	枪棒类
10431043	达摩之双钩银丝枪	枪棒类
10431044	达摩之双钩银丝枪	枪棒类
10431045	达摩之双钩银丝枪	枪棒类
10431046	达摩之双钩银丝枪	枪棒类
10431047	达摩之双钩银丝枪	枪棒类
10431048	达摩之双钩银丝枪	枪棒类
10431049	达摩之双钩银丝枪	枪棒类
10431050	达摩之双钩银丝枪	枪棒类
10431051	达摩之皂金虎头枪	枪棒类
10431052	达摩之皂金虎头枪	枪棒类
10431053	达摩之皂金虎头枪	枪棒类
10431054	达摩之皂金虎头枪	枪棒类
10431055	达摩之皂金虎头枪	枪棒类
10431056	达摩之皂金虎头枪	枪棒类
10431057	达摩之皂金虎头枪	枪棒类
10431058	达摩之皂金虎头枪	枪棒类
10431059	达摩之皂金虎头枪	枪棒类
10431060	达摩之皂金虎头枪	枪棒类
10431061	达摩之盘龙梅花戟	枪棒类
10431062	达摩之盘龙梅花戟	枪棒类
10431063	达摩之盘龙梅花戟	枪棒类
10431064	达摩之盘龙梅花戟	枪棒类
10431065	达摩之盘龙梅花戟	枪棒类
10431066	达摩之盘龙梅花戟	枪棒类
10431067	达摩之盘龙梅花戟	枪棒类
10431068	达摩之盘龙梅花戟	枪棒类
10431069	达摩之盘龙梅花戟	枪棒类
10431070	达摩之盘龙梅花戟	枪棒类
10431071	达摩之丈八蛇矛枪	枪棒类
10431072	达摩之丈八蛇矛枪	枪棒类
10431073	达摩之丈八蛇矛枪	枪棒类
10431074	达摩之丈八蛇矛枪	枪棒类
10431075	达摩之丈八蛇矛枪	枪棒类
10431076	达摩之丈八蛇矛枪	枪棒类
10431077	达摩之丈八蛇矛枪	枪棒类
10431078	达摩之丈八蛇矛枪	枪棒类
10431079	达摩之丈八蛇矛枪	枪棒类
10431080	达摩之丈八蛇矛枪	枪棒类
10431081	达摩之冰银钻龙叉	枪棒类
10431082	达摩之冰银钻龙叉	枪棒类
10431083	达摩之冰银钻龙叉	枪棒类
10431084	达摩之冰银钻龙叉	枪棒类
10431085	达摩之冰银钻龙叉	枪棒类
10431086	达摩之冰银钻龙叉	枪棒类
10431087	达摩之冰银钻龙叉	枪棒类
10431088	达摩之冰银钻龙叉	枪棒类
10431089	达摩之冰银钻龙叉	枪棒类
10431090	达摩之冰银钻龙叉	枪棒类
10431091	达摩之天崩	枪棒类
10431092	达摩之天崩	枪棒类
10431093	达摩之天崩	枪棒类
10431094	达摩之天崩	枪棒类
10431095	达摩之天崩	枪棒类
10431096	达摩之天崩	枪棒类
10431097	达摩之天崩	枪棒类
10431098	达摩之天崩	枪棒类
10431099	达摩之天崩	枪棒类
10431100	达摩之天崩	枪棒类
10431101	圣火之镔铁皂缨枪	枪棒类
10431102	圣火之镔铁皂缨枪	枪棒类
10431103	圣火之镔铁皂缨枪	枪棒类
10431104	圣火之镔铁皂缨枪	枪棒类
10431105	圣火之镔铁皂缨枪	枪棒类
10431106	圣火之镔铁皂缨枪	枪棒类
10431107	圣火之镔铁皂缨枪	枪棒类
10431108	圣火之镔铁皂缨枪	枪棒类
10431109	圣火之镔铁皂缨枪	枪棒类
10431110	圣火之镔铁皂缨枪	枪棒类
10431111	圣火之虎尾丧门枪	枪棒类
10431112	圣火之虎尾丧门枪	枪棒类
10431113	圣火之虎尾丧门枪	枪棒类
10431114	圣火之虎尾丧门枪	枪棒类
10431115	圣火之虎尾丧门枪	枪棒类
10431116	圣火之虎尾丧门枪	枪棒类
10431117	圣火之虎尾丧门枪	枪棒类
10431118	圣火之虎尾丧门枪	枪棒类
10431119	圣火之虎尾丧门枪	枪棒类
10431120	圣火之虎尾丧门枪	枪棒类
10431121	圣火之烈焰火尖枪	枪棒类
10431122	圣火之烈焰火尖枪	枪棒类
10431123	圣火之烈焰火尖枪	枪棒类
10431124	圣火之烈焰火尖枪	枪棒类
10431125	圣火之烈焰火尖枪	枪棒类
10431126	圣火之烈焰火尖枪	枪棒类
10431127	圣火之烈焰火尖枪	枪棒类
10431128	圣火之烈焰火尖枪	枪棒类
10431129	圣火之烈焰火尖枪	枪棒类
10431130	圣火之烈焰火尖枪	枪棒类
10431131	圣火之惊魂夺魄枪	枪棒类
10431132	圣火之惊魂夺魄枪	枪棒类
10431133	圣火之惊魂夺魄枪	枪棒类
10431134	圣火之惊魂夺魄枪	枪棒类
10431135	圣火之惊魂夺魄枪	枪棒类
10431136	圣火之惊魂夺魄枪	枪棒类
10431137	圣火之惊魂夺魄枪	枪棒类
10431138	圣火之惊魂夺魄枪	枪棒类
10431139	圣火之惊魂夺魄枪	枪棒类
10431140	圣火之惊魂夺魄枪	枪棒类
10431141	圣火之双钩银丝枪	枪棒类
10431142	圣火之双钩银丝枪	枪棒类
10431143	圣火之双钩银丝枪	枪棒类
10431144	圣火之双钩银丝枪	枪棒类
10431145	圣火之双钩银丝枪	枪棒类
10431146	圣火之双钩银丝枪	枪棒类
10431147	圣火之双钩银丝枪	枪棒类
10431148	圣火之双钩银丝枪	枪棒类
10431149	圣火之双钩银丝枪	枪棒类
10431150	圣火之双钩银丝枪	枪棒类
10431151	圣火之皂金虎头枪	枪棒类
10431152	圣火之皂金虎头枪	枪棒类
10431153	圣火之皂金虎头枪	枪棒类
10431154	圣火之皂金虎头枪	枪棒类
10431155	圣火之皂金虎头枪	枪棒类
10431156	圣火之皂金虎头枪	枪棒类
10431157	圣火之皂金虎头枪	枪棒类
10431158	圣火之皂金虎头枪	枪棒类
10431159	圣火之皂金虎头枪	枪棒类
10431160	圣火之皂金虎头枪	枪棒类
10431161	圣火之盘龙梅花戟	枪棒类
10431162	圣火之盘龙梅花戟	枪棒类
10431163	圣火之盘龙梅花戟	枪棒类
10431164	圣火之盘龙梅花戟	枪棒类
10431165	圣火之盘龙梅花戟	枪棒类
10431166	圣火之盘龙梅花戟	枪棒类
10431167	圣火之盘龙梅花戟	枪棒类
10431168	圣火之盘龙梅花戟	枪棒类
10431169	圣火之盘龙梅花戟	枪棒类
10431170	圣火之盘龙梅花戟	枪棒类
10431171	圣火之丈八蛇矛枪	枪棒类
10431172	圣火之丈八蛇矛枪	枪棒类
10431173	圣火之丈八蛇矛枪	枪棒类
10431174	圣火之丈八蛇矛枪	枪棒类
10431175	圣火之丈八蛇矛枪	枪棒类
10431176	圣火之丈八蛇矛枪	枪棒类
10431177	圣火之丈八蛇矛枪	枪棒类
10431178	圣火之丈八蛇矛枪	枪棒类
10431179	圣火之丈八蛇矛枪	枪棒类
10431180	圣火之丈八蛇矛枪	枪棒类
10431181	圣火之冰银钻龙叉	枪棒类
10431182	圣火之冰银钻龙叉	枪棒类
10431183	圣火之冰银钻龙叉	枪棒类
10431184	圣火之冰银钻龙叉	枪棒类
10431185	圣火之冰银钻龙叉	枪棒类
10431186	圣火之冰银钻龙叉	枪棒类
10431187	圣火之冰银钻龙叉	枪棒类
10431188	圣火之冰银钻龙叉	枪棒类
10431189	圣火之冰银钻龙叉	枪棒类
10431190	圣火之冰银钻龙叉	枪棒类
10431191	圣火之天崩	枪棒类
10431192	圣火之天崩	枪棒类
10431193	圣火之天崩	枪棒类
10431194	圣火之天崩	枪棒类
10431195	圣火之天崩	枪棒类
10431196	圣火之天崩	枪棒类
10431197	圣火之天崩	枪棒类
10431198	圣火之天崩	枪棒类
10431199	圣火之天崩	枪棒类
10431200	圣火之天崩	枪棒类
10431201	降龙之镔铁皂缨枪	枪棒类
10431202	降龙之镔铁皂缨枪	枪棒类
10431203	降龙之镔铁皂缨枪	枪棒类
10431204	降龙之镔铁皂缨枪	枪棒类
10431205	降龙之镔铁皂缨枪	枪棒类
10431206	降龙之镔铁皂缨枪	枪棒类
10431207	降龙之镔铁皂缨枪	枪棒类
10431208	降龙之镔铁皂缨枪	枪棒类
10431209	降龙之镔铁皂缨枪	枪棒类
10431210	降龙之镔铁皂缨枪	枪棒类
10431211	降龙之虎尾丧门枪	枪棒类
10431212	降龙之虎尾丧门枪	枪棒类
10431213	降龙之虎尾丧门枪	枪棒类
10431214	降龙之虎尾丧门枪	枪棒类
10431215	降龙之虎尾丧门枪	枪棒类
10431216	降龙之虎尾丧门枪	枪棒类
10431217	降龙之虎尾丧门枪	枪棒类
10431218	降龙之虎尾丧门枪	枪棒类
10431219	降龙之虎尾丧门枪	枪棒类
10431220	降龙之虎尾丧门枪	枪棒类
10431221	降龙之烈焰火尖枪	枪棒类
10431222	降龙之烈焰火尖枪	枪棒类
10431223	降龙之烈焰火尖枪	枪棒类
10431224	降龙之烈焰火尖枪	枪棒类
10431225	降龙之烈焰火尖枪	枪棒类
10431226	降龙之烈焰火尖枪	枪棒类
10431227	降龙之烈焰火尖枪	枪棒类
10431228	降龙之烈焰火尖枪	枪棒类
10431229	降龙之烈焰火尖枪	枪棒类
10431230	降龙之烈焰火尖枪	枪棒类
10431231	降龙之惊魂夺魄枪	枪棒类
10431232	降龙之惊魂夺魄枪	枪棒类
10431233	降龙之惊魂夺魄枪	枪棒类
10431234	降龙之惊魂夺魄枪	枪棒类
10431235	降龙之惊魂夺魄枪	枪棒类
10431236	降龙之惊魂夺魄枪	枪棒类
10431237	降龙之惊魂夺魄枪	枪棒类
10431238	降龙之惊魂夺魄枪	枪棒类
10431239	降龙之惊魂夺魄枪	枪棒类
10431240	降龙之惊魂夺魄枪	枪棒类
10431241	降龙之双钩银丝枪	枪棒类
10431242	降龙之双钩银丝枪	枪棒类
10431243	降龙之双钩银丝枪	枪棒类
10431244	降龙之双钩银丝枪	枪棒类
10431245	降龙之双钩银丝枪	枪棒类
10431246	降龙之双钩银丝枪	枪棒类
10431247	降龙之双钩银丝枪	枪棒类
10431248	降龙之双钩银丝枪	枪棒类
10431249	降龙之双钩银丝枪	枪棒类
10431250	降龙之双钩银丝枪	枪棒类
10431251	降龙之皂金虎头枪	枪棒类
10431252	降龙之皂金虎头枪	枪棒类
10431253	降龙之皂金虎头枪	枪棒类
10431254	降龙之皂金虎头枪	枪棒类
10431255	降龙之皂金虎头枪	枪棒类
10431256	降龙之皂金虎头枪	枪棒类
10431257	降龙之皂金虎头枪	枪棒类
10431258	降龙之皂金虎头枪	枪棒类
10431259	降龙之皂金虎头枪	枪棒类
10431260	降龙之皂金虎头枪	枪棒类
10431261	降龙之盘龙梅花戟	枪棒类
10431262	降龙之盘龙梅花戟	枪棒类
10431263	降龙之盘龙梅花戟	枪棒类
10431264	降龙之盘龙梅花戟	枪棒类
10431265	降龙之盘龙梅花戟	枪棒类
10431266	降龙之盘龙梅花戟	枪棒类
10431267	降龙之盘龙梅花戟	枪棒类
10431268	降龙之盘龙梅花戟	枪棒类
10431269	降龙之盘龙梅花戟	枪棒类
10431270	降龙之盘龙梅花戟	枪棒类
10431271	降龙之丈八蛇矛枪	枪棒类
10431272	降龙之丈八蛇矛枪	枪棒类
10431273	降龙之丈八蛇矛枪	枪棒类
10431274	降龙之丈八蛇矛枪	枪棒类
10431275	降龙之丈八蛇矛枪	枪棒类
10431276	降龙之丈八蛇矛枪	枪棒类
10431277	降龙之丈八蛇矛枪	枪棒类
10431278	降龙之丈八蛇矛枪	枪棒类
10431279	降龙之丈八蛇矛枪	枪棒类
10431280	降龙之丈八蛇矛枪	枪棒类
10431281	降龙之冰银钻龙叉	枪棒类
10431282	降龙之冰银钻龙叉	枪棒类
10431283	降龙之冰银钻龙叉	枪棒类
10431284	降龙之冰银钻龙叉	枪棒类
10431285	降龙之冰银钻龙叉	枪棒类
10431286	降龙之冰银钻龙叉	枪棒类
10431287	降龙之冰银钻龙叉	枪棒类
10431288	降龙之冰银钻龙叉	枪棒类
10431289	降龙之冰银钻龙叉	枪棒类
10431290	降龙之冰银钻龙叉	枪棒类
10431291	降龙之天崩	枪棒类
10431292	降龙之天崩	枪棒类
10431293	降龙之天崩	枪棒类
10431294	降龙之天崩	枪棒类
10431295	降龙之天崩	枪棒类
10431296	降龙之天崩	枪棒类
10431297	降龙之天崩	枪棒类
10431298	降龙之天崩	枪棒类
10431299	降龙之天崩	枪棒类
10431300	降龙之天崩	枪棒类
10431301	未使用	枪棒类
10431302	未使用	枪棒类
10431303	未使用	枪棒类
10431304	未使用	枪棒类
10431305	未使用	枪棒类
10431306	未使用	枪棒类
10431307	未使用	枪棒类
10431308	未使用	枪棒类
10431309	未使用	枪棒类
10431310	未使用	枪棒类
10431311	未使用	枪棒类
10431312	未使用	枪棒类
10431313	未使用	枪棒类
10431314	未使用	枪棒类
10431315	未使用	枪棒类
10431316	未使用	枪棒类
10431317	未使用	枪棒类
10431318	未使用	枪棒类
10431319	未使用	枪棒类
10431320	未使用	枪棒类
10431321	未使用	枪棒类
10431322	未使用	枪棒类
10431323	未使用	枪棒类
10431324	未使用	枪棒类
10431325	未使用	枪棒类
10431326	未使用	枪棒类
10431327	未使用	枪棒类
10431328	未使用	枪棒类
10431329	未使用	枪棒类
10431330	未使用	枪棒类
10431331	未使用	枪棒类
10431332	未使用	枪棒类
10431333	未使用	枪棒类
10431334	未使用	枪棒类
10431335	未使用	枪棒类
10431336	未使用	枪棒类
10431337	未使用	枪棒类
10431338	未使用	枪棒类
10431339	未使用	枪棒类
10431340	未使用	枪棒类
10431341	未使用	枪棒类
10431342	未使用	枪棒类
10431343	未使用	枪棒类
10431344	未使用	枪棒类
10431345	未使用	枪棒类
10431346	未使用	枪棒类
10431347	未使用	枪棒类
10431348	未使用	枪棒类
10431349	未使用	枪棒类
10431350	未使用	枪棒类
10431351	未使用	枪棒类
10431352	未使用	枪棒类
10431353	未使用	枪棒类
10431354	未使用	枪棒类
10431355	未使用	枪棒类
10431356	未使用	枪棒类
10431357	未使用	枪棒类
10431358	未使用	枪棒类
10431359	未使用	枪棒类
10431360	未使用	枪棒类
10431361	未使用	枪棒类
10431362	未使用	枪棒类
10431363	未使用	枪棒类
10431364	未使用	枪棒类
10431365	未使用	枪棒类
10431366	未使用	枪棒类
10431367	未使用	枪棒类
10431368	未使用	枪棒类
10431369	未使用	枪棒类
10431370	未使用	枪棒类
10431371	未使用	枪棒类
10431372	未使用	枪棒类
10431373	未使用	枪棒类
10431374	未使用	枪棒类
10431375	未使用	枪棒类
10431376	未使用	枪棒类
10431377	未使用	枪棒类
10431378	未使用	枪棒类
10431379	未使用	枪棒类
10431380	未使用	枪棒类
10431381	未使用	枪棒类
10431382	未使用	枪棒类
10431383	未使用	枪棒类
10431384	未使用	枪棒类
10431385	未使用	枪棒类
10431386	未使用	枪棒类
10431387	未使用	枪棒类
10431388	未使用	枪棒类
10431389	未使用	枪棒类
10431390	未使用	枪棒类
10431391	未使用	枪棒类
10431392	未使用	枪棒类
10431393	未使用	枪棒类
10431394	未使用	枪棒类
10431395	未使用	枪棒类
10431396	未使用	枪棒类
10431397	未使用	枪棒类
10431398	未使用	枪棒类
10431399	未使用	枪棒类
10431400	未使用	枪棒类
10432001	玉女之龙纹桃木剑	单短类
10432002	玉女之龙纹桃木剑	单短类
10432003	玉女之龙纹桃木剑	单短类
10432004	玉女之龙纹桃木剑	单短类
10432005	玉女之龙纹桃木剑	单短类
10432006	玉女之龙纹桃木剑	单短类
10432007	玉女之龙纹桃木剑	单短类
10432008	玉女之龙纹桃木剑	单短类
10432009	玉女之龙纹桃木剑	单短类
10432010	玉女之龙纹桃木剑	单短类
10432011	玉女之霜华青光剑	单短类
10432012	玉女之霜华青光剑	单短类
10432013	玉女之霜华青光剑	单短类
10432014	玉女之霜华青光剑	单短类
10432015	玉女之霜华青光剑	单短类
10432016	玉女之霜华青光剑	单短类
10432017	玉女之霜华青光剑	单短类
10432018	玉女之霜华青光剑	单短类
10432019	玉女之霜华青光剑	单短类
10432020	玉女之霜华青光剑	单短类
10432021	玉女之奇绝碧灵剑	单短类
10432022	玉女之奇绝碧灵剑	单短类
10432023	玉女之奇绝碧灵剑	单短类
10432024	玉女之奇绝碧灵剑	单短类
10432025	玉女之奇绝碧灵剑	单短类
10432026	玉女之奇绝碧灵剑	单短类
10432027	玉女之奇绝碧灵剑	单短类
10432028	玉女之奇绝碧灵剑	单短类
10432029	玉女之奇绝碧灵剑	单短类
10432030	玉女之奇绝碧灵剑	单短类
10432031	玉女之虎头飞镰刃	单短类
10432032	玉女之虎头飞镰刃	单短类
10432033	玉女之虎头飞镰刃	单短类
10432034	玉女之虎头飞镰刃	单短类
10432035	玉女之虎头飞镰刃	单短类
10432036	玉女之虎头飞镰刃	单短类
10432037	玉女之虎头飞镰刃	单短类
10432038	玉女之虎头飞镰刃	单短类
10432039	玉女之虎头飞镰刃	单短类
10432040	玉女之虎头飞镰刃	单短类
10432041	玉女之镇妖屠魔剑	单短类
10432042	玉女之镇妖屠魔剑	单短类
10432043	玉女之镇妖屠魔剑	单短类
10432044	玉女之镇妖屠魔剑	单短类
10432045	玉女之镇妖屠魔剑	单短类
10432046	玉女之镇妖屠魔剑	单短类
10432047	玉女之镇妖屠魔剑	单短类
10432048	玉女之镇妖屠魔剑	单短类
10432049	玉女之镇妖屠魔剑	单短类
10432050	玉女之镇妖屠魔剑	单短类
10432051	玉女之化血凝碧剑	单短类
10432052	玉女之化血凝碧剑	单短类
10432053	玉女之化血凝碧剑	单短类
10432054	玉女之化血凝碧剑	单短类
10432055	玉女之化血凝碧剑	单短类
10432056	玉女之化血凝碧剑	单短类
10432057	玉女之化血凝碧剑	单短类
10432058	玉女之化血凝碧剑	单短类
10432059	玉女之化血凝碧剑	单短类
10432060	玉女之化血凝碧剑	单短类
10432061	玉女之六合七星剑	单短类
10432062	玉女之六合七星剑	单短类
10432063	玉女之六合七星剑	单短类
10432064	玉女之六合七星剑	单短类
10432065	玉女之六合七星剑	单短类
10432066	玉女之六合七星剑	单短类
10432067	玉女之六合七星剑	单短类
10432068	玉女之六合七星剑	单短类
10432069	玉女之六合七星剑	单短类
10432070	玉女之六合七星剑	单短类
10432071	玉女之天皇苍龙刀	单短类
10432072	玉女之天皇苍龙刀	单短类
10432073	玉女之天皇苍龙刀	单短类
10432074	玉女之天皇苍龙刀	单短类
10432075	玉女之天皇苍龙刀	单短类
10432076	玉女之天皇苍龙刀	单短类
10432077	玉女之天皇苍龙刀	单短类
10432078	玉女之天皇苍龙刀	单短类
10432079	玉女之天皇苍龙刀	单短类
10432080	玉女之天皇苍龙刀	单短类
10432081	玉女之青虹百战剑	单短类
10432082	玉女之青虹百战剑	单短类
10432083	玉女之青虹百战剑	单短类
10432084	玉女之青虹百战剑	单短类
10432085	玉女之青虹百战剑	单短类
10432086	玉女之青虹百战剑	单短类
10432087	玉女之青虹百战剑	单短类
10432088	玉女之青虹百战剑	单短类
10432089	玉女之青虹百战剑	单短类
10432090	玉女之青虹百战剑	单短类
10432091	玉女之混沌	单短类
10432092	玉女之混沌	单短类
10432093	玉女之混沌	单短类
10432094	玉女之混沌	单短类
10432095	玉女之混沌	单短类
10432096	玉女之混沌	单短类
10432097	玉女之混沌	单短类
10432098	玉女之混沌	单短类
10432099	玉女之混沌	单短类
10432100	玉女之混沌	单短类
10432101	无极之龙纹桃木剑	单短类
10432102	无极之龙纹桃木剑	单短类
10432103	无极之龙纹桃木剑	单短类
10432104	无极之龙纹桃木剑	单短类
10432105	无极之龙纹桃木剑	单短类
10432106	无极之龙纹桃木剑	单短类
10432107	无极之龙纹桃木剑	单短类
10432108	无极之龙纹桃木剑	单短类
10432109	无极之龙纹桃木剑	单短类
10432110	无极之龙纹桃木剑	单短类
10432111	无极之霜华青光剑	单短类
10432112	无极之霜华青光剑	单短类
10432113	无极之霜华青光剑	单短类
10432114	无极之霜华青光剑	单短类
10432115	无极之霜华青光剑	单短类
10432116	无极之霜华青光剑	单短类
10432117	无极之霜华青光剑	单短类
10432118	无极之霜华青光剑	单短类
10432119	无极之霜华青光剑	单短类
10432120	无极之霜华青光剑	单短类
10432121	无极之奇绝碧灵剑	单短类
10432122	无极之奇绝碧灵剑	单短类
10432123	无极之奇绝碧灵剑	单短类
10432124	无极之奇绝碧灵剑	单短类
10432125	无极之奇绝碧灵剑	单短类
10432126	无极之奇绝碧灵剑	单短类
10432127	无极之奇绝碧灵剑	单短类
10432128	无极之奇绝碧灵剑	单短类
10432129	无极之奇绝碧灵剑	单短类
10432130	无极之奇绝碧灵剑	单短类
10432131	无极之虎头飞镰刃	单短类
10432132	无极之虎头飞镰刃	单短类
10432133	无极之虎头飞镰刃	单短类
10432134	无极之虎头飞镰刃	单短类
10432135	无极之虎头飞镰刃	单短类
10432136	无极之虎头飞镰刃	单短类
10432137	无极之虎头飞镰刃	单短类
10432138	无极之虎头飞镰刃	单短类
10432139	无极之虎头飞镰刃	单短类
10432140	无极之虎头飞镰刃	单短类
10432141	无极之镇妖屠魔剑	单短类
10432142	无极之镇妖屠魔剑	单短类
10432143	无极之镇妖屠魔剑	单短类
10432144	无极之镇妖屠魔剑	单短类
10432145	无极之镇妖屠魔剑	单短类
10432146	无极之镇妖屠魔剑	单短类
10432147	无极之镇妖屠魔剑	单短类
10432148	无极之镇妖屠魔剑	单短类
10432149	无极之镇妖屠魔剑	单短类
10432150	无极之镇妖屠魔剑	单短类
10432151	无极之化血凝碧剑	单短类
10432152	无极之化血凝碧剑	单短类
10432153	无极之化血凝碧剑	单短类
10432154	无极之化血凝碧剑	单短类
10432155	无极之化血凝碧剑	单短类
10432156	无极之化血凝碧剑	单短类
10432157	无极之化血凝碧剑	单短类
10432158	无极之化血凝碧剑	单短类
10432159	无极之化血凝碧剑	单短类
10432160	无极之化血凝碧剑	单短类
10432161	无极之六合七星剑	单短类
10432162	无极之六合七星剑	单短类
10432163	无极之六合七星剑	单短类
10432164	无极之六合七星剑	单短类
10432165	无极之六合七星剑	单短类
10432166	无极之六合七星剑	单短类
10432167	无极之六合七星剑	单短类
10432168	无极之六合七星剑	单短类
10432169	无极之六合七星剑	单短类
10432170	无极之六合七星剑	单短类
10432171	无极之天皇苍龙刀	单短类
10432172	无极之天皇苍龙刀	单短类
10432173	无极之天皇苍龙刀	单短类
10432174	无极之天皇苍龙刀	单短类
10432175	无极之天皇苍龙刀	单短类
10432176	无极之天皇苍龙刀	单短类
10432177	无极之天皇苍龙刀	单短类
10432178	无极之天皇苍龙刀	单短类
10432179	无极之天皇苍龙刀	单短类
10432180	无极之天皇苍龙刀	单短类
10432181	无极之青虹百战剑	单短类
10432182	无极之青虹百战剑	单短类
10432183	无极之青虹百战剑	单短类
10432184	无极之青虹百战剑	单短类
10432185	无极之青虹百战剑	单短类
10432186	无极之青虹百战剑	单短类
10432187	无极之青虹百战剑	单短类
10432188	无极之青虹百战剑	单短类
10432189	无极之青虹百战剑	单短类
10432190	无极之青虹百战剑	单短类
10432191	无极之混沌	单短类
10432192	无极之混沌	单短类
10432193	无极之混沌	单短类
10432194	无极之混沌	单短类
10432195	无极之混沌	单短类
10432196	无极之混沌	单短类
10432197	无极之混沌	单短类
10432198	无极之混沌	单短类
10432199	无极之混沌	单短类
10432200	无极之混沌	单短类
10432201	荒毒之龙纹桃木剑	单短类
10432202	荒毒之龙纹桃木剑	单短类
10432203	荒毒之龙纹桃木剑	单短类
10432204	荒毒之龙纹桃木剑	单短类
10432205	荒毒之龙纹桃木剑	单短类
10432206	荒毒之龙纹桃木剑	单短类
10432207	荒毒之龙纹桃木剑	单短类
10432208	荒毒之龙纹桃木剑	单短类
10432209	荒毒之龙纹桃木剑	单短类
10432210	荒毒之龙纹桃木剑	单短类
10432211	荒毒之霜华青光剑	单短类
10432212	荒毒之霜华青光剑	单短类
10432213	荒毒之霜华青光剑	单短类
10432214	荒毒之霜华青光剑	单短类
10432215	荒毒之霜华青光剑	单短类
10432216	荒毒之霜华青光剑	单短类
10432217	荒毒之霜华青光剑	单短类
10432218	荒毒之霜华青光剑	单短类
10432219	荒毒之霜华青光剑	单短类
10432220	荒毒之霜华青光剑	单短类
10432221	荒毒之奇绝碧灵剑	单短类
10432222	荒毒之奇绝碧灵剑	单短类
10432223	荒毒之奇绝碧灵剑	单短类
10432224	荒毒之奇绝碧灵剑	单短类
10432225	荒毒之奇绝碧灵剑	单短类
10432226	荒毒之奇绝碧灵剑	单短类
10432227	荒毒之奇绝碧灵剑	单短类
10432228	荒毒之奇绝碧灵剑	单短类
10432229	荒毒之奇绝碧灵剑	单短类
10432230	荒毒之奇绝碧灵剑	单短类
10432231	荒毒之虎头飞镰刃	单短类
10432232	荒毒之虎头飞镰刃	单短类
10432233	荒毒之虎头飞镰刃	单短类
10432234	荒毒之虎头飞镰刃	单短类
10432235	荒毒之虎头飞镰刃	单短类
10432236	荒毒之虎头飞镰刃	单短类
10432237	荒毒之虎头飞镰刃	单短类
10432238	荒毒之虎头飞镰刃	单短类
10432239	荒毒之虎头飞镰刃	单短类
10432240	荒毒之虎头飞镰刃	单短类
10432241	荒毒之镇妖屠魔剑	单短类
10432242	荒毒之镇妖屠魔剑	单短类
10432243	荒毒之镇妖屠魔剑	单短类
10432244	荒毒之镇妖屠魔剑	单短类
10432245	荒毒之镇妖屠魔剑	单短类
10432246	荒毒之镇妖屠魔剑	单短类
10432247	荒毒之镇妖屠魔剑	单短类
10432248	荒毒之镇妖屠魔剑	单短类
10432249	荒毒之镇妖屠魔剑	单短类
10432250	荒毒之镇妖屠魔剑	单短类
10432251	荒毒之化血凝碧剑	单短类
10432252	荒毒之化血凝碧剑	单短类
10432253	荒毒之化血凝碧剑	单短类
10432254	荒毒之化血凝碧剑	单短类
10432255	荒毒之化血凝碧剑	单短类
10432256	荒毒之化血凝碧剑	单短类
10432257	荒毒之化血凝碧剑	单短类
10432258	荒毒之化血凝碧剑	单短类
10432259	荒毒之化血凝碧剑	单短类
10432260	荒毒之化血凝碧剑	单短类
10432261	荒毒之六合七星剑	单短类
10432262	荒毒之六合七星剑	单短类
10432263	荒毒之六合七星剑	单短类
10432264	荒毒之六合七星剑	单短类
10432265	荒毒之六合七星剑	单短类
10432266	荒毒之六合七星剑	单短类
10432267	荒毒之六合七星剑	单短类
10432268	荒毒之六合七星剑	单短类
10432269	荒毒之六合七星剑	单短类
10432270	荒毒之六合七星剑	单短类
10432271	荒毒之天皇苍龙刀	单短类
10432272	荒毒之天皇苍龙刀	单短类
10432273	荒毒之天皇苍龙刀	单短类
10432274	荒毒之天皇苍龙刀	单短类
10432275	荒毒之天皇苍龙刀	单短类
10432276	荒毒之天皇苍龙刀	单短类
10432277	荒毒之天皇苍龙刀	单短类
10432278	荒毒之天皇苍龙刀	单短类
10432279	荒毒之天皇苍龙刀	单短类
10432280	荒毒之天皇苍龙刀	单短类
10432281	荒毒之青虹百战剑	单短类
10432282	荒毒之青虹百战剑	单短类
10432283	荒毒之青虹百战剑	单短类
10432284	荒毒之青虹百战剑	单短类
10432285	荒毒之青虹百战剑	单短类
10432286	荒毒之青虹百战剑	单短类
10432287	荒毒之青虹百战剑	单短类
10432288	荒毒之青虹百战剑	单短类
10432289	荒毒之青虹百战剑	单短类
10432290	荒毒之青虹百战剑	单短类
10432291	荒毒之混沌	单短类
10432292	荒毒之混沌	单短类
10432293	荒毒之混沌	单短类
10432294	荒毒之混沌	单短类
10432295	荒毒之混沌	单短类
10432296	荒毒之混沌	单短类
10432297	荒毒之混沌	单短类
10432298	荒毒之混沌	单短类
10432299	荒毒之混沌	单短类
10432300	荒毒之混沌	单短类
10432301	未使用	单短类
10432302	未使用	单短类
10432303	未使用	单短类
10432304	未使用	单短类
10432305	未使用	单短类
10432306	未使用	单短类
10432307	未使用	单短类
10432308	未使用	单短类
10432309	未使用	单短类
10432310	未使用	单短类
10432311	未使用	单短类
10432312	未使用	单短类
10432313	未使用	单短类
10432314	未使用	单短类
10432315	未使用	单短类
10432316	未使用	单短类
10432317	未使用	单短类
10432318	未使用	单短类
10432319	未使用	单短类
10432320	未使用	单短类
10432321	未使用	单短类
10432322	未使用	单短类
10432323	未使用	单短类
10432324	未使用	单短类
10432325	未使用	单短类
10432326	未使用	单短类
10432327	未使用	单短类
10432328	未使用	单短类
10432329	未使用	单短类
10432330	未使用	单短类
10432331	未使用	单短类
10432332	未使用	单短类
10432333	未使用	单短类
10432334	未使用	单短类
10432335	未使用	单短类
10432336	未使用	单短类
10432337	未使用	单短类
10432338	未使用	单短类
10432339	未使用	单短类
10432340	未使用	单短类
10432341	未使用	单短类
10432342	未使用	单短类
10432343	未使用	单短类
10432344	未使用	单短类
10432345	未使用	单短类
10432346	未使用	单短类
10432347	未使用	单短类
10432348	未使用	单短类
10432349	未使用	单短类
10432350	未使用	单短类
10432351	未使用	单短类
10432352	未使用	单短类
10432353	未使用	单短类
10432354	未使用	单短类
10432355	未使用	单短类
10432356	未使用	单短类
10432357	未使用	单短类
10432358	未使用	单短类
10432359	未使用	单短类
10432360	未使用	单短类
10432361	未使用	单短类
10432362	未使用	单短类
10432363	未使用	单短类
10432364	未使用	单短类
10432365	未使用	单短类
10432366	未使用	单短类
10432367	未使用	单短类
10432368	未使用	单短类
10432369	未使用	单短类
10432370	未使用	单短类
10432371	未使用	单短类
10432372	未使用	单短类
10432373	未使用	单短类
10432374	未使用	单短类
10432375	未使用	单短类
10432376	未使用	单短类
10432377	未使用	单短类
10432378	未使用	单短类
10432379	未使用	单短类
10432380	未使用	单短类
10432381	未使用	单短类
10432382	未使用	单短类
10432383	未使用	单短类
10432384	未使用	单短类
10432385	未使用	单短类
10432386	未使用	单短类
10432387	未使用	单短类
10432388	未使用	单短类
10432389	未使用	单短类
10432390	未使用	单短类
10432391	未使用	单短类
10432392	未使用	单短类
10432393	未使用	单短类
10432394	未使用	单短类
10432395	未使用	单短类
10432396	未使用	单短类
10432397	未使用	单短类
10432398	未使用	单短类
10432399	未使用	单短类
10432400	未使用	单短类
10433001	玉女之镔铁双刀	双短类
10433002	玉女之镔铁双刀	双短类
10433003	玉女之镔铁双刀	双短类
10433004	玉女之镔铁双刀	双短类
10433005	玉女之镔铁双刀	双短类
10433006	玉女之镔铁双刀	双短类
10433007	玉女之镔铁双刀	双短类
10433008	玉女之镔铁双刀	双短类
10433009	玉女之镔铁双刀	双短类
10433010	玉女之镔铁双刀	双短类
10433011	玉女之电光双刀	双短类
10433012	玉女之电光双刀	双短类
10433013	玉女之电光双刀	双短类
10433014	玉女之电光双刀	双短类
10433015	玉女之电光双刀	双短类
10433016	玉女之电光双刀	双短类
10433017	玉女之电光双刀	双短类
10433018	玉女之电光双刀	双短类
10433019	玉女之电光双刀	双短类
10433020	玉女之电光双刀	双短类
10433021	玉女之柔云双剑	双短类
10433022	玉女之柔云双剑	双短类
10433023	玉女之柔云双剑	双短类
10433024	玉女之柔云双剑	双短类
10433025	玉女之柔云双剑	双短类
10433026	玉女之柔云双剑	双短类
10433027	玉女之柔云双剑	双短类
10433028	玉女之柔云双剑	双短类
10433029	玉女之柔云双剑	双短类
10433030	玉女之柔云双剑	双短类
10433031	玉女之淬血双剑	双短类
10433032	玉女之淬血双剑	双短类
10433033	玉女之淬血双剑	双短类
10433034	玉女之淬血双剑	双短类
10433035	玉女之淬血双剑	双短类
10433036	玉女之淬血双剑	双短类
10433037	玉女之淬血双剑	双短类
10433038	玉女之淬血双剑	双短类
10433039	玉女之淬血双剑	双短类
10433040	玉女之淬血双剑	双短类
10433041	玉女之丁甲双剑	双短类
10433042	玉女之丁甲双剑	双短类
10433043	玉女之丁甲双剑	双短类
10433044	玉女之丁甲双剑	双短类
10433045	玉女之丁甲双剑	双短类
10433046	玉女之丁甲双剑	双短类
10433047	玉女之丁甲双剑	双短类
10433048	玉女之丁甲双剑	双短类
10433049	玉女之丁甲双剑	双短类
10433050	玉女之丁甲双剑	双短类
10433051	玉女之含光双剑	双短类
10433052	玉女之含光双剑	双短类
10433053	玉女之含光双剑	双短类
10433054	玉女之含光双剑	双短类
10433055	玉女之含光双剑	双短类
10433056	玉女之含光双剑	双短类
10433057	玉女之含光双剑	双短类
10433058	玉女之含光双剑	双短类
10433059	玉女之含光双剑	双短类
10433060	玉女之含光双剑	双短类
10433061	玉女之承影双刀	双短类
10433062	玉女之承影双刀	双短类
10433063	玉女之承影双刀	双短类
10433064	玉女之承影双刀	双短类
10433065	玉女之承影双刀	双短类
10433066	玉女之承影双刀	双短类
10433067	玉女之承影双刀	双短类
10433068	玉女之承影双刀	双短类
10433069	玉女之承影双刀	双短类
10433070	玉女之承影双刀	双短类
10433071	玉女之博浪双斧	双短类
10433072	玉女之博浪双斧	双短类
10433073	玉女之博浪双斧	双短类
10433074	玉女之博浪双斧	双短类
10433075	玉女之博浪双斧	双短类
10433076	玉女之博浪双斧	双短类
10433077	玉女之博浪双斧	双短类
10433078	玉女之博浪双斧	双短类
10433079	玉女之博浪双斧	双短类
10433080	玉女之博浪双斧	双短类
10433081	玉女之归尘双斧	双短类
10433082	玉女之归尘双斧	双短类
10433083	玉女之归尘双斧	双短类
10433084	玉女之归尘双斧	双短类
10433085	玉女之归尘双斧	双短类
10433086	玉女之归尘双斧	双短类
10433087	玉女之归尘双斧	双短类
10433088	玉女之归尘双斧	双短类
10433089	玉女之归尘双斧	双短类
10433090	玉女之归尘双斧	双短类
10433091	玉女之莫问	双短类
10433092	玉女之莫问	双短类
10433093	玉女之莫问	双短类
10433094	玉女之莫问	双短类
10433095	玉女之莫问	双短类
10433096	玉女之莫问	双短类
10433097	玉女之莫问	双短类
10433098	玉女之莫问	双短类
10433099	玉女之莫问	双短类
10433100	玉女之莫问	双短类
10433101	无极之镔铁双刀	双短类
10433102	无极之镔铁双刀	双短类
10433103	无极之镔铁双刀	双短类
10433104	无极之镔铁双刀	双短类
10433105	无极之镔铁双刀	双短类
10433106	无极之镔铁双刀	双短类
10433107	无极之镔铁双刀	双短类
10433108	无极之镔铁双刀	双短类
10433109	无极之镔铁双刀	双短类
10433110	无极之镔铁双刀	双短类
10433111	无极之电光双刀	双短类
10433112	无极之电光双刀	双短类
10433113	无极之电光双刀	双短类
10433114	无极之电光双刀	双短类
10433115	无极之电光双刀	双短类
10433116	无极之电光双刀	双短类
10433117	无极之电光双刀	双短类
10433118	无极之电光双刀	双短类
10433119	无极之电光双刀	双短类
10433120	无极之电光双刀	双短类
10433121	无极之柔云双剑	双短类
10433122	无极之柔云双剑	双短类
10433123	无极之柔云双剑	双短类
10433124	无极之柔云双剑	双短类
10433125	无极之柔云双剑	双短类
10433126	无极之柔云双剑	双短类
10433127	无极之柔云双剑	双短类
10433128	无极之柔云双剑	双短类
10433129	无极之柔云双剑	双短类
10433130	无极之柔云双剑	双短类
10433131	无极之淬血双剑	双短类
10433132	无极之淬血双剑	双短类
10433133	无极之淬血双剑	双短类
10433134	无极之淬血双剑	双短类
10433135	无极之淬血双剑	双短类
10433136	无极之淬血双剑	双短类
10433137	无极之淬血双剑	双短类
10433138	无极之淬血双剑	双短类
10433139	无极之淬血双剑	双短类
10433140	无极之淬血双剑	双短类
10433141	无极之丁甲双剑	双短类
10433142	无极之丁甲双剑	双短类
10433143	无极之丁甲双剑	双短类
10433144	无极之丁甲双剑	双短类
10433145	无极之丁甲双剑	双短类
10433146	无极之丁甲双剑	双短类
10433147	无极之丁甲双剑	双短类
10433148	无极之丁甲双剑	双短类
10433149	无极之丁甲双剑	双短类
10433150	无极之丁甲双剑	双短类
10433151	无极之含光双剑	双短类
10433152	无极之含光双剑	双短类
10433153	无极之含光双剑	双短类
10433154	无极之含光双剑	双短类
10433155	无极之含光双剑	双短类
10433156	无极之含光双剑	双短类
10433157	无极之含光双剑	双短类
10433158	无极之含光双剑	双短类
10433159	无极之含光双剑	双短类
10433160	无极之含光双剑	双短类
10433161	无极之承影双刀	双短类
10433162	无极之承影双刀	双短类
10433163	无极之承影双刀	双短类
10433164	无极之承影双刀	双短类
10433165	无极之承影双刀	双短类
10433166	无极之承影双刀	双短类
10433167	无极之承影双刀	双短类
10433168	无极之承影双刀	双短类
10433169	无极之承影双刀	双短类
10433170	无极之承影双刀	双短类
10433171	无极之博浪双斧	双短类
10433172	无极之博浪双斧	双短类
10433173	无极之博浪双斧	双短类
10433174	无极之博浪双斧	双短类
10433175	无极之博浪双斧	双短类
10433176	无极之博浪双斧	双短类
10433177	无极之博浪双斧	双短类
10433178	无极之博浪双斧	双短类
10433179	无极之博浪双斧	双短类
10433180	无极之博浪双斧	双短类
10433181	无极之归尘双斧	双短类
10433182	无极之归尘双斧	双短类
10433183	无极之归尘双斧	双短类
10433184	无极之归尘双斧	双短类
10433185	无极之归尘双斧	双短类
10433186	无极之归尘双斧	双短类
10433187	无极之归尘双斧	双短类
10433188	无极之归尘双斧	双短类
10433189	无极之归尘双斧	双短类
10433190	无极之归尘双斧	双短类
10433191	无极之莫问	双短类
10433192	无极之莫问	双短类
10433193	无极之莫问	双短类
10433194	无极之莫问	双短类
10433195	无极之莫问	双短类
10433196	无极之莫问	双短类
10433197	无极之莫问	双短类
10433198	无极之莫问	双短类
10433199	无极之莫问	双短类
10433200	无极之莫问	双短类
10433201	荒毒之镔铁双刀	双短类
10433202	荒毒之镔铁双刀	双短类
10433203	荒毒之镔铁双刀	双短类
10433204	荒毒之镔铁双刀	双短类
10433205	荒毒之镔铁双刀	双短类
10433206	荒毒之镔铁双刀	双短类
10433207	荒毒之镔铁双刀	双短类
10433208	荒毒之镔铁双刀	双短类
10433209	荒毒之镔铁双刀	双短类
10433210	荒毒之镔铁双刀	双短类
10433211	荒毒之电光双刀	双短类
10433212	荒毒之电光双刀	双短类
10433213	荒毒之电光双刀	双短类
10433214	荒毒之电光双刀	双短类
10433215	荒毒之电光双刀	双短类
10433216	荒毒之电光双刀	双短类
10433217	荒毒之电光双刀	双短类
10433218	荒毒之电光双刀	双短类
10433219	荒毒之电光双刀	双短类
10433220	荒毒之电光双刀	双短类
10433221	荒毒之柔云双剑	双短类
10433222	荒毒之柔云双剑	双短类
10433223	荒毒之柔云双剑	双短类
10433224	荒毒之柔云双剑	双短类
10433225	荒毒之柔云双剑	双短类
10433226	荒毒之柔云双剑	双短类
10433227	荒毒之柔云双剑	双短类
10433228	荒毒之柔云双剑	双短类
10433229	荒毒之柔云双剑	双短类
10433230	荒毒之柔云双剑	双短类
10433231	荒毒之淬血双剑	双短类
10433232	荒毒之淬血双剑	双短类
10433233	荒毒之淬血双剑	双短类
10433234	荒毒之淬血双剑	双短类
10433235	荒毒之淬血双剑	双短类
10433236	荒毒之淬血双剑	双短类
10433237	荒毒之淬血双剑	双短类
10433238	荒毒之淬血双剑	双短类
10433239	荒毒之淬血双剑	双短类
10433240	荒毒之淬血双剑	双短类
10433241	荒毒之丁甲双剑	双短类
10433242	荒毒之丁甲双剑	双短类
10433243	荒毒之丁甲双剑	双短类
10433244	荒毒之丁甲双剑	双短类
10433245	荒毒之丁甲双剑	双短类
10433246	荒毒之丁甲双剑	双短类
10433247	荒毒之丁甲双剑	双短类
10433248	荒毒之丁甲双剑	双短类
10433249	荒毒之丁甲双剑	双短类
10433250	荒毒之丁甲双剑	双短类
10433251	荒毒之含光双剑	双短类
10433252	荒毒之含光双剑	双短类
10433253	荒毒之含光双剑	双短类
10433254	荒毒之含光双剑	双短类
10433255	荒毒之含光双剑	双短类
10433256	荒毒之含光双剑	双短类
10433257	荒毒之含光双剑	双短类
10433258	荒毒之含光双剑	双短类
10433259	荒毒之含光双剑	双短类
10433260	荒毒之含光双剑	双短类
10433261	荒毒之承影双刀	双短类
10433262	荒毒之承影双刀	双短类
10433263	荒毒之承影双刀	双短类
10433264	荒毒之承影双刀	双短类
10433265	荒毒之承影双刀	双短类
10433266	荒毒之承影双刀	双短类
10433267	荒毒之承影双刀	双短类
10433268	荒毒之承影双刀	双短类
10433269	荒毒之承影双刀	双短类
10433270	荒毒之承影双刀	双短类
10433271	荒毒之博浪双斧	双短类
10433272	荒毒之博浪双斧	双短类
10433273	荒毒之博浪双斧	双短类
10433274	荒毒之博浪双斧	双短类
10433275	荒毒之博浪双斧	双短类
10433276	荒毒之博浪双斧	双短类
10433277	荒毒之博浪双斧	双短类
10433278	荒毒之博浪双斧	双短类
10433279	荒毒之博浪双斧	双短类
10433280	荒毒之博浪双斧	双短类
10433281	荒毒之归尘双斧	双短类
10433282	荒毒之归尘双斧	双短类
10433283	荒毒之归尘双斧	双短类
10433284	荒毒之归尘双斧	双短类
10433285	荒毒之归尘双斧	双短类
10433286	荒毒之归尘双斧	双短类
10433287	荒毒之归尘双斧	双短类
10433288	荒毒之归尘双斧	双短类
10433289	荒毒之归尘双斧	双短类
10433290	荒毒之归尘双斧	双短类
10433291	荒毒之莫问	双短类
10433292	荒毒之莫问	双短类
10433293	荒毒之莫问	双短类
10433294	荒毒之莫问	双短类
10433295	荒毒之莫问	双短类
10433296	荒毒之莫问	双短类
10433297	荒毒之莫问	双短类
10433298	荒毒之莫问	双短类
10433299	荒毒之莫问	双短类
10433300	荒毒之莫问	双短类
10433301	未使用	双短类
10433302	未使用	双短类
10433303	未使用	双短类
10433304	未使用	双短类
10433305	未使用	双短类
10433306	未使用	双短类
10433307	未使用	双短类
10433308	未使用	双短类
10433309	未使用	双短类
10433310	未使用	双短类
10433311	未使用	双短类
10433312	未使用	双短类
10433313	未使用	双短类
10433314	未使用	双短类
10433315	未使用	双短类
10433316	未使用	双短类
10433317	未使用	双短类
10433318	未使用	双短类
10433319	未使用	双短类
10433320	未使用	双短类
10433321	未使用	双短类
10433322	未使用	双短类
10433323	未使用	双短类
10433324	未使用	双短类
10433325	未使用	双短类
10433326	未使用	双短类
10433327	未使用	双短类
10433328	未使用	双短类
10433329	未使用	双短类
10433330	未使用	双短类
10433331	未使用	双短类
10433332	未使用	双短类
10433333	未使用	双短类
10433334	未使用	双短类
10433335	未使用	双短类
10433336	未使用	双短类
10433337	未使用	双短类
10433338	未使用	双短类
10433339	未使用	双短类
10433340	未使用	双短类
10433341	未使用	双短类
10433342	未使用	双短类
10433343	未使用	双短类
10433344	未使用	双短类
10433345	未使用	双短类
10433346	未使用	双短类
10433347	未使用	双短类
10433348	未使用	双短类
10433349	未使用	双短类
10433350	未使用	双短类
10433351	未使用	双短类
10433352	未使用	双短类
10433353	未使用	双短类
10433354	未使用	双短类
10433355	未使用	双短类
10433356	未使用	双短类
10433357	未使用	双短类
10433358	未使用	双短类
10433359	未使用	双短类
10433360	未使用	双短类
10433361	未使用	双短类
10433362	未使用	双短类
10433363	未使用	双短类
10433364	未使用	双短类
10433365	未使用	双短类
10433366	未使用	双短类
10433367	未使用	双短类
10433368	未使用	双短类
10433369	未使用	双短类
10433370	未使用	双短类
10433371	未使用	双短类
10433372	未使用	双短类
10433373	未使用	双短类
10433374	未使用	双短类
10433375	未使用	双短类
10433376	未使用	双短类
10433377	未使用	双短类
10433378	未使用	双短类
10433379	未使用	双短类
10433380	未使用	双短类
10433381	未使用	双短类
10433382	未使用	双短类
10433383	未使用	双短类
10433384	未使用	双短类
10433385	未使用	双短类
10433386	未使用	双短类
10433387	未使用	双短类
10433388	未使用	双短类
10433389	未使用	双短类
10433390	未使用	双短类
10433391	未使用	双短类
10433392	未使用	双短类
10433393	未使用	双短类
10433394	未使用	双短类
10433395	未使用	双短类
10433396	未使用	双短类
10433397	未使用	双短类
10433398	未使用	双短类
10433399	未使用	双短类
10433400	未使用	双短类
10434001	无相之白纸七贤扇	扇类
10434002	无相之白纸七贤扇	扇类
10434003	无相之白纸七贤扇	扇类
10434004	无相之白纸七贤扇	扇类
10434005	无相之白纸七贤扇	扇类
10434006	无相之白纸七贤扇	扇类
10434007	无相之白纸七贤扇	扇类
10434008	无相之白纸七贤扇	扇类
10434009	无相之白纸七贤扇	扇类
10434010	无相之白纸七贤扇	扇类
10434011	无相之铁骨凤凰扇	扇类
10434012	无相之铁骨凤凰扇	扇类
10434013	无相之铁骨凤凰扇	扇类
10434014	无相之铁骨凤凰扇	扇类
10434015	无相之铁骨凤凰扇	扇类
10434016	无相之铁骨凤凰扇	扇类
10434017	无相之铁骨凤凰扇	扇类
10434018	无相之铁骨凤凰扇	扇类
10434019	无相之铁骨凤凰扇	扇类
10434020	无相之铁骨凤凰扇	扇类
10434021	无相之湘妃斑竹扇	扇类
10434022	无相之湘妃斑竹扇	扇类
10434023	无相之湘妃斑竹扇	扇类
10434024	无相之湘妃斑竹扇	扇类
10434025	无相之湘妃斑竹扇	扇类
10434026	无相之湘妃斑竹扇	扇类
10434027	无相之湘妃斑竹扇	扇类
10434028	无相之湘妃斑竹扇	扇类
10434029	无相之湘妃斑竹扇	扇类
10434030	无相之湘妃斑竹扇	扇类
10434031	无相之风檐古道扇	扇类
10434032	无相之风檐古道扇	扇类
10434033	无相之风檐古道扇	扇类
10434034	无相之风檐古道扇	扇类
10434035	无相之风檐古道扇	扇类
10434036	无相之风檐古道扇	扇类
10434037	无相之风檐古道扇	扇类
10434038	无相之风檐古道扇	扇类
10434039	无相之风檐古道扇	扇类
10434040	无相之风檐古道扇	扇类
10434041	无相之易水寒林扇	扇类
10434042	无相之易水寒林扇	扇类
10434043	无相之易水寒林扇	扇类
10434044	无相之易水寒林扇	扇类
10434045	无相之易水寒林扇	扇类
10434046	无相之易水寒林扇	扇类
10434047	无相之易水寒林扇	扇类
10434048	无相之易水寒林扇	扇类
10434049	无相之易水寒林扇	扇类
10434050	无相之易水寒林扇	扇类
10434051	无相之白马西风扇	扇类
10434052	无相之白马西风扇	扇类
10434053	无相之白马西风扇	扇类
10434054	无相之白马西风扇	扇类
10434055	无相之白马西风扇	扇类
10434056	无相之白马西风扇	扇类
10434057	无相之白马西风扇	扇类
10434058	无相之白马西风扇	扇类
10434059	无相之白马西风扇	扇类
10434060	无相之白马西风扇	扇类
10434061	无相之碧磷野火扇	扇类
10434062	无相之碧磷野火扇	扇类
10434063	无相之碧磷野火扇	扇类
10434064	无相之碧磷野火扇	扇类
10434065	无相之碧磷野火扇	扇类
10434066	无相之碧磷野火扇	扇类
10434067	无相之碧磷野火扇	扇类
10434068	无相之碧磷野火扇	扇类
10434069	无相之碧磷野火扇	扇类
10434070	无相之碧磷野火扇	扇类
10434071	无相之割须弃袍扇	扇类
10434072	无相之割须弃袍扇	扇类
10434073	无相之割须弃袍扇	扇类
10434074	无相之割须弃袍扇	扇类
10434075	无相之割须弃袍扇	扇类
10434076	无相之割须弃袍扇	扇类
10434077	无相之割须弃袍扇	扇类
10434078	无相之割须弃袍扇	扇类
10434079	无相之割须弃袍扇	扇类
10434080	无相之割须弃袍扇	扇类
10434081	无相之督亢图穷扇	扇类
10434082	无相之督亢图穷扇	扇类
10434083	无相之督亢图穷扇	扇类
10434084	无相之督亢图穷扇	扇类
10434085	无相之督亢图穷扇	扇类
10434086	无相之督亢图穷扇	扇类
10434087	无相之督亢图穷扇	扇类
10434088	无相之督亢图穷扇	扇类
10434089	无相之督亢图穷扇	扇类
10434090	无相之督亢图穷扇	扇类
10434091	无相之末路	扇类
10434092	无相之末路	扇类
10434093	无相之末路	扇类
10434094	无相之末路	扇类
10434095	无相之末路	扇类
10434096	无相之末路	扇类
10434097	无相之末路	扇类
10434098	无相之末路	扇类
10434099	无相之末路	扇类
10434100	无相之末路	扇类
10434101	北冥之白纸七贤扇	扇类
10434102	北冥之白纸七贤扇	扇类
10434103	北冥之白纸七贤扇	扇类
10434104	北冥之白纸七贤扇	扇类
10434105	北冥之白纸七贤扇	扇类
10434106	北冥之白纸七贤扇	扇类
10434107	北冥之白纸七贤扇	扇类
10434108	北冥之白纸七贤扇	扇类
10434109	北冥之白纸七贤扇	扇类
10434110	北冥之白纸七贤扇	扇类
10434111	北冥之铁骨凤凰扇	扇类
10434112	北冥之铁骨凤凰扇	扇类
10434113	北冥之铁骨凤凰扇	扇类
10434114	北冥之铁骨凤凰扇	扇类
10434115	北冥之铁骨凤凰扇	扇类
10434116	北冥之铁骨凤凰扇	扇类
10434117	北冥之铁骨凤凰扇	扇类
10434118	北冥之铁骨凤凰扇	扇类
10434119	北冥之铁骨凤凰扇	扇类
10434120	北冥之铁骨凤凰扇	扇类
10434121	北冥之湘妃斑竹扇	扇类
10434122	北冥之湘妃斑竹扇	扇类
10434123	北冥之湘妃斑竹扇	扇类
10434124	北冥之湘妃斑竹扇	扇类
10434125	北冥之湘妃斑竹扇	扇类
10434126	北冥之湘妃斑竹扇	扇类
10434127	北冥之湘妃斑竹扇	扇类
10434128	北冥之湘妃斑竹扇	扇类
10434129	北冥之湘妃斑竹扇	扇类
10434130	北冥之湘妃斑竹扇	扇类
10434131	北冥之风檐古道扇	扇类
10434132	北冥之风檐古道扇	扇类
10434133	北冥之风檐古道扇	扇类
10434134	北冥之风檐古道扇	扇类
10434135	北冥之风檐古道扇	扇类
10434136	北冥之风檐古道扇	扇类
10434137	北冥之风檐古道扇	扇类
10434138	北冥之风檐古道扇	扇类
10434139	北冥之风檐古道扇	扇类
10434140	北冥之风檐古道扇	扇类
10434141	北冥之易水寒林扇	扇类
10434142	北冥之易水寒林扇	扇类
10434143	北冥之易水寒林扇	扇类
10434144	北冥之易水寒林扇	扇类
10434145	北冥之易水寒林扇	扇类
10434146	北冥之易水寒林扇	扇类
10434147	北冥之易水寒林扇	扇类
10434148	北冥之易水寒林扇	扇类
10434149	北冥之易水寒林扇	扇类
10434150	北冥之易水寒林扇	扇类
10434151	北冥之白马西风扇	扇类
10434152	北冥之白马西风扇	扇类
10434153	北冥之白马西风扇	扇类
10434154	北冥之白马西风扇	扇类
10434155	北冥之白马西风扇	扇类
10434156	北冥之白马西风扇	扇类
10434157	北冥之白马西风扇	扇类
10434158	北冥之白马西风扇	扇类
10434159	北冥之白马西风扇	扇类
10434160	北冥之白马西风扇	扇类
10434161	北冥之碧磷野火扇	扇类
10434162	北冥之碧磷野火扇	扇类
10434163	北冥之碧磷野火扇	扇类
10434164	北冥之碧磷野火扇	扇类
10434165	北冥之碧磷野火扇	扇类
10434166	北冥之碧磷野火扇	扇类
10434167	北冥之碧磷野火扇	扇类
10434168	北冥之碧磷野火扇	扇类
10434169	北冥之碧磷野火扇	扇类
10434170	北冥之碧磷野火扇	扇类
10434171	北冥之割须弃袍扇	扇类
10434172	北冥之割须弃袍扇	扇类
10434173	北冥之割须弃袍扇	扇类
10434174	北冥之割须弃袍扇	扇类
10434175	北冥之割须弃袍扇	扇类
10434176	北冥之割须弃袍扇	扇类
10434177	北冥之割须弃袍扇	扇类
10434178	北冥之割须弃袍扇	扇类
10434179	北冥之割须弃袍扇	扇类
10434180	北冥之割须弃袍扇	扇类
10434181	北冥之督亢图穷扇	扇类
10434182	北冥之督亢图穷扇	扇类
10434183	北冥之督亢图穷扇	扇类
10434184	北冥之督亢图穷扇	扇类
10434185	北冥之督亢图穷扇	扇类
10434186	北冥之督亢图穷扇	扇类
10434187	北冥之督亢图穷扇	扇类
10434188	北冥之督亢图穷扇	扇类
10434189	北冥之督亢图穷扇	扇类
10434190	北冥之督亢图穷扇	扇类
10434191	北冥之末路	扇类
10434192	北冥之末路	扇类
10434193	北冥之末路	扇类
10434194	北冥之末路	扇类
10434195	北冥之末路	扇类
10434196	北冥之末路	扇类
10434197	北冥之末路	扇类
10434198	北冥之末路	扇类
10434199	北冥之末路	扇类
10434200	北冥之末路	扇类
10434201	凝脉之白纸七贤扇	扇类
10434202	凝脉之白纸七贤扇	扇类
10434203	凝脉之白纸七贤扇	扇类
10434204	凝脉之白纸七贤扇	扇类
10434205	凝脉之白纸七贤扇	扇类
10434206	凝脉之白纸七贤扇	扇类
10434207	凝脉之白纸七贤扇	扇类
10434208	凝脉之白纸七贤扇	扇类
10434209	凝脉之白纸七贤扇	扇类
10434210	凝脉之白纸七贤扇	扇类
10434211	凝脉之铁骨凤凰扇	扇类
10434212	凝脉之铁骨凤凰扇	扇类
10434213	凝脉之铁骨凤凰扇	扇类
10434214	凝脉之铁骨凤凰扇	扇类
10434215	凝脉之铁骨凤凰扇	扇类
10434216	凝脉之铁骨凤凰扇	扇类
10434217	凝脉之铁骨凤凰扇	扇类
10434218	凝脉之铁骨凤凰扇	扇类
10434219	凝脉之铁骨凤凰扇	扇类
10434220	凝脉之铁骨凤凰扇	扇类
10434221	凝脉之湘妃斑竹扇	扇类
10434222	凝脉之湘妃斑竹扇	扇类
10434223	凝脉之湘妃斑竹扇	扇类
10434224	凝脉之湘妃斑竹扇	扇类
10434225	凝脉之湘妃斑竹扇	扇类
10434226	凝脉之湘妃斑竹扇	扇类
10434227	凝脉之湘妃斑竹扇	扇类
10434228	凝脉之湘妃斑竹扇	扇类
10434229	凝脉之湘妃斑竹扇	扇类
10434230	凝脉之湘妃斑竹扇	扇类
10434231	凝脉之风檐古道扇	扇类
10434232	凝脉之风檐古道扇	扇类
10434233	凝脉之风檐古道扇	扇类
10434234	凝脉之风檐古道扇	扇类
10434235	凝脉之风檐古道扇	扇类
10434236	凝脉之风檐古道扇	扇类
10434237	凝脉之风檐古道扇	扇类
10434238	凝脉之风檐古道扇	扇类
10434239	凝脉之风檐古道扇	扇类
10434240	凝脉之风檐古道扇	扇类
10434241	凝脉之易水寒林扇	扇类
10434242	凝脉之易水寒林扇	扇类
10434243	凝脉之易水寒林扇	扇类
10434244	凝脉之易水寒林扇	扇类
10434245	凝脉之易水寒林扇	扇类
10434246	凝脉之易水寒林扇	扇类
10434247	凝脉之易水寒林扇	扇类
10434248	凝脉之易水寒林扇	扇类
10434249	凝脉之易水寒林扇	扇类
10434250	凝脉之易水寒林扇	扇类
10434251	凝脉之白马西风扇	扇类
10434252	凝脉之白马西风扇	扇类
10434253	凝脉之白马西风扇	扇类
10434254	凝脉之白马西风扇	扇类
10434255	凝脉之白马西风扇	扇类
10434256	凝脉之白马西风扇	扇类
10434257	凝脉之白马西风扇	扇类
10434258	凝脉之白马西风扇	扇类
10434259	凝脉之白马西风扇	扇类
10434260	凝脉之白马西风扇	扇类
10434261	凝脉之碧磷野火扇	扇类
10434262	凝脉之碧磷野火扇	扇类
10434263	凝脉之碧磷野火扇	扇类
10434264	凝脉之碧磷野火扇	扇类
10434265	凝脉之碧磷野火扇	扇类
10434266	凝脉之碧磷野火扇	扇类
10434267	凝脉之碧磷野火扇	扇类
10434268	凝脉之碧磷野火扇	扇类
10434269	凝脉之碧磷野火扇	扇类
10434270	凝脉之碧磷野火扇	扇类
10434271	凝脉之割须弃袍扇	扇类
10434272	凝脉之割须弃袍扇	扇类
10434273	凝脉之割须弃袍扇	扇类
10434274	凝脉之割须弃袍扇	扇类
10434275	凝脉之割须弃袍扇	扇类
10434276	凝脉之割须弃袍扇	扇类
10434277	凝脉之割须弃袍扇	扇类
10434278	凝脉之割须弃袍扇	扇类
10434279	凝脉之割须弃袍扇	扇类
10434280	凝脉之割须弃袍扇	扇类
10434281	凝脉之督亢图穷扇	扇类
10434282	凝脉之督亢图穷扇	扇类
10434283	凝脉之督亢图穷扇	扇类
10434284	凝脉之督亢图穷扇	扇类
10434285	凝脉之督亢图穷扇	扇类
10434286	凝脉之督亢图穷扇	扇类
10434287	凝脉之督亢图穷扇	扇类
10434288	凝脉之督亢图穷扇	扇类
10434289	凝脉之督亢图穷扇	扇类
10434290	凝脉之督亢图穷扇	扇类
10434291	凝脉之末路	扇类
10434292	凝脉之末路	扇类
10434293	凝脉之末路	扇类
10434294	凝脉之末路	扇类
10434295	凝脉之末路	扇类
10434296	凝脉之末路	扇类
10434297	凝脉之末路	扇类
10434298	凝脉之末路	扇类
10434299	凝脉之末路	扇类
10434300	凝脉之末路	扇类
10434301	未使用	扇类
10434302	未使用	扇类
10434303	未使用	扇类
10434304	未使用	扇类
10434305	未使用	扇类
10434306	未使用	扇类
10434307	未使用	扇类
10434308	未使用	扇类
10434309	未使用	扇类
10434310	未使用	扇类
10434311	未使用	扇类
10434312	未使用	扇类
10434313	未使用	扇类
10434314	未使用	扇类
10434315	未使用	扇类
10434316	未使用	扇类
10434317	未使用	扇类
10434318	未使用	扇类
10434319	未使用	扇类
10434320	未使用	扇类
10434321	未使用	扇类
10434322	未使用	扇类
10434323	未使用	扇类
10434324	未使用	扇类
10434325	未使用	扇类
10434326	未使用	扇类
10434327	未使用	扇类
10434328	未使用	扇类
10434329	未使用	扇类
10434330	未使用	扇类
10434331	未使用	扇类
10434332	未使用	扇类
10434333	未使用	扇类
10434334	未使用	扇类
10434335	未使用	扇类
10434336	未使用	扇类
10434337	未使用	扇类
10434338	未使用	扇类
10434339	未使用	扇类
10434340	未使用	扇类
10434341	未使用	扇类
10434342	未使用	扇类
10434343	未使用	扇类
10434344	未使用	扇类
10434345	未使用	扇类
10434346	未使用	扇类
10434347	未使用	扇类
10434348	未使用	扇类
10434349	未使用	扇类
10434350	未使用	扇类
10434351	未使用	扇类
10434352	未使用	扇类
10434353	未使用	扇类
10434354	未使用	扇类
10434355	未使用	扇类
10434356	未使用	扇类
10434357	未使用	扇类
10434358	未使用	扇类
10434359	未使用	扇类
10434360	未使用	扇类
10434361	未使用	扇类
10434362	未使用	扇类
10434363	未使用	扇类
10434364	未使用	扇类
10434365	未使用	扇类
10434366	未使用	扇类
10434367	未使用	扇类
10434368	未使用	扇类
10434369	未使用	扇类
10434370	未使用	扇类
10434371	未使用	扇类
10434372	未使用	扇类
10434373	未使用	扇类
10434374	未使用	扇类
10434375	未使用	扇类
10434376	未使用	扇类
10434377	未使用	扇类
10434378	未使用	扇类
10434379	未使用	扇类
10434380	未使用	扇类
10434381	未使用	扇类
10434382	未使用	扇类
10434383	未使用	扇类
10434384	未使用	扇类
10434385	未使用	扇类
10434386	未使用	扇类
10434387	未使用	扇类
10434388	未使用	扇类
10434389	未使用	扇类
10434390	未使用	扇类
10434391	未使用	扇类
10434392	未使用	扇类
10434393	未使用	扇类
10434394	未使用	扇类
10434395	未使用	扇类
10434396	未使用	扇类
10434397	未使用	扇类
10434398	未使用	扇类
10434399	未使用	扇类
10434400	未使用	扇类
10435001	无相之白银绿铁环	环类
10435002	无相之白银绿铁环	环类
10435003	无相之白银绿铁环	环类
10435004	无相之白银绿铁环	环类
10435005	无相之白银绿铁环	环类
10435006	无相之白银绿铁环	环类
10435007	无相之白银绿铁环	环类
10435008	无相之白银绿铁环	环类
10435009	无相之白银绿铁环	环类
10435010	无相之白银绿铁环	环类
10435011	无相之烈火淬金环	环类
10435012	无相之烈火淬金环	环类
10435013	无相之烈火淬金环	环类
10435014	无相之烈火淬金环	环类
10435015	无相之烈火淬金环	环类
10435016	无相之烈火淬金环	环类
10435017	无相之烈火淬金环	环类
10435018	无相之烈火淬金环	环类
10435019	无相之烈火淬金环	环类
10435020	无相之烈火淬金环	环类
10435021	无相之太乙阴阳环	环类
10435022	无相之太乙阴阳环	环类
10435023	无相之太乙阴阳环	环类
10435024	无相之太乙阴阳环	环类
10435025	无相之太乙阴阳环	环类
10435026	无相之太乙阴阳环	环类
10435027	无相之太乙阴阳环	环类
10435028	无相之太乙阴阳环	环类
10435029	无相之太乙阴阳环	环类
10435030	无相之太乙阴阳环	环类
10435031	无相之枕霜寝露环	环类
10435032	无相之枕霜寝露环	环类
10435033	无相之枕霜寝露环	环类
10435034	无相之枕霜寝露环	环类
10435035	无相之枕霜寝露环	环类
10435036	无相之枕霜寝露环	环类
10435037	无相之枕霜寝露环	环类
10435038	无相之枕霜寝露环	环类
10435039	无相之枕霜寝露环	环类
10435040	无相之枕霜寝露环	环类
10435041	无相之烈日锋刃环	环类
10435042	无相之烈日锋刃环	环类
10435043	无相之烈日锋刃环	环类
10435044	无相之烈日锋刃环	环类
10435045	无相之烈日锋刃环	环类
10435046	无相之烈日锋刃环	环类
10435047	无相之烈日锋刃环	环类
10435048	无相之烈日锋刃环	环类
10435049	无相之烈日锋刃环	环类
10435050	无相之烈日锋刃环	环类
10435051	无相之东山歌酒环	环类
10435052	无相之东山歌酒环	环类
10435053	无相之东山歌酒环	环类
10435054	无相之东山歌酒环	环类
10435055	无相之东山歌酒环	环类
10435056	无相之东山歌酒环	环类
10435057	无相之东山歌酒环	环类
10435058	无相之东山歌酒环	环类
10435059	无相之东山歌酒环	环类
10435060	无相之东山歌酒环	环类
10435061	无相之混元无极圈	环类
10435062	无相之混元无极圈	环类
10435063	无相之混元无极圈	环类
10435064	无相之混元无极圈	环类
10435065	无相之混元无极圈	环类
10435066	无相之混元无极圈	环类
10435067	无相之混元无极圈	环类
10435068	无相之混元无极圈	环类
10435069	无相之混元无极圈	环类
10435070	无相之混元无极圈	环类
10435071	无相之彗星袭月轮	环类
10435072	无相之彗星袭月轮	环类
10435073	无相之彗星袭月轮	环类
10435074	无相之彗星袭月轮	环类
10435075	无相之彗星袭月轮	环类
10435076	无相之彗星袭月轮	环类
10435077	无相之彗星袭月轮	环类
10435078	无相之彗星袭月轮	环类
10435079	无相之彗星袭月轮	环类
10435080	无相之彗星袭月轮	环类
10435081	无相之国士无双轮	环类
10435082	无相之国士无双轮	环类
10435083	无相之国士无双轮	环类
10435084	无相之国士无双轮	环类
10435085	无相之国士无双轮	环类
10435086	无相之国士无双轮	环类
10435087	无相之国士无双轮	环类
10435088	无相之国士无双轮	环类
10435089	无相之国士无双轮	环类
10435090	无相之国士无双轮	环类
10435091	无相之黄泉	环类
10435092	无相之黄泉	环类
10435093	无相之黄泉	环类
10435094	无相之黄泉	环类
10435095	无相之黄泉	环类
10435096	无相之黄泉	环类
10435097	无相之黄泉	环类
10435098	无相之黄泉	环类
10435099	无相之黄泉	环类
10435100	无相之黄泉	环类
10435101	北冥之白银绿铁环	环类
10435102	北冥之白银绿铁环	环类
10435103	北冥之白银绿铁环	环类
10435104	北冥之白银绿铁环	环类
10435105	北冥之白银绿铁环	环类
10435106	北冥之白银绿铁环	环类
10435107	北冥之白银绿铁环	环类
10435108	北冥之白银绿铁环	环类
10435109	北冥之白银绿铁环	环类
10435110	北冥之白银绿铁环	环类
10435111	北冥之烈火淬金环	环类
10435112	北冥之烈火淬金环	环类
10435113	北冥之烈火淬金环	环类
10435114	北冥之烈火淬金环	环类
10435115	北冥之烈火淬金环	环类
10435116	北冥之烈火淬金环	环类
10435117	北冥之烈火淬金环	环类
10435118	北冥之烈火淬金环	环类
10435119	北冥之烈火淬金环	环类
10435120	北冥之烈火淬金环	环类
10435121	北冥之太乙阴阳环	环类
10435122	北冥之太乙阴阳环	环类
10435123	北冥之太乙阴阳环	环类
10435124	北冥之太乙阴阳环	环类
10435125	北冥之太乙阴阳环	环类
10435126	北冥之太乙阴阳环	环类
10435127	北冥之太乙阴阳环	环类
10435128	北冥之太乙阴阳环	环类
10435129	北冥之太乙阴阳环	环类
10435130	北冥之太乙阴阳环	环类
10435131	北冥之枕霜寝露环	环类
10435132	北冥之枕霜寝露环	环类
10435133	北冥之枕霜寝露环	环类
10435134	北冥之枕霜寝露环	环类
10435135	北冥之枕霜寝露环	环类
10435136	北冥之枕霜寝露环	环类
10435137	北冥之枕霜寝露环	环类
10435138	北冥之枕霜寝露环	环类
10435139	北冥之枕霜寝露环	环类
10435140	北冥之枕霜寝露环	环类
10435141	北冥之烈日锋刃环	环类
10435142	北冥之烈日锋刃环	环类
10435143	北冥之烈日锋刃环	环类
10435144	北冥之烈日锋刃环	环类
10435145	北冥之烈日锋刃环	环类
10435146	北冥之烈日锋刃环	环类
10435147	北冥之烈日锋刃环	环类
10435148	北冥之烈日锋刃环	环类
10435149	北冥之烈日锋刃环	环类
10435150	北冥之烈日锋刃环	环类
10435151	北冥之东山歌酒环	环类
10435152	北冥之东山歌酒环	环类
10435153	北冥之东山歌酒环	环类
10435154	北冥之东山歌酒环	环类
10435155	北冥之东山歌酒环	环类
10435156	北冥之东山歌酒环	环类
10435157	北冥之东山歌酒环	环类
10435158	北冥之东山歌酒环	环类
10435159	北冥之东山歌酒环	环类
10435160	北冥之东山歌酒环	环类
10435161	北冥之混元无极圈	环类
10435162	北冥之混元无极圈	环类
10435163	北冥之混元无极圈	环类
10435164	北冥之混元无极圈	环类
10435165	北冥之混元无极圈	环类
10435166	北冥之混元无极圈	环类
10435167	北冥之混元无极圈	环类
10435168	北冥之混元无极圈	环类
10435169	北冥之混元无极圈	环类
10435170	北冥之混元无极圈	环类
10435171	北冥之彗星袭月轮	环类
10435172	北冥之彗星袭月轮	环类
10435173	北冥之彗星袭月轮	环类
10435174	北冥之彗星袭月轮	环类
10435175	北冥之彗星袭月轮	环类
10435176	北冥之彗星袭月轮	环类
10435177	北冥之彗星袭月轮	环类
10435178	北冥之彗星袭月轮	环类
10435179	北冥之彗星袭月轮	环类
10435180	北冥之彗星袭月轮	环类
10435181	北冥之国士无双轮	环类
10435182	北冥之国士无双轮	环类
10435183	北冥之国士无双轮	环类
10435184	北冥之国士无双轮	环类
10435185	北冥之国士无双轮	环类
10435186	北冥之国士无双轮	环类
10435187	北冥之国士无双轮	环类
10435188	北冥之国士无双轮	环类
10435189	北冥之国士无双轮	环类
10435190	北冥之国士无双轮	环类
10435191	北冥之黄泉	环类
10435192	北冥之黄泉	环类
10435193	北冥之黄泉	环类
10435194	北冥之黄泉	环类
10435195	北冥之黄泉	环类
10435196	北冥之黄泉	环类
10435197	北冥之黄泉	环类
10435198	北冥之黄泉	环类
10435199	北冥之黄泉	环类
10435200	北冥之黄泉	环类
10435201	凝脉之白银绿铁环	环类
10435202	凝脉之白银绿铁环	环类
10435203	凝脉之白银绿铁环	环类
10435204	凝脉之白银绿铁环	环类
10435205	凝脉之白银绿铁环	环类
10435206	凝脉之白银绿铁环	环类
10435207	凝脉之白银绿铁环	环类
10435208	凝脉之白银绿铁环	环类
10435209	凝脉之白银绿铁环	环类
10435210	凝脉之白银绿铁环	环类
10435211	凝脉之烈火淬金环	环类
10435212	凝脉之烈火淬金环	环类
10435213	凝脉之烈火淬金环	环类
10435214	凝脉之烈火淬金环	环类
10435215	凝脉之烈火淬金环	环类
10435216	凝脉之烈火淬金环	环类
10435217	凝脉之烈火淬金环	环类
10435218	凝脉之烈火淬金环	环类
10435219	凝脉之烈火淬金环	环类
10435220	凝脉之烈火淬金环	环类
10435221	凝脉之太乙阴阳环	环类
10435222	凝脉之太乙阴阳环	环类
10435223	凝脉之太乙阴阳环	环类
10435224	凝脉之太乙阴阳环	环类
10435225	凝脉之太乙阴阳环	环类
10435226	凝脉之太乙阴阳环	环类
10435227	凝脉之太乙阴阳环	环类
10435228	凝脉之太乙阴阳环	环类
10435229	凝脉之太乙阴阳环	环类
10435230	凝脉之太乙阴阳环	环类
10435231	凝脉之枕霜寝露环	环类
10435232	凝脉之枕霜寝露环	环类
10435233	凝脉之枕霜寝露环	环类
10435234	凝脉之枕霜寝露环	环类
10435235	凝脉之枕霜寝露环	环类
10435236	凝脉之枕霜寝露环	环类
10435237	凝脉之枕霜寝露环	环类
10435238	凝脉之枕霜寝露环	环类
10435239	凝脉之枕霜寝露环	环类
10435240	凝脉之枕霜寝露环	环类
10435241	凝脉之烈日锋刃环	环类
10435242	凝脉之烈日锋刃环	环类
10435243	凝脉之烈日锋刃环	环类
10435244	凝脉之烈日锋刃环	环类
10435245	凝脉之烈日锋刃环	环类
10435246	凝脉之烈日锋刃环	环类
10435247	凝脉之烈日锋刃环	环类
10435248	凝脉之烈日锋刃环	环类
10435249	凝脉之烈日锋刃环	环类
10435250	凝脉之烈日锋刃环	环类
10435251	凝脉之东山歌酒环	环类
10435252	凝脉之东山歌酒环	环类
10435253	凝脉之东山歌酒环	环类
10435254	凝脉之东山歌酒环	环类
10435255	凝脉之东山歌酒环	环类
10435256	凝脉之东山歌酒环	环类
10435257	凝脉之东山歌酒环	环类
10435258	凝脉之东山歌酒环	环类
10435259	凝脉之东山歌酒环	环类
10435260	凝脉之东山歌酒环	环类
10435261	凝脉之混元无极圈	环类
10435262	凝脉之混元无极圈	环类
10435263	凝脉之混元无极圈	环类
10435264	凝脉之混元无极圈	环类
10435265	凝脉之混元无极圈	环类
10435266	凝脉之混元无极圈	环类
10435267	凝脉之混元无极圈	环类
10435268	凝脉之混元无极圈	环类
10435269	凝脉之混元无极圈	环类
10435270	凝脉之混元无极圈	环类
10435271	凝脉之彗星袭月轮	环类
10435272	凝脉之彗星袭月轮	环类
10435273	凝脉之彗星袭月轮	环类
10435274	凝脉之彗星袭月轮	环类
10435275	凝脉之彗星袭月轮	环类
10435276	凝脉之彗星袭月轮	环类
10435277	凝脉之彗星袭月轮	环类
10435278	凝脉之彗星袭月轮	环类
10435279	凝脉之彗星袭月轮	环类
10435280	凝脉之彗星袭月轮	环类
10435281	凝脉之国士无双轮	环类
10435282	凝脉之国士无双轮	环类
10435283	凝脉之国士无双轮	环类
10435284	凝脉之国士无双轮	环类
10435285	凝脉之国士无双轮	环类
10435286	凝脉之国士无双轮	环类
10435287	凝脉之国士无双轮	环类
10435288	凝脉之国士无双轮	环类
10435289	凝脉之国士无双轮	环类
10435290	凝脉之国士无双轮	环类
10435291	凝脉之黄泉	环类
10435292	凝脉之黄泉	环类
10435293	凝脉之黄泉	环类
10435294	凝脉之黄泉	环类
10435295	凝脉之黄泉	环类
10435296	凝脉之黄泉	环类
10435297	凝脉之黄泉	环类
10435298	凝脉之黄泉	环类
10435299	凝脉之黄泉	环类
10435300	凝脉之黄泉	环类
10435301	未使用	环类
10435302	未使用	环类
10435303	未使用	环类
10435304	未使用	环类
10435305	未使用	环类
10435306	未使用	环类
10435307	未使用	环类
10435308	未使用	环类
10435309	未使用	环类
10435310	未使用	环类
10435311	未使用	环类
10435312	未使用	环类
10435313	未使用	环类
10435314	未使用	环类
10435315	未使用	环类
10435316	未使用	环类
10435317	未使用	环类
10435318	未使用	环类
10435319	未使用	环类
10435320	未使用	环类
10435321	未使用	环类
10435322	未使用	环类
10435323	未使用	环类
10435324	未使用	环类
10435325	未使用	环类
10435326	未使用	环类
10435327	未使用	环类
10435328	未使用	环类
10435329	未使用	环类
10435330	未使用	环类
10435331	未使用	环类
10435332	未使用	环类
10435333	未使用	环类
10435334	未使用	环类
10435335	未使用	环类
10435336	未使用	环类
10435337	未使用	环类
10435338	未使用	环类
10435339	未使用	环类
10435340	未使用	环类
10435341	未使用	环类
10435342	未使用	环类
10435343	未使用	环类
10435344	未使用	环类
10435345	未使用	环类
10435346	未使用	环类
10435347	未使用	环类
10435348	未使用	环类
10435349	未使用	环类
10435350	未使用	环类
10435351	未使用	环类
10435352	未使用	环类
10435353	未使用	环类
10435354	未使用	环类
10435355	未使用	环类
10435356	未使用	环类
10435357	未使用	环类
10435358	未使用	环类
10435359	未使用	环类
10435360	未使用	环类
10435361	未使用	环类
10435362	未使用	环类
10435363	未使用	环类
10435364	未使用	环类
10435365	未使用	环类
10435366	未使用	环类
10435367	未使用	环类
10435368	未使用	环类
10435369	未使用	环类
10435370	未使用	环类
10435371	未使用	环类
10435372	未使用	环类
10435373	未使用	环类
10435374	未使用	环类
10435375	未使用	环类
10435376	未使用	环类
10435377	未使用	环类
10435378	未使用	环类
10435379	未使用	环类
10435380	未使用	环类
10435381	未使用	环类
10435382	未使用	环类
10435383	未使用	环类
10435384	未使用	环类
10435385	未使用	环类
10435386	未使用	环类
10435387	未使用	环类
10435388	未使用	环类
10435389	未使用	环类
10435390	未使用	环类
10435391	未使用	环类
10435392	未使用	环类
10435393	未使用	环类
10435394	未使用	环类
10435395	未使用	环类
10435396	未使用	环类
10435397	未使用	环类
10435398	未使用	环类
10435399	未使用	环类
10435400	未使用	环类
10436001	万羽之萤火流烟弩	弩类
10436002	万羽之萤火流烟弩	弩类
10436003	万羽之萤火流烟弩	弩类
10436004	万羽之萤火流烟弩	弩类
10436005	万羽之萤火流烟弩	弩类
10436006	万羽之萤火流烟弩	弩类
10436007	万羽之萤火流烟弩	弩类
10436008	万羽之萤火流烟弩	弩类
10436009	万羽之萤火流烟弩	弩类
10436010	万羽之萤火流烟弩	弩类
10436011	万羽之迅影飞花弩	弩类
10436012	万羽之迅影飞花弩	弩类
10436013	万羽之迅影飞花弩	弩类
10436014	万羽之迅影飞花弩	弩类
10436015	万羽之迅影飞花弩	弩类
10436016	万羽之迅影飞花弩	弩类
10436017	万羽之迅影飞花弩	弩类
10436018	万羽之迅影飞花弩	弩类
10436019	万羽之迅影飞花弩	弩类
10436020	万羽之迅影飞花弩	弩类
10436021	万羽之紫霞吞云弩	弩类
10436022	万羽之紫霞吞云弩	弩类
10436023	万羽之紫霞吞云弩	弩类
10436024	万羽之紫霞吞云弩	弩类
10436025	万羽之紫霞吞云弩	弩类
10436026	万羽之紫霞吞云弩	弩类
10436027	万羽之紫霞吞云弩	弩类
10436028	万羽之紫霞吞云弩	弩类
10436029	万羽之紫霞吞云弩	弩类
10436030	万羽之紫霞吞云弩	弩类
10436031	万羽之雪夜霜华弩	弩类
10436032	万羽之雪夜霜华弩	弩类
10436033	万羽之雪夜霜华弩	弩类
10436034	万羽之雪夜霜华弩	弩类
10436035	万羽之雪夜霜华弩	弩类
10436036	万羽之雪夜霜华弩	弩类
10436037	万羽之雪夜霜华弩	弩类
10436038	万羽之雪夜霜华弩	弩类
10436039	万羽之雪夜霜华弩	弩类
10436040	万羽之雪夜霜华弩	弩类
10436041	万羽之妙法太一弩	弩类
10436042	万羽之妙法太一弩	弩类
10436043	万羽之妙法太一弩	弩类
10436044	万羽之妙法太一弩	弩类
10436045	万羽之妙法太一弩	弩类
10436046	万羽之妙法太一弩	弩类
10436047	万羽之妙法太一弩	弩类
10436048	万羽之妙法太一弩	弩类
10436049	万羽之妙法太一弩	弩类
10436050	万羽之妙法太一弩	弩类
10436051	万羽之玄黄两仪弩	弩类
10436052	万羽之玄黄两仪弩	弩类
10436053	万羽之玄黄两仪弩	弩类
10436054	万羽之玄黄两仪弩	弩类
10436055	万羽之玄黄两仪弩	弩类
10436056	万羽之玄黄两仪弩	弩类
10436057	万羽之玄黄两仪弩	弩类
10436058	万羽之玄黄两仪弩	弩类
10436059	万羽之玄黄两仪弩	弩类
10436060	万羽之玄黄两仪弩	弩类
10436061	万羽之四象盘星弩	弩类
10436062	万羽之四象盘星弩	弩类
10436063	万羽之四象盘星弩	弩类
10436064	万羽之四象盘星弩	弩类
10436065	万羽之四象盘星弩	弩类
10436066	万羽之四象盘星弩	弩类
10436067	万羽之四象盘星弩	弩类
10436068	万羽之四象盘星弩	弩类
10436069	万羽之四象盘星弩	弩类
10436070	万羽之四象盘星弩	弩类
10436071	万羽之六合衔月弩	弩类
10436072	万羽之六合衔月弩	弩类
10436073	万羽之六合衔月弩	弩类
10436074	万羽之六合衔月弩	弩类
10436075	万羽之六合衔月弩	弩类
10436076	万羽之六合衔月弩	弩类
10436077	万羽之六合衔月弩	弩类
10436078	万羽之六合衔月弩	弩类
10436079	万羽之六合衔月弩	弩类
10436080	万羽之六合衔月弩	弩类
10436081	万羽之八荒泯日弩	弩类
10436082	万羽之八荒泯日弩	弩类
10436083	万羽之八荒泯日弩	弩类
10436084	万羽之八荒泯日弩	弩类
10436085	万羽之八荒泯日弩	弩类
10436086	万羽之八荒泯日弩	弩类
10436087	万羽之八荒泯日弩	弩类
10436088	万羽之八荒泯日弩	弩类
10436089	万羽之八荒泯日弩	弩类
10436090	万羽之八荒泯日弩	弩类
10436091	万羽之绝生	弩类
10436092	万羽之绝生	弩类
10436093	万羽之绝生	弩类
10436094	万羽之绝生	弩类
10436095	万羽之绝生	弩类
10436096	万羽之绝生	弩类
10436097	万羽之绝生	弩类
10436098	万羽之绝生	弩类
10436099	万羽之绝生	弩类
10436100	万羽之绝生	弩类
10436101	萤火流烟弩	弩类
10436102	迅影飞花弩	弩类
10436103	紫霞吞云弩	弩类
10437001	纵横之烈炎灼光杖	长杖类
10437002	纵横之烈炎灼光杖	长杖类
10437003	纵横之烈炎灼光杖	长杖类
10437004	纵横之烈炎灼光杖	长杖类
10437005	纵横之烈炎灼光杖	长杖类
10437006	纵横之烈炎灼光杖	长杖类
10437007	纵横之烈炎灼光杖	长杖类
10437008	纵横之烈炎灼光杖	长杖类
10437009	纵横之烈炎灼光杖	长杖类
10437010	纵横之烈炎灼光杖	长杖类
10437011	纵横之云寒霜雪杖	长杖类
10437012	纵横之云寒霜雪杖	长杖类
10437013	纵横之云寒霜雪杖	长杖类
10437014	纵横之云寒霜雪杖	长杖类
10437015	纵横之云寒霜雪杖	长杖类
10437016	纵横之云寒霜雪杖	长杖类
10437017	纵横之云寒霜雪杖	长杖类
10437018	纵横之云寒霜雪杖	长杖类
10437019	纵横之云寒霜雪杖	长杖类
10437020	纵横之云寒霜雪杖	长杖类
10437021	纵横之辰宿流转杖	长杖类
10437022	纵横之辰宿流转杖	长杖类
10437023	纵横之辰宿流转杖	长杖类
10437024	纵横之辰宿流转杖	长杖类
10437025	纵横之辰宿流转杖	长杖类
10437026	纵横之辰宿流转杖	长杖类
10437027	纵横之辰宿流转杖	长杖类
10437028	纵横之辰宿流转杖	长杖类
10437029	纵横之辰宿流转杖	长杖类
10437030	纵横之辰宿流转杖	长杖类
10437031	纵横之朗月清辉杖	长杖类
10437032	纵横之朗月清辉杖	长杖类
10437033	纵横之朗月清辉杖	长杖类
10437034	纵横之朗月清辉杖	长杖类
10437035	纵横之朗月清辉杖	长杖类
10437036	纵横之朗月清辉杖	长杖类
10437037	纵横之朗月清辉杖	长杖类
10437038	纵横之朗月清辉杖	长杖类
10437039	纵横之朗月清辉杖	长杖类
10437040	纵横之朗月清辉杖	长杖类
10437041	纵横之大日昭昭杖	长杖类
10437042	纵横之大日昭昭杖	长杖类
10437043	纵横之大日昭昭杖	长杖类
10437044	纵横之大日昭昭杖	长杖类
10437045	纵横之大日昭昭杖	长杖类
10437046	纵横之大日昭昭杖	长杖类
10437047	纵横之大日昭昭杖	长杖类
10437048	纵横之大日昭昭杖	长杖类
10437049	纵横之大日昭昭杖	长杖类
10437050	纵横之大日昭昭杖	长杖类
10437051	纵横之宙始风华杖	长杖类
10437052	纵横之宙始风华杖	长杖类
10437053	纵横之宙始风华杖	长杖类
10437054	纵横之宙始风华杖	长杖类
10437055	纵横之宙始风华杖	长杖类
10437056	纵横之宙始风华杖	长杖类
10437057	纵横之宙始风华杖	长杖类
10437058	纵横之宙始风华杖	长杖类
10437059	纵横之宙始风华杖	长杖类
10437060	纵横之宙始风华杖	长杖类
10437061	纵横之玉宇玄穹杖	长杖类
10437062	纵横之玉宇玄穹杖	长杖类
10437063	纵横之玉宇玄穹杖	长杖类
10437064	纵横之玉宇玄穹杖	长杖类
10437065	纵横之玉宇玄穹杖	长杖类
10437066	纵横之玉宇玄穹杖	长杖类
10437067	纵横之玉宇玄穹杖	长杖类
10437068	纵横之玉宇玄穹杖	长杖类
10437069	纵横之玉宇玄穹杖	长杖类
10437070	纵横之玉宇玄穹杖	长杖类
10437071	纵横之玄黄立法杖	长杖类
10437072	纵横之玄黄立法杖	长杖类
10437073	纵横之玄黄立法杖	长杖类
10437074	纵横之玄黄立法杖	长杖类
10437075	纵横之玄黄立法杖	长杖类
10437076	纵横之玄黄立法杖	长杖类
10437077	纵横之玄黄立法杖	长杖类
10437078	纵横之玄黄立法杖	长杖类
10437079	纵横之玄黄立法杖	长杖类
10437080	纵横之玄黄立法杖	长杖类
10437081	纵横之天地长春杖	长杖类
10437082	纵横之天地长春杖	长杖类
10437083	纵横之天地长春杖	长杖类
10437084	纵横之天地长春杖	长杖类
10437085	纵横之天地长春杖	长杖类
10437086	纵横之天地长春杖	长杖类
10437087	纵横之天地长春杖	长杖类
10437088	纵横之天地长春杖	长杖类
10437089	纵横之天地长春杖	长杖类
10437090	纵横之天地长春杖	长杖类
10437091	纵横之玉霄	长杖类
10437092	纵横之玉霄	长杖类
10437093	纵横之玉霄	长杖类
10437094	纵横之玉霄	长杖类
10437095	纵横之玉霄	长杖类
10437096	纵横之玉霄	长杖类
10437097	纵横之玉霄	长杖类
10437098	纵横之玉霄	长杖类
10437099	纵横之玉霄	长杖类
10437100	纵横之玉霄	长杖类
10437101	烈炎灼光杖	长杖类
10437102	云寒霜雪杖	长杖类
10437103	辰宿流转杖	长杖类
10440001	达摩之银锁盔	帽子
10440002	达摩之银锁盔	帽子
10440003	达摩之银锁盔	帽子
10440004	达摩之银锁盔	帽子
10440005	达摩之银锁盔	帽子
10440006	达摩之银锁盔	帽子
10440007	达摩之银锁盔	帽子
10440008	达摩之银锁盔	帽子
10440009	达摩之银锁盔	帽子
10440010	达摩之银锁盔	帽子
10440011	达摩之月铁盔	帽子
10440012	达摩之月铁盔	帽子
10440013	达摩之月铁盔	帽子
10440014	达摩之月铁盔	帽子
10440015	达摩之月铁盔	帽子
10440016	达摩之月铁盔	帽子
10440017	达摩之月铁盔	帽子
10440018	达摩之月铁盔	帽子
10440019	达摩之月铁盔	帽子
10440020	达摩之月铁盔	帽子
10440021	达摩之玄铁盔	帽子
10440022	达摩之玄铁盔	帽子
10440023	达摩之玄铁盔	帽子
10440024	达摩之玄铁盔	帽子
10440025	达摩之玄铁盔	帽子
10440026	达摩之玄铁盔	帽子
10440027	达摩之玄铁盔	帽子
10440028	达摩之玄铁盔	帽子
10440029	达摩之玄铁盔	帽子
10440030	达摩之玄铁盔	帽子
10440031	达摩之封霄盔	帽子
10440032	达摩之封霄盔	帽子
10440033	达摩之封霄盔	帽子
10440034	达摩之封霄盔	帽子
10440035	达摩之封霄盔	帽子
10440036	达摩之封霄盔	帽子
10440037	达摩之封霄盔	帽子
10440038	达摩之封霄盔	帽子
10440039	达摩之封霄盔	帽子
10440040	达摩之封霄盔	帽子
10440041	达摩之灭寒盔	帽子
10440042	达摩之灭寒盔	帽子
10440043	达摩之灭寒盔	帽子
10440044	达摩之灭寒盔	帽子
10440045	达摩之灭寒盔	帽子
10440046	达摩之灭寒盔	帽子
10440047	达摩之灭寒盔	帽子
10440048	达摩之灭寒盔	帽子
10440049	达摩之灭寒盔	帽子
10440050	达摩之灭寒盔	帽子
10440051	达摩之逆火盔	帽子
10440052	达摩之逆火盔	帽子
10440053	达摩之逆火盔	帽子
10440054	达摩之逆火盔	帽子
10440055	达摩之逆火盔	帽子
10440056	达摩之逆火盔	帽子
10440057	达摩之逆火盔	帽子
10440058	达摩之逆火盔	帽子
10440059	达摩之逆火盔	帽子
10440060	达摩之逆火盔	帽子
10440061	达摩之誓尘盔	帽子
10440062	达摩之誓尘盔	帽子
10440063	达摩之誓尘盔	帽子
10440064	达摩之誓尘盔	帽子
10440065	达摩之誓尘盔	帽子
10440066	达摩之誓尘盔	帽子
10440067	达摩之誓尘盔	帽子
10440068	达摩之誓尘盔	帽子
10440069	达摩之誓尘盔	帽子
10440070	达摩之誓尘盔	帽子
10440071	达摩之灭魄盔	帽子
10440072	达摩之灭魄盔	帽子
10440073	达摩之灭魄盔	帽子
10440074	达摩之灭魄盔	帽子
10440075	达摩之灭魄盔	帽子
10440076	达摩之灭魄盔	帽子
10440077	达摩之灭魄盔	帽子
10440078	达摩之灭魄盔	帽子
10440079	达摩之灭魄盔	帽子
10440080	达摩之灭魄盔	帽子
10440081	达摩之魂噬圣盔	帽子
10440082	达摩之魂噬圣盔	帽子
10440083	达摩之魂噬圣盔	帽子
10440084	达摩之魂噬圣盔	帽子
10440085	达摩之魂噬圣盔	帽子
10440086	达摩之魂噬圣盔	帽子
10440087	达摩之魂噬圣盔	帽子
10440088	达摩之魂噬圣盔	帽子
10440089	达摩之魂噬圣盔	帽子
10440090	达摩之魂噬圣盔	帽子
10440091	达摩之蛰龙天盔	帽子
10440092	达摩之蛰龙天盔	帽子
10440093	达摩之蛰龙天盔	帽子
10440094	达摩之蛰龙天盔	帽子
10440095	达摩之蛰龙天盔	帽子
10440096	达摩之蛰龙天盔	帽子
10440097	达摩之蛰龙天盔	帽子
10440098	达摩之蛰龙天盔	帽子
10440099	达摩之蛰龙天盔	帽子
10440100	达摩之蛰龙天盔	帽子
10440101	圣火之银锁盔	帽子
10440102	圣火之银锁盔	帽子
10440103	圣火之银锁盔	帽子
10440104	圣火之银锁盔	帽子
10440105	圣火之银锁盔	帽子
10440106	圣火之银锁盔	帽子
10440107	圣火之银锁盔	帽子
10440108	圣火之银锁盔	帽子
10440109	圣火之银锁盔	帽子
10440110	圣火之银锁盔	帽子
10440111	圣火之月铁盔	帽子
10440112	圣火之月铁盔	帽子
10440113	圣火之月铁盔	帽子
10440114	圣火之月铁盔	帽子
10440115	圣火之月铁盔	帽子
10440116	圣火之月铁盔	帽子
10440117	圣火之月铁盔	帽子
10440118	圣火之月铁盔	帽子
10440119	圣火之月铁盔	帽子
10440120	圣火之月铁盔	帽子
10440121	圣火之玄铁盔	帽子
10440122	圣火之玄铁盔	帽子
10440123	圣火之玄铁盔	帽子
10440124	圣火之玄铁盔	帽子
10440125	圣火之玄铁盔	帽子
10440126	圣火之玄铁盔	帽子
10440127	圣火之玄铁盔	帽子
10440128	圣火之玄铁盔	帽子
10440129	圣火之玄铁盔	帽子
10440130	圣火之玄铁盔	帽子
10440131	圣火之封霄盔	帽子
10440132	圣火之封霄盔	帽子
10440133	圣火之封霄盔	帽子
10440134	圣火之封霄盔	帽子
10440135	圣火之封霄盔	帽子
10440136	圣火之封霄盔	帽子
10440137	圣火之封霄盔	帽子
10440138	圣火之封霄盔	帽子
10440139	圣火之封霄盔	帽子
10440140	圣火之封霄盔	帽子
10440141	圣火之灭寒盔	帽子
10440142	圣火之灭寒盔	帽子
10440143	圣火之灭寒盔	帽子
10440144	圣火之灭寒盔	帽子
10440145	圣火之灭寒盔	帽子
10440146	圣火之灭寒盔	帽子
10440147	圣火之灭寒盔	帽子
10440148	圣火之灭寒盔	帽子
10440149	圣火之灭寒盔	帽子
10440150	圣火之灭寒盔	帽子
10440151	圣火之逆火盔	帽子
10440152	圣火之逆火盔	帽子
10440153	圣火之逆火盔	帽子
10440154	圣火之逆火盔	帽子
10440155	圣火之逆火盔	帽子
10440156	圣火之逆火盔	帽子
10440157	圣火之逆火盔	帽子
10440158	圣火之逆火盔	帽子
10440159	圣火之逆火盔	帽子
10440160	圣火之逆火盔	帽子
10440161	圣火之誓尘盔	帽子
10440162	圣火之誓尘盔	帽子
10440163	圣火之誓尘盔	帽子
10440164	圣火之誓尘盔	帽子
10440165	圣火之誓尘盔	帽子
10440166	圣火之誓尘盔	帽子
10440167	圣火之誓尘盔	帽子
10440168	圣火之誓尘盔	帽子
10440169	圣火之誓尘盔	帽子
10440170	圣火之誓尘盔	帽子
10440171	圣火之灭魄盔	帽子
10440172	圣火之灭魄盔	帽子
10440173	圣火之灭魄盔	帽子
10440174	圣火之灭魄盔	帽子
10440175	圣火之灭魄盔	帽子
10440176	圣火之灭魄盔	帽子
10440177	圣火之灭魄盔	帽子
10440178	圣火之灭魄盔	帽子
10440179	圣火之灭魄盔	帽子
10440180	圣火之灭魄盔	帽子
10440181	圣火之魂噬圣盔	帽子
10440182	圣火之魂噬圣盔	帽子
10440183	圣火之魂噬圣盔	帽子
10440184	圣火之魂噬圣盔	帽子
10440185	圣火之魂噬圣盔	帽子
10440186	圣火之魂噬圣盔	帽子
10440187	圣火之魂噬圣盔	帽子
10440188	圣火之魂噬圣盔	帽子
10440189	圣火之魂噬圣盔	帽子
10440190	圣火之魂噬圣盔	帽子
10440191	圣火之蛰龙天盔	帽子
10440192	圣火之蛰龙天盔	帽子
10440193	圣火之蛰龙天盔	帽子
10440194	圣火之蛰龙天盔	帽子
10440195	圣火之蛰龙天盔	帽子
10440196	圣火之蛰龙天盔	帽子
10440197	圣火之蛰龙天盔	帽子
10440198	圣火之蛰龙天盔	帽子
10440199	圣火之蛰龙天盔	帽子
10440200	圣火之蛰龙天盔	帽子
10440201	降龙之银锁盔	帽子
10440202	降龙之银锁盔	帽子
10440203	降龙之银锁盔	帽子
10440204	降龙之银锁盔	帽子
10440205	降龙之银锁盔	帽子
10440206	降龙之银锁盔	帽子
10440207	降龙之银锁盔	帽子
10440208	降龙之银锁盔	帽子
10440209	降龙之银锁盔	帽子
10440210	降龙之银锁盔	帽子
10440211	降龙之月铁盔	帽子
10440212	降龙之月铁盔	帽子
10440213	降龙之月铁盔	帽子
10440214	降龙之月铁盔	帽子
10440215	降龙之月铁盔	帽子
10440216	降龙之月铁盔	帽子
10440217	降龙之月铁盔	帽子
10440218	降龙之月铁盔	帽子
10440219	降龙之月铁盔	帽子
10440220	降龙之月铁盔	帽子
10440221	降龙之玄铁盔	帽子
10440222	降龙之玄铁盔	帽子
10440223	降龙之玄铁盔	帽子
10440224	降龙之玄铁盔	帽子
10440225	降龙之玄铁盔	帽子
10440226	降龙之玄铁盔	帽子
10440227	降龙之玄铁盔	帽子
10440228	降龙之玄铁盔	帽子
10440229	降龙之玄铁盔	帽子
10440230	降龙之玄铁盔	帽子
10440231	降龙之封霄盔	帽子
10440232	降龙之封霄盔	帽子
10440233	降龙之封霄盔	帽子
10440234	降龙之封霄盔	帽子
10440235	降龙之封霄盔	帽子
10440236	降龙之封霄盔	帽子
10440237	降龙之封霄盔	帽子
10440238	降龙之封霄盔	帽子
10440239	降龙之封霄盔	帽子
10440240	降龙之封霄盔	帽子
10440241	降龙之灭寒盔	帽子
10440242	降龙之灭寒盔	帽子
10440243	降龙之灭寒盔	帽子
10440244	降龙之灭寒盔	帽子
10440245	降龙之灭寒盔	帽子
10440246	降龙之灭寒盔	帽子
10440247	降龙之灭寒盔	帽子
10440248	降龙之灭寒盔	帽子
10440249	降龙之灭寒盔	帽子
10440250	降龙之灭寒盔	帽子
10440251	降龙之逆火盔	帽子
10440252	降龙之逆火盔	帽子
10440253	降龙之逆火盔	帽子
10440254	降龙之逆火盔	帽子
10440255	降龙之逆火盔	帽子
10440256	降龙之逆火盔	帽子
10440257	降龙之逆火盔	帽子
10440258	降龙之逆火盔	帽子
10440259	降龙之逆火盔	帽子
10440260	降龙之逆火盔	帽子
10440261	降龙之誓尘盔	帽子
10440262	降龙之誓尘盔	帽子
10440263	降龙之誓尘盔	帽子
10440264	降龙之誓尘盔	帽子
10440265	降龙之誓尘盔	帽子
10440266	降龙之誓尘盔	帽子
10440267	降龙之誓尘盔	帽子
10440268	降龙之誓尘盔	帽子
10440269	降龙之誓尘盔	帽子
10440270	降龙之誓尘盔	帽子
10440271	降龙之灭魄盔	帽子
10440272	降龙之灭魄盔	帽子
10440273	降龙之灭魄盔	帽子
10440274	降龙之灭魄盔	帽子
10440275	降龙之灭魄盔	帽子
10440276	降龙之灭魄盔	帽子
10440277	降龙之灭魄盔	帽子
10440278	降龙之灭魄盔	帽子
10440279	降龙之灭魄盔	帽子
10440280	降龙之灭魄盔	帽子
10440281	降龙之魂噬圣盔	帽子
10440282	降龙之魂噬圣盔	帽子
10440283	降龙之魂噬圣盔	帽子
10440284	降龙之魂噬圣盔	帽子
10440285	降龙之魂噬圣盔	帽子
10440286	降龙之魂噬圣盔	帽子
10440287	降龙之魂噬圣盔	帽子
10440288	降龙之魂噬圣盔	帽子
10440289	降龙之魂噬圣盔	帽子
10440290	降龙之魂噬圣盔	帽子
10440291	降龙之蛰龙天盔	帽子
10440292	降龙之蛰龙天盔	帽子
10440293	降龙之蛰龙天盔	帽子
10440294	降龙之蛰龙天盔	帽子
10440295	降龙之蛰龙天盔	帽子
10440296	降龙之蛰龙天盔	帽子
10440297	降龙之蛰龙天盔	帽子
10440298	降龙之蛰龙天盔	帽子
10440299	降龙之蛰龙天盔	帽子
10440300	降龙之蛰龙天盔	帽子
10440301	玉女之棉布帽	帽子
10440302	玉女之棉布帽	帽子
10440303	玉女之棉布帽	帽子
10440304	玉女之棉布帽	帽子
10440305	玉女之棉布帽	帽子
10440306	玉女之棉布帽	帽子
10440307	玉女之棉布帽	帽子
10440308	玉女之棉布帽	帽子
10440309	玉女之棉布帽	帽子
10440310	玉女之棉布帽	帽子
10440311	玉女之棉丝帽	帽子
10440312	玉女之棉丝帽	帽子
10440313	玉女之棉丝帽	帽子
10440314	玉女之棉丝帽	帽子
10440315	玉女之棉丝帽	帽子
10440316	玉女之棉丝帽	帽子
10440317	玉女之棉丝帽	帽子
10440318	玉女之棉丝帽	帽子
10440319	玉女之棉丝帽	帽子
10440320	玉女之棉丝帽	帽子
10440321	玉女之蒲布帽	帽子
10440322	玉女之蒲布帽	帽子
10440323	玉女之蒲布帽	帽子
10440324	玉女之蒲布帽	帽子
10440325	玉女之蒲布帽	帽子
10440326	玉女之蒲布帽	帽子
10440327	玉女之蒲布帽	帽子
10440328	玉女之蒲布帽	帽子
10440329	玉女之蒲布帽	帽子
10440330	玉女之蒲布帽	帽子
10440331	玉女之真丝帽	帽子
10440332	玉女之真丝帽	帽子
10440333	玉女之真丝帽	帽子
10440334	玉女之真丝帽	帽子
10440335	玉女之真丝帽	帽子
10440336	玉女之真丝帽	帽子
10440337	玉女之真丝帽	帽子
10440338	玉女之真丝帽	帽子
10440339	玉女之真丝帽	帽子
10440340	玉女之真丝帽	帽子
10440341	玉女之苏锦帽	帽子
10440342	玉女之苏锦帽	帽子
10440343	玉女之苏锦帽	帽子
10440344	玉女之苏锦帽	帽子
10440345	玉女之苏锦帽	帽子
10440346	玉女之苏锦帽	帽子
10440347	玉女之苏锦帽	帽子
10440348	玉女之苏锦帽	帽子
10440349	玉女之苏锦帽	帽子
10440350	玉女之苏锦帽	帽子
10440351	玉女之青峨冠	帽子
10440352	玉女之青峨冠	帽子
10440353	玉女之青峨冠	帽子
10440354	玉女之青峨冠	帽子
10440355	玉女之青峨冠	帽子
10440356	玉女之青峨冠	帽子
10440357	玉女之青峨冠	帽子
10440358	玉女之青峨冠	帽子
10440359	玉女之青峨冠	帽子
10440360	玉女之青峨冠	帽子
10440361	玉女之四海冠	帽子
10440362	玉女之四海冠	帽子
10440363	玉女之四海冠	帽子
10440364	玉女之四海冠	帽子
10440365	玉女之四海冠	帽子
10440366	玉女之四海冠	帽子
10440367	玉女之四海冠	帽子
10440368	玉女之四海冠	帽子
10440369	玉女之四海冠	帽子
10440370	玉女之四海冠	帽子
10440371	玉女之如梦冠	帽子
10440372	玉女之如梦冠	帽子
10440373	玉女之如梦冠	帽子
10440374	玉女之如梦冠	帽子
10440375	玉女之如梦冠	帽子
10440376	玉女之如梦冠	帽子
10440377	玉女之如梦冠	帽子
10440378	玉女之如梦冠	帽子
10440379	玉女之如梦冠	帽子
10440380	玉女之如梦冠	帽子
10440381	玉女之圣目帽	帽子
10440382	玉女之圣目帽	帽子
10440383	玉女之圣目帽	帽子
10440384	玉女之圣目帽	帽子
10440385	玉女之圣目帽	帽子
10440386	玉女之圣目帽	帽子
10440387	玉女之圣目帽	帽子
10440388	玉女之圣目帽	帽子
10440389	玉女之圣目帽	帽子
10440390	玉女之圣目帽	帽子
10440391	玉女之灵动天冠	帽子
10440392	玉女之灵动天冠	帽子
10440393	玉女之灵动天冠	帽子
10440394	玉女之灵动天冠	帽子
10440395	玉女之灵动天冠	帽子
10440396	玉女之灵动天冠	帽子
10440397	玉女之灵动天冠	帽子
10440398	玉女之灵动天冠	帽子
10440399	玉女之灵动天冠	帽子
10440400	玉女之灵动天冠	帽子
10440401	无极之棉布帽	帽子
10440402	无极之棉布帽	帽子
10440403	无极之棉布帽	帽子
10440404	无极之棉布帽	帽子
10440405	无极之棉布帽	帽子
10440406	无极之棉布帽	帽子
10440407	无极之棉布帽	帽子
10440408	无极之棉布帽	帽子
10440409	无极之棉布帽	帽子
10440410	无极之棉布帽	帽子
10440411	无极之棉丝帽	帽子
10440412	无极之棉丝帽	帽子
10440413	无极之棉丝帽	帽子
10440414	无极之棉丝帽	帽子
10440415	无极之棉丝帽	帽子
10440416	无极之棉丝帽	帽子
10440417	无极之棉丝帽	帽子
10440418	无极之棉丝帽	帽子
10440419	无极之棉丝帽	帽子
10440420	无极之棉丝帽	帽子
10440421	无极之蒲布帽	帽子
10440422	无极之蒲布帽	帽子
10440423	无极之蒲布帽	帽子
10440424	无极之蒲布帽	帽子
10440425	无极之蒲布帽	帽子
10440426	无极之蒲布帽	帽子
10440427	无极之蒲布帽	帽子
10440428	无极之蒲布帽	帽子
10440429	无极之蒲布帽	帽子
10440430	无极之蒲布帽	帽子
10440431	无极之真丝帽	帽子
10440432	无极之真丝帽	帽子
10440433	无极之真丝帽	帽子
10440434	无极之真丝帽	帽子
10440435	无极之真丝帽	帽子
10440436	无极之真丝帽	帽子
10440437	无极之真丝帽	帽子
10440438	无极之真丝帽	帽子
10440439	无极之真丝帽	帽子
10440440	无极之真丝帽	帽子
10440441	无极之苏锦帽	帽子
10440442	无极之苏锦帽	帽子
10440443	无极之苏锦帽	帽子
10440444	无极之苏锦帽	帽子
10440445	无极之苏锦帽	帽子
10440446	无极之苏锦帽	帽子
10440447	无极之苏锦帽	帽子
10440448	无极之苏锦帽	帽子
10440449	无极之苏锦帽	帽子
10440450	无极之苏锦帽	帽子
10440451	无极之青峨冠	帽子
10440452	无极之青峨冠	帽子
10440453	无极之青峨冠	帽子
10440454	无极之青峨冠	帽子
10440455	无极之青峨冠	帽子
10440456	无极之青峨冠	帽子
10440457	无极之青峨冠	帽子
10440458	无极之青峨冠	帽子
10440459	无极之青峨冠	帽子
10440460	无极之青峨冠	帽子
10440461	无极之四海冠	帽子
10440462	无极之四海冠	帽子
10440463	无极之四海冠	帽子
10440464	无极之四海冠	帽子
10440465	无极之四海冠	帽子
10440466	无极之四海冠	帽子
10440467	无极之四海冠	帽子
10440468	无极之四海冠	帽子
10440469	无极之四海冠	帽子
10440470	无极之四海冠	帽子
10440471	无极之如梦冠	帽子
10440472	无极之如梦冠	帽子
10440473	无极之如梦冠	帽子
10440474	无极之如梦冠	帽子
10440475	无极之如梦冠	帽子
10440476	无极之如梦冠	帽子
10440477	无极之如梦冠	帽子
10440478	无极之如梦冠	帽子
10440479	无极之如梦冠	帽子
10440480	无极之如梦冠	帽子
10440481	无极之圣目帽	帽子
10440482	无极之圣目帽	帽子
10440483	无极之圣目帽	帽子
10440484	无极之圣目帽	帽子
10440485	无极之圣目帽	帽子
10440486	无极之圣目帽	帽子
10440487	无极之圣目帽	帽子
10440488	无极之圣目帽	帽子
10440489	无极之圣目帽	帽子
10440490	无极之圣目帽	帽子
10440491	无极之灵动天冠	帽子
10440492	无极之灵动天冠	帽子
10440493	无极之灵动天冠	帽子
10440494	无极之灵动天冠	帽子
10440495	无极之灵动天冠	帽子
10440496	无极之灵动天冠	帽子
10440497	无极之灵动天冠	帽子
10440498	无极之灵动天冠	帽子
10440499	无极之灵动天冠	帽子
10440500	无极之灵动天冠	帽子
10440501	荒毒之棉布帽	帽子
10440502	荒毒之棉布帽	帽子
10440503	荒毒之棉布帽	帽子
10440504	荒毒之棉布帽	帽子
10440505	荒毒之棉布帽	帽子
10440506	荒毒之棉布帽	帽子
10440507	荒毒之棉布帽	帽子
10440508	荒毒之棉布帽	帽子
10440509	荒毒之棉布帽	帽子
10440510	荒毒之棉布帽	帽子
10440511	荒毒之棉丝帽	帽子
10440512	荒毒之棉丝帽	帽子
10440513	荒毒之棉丝帽	帽子
10440514	荒毒之棉丝帽	帽子
10440515	荒毒之棉丝帽	帽子
10440516	荒毒之棉丝帽	帽子
10440517	荒毒之棉丝帽	帽子
10440518	荒毒之棉丝帽	帽子
10440519	荒毒之棉丝帽	帽子
10440520	荒毒之棉丝帽	帽子
10440521	荒毒之蒲布帽	帽子
10440522	荒毒之蒲布帽	帽子
10440523	荒毒之蒲布帽	帽子
10440524	荒毒之蒲布帽	帽子
10440525	荒毒之蒲布帽	帽子
10440526	荒毒之蒲布帽	帽子
10440527	荒毒之蒲布帽	帽子
10440528	荒毒之蒲布帽	帽子
10440529	荒毒之蒲布帽	帽子
10440530	荒毒之蒲布帽	帽子
10440531	荒毒之真丝帽	帽子
10440532	荒毒之真丝帽	帽子
10440533	荒毒之真丝帽	帽子
10440534	荒毒之真丝帽	帽子
10440535	荒毒之真丝帽	帽子
10440536	荒毒之真丝帽	帽子
10440537	荒毒之真丝帽	帽子
10440538	荒毒之真丝帽	帽子
10440539	荒毒之真丝帽	帽子
10440540	荒毒之真丝帽	帽子
10440541	荒毒之苏锦帽	帽子
10440542	荒毒之苏锦帽	帽子
10440543	荒毒之苏锦帽	帽子
10440544	荒毒之苏锦帽	帽子
10440545	荒毒之苏锦帽	帽子
10440546	荒毒之苏锦帽	帽子
10440547	荒毒之苏锦帽	帽子
10440548	荒毒之苏锦帽	帽子
10440549	荒毒之苏锦帽	帽子
10440550	荒毒之苏锦帽	帽子
10440551	荒毒之青峨冠	帽子
10440552	荒毒之青峨冠	帽子
10440553	荒毒之青峨冠	帽子
10440554	荒毒之青峨冠	帽子
10440555	荒毒之青峨冠	帽子
10440556	荒毒之青峨冠	帽子
10440557	荒毒之青峨冠	帽子
10440558	荒毒之青峨冠	帽子
10440559	荒毒之青峨冠	帽子
10440560	荒毒之青峨冠	帽子
10440561	荒毒之四海冠	帽子
10440562	荒毒之四海冠	帽子
10440563	荒毒之四海冠	帽子
10440564	荒毒之四海冠	帽子
10440565	荒毒之四海冠	帽子
10440566	荒毒之四海冠	帽子
10440567	荒毒之四海冠	帽子
10440568	荒毒之四海冠	帽子
10440569	荒毒之四海冠	帽子
10440570	荒毒之四海冠	帽子
10440571	荒毒之如梦冠	帽子
10440572	荒毒之如梦冠	帽子
10440573	荒毒之如梦冠	帽子
10440574	荒毒之如梦冠	帽子
10440575	荒毒之如梦冠	帽子
10440576	荒毒之如梦冠	帽子
10440577	荒毒之如梦冠	帽子
10440578	荒毒之如梦冠	帽子
10440579	荒毒之如梦冠	帽子
10440580	荒毒之如梦冠	帽子
10440581	荒毒之圣目帽	帽子
10440582	荒毒之圣目帽	帽子
10440583	荒毒之圣目帽	帽子
10440584	荒毒之圣目帽	帽子
10440585	荒毒之圣目帽	帽子
10440586	荒毒之圣目帽	帽子
10440587	荒毒之圣目帽	帽子
10440588	荒毒之圣目帽	帽子
10440589	荒毒之圣目帽	帽子
10440590	荒毒之圣目帽	帽子
10440591	荒毒之灵动天冠	帽子
10440592	荒毒之灵动天冠	帽子
10440593	荒毒之灵动天冠	帽子
10440594	荒毒之灵动天冠	帽子
10440595	荒毒之灵动天冠	帽子
10440596	荒毒之灵动天冠	帽子
10440597	荒毒之灵动天冠	帽子
10440598	荒毒之灵动天冠	帽子
10440599	荒毒之灵动天冠	帽子
10440600	荒毒之灵动天冠	帽子
10440601	无相之蜥皮帽	帽子
10440602	无相之蜥皮帽	帽子
10440603	无相之蜥皮帽	帽子
10440604	无相之蜥皮帽	帽子
10440605	无相之蜥皮帽	帽子
10440606	无相之蜥皮帽	帽子
10440607	无相之蜥皮帽	帽子
10440608	无相之蜥皮帽	帽子
10440609	无相之蜥皮帽	帽子
10440610	无相之蜥皮帽	帽子
10440611	无相之银皮帽	帽子
10440612	无相之银皮帽	帽子
10440613	无相之银皮帽	帽子
10440614	无相之银皮帽	帽子
10440615	无相之银皮帽	帽子
10440616	无相之银皮帽	帽子
10440617	无相之银皮帽	帽子
10440618	无相之银皮帽	帽子
10440619	无相之银皮帽	帽子
10440620	无相之银皮帽	帽子
10440621	无相之皮麟帽	帽子
10440622	无相之皮麟帽	帽子
10440623	无相之皮麟帽	帽子
10440624	无相之皮麟帽	帽子
10440625	无相之皮麟帽	帽子
10440626	无相之皮麟帽	帽子
10440627	无相之皮麟帽	帽子
10440628	无相之皮麟帽	帽子
10440629	无相之皮麟帽	帽子
10440630	无相之皮麟帽	帽子
10440631	无相之瑶仙帽	帽子
10440632	无相之瑶仙帽	帽子
10440633	无相之瑶仙帽	帽子
10440634	无相之瑶仙帽	帽子
10440635	无相之瑶仙帽	帽子
10440636	无相之瑶仙帽	帽子
10440637	无相之瑶仙帽	帽子
10440638	无相之瑶仙帽	帽子
10440639	无相之瑶仙帽	帽子
10440640	无相之瑶仙帽	帽子
10440641	无相之韶华帽	帽子
10440642	无相之韶华帽	帽子
10440643	无相之韶华帽	帽子
10440644	无相之韶华帽	帽子
10440645	无相之韶华帽	帽子
10440646	无相之韶华帽	帽子
10440647	无相之韶华帽	帽子
10440648	无相之韶华帽	帽子
10440649	无相之韶华帽	帽子
10440650	无相之韶华帽	帽子
10440651	无相之银霄帽	帽子
10440652	无相之银霄帽	帽子
10440653	无相之银霄帽	帽子
10440654	无相之银霄帽	帽子
10440655	无相之银霄帽	帽子
10440656	无相之银霄帽	帽子
10440657	无相之银霄帽	帽子
10440658	无相之银霄帽	帽子
10440659	无相之银霄帽	帽子
10440660	无相之银霄帽	帽子
10440661	无相之鬼雾帽	帽子
10440662	无相之鬼雾帽	帽子
10440663	无相之鬼雾帽	帽子
10440664	无相之鬼雾帽	帽子
10440665	无相之鬼雾帽	帽子
10440666	无相之鬼雾帽	帽子
10440667	无相之鬼雾帽	帽子
10440668	无相之鬼雾帽	帽子
10440669	无相之鬼雾帽	帽子
10440670	无相之鬼雾帽	帽子
10440671	无相之炼鸾帽	帽子
10440672	无相之炼鸾帽	帽子
10440673	无相之炼鸾帽	帽子
10440674	无相之炼鸾帽	帽子
10440675	无相之炼鸾帽	帽子
10440676	无相之炼鸾帽	帽子
10440677	无相之炼鸾帽	帽子
10440678	无相之炼鸾帽	帽子
10440679	无相之炼鸾帽	帽子
10440680	无相之炼鸾帽	帽子
10440681	无相之魅蛟帽	帽子
10440682	无相之魅蛟帽	帽子
10440683	无相之魅蛟帽	帽子
10440684	无相之魅蛟帽	帽子
10440685	无相之魅蛟帽	帽子
10440686	无相之魅蛟帽	帽子
10440687	无相之魅蛟帽	帽子
10440688	无相之魅蛟帽	帽子
10440689	无相之魅蛟帽	帽子
10440690	无相之魅蛟帽	帽子
10440691	无相之狻猊帽	帽子
10440692	无相之狻猊帽	帽子
10440693	无相之狻猊帽	帽子
10440694	无相之狻猊帽	帽子
10440695	无相之狻猊帽	帽子
10440696	无相之狻猊帽	帽子
10440697	无相之狻猊帽	帽子
10440698	无相之狻猊帽	帽子
10440699	无相之狻猊帽	帽子
10440700	无相之狻猊帽	帽子
10440701	北冥之蜥皮帽	帽子
10440702	北冥之蜥皮帽	帽子
10440703	北冥之蜥皮帽	帽子
10440704	北冥之蜥皮帽	帽子
10440705	北冥之蜥皮帽	帽子
10440706	北冥之蜥皮帽	帽子
10440707	北冥之蜥皮帽	帽子
10440708	北冥之蜥皮帽	帽子
10440709	北冥之蜥皮帽	帽子
10440710	北冥之蜥皮帽	帽子
10440711	北冥之银皮帽	帽子
10440712	北冥之银皮帽	帽子
10440713	北冥之银皮帽	帽子
10440714	北冥之银皮帽	帽子
10440715	北冥之银皮帽	帽子
10440716	北冥之银皮帽	帽子
10440717	北冥之银皮帽	帽子
10440718	北冥之银皮帽	帽子
10440719	北冥之银皮帽	帽子
10440720	北冥之银皮帽	帽子
10440721	北冥之皮麟帽	帽子
10440722	北冥之皮麟帽	帽子
10440723	北冥之皮麟帽	帽子
10440724	北冥之皮麟帽	帽子
10440725	北冥之皮麟帽	帽子
10440726	北冥之皮麟帽	帽子
10440727	北冥之皮麟帽	帽子
10440728	北冥之皮麟帽	帽子
10440729	北冥之皮麟帽	帽子
10440730	北冥之皮麟帽	帽子
10440731	北冥之瑶仙帽	帽子
10440732	北冥之瑶仙帽	帽子
10440733	北冥之瑶仙帽	帽子
10440734	北冥之瑶仙帽	帽子
10440735	北冥之瑶仙帽	帽子
10440736	北冥之瑶仙帽	帽子
10440737	北冥之瑶仙帽	帽子
10440738	北冥之瑶仙帽	帽子
10440739	北冥之瑶仙帽	帽子
10440740	北冥之瑶仙帽	帽子
10440741	北冥之韶华帽	帽子
10440742	北冥之韶华帽	帽子
10440743	北冥之韶华帽	帽子
10440744	北冥之韶华帽	帽子
10440745	北冥之韶华帽	帽子
10440746	北冥之韶华帽	帽子
10440747	北冥之韶华帽	帽子
10440748	北冥之韶华帽	帽子
10440749	北冥之韶华帽	帽子
10440750	北冥之韶华帽	帽子
10440751	北冥之银霄帽	帽子
10440752	北冥之银霄帽	帽子
10440753	北冥之银霄帽	帽子
10440754	北冥之银霄帽	帽子
10440755	北冥之银霄帽	帽子
10440756	北冥之银霄帽	帽子
10440757	北冥之银霄帽	帽子
10440758	北冥之银霄帽	帽子
10440759	北冥之银霄帽	帽子
10440760	北冥之银霄帽	帽子
10440761	北冥之鬼雾帽	帽子
10440762	北冥之鬼雾帽	帽子
10440763	北冥之鬼雾帽	帽子
10440764	北冥之鬼雾帽	帽子
10440765	北冥之鬼雾帽	帽子
10440766	北冥之鬼雾帽	帽子
10440767	北冥之鬼雾帽	帽子
10440768	北冥之鬼雾帽	帽子
10440769	北冥之鬼雾帽	帽子
10440770	北冥之鬼雾帽	帽子
10440771	北冥之炼鸾帽	帽子
10440772	北冥之炼鸾帽	帽子
10440773	北冥之炼鸾帽	帽子
10440774	北冥之炼鸾帽	帽子
10440775	北冥之炼鸾帽	帽子
10440776	北冥之炼鸾帽	帽子
10440777	北冥之炼鸾帽	帽子
10440778	北冥之炼鸾帽	帽子
10440779	北冥之炼鸾帽	帽子
10440780	北冥之炼鸾帽	帽子
10440781	北冥之魅蛟帽	帽子
10440782	北冥之魅蛟帽	帽子
10440783	北冥之魅蛟帽	帽子
10440784	北冥之魅蛟帽	帽子
10440785	北冥之魅蛟帽	帽子
10440786	北冥之魅蛟帽	帽子
10440787	北冥之魅蛟帽	帽子
10440788	北冥之魅蛟帽	帽子
10440789	北冥之魅蛟帽	帽子
10440790	北冥之魅蛟帽	帽子
10440791	北冥之狻猊帽	帽子
10440792	北冥之狻猊帽	帽子
10440793	北冥之狻猊帽	帽子
10440794	北冥之狻猊帽	帽子
10440795	北冥之狻猊帽	帽子
10440796	北冥之狻猊帽	帽子
10440797	北冥之狻猊帽	帽子
10440798	北冥之狻猊帽	帽子
10440799	北冥之狻猊帽	帽子
10440800	北冥之狻猊帽	帽子
10440801	凝脉之蜥皮帽	帽子
10440802	凝脉之蜥皮帽	帽子
10440803	凝脉之蜥皮帽	帽子
10440804	凝脉之蜥皮帽	帽子
10440805	凝脉之蜥皮帽	帽子
10440806	凝脉之蜥皮帽	帽子
10440807	凝脉之蜥皮帽	帽子
10440808	凝脉之蜥皮帽	帽子
10440809	凝脉之蜥皮帽	帽子
10440810	凝脉之蜥皮帽	帽子
10440811	凝脉之银皮帽	帽子
10440812	凝脉之银皮帽	帽子
10440813	凝脉之银皮帽	帽子
10440814	凝脉之银皮帽	帽子
10440815	凝脉之银皮帽	帽子
10440816	凝脉之银皮帽	帽子
10440817	凝脉之银皮帽	帽子
10440818	凝脉之银皮帽	帽子
10440819	凝脉之银皮帽	帽子
10440820	凝脉之银皮帽	帽子
10440821	凝脉之皮麟帽	帽子
10440822	凝脉之皮麟帽	帽子
10440823	凝脉之皮麟帽	帽子
10440824	凝脉之皮麟帽	帽子
10440825	凝脉之皮麟帽	帽子
10440826	凝脉之皮麟帽	帽子
10440827	凝脉之皮麟帽	帽子
10440828	凝脉之皮麟帽	帽子
10440829	凝脉之皮麟帽	帽子
10440830	凝脉之皮麟帽	帽子
10440831	凝脉之瑶仙帽	帽子
10440832	凝脉之瑶仙帽	帽子
10440833	凝脉之瑶仙帽	帽子
10440834	凝脉之瑶仙帽	帽子
10440835	凝脉之瑶仙帽	帽子
10440836	凝脉之瑶仙帽	帽子
10440837	凝脉之瑶仙帽	帽子
10440838	凝脉之瑶仙帽	帽子
10440839	凝脉之瑶仙帽	帽子
10440840	凝脉之瑶仙帽	帽子
10440841	凝脉之韶华帽	帽子
10440842	凝脉之韶华帽	帽子
10440843	凝脉之韶华帽	帽子
10440844	凝脉之韶华帽	帽子
10440845	凝脉之韶华帽	帽子
10440846	凝脉之韶华帽	帽子
10440847	凝脉之韶华帽	帽子
10440848	凝脉之韶华帽	帽子
10440849	凝脉之韶华帽	帽子
10440850	凝脉之韶华帽	帽子
10440851	凝脉之银霄帽	帽子
10440852	凝脉之银霄帽	帽子
10440853	凝脉之银霄帽	帽子
10440854	凝脉之银霄帽	帽子
10440855	凝脉之银霄帽	帽子
10440856	凝脉之银霄帽	帽子
10440857	凝脉之银霄帽	帽子
10440858	凝脉之银霄帽	帽子
10440859	凝脉之银霄帽	帽子
10440860	凝脉之银霄帽	帽子
10440861	凝脉之鬼雾帽	帽子
10440862	凝脉之鬼雾帽	帽子
10440863	凝脉之鬼雾帽	帽子
10440864	凝脉之鬼雾帽	帽子
10440865	凝脉之鬼雾帽	帽子
10440866	凝脉之鬼雾帽	帽子
10440867	凝脉之鬼雾帽	帽子
10440868	凝脉之鬼雾帽	帽子
10440869	凝脉之鬼雾帽	帽子
10440870	凝脉之鬼雾帽	帽子
10440871	凝脉之炼鸾帽	帽子
10440872	凝脉之炼鸾帽	帽子
10440873	凝脉之炼鸾帽	帽子
10440874	凝脉之炼鸾帽	帽子
10440875	凝脉之炼鸾帽	帽子
10440876	凝脉之炼鸾帽	帽子
10440877	凝脉之炼鸾帽	帽子
10440878	凝脉之炼鸾帽	帽子
10440879	凝脉之炼鸾帽	帽子
10440880	凝脉之炼鸾帽	帽子
10440881	凝脉之魅蛟帽	帽子
10440882	凝脉之魅蛟帽	帽子
10440883	凝脉之魅蛟帽	帽子
10440884	凝脉之魅蛟帽	帽子
10440885	凝脉之魅蛟帽	帽子
10440886	凝脉之魅蛟帽	帽子
10440887	凝脉之魅蛟帽	帽子
10440888	凝脉之魅蛟帽	帽子
10440889	凝脉之魅蛟帽	帽子
10440890	凝脉之魅蛟帽	帽子
10440891	凝脉之狻猊帽	帽子
10440892	凝脉之狻猊帽	帽子
10440893	凝脉之狻猊帽	帽子
10440894	凝脉之狻猊帽	帽子
10440895	凝脉之狻猊帽	帽子
10440896	凝脉之狻猊帽	帽子
10440897	凝脉之狻猊帽	帽子
10440898	凝脉之狻猊帽	帽子
10440899	凝脉之狻猊帽	帽子
10440900	凝脉之狻猊帽	帽子
10440901	变外形测试帽	帽子
10440902	未使用	帽子
10440903	未使用	帽子
10440904	未使用	帽子
10440905	未使用	帽子
10440906	未使用	帽子
10440907	未使用	帽子
10440908	未使用	帽子
10440909	未使用	帽子
10440910	未使用	帽子
10440911	未使用	帽子
10440912	未使用	帽子
10440913	未使用	帽子
10440914	未使用	帽子
10440915	未使用	帽子
10440916	未使用	帽子
10440917	未使用	帽子
10440918	未使用	帽子
10440919	未使用	帽子
10440920	未使用	帽子
10440921	未使用	帽子
10440922	未使用	帽子
10440923	未使用	帽子
10440924	未使用	帽子
10440925	未使用	帽子
10440926	未使用	帽子
10440927	未使用	帽子
10440928	未使用	帽子
10440929	未使用	帽子
10440930	未使用	帽子
10440931	未使用	帽子
10440932	未使用	帽子
10440933	未使用	帽子
10440934	未使用	帽子
10440935	未使用	帽子
10440936	未使用	帽子
10440937	未使用	帽子
10440938	未使用	帽子
10440939	未使用	帽子
10440940	未使用	帽子
10440941	未使用	帽子
10440942	未使用	帽子
10440943	未使用	帽子
10440944	未使用	帽子
10440945	未使用	帽子
10440946	未使用	帽子
10440947	未使用	帽子
10440948	未使用	帽子
10440949	未使用	帽子
10440950	未使用	帽子
10440951	未使用	帽子
10440952	未使用	帽子
10440953	未使用	帽子
10440954	未使用	帽子
10440955	未使用	帽子
10440956	未使用	帽子
10440957	未使用	帽子
10440958	未使用	帽子
10440959	未使用	帽子
10440960	未使用	帽子
10440961	未使用	帽子
10440962	未使用	帽子
10440963	未使用	帽子
10440964	未使用	帽子
10440965	未使用	帽子
10440966	未使用	帽子
10440967	未使用	帽子
10440968	未使用	帽子
10440969	未使用	帽子
10440970	未使用	帽子
10440971	未使用	帽子
10440972	未使用	帽子
10440973	未使用	帽子
10440974	未使用	帽子
10440975	未使用	帽子
10440976	未使用	帽子
10440977	未使用	帽子
10440978	未使用	帽子
10440979	未使用	帽子
10440980	未使用	帽子
10440981	未使用	帽子
10440982	未使用	帽子
10440983	未使用	帽子
10440984	未使用	帽子
10440985	未使用	帽子
10440986	未使用	帽子
10440987	未使用	帽子
10440988	未使用	帽子
10440989	未使用	帽子
10440990	未使用	帽子
10440991	未使用	帽子
10440992	未使用	帽子
10440993	未使用	帽子
10440994	未使用	帽子
10440995	未使用	帽子
10440996	未使用	帽子
10440997	未使用	帽子
10440998	未使用	帽子
10440999	未使用	帽子
10441001	达摩之银锁靴	鞋
10441002	达摩之银锁靴	鞋
10441003	达摩之银锁靴	鞋
10441004	达摩之银锁靴	鞋
10441005	达摩之银锁靴	鞋
10441006	达摩之银锁靴	鞋
10441007	达摩之银锁靴	鞋
10441008	达摩之银锁靴	鞋
10441009	达摩之银锁靴	鞋
10441010	达摩之银锁靴	鞋
10441011	达摩之月铁靴	鞋
10441012	达摩之月铁靴	鞋
10441013	达摩之月铁靴	鞋
10441014	达摩之月铁靴	鞋
10441015	达摩之月铁靴	鞋
10441016	达摩之月铁靴	鞋
10441017	达摩之月铁靴	鞋
10441018	达摩之月铁靴	鞋
10441019	达摩之月铁靴	鞋
10441020	达摩之月铁靴	鞋
10441021	达摩之玄铁靴	鞋
10441022	达摩之玄铁靴	鞋
10441023	达摩之玄铁靴	鞋
10441024	达摩之玄铁靴	鞋
10441025	达摩之玄铁靴	鞋
10441026	达摩之玄铁靴	鞋
10441027	达摩之玄铁靴	鞋
10441028	达摩之玄铁靴	鞋
10441029	达摩之玄铁靴	鞋
10441030	达摩之玄铁靴	鞋
10441031	达摩之封霄铁靴	鞋
10441032	达摩之封霄铁靴	鞋
10441033	达摩之封霄铁靴	鞋
10441034	达摩之封霄铁靴	鞋
10441035	达摩之封霄铁靴	鞋
10441036	达摩之封霄铁靴	鞋
10441037	达摩之封霄铁靴	鞋
10441038	达摩之封霄铁靴	鞋
10441039	达摩之封霄铁靴	鞋
10441040	达摩之封霄铁靴	鞋
10441041	达摩之灭寒铁靴	鞋
10441042	达摩之灭寒铁靴	鞋
10441043	达摩之灭寒铁靴	鞋
10441044	达摩之灭寒铁靴	鞋
10441045	达摩之灭寒铁靴	鞋
10441046	达摩之灭寒铁靴	鞋
10441047	达摩之灭寒铁靴	鞋
10441048	达摩之灭寒铁靴	鞋
10441049	达摩之灭寒铁靴	鞋
10441050	达摩之灭寒铁靴	鞋
10441051	达摩之逆火钢靴	鞋
10441052	达摩之逆火钢靴	鞋
10441053	达摩之逆火钢靴	鞋
10441054	达摩之逆火钢靴	鞋
10441055	达摩之逆火钢靴	鞋
10441056	达摩之逆火钢靴	鞋
10441057	达摩之逆火钢靴	鞋
10441058	达摩之逆火钢靴	鞋
10441059	达摩之逆火钢靴	鞋
10441060	达摩之逆火钢靴	鞋
10441061	达摩之誓尘靴	鞋
10441062	达摩之誓尘靴	鞋
10441063	达摩之誓尘靴	鞋
10441064	达摩之誓尘靴	鞋
10441065	达摩之誓尘靴	鞋
10441066	达摩之誓尘靴	鞋
10441067	达摩之誓尘靴	鞋
10441068	达摩之誓尘靴	鞋
10441069	达摩之誓尘靴	鞋
10441070	达摩之誓尘靴	鞋
10441071	达摩之灭魄靴	鞋
10441072	达摩之灭魄靴	鞋
10441073	达摩之灭魄靴	鞋
10441074	达摩之灭魄靴	鞋
10441075	达摩之灭魄靴	鞋
10441076	达摩之灭魄靴	鞋
10441077	达摩之灭魄靴	鞋
10441078	达摩之灭魄靴	鞋
10441079	达摩之灭魄靴	鞋
10441080	达摩之灭魄靴	鞋
10441081	达摩之碎魂天靴	鞋
10441082	达摩之碎魂天靴	鞋
10441083	达摩之碎魂天靴	鞋
10441084	达摩之碎魂天靴	鞋
10441085	达摩之碎魂天靴	鞋
10441086	达摩之碎魂天靴	鞋
10441087	达摩之碎魂天靴	鞋
10441088	达摩之碎魂天靴	鞋
10441089	达摩之碎魂天靴	鞋
10441090	达摩之碎魂天靴	鞋
10441091	达摩之蛰龙圣靴	鞋
10441092	达摩之蛰龙圣靴	鞋
10441093	达摩之蛰龙圣靴	鞋
10441094	达摩之蛰龙圣靴	鞋
10441095	达摩之蛰龙圣靴	鞋
10441096	达摩之蛰龙圣靴	鞋
10441097	达摩之蛰龙圣靴	鞋
10441098	达摩之蛰龙圣靴	鞋
10441099	达摩之蛰龙圣靴	鞋
10441100	达摩之蛰龙圣靴	鞋
10441101	圣火之银锁靴	鞋
10441102	圣火之银锁靴	鞋
10441103	圣火之银锁靴	鞋
10441104	圣火之银锁靴	鞋
10441105	圣火之银锁靴	鞋
10441106	圣火之银锁靴	鞋
10441107	圣火之银锁靴	鞋
10441108	圣火之银锁靴	鞋
10441109	圣火之银锁靴	鞋
10441110	圣火之银锁靴	鞋
10441111	圣火之月铁靴	鞋
10441112	圣火之月铁靴	鞋
10441113	圣火之月铁靴	鞋
10441114	圣火之月铁靴	鞋
10441115	圣火之月铁靴	鞋
10441116	圣火之月铁靴	鞋
10441117	圣火之月铁靴	鞋
10441118	圣火之月铁靴	鞋
10441119	圣火之月铁靴	鞋
10441120	圣火之月铁靴	鞋
10441121	圣火之玄铁靴	鞋
10441122	圣火之玄铁靴	鞋
10441123	圣火之玄铁靴	鞋
10441124	圣火之玄铁靴	鞋
10441125	圣火之玄铁靴	鞋
10441126	圣火之玄铁靴	鞋
10441127	圣火之玄铁靴	鞋
10441128	圣火之玄铁靴	鞋
10441129	圣火之玄铁靴	鞋
10441130	圣火之玄铁靴	鞋
10441131	圣火之封霄铁靴	鞋
10441132	圣火之封霄铁靴	鞋
10441133	圣火之封霄铁靴	鞋
10441134	圣火之封霄铁靴	鞋
10441135	圣火之封霄铁靴	鞋
10441136	圣火之封霄铁靴	鞋
10441137	圣火之封霄铁靴	鞋
10441138	圣火之封霄铁靴	鞋
10441139	圣火之封霄铁靴	鞋
10441140	圣火之封霄铁靴	鞋
10441141	圣火之灭寒铁靴	鞋
10441142	圣火之灭寒铁靴	鞋
10441143	圣火之灭寒铁靴	鞋
10441144	圣火之灭寒铁靴	鞋
10441145	圣火之灭寒铁靴	鞋
10441146	圣火之灭寒铁靴	鞋
10441147	圣火之灭寒铁靴	鞋
10441148	圣火之灭寒铁靴	鞋
10441149	圣火之灭寒铁靴	鞋
10441150	圣火之灭寒铁靴	鞋
10441151	圣火之逆火钢靴	鞋
10441152	圣火之逆火钢靴	鞋
10441153	圣火之逆火钢靴	鞋
10441154	圣火之逆火钢靴	鞋
10441155	圣火之逆火钢靴	鞋
10441156	圣火之逆火钢靴	鞋
10441157	圣火之逆火钢靴	鞋
10441158	圣火之逆火钢靴	鞋
10441159	圣火之逆火钢靴	鞋
10441160	圣火之逆火钢靴	鞋
10441161	圣火之誓尘靴	鞋
10441162	圣火之誓尘靴	鞋
10441163	圣火之誓尘靴	鞋
10441164	圣火之誓尘靴	鞋
10441165	圣火之誓尘靴	鞋
10441166	圣火之誓尘靴	鞋
10441167	圣火之誓尘靴	鞋
10441168	圣火之誓尘靴	鞋
10441169	圣火之誓尘靴	鞋
10441170	圣火之誓尘靴	鞋
10441171	圣火之灭魄靴	鞋
10441172	圣火之灭魄靴	鞋
10441173	圣火之灭魄靴	鞋
10441174	圣火之灭魄靴	鞋
10441175	圣火之灭魄靴	鞋
10441176	圣火之灭魄靴	鞋
10441177	圣火之灭魄靴	鞋
10441178	圣火之灭魄靴	鞋
10441179	圣火之灭魄靴	鞋
10441180	圣火之灭魄靴	鞋
10441181	圣火之碎魂天靴	鞋
10441182	圣火之碎魂天靴	鞋
10441183	圣火之碎魂天靴	鞋
10441184	圣火之碎魂天靴	鞋
10441185	圣火之碎魂天靴	鞋
10441186	圣火之碎魂天靴	鞋
10441187	圣火之碎魂天靴	鞋
10441188	圣火之碎魂天靴	鞋
10441189	圣火之碎魂天靴	鞋
10441190	圣火之碎魂天靴	鞋
10441191	圣火之蛰龙圣靴	鞋
10441192	圣火之蛰龙圣靴	鞋
10441193	圣火之蛰龙圣靴	鞋
10441194	圣火之蛰龙圣靴	鞋
10441195	圣火之蛰龙圣靴	鞋
10441196	圣火之蛰龙圣靴	鞋
10441197	圣火之蛰龙圣靴	鞋
10441198	圣火之蛰龙圣靴	鞋
10441199	圣火之蛰龙圣靴	鞋
10441200	圣火之蛰龙圣靴	鞋
10441201	降龙之银锁靴	鞋
10441202	降龙之银锁靴	鞋
10441203	降龙之银锁靴	鞋
10441204	降龙之银锁靴	鞋
10441205	降龙之银锁靴	鞋
10441206	降龙之银锁靴	鞋
10441207	降龙之银锁靴	鞋
10441208	降龙之银锁靴	鞋
10441209	降龙之银锁靴	鞋
10441210	降龙之银锁靴	鞋
10441211	降龙之月铁靴	鞋
10441212	降龙之月铁靴	鞋
10441213	降龙之月铁靴	鞋
10441214	降龙之月铁靴	鞋
10441215	降龙之月铁靴	鞋
10441216	降龙之月铁靴	鞋
10441217	降龙之月铁靴	鞋
10441218	降龙之月铁靴	鞋
10441219	降龙之月铁靴	鞋
10441220	降龙之月铁靴	鞋
10441221	降龙之玄铁靴	鞋
10441222	降龙之玄铁靴	鞋
10441223	降龙之玄铁靴	鞋
10441224	降龙之玄铁靴	鞋
10441225	降龙之玄铁靴	鞋
10441226	降龙之玄铁靴	鞋
10441227	降龙之玄铁靴	鞋
10441228	降龙之玄铁靴	鞋
10441229	降龙之玄铁靴	鞋
10441230	降龙之玄铁靴	鞋
10441231	降龙之封霄铁靴	鞋
10441232	降龙之封霄铁靴	鞋
10441233	降龙之封霄铁靴	鞋
10441234	降龙之封霄铁靴	鞋
10441235	降龙之封霄铁靴	鞋
10441236	降龙之封霄铁靴	鞋
10441237	降龙之封霄铁靴	鞋
10441238	降龙之封霄铁靴	鞋
10441239	降龙之封霄铁靴	鞋
10441240	降龙之封霄铁靴	鞋
10441241	降龙之灭寒铁靴	鞋
10441242	降龙之灭寒铁靴	鞋
10441243	降龙之灭寒铁靴	鞋
10441244	降龙之灭寒铁靴	鞋
10441245	降龙之灭寒铁靴	鞋
10441246	降龙之灭寒铁靴	鞋
10441247	降龙之灭寒铁靴	鞋
10441248	降龙之灭寒铁靴	鞋
10441249	降龙之灭寒铁靴	鞋
10441250	降龙之灭寒铁靴	鞋
10441251	降龙之逆火钢靴	鞋
10441252	降龙之逆火钢靴	鞋
10441253	降龙之逆火钢靴	鞋
10441254	降龙之逆火钢靴	鞋
10441255	降龙之逆火钢靴	鞋
10441256	降龙之逆火钢靴	鞋
10441257	降龙之逆火钢靴	鞋
10441258	降龙之逆火钢靴	鞋
10441259	降龙之逆火钢靴	鞋
10441260	降龙之逆火钢靴	鞋
10441261	降龙之誓尘靴	鞋
10441262	降龙之誓尘靴	鞋
10441263	降龙之誓尘靴	鞋
10441264	降龙之誓尘靴	鞋
10441265	降龙之誓尘靴	鞋
10441266	降龙之誓尘靴	鞋
10441267	降龙之誓尘靴	鞋
10441268	降龙之誓尘靴	鞋
10441269	降龙之誓尘靴	鞋
10441270	降龙之誓尘靴	鞋
10441271	降龙之灭魄靴	鞋
10441272	降龙之灭魄靴	鞋
10441273	降龙之灭魄靴	鞋
10441274	降龙之灭魄靴	鞋
10441275	降龙之灭魄靴	鞋
10441276	降龙之灭魄靴	鞋
10441277	降龙之灭魄靴	鞋
10441278	降龙之灭魄靴	鞋
10441279	降龙之灭魄靴	鞋
10441280	降龙之灭魄靴	鞋
10441281	降龙之碎魂天靴	鞋
10441282	降龙之碎魂天靴	鞋
10441283	降龙之碎魂天靴	鞋
10441284	降龙之碎魂天靴	鞋
10441285	降龙之碎魂天靴	鞋
10441286	降龙之碎魂天靴	鞋
10441287	降龙之碎魂天靴	鞋
10441288	降龙之碎魂天靴	鞋
10441289	降龙之碎魂天靴	鞋
10441290	降龙之碎魂天靴	鞋
10441291	降龙之蛰龙圣靴	鞋
10441292	降龙之蛰龙圣靴	鞋
10441293	降龙之蛰龙圣靴	鞋
10441294	降龙之蛰龙圣靴	鞋
10441295	降龙之蛰龙圣靴	鞋
10441296	降龙之蛰龙圣靴	鞋
10441297	降龙之蛰龙圣靴	鞋
10441298	降龙之蛰龙圣靴	鞋
10441299	降龙之蛰龙圣靴	鞋
10441300	降龙之蛰龙圣靴	鞋
10441301	玉女之棉布鞋	鞋
10441302	玉女之棉布鞋	鞋
10441303	玉女之棉布鞋	鞋
10441304	玉女之棉布鞋	鞋
10441305	玉女之棉布鞋	鞋
10441306	玉女之棉布鞋	鞋
10441307	玉女之棉布鞋	鞋
10441308	玉女之棉布鞋	鞋
10441309	玉女之棉布鞋	鞋
10441310	玉女之棉布鞋	鞋
10441311	玉女之棉丝鞋	鞋
10441312	玉女之棉丝鞋	鞋
10441313	玉女之棉丝鞋	鞋
10441314	玉女之棉丝鞋	鞋
10441315	玉女之棉丝鞋	鞋
10441316	玉女之棉丝鞋	鞋
10441317	玉女之棉丝鞋	鞋
10441318	玉女之棉丝鞋	鞋
10441319	玉女之棉丝鞋	鞋
10441320	玉女之棉丝鞋	鞋
10441321	玉女之蒲布鞋	鞋
10441322	玉女之蒲布鞋	鞋
10441323	玉女之蒲布鞋	鞋
10441324	玉女之蒲布鞋	鞋
10441325	玉女之蒲布鞋	鞋
10441326	玉女之蒲布鞋	鞋
10441327	玉女之蒲布鞋	鞋
10441328	玉女之蒲布鞋	鞋
10441329	玉女之蒲布鞋	鞋
10441330	玉女之蒲布鞋	鞋
10441331	玉女之真丝鞋	鞋
10441332	玉女之真丝鞋	鞋
10441333	玉女之真丝鞋	鞋
10441334	玉女之真丝鞋	鞋
10441335	玉女之真丝鞋	鞋
10441336	玉女之真丝鞋	鞋
10441337	玉女之真丝鞋	鞋
10441338	玉女之真丝鞋	鞋
10441339	玉女之真丝鞋	鞋
10441340	玉女之真丝鞋	鞋
10441341	玉女之苏锦鞋	鞋
10441342	玉女之苏锦鞋	鞋
10441343	玉女之苏锦鞋	鞋
10441344	玉女之苏锦鞋	鞋
10441345	玉女之苏锦鞋	鞋
10441346	玉女之苏锦鞋	鞋
10441347	玉女之苏锦鞋	鞋
10441348	玉女之苏锦鞋	鞋
10441349	玉女之苏锦鞋	鞋
10441350	玉女之苏锦鞋	鞋
10441351	玉女之青峨鞋	鞋
10441352	玉女之青峨鞋	鞋
10441353	玉女之青峨鞋	鞋
10441354	玉女之青峨鞋	鞋
10441355	玉女之青峨鞋	鞋
10441356	玉女之青峨鞋	鞋
10441357	玉女之青峨鞋	鞋
10441358	玉女之青峨鞋	鞋
10441359	玉女之青峨鞋	鞋
10441360	玉女之青峨鞋	鞋
10441361	玉女之四海鞋	鞋
10441362	玉女之四海鞋	鞋
10441363	玉女之四海鞋	鞋
10441364	玉女之四海鞋	鞋
10441365	玉女之四海鞋	鞋
10441366	玉女之四海鞋	鞋
10441367	玉女之四海鞋	鞋
10441368	玉女之四海鞋	鞋
10441369	玉女之四海鞋	鞋
10441370	玉女之四海鞋	鞋
10441371	玉女之如梦鞋	鞋
10441372	玉女之如梦鞋	鞋
10441373	玉女之如梦鞋	鞋
10441374	玉女之如梦鞋	鞋
10441375	玉女之如梦鞋	鞋
10441376	玉女之如梦鞋	鞋
10441377	玉女之如梦鞋	鞋
10441378	玉女之如梦鞋	鞋
10441379	玉女之如梦鞋	鞋
10441380	玉女之如梦鞋	鞋
10441381	玉女之圣目鞋	鞋
10441382	玉女之圣目鞋	鞋
10441383	玉女之圣目鞋	鞋
10441384	玉女之圣目鞋	鞋
10441385	玉女之圣目鞋	鞋
10441386	玉女之圣目鞋	鞋
10441387	玉女之圣目鞋	鞋
10441388	玉女之圣目鞋	鞋
10441389	玉女之圣目鞋	鞋
10441390	玉女之圣目鞋	鞋
10441391	玉女之灵动天靴	鞋
10441392	玉女之灵动天靴	鞋
10441393	玉女之灵动天靴	鞋
10441394	玉女之灵动天靴	鞋
10441395	玉女之灵动天靴	鞋
10441396	玉女之灵动天靴	鞋
10441397	玉女之灵动天靴	鞋
10441398	玉女之灵动天靴	鞋
10441399	玉女之灵动天靴	鞋
10441400	玉女之灵动天靴	鞋
10441401	无极之棉布鞋	鞋
10441402	无极之棉布鞋	鞋
10441403	无极之棉布鞋	鞋
10441404	无极之棉布鞋	鞋
10441405	无极之棉布鞋	鞋
10441406	无极之棉布鞋	鞋
10441407	无极之棉布鞋	鞋
10441408	无极之棉布鞋	鞋
10441409	无极之棉布鞋	鞋
10441410	无极之棉布鞋	鞋
10441411	无极之棉丝鞋	鞋
10441412	无极之棉丝鞋	鞋
10441413	无极之棉丝鞋	鞋
10441414	无极之棉丝鞋	鞋
10441415	无极之棉丝鞋	鞋
10441416	无极之棉丝鞋	鞋
10441417	无极之棉丝鞋	鞋
10441418	无极之棉丝鞋	鞋
10441419	无极之棉丝鞋	鞋
10441420	无极之棉丝鞋	鞋
10441421	无极之蒲布鞋	鞋
10441422	无极之蒲布鞋	鞋
10441423	无极之蒲布鞋	鞋
10441424	无极之蒲布鞋	鞋
10441425	无极之蒲布鞋	鞋
10441426	无极之蒲布鞋	鞋
10441427	无极之蒲布鞋	鞋
10441428	无极之蒲布鞋	鞋
10441429	无极之蒲布鞋	鞋
10441430	无极之蒲布鞋	鞋
10441431	无极之真丝鞋	鞋
10441432	无极之真丝鞋	鞋
10441433	无极之真丝鞋	鞋
10441434	无极之真丝鞋	鞋
10441435	无极之真丝鞋	鞋
10441436	无极之真丝鞋	鞋
10441437	无极之真丝鞋	鞋
10441438	无极之真丝鞋	鞋
10441439	无极之真丝鞋	鞋
10441440	无极之真丝鞋	鞋
10441441	无极之苏锦鞋	鞋
10441442	无极之苏锦鞋	鞋
10441443	无极之苏锦鞋	鞋
10441444	无极之苏锦鞋	鞋
10441445	无极之苏锦鞋	鞋
10441446	无极之苏锦鞋	鞋
10441447	无极之苏锦鞋	鞋
10441448	无极之苏锦鞋	鞋
10441449	无极之苏锦鞋	鞋
10441450	无极之苏锦鞋	鞋
10441451	无极之青峨鞋	鞋
10441452	无极之青峨鞋	鞋
10441453	无极之青峨鞋	鞋
10441454	无极之青峨鞋	鞋
10441455	无极之青峨鞋	鞋
10441456	无极之青峨鞋	鞋
10441457	无极之青峨鞋	鞋
10441458	无极之青峨鞋	鞋
10441459	无极之青峨鞋	鞋
10441460	无极之青峨鞋	鞋
10441461	无极之四海鞋	鞋
10441462	无极之四海鞋	鞋
10441463	无极之四海鞋	鞋
10441464	无极之四海鞋	鞋
10441465	无极之四海鞋	鞋
10441466	无极之四海鞋	鞋
10441467	无极之四海鞋	鞋
10441468	无极之四海鞋	鞋
10441469	无极之四海鞋	鞋
10441470	无极之四海鞋	鞋
10441471	无极之如梦鞋	鞋
10441472	无极之如梦鞋	鞋
10441473	无极之如梦鞋	鞋
10441474	无极之如梦鞋	鞋
10441475	无极之如梦鞋	鞋
10441476	无极之如梦鞋	鞋
10441477	无极之如梦鞋	鞋
10441478	无极之如梦鞋	鞋
10441479	无极之如梦鞋	鞋
10441480	无极之如梦鞋	鞋
10441481	无极之圣目鞋	鞋
10441482	无极之圣目鞋	鞋
10441483	无极之圣目鞋	鞋
10441484	无极之圣目鞋	鞋
10441485	无极之圣目鞋	鞋
10441486	无极之圣目鞋	鞋
10441487	无极之圣目鞋	鞋
10441488	无极之圣目鞋	鞋
10441489	无极之圣目鞋	鞋
10441490	无极之圣目鞋	鞋
10441491	无极之灵动天靴	鞋
10441492	无极之灵动天靴	鞋
10441493	无极之灵动天靴	鞋
10441494	无极之灵动天靴	鞋
10441495	无极之灵动天靴	鞋
10441496	无极之灵动天靴	鞋
10441497	无极之灵动天靴	鞋
10441498	无极之灵动天靴	鞋
10441499	无极之灵动天靴	鞋
10441500	无极之灵动天靴	鞋
10441501	荒毒之棉布鞋	鞋
10441502	荒毒之棉布鞋	鞋
10441503	荒毒之棉布鞋	鞋
10441504	荒毒之棉布鞋	鞋
10441505	荒毒之棉布鞋	鞋
10441506	荒毒之棉布鞋	鞋
10441507	荒毒之棉布鞋	鞋
10441508	荒毒之棉布鞋	鞋
10441509	荒毒之棉布鞋	鞋
10441510	荒毒之棉布鞋	鞋
10441511	荒毒之棉丝鞋	鞋
10441512	荒毒之棉丝鞋	鞋
10441513	荒毒之棉丝鞋	鞋
10441514	荒毒之棉丝鞋	鞋
10441515	荒毒之棉丝鞋	鞋
10441516	荒毒之棉丝鞋	鞋
10441517	荒毒之棉丝鞋	鞋
10441518	荒毒之棉丝鞋	鞋
10441519	荒毒之棉丝鞋	鞋
10441520	荒毒之棉丝鞋	鞋
10441521	荒毒之蒲布鞋	鞋
10441522	荒毒之蒲布鞋	鞋
10441523	荒毒之蒲布鞋	鞋
10441524	荒毒之蒲布鞋	鞋
10441525	荒毒之蒲布鞋	鞋
10441526	荒毒之蒲布鞋	鞋
10441527	荒毒之蒲布鞋	鞋
10441528	荒毒之蒲布鞋	鞋
10441529	荒毒之蒲布鞋	鞋
10441530	荒毒之蒲布鞋	鞋
10441531	荒毒之真丝鞋	鞋
10441532	荒毒之真丝鞋	鞋
10441533	荒毒之真丝鞋	鞋
10441534	荒毒之真丝鞋	鞋
10441535	荒毒之真丝鞋	鞋
10441536	荒毒之真丝鞋	鞋
10441537	荒毒之真丝鞋	鞋
10441538	荒毒之真丝鞋	鞋
10441539	荒毒之真丝鞋	鞋
10441540	荒毒之真丝鞋	鞋
10441541	荒毒之苏锦鞋	鞋
10441542	荒毒之苏锦鞋	鞋
10441543	荒毒之苏锦鞋	鞋
10441544	荒毒之苏锦鞋	鞋
10441545	荒毒之苏锦鞋	鞋
10441546	荒毒之苏锦鞋	鞋
10441547	荒毒之苏锦鞋	鞋
10441548	荒毒之苏锦鞋	鞋
10441549	荒毒之苏锦鞋	鞋
10441550	荒毒之苏锦鞋	鞋
10441551	荒毒之青峨鞋	鞋
10441552	荒毒之青峨鞋	鞋
10441553	荒毒之青峨鞋	鞋
10441554	荒毒之青峨鞋	鞋
10441555	荒毒之青峨鞋	鞋
10441556	荒毒之青峨鞋	鞋
10441557	荒毒之青峨鞋	鞋
10441558	荒毒之青峨鞋	鞋
10441559	荒毒之青峨鞋	鞋
10441560	荒毒之青峨鞋	鞋
10441561	荒毒之四海鞋	鞋
10441562	荒毒之四海鞋	鞋
10441563	荒毒之四海鞋	鞋
10441564	荒毒之四海鞋	鞋
10441565	荒毒之四海鞋	鞋
10441566	荒毒之四海鞋	鞋
10441567	荒毒之四海鞋	鞋
10441568	荒毒之四海鞋	鞋
10441569	荒毒之四海鞋	鞋
10441570	荒毒之四海鞋	鞋
10441571	荒毒之如梦鞋	鞋
10441572	荒毒之如梦鞋	鞋
10441573	荒毒之如梦鞋	鞋
10441574	荒毒之如梦鞋	鞋
10441575	荒毒之如梦鞋	鞋
10441576	荒毒之如梦鞋	鞋
10441577	荒毒之如梦鞋	鞋
10441578	荒毒之如梦鞋	鞋
10441579	荒毒之如梦鞋	鞋
10441580	荒毒之如梦鞋	鞋
10441581	荒毒之圣目鞋	鞋
10441582	荒毒之圣目鞋	鞋
10441583	荒毒之圣目鞋	鞋
10441584	荒毒之圣目鞋	鞋
10441585	荒毒之圣目鞋	鞋
10441586	荒毒之圣目鞋	鞋
10441587	荒毒之圣目鞋	鞋
10441588	荒毒之圣目鞋	鞋
10441589	荒毒之圣目鞋	鞋
10441590	荒毒之圣目鞋	鞋
10441591	荒毒之灵动天靴	鞋
10441592	荒毒之灵动天靴	鞋
10441593	荒毒之灵动天靴	鞋
10441594	荒毒之灵动天靴	鞋
10441595	荒毒之灵动天靴	鞋
10441596	荒毒之灵动天靴	鞋
10441597	荒毒之灵动天靴	鞋
10441598	荒毒之灵动天靴	鞋
10441599	荒毒之灵动天靴	鞋
10441600	荒毒之灵动天靴	鞋
10441601	无相之蜥皮履	鞋
10441602	无相之蜥皮履	鞋
10441603	无相之蜥皮履	鞋
10441604	无相之蜥皮履	鞋
10441605	无相之蜥皮履	鞋
10441606	无相之蜥皮履	鞋
10441607	无相之蜥皮履	鞋
10441608	无相之蜥皮履	鞋
10441609	无相之蜥皮履	鞋
10441610	无相之蜥皮履	鞋
10441611	无相之银皮履	鞋
10441612	无相之银皮履	鞋
10441613	无相之银皮履	鞋
10441614	无相之银皮履	鞋
10441615	无相之银皮履	鞋
10441616	无相之银皮履	鞋
10441617	无相之银皮履	鞋
10441618	无相之银皮履	鞋
10441619	无相之银皮履	鞋
10441620	无相之银皮履	鞋
10441621	无相之皮麟履	鞋
10441622	无相之皮麟履	鞋
10441623	无相之皮麟履	鞋
10441624	无相之皮麟履	鞋
10441625	无相之皮麟履	鞋
10441626	无相之皮麟履	鞋
10441627	无相之皮麟履	鞋
10441628	无相之皮麟履	鞋
10441629	无相之皮麟履	鞋
10441630	无相之皮麟履	鞋
10441631	无相之瑶仙履	鞋
10441632	无相之瑶仙履	鞋
10441633	无相之瑶仙履	鞋
10441634	无相之瑶仙履	鞋
10441635	无相之瑶仙履	鞋
10441636	无相之瑶仙履	鞋
10441637	无相之瑶仙履	鞋
10441638	无相之瑶仙履	鞋
10441639	无相之瑶仙履	鞋
10441640	无相之瑶仙履	鞋
10441641	无相之韶华履	鞋
10441642	无相之韶华履	鞋
10441643	无相之韶华履	鞋
10441644	无相之韶华履	鞋
10441645	无相之韶华履	鞋
10441646	无相之韶华履	鞋
10441647	无相之韶华履	鞋
10441648	无相之韶华履	鞋
10441649	无相之韶华履	鞋
10441650	无相之韶华履	鞋
10441651	无相之银霄履	鞋
10441652	无相之银霄履	鞋
10441653	无相之银霄履	鞋
10441654	无相之银霄履	鞋
10441655	无相之银霄履	鞋
10441656	无相之银霄履	鞋
10441657	无相之银霄履	鞋
10441658	无相之银霄履	鞋
10441659	无相之银霄履	鞋
10441660	无相之银霄履	鞋
10441661	无相之鬼雾履	鞋
10441662	无相之鬼雾履	鞋
10441663	无相之鬼雾履	鞋
10441664	无相之鬼雾履	鞋
10441665	无相之鬼雾履	鞋
10441666	无相之鬼雾履	鞋
10441667	无相之鬼雾履	鞋
10441668	无相之鬼雾履	鞋
10441669	无相之鬼雾履	鞋
10441670	无相之鬼雾履	鞋
10441671	无相之炼鸾仙履	鞋
10441672	无相之炼鸾仙履	鞋
10441673	无相之炼鸾仙履	鞋
10441674	无相之炼鸾仙履	鞋
10441675	无相之炼鸾仙履	鞋
10441676	无相之炼鸾仙履	鞋
10441677	无相之炼鸾仙履	鞋
10441678	无相之炼鸾仙履	鞋
10441679	无相之炼鸾仙履	鞋
10441680	无相之炼鸾仙履	鞋
10441681	无相之魅蛟天履	鞋
10441682	无相之魅蛟天履	鞋
10441683	无相之魅蛟天履	鞋
10441684	无相之魅蛟天履	鞋
10441685	无相之魅蛟天履	鞋
10441686	无相之魅蛟天履	鞋
10441687	无相之魅蛟天履	鞋
10441688	无相之魅蛟天履	鞋
10441689	无相之魅蛟天履	鞋
10441690	无相之魅蛟天履	鞋
10441691	无相之狻猊圣履	鞋
10441692	无相之狻猊圣履	鞋
10441693	无相之狻猊圣履	鞋
10441694	无相之狻猊圣履	鞋
10441695	无相之狻猊圣履	鞋
10441696	无相之狻猊圣履	鞋
10441697	无相之狻猊圣履	鞋
10441698	无相之狻猊圣履	鞋
10441699	无相之狻猊圣履	鞋
10441700	无相之狻猊圣履	鞋
10441701	北冥之蜥皮履	鞋
10441702	北冥之蜥皮履	鞋
10441703	北冥之蜥皮履	鞋
10441704	北冥之蜥皮履	鞋
10441705	北冥之蜥皮履	鞋
10441706	北冥之蜥皮履	鞋
10441707	北冥之蜥皮履	鞋
10441708	北冥之蜥皮履	鞋
10441709	北冥之蜥皮履	鞋
10441710	北冥之蜥皮履	鞋
10441711	北冥之银皮履	鞋
10441712	北冥之银皮履	鞋
10441713	北冥之银皮履	鞋
10441714	北冥之银皮履	鞋
10441715	北冥之银皮履	鞋
10441716	北冥之银皮履	鞋
10441717	北冥之银皮履	鞋
10441718	北冥之银皮履	鞋
10441719	北冥之银皮履	鞋
10441720	北冥之银皮履	鞋
10441721	北冥之皮麟履	鞋
10441722	北冥之皮麟履	鞋
10441723	北冥之皮麟履	鞋
10441724	北冥之皮麟履	鞋
10441725	北冥之皮麟履	鞋
10441726	北冥之皮麟履	鞋
10441727	北冥之皮麟履	鞋
10441728	北冥之皮麟履	鞋
10441729	北冥之皮麟履	鞋
10441730	北冥之皮麟履	鞋
10441731	北冥之瑶仙履	鞋
10441732	北冥之瑶仙履	鞋
10441733	北冥之瑶仙履	鞋
10441734	北冥之瑶仙履	鞋
10441735	北冥之瑶仙履	鞋
10441736	北冥之瑶仙履	鞋
10441737	北冥之瑶仙履	鞋
10441738	北冥之瑶仙履	鞋
10441739	北冥之瑶仙履	鞋
10441740	北冥之瑶仙履	鞋
10441741	北冥之韶华履	鞋
10441742	北冥之韶华履	鞋
10441743	北冥之韶华履	鞋
10441744	北冥之韶华履	鞋
10441745	北冥之韶华履	鞋
10441746	北冥之韶华履	鞋
10441747	北冥之韶华履	鞋
10441748	北冥之韶华履	鞋
10441749	北冥之韶华履	鞋
10441750	北冥之韶华履	鞋
10441751	北冥之银霄履	鞋
10441752	北冥之银霄履	鞋
10441753	北冥之银霄履	鞋
10441754	北冥之银霄履	鞋
10441755	北冥之银霄履	鞋
10441756	北冥之银霄履	鞋
10441757	北冥之银霄履	鞋
10441758	北冥之银霄履	鞋
10441759	北冥之银霄履	鞋
10441760	北冥之银霄履	鞋
10441761	北冥之鬼雾履	鞋
10441762	北冥之鬼雾履	鞋
10441763	北冥之鬼雾履	鞋
10441764	北冥之鬼雾履	鞋
10441765	北冥之鬼雾履	鞋
10441766	北冥之鬼雾履	鞋
10441767	北冥之鬼雾履	鞋
10441768	北冥之鬼雾履	鞋
10441769	北冥之鬼雾履	鞋
10441770	北冥之鬼雾履	鞋
10441771	北冥之炼鸾仙履	鞋
10441772	北冥之炼鸾仙履	鞋
10441773	北冥之炼鸾仙履	鞋
10441774	北冥之炼鸾仙履	鞋
10441775	北冥之炼鸾仙履	鞋
10441776	北冥之炼鸾仙履	鞋
10441777	北冥之炼鸾仙履	鞋
10441778	北冥之炼鸾仙履	鞋
10441779	北冥之炼鸾仙履	鞋
10441780	北冥之炼鸾仙履	鞋
10441781	北冥之魅蛟天履	鞋
10441782	北冥之魅蛟天履	鞋
10441783	北冥之魅蛟天履	鞋
10441784	北冥之魅蛟天履	鞋
10441785	北冥之魅蛟天履	鞋
10441786	北冥之魅蛟天履	鞋
10441787	北冥之魅蛟天履	鞋
10441788	北冥之魅蛟天履	鞋
10441789	北冥之魅蛟天履	鞋
10441790	北冥之魅蛟天履	鞋
10441791	北冥之狻猊圣履	鞋
10441792	北冥之狻猊圣履	鞋
10441793	北冥之狻猊圣履	鞋
10441794	北冥之狻猊圣履	鞋
10441795	北冥之狻猊圣履	鞋
10441796	北冥之狻猊圣履	鞋
10441797	北冥之狻猊圣履	鞋
10441798	北冥之狻猊圣履	鞋
10441799	北冥之狻猊圣履	鞋
10441800	北冥之狻猊圣履	鞋
10441801	凝脉之蜥皮履	鞋
10441802	凝脉之蜥皮履	鞋
10441803	凝脉之蜥皮履	鞋
10441804	凝脉之蜥皮履	鞋
10441805	凝脉之蜥皮履	鞋
10441806	凝脉之蜥皮履	鞋
10441807	凝脉之蜥皮履	鞋
10441808	凝脉之蜥皮履	鞋
10441809	凝脉之蜥皮履	鞋
10441810	凝脉之蜥皮履	鞋
10441811	凝脉之银皮履	鞋
10441812	凝脉之银皮履	鞋
10441813	凝脉之银皮履	鞋
10441814	凝脉之银皮履	鞋
10441815	凝脉之银皮履	鞋
10441816	凝脉之银皮履	鞋
10441817	凝脉之银皮履	鞋
10441818	凝脉之银皮履	鞋
10441819	凝脉之银皮履	鞋
10441820	凝脉之银皮履	鞋
10441821	凝脉之皮麟履	鞋
10441822	凝脉之皮麟履	鞋
10441823	凝脉之皮麟履	鞋
10441824	凝脉之皮麟履	鞋
10441825	凝脉之皮麟履	鞋
10441826	凝脉之皮麟履	鞋
10441827	凝脉之皮麟履	鞋
10441828	凝脉之皮麟履	鞋
10441829	凝脉之皮麟履	鞋
10441830	凝脉之皮麟履	鞋
10441831	凝脉之瑶仙履	鞋
10441832	凝脉之瑶仙履	鞋
10441833	凝脉之瑶仙履	鞋
10441834	凝脉之瑶仙履	鞋
10441835	凝脉之瑶仙履	鞋
10441836	凝脉之瑶仙履	鞋
10441837	凝脉之瑶仙履	鞋
10441838	凝脉之瑶仙履	鞋
10441839	凝脉之瑶仙履	鞋
10441840	凝脉之瑶仙履	鞋
10441841	凝脉之韶华履	鞋
10441842	凝脉之韶华履	鞋
10441843	凝脉之韶华履	鞋
10441844	凝脉之韶华履	鞋
10441845	凝脉之韶华履	鞋
10441846	凝脉之韶华履	鞋
10441847	凝脉之韶华履	鞋
10441848	凝脉之韶华履	鞋
10441849	凝脉之韶华履	鞋
10441850	凝脉之韶华履	鞋
10441851	凝脉之银霄履	鞋
10441852	凝脉之银霄履	鞋
10441853	凝脉之银霄履	鞋
10441854	凝脉之银霄履	鞋
10441855	凝脉之银霄履	鞋
10441856	凝脉之银霄履	鞋
10441857	凝脉之银霄履	鞋
10441858	凝脉之银霄履	鞋
10441859	凝脉之银霄履	鞋
10441860	凝脉之银霄履	鞋
10441861	凝脉之鬼雾履	鞋
10441862	凝脉之鬼雾履	鞋
10441863	凝脉之鬼雾履	鞋
10441864	凝脉之鬼雾履	鞋
10441865	凝脉之鬼雾履	鞋
10441866	凝脉之鬼雾履	鞋
10441867	凝脉之鬼雾履	鞋
10441868	凝脉之鬼雾履	鞋
10441869	凝脉之鬼雾履	鞋
10441870	凝脉之鬼雾履	鞋
10441871	凝脉之炼鸾仙履	鞋
10441872	凝脉之炼鸾仙履	鞋
10441873	凝脉之炼鸾仙履	鞋
10441874	凝脉之炼鸾仙履	鞋
10441875	凝脉之炼鸾仙履	鞋
10441876	凝脉之炼鸾仙履	鞋
10441877	凝脉之炼鸾仙履	鞋
10441878	凝脉之炼鸾仙履	鞋
10441879	凝脉之炼鸾仙履	鞋
10441880	凝脉之炼鸾仙履	鞋
10441881	凝脉之魅蛟天履	鞋
10441882	凝脉之魅蛟天履	鞋
10441883	凝脉之魅蛟天履	鞋
10441884	凝脉之魅蛟天履	鞋
10441885	凝脉之魅蛟天履	鞋
10441886	凝脉之魅蛟天履	鞋
10441887	凝脉之魅蛟天履	鞋
10441888	凝脉之魅蛟天履	鞋
10441889	凝脉之魅蛟天履	鞋
10441890	凝脉之魅蛟天履	鞋
10441891	凝脉之狻猊圣履	鞋
10441892	凝脉之狻猊圣履	鞋
10441893	凝脉之狻猊圣履	鞋
10441894	凝脉之狻猊圣履	鞋
10441895	凝脉之狻猊圣履	鞋
10441896	凝脉之狻猊圣履	鞋
10441897	凝脉之狻猊圣履	鞋
10441898	凝脉之狻猊圣履	鞋
10441899	凝脉之狻猊圣履	鞋
10441900	凝脉之狻猊圣履	鞋
10441901	变形测试鞋	鞋
10441902	未使用	鞋
10441903	未使用	鞋
10441904	未使用	鞋
10441905	未使用	鞋
10441906	未使用	鞋
10441907	未使用	鞋
10441908	未使用	鞋
10441909	未使用	鞋
10441910	未使用	鞋
10441911	未使用	鞋
10441912	未使用	鞋
10441913	未使用	鞋
10441914	未使用	鞋
10441915	未使用	鞋
10441916	未使用	鞋
10441917	未使用	鞋
10441918	未使用	鞋
10441919	未使用	鞋
10441920	未使用	鞋
10441921	未使用	鞋
10441922	未使用	鞋
10441923	未使用	鞋
10441924	未使用	鞋
10441925	未使用	鞋
10441926	未使用	鞋
10441927	未使用	鞋
10441928	未使用	鞋
10441929	未使用	鞋
10441930	未使用	鞋
10441931	未使用	鞋
10441932	未使用	鞋
10441933	未使用	鞋
10441934	未使用	鞋
10441935	未使用	鞋
10441936	未使用	鞋
10441937	未使用	鞋
10441938	未使用	鞋
10441939	未使用	鞋
10441940	未使用	鞋
10441941	未使用	鞋
10441942	未使用	鞋
10441943	未使用	鞋
10441944	未使用	鞋
10441945	未使用	鞋
10441946	未使用	鞋
10441947	未使用	鞋
10441948	未使用	鞋
10441949	未使用	鞋
10441950	未使用	鞋
10441951	未使用	鞋
10441952	未使用	鞋
10441953	未使用	鞋
10441954	未使用	鞋
10441955	未使用	鞋
10441956	未使用	鞋
10441957	未使用	鞋
10441958	未使用	鞋
10441959	未使用	鞋
10441960	未使用	鞋
10441961	未使用	鞋
10441962	未使用	鞋
10441963	未使用	鞋
10441964	未使用	鞋
10441965	未使用	鞋
10441966	未使用	鞋
10441967	未使用	鞋
10441968	未使用	鞋
10441969	未使用	鞋
10441970	未使用	鞋
10441971	未使用	鞋
10441972	未使用	鞋
10441973	未使用	鞋
10441974	未使用	鞋
10441975	未使用	鞋
10441976	未使用	鞋
10441977	未使用	鞋
10441978	未使用	鞋
10441979	未使用	鞋
10441980	未使用	鞋
10441981	未使用	鞋
10441982	未使用	鞋
10441983	未使用	鞋
10441984	未使用	鞋
10441985	未使用	鞋
10441986	未使用	鞋
10441987	未使用	鞋
10441988	未使用	鞋
10441989	未使用	鞋
10441990	未使用	鞋
10441991	未使用	鞋
10441992	未使用	鞋
10441993	未使用	鞋
10441994	未使用	鞋
10441995	未使用	鞋
10441996	未使用	鞋
10441997	未使用	鞋
10441998	未使用	鞋
10441999	未使用	鞋
10442001	达摩之银锁手甲	手套
10442002	达摩之银锁手甲	手套
10442003	达摩之银锁手甲	手套
10442004	达摩之银锁手甲	手套
10442005	达摩之银锁手甲	手套
10442006	达摩之银锁手甲	手套
10442007	达摩之银锁手甲	手套
10442008	达摩之银锁手甲	手套
10442009	达摩之银锁手甲	手套
10442010	达摩之银锁手甲	手套
10442011	达摩之月铁手甲	手套
10442012	达摩之月铁手甲	手套
10442013	达摩之月铁手甲	手套
10442014	达摩之月铁手甲	手套
10442015	达摩之月铁手甲	手套
10442016	达摩之月铁手甲	手套
10442017	达摩之月铁手甲	手套
10442018	达摩之月铁手甲	手套
10442019	达摩之月铁手甲	手套
10442020	达摩之月铁手甲	手套
10442021	达摩之玄铁手甲	手套
10442022	达摩之玄铁手甲	手套
10442023	达摩之玄铁手甲	手套
10442024	达摩之玄铁手甲	手套
10442025	达摩之玄铁手甲	手套
10442026	达摩之玄铁手甲	手套
10442027	达摩之玄铁手甲	手套
10442028	达摩之玄铁手甲	手套
10442029	达摩之玄铁手甲	手套
10442030	达摩之玄铁手甲	手套
10442031	达摩之封霄手甲	手套
10442032	达摩之封霄手甲	手套
10442033	达摩之封霄手甲	手套
10442034	达摩之封霄手甲	手套
10442035	达摩之封霄手甲	手套
10442036	达摩之封霄手甲	手套
10442037	达摩之封霄手甲	手套
10442038	达摩之封霄手甲	手套
10442039	达摩之封霄手甲	手套
10442040	达摩之封霄手甲	手套
10442041	达摩之灭寒手甲	手套
10442042	达摩之灭寒手甲	手套
10442043	达摩之灭寒手甲	手套
10442044	达摩之灭寒手甲	手套
10442045	达摩之灭寒手甲	手套
10442046	达摩之灭寒手甲	手套
10442047	达摩之灭寒手甲	手套
10442048	达摩之灭寒手甲	手套
10442049	达摩之灭寒手甲	手套
10442050	达摩之灭寒手甲	手套
10442051	达摩之逆火手甲	手套
10442052	达摩之逆火手甲	手套
10442053	达摩之逆火手甲	手套
10442054	达摩之逆火手甲	手套
10442055	达摩之逆火手甲	手套
10442056	达摩之逆火手甲	手套
10442057	达摩之逆火手甲	手套
10442058	达摩之逆火手甲	手套
10442059	达摩之逆火手甲	手套
10442060	达摩之逆火手甲	手套
10442061	达摩之誓尘手甲	手套
10442062	达摩之誓尘手甲	手套
10442063	达摩之誓尘手甲	手套
10442064	达摩之誓尘手甲	手套
10442065	达摩之誓尘手甲	手套
10442066	达摩之誓尘手甲	手套
10442067	达摩之誓尘手甲	手套
10442068	达摩之誓尘手甲	手套
10442069	达摩之誓尘手甲	手套
10442070	达摩之誓尘手甲	手套
10442071	达摩之灭魄手甲	手套
10442072	达摩之灭魄手甲	手套
10442073	达摩之灭魄手甲	手套
10442074	达摩之灭魄手甲	手套
10442075	达摩之灭魄手甲	手套
10442076	达摩之灭魄手甲	手套
10442077	达摩之灭魄手甲	手套
10442078	达摩之灭魄手甲	手套
10442079	达摩之灭魄手甲	手套
10442080	达摩之灭魄手甲	手套
10442081	达摩之碎魂手甲	手套
10442082	达摩之碎魂手甲	手套
10442083	达摩之碎魂手甲	手套
10442084	达摩之碎魂手甲	手套
10442085	达摩之碎魂手甲	手套
10442086	达摩之碎魂手甲	手套
10442087	达摩之碎魂手甲	手套
10442088	达摩之碎魂手甲	手套
10442089	达摩之碎魂手甲	手套
10442090	达摩之碎魂手甲	手套
10442091	达摩之蛰龙手甲	手套
10442092	达摩之蛰龙手甲	手套
10442093	达摩之蛰龙手甲	手套
10442094	达摩之蛰龙手甲	手套
10442095	达摩之蛰龙手甲	手套
10442096	达摩之蛰龙手甲	手套
10442097	达摩之蛰龙手甲	手套
10442098	达摩之蛰龙手甲	手套
10442099	达摩之蛰龙手甲	手套
10442100	达摩之蛰龙手甲	手套
10442101	圣火之银锁手甲	手套
10442102	圣火之银锁手甲	手套
10442103	圣火之银锁手甲	手套
10442104	圣火之银锁手甲	手套
10442105	圣火之银锁手甲	手套
10442106	圣火之银锁手甲	手套
10442107	圣火之银锁手甲	手套
10442108	圣火之银锁手甲	手套
10442109	圣火之银锁手甲	手套
10442110	圣火之银锁手甲	手套
10442111	圣火之月铁手甲	手套
10442112	圣火之月铁手甲	手套
10442113	圣火之月铁手甲	手套
10442114	圣火之月铁手甲	手套
10442115	圣火之月铁手甲	手套
10442116	圣火之月铁手甲	手套
10442117	圣火之月铁手甲	手套
10442118	圣火之月铁手甲	手套
10442119	圣火之月铁手甲	手套
10442120	圣火之月铁手甲	手套
10442121	圣火之玄铁手甲	手套
10442122	圣火之玄铁手甲	手套
10442123	圣火之玄铁手甲	手套
10442124	圣火之玄铁手甲	手套
10442125	圣火之玄铁手甲	手套
10442126	圣火之玄铁手甲	手套
10442127	圣火之玄铁手甲	手套
10442128	圣火之玄铁手甲	手套
10442129	圣火之玄铁手甲	手套
10442130	圣火之玄铁手甲	手套
10442131	圣火之封霄手甲	手套
10442132	圣火之封霄手甲	手套
10442133	圣火之封霄手甲	手套
10442134	圣火之封霄手甲	手套
10442135	圣火之封霄手甲	手套
10442136	圣火之封霄手甲	手套
10442137	圣火之封霄手甲	手套
10442138	圣火之封霄手甲	手套
10442139	圣火之封霄手甲	手套
10442140	圣火之封霄手甲	手套
10442141	圣火之灭寒手甲	手套
10442142	圣火之灭寒手甲	手套
10442143	圣火之灭寒手甲	手套
10442144	圣火之灭寒手甲	手套
10442145	圣火之灭寒手甲	手套
10442146	圣火之灭寒手甲	手套
10442147	圣火之灭寒手甲	手套
10442148	圣火之灭寒手甲	手套
10442149	圣火之灭寒手甲	手套
10442150	圣火之灭寒手甲	手套
10442151	圣火之逆火手甲	手套
10442152	圣火之逆火手甲	手套
10442153	圣火之逆火手甲	手套
10442154	圣火之逆火手甲	手套
10442155	圣火之逆火手甲	手套
10442156	圣火之逆火手甲	手套
10442157	圣火之逆火手甲	手套
10442158	圣火之逆火手甲	手套
10442159	圣火之逆火手甲	手套
10442160	圣火之逆火手甲	手套
10442161	圣火之誓尘手甲	手套
10442162	圣火之誓尘手甲	手套
10442163	圣火之誓尘手甲	手套
10442164	圣火之誓尘手甲	手套
10442165	圣火之誓尘手甲	手套
10442166	圣火之誓尘手甲	手套
10442167	圣火之誓尘手甲	手套
10442168	圣火之誓尘手甲	手套
10442169	圣火之誓尘手甲	手套
10442170	圣火之誓尘手甲	手套
10442171	圣火之灭魄手甲	手套
10442172	圣火之灭魄手甲	手套
10442173	圣火之灭魄手甲	手套
10442174	圣火之灭魄手甲	手套
10442175	圣火之灭魄手甲	手套
10442176	圣火之灭魄手甲	手套
10442177	圣火之灭魄手甲	手套
10442178	圣火之灭魄手甲	手套
10442179	圣火之灭魄手甲	手套
10442180	圣火之灭魄手甲	手套
10442181	圣火之碎魂手甲	手套
10442182	圣火之碎魂手甲	手套
10442183	圣火之碎魂手甲	手套
10442184	圣火之碎魂手甲	手套
10442185	圣火之碎魂手甲	手套
10442186	圣火之碎魂手甲	手套
10442187	圣火之碎魂手甲	手套
10442188	圣火之碎魂手甲	手套
10442189	圣火之碎魂手甲	手套
10442190	圣火之碎魂手甲	手套
10442191	圣火之蛰龙手甲	手套
10442192	圣火之蛰龙手甲	手套
10442193	圣火之蛰龙手甲	手套
10442194	圣火之蛰龙手甲	手套
10442195	圣火之蛰龙手甲	手套
10442196	圣火之蛰龙手甲	手套
10442197	圣火之蛰龙手甲	手套
10442198	圣火之蛰龙手甲	手套
10442199	圣火之蛰龙手甲	手套
10442200	圣火之蛰龙手甲	手套
10442201	降龙之银锁手甲	手套
10442202	降龙之银锁手甲	手套
10442203	降龙之银锁手甲	手套
10442204	降龙之银锁手甲	手套
10442205	降龙之银锁手甲	手套
10442206	降龙之银锁手甲	手套
10442207	降龙之银锁手甲	手套
10442208	降龙之银锁手甲	手套
10442209	降龙之银锁手甲	手套
10442210	降龙之银锁手甲	手套
10442211	降龙之月铁手甲	手套
10442212	降龙之月铁手甲	手套
10442213	降龙之月铁手甲	手套
10442214	降龙之月铁手甲	手套
10442215	降龙之月铁手甲	手套
10442216	降龙之月铁手甲	手套
10442217	降龙之月铁手甲	手套
10442218	降龙之月铁手甲	手套
10442219	降龙之月铁手甲	手套
10442220	降龙之月铁手甲	手套
10442221	降龙之玄铁手甲	手套
10442222	降龙之玄铁手甲	手套
10442223	降龙之玄铁手甲	手套
10442224	降龙之玄铁手甲	手套
10442225	降龙之玄铁手甲	手套
10442226	降龙之玄铁手甲	手套
10442227	降龙之玄铁手甲	手套
10442228	降龙之玄铁手甲	手套
10442229	降龙之玄铁手甲	手套
10442230	降龙之玄铁手甲	手套
10442231	降龙之封霄手甲	手套
10442232	降龙之封霄手甲	手套
10442233	降龙之封霄手甲	手套
10442234	降龙之封霄手甲	手套
10442235	降龙之封霄手甲	手套
10442236	降龙之封霄手甲	手套
10442237	降龙之封霄手甲	手套
10442238	降龙之封霄手甲	手套
10442239	降龙之封霄手甲	手套
10442240	降龙之封霄手甲	手套
10442241	降龙之灭寒手甲	手套
10442242	降龙之灭寒手甲	手套
10442243	降龙之灭寒手甲	手套
10442244	降龙之灭寒手甲	手套
10442245	降龙之灭寒手甲	手套
10442246	降龙之灭寒手甲	手套
10442247	降龙之灭寒手甲	手套
10442248	降龙之灭寒手甲	手套
10442249	降龙之灭寒手甲	手套
10442250	降龙之灭寒手甲	手套
10442251	降龙之逆火手甲	手套
10442252	降龙之逆火手甲	手套
10442253	降龙之逆火手甲	手套
10442254	降龙之逆火手甲	手套
10442255	降龙之逆火手甲	手套
10442256	降龙之逆火手甲	手套
10442257	降龙之逆火手甲	手套
10442258	降龙之逆火手甲	手套
10442259	降龙之逆火手甲	手套
10442260	降龙之逆火手甲	手套
10442261	降龙之誓尘手甲	手套
10442262	降龙之誓尘手甲	手套
10442263	降龙之誓尘手甲	手套
10442264	降龙之誓尘手甲	手套
10442265	降龙之誓尘手甲	手套
10442266	降龙之誓尘手甲	手套
10442267	降龙之誓尘手甲	手套
10442268	降龙之誓尘手甲	手套
10442269	降龙之誓尘手甲	手套
10442270	降龙之誓尘手甲	手套
10442271	降龙之灭魄手甲	手套
10442272	降龙之灭魄手甲	手套
10442273	降龙之灭魄手甲	手套
10442274	降龙之灭魄手甲	手套
10442275	降龙之灭魄手甲	手套
10442276	降龙之灭魄手甲	手套
10442277	降龙之灭魄手甲	手套
10442278	降龙之灭魄手甲	手套
10442279	降龙之灭魄手甲	手套
10442280	降龙之灭魄手甲	手套
10442281	降龙之碎魂手甲	手套
10442282	降龙之碎魂手甲	手套
10442283	降龙之碎魂手甲	手套
10442284	降龙之碎魂手甲	手套
10442285	降龙之碎魂手甲	手套
10442286	降龙之碎魂手甲	手套
10442287	降龙之碎魂手甲	手套
10442288	降龙之碎魂手甲	手套
10442289	降龙之碎魂手甲	手套
10442290	降龙之碎魂手甲	手套
10442291	降龙之蛰龙手甲	手套
10442292	降龙之蛰龙手甲	手套
10442293	降龙之蛰龙手甲	手套
10442294	降龙之蛰龙手甲	手套
10442295	降龙之蛰龙手甲	手套
10442296	降龙之蛰龙手甲	手套
10442297	降龙之蛰龙手甲	手套
10442298	降龙之蛰龙手甲	手套
10442299	降龙之蛰龙手甲	手套
10442300	降龙之蛰龙手甲	手套
10442301	玉女之棉布手套	手套
10442302	玉女之棉布手套	手套
10442303	玉女之棉布手套	手套
10442304	玉女之棉布手套	手套
10442305	玉女之棉布手套	手套
10442306	玉女之棉布手套	手套
10442307	玉女之棉布手套	手套
10442308	玉女之棉布手套	手套
10442309	玉女之棉布手套	手套
10442310	玉女之棉布手套	手套
10442311	玉女之棉丝手套	手套
10442312	玉女之棉丝手套	手套
10442313	玉女之棉丝手套	手套
10442314	玉女之棉丝手套	手套
10442315	玉女之棉丝手套	手套
10442316	玉女之棉丝手套	手套
10442317	玉女之棉丝手套	手套
10442318	玉女之棉丝手套	手套
10442319	玉女之棉丝手套	手套
10442320	玉女之棉丝手套	手套
10442321	玉女之蒲布手套	手套
10442322	玉女之蒲布手套	手套
10442323	玉女之蒲布手套	手套
10442324	玉女之蒲布手套	手套
10442325	玉女之蒲布手套	手套
10442326	玉女之蒲布手套	手套
10442327	玉女之蒲布手套	手套
10442328	玉女之蒲布手套	手套
10442329	玉女之蒲布手套	手套
10442330	玉女之蒲布手套	手套
10442331	玉女之真丝手套	手套
10442332	玉女之真丝手套	手套
10442333	玉女之真丝手套	手套
10442334	玉女之真丝手套	手套
10442335	玉女之真丝手套	手套
10442336	玉女之真丝手套	手套
10442337	玉女之真丝手套	手套
10442338	玉女之真丝手套	手套
10442339	玉女之真丝手套	手套
10442340	玉女之真丝手套	手套
10442341	玉女之苏锦手套	手套
10442342	玉女之苏锦手套	手套
10442343	玉女之苏锦手套	手套
10442344	玉女之苏锦手套	手套
10442345	玉女之苏锦手套	手套
10442346	玉女之苏锦手套	手套
10442347	玉女之苏锦手套	手套
10442348	玉女之苏锦手套	手套
10442349	玉女之苏锦手套	手套
10442350	玉女之苏锦手套	手套
10442351	玉女之青峨手套	手套
10442352	玉女之青峨手套	手套
10442353	玉女之青峨手套	手套
10442354	玉女之青峨手套	手套
10442355	玉女之青峨手套	手套
10442356	玉女之青峨手套	手套
10442357	玉女之青峨手套	手套
10442358	玉女之青峨手套	手套
10442359	玉女之青峨手套	手套
10442360	玉女之青峨手套	手套
10442361	玉女之四海手套	手套
10442362	玉女之四海手套	手套
10442363	玉女之四海手套	手套
10442364	玉女之四海手套	手套
10442365	玉女之四海手套	手套
10442366	玉女之四海手套	手套
10442367	玉女之四海手套	手套
10442368	玉女之四海手套	手套
10442369	玉女之四海手套	手套
10442370	玉女之四海手套	手套
10442371	玉女之如梦手套	手套
10442372	玉女之如梦手套	手套
10442373	玉女之如梦手套	手套
10442374	玉女之如梦手套	手套
10442375	玉女之如梦手套	手套
10442376	玉女之如梦手套	手套
10442377	玉女之如梦手套	手套
10442378	玉女之如梦手套	手套
10442379	玉女之如梦手套	手套
10442380	玉女之如梦手套	手套
10442381	玉女之圣目手套	手套
10442382	玉女之圣目手套	手套
10442383	玉女之圣目手套	手套
10442384	玉女之圣目手套	手套
10442385	玉女之圣目手套	手套
10442386	玉女之圣目手套	手套
10442387	玉女之圣目手套	手套
10442388	玉女之圣目手套	手套
10442389	玉女之圣目手套	手套
10442390	玉女之圣目手套	手套
10442391	玉女之灵动手套	手套
10442392	玉女之灵动手套	手套
10442393	玉女之灵动手套	手套
10442394	玉女之灵动手套	手套
10442395	玉女之灵动手套	手套
10442396	玉女之灵动手套	手套
10442397	玉女之灵动手套	手套
10442398	玉女之灵动手套	手套
10442399	玉女之灵动手套	手套
10442400	玉女之灵动手套	手套
10442401	无极之棉布手套	手套
10442402	无极之棉布手套	手套
10442403	无极之棉布手套	手套
10442404	无极之棉布手套	手套
10442405	无极之棉布手套	手套
10442406	无极之棉布手套	手套
10442407	无极之棉布手套	手套
10442408	无极之棉布手套	手套
10442409	无极之棉布手套	手套
10442410	无极之棉布手套	手套
10442411	无极之棉丝手套	手套
10442412	无极之棉丝手套	手套
10442413	无极之棉丝手套	手套
10442414	无极之棉丝手套	手套
10442415	无极之棉丝手套	手套
10442416	无极之棉丝手套	手套
10442417	无极之棉丝手套	手套
10442418	无极之棉丝手套	手套
10442419	无极之棉丝手套	手套
10442420	无极之棉丝手套	手套
10442421	无极之蒲布手套	手套
10442422	无极之蒲布手套	手套
10442423	无极之蒲布手套	手套
10442424	无极之蒲布手套	手套
10442425	无极之蒲布手套	手套
10442426	无极之蒲布手套	手套
10442427	无极之蒲布手套	手套
10442428	无极之蒲布手套	手套
10442429	无极之蒲布手套	手套
10442430	无极之蒲布手套	手套
10442431	无极之真丝手套	手套
10442432	无极之真丝手套	手套
10442433	无极之真丝手套	手套
10442434	无极之真丝手套	手套
10442435	无极之真丝手套	手套
10442436	无极之真丝手套	手套
10442437	无极之真丝手套	手套
10442438	无极之真丝手套	手套
10442439	无极之真丝手套	手套
10442440	无极之真丝手套	手套
10442441	无极之苏锦手套	手套
10442442	无极之苏锦手套	手套
10442443	无极之苏锦手套	手套
10442444	无极之苏锦手套	手套
10442445	无极之苏锦手套	手套
10442446	无极之苏锦手套	手套
10442447	无极之苏锦手套	手套
10442448	无极之苏锦手套	手套
10442449	无极之苏锦手套	手套
10442450	无极之苏锦手套	手套
10442451	无极之青峨手套	手套
10442452	无极之青峨手套	手套
10442453	无极之青峨手套	手套
10442454	无极之青峨手套	手套
10442455	无极之青峨手套	手套
10442456	无极之青峨手套	手套
10442457	无极之青峨手套	手套
10442458	无极之青峨手套	手套
10442459	无极之青峨手套	手套
10442460	无极之青峨手套	手套
10442461	无极之四海手套	手套
10442462	无极之四海手套	手套
10442463	无极之四海手套	手套
10442464	无极之四海手套	手套
10442465	无极之四海手套	手套
10442466	无极之四海手套	手套
10442467	无极之四海手套	手套
10442468	无极之四海手套	手套
10442469	无极之四海手套	手套
10442470	无极之四海手套	手套
10442471	无极之如梦手套	手套
10442472	无极之如梦手套	手套
10442473	无极之如梦手套	手套
10442474	无极之如梦手套	手套
10442475	无极之如梦手套	手套
10442476	无极之如梦手套	手套
10442477	无极之如梦手套	手套
10442478	无极之如梦手套	手套
10442479	无极之如梦手套	手套
10442480	无极之如梦手套	手套
10442481	无极之圣目手套	手套
10442482	无极之圣目手套	手套
10442483	无极之圣目手套	手套
10442484	无极之圣目手套	手套
10442485	无极之圣目手套	手套
10442486	无极之圣目手套	手套
10442487	无极之圣目手套	手套
10442488	无极之圣目手套	手套
10442489	无极之圣目手套	手套
10442490	无极之圣目手套	手套
10442491	无极之灵动手套	手套
10442492	无极之灵动手套	手套
10442493	无极之灵动手套	手套
10442494	无极之灵动手套	手套
10442495	无极之灵动手套	手套
10442496	无极之灵动手套	手套
10442497	无极之灵动手套	手套
10442498	无极之灵动手套	手套
10442499	无极之灵动手套	手套
10442500	无极之灵动手套	手套
10442501	荒毒之棉布手套	手套
10442502	荒毒之棉布手套	手套
10442503	荒毒之棉布手套	手套
10442504	荒毒之棉布手套	手套
10442505	荒毒之棉布手套	手套
10442506	荒毒之棉布手套	手套
10442507	荒毒之棉布手套	手套
10442508	荒毒之棉布手套	手套
10442509	荒毒之棉布手套	手套
10442510	荒毒之棉布手套	手套
10442511	荒毒之棉丝手套	手套
10442512	荒毒之棉丝手套	手套
10442513	荒毒之棉丝手套	手套
10442514	荒毒之棉丝手套	手套
10442515	荒毒之棉丝手套	手套
10442516	荒毒之棉丝手套	手套
10442517	荒毒之棉丝手套	手套
10442518	荒毒之棉丝手套	手套
10442519	荒毒之棉丝手套	手套
10442520	荒毒之棉丝手套	手套
10442521	荒毒之蒲布手套	手套
10442522	荒毒之蒲布手套	手套
10442523	荒毒之蒲布手套	手套
10442524	荒毒之蒲布手套	手套
10442525	荒毒之蒲布手套	手套
10442526	荒毒之蒲布手套	手套
10442527	荒毒之蒲布手套	手套
10442528	荒毒之蒲布手套	手套
10442529	荒毒之蒲布手套	手套
10442530	荒毒之蒲布手套	手套
10442531	荒毒之真丝手套	手套
10442532	荒毒之真丝手套	手套
10442533	荒毒之真丝手套	手套
10442534	荒毒之真丝手套	手套
10442535	荒毒之真丝手套	手套
10442536	荒毒之真丝手套	手套
10442537	荒毒之真丝手套	手套
10442538	荒毒之真丝手套	手套
10442539	荒毒之真丝手套	手套
10442540	荒毒之真丝手套	手套
10442541	荒毒之苏锦手套	手套
10442542	荒毒之苏锦手套	手套
10442543	荒毒之苏锦手套	手套
10442544	荒毒之苏锦手套	手套
10442545	荒毒之苏锦手套	手套
10442546	荒毒之苏锦手套	手套
10442547	荒毒之苏锦手套	手套
10442548	荒毒之苏锦手套	手套
10442549	荒毒之苏锦手套	手套
10442550	荒毒之苏锦手套	手套
10442551	荒毒之青峨手套	手套
10442552	荒毒之青峨手套	手套
10442553	荒毒之青峨手套	手套
10442554	荒毒之青峨手套	手套
10442555	荒毒之青峨手套	手套
10442556	荒毒之青峨手套	手套
10442557	荒毒之青峨手套	手套
10442558	荒毒之青峨手套	手套
10442559	荒毒之青峨手套	手套
10442560	荒毒之青峨手套	手套
10442561	荒毒之四海手套	手套
10442562	荒毒之四海手套	手套
10442563	荒毒之四海手套	手套
10442564	荒毒之四海手套	手套
10442565	荒毒之四海手套	手套
10442566	荒毒之四海手套	手套
10442567	荒毒之四海手套	手套
10442568	荒毒之四海手套	手套
10442569	荒毒之四海手套	手套
10442570	荒毒之四海手套	手套
10442571	荒毒之如梦手套	手套
10442572	荒毒之如梦手套	手套
10442573	荒毒之如梦手套	手套
10442574	荒毒之如梦手套	手套
10442575	荒毒之如梦手套	手套
10442576	荒毒之如梦手套	手套
10442577	荒毒之如梦手套	手套
10442578	荒毒之如梦手套	手套
10442579	荒毒之如梦手套	手套
10442580	荒毒之如梦手套	手套
10442581	荒毒之圣目手套	手套
10442582	荒毒之圣目手套	手套
10442583	荒毒之圣目手套	手套
10442584	荒毒之圣目手套	手套
10442585	荒毒之圣目手套	手套
10442586	荒毒之圣目手套	手套
10442587	荒毒之圣目手套	手套
10442588	荒毒之圣目手套	手套
10442589	荒毒之圣目手套	手套
10442590	荒毒之圣目手套	手套
10442591	荒毒之灵动手套	手套
10442592	荒毒之灵动手套	手套
10442593	荒毒之灵动手套	手套
10442594	荒毒之灵动手套	手套
10442595	荒毒之灵动手套	手套
10442596	荒毒之灵动手套	手套
10442597	荒毒之灵动手套	手套
10442598	荒毒之灵动手套	手套
10442599	荒毒之灵动手套	手套
10442600	荒毒之灵动手套	手套
10442601	无相之蜥皮护手	手套
10442602	无相之蜥皮护手	手套
10442603	无相之蜥皮护手	手套
10442604	无相之蜥皮护手	手套
10442605	无相之蜥皮护手	手套
10442606	无相之蜥皮护手	手套
10442607	无相之蜥皮护手	手套
10442608	无相之蜥皮护手	手套
10442609	无相之蜥皮护手	手套
10442610	无相之蜥皮护手	手套
10442611	无相之银皮护手	手套
10442612	无相之银皮护手	手套
10442613	无相之银皮护手	手套
10442614	无相之银皮护手	手套
10442615	无相之银皮护手	手套
10442616	无相之银皮护手	手套
10442617	无相之银皮护手	手套
10442618	无相之银皮护手	手套
10442619	无相之银皮护手	手套
10442620	无相之银皮护手	手套
10442621	无相之皮麟护手	手套
10442622	无相之皮麟护手	手套
10442623	无相之皮麟护手	手套
10442624	无相之皮麟护手	手套
10442625	无相之皮麟护手	手套
10442626	无相之皮麟护手	手套
10442627	无相之皮麟护手	手套
10442628	无相之皮麟护手	手套
10442629	无相之皮麟护手	手套
10442630	无相之皮麟护手	手套
10442631	无相之瑶仙护手	手套
10442632	无相之瑶仙护手	手套
10442633	无相之瑶仙护手	手套
10442634	无相之瑶仙护手	手套
10442635	无相之瑶仙护手	手套
10442636	无相之瑶仙护手	手套
10442637	无相之瑶仙护手	手套
10442638	无相之瑶仙护手	手套
10442639	无相之瑶仙护手	手套
10442640	无相之瑶仙护手	手套
10442641	无相之韶华护手	手套
10442642	无相之韶华护手	手套
10442643	无相之韶华护手	手套
10442644	无相之韶华护手	手套
10442645	无相之韶华护手	手套
10442646	无相之韶华护手	手套
10442647	无相之韶华护手	手套
10442648	无相之韶华护手	手套
10442649	无相之韶华护手	手套
10442650	无相之韶华护手	手套
10442651	无相之银霄护手	手套
10442652	无相之银霄护手	手套
10442653	无相之银霄护手	手套
10442654	无相之银霄护手	手套
10442655	无相之银霄护手	手套
10442656	无相之银霄护手	手套
10442657	无相之银霄护手	手套
10442658	无相之银霄护手	手套
10442659	无相之银霄护手	手套
10442660	无相之银霄护手	手套
10442661	无相之鬼雾护手	手套
10442662	无相之鬼雾护手	手套
10442663	无相之鬼雾护手	手套
10442664	无相之鬼雾护手	手套
10442665	无相之鬼雾护手	手套
10442666	无相之鬼雾护手	手套
10442667	无相之鬼雾护手	手套
10442668	无相之鬼雾护手	手套
10442669	无相之鬼雾护手	手套
10442670	无相之鬼雾护手	手套
10442671	无相之炼鸾护手	手套
10442672	无相之炼鸾护手	手套
10442673	无相之炼鸾护手	手套
10442674	无相之炼鸾护手	手套
10442675	无相之炼鸾护手	手套
10442676	无相之炼鸾护手	手套
10442677	无相之炼鸾护手	手套
10442678	无相之炼鸾护手	手套
10442679	无相之炼鸾护手	手套
10442680	无相之炼鸾护手	手套
10442681	无相之魅蛟护手	手套
10442682	无相之魅蛟护手	手套
10442683	无相之魅蛟护手	手套
10442684	无相之魅蛟护手	手套
10442685	无相之魅蛟护手	手套
10442686	无相之魅蛟护手	手套
10442687	无相之魅蛟护手	手套
10442688	无相之魅蛟护手	手套
10442689	无相之魅蛟护手	手套
10442690	无相之魅蛟护手	手套
10442691	无相之狻猊护手	手套
10442692	无相之狻猊护手	手套
10442693	无相之狻猊护手	手套
10442694	无相之狻猊护手	手套
10442695	无相之狻猊护手	手套
10442696	无相之狻猊护手	手套
10442697	无相之狻猊护手	手套
10442698	无相之狻猊护手	手套
10442699	无相之狻猊护手	手套
10442700	无相之狻猊护手	手套
10442701	北冥之蜥皮护手	手套
10442702	北冥之蜥皮护手	手套
10442703	北冥之蜥皮护手	手套
10442704	北冥之蜥皮护手	手套
10442705	北冥之蜥皮护手	手套
10442706	北冥之蜥皮护手	手套
10442707	北冥之蜥皮护手	手套
10442708	北冥之蜥皮护手	手套
10442709	北冥之蜥皮护手	手套
10442710	北冥之蜥皮护手	手套
10442711	北冥之银皮护手	手套
10442712	北冥之银皮护手	手套
10442713	北冥之银皮护手	手套
10442714	北冥之银皮护手	手套
10442715	北冥之银皮护手	手套
10442716	北冥之银皮护手	手套
10442717	北冥之银皮护手	手套
10442718	北冥之银皮护手	手套
10442719	北冥之银皮护手	手套
10442720	北冥之银皮护手	手套
10442721	北冥之皮麟护手	手套
10442722	北冥之皮麟护手	手套
10442723	北冥之皮麟护手	手套
10442724	北冥之皮麟护手	手套
10442725	北冥之皮麟护手	手套
10442726	北冥之皮麟护手	手套
10442727	北冥之皮麟护手	手套
10442728	北冥之皮麟护手	手套
10442729	北冥之皮麟护手	手套
10442730	北冥之皮麟护手	手套
10442731	北冥之瑶仙护手	手套
10442732	北冥之瑶仙护手	手套
10442733	北冥之瑶仙护手	手套
10442734	北冥之瑶仙护手	手套
10442735	北冥之瑶仙护手	手套
10442736	北冥之瑶仙护手	手套
10442737	北冥之瑶仙护手	手套
10442738	北冥之瑶仙护手	手套
10442739	北冥之瑶仙护手	手套
10442740	北冥之瑶仙护手	手套
10442741	北冥之韶华护手	手套
10442742	北冥之韶华护手	手套
10442743	北冥之韶华护手	手套
10442744	北冥之韶华护手	手套
10442745	北冥之韶华护手	手套
10442746	北冥之韶华护手	手套
10442747	北冥之韶华护手	手套
10442748	北冥之韶华护手	手套
10442749	北冥之韶华护手	手套
10442750	北冥之韶华护手	手套
10442751	北冥之银霄护手	手套
10442752	北冥之银霄护手	手套
10442753	北冥之银霄护手	手套
10442754	北冥之银霄护手	手套
10442755	北冥之银霄护手	手套
10442756	北冥之银霄护手	手套
10442757	北冥之银霄护手	手套
10442758	北冥之银霄护手	手套
10442759	北冥之银霄护手	手套
10442760	北冥之银霄护手	手套
10442761	北冥之鬼雾护手	手套
10442762	北冥之鬼雾护手	手套
10442763	北冥之鬼雾护手	手套
10442764	北冥之鬼雾护手	手套
10442765	北冥之鬼雾护手	手套
10442766	北冥之鬼雾护手	手套
10442767	北冥之鬼雾护手	手套
10442768	北冥之鬼雾护手	手套
10442769	北冥之鬼雾护手	手套
10442770	北冥之鬼雾护手	手套
10442771	北冥之炼鸾护手	手套
10442772	北冥之炼鸾护手	手套
10442773	北冥之炼鸾护手	手套
10442774	北冥之炼鸾护手	手套
10442775	北冥之炼鸾护手	手套
10442776	北冥之炼鸾护手	手套
10442777	北冥之炼鸾护手	手套
10442778	北冥之炼鸾护手	手套
10442779	北冥之炼鸾护手	手套
10442780	北冥之炼鸾护手	手套
10442781	北冥之魅蛟护手	手套
10442782	北冥之魅蛟护手	手套
10442783	北冥之魅蛟护手	手套
10442784	北冥之魅蛟护手	手套
10442785	北冥之魅蛟护手	手套
10442786	北冥之魅蛟护手	手套
10442787	北冥之魅蛟护手	手套
10442788	北冥之魅蛟护手	手套
10442789	北冥之魅蛟护手	手套
10442790	北冥之魅蛟护手	手套
10442791	北冥之狻猊护手	手套
10442792	北冥之狻猊护手	手套
10442793	北冥之狻猊护手	手套
10442794	北冥之狻猊护手	手套
10442795	北冥之狻猊护手	手套
10442796	北冥之狻猊护手	手套
10442797	北冥之狻猊护手	手套
10442798	北冥之狻猊护手	手套
10442799	北冥之狻猊护手	手套
10442800	北冥之狻猊护手	手套
10442801	凝脉之蜥皮护手	手套
10442802	凝脉之蜥皮护手	手套
10442803	凝脉之蜥皮护手	手套
10442804	凝脉之蜥皮护手	手套
10442805	凝脉之蜥皮护手	手套
10442806	凝脉之蜥皮护手	手套
10442807	凝脉之蜥皮护手	手套
10442808	凝脉之蜥皮护手	手套
10442809	凝脉之蜥皮护手	手套
10442810	凝脉之蜥皮护手	手套
10442811	凝脉之银皮护手	手套
10442812	凝脉之银皮护手	手套
10442813	凝脉之银皮护手	手套
10442814	凝脉之银皮护手	手套
10442815	凝脉之银皮护手	手套
10442816	凝脉之银皮护手	手套
10442817	凝脉之银皮护手	手套
10442818	凝脉之银皮护手	手套
10442819	凝脉之银皮护手	手套
10442820	凝脉之银皮护手	手套
10442821	凝脉之皮麟护手	手套
10442822	凝脉之皮麟护手	手套
10442823	凝脉之皮麟护手	手套
10442824	凝脉之皮麟护手	手套
10442825	凝脉之皮麟护手	手套
10442826	凝脉之皮麟护手	手套
10442827	凝脉之皮麟护手	手套
10442828	凝脉之皮麟护手	手套
10442829	凝脉之皮麟护手	手套
10442830	凝脉之皮麟护手	手套
10442831	凝脉之瑶仙护手	手套
10442832	凝脉之瑶仙护手	手套
10442833	凝脉之瑶仙护手	手套
10442834	凝脉之瑶仙护手	手套
10442835	凝脉之瑶仙护手	手套
10442836	凝脉之瑶仙护手	手套
10442837	凝脉之瑶仙护手	手套
10442838	凝脉之瑶仙护手	手套
10442839	凝脉之瑶仙护手	手套
10442840	凝脉之瑶仙护手	手套
10442841	凝脉之韶华护手	手套
10442842	凝脉之韶华护手	手套
10442843	凝脉之韶华护手	手套
10442844	凝脉之韶华护手	手套
10442845	凝脉之韶华护手	手套
10442846	凝脉之韶华护手	手套
10442847	凝脉之韶华护手	手套
10442848	凝脉之韶华护手	手套
10442849	凝脉之韶华护手	手套
10442850	凝脉之韶华护手	手套
10442851	凝脉之银霄护手	手套
10442852	凝脉之银霄护手	手套
10442853	凝脉之银霄护手	手套
10442854	凝脉之银霄护手	手套
10442855	凝脉之银霄护手	手套
10442856	凝脉之银霄护手	手套
10442857	凝脉之银霄护手	手套
10442858	凝脉之银霄护手	手套
10442859	凝脉之银霄护手	手套
10442860	凝脉之银霄护手	手套
10442861	凝脉之鬼雾护手	手套
10442862	凝脉之鬼雾护手	手套
10442863	凝脉之鬼雾护手	手套
10442864	凝脉之鬼雾护手	手套
10442865	凝脉之鬼雾护手	手套
10442866	凝脉之鬼雾护手	手套
10442867	凝脉之鬼雾护手	手套
10442868	凝脉之鬼雾护手	手套
10442869	凝脉之鬼雾护手	手套
10442870	凝脉之鬼雾护手	手套
10442871	凝脉之炼鸾护手	手套
10442872	凝脉之炼鸾护手	手套
10442873	凝脉之炼鸾护手	手套
10442874	凝脉之炼鸾护手	手套
10442875	凝脉之炼鸾护手	手套
10442876	凝脉之炼鸾护手	手套
10442877	凝脉之炼鸾护手	手套
10442878	凝脉之炼鸾护手	手套
10442879	凝脉之炼鸾护手	手套
10442880	凝脉之炼鸾护手	手套
10442881	凝脉之魅蛟护手	手套
10442882	凝脉之魅蛟护手	手套
10442883	凝脉之魅蛟护手	手套
10442884	凝脉之魅蛟护手	手套
10442885	凝脉之魅蛟护手	手套
10442886	凝脉之魅蛟护手	手套
10442887	凝脉之魅蛟护手	手套
10442888	凝脉之魅蛟护手	手套
10442889	凝脉之魅蛟护手	手套
10442890	凝脉之魅蛟护手	手套
10442891	凝脉之狻猊护手	手套
10442892	凝脉之狻猊护手	手套
10442893	凝脉之狻猊护手	手套
10442894	凝脉之狻猊护手	手套
10442895	凝脉之狻猊护手	手套
10442896	凝脉之狻猊护手	手套
10442897	凝脉之狻猊护手	手套
10442898	凝脉之狻猊护手	手套
10442899	凝脉之狻猊护手	手套
10442900	凝脉之狻猊护手	手套
10442901	变形测试手套	手套
10442902	未使用	手套
10442903	未使用	手套
10442904	未使用	手套
10442905	未使用	手套
10442906	未使用	手套
10442907	未使用	手套
10442908	未使用	手套
10442909	未使用	手套
10442910	未使用	手套
10442911	未使用	手套
10442912	未使用	手套
10442913	未使用	手套
10442914	未使用	手套
10442915	未使用	手套
10442916	未使用	手套
10442917	未使用	手套
10442918	未使用	手套
10442919	未使用	手套
10442920	未使用	手套
10442921	未使用	手套
10442922	未使用	手套
10442923	未使用	手套
10442924	未使用	手套
10442925	未使用	手套
10442926	未使用	手套
10442927	未使用	手套
10442928	未使用	手套
10442929	未使用	手套
10442930	未使用	手套
10442931	未使用	手套
10442932	未使用	手套
10442933	未使用	手套
10442934	未使用	手套
10442935	未使用	手套
10442936	未使用	手套
10442937	未使用	手套
10442938	未使用	手套
10442939	未使用	手套
10442940	未使用	手套
10442941	未使用	手套
10442942	未使用	手套
10442943	未使用	手套
10442944	未使用	手套
10442945	未使用	手套
10442946	未使用	手套
10442947	未使用	手套
10442948	未使用	手套
10442949	未使用	手套
10442950	未使用	手套
10442951	未使用	手套
10442952	未使用	手套
10442953	未使用	手套
10442954	未使用	手套
10442955	未使用	手套
10442956	未使用	手套
10442957	未使用	手套
10442958	未使用	手套
10442959	未使用	手套
10442960	未使用	手套
10442961	未使用	手套
10442962	未使用	手套
10442963	未使用	手套
10442964	未使用	手套
10442965	未使用	手套
10442966	未使用	手套
10442967	未使用	手套
10442968	未使用	手套
10442969	未使用	手套
10442970	未使用	手套
10442971	未使用	手套
10442972	未使用	手套
10442973	未使用	手套
10442974	未使用	手套
10442975	未使用	手套
10442976	未使用	手套
10442977	未使用	手套
10442978	未使用	手套
10442979	未使用	手套
10442980	未使用	手套
10442981	未使用	手套
10442982	未使用	手套
10442983	未使用	手套
10442984	未使用	手套
10442985	未使用	手套
10442986	未使用	手套
10442987	未使用	手套
10442988	未使用	手套
10442989	未使用	手套
10442990	未使用	手套
10442991	未使用	手套
10442992	未使用	手套
10442993	未使用	手套
10442994	未使用	手套
10442995	未使用	手套
10442996	未使用	手套
10442997	未使用	手套
10442998	未使用	手套
10442999	未使用	手套
10443001	达摩之银锁铠	衣服
10443002	达摩之银锁铠	衣服
10443003	达摩之银锁铠	衣服
10443004	达摩之银锁铠	衣服
10443005	达摩之银锁铠	衣服
10443006	达摩之银锁铠	衣服
10443007	达摩之银锁铠	衣服
10443008	达摩之银锁铠	衣服
10443009	达摩之银锁铠	衣服
10443010	达摩之银锁铠	衣服
10443011	达摩之月铁甲	衣服
10443012	达摩之月铁甲	衣服
10443013	达摩之月铁甲	衣服
10443014	达摩之月铁甲	衣服
10443015	达摩之月铁甲	衣服
10443016	达摩之月铁甲	衣服
10443017	达摩之月铁甲	衣服
10443018	达摩之月铁甲	衣服
10443019	达摩之月铁甲	衣服
10443020	达摩之月铁甲	衣服
10443021	达摩之玄铁铠	衣服
10443022	达摩之玄铁铠	衣服
10443023	达摩之玄铁铠	衣服
10443024	达摩之玄铁铠	衣服
10443025	达摩之玄铁铠	衣服
10443026	达摩之玄铁铠	衣服
10443027	达摩之玄铁铠	衣服
10443028	达摩之玄铁铠	衣服
10443029	达摩之玄铁铠	衣服
10443030	达摩之玄铁铠	衣服
10443031	达摩之封霄铁甲	衣服
10443032	达摩之封霄铁甲	衣服
10443033	达摩之封霄铁甲	衣服
10443034	达摩之封霄铁甲	衣服
10443035	达摩之封霄铁甲	衣服
10443036	达摩之封霄铁甲	衣服
10443037	达摩之封霄铁甲	衣服
10443038	达摩之封霄铁甲	衣服
10443039	达摩之封霄铁甲	衣服
10443040	达摩之封霄铁甲	衣服
10443041	达摩之灭寒铠	衣服
10443042	达摩之灭寒铠	衣服
10443043	达摩之灭寒铠	衣服
10443044	达摩之灭寒铠	衣服
10443045	达摩之灭寒铠	衣服
10443046	达摩之灭寒铠	衣服
10443047	达摩之灭寒铠	衣服
10443048	达摩之灭寒铠	衣服
10443049	达摩之灭寒铠	衣服
10443050	达摩之灭寒铠	衣服
10443051	达摩之逆火甲	衣服
10443052	达摩之逆火甲	衣服
10443053	达摩之逆火甲	衣服
10443054	达摩之逆火甲	衣服
10443055	达摩之逆火甲	衣服
10443056	达摩之逆火甲	衣服
10443057	达摩之逆火甲	衣服
10443058	达摩之逆火甲	衣服
10443059	达摩之逆火甲	衣服
10443060	达摩之逆火甲	衣服
10443061	达摩之誓尘铁甲	衣服
10443062	达摩之誓尘铁甲	衣服
10443063	达摩之誓尘铁甲	衣服
10443064	达摩之誓尘铁甲	衣服
10443065	达摩之誓尘铁甲	衣服
10443066	达摩之誓尘铁甲	衣服
10443067	达摩之誓尘铁甲	衣服
10443068	达摩之誓尘铁甲	衣服
10443069	达摩之誓尘铁甲	衣服
10443070	达摩之誓尘铁甲	衣服
10443071	达摩之灭魄铠	衣服
10443072	达摩之灭魄铠	衣服
10443073	达摩之灭魄铠	衣服
10443074	达摩之灭魄铠	衣服
10443075	达摩之灭魄铠	衣服
10443076	达摩之灭魄铠	衣服
10443077	达摩之灭魄铠	衣服
10443078	达摩之灭魄铠	衣服
10443079	达摩之灭魄铠	衣服
10443080	达摩之灭魄铠	衣服
10443081	达摩之碎魂圣甲	衣服
10443082	达摩之碎魂圣甲	衣服
10443083	达摩之碎魂圣甲	衣服
10443084	达摩之碎魂圣甲	衣服
10443085	达摩之碎魂圣甲	衣服
10443086	达摩之碎魂圣甲	衣服
10443087	达摩之碎魂圣甲	衣服
10443088	达摩之碎魂圣甲	衣服
10443089	达摩之碎魂圣甲	衣服
10443090	达摩之碎魂圣甲	衣服
10443091	达摩之蛰龙天铠	衣服
10443092	达摩之蛰龙天铠	衣服
10443093	达摩之蛰龙天铠	衣服
10443094	达摩之蛰龙天铠	衣服
10443095	达摩之蛰龙天铠	衣服
10443096	达摩之蛰龙天铠	衣服
10443097	达摩之蛰龙天铠	衣服
10443098	达摩之蛰龙天铠	衣服
10443099	达摩之蛰龙天铠	衣服
10443100	达摩之蛰龙天铠	衣服
10443101	圣火之银锁铠	衣服
10443102	圣火之银锁铠	衣服
10443103	圣火之银锁铠	衣服
10443104	圣火之银锁铠	衣服
10443105	圣火之银锁铠	衣服
10443106	圣火之银锁铠	衣服
10443107	圣火之银锁铠	衣服
10443108	圣火之银锁铠	衣服
10443109	圣火之银锁铠	衣服
10443110	圣火之银锁铠	衣服
10443111	圣火之月铁甲	衣服
10443112	圣火之月铁甲	衣服
10443113	圣火之月铁甲	衣服
10443114	圣火之月铁甲	衣服
10443115	圣火之月铁甲	衣服
10443116	圣火之月铁甲	衣服
10443117	圣火之月铁甲	衣服
10443118	圣火之月铁甲	衣服
10443119	圣火之月铁甲	衣服
10443120	圣火之月铁甲	衣服
10443121	圣火之玄铁铠	衣服
10443122	圣火之玄铁铠	衣服
10443123	圣火之玄铁铠	衣服
10443124	圣火之玄铁铠	衣服
10443125	圣火之玄铁铠	衣服
10443126	圣火之玄铁铠	衣服
10443127	圣火之玄铁铠	衣服
10443128	圣火之玄铁铠	衣服
10443129	圣火之玄铁铠	衣服
10443130	圣火之玄铁铠	衣服
10443131	圣火之封霄铁甲	衣服
10443132	圣火之封霄铁甲	衣服
10443133	圣火之封霄铁甲	衣服
10443134	圣火之封霄铁甲	衣服
10443135	圣火之封霄铁甲	衣服
10443136	圣火之封霄铁甲	衣服
10443137	圣火之封霄铁甲	衣服
10443138	圣火之封霄铁甲	衣服
10443139	圣火之封霄铁甲	衣服
10443140	圣火之封霄铁甲	衣服
10443141	圣火之灭寒铠	衣服
10443142	圣火之灭寒铠	衣服
10443143	圣火之灭寒铠	衣服
10443144	圣火之灭寒铠	衣服
10443145	圣火之灭寒铠	衣服
10443146	圣火之灭寒铠	衣服
10443147	圣火之灭寒铠	衣服
10443148	圣火之灭寒铠	衣服
10443149	圣火之灭寒铠	衣服
10443150	圣火之灭寒铠	衣服
10443151	圣火之逆火甲	衣服
10443152	圣火之逆火甲	衣服
10443153	圣火之逆火甲	衣服
10443154	圣火之逆火甲	衣服
10443155	圣火之逆火甲	衣服
10443156	圣火之逆火甲	衣服
10443157	圣火之逆火甲	衣服
10443158	圣火之逆火甲	衣服
10443159	圣火之逆火甲	衣服
10443160	圣火之逆火甲	衣服
10443161	圣火之誓尘铁甲	衣服
10443162	圣火之誓尘铁甲	衣服
10443163	圣火之誓尘铁甲	衣服
10443164	圣火之誓尘铁甲	衣服
10443165	圣火之誓尘铁甲	衣服
10443166	圣火之誓尘铁甲	衣服
10443167	圣火之誓尘铁甲	衣服
10443168	圣火之誓尘铁甲	衣服
10443169	圣火之誓尘铁甲	衣服
10443170	圣火之誓尘铁甲	衣服
10443171	圣火之灭魄铠	衣服
10443172	圣火之灭魄铠	衣服
10443173	圣火之灭魄铠	衣服
10443174	圣火之灭魄铠	衣服
10443175	圣火之灭魄铠	衣服
10443176	圣火之灭魄铠	衣服
10443177	圣火之灭魄铠	衣服
10443178	圣火之灭魄铠	衣服
10443179	圣火之灭魄铠	衣服
10443180	圣火之灭魄铠	衣服
10443181	圣火之碎魂圣甲	衣服
10443182	圣火之碎魂圣甲	衣服
10443183	圣火之碎魂圣甲	衣服
10443184	圣火之碎魂圣甲	衣服
10443185	圣火之碎魂圣甲	衣服
10443186	圣火之碎魂圣甲	衣服
10443187	圣火之碎魂圣甲	衣服
10443188	圣火之碎魂圣甲	衣服
10443189	圣火之碎魂圣甲	衣服
10443190	圣火之碎魂圣甲	衣服
10443191	圣火之蛰龙天铠	衣服
10443192	圣火之蛰龙天铠	衣服
10443193	圣火之蛰龙天铠	衣服
10443194	圣火之蛰龙天铠	衣服
10443195	圣火之蛰龙天铠	衣服
10443196	圣火之蛰龙天铠	衣服
10443197	圣火之蛰龙天铠	衣服
10443198	圣火之蛰龙天铠	衣服
10443199	圣火之蛰龙天铠	衣服
10443200	圣火之蛰龙天铠	衣服
10443201	降龙之银锁铠	衣服
10443202	降龙之银锁铠	衣服
10443203	降龙之银锁铠	衣服
10443204	降龙之银锁铠	衣服
10443205	降龙之银锁铠	衣服
10443206	降龙之银锁铠	衣服
10443207	降龙之银锁铠	衣服
10443208	降龙之银锁铠	衣服
10443209	降龙之银锁铠	衣服
10443210	降龙之银锁铠	衣服
10443211	降龙之月铁甲	衣服
10443212	降龙之月铁甲	衣服
10443213	降龙之月铁甲	衣服
10443214	降龙之月铁甲	衣服
10443215	降龙之月铁甲	衣服
10443216	降龙之月铁甲	衣服
10443217	降龙之月铁甲	衣服
10443218	降龙之月铁甲	衣服
10443219	降龙之月铁甲	衣服
10443220	降龙之月铁甲	衣服
10443221	降龙之玄铁铠	衣服
10443222	降龙之玄铁铠	衣服
10443223	降龙之玄铁铠	衣服
10443224	降龙之玄铁铠	衣服
10443225	降龙之玄铁铠	衣服
10443226	降龙之玄铁铠	衣服
10443227	降龙之玄铁铠	衣服
10443228	降龙之玄铁铠	衣服
10443229	降龙之玄铁铠	衣服
10443230	降龙之玄铁铠	衣服
10443231	降龙之封霄铁甲	衣服
10443232	降龙之封霄铁甲	衣服
10443233	降龙之封霄铁甲	衣服
10443234	降龙之封霄铁甲	衣服
10443235	降龙之封霄铁甲	衣服
10443236	降龙之封霄铁甲	衣服
10443237	降龙之封霄铁甲	衣服
10443238	降龙之封霄铁甲	衣服
10443239	降龙之封霄铁甲	衣服
10443240	降龙之封霄铁甲	衣服
10443241	降龙之灭寒铠	衣服
10443242	降龙之灭寒铠	衣服
10443243	降龙之灭寒铠	衣服
10443244	降龙之灭寒铠	衣服
10443245	降龙之灭寒铠	衣服
10443246	降龙之灭寒铠	衣服
10443247	降龙之灭寒铠	衣服
10443248	降龙之灭寒铠	衣服
10443249	降龙之灭寒铠	衣服
10443250	降龙之灭寒铠	衣服
10443251	降龙之逆火甲	衣服
10443252	降龙之逆火甲	衣服
10443253	降龙之逆火甲	衣服
10443254	降龙之逆火甲	衣服
10443255	降龙之逆火甲	衣服
10443256	降龙之逆火甲	衣服
10443257	降龙之逆火甲	衣服
10443258	降龙之逆火甲	衣服
10443259	降龙之逆火甲	衣服
10443260	降龙之逆火甲	衣服
10443261	降龙之誓尘铁甲	衣服
10443262	降龙之誓尘铁甲	衣服
10443263	降龙之誓尘铁甲	衣服
10443264	降龙之誓尘铁甲	衣服
10443265	降龙之誓尘铁甲	衣服
10443266	降龙之誓尘铁甲	衣服
10443267	降龙之誓尘铁甲	衣服
10443268	降龙之誓尘铁甲	衣服
10443269	降龙之誓尘铁甲	衣服
10443270	降龙之誓尘铁甲	衣服
10443271	降龙之灭魄铠	衣服
10443272	降龙之灭魄铠	衣服
10443273	降龙之灭魄铠	衣服
10443274	降龙之灭魄铠	衣服
10443275	降龙之灭魄铠	衣服
10443276	降龙之灭魄铠	衣服
10443277	降龙之灭魄铠	衣服
10443278	降龙之灭魄铠	衣服
10443279	降龙之灭魄铠	衣服
10443280	降龙之灭魄铠	衣服
10443281	降龙之碎魂圣甲	衣服
10443282	降龙之碎魂圣甲	衣服
10443283	降龙之碎魂圣甲	衣服
10443284	降龙之碎魂圣甲	衣服
10443285	降龙之碎魂圣甲	衣服
10443286	降龙之碎魂圣甲	衣服
10443287	降龙之碎魂圣甲	衣服
10443288	降龙之碎魂圣甲	衣服
10443289	降龙之碎魂圣甲	衣服
10443290	降龙之碎魂圣甲	衣服
10443291	降龙之蛰龙天铠	衣服
10443292	降龙之蛰龙天铠	衣服
10443293	降龙之蛰龙天铠	衣服
10443294	降龙之蛰龙天铠	衣服
10443295	降龙之蛰龙天铠	衣服
10443296	降龙之蛰龙天铠	衣服
10443297	降龙之蛰龙天铠	衣服
10443298	降龙之蛰龙天铠	衣服
10443299	降龙之蛰龙天铠	衣服
10443300	降龙之蛰龙天铠	衣服
10443301	玉女之棉布衣	衣服
10443302	玉女之棉布衣	衣服
10443303	玉女之棉布衣	衣服
10443304	玉女之棉布衣	衣服
10443305	玉女之棉布衣	衣服
10443306	玉女之棉布衣	衣服
10443307	玉女之棉布衣	衣服
10443308	玉女之棉布衣	衣服
10443309	玉女之棉布衣	衣服
10443310	玉女之棉布衣	衣服
10443311	玉女之棉丝短衫	衣服
10443312	玉女之棉丝短衫	衣服
10443313	玉女之棉丝短衫	衣服
10443314	玉女之棉丝短衫	衣服
10443315	玉女之棉丝短衫	衣服
10443316	玉女之棉丝短衫	衣服
10443317	玉女之棉丝短衫	衣服
10443318	玉女之棉丝短衫	衣服
10443319	玉女之棉丝短衫	衣服
10443320	玉女之棉丝短衫	衣服
10443321	玉女之蒲布衣	衣服
10443322	玉女之蒲布衣	衣服
10443323	玉女之蒲布衣	衣服
10443324	玉女之蒲布衣	衣服
10443325	玉女之蒲布衣	衣服
10443326	玉女之蒲布衣	衣服
10443327	玉女之蒲布衣	衣服
10443328	玉女之蒲布衣	衣服
10443329	玉女之蒲布衣	衣服
10443330	玉女之蒲布衣	衣服
10443331	玉女之真丝长衫	衣服
10443332	玉女之真丝长衫	衣服
10443333	玉女之真丝长衫	衣服
10443334	玉女之真丝长衫	衣服
10443335	玉女之真丝长衫	衣服
10443336	玉女之真丝长衫	衣服
10443337	玉女之真丝长衫	衣服
10443338	玉女之真丝长衫	衣服
10443339	玉女之真丝长衫	衣服
10443340	玉女之真丝长衫	衣服
10443341	玉女之苏锦衣	衣服
10443342	玉女之苏锦衣	衣服
10443343	玉女之苏锦衣	衣服
10443344	玉女之苏锦衣	衣服
10443345	玉女之苏锦衣	衣服
10443346	玉女之苏锦衣	衣服
10443347	玉女之苏锦衣	衣服
10443348	玉女之苏锦衣	衣服
10443349	玉女之苏锦衣	衣服
10443350	玉女之苏锦衣	衣服
10443351	玉女之青峨衣	衣服
10443352	玉女之青峨衣	衣服
10443353	玉女之青峨衣	衣服
10443354	玉女之青峨衣	衣服
10443355	玉女之青峨衣	衣服
10443356	玉女之青峨衣	衣服
10443357	玉女之青峨衣	衣服
10443358	玉女之青峨衣	衣服
10443359	玉女之青峨衣	衣服
10443360	玉女之青峨衣	衣服
10443361	玉女之四海锦服	衣服
10443362	玉女之四海锦服	衣服
10443363	玉女之四海锦服	衣服
10443364	玉女之四海锦服	衣服
10443365	玉女之四海锦服	衣服
10443366	玉女之四海锦服	衣服
10443367	玉女之四海锦服	衣服
10443368	玉女之四海锦服	衣服
10443369	玉女之四海锦服	衣服
10443370	玉女之四海锦服	衣服
10443371	玉女之如梦锦衣	衣服
10443372	玉女之如梦锦衣	衣服
10443373	玉女之如梦锦衣	衣服
10443374	玉女之如梦锦衣	衣服
10443375	玉女之如梦锦衣	衣服
10443376	玉女之如梦锦衣	衣服
10443377	玉女之如梦锦衣	衣服
10443378	玉女之如梦锦衣	衣服
10443379	玉女之如梦锦衣	衣服
10443380	玉女之如梦锦衣	衣服
10443381	玉女之圣目衣	衣服
10443382	玉女之圣目衣	衣服
10443383	玉女之圣目衣	衣服
10443384	玉女之圣目衣	衣服
10443385	玉女之圣目衣	衣服
10443386	玉女之圣目衣	衣服
10443387	玉女之圣目衣	衣服
10443388	玉女之圣目衣	衣服
10443389	玉女之圣目衣	衣服
10443390	玉女之圣目衣	衣服
10443391	玉女之灵动天衣	衣服
10443392	玉女之灵动天衣	衣服
10443393	玉女之灵动天衣	衣服
10443394	玉女之灵动天衣	衣服
10443395	玉女之灵动天衣	衣服
10443396	玉女之灵动天衣	衣服
10443397	玉女之灵动天衣	衣服
10443398	玉女之灵动天衣	衣服
10443399	玉女之灵动天衣	衣服
10443400	玉女之灵动天衣	衣服
10443401	无极之棉布衣	衣服
10443402	无极之棉布衣	衣服
10443403	无极之棉布衣	衣服
10443404	无极之棉布衣	衣服
10443405	无极之棉布衣	衣服
10443406	无极之棉布衣	衣服
10443407	无极之棉布衣	衣服
10443408	无极之棉布衣	衣服
10443409	无极之棉布衣	衣服
10443410	无极之棉布衣	衣服
10443411	无极之棉丝短衫	衣服
10443412	无极之棉丝短衫	衣服
10443413	无极之棉丝短衫	衣服
10443414	无极之棉丝短衫	衣服
10443415	无极之棉丝短衫	衣服
10443416	无极之棉丝短衫	衣服
10443417	无极之棉丝短衫	衣服
10443418	无极之棉丝短衫	衣服
10443419	无极之棉丝短衫	衣服
10443420	无极之棉丝短衫	衣服
10443421	无极之蒲布衣	衣服
10443422	无极之蒲布衣	衣服
10443423	无极之蒲布衣	衣服
10443424	无极之蒲布衣	衣服
10443425	无极之蒲布衣	衣服
10443426	无极之蒲布衣	衣服
10443427	无极之蒲布衣	衣服
10443428	无极之蒲布衣	衣服
10443429	无极之蒲布衣	衣服
10443430	无极之蒲布衣	衣服
10443431	无极之真丝长衫	衣服
10443432	无极之真丝长衫	衣服
10443433	无极之真丝长衫	衣服
10443434	无极之真丝长衫	衣服
10443435	无极之真丝长衫	衣服
10443436	无极之真丝长衫	衣服
10443437	无极之真丝长衫	衣服
10443438	无极之真丝长衫	衣服
10443439	无极之真丝长衫	衣服
10443440	无极之真丝长衫	衣服
10443441	无极之苏锦衣	衣服
10443442	无极之苏锦衣	衣服
10443443	无极之苏锦衣	衣服
10443444	无极之苏锦衣	衣服
10443445	无极之苏锦衣	衣服
10443446	无极之苏锦衣	衣服
10443447	无极之苏锦衣	衣服
10443448	无极之苏锦衣	衣服
10443449	无极之苏锦衣	衣服
10443450	无极之苏锦衣	衣服
10443451	无极之青峨衣	衣服
10443452	无极之青峨衣	衣服
10443453	无极之青峨衣	衣服
10443454	无极之青峨衣	衣服
10443455	无极之青峨衣	衣服
10443456	无极之青峨衣	衣服
10443457	无极之青峨衣	衣服
10443458	无极之青峨衣	衣服
10443459	无极之青峨衣	衣服
10443460	无极之青峨衣	衣服
10443461	无极之四海锦服	衣服
10443462	无极之四海锦服	衣服
10443463	无极之四海锦服	衣服
10443464	无极之四海锦服	衣服
10443465	无极之四海锦服	衣服
10443466	无极之四海锦服	衣服
10443467	无极之四海锦服	衣服
10443468	无极之四海锦服	衣服
10443469	无极之四海锦服	衣服
10443470	无极之四海锦服	衣服
10443471	无极之如梦锦衣	衣服
10443472	无极之如梦锦衣	衣服
10443473	无极之如梦锦衣	衣服
10443474	无极之如梦锦衣	衣服
10443475	无极之如梦锦衣	衣服
10443476	无极之如梦锦衣	衣服
10443477	无极之如梦锦衣	衣服
10443478	无极之如梦锦衣	衣服
10443479	无极之如梦锦衣	衣服
10443480	无极之如梦锦衣	衣服
10443481	无极之圣目衣	衣服
10443482	无极之圣目衣	衣服
10443483	无极之圣目衣	衣服
10443484	无极之圣目衣	衣服
10443485	无极之圣目衣	衣服
10443486	无极之圣目衣	衣服
10443487	无极之圣目衣	衣服
10443488	无极之圣目衣	衣服
10443489	无极之圣目衣	衣服
10443490	无极之圣目衣	衣服
10443491	无极之灵动天衣	衣服
10443492	无极之灵动天衣	衣服
10443493	无极之灵动天衣	衣服
10443494	无极之灵动天衣	衣服
10443495	无极之灵动天衣	衣服
10443496	无极之灵动天衣	衣服
10443497	无极之灵动天衣	衣服
10443498	无极之灵动天衣	衣服
10443499	无极之灵动天衣	衣服
10443500	无极之灵动天衣	衣服
10443501	荒毒之棉布衣	衣服
10443502	荒毒之棉布衣	衣服
10443503	荒毒之棉布衣	衣服
10443504	荒毒之棉布衣	衣服
10443505	荒毒之棉布衣	衣服
10443506	荒毒之棉布衣	衣服
10443507	荒毒之棉布衣	衣服
10443508	荒毒之棉布衣	衣服
10443509	荒毒之棉布衣	衣服
10443510	荒毒之棉布衣	衣服
10443511	荒毒之棉丝短衫	衣服
10443512	荒毒之棉丝短衫	衣服
10443513	荒毒之棉丝短衫	衣服
10443514	荒毒之棉丝短衫	衣服
10443515	荒毒之棉丝短衫	衣服
10443516	荒毒之棉丝短衫	衣服
10443517	荒毒之棉丝短衫	衣服
10443518	荒毒之棉丝短衫	衣服
10443519	荒毒之棉丝短衫	衣服
10443520	荒毒之棉丝短衫	衣服
10443521	荒毒之蒲布衣	衣服
10443522	荒毒之蒲布衣	衣服
10443523	荒毒之蒲布衣	衣服
10443524	荒毒之蒲布衣	衣服
10443525	荒毒之蒲布衣	衣服
10443526	荒毒之蒲布衣	衣服
10443527	荒毒之蒲布衣	衣服
10443528	荒毒之蒲布衣	衣服
10443529	荒毒之蒲布衣	衣服
10443530	荒毒之蒲布衣	衣服
10443531	荒毒之真丝长衫	衣服
10443532	荒毒之真丝长衫	衣服
10443533	荒毒之真丝长衫	衣服
10443534	荒毒之真丝长衫	衣服
10443535	荒毒之真丝长衫	衣服
10443536	荒毒之真丝长衫	衣服
10443537	荒毒之真丝长衫	衣服
10443538	荒毒之真丝长衫	衣服
10443539	荒毒之真丝长衫	衣服
10443540	荒毒之真丝长衫	衣服
10443541	荒毒之苏锦衣	衣服
10443542	荒毒之苏锦衣	衣服
10443543	荒毒之苏锦衣	衣服
10443544	荒毒之苏锦衣	衣服
10443545	荒毒之苏锦衣	衣服
10443546	荒毒之苏锦衣	衣服
10443547	荒毒之苏锦衣	衣服
10443548	荒毒之苏锦衣	衣服
10443549	荒毒之苏锦衣	衣服
10443550	荒毒之苏锦衣	衣服
10443551	荒毒之青峨衣	衣服
10443552	荒毒之青峨衣	衣服
10443553	荒毒之青峨衣	衣服
10443554	荒毒之青峨衣	衣服
10443555	荒毒之青峨衣	衣服
10443556	荒毒之青峨衣	衣服
10443557	荒毒之青峨衣	衣服
10443558	荒毒之青峨衣	衣服
10443559	荒毒之青峨衣	衣服
10443560	荒毒之青峨衣	衣服
10443561	荒毒之四海锦服	衣服
10443562	荒毒之四海锦服	衣服
10443563	荒毒之四海锦服	衣服
10443564	荒毒之四海锦服	衣服
10443565	荒毒之四海锦服	衣服
10443566	荒毒之四海锦服	衣服
10443567	荒毒之四海锦服	衣服
10443568	荒毒之四海锦服	衣服
10443569	荒毒之四海锦服	衣服
10443570	荒毒之四海锦服	衣服
10443571	荒毒之如梦锦衣	衣服
10443572	荒毒之如梦锦衣	衣服
10443573	荒毒之如梦锦衣	衣服
10443574	荒毒之如梦锦衣	衣服
10443575	荒毒之如梦锦衣	衣服
10443576	荒毒之如梦锦衣	衣服
10443577	荒毒之如梦锦衣	衣服
10443578	荒毒之如梦锦衣	衣服
10443579	荒毒之如梦锦衣	衣服
10443580	荒毒之如梦锦衣	衣服
10443581	荒毒之圣目衣	衣服
10443582	荒毒之圣目衣	衣服
10443583	荒毒之圣目衣	衣服
10443584	荒毒之圣目衣	衣服
10443585	荒毒之圣目衣	衣服
10443586	荒毒之圣目衣	衣服
10443587	荒毒之圣目衣	衣服
10443588	荒毒之圣目衣	衣服
10443589	荒毒之圣目衣	衣服
10443590	荒毒之圣目衣	衣服
10443591	荒毒之灵动天衣	衣服
10443592	荒毒之灵动天衣	衣服
10443593	荒毒之灵动天衣	衣服
10443594	荒毒之灵动天衣	衣服
10443595	荒毒之灵动天衣	衣服
10443596	荒毒之灵动天衣	衣服
10443597	荒毒之灵动天衣	衣服
10443598	荒毒之灵动天衣	衣服
10443599	荒毒之灵动天衣	衣服
10443600	荒毒之灵动天衣	衣服
10443601	无相之蜥皮裘	衣服
10443602	无相之蜥皮裘	衣服
10443603	无相之蜥皮裘	衣服
10443604	无相之蜥皮裘	衣服
10443605	无相之蜥皮裘	衣服
10443606	无相之蜥皮裘	衣服
10443607	无相之蜥皮裘	衣服
10443608	无相之蜥皮裘	衣服
10443609	无相之蜥皮裘	衣服
10443610	无相之蜥皮裘	衣服
10443611	无相之银皮裘	衣服
10443612	无相之银皮裘	衣服
10443613	无相之银皮裘	衣服
10443614	无相之银皮裘	衣服
10443615	无相之银皮裘	衣服
10443616	无相之银皮裘	衣服
10443617	无相之银皮裘	衣服
10443618	无相之银皮裘	衣服
10443619	无相之银皮裘	衣服
10443620	无相之银皮裘	衣服
10443621	无相之皮麟裘	衣服
10443622	无相之皮麟裘	衣服
10443623	无相之皮麟裘	衣服
10443624	无相之皮麟裘	衣服
10443625	无相之皮麟裘	衣服
10443626	无相之皮麟裘	衣服
10443627	无相之皮麟裘	衣服
10443628	无相之皮麟裘	衣服
10443629	无相之皮麟裘	衣服
10443630	无相之皮麟裘	衣服
10443631	无相之瑶仙裘	衣服
10443632	无相之瑶仙裘	衣服
10443633	无相之瑶仙裘	衣服
10443634	无相之瑶仙裘	衣服
10443635	无相之瑶仙裘	衣服
10443636	无相之瑶仙裘	衣服
10443637	无相之瑶仙裘	衣服
10443638	无相之瑶仙裘	衣服
10443639	无相之瑶仙裘	衣服
10443640	无相之瑶仙裘	衣服
10443641	无相之韶华裘	衣服
10443642	无相之韶华裘	衣服
10443643	无相之韶华裘	衣服
10443644	无相之韶华裘	衣服
10443645	无相之韶华裘	衣服
10443646	无相之韶华裘	衣服
10443647	无相之韶华裘	衣服
10443648	无相之韶华裘	衣服
10443649	无相之韶华裘	衣服
10443650	无相之韶华裘	衣服
10443651	无相之银霄裘	衣服
10443652	无相之银霄裘	衣服
10443653	无相之银霄裘	衣服
10443654	无相之银霄裘	衣服
10443655	无相之银霄裘	衣服
10443656	无相之银霄裘	衣服
10443657	无相之银霄裘	衣服
10443658	无相之银霄裘	衣服
10443659	无相之银霄裘	衣服
10443660	无相之银霄裘	衣服
10443661	无相之鬼雾裘	衣服
10443662	无相之鬼雾裘	衣服
10443663	无相之鬼雾裘	衣服
10443664	无相之鬼雾裘	衣服
10443665	无相之鬼雾裘	衣服
10443666	无相之鬼雾裘	衣服
10443667	无相之鬼雾裘	衣服
10443668	无相之鬼雾裘	衣服
10443669	无相之鬼雾裘	衣服
10443670	无相之鬼雾裘	衣服
10443671	无相之炼鸾仙裘	衣服
10443672	无相之炼鸾仙裘	衣服
10443673	无相之炼鸾仙裘	衣服
10443674	无相之炼鸾仙裘	衣服
10443675	无相之炼鸾仙裘	衣服
10443676	无相之炼鸾仙裘	衣服
10443677	无相之炼鸾仙裘	衣服
10443678	无相之炼鸾仙裘	衣服
10443679	无相之炼鸾仙裘	衣服
10443680	无相之炼鸾仙裘	衣服
10443681	无相之魅蛟圣裘	衣服
10443682	无相之魅蛟圣裘	衣服
10443683	无相之魅蛟圣裘	衣服
10443684	无相之魅蛟圣裘	衣服
10443685	无相之魅蛟圣裘	衣服
10443686	无相之魅蛟圣裘	衣服
10443687	无相之魅蛟圣裘	衣服
10443688	无相之魅蛟圣裘	衣服
10443689	无相之魅蛟圣裘	衣服
10443690	无相之魅蛟圣裘	衣服
10443691	无相之狻猊天裘	衣服
10443692	无相之狻猊天裘	衣服
10443693	无相之狻猊天裘	衣服
10443694	无相之狻猊天裘	衣服
10443695	无相之狻猊天裘	衣服
10443696	无相之狻猊天裘	衣服
10443697	无相之狻猊天裘	衣服
10443698	无相之狻猊天裘	衣服
10443699	无相之狻猊天裘	衣服
10443700	无相之狻猊天裘	衣服
10443701	北冥之蜥皮裘	衣服
10443702	北冥之蜥皮裘	衣服
10443703	北冥之蜥皮裘	衣服
10443704	北冥之蜥皮裘	衣服
10443705	北冥之蜥皮裘	衣服
10443706	北冥之蜥皮裘	衣服
10443707	北冥之蜥皮裘	衣服
10443708	北冥之蜥皮裘	衣服
10443709	北冥之蜥皮裘	衣服
10443710	北冥之蜥皮裘	衣服
10443711	北冥之银皮裘	衣服
10443712	北冥之银皮裘	衣服
10443713	北冥之银皮裘	衣服
10443714	北冥之银皮裘	衣服
10443715	北冥之银皮裘	衣服
10443716	北冥之银皮裘	衣服
10443717	北冥之银皮裘	衣服
10443718	北冥之银皮裘	衣服
10443719	北冥之银皮裘	衣服
10443720	北冥之银皮裘	衣服
10443721	北冥之皮麟裘	衣服
10443722	北冥之皮麟裘	衣服
10443723	北冥之皮麟裘	衣服
10443724	北冥之皮麟裘	衣服
10443725	北冥之皮麟裘	衣服
10443726	北冥之皮麟裘	衣服
10443727	北冥之皮麟裘	衣服
10443728	北冥之皮麟裘	衣服
10443729	北冥之皮麟裘	衣服
10443730	北冥之皮麟裘	衣服
10443731	北冥之瑶仙裘	衣服
10443732	北冥之瑶仙裘	衣服
10443733	北冥之瑶仙裘	衣服
10443734	北冥之瑶仙裘	衣服
10443735	北冥之瑶仙裘	衣服
10443736	北冥之瑶仙裘	衣服
10443737	北冥之瑶仙裘	衣服
10443738	北冥之瑶仙裘	衣服
10443739	北冥之瑶仙裘	衣服
10443740	北冥之瑶仙裘	衣服
10443741	北冥之韶华裘	衣服
10443742	北冥之韶华裘	衣服
10443743	北冥之韶华裘	衣服
10443744	北冥之韶华裘	衣服
10443745	北冥之韶华裘	衣服
10443746	北冥之韶华裘	衣服
10443747	北冥之韶华裘	衣服
10443748	北冥之韶华裘	衣服
10443749	北冥之韶华裘	衣服
10443750	北冥之韶华裘	衣服
10443751	北冥之银霄裘	衣服
10443752	北冥之银霄裘	衣服
10443753	北冥之银霄裘	衣服
10443754	北冥之银霄裘	衣服
10443755	北冥之银霄裘	衣服
10443756	北冥之银霄裘	衣服
10443757	北冥之银霄裘	衣服
10443758	北冥之银霄裘	衣服
10443759	北冥之银霄裘	衣服
10443760	北冥之银霄裘	衣服
10443761	北冥之鬼雾裘	衣服
10443762	北冥之鬼雾裘	衣服
10443763	北冥之鬼雾裘	衣服
10443764	北冥之鬼雾裘	衣服
10443765	北冥之鬼雾裘	衣服
10443766	北冥之鬼雾裘	衣服
10443767	北冥之鬼雾裘	衣服
10443768	北冥之鬼雾裘	衣服
10443769	北冥之鬼雾裘	衣服
10443770	北冥之鬼雾裘	衣服
10443771	北冥之炼鸾仙裘	衣服
10443772	北冥之炼鸾仙裘	衣服
10443773	北冥之炼鸾仙裘	衣服
10443774	北冥之炼鸾仙裘	衣服
10443775	北冥之炼鸾仙裘	衣服
10443776	北冥之炼鸾仙裘	衣服
10443777	北冥之炼鸾仙裘	衣服
10443778	北冥之炼鸾仙裘	衣服
10443779	北冥之炼鸾仙裘	衣服
10443780	北冥之炼鸾仙裘	衣服
10443781	北冥之魅蛟圣裘	衣服
10443782	北冥之魅蛟圣裘	衣服
10443783	北冥之魅蛟圣裘	衣服
10443784	北冥之魅蛟圣裘	衣服
10443785	北冥之魅蛟圣裘	衣服
10443786	北冥之魅蛟圣裘	衣服
10443787	北冥之魅蛟圣裘	衣服
10443788	北冥之魅蛟圣裘	衣服
10443789	北冥之魅蛟圣裘	衣服
10443790	北冥之魅蛟圣裘	衣服
10443791	北冥之狻猊天裘	衣服
10443792	北冥之狻猊天裘	衣服
10443793	北冥之狻猊天裘	衣服
10443794	北冥之狻猊天裘	衣服
10443795	北冥之狻猊天裘	衣服
10443796	北冥之狻猊天裘	衣服
10443797	北冥之狻猊天裘	衣服
10443798	北冥之狻猊天裘	衣服
10443799	北冥之狻猊天裘	衣服
10443800	北冥之狻猊天裘	衣服
10443801	凝脉之蜥皮裘	衣服
10443802	凝脉之蜥皮裘	衣服
10443803	凝脉之蜥皮裘	衣服
10443804	凝脉之蜥皮裘	衣服
10443805	凝脉之蜥皮裘	衣服
10443806	凝脉之蜥皮裘	衣服
10443807	凝脉之蜥皮裘	衣服
10443808	凝脉之蜥皮裘	衣服
10443809	凝脉之蜥皮裘	衣服
10443810	凝脉之蜥皮裘	衣服
10443811	凝脉之银皮裘	衣服
10443812	凝脉之银皮裘	衣服
10443813	凝脉之银皮裘	衣服
10443814	凝脉之银皮裘	衣服
10443815	凝脉之银皮裘	衣服
10443816	凝脉之银皮裘	衣服
10443817	凝脉之银皮裘	衣服
10443818	凝脉之银皮裘	衣服
10443819	凝脉之银皮裘	衣服
10443820	凝脉之银皮裘	衣服
10443821	凝脉之皮麟裘	衣服
10443822	凝脉之皮麟裘	衣服
10443823	凝脉之皮麟裘	衣服
10443824	凝脉之皮麟裘	衣服
10443825	凝脉之皮麟裘	衣服
10443826	凝脉之皮麟裘	衣服
10443827	凝脉之皮麟裘	衣服
10443828	凝脉之皮麟裘	衣服
10443829	凝脉之皮麟裘	衣服
10443830	凝脉之皮麟裘	衣服
10443831	凝脉之瑶仙裘	衣服
10443832	凝脉之瑶仙裘	衣服
10443833	凝脉之瑶仙裘	衣服
10443834	凝脉之瑶仙裘	衣服
10443835	凝脉之瑶仙裘	衣服
10443836	凝脉之瑶仙裘	衣服
10443837	凝脉之瑶仙裘	衣服
10443838	凝脉之瑶仙裘	衣服
10443839	凝脉之瑶仙裘	衣服
10443840	凝脉之瑶仙裘	衣服
10443841	凝脉之韶华裘	衣服
10443842	凝脉之韶华裘	衣服
10443843	凝脉之韶华裘	衣服
10443844	凝脉之韶华裘	衣服
10443845	凝脉之韶华裘	衣服
10443846	凝脉之韶华裘	衣服
10443847	凝脉之韶华裘	衣服
10443848	凝脉之韶华裘	衣服
10443849	凝脉之韶华裘	衣服
10443850	凝脉之韶华裘	衣服
10443851	凝脉之银霄裘	衣服
10443852	凝脉之银霄裘	衣服
10443853	凝脉之银霄裘	衣服
10443854	凝脉之银霄裘	衣服
10443855	凝脉之银霄裘	衣服
10443856	凝脉之银霄裘	衣服
10443857	凝脉之银霄裘	衣服
10443858	凝脉之银霄裘	衣服
10443859	凝脉之银霄裘	衣服
10443860	凝脉之银霄裘	衣服
10443861	凝脉之鬼雾裘	衣服
10443862	凝脉之鬼雾裘	衣服
10443863	凝脉之鬼雾裘	衣服
10443864	凝脉之鬼雾裘	衣服
10443865	凝脉之鬼雾裘	衣服
10443866	凝脉之鬼雾裘	衣服
10443867	凝脉之鬼雾裘	衣服
10443868	凝脉之鬼雾裘	衣服
10443869	凝脉之鬼雾裘	衣服
10443870	凝脉之鬼雾裘	衣服
10443871	凝脉之炼鸾仙裘	衣服
10443872	凝脉之炼鸾仙裘	衣服
10443873	凝脉之炼鸾仙裘	衣服
10443874	凝脉之炼鸾仙裘	衣服
10443875	凝脉之炼鸾仙裘	衣服
10443876	凝脉之炼鸾仙裘	衣服
10443877	凝脉之炼鸾仙裘	衣服
10443878	凝脉之炼鸾仙裘	衣服
10443879	凝脉之炼鸾仙裘	衣服
10443880	凝脉之炼鸾仙裘	衣服
10443881	凝脉之魅蛟圣裘	衣服
10443882	凝脉之魅蛟圣裘	衣服
10443883	凝脉之魅蛟圣裘	衣服
10443884	凝脉之魅蛟圣裘	衣服
10443885	凝脉之魅蛟圣裘	衣服
10443886	凝脉之魅蛟圣裘	衣服
10443887	凝脉之魅蛟圣裘	衣服
10443888	凝脉之魅蛟圣裘	衣服
10443889	凝脉之魅蛟圣裘	衣服
10443890	凝脉之魅蛟圣裘	衣服
10443891	凝脉之狻猊天裘	衣服
10443892	凝脉之狻猊天裘	衣服
10443893	凝脉之狻猊天裘	衣服
10443894	凝脉之狻猊天裘	衣服
10443895	凝脉之狻猊天裘	衣服
10443896	凝脉之狻猊天裘	衣服
10443897	凝脉之狻猊天裘	衣服
10443898	凝脉之狻猊天裘	衣服
10443899	凝脉之狻猊天裘	衣服
10443900	凝脉之狻猊天裘	衣服
10443901	变形测试衣	衣服
10443902	未使用	衣服
10443903	未使用	衣服
10443904	未使用	衣服
10443905	未使用	衣服
10443906	未使用	衣服
10443907	未使用	衣服
10443908	未使用	衣服
10443909	未使用	衣服
10443910	未使用	衣服
10443911	未使用	衣服
10443912	未使用	衣服
10443913	未使用	衣服
10443914	未使用	衣服
10443915	未使用	衣服
10443916	未使用	衣服
10443917	未使用	衣服
10443918	未使用	衣服
10443919	未使用	衣服
10443920	未使用	衣服
10443921	未使用	衣服
10443922	未使用	衣服
10443923	未使用	衣服
10443924	未使用	衣服
10443925	未使用	衣服
10443926	未使用	衣服
10443927	未使用	衣服
10443928	未使用	衣服
10443929	未使用	衣服
10443930	未使用	衣服
10443931	未使用	衣服
10443932	未使用	衣服
10443933	未使用	衣服
10443934	未使用	衣服
10443935	未使用	衣服
10443936	未使用	衣服
10443937	未使用	衣服
10443938	未使用	衣服
10443939	未使用	衣服
10443940	未使用	衣服
10443941	未使用	衣服
10443942	未使用	衣服
10443943	未使用	衣服
10443944	未使用	衣服
10443945	未使用	衣服
10443946	未使用	衣服
10443947	未使用	衣服
10443948	未使用	衣服
10443949	未使用	衣服
10443950	未使用	衣服
10443951	未使用	衣服
10443952	未使用	衣服
10443953	未使用	衣服
10443954	未使用	衣服
10443955	未使用	衣服
10443956	未使用	衣服
10443957	未使用	衣服
10443958	未使用	衣服
10443959	未使用	衣服
10443960	未使用	衣服
10443961	未使用	衣服
10443962	未使用	衣服
10443963	未使用	衣服
10443964	未使用	衣服
10443965	未使用	衣服
10443966	未使用	衣服
10443967	未使用	衣服
10443968	未使用	衣服
10443969	未使用	衣服
10443970	未使用	衣服
10443971	未使用	衣服
10443972	未使用	衣服
10443973	未使用	衣服
10443974	未使用	衣服
10443975	未使用	衣服
10443976	未使用	衣服
10443977	未使用	衣服
10443978	未使用	衣服
10443979	未使用	衣服
10443980	未使用	衣服
10443981	未使用	衣服
10443982	未使用	衣服
10443983	未使用	衣服
10443984	未使用	衣服
10443985	未使用	衣服
10443986	未使用	衣服
10443987	未使用	衣服
10443988	未使用	衣服
10443989	未使用	衣服
10443990	未使用	衣服
10443991	未使用	衣服
10443992	未使用	衣服
10443993	未使用	衣服
10443994	未使用	衣服
10443995	未使用	衣服
10443996	未使用	衣服
10443997	未使用	衣服
10443998	未使用	衣服
10443999	未使用	衣服
10444001	达摩之银锁腕	护腕
10444002	达摩之银锁腕	护腕
10444003	达摩之银锁腕	护腕
10444004	达摩之银锁腕	护腕
10444005	达摩之银锁腕	护腕
10444006	达摩之银锁腕	护腕
10444007	达摩之银锁腕	护腕
10444008	达摩之银锁腕	护腕
10444009	达摩之银锁腕	护腕
10444010	达摩之银锁腕	护腕
10444011	达摩之月铁腕	护腕
10444012	达摩之月铁腕	护腕
10444013	达摩之月铁腕	护腕
10444014	达摩之月铁腕	护腕
10444015	达摩之月铁腕	护腕
10444016	达摩之月铁腕	护腕
10444017	达摩之月铁腕	护腕
10444018	达摩之月铁腕	护腕
10444019	达摩之月铁腕	护腕
10444020	达摩之月铁腕	护腕
10444021	达摩之玄铁腕	护腕
10444022	达摩之玄铁腕	护腕
10444023	达摩之玄铁腕	护腕
10444024	达摩之玄铁腕	护腕
10444025	达摩之玄铁腕	护腕
10444026	达摩之玄铁腕	护腕
10444027	达摩之玄铁腕	护腕
10444028	达摩之玄铁腕	护腕
10444029	达摩之玄铁腕	护腕
10444030	达摩之玄铁腕	护腕
10444031	达摩之封霄腕	护腕
10444032	达摩之封霄腕	护腕
10444033	达摩之封霄腕	护腕
10444034	达摩之封霄腕	护腕
10444035	达摩之封霄腕	护腕
10444036	达摩之封霄腕	护腕
10444037	达摩之封霄腕	护腕
10444038	达摩之封霄腕	护腕
10444039	达摩之封霄腕	护腕
10444040	达摩之封霄腕	护腕
10444041	达摩之灭寒铁腕	护腕
10444042	达摩之灭寒铁腕	护腕
10444043	达摩之灭寒铁腕	护腕
10444044	达摩之灭寒铁腕	护腕
10444045	达摩之灭寒铁腕	护腕
10444046	达摩之灭寒铁腕	护腕
10444047	达摩之灭寒铁腕	护腕
10444048	达摩之灭寒铁腕	护腕
10444049	达摩之灭寒铁腕	护腕
10444050	达摩之灭寒铁腕	护腕
10444051	达摩之逆火腕	护腕
10444052	达摩之逆火腕	护腕
10444053	达摩之逆火腕	护腕
10444054	达摩之逆火腕	护腕
10444055	达摩之逆火腕	护腕
10444056	达摩之逆火腕	护腕
10444057	达摩之逆火腕	护腕
10444058	达摩之逆火腕	护腕
10444059	达摩之逆火腕	护腕
10444060	达摩之逆火腕	护腕
10444061	达摩之誓尘腕	护腕
10444062	达摩之誓尘腕	护腕
10444063	达摩之誓尘腕	护腕
10444064	达摩之誓尘腕	护腕
10444065	达摩之誓尘腕	护腕
10444066	达摩之誓尘腕	护腕
10444067	达摩之誓尘腕	护腕
10444068	达摩之誓尘腕	护腕
10444069	达摩之誓尘腕	护腕
10444070	达摩之誓尘腕	护腕
10444071	达摩之灭魄腕	护腕
10444072	达摩之灭魄腕	护腕
10444073	达摩之灭魄腕	护腕
10444074	达摩之灭魄腕	护腕
10444075	达摩之灭魄腕	护腕
10444076	达摩之灭魄腕	护腕
10444077	达摩之灭魄腕	护腕
10444078	达摩之灭魄腕	护腕
10444079	达摩之灭魄腕	护腕
10444080	达摩之灭魄腕	护腕
10444081	达摩之碎魂圣腕	护腕
10444082	达摩之碎魂圣腕	护腕
10444083	达摩之碎魂圣腕	护腕
10444084	达摩之碎魂圣腕	护腕
10444085	达摩之碎魂圣腕	护腕
10444086	达摩之碎魂圣腕	护腕
10444087	达摩之碎魂圣腕	护腕
10444088	达摩之碎魂圣腕	护腕
10444089	达摩之碎魂圣腕	护腕
10444090	达摩之碎魂圣腕	护腕
10444091	达摩之蛰龙圣腕	护腕
10444092	达摩之蛰龙圣腕	护腕
10444093	达摩之蛰龙圣腕	护腕
10444094	达摩之蛰龙圣腕	护腕
10444095	达摩之蛰龙圣腕	护腕
10444096	达摩之蛰龙圣腕	护腕
10444097	达摩之蛰龙圣腕	护腕
10444098	达摩之蛰龙圣腕	护腕
10444099	达摩之蛰龙圣腕	护腕
10444100	达摩之蛰龙圣腕	护腕
10444101	圣火之银锁腕	护腕
10444102	圣火之银锁腕	护腕
10444103	圣火之银锁腕	护腕
10444104	圣火之银锁腕	护腕
10444105	圣火之银锁腕	护腕
10444106	圣火之银锁腕	护腕
10444107	圣火之银锁腕	护腕
10444108	圣火之银锁腕	护腕
10444109	圣火之银锁腕	护腕
10444110	圣火之银锁腕	护腕
10444111	圣火之月铁腕	护腕
10444112	圣火之月铁腕	护腕
10444113	圣火之月铁腕	护腕
10444114	圣火之月铁腕	护腕
10444115	圣火之月铁腕	护腕
10444116	圣火之月铁腕	护腕
10444117	圣火之月铁腕	护腕
10444118	圣火之月铁腕	护腕
10444119	圣火之月铁腕	护腕
10444120	圣火之月铁腕	护腕
10444121	圣火之玄铁腕	护腕
10444122	圣火之玄铁腕	护腕
10444123	圣火之玄铁腕	护腕
10444124	圣火之玄铁腕	护腕
10444125	圣火之玄铁腕	护腕
10444126	圣火之玄铁腕	护腕
10444127	圣火之玄铁腕	护腕
10444128	圣火之玄铁腕	护腕
10444129	圣火之玄铁腕	护腕
10444130	圣火之玄铁腕	护腕
10444131	圣火之封霄腕	护腕
10444132	圣火之封霄腕	护腕
10444133	圣火之封霄腕	护腕
10444134	圣火之封霄腕	护腕
10444135	圣火之封霄腕	护腕
10444136	圣火之封霄腕	护腕
10444137	圣火之封霄腕	护腕
10444138	圣火之封霄腕	护腕
10444139	圣火之封霄腕	护腕
10444140	圣火之封霄腕	护腕
10444141	圣火之灭寒铁腕	护腕
10444142	圣火之灭寒铁腕	护腕
10444143	圣火之灭寒铁腕	护腕
10444144	圣火之灭寒铁腕	护腕
10444145	圣火之灭寒铁腕	护腕
10444146	圣火之灭寒铁腕	护腕
10444147	圣火之灭寒铁腕	护腕
10444148	圣火之灭寒铁腕	护腕
10444149	圣火之灭寒铁腕	护腕
10444150	圣火之灭寒铁腕	护腕
10444151	圣火之逆火腕	护腕
10444152	圣火之逆火腕	护腕
10444153	圣火之逆火腕	护腕
10444154	圣火之逆火腕	护腕
10444155	圣火之逆火腕	护腕
10444156	圣火之逆火腕	护腕
10444157	圣火之逆火腕	护腕
10444158	圣火之逆火腕	护腕
10444159	圣火之逆火腕	护腕
10444160	圣火之逆火腕	护腕
10444161	圣火之誓尘腕	护腕
10444162	圣火之誓尘腕	护腕
10444163	圣火之誓尘腕	护腕
10444164	圣火之誓尘腕	护腕
10444165	圣火之誓尘腕	护腕
10444166	圣火之誓尘腕	护腕
10444167	圣火之誓尘腕	护腕
10444168	圣火之誓尘腕	护腕
10444169	圣火之誓尘腕	护腕
10444170	圣火之誓尘腕	护腕
10444171	圣火之灭魄腕	护腕
10444172	圣火之灭魄腕	护腕
10444173	圣火之灭魄腕	护腕
10444174	圣火之灭魄腕	护腕
10444175	圣火之灭魄腕	护腕
10444176	圣火之灭魄腕	护腕
10444177	圣火之灭魄腕	护腕
10444178	圣火之灭魄腕	护腕
10444179	圣火之灭魄腕	护腕
10444180	圣火之灭魄腕	护腕
10444181	圣火之碎魂圣腕	护腕
10444182	圣火之碎魂圣腕	护腕
10444183	圣火之碎魂圣腕	护腕
10444184	圣火之碎魂圣腕	护腕
10444185	圣火之碎魂圣腕	护腕
10444186	圣火之碎魂圣腕	护腕
10444187	圣火之碎魂圣腕	护腕
10444188	圣火之碎魂圣腕	护腕
10444189	圣火之碎魂圣腕	护腕
10444190	圣火之碎魂圣腕	护腕
10444191	圣火之蛰龙圣腕	护腕
10444192	圣火之蛰龙圣腕	护腕
10444193	圣火之蛰龙圣腕	护腕
10444194	圣火之蛰龙圣腕	护腕
10444195	圣火之蛰龙圣腕	护腕
10444196	圣火之蛰龙圣腕	护腕
10444197	圣火之蛰龙圣腕	护腕
10444198	圣火之蛰龙圣腕	护腕
10444199	圣火之蛰龙圣腕	护腕
10444200	圣火之蛰龙圣腕	护腕
10444201	降龙之银锁腕	护腕
10444202	降龙之银锁腕	护腕
10444203	降龙之银锁腕	护腕
10444204	降龙之银锁腕	护腕
10444205	降龙之银锁腕	护腕
10444206	降龙之银锁腕	护腕
10444207	降龙之银锁腕	护腕
10444208	降龙之银锁腕	护腕
10444209	降龙之银锁腕	护腕
10444210	降龙之银锁腕	护腕
10444211	降龙之月铁腕	护腕
10444212	降龙之月铁腕	护腕
10444213	降龙之月铁腕	护腕
10444214	降龙之月铁腕	护腕
10444215	降龙之月铁腕	护腕
10444216	降龙之月铁腕	护腕
10444217	降龙之月铁腕	护腕
10444218	降龙之月铁腕	护腕
10444219	降龙之月铁腕	护腕
10444220	降龙之月铁腕	护腕
10444221	降龙之玄铁腕	护腕
10444222	降龙之玄铁腕	护腕
10444223	降龙之玄铁腕	护腕
10444224	降龙之玄铁腕	护腕
10444225	降龙之玄铁腕	护腕
10444226	降龙之玄铁腕	护腕
10444227	降龙之玄铁腕	护腕
10444228	降龙之玄铁腕	护腕
10444229	降龙之玄铁腕	护腕
10444230	降龙之玄铁腕	护腕
10444231	降龙之封霄腕	护腕
10444232	降龙之封霄腕	护腕
10444233	降龙之封霄腕	护腕
10444234	降龙之封霄腕	护腕
10444235	降龙之封霄腕	护腕
10444236	降龙之封霄腕	护腕
10444237	降龙之封霄腕	护腕
10444238	降龙之封霄腕	护腕
10444239	降龙之封霄腕	护腕
10444240	降龙之封霄腕	护腕
10444241	降龙之灭寒铁腕	护腕
10444242	降龙之灭寒铁腕	护腕
10444243	降龙之灭寒铁腕	护腕
10444244	降龙之灭寒铁腕	护腕
10444245	降龙之灭寒铁腕	护腕
10444246	降龙之灭寒铁腕	护腕
10444247	降龙之灭寒铁腕	护腕
10444248	降龙之灭寒铁腕	护腕
10444249	降龙之灭寒铁腕	护腕
10444250	降龙之灭寒铁腕	护腕
10444251	降龙之逆火腕	护腕
10444252	降龙之逆火腕	护腕
10444253	降龙之逆火腕	护腕
10444254	降龙之逆火腕	护腕
10444255	降龙之逆火腕	护腕
10444256	降龙之逆火腕	护腕
10444257	降龙之逆火腕	护腕
10444258	降龙之逆火腕	护腕
10444259	降龙之逆火腕	护腕
10444260	降龙之逆火腕	护腕
10444261	降龙之誓尘腕	护腕
10444262	降龙之誓尘腕	护腕
10444263	降龙之誓尘腕	护腕
10444264	降龙之誓尘腕	护腕
10444265	降龙之誓尘腕	护腕
10444266	降龙之誓尘腕	护腕
10444267	降龙之誓尘腕	护腕
10444268	降龙之誓尘腕	护腕
10444269	降龙之誓尘腕	护腕
10444270	降龙之誓尘腕	护腕
10444271	降龙之灭魄腕	护腕
10444272	降龙之灭魄腕	护腕
10444273	降龙之灭魄腕	护腕
10444274	降龙之灭魄腕	护腕
10444275	降龙之灭魄腕	护腕
10444276	降龙之灭魄腕	护腕
10444277	降龙之灭魄腕	护腕
10444278	降龙之灭魄腕	护腕
10444279	降龙之灭魄腕	护腕
10444280	降龙之灭魄腕	护腕
10444281	降龙之碎魂圣腕	护腕
10444282	降龙之碎魂圣腕	护腕
10444283	降龙之碎魂圣腕	护腕
10444284	降龙之碎魂圣腕	护腕
10444285	降龙之碎魂圣腕	护腕
10444286	降龙之碎魂圣腕	护腕
10444287	降龙之碎魂圣腕	护腕
10444288	降龙之碎魂圣腕	护腕
10444289	降龙之碎魂圣腕	护腕
10444290	降龙之碎魂圣腕	护腕
10444291	降龙之蛰龙圣腕	护腕
10444292	降龙之蛰龙圣腕	护腕
10444293	降龙之蛰龙圣腕	护腕
10444294	降龙之蛰龙圣腕	护腕
10444295	降龙之蛰龙圣腕	护腕
10444296	降龙之蛰龙圣腕	护腕
10444297	降龙之蛰龙圣腕	护腕
10444298	降龙之蛰龙圣腕	护腕
10444299	降龙之蛰龙圣腕	护腕
10444300	降龙之蛰龙圣腕	护腕
10444301	玉女之棉布腕	护腕
10444302	玉女之棉布腕	护腕
10444303	玉女之棉布腕	护腕
10444304	玉女之棉布腕	护腕
10444305	玉女之棉布腕	护腕
10444306	玉女之棉布腕	护腕
10444307	玉女之棉布腕	护腕
10444308	玉女之棉布腕	护腕
10444309	玉女之棉布腕	护腕
10444310	玉女之棉布腕	护腕
10444311	玉女之棉丝护腕	护腕
10444312	玉女之棉丝护腕	护腕
10444313	玉女之棉丝护腕	护腕
10444314	玉女之棉丝护腕	护腕
10444315	玉女之棉丝护腕	护腕
10444316	玉女之棉丝护腕	护腕
10444317	玉女之棉丝护腕	护腕
10444318	玉女之棉丝护腕	护腕
10444319	玉女之棉丝护腕	护腕
10444320	玉女之棉丝护腕	护腕
10444321	玉女之蒲布腕	护腕
10444322	玉女之蒲布腕	护腕
10444323	玉女之蒲布腕	护腕
10444324	玉女之蒲布腕	护腕
10444325	玉女之蒲布腕	护腕
10444326	玉女之蒲布腕	护腕
10444327	玉女之蒲布腕	护腕
10444328	玉女之蒲布腕	护腕
10444329	玉女之蒲布腕	护腕
10444330	玉女之蒲布腕	护腕
10444331	玉女之真丝护腕	护腕
10444332	玉女之真丝护腕	护腕
10444333	玉女之真丝护腕	护腕
10444334	玉女之真丝护腕	护腕
10444335	玉女之真丝护腕	护腕
10444336	玉女之真丝护腕	护腕
10444337	玉女之真丝护腕	护腕
10444338	玉女之真丝护腕	护腕
10444339	玉女之真丝护腕	护腕
10444340	玉女之真丝护腕	护腕
10444341	玉女之苏锦腕	护腕
10444342	玉女之苏锦腕	护腕
10444343	玉女之苏锦腕	护腕
10444344	玉女之苏锦腕	护腕
10444345	玉女之苏锦腕	护腕
10444346	玉女之苏锦腕	护腕
10444347	玉女之苏锦腕	护腕
10444348	玉女之苏锦腕	护腕
10444349	玉女之苏锦腕	护腕
10444350	玉女之苏锦腕	护腕
10444351	玉女之青峨腕	护腕
10444352	玉女之青峨腕	护腕
10444353	玉女之青峨腕	护腕
10444354	玉女之青峨腕	护腕
10444355	玉女之青峨腕	护腕
10444356	玉女之青峨腕	护腕
10444357	玉女之青峨腕	护腕
10444358	玉女之青峨腕	护腕
10444359	玉女之青峨腕	护腕
10444360	玉女之青峨腕	护腕
10444361	玉女之四海腕	护腕
10444362	玉女之四海腕	护腕
10444363	玉女之四海腕	护腕
10444364	玉女之四海腕	护腕
10444365	玉女之四海腕	护腕
10444366	玉女之四海腕	护腕
10444367	玉女之四海腕	护腕
10444368	玉女之四海腕	护腕
10444369	玉女之四海腕	护腕
10444370	玉女之四海腕	护腕
10444371	玉女之如梦腕	护腕
10444372	玉女之如梦腕	护腕
10444373	玉女之如梦腕	护腕
10444374	玉女之如梦腕	护腕
10444375	玉女之如梦腕	护腕
10444376	玉女之如梦腕	护腕
10444377	玉女之如梦腕	护腕
10444378	玉女之如梦腕	护腕
10444379	玉女之如梦腕	护腕
10444380	玉女之如梦腕	护腕
10444381	玉女之圣目腕	护腕
10444382	玉女之圣目腕	护腕
10444383	玉女之圣目腕	护腕
10444384	玉女之圣目腕	护腕
10444385	玉女之圣目腕	护腕
10444386	玉女之圣目腕	护腕
10444387	玉女之圣目腕	护腕
10444388	玉女之圣目腕	护腕
10444389	玉女之圣目腕	护腕
10444390	玉女之圣目腕	护腕
10444391	玉女之灵动圣腕	护腕
10444392	玉女之灵动圣腕	护腕
10444393	玉女之灵动圣腕	护腕
10444394	玉女之灵动圣腕	护腕
10444395	玉女之灵动圣腕	护腕
10444396	玉女之灵动圣腕	护腕
10444397	玉女之灵动圣腕	护腕
10444398	玉女之灵动圣腕	护腕
10444399	玉女之灵动圣腕	护腕
10444400	玉女之灵动圣腕	护腕
10444401	无极之棉布腕	护腕
10444402	无极之棉布腕	护腕
10444403	无极之棉布腕	护腕
10444404	无极之棉布腕	护腕
10444405	无极之棉布腕	护腕
10444406	无极之棉布腕	护腕
10444407	无极之棉布腕	护腕
10444408	无极之棉布腕	护腕
10444409	无极之棉布腕	护腕
10444410	无极之棉布腕	护腕
10444411	无极之棉丝护腕	护腕
10444412	无极之棉丝护腕	护腕
10444413	无极之棉丝护腕	护腕
10444414	无极之棉丝护腕	护腕
10444415	无极之棉丝护腕	护腕
10444416	无极之棉丝护腕	护腕
10444417	无极之棉丝护腕	护腕
10444418	无极之棉丝护腕	护腕
10444419	无极之棉丝护腕	护腕
10444420	无极之棉丝护腕	护腕
10444421	无极之蒲布腕	护腕
10444422	无极之蒲布腕	护腕
10444423	无极之蒲布腕	护腕
10444424	无极之蒲布腕	护腕
10444425	无极之蒲布腕	护腕
10444426	无极之蒲布腕	护腕
10444427	无极之蒲布腕	护腕
10444428	无极之蒲布腕	护腕
10444429	无极之蒲布腕	护腕
10444430	无极之蒲布腕	护腕
10444431	无极之真丝护腕	护腕
10444432	无极之真丝护腕	护腕
10444433	无极之真丝护腕	护腕
10444434	无极之真丝护腕	护腕
10444435	无极之真丝护腕	护腕
10444436	无极之真丝护腕	护腕
10444437	无极之真丝护腕	护腕
10444438	无极之真丝护腕	护腕
10444439	无极之真丝护腕	护腕
10444440	无极之真丝护腕	护腕
10444441	无极之苏锦腕	护腕
10444442	无极之苏锦腕	护腕
10444443	无极之苏锦腕	护腕
10444444	无极之苏锦腕	护腕
10444445	无极之苏锦腕	护腕
10444446	无极之苏锦腕	护腕
10444447	无极之苏锦腕	护腕
10444448	无极之苏锦腕	护腕
10444449	无极之苏锦腕	护腕
10444450	无极之苏锦腕	护腕
10444451	无极之青峨腕	护腕
10444452	无极之青峨腕	护腕
10444453	无极之青峨腕	护腕
10444454	无极之青峨腕	护腕
10444455	无极之青峨腕	护腕
10444456	无极之青峨腕	护腕
10444457	无极之青峨腕	护腕
10444458	无极之青峨腕	护腕
10444459	无极之青峨腕	护腕
10444460	无极之青峨腕	护腕
10444461	无极之四海腕	护腕
10444462	无极之四海腕	护腕
10444463	无极之四海腕	护腕
10444464	无极之四海腕	护腕
10444465	无极之四海腕	护腕
10444466	无极之四海腕	护腕
10444467	无极之四海腕	护腕
10444468	无极之四海腕	护腕
10444469	无极之四海腕	护腕
10444470	无极之四海腕	护腕
10444471	无极之如梦腕	护腕
10444472	无极之如梦腕	护腕
10444473	无极之如梦腕	护腕
10444474	无极之如梦腕	护腕
10444475	无极之如梦腕	护腕
10444476	无极之如梦腕	护腕
10444477	无极之如梦腕	护腕
10444478	无极之如梦腕	护腕
10444479	无极之如梦腕	护腕
10444480	无极之如梦腕	护腕
10444481	无极之圣目腕	护腕
10444482	无极之圣目腕	护腕
10444483	无极之圣目腕	护腕
10444484	无极之圣目腕	护腕
10444485	无极之圣目腕	护腕
10444486	无极之圣目腕	护腕
10444487	无极之圣目腕	护腕
10444488	无极之圣目腕	护腕
10444489	无极之圣目腕	护腕
10444490	无极之圣目腕	护腕
10444491	无极之灵动圣腕	护腕
10444492	无极之灵动圣腕	护腕
10444493	无极之灵动圣腕	护腕
10444494	无极之灵动圣腕	护腕
10444495	无极之灵动圣腕	护腕
10444496	无极之灵动圣腕	护腕
10444497	无极之灵动圣腕	护腕
10444498	无极之灵动圣腕	护腕
10444499	无极之灵动圣腕	护腕
10444500	无极之灵动圣腕	护腕
10444501	荒毒之棉布腕	护腕
10444502	荒毒之棉布腕	护腕
10444503	荒毒之棉布腕	护腕
10444504	荒毒之棉布腕	护腕
10444505	荒毒之棉布腕	护腕
10444506	荒毒之棉布腕	护腕
10444507	荒毒之棉布腕	护腕
10444508	荒毒之棉布腕	护腕
10444509	荒毒之棉布腕	护腕
10444510	荒毒之棉布腕	护腕
10444511	荒毒之棉丝护腕	护腕
10444512	荒毒之棉丝护腕	护腕
10444513	荒毒之棉丝护腕	护腕
10444514	荒毒之棉丝护腕	护腕
10444515	荒毒之棉丝护腕	护腕
10444516	荒毒之棉丝护腕	护腕
10444517	荒毒之棉丝护腕	护腕
10444518	荒毒之棉丝护腕	护腕
10444519	荒毒之棉丝护腕	护腕
10444520	荒毒之棉丝护腕	护腕
10444521	荒毒之蒲布腕	护腕
10444522	荒毒之蒲布腕	护腕
10444523	荒毒之蒲布腕	护腕
10444524	荒毒之蒲布腕	护腕
10444525	荒毒之蒲布腕	护腕
10444526	荒毒之蒲布腕	护腕
10444527	荒毒之蒲布腕	护腕
10444528	荒毒之蒲布腕	护腕
10444529	荒毒之蒲布腕	护腕
10444530	荒毒之蒲布腕	护腕
10444531	荒毒之真丝护腕	护腕
10444532	荒毒之真丝护腕	护腕
10444533	荒毒之真丝护腕	护腕
10444534	荒毒之真丝护腕	护腕
10444535	荒毒之真丝护腕	护腕
10444536	荒毒之真丝护腕	护腕
10444537	荒毒之真丝护腕	护腕
10444538	荒毒之真丝护腕	护腕
10444539	荒毒之真丝护腕	护腕
10444540	荒毒之真丝护腕	护腕
10444541	荒毒之苏锦腕	护腕
10444542	荒毒之苏锦腕	护腕
10444543	荒毒之苏锦腕	护腕
10444544	荒毒之苏锦腕	护腕
10444545	荒毒之苏锦腕	护腕
10444546	荒毒之苏锦腕	护腕
10444547	荒毒之苏锦腕	护腕
10444548	荒毒之苏锦腕	护腕
10444549	荒毒之苏锦腕	护腕
10444550	荒毒之苏锦腕	护腕
10444551	荒毒之青峨腕	护腕
10444552	荒毒之青峨腕	护腕
10444553	荒毒之青峨腕	护腕
10444554	荒毒之青峨腕	护腕
10444555	荒毒之青峨腕	护腕
10444556	荒毒之青峨腕	护腕
10444557	荒毒之青峨腕	护腕
10444558	荒毒之青峨腕	护腕
10444559	荒毒之青峨腕	护腕
10444560	荒毒之青峨腕	护腕
10444561	荒毒之四海腕	护腕
10444562	荒毒之四海腕	护腕
10444563	荒毒之四海腕	护腕
10444564	荒毒之四海腕	护腕
10444565	荒毒之四海腕	护腕
10444566	荒毒之四海腕	护腕
10444567	荒毒之四海腕	护腕
10444568	荒毒之四海腕	护腕
10444569	荒毒之四海腕	护腕
10444570	荒毒之四海腕	护腕
10444571	荒毒之如梦腕	护腕
10444572	荒毒之如梦腕	护腕
10444573	荒毒之如梦腕	护腕
10444574	荒毒之如梦腕	护腕
10444575	荒毒之如梦腕	护腕
10444576	荒毒之如梦腕	护腕
10444577	荒毒之如梦腕	护腕
10444578	荒毒之如梦腕	护腕
10444579	荒毒之如梦腕	护腕
10444580	荒毒之如梦腕	护腕
10444581	荒毒之圣目腕	护腕
10444582	荒毒之圣目腕	护腕
10444583	荒毒之圣目腕	护腕
10444584	荒毒之圣目腕	护腕
10444585	荒毒之圣目腕	护腕
10444586	荒毒之圣目腕	护腕
10444587	荒毒之圣目腕	护腕
10444588	荒毒之圣目腕	护腕
10444589	荒毒之圣目腕	护腕
10444590	荒毒之圣目腕	护腕
10444591	荒毒之灵动圣腕	护腕
10444592	荒毒之灵动圣腕	护腕
10444593	荒毒之灵动圣腕	护腕
10444594	荒毒之灵动圣腕	护腕
10444595	荒毒之灵动圣腕	护腕
10444596	荒毒之灵动圣腕	护腕
10444597	荒毒之灵动圣腕	护腕
10444598	荒毒之灵动圣腕	护腕
10444599	荒毒之灵动圣腕	护腕
10444600	荒毒之灵动圣腕	护腕
10444601	无相之蜥皮腕	护腕
10444602	无相之蜥皮腕	护腕
10444603	无相之蜥皮腕	护腕
10444604	无相之蜥皮腕	护腕
10444605	无相之蜥皮腕	护腕
10444606	无相之蜥皮腕	护腕
10444607	无相之蜥皮腕	护腕
10444608	无相之蜥皮腕	护腕
10444609	无相之蜥皮腕	护腕
10444610	无相之蜥皮腕	护腕
10444611	无相之银皮腕	护腕
10444612	无相之银皮腕	护腕
10444613	无相之银皮腕	护腕
10444614	无相之银皮腕	护腕
10444615	无相之银皮腕	护腕
10444616	无相之银皮腕	护腕
10444617	无相之银皮腕	护腕
10444618	无相之银皮腕	护腕
10444619	无相之银皮腕	护腕
10444620	无相之银皮腕	护腕
10444621	无相之皮麟腕	护腕
10444622	无相之皮麟腕	护腕
10444623	无相之皮麟腕	护腕
10444624	无相之皮麟腕	护腕
10444625	无相之皮麟腕	护腕
10444626	无相之皮麟腕	护腕
10444627	无相之皮麟腕	护腕
10444628	无相之皮麟腕	护腕
10444629	无相之皮麟腕	护腕
10444630	无相之皮麟腕	护腕
10444631	无相之瑶仙腕	护腕
10444632	无相之瑶仙腕	护腕
10444633	无相之瑶仙腕	护腕
10444634	无相之瑶仙腕	护腕
10444635	无相之瑶仙腕	护腕
10444636	无相之瑶仙腕	护腕
10444637	无相之瑶仙腕	护腕
10444638	无相之瑶仙腕	护腕
10444639	无相之瑶仙腕	护腕
10444640	无相之瑶仙腕	护腕
10444641	无相之韶华腕	护腕
10444642	无相之韶华腕	护腕
10444643	无相之韶华腕	护腕
10444644	无相之韶华腕	护腕
10444645	无相之韶华腕	护腕
10444646	无相之韶华腕	护腕
10444647	无相之韶华腕	护腕
10444648	无相之韶华腕	护腕
10444649	无相之韶华腕	护腕
10444650	无相之韶华腕	护腕
10444651	无相之银霄腕	护腕
10444652	无相之银霄腕	护腕
10444653	无相之银霄腕	护腕
10444654	无相之银霄腕	护腕
10444655	无相之银霄腕	护腕
10444656	无相之银霄腕	护腕
10444657	无相之银霄腕	护腕
10444658	无相之银霄腕	护腕
10444659	无相之银霄腕	护腕
10444660	无相之银霄腕	护腕
10444661	无相之鬼雾腕	护腕
10444662	无相之鬼雾腕	护腕
10444663	无相之鬼雾腕	护腕
10444664	无相之鬼雾腕	护腕
10444665	无相之鬼雾腕	护腕
10444666	无相之鬼雾腕	护腕
10444667	无相之鬼雾腕	护腕
10444668	无相之鬼雾腕	护腕
10444669	无相之鬼雾腕	护腕
10444670	无相之鬼雾腕	护腕
10444671	无相之炼鸾仙腕	护腕
10444672	无相之炼鸾仙腕	护腕
10444673	无相之炼鸾仙腕	护腕
10444674	无相之炼鸾仙腕	护腕
10444675	无相之炼鸾仙腕	护腕
10444676	无相之炼鸾仙腕	护腕
10444677	无相之炼鸾仙腕	护腕
10444678	无相之炼鸾仙腕	护腕
10444679	无相之炼鸾仙腕	护腕
10444680	无相之炼鸾仙腕	护腕
10444681	无相之魅蛟圣腕	护腕
10444682	无相之魅蛟圣腕	护腕
10444683	无相之魅蛟圣腕	护腕
10444684	无相之魅蛟圣腕	护腕
10444685	无相之魅蛟圣腕	护腕
10444686	无相之魅蛟圣腕	护腕
10444687	无相之魅蛟圣腕	护腕
10444688	无相之魅蛟圣腕	护腕
10444689	无相之魅蛟圣腕	护腕
10444690	无相之魅蛟圣腕	护腕
10444691	无相之狻猊魔腕	护腕
10444692	无相之狻猊魔腕	护腕
10444693	无相之狻猊魔腕	护腕
10444694	无相之狻猊魔腕	护腕
10444695	无相之狻猊魔腕	护腕
10444696	无相之狻猊魔腕	护腕
10444697	无相之狻猊魔腕	护腕
10444698	无相之狻猊魔腕	护腕
10444699	无相之狻猊魔腕	护腕
10444700	无相之狻猊魔腕	护腕
10444701	北冥之蜥皮腕	护腕
10444702	北冥之蜥皮腕	护腕
10444703	北冥之蜥皮腕	护腕
10444704	北冥之蜥皮腕	护腕
10444705	北冥之蜥皮腕	护腕
10444706	北冥之蜥皮腕	护腕
10444707	北冥之蜥皮腕	护腕
10444708	北冥之蜥皮腕	护腕
10444709	北冥之蜥皮腕	护腕
10444710	北冥之蜥皮腕	护腕
10444711	北冥之银皮腕	护腕
10444712	北冥之银皮腕	护腕
10444713	北冥之银皮腕	护腕
10444714	北冥之银皮腕	护腕
10444715	北冥之银皮腕	护腕
10444716	北冥之银皮腕	护腕
10444717	北冥之银皮腕	护腕
10444718	北冥之银皮腕	护腕
10444719	北冥之银皮腕	护腕
10444720	北冥之银皮腕	护腕
10444721	北冥之皮麟腕	护腕
10444722	北冥之皮麟腕	护腕
10444723	北冥之皮麟腕	护腕
10444724	北冥之皮麟腕	护腕
10444725	北冥之皮麟腕	护腕
10444726	北冥之皮麟腕	护腕
10444727	北冥之皮麟腕	护腕
10444728	北冥之皮麟腕	护腕
10444729	北冥之皮麟腕	护腕
10444730	北冥之皮麟腕	护腕
10444731	北冥之瑶仙腕	护腕
10444732	北冥之瑶仙腕	护腕
10444733	北冥之瑶仙腕	护腕
10444734	北冥之瑶仙腕	护腕
10444735	北冥之瑶仙腕	护腕
10444736	北冥之瑶仙腕	护腕
10444737	北冥之瑶仙腕	护腕
10444738	北冥之瑶仙腕	护腕
10444739	北冥之瑶仙腕	护腕
10444740	北冥之瑶仙腕	护腕
10444741	北冥之韶华腕	护腕
10444742	北冥之韶华腕	护腕
10444743	北冥之韶华腕	护腕
10444744	北冥之韶华腕	护腕
10444745	北冥之韶华腕	护腕
10444746	北冥之韶华腕	护腕
10444747	北冥之韶华腕	护腕
10444748	北冥之韶华腕	护腕
10444749	北冥之韶华腕	护腕
10444750	北冥之韶华腕	护腕
10444751	北冥之银霄腕	护腕
10444752	北冥之银霄腕	护腕
10444753	北冥之银霄腕	护腕
10444754	北冥之银霄腕	护腕
10444755	北冥之银霄腕	护腕
10444756	北冥之银霄腕	护腕
10444757	北冥之银霄腕	护腕
10444758	北冥之银霄腕	护腕
10444759	北冥之银霄腕	护腕
10444760	北冥之银霄腕	护腕
10444761	北冥之鬼雾腕	护腕
10444762	北冥之鬼雾腕	护腕
10444763	北冥之鬼雾腕	护腕
10444764	北冥之鬼雾腕	护腕
10444765	北冥之鬼雾腕	护腕
10444766	北冥之鬼雾腕	护腕
10444767	北冥之鬼雾腕	护腕
10444768	北冥之鬼雾腕	护腕
10444769	北冥之鬼雾腕	护腕
10444770	北冥之鬼雾腕	护腕
10444771	北冥之炼鸾仙腕	护腕
10444772	北冥之炼鸾仙腕	护腕
10444773	北冥之炼鸾仙腕	护腕
10444774	北冥之炼鸾仙腕	护腕
10444775	北冥之炼鸾仙腕	护腕
10444776	北冥之炼鸾仙腕	护腕
10444777	北冥之炼鸾仙腕	护腕
10444778	北冥之炼鸾仙腕	护腕
10444779	北冥之炼鸾仙腕	护腕
10444780	北冥之炼鸾仙腕	护腕
10444781	北冥之魅蛟圣腕	护腕
10444782	北冥之魅蛟圣腕	护腕
10444783	北冥之魅蛟圣腕	护腕
10444784	北冥之魅蛟圣腕	护腕
10444785	北冥之魅蛟圣腕	护腕
10444786	北冥之魅蛟圣腕	护腕
10444787	北冥之魅蛟圣腕	护腕
10444788	北冥之魅蛟圣腕	护腕
10444789	北冥之魅蛟圣腕	护腕
10444790	北冥之魅蛟圣腕	护腕
10444791	北冥之狻猊魔腕	护腕
10444792	北冥之狻猊魔腕	护腕
10444793	北冥之狻猊魔腕	护腕
10444794	北冥之狻猊魔腕	护腕
10444795	北冥之狻猊魔腕	护腕
10444796	北冥之狻猊魔腕	护腕
10444797	北冥之狻猊魔腕	护腕
10444798	北冥之狻猊魔腕	护腕
10444799	北冥之狻猊魔腕	护腕
10444800	北冥之狻猊魔腕	护腕
10444801	凝脉之蜥皮腕	护腕
10444802	凝脉之蜥皮腕	护腕
10444803	凝脉之蜥皮腕	护腕
10444804	凝脉之蜥皮腕	护腕
10444805	凝脉之蜥皮腕	护腕
10444806	凝脉之蜥皮腕	护腕
10444807	凝脉之蜥皮腕	护腕
10444808	凝脉之蜥皮腕	护腕
10444809	凝脉之蜥皮腕	护腕
10444810	凝脉之蜥皮腕	护腕
10444811	凝脉之银皮腕	护腕
10444812	凝脉之银皮腕	护腕
10444813	凝脉之银皮腕	护腕
10444814	凝脉之银皮腕	护腕
10444815	凝脉之银皮腕	护腕
10444816	凝脉之银皮腕	护腕
10444817	凝脉之银皮腕	护腕
10444818	凝脉之银皮腕	护腕
10444819	凝脉之银皮腕	护腕
10444820	凝脉之银皮腕	护腕
10444821	凝脉之皮麟腕	护腕
10444822	凝脉之皮麟腕	护腕
10444823	凝脉之皮麟腕	护腕
10444824	凝脉之皮麟腕	护腕
10444825	凝脉之皮麟腕	护腕
10444826	凝脉之皮麟腕	护腕
10444827	凝脉之皮麟腕	护腕
10444828	凝脉之皮麟腕	护腕
10444829	凝脉之皮麟腕	护腕
10444830	凝脉之皮麟腕	护腕
10444831	凝脉之瑶仙腕	护腕
10444832	凝脉之瑶仙腕	护腕
10444833	凝脉之瑶仙腕	护腕
10444834	凝脉之瑶仙腕	护腕
10444835	凝脉之瑶仙腕	护腕
10444836	凝脉之瑶仙腕	护腕
10444837	凝脉之瑶仙腕	护腕
10444838	凝脉之瑶仙腕	护腕
10444839	凝脉之瑶仙腕	护腕
10444840	凝脉之瑶仙腕	护腕
10444841	凝脉之韶华腕	护腕
10444842	凝脉之韶华腕	护腕
10444843	凝脉之韶华腕	护腕
10444844	凝脉之韶华腕	护腕
10444845	凝脉之韶华腕	护腕
10444846	凝脉之韶华腕	护腕
10444847	凝脉之韶华腕	护腕
10444848	凝脉之韶华腕	护腕
10444849	凝脉之韶华腕	护腕
10444850	凝脉之韶华腕	护腕
10444851	凝脉之银霄腕	护腕
10444852	凝脉之银霄腕	护腕
10444853	凝脉之银霄腕	护腕
10444854	凝脉之银霄腕	护腕
10444855	凝脉之银霄腕	护腕
10444856	凝脉之银霄腕	护腕
10444857	凝脉之银霄腕	护腕
10444858	凝脉之银霄腕	护腕
10444859	凝脉之银霄腕	护腕
10444860	凝脉之银霄腕	护腕
10444861	凝脉之鬼雾腕	护腕
10444862	凝脉之鬼雾腕	护腕
10444863	凝脉之鬼雾腕	护腕
10444864	凝脉之鬼雾腕	护腕
10444865	凝脉之鬼雾腕	护腕
10444866	凝脉之鬼雾腕	护腕
10444867	凝脉之鬼雾腕	护腕
10444868	凝脉之鬼雾腕	护腕
10444869	凝脉之鬼雾腕	护腕
10444870	凝脉之鬼雾腕	护腕
10444871	凝脉之炼鸾仙腕	护腕
10444872	凝脉之炼鸾仙腕	护腕
10444873	凝脉之炼鸾仙腕	护腕
10444874	凝脉之炼鸾仙腕	护腕
10444875	凝脉之炼鸾仙腕	护腕
10444876	凝脉之炼鸾仙腕	护腕
10444877	凝脉之炼鸾仙腕	护腕
10444878	凝脉之炼鸾仙腕	护腕
10444879	凝脉之炼鸾仙腕	护腕
10444880	凝脉之炼鸾仙腕	护腕
10444881	凝脉之魅蛟圣腕	护腕
10444882	凝脉之魅蛟圣腕	护腕
10444883	凝脉之魅蛟圣腕	护腕
10444884	凝脉之魅蛟圣腕	护腕
10444885	凝脉之魅蛟圣腕	护腕
10444886	凝脉之魅蛟圣腕	护腕
10444887	凝脉之魅蛟圣腕	护腕
10444888	凝脉之魅蛟圣腕	护腕
10444889	凝脉之魅蛟圣腕	护腕
10444890	凝脉之魅蛟圣腕	护腕
10444891	凝脉之狻猊魔腕	护腕
10444892	凝脉之狻猊魔腕	护腕
10444893	凝脉之狻猊魔腕	护腕
10444894	凝脉之狻猊魔腕	护腕
10444895	凝脉之狻猊魔腕	护腕
10444896	凝脉之狻猊魔腕	护腕
10444897	凝脉之狻猊魔腕	护腕
10444898	凝脉之狻猊魔腕	护腕
10444899	凝脉之狻猊魔腕	护腕
10444900	凝脉之狻猊魔腕	护腕
10445001	达摩之银锁护肩	护肩
10445002	达摩之银锁护肩	护肩
10445003	达摩之银锁护肩	护肩
10445004	达摩之银锁护肩	护肩
10445005	达摩之银锁护肩	护肩
10445006	达摩之银锁护肩	护肩
10445007	达摩之银锁护肩	护肩
10445008	达摩之银锁护肩	护肩
10445009	达摩之银锁护肩	护肩
10445010	达摩之银锁护肩	护肩
10445011	达摩之月铁护肩	护肩
10445012	达摩之月铁护肩	护肩
10445013	达摩之月铁护肩	护肩
10445014	达摩之月铁护肩	护肩
10445015	达摩之月铁护肩	护肩
10445016	达摩之月铁护肩	护肩
10445017	达摩之月铁护肩	护肩
10445018	达摩之月铁护肩	护肩
10445019	达摩之月铁护肩	护肩
10445020	达摩之月铁护肩	护肩
10445021	达摩之玄铁护肩	护肩
10445022	达摩之玄铁护肩	护肩
10445023	达摩之玄铁护肩	护肩
10445024	达摩之玄铁护肩	护肩
10445025	达摩之玄铁护肩	护肩
10445026	达摩之玄铁护肩	护肩
10445027	达摩之玄铁护肩	护肩
10445028	达摩之玄铁护肩	护肩
10445029	达摩之玄铁护肩	护肩
10445030	达摩之玄铁护肩	护肩
10445031	达摩之封霄护肩	护肩
10445032	达摩之封霄护肩	护肩
10445033	达摩之封霄护肩	护肩
10445034	达摩之封霄护肩	护肩
10445035	达摩之封霄护肩	护肩
10445036	达摩之封霄护肩	护肩
10445037	达摩之封霄护肩	护肩
10445038	达摩之封霄护肩	护肩
10445039	达摩之封霄护肩	护肩
10445040	达摩之封霄护肩	护肩
10445041	达摩之灭寒护肩	护肩
10445042	达摩之灭寒护肩	护肩
10445043	达摩之灭寒护肩	护肩
10445044	达摩之灭寒护肩	护肩
10445045	达摩之灭寒护肩	护肩
10445046	达摩之灭寒护肩	护肩
10445047	达摩之灭寒护肩	护肩
10445048	达摩之灭寒护肩	护肩
10445049	达摩之灭寒护肩	护肩
10445050	达摩之灭寒护肩	护肩
10445051	达摩之逆火护肩	护肩
10445052	达摩之逆火护肩	护肩
10445053	达摩之逆火护肩	护肩
10445054	达摩之逆火护肩	护肩
10445055	达摩之逆火护肩	护肩
10445056	达摩之逆火护肩	护肩
10445057	达摩之逆火护肩	护肩
10445058	达摩之逆火护肩	护肩
10445059	达摩之逆火护肩	护肩
10445060	达摩之逆火护肩	护肩
10445061	达摩之誓尘护肩	护肩
10445062	达摩之誓尘护肩	护肩
10445063	达摩之誓尘护肩	护肩
10445064	达摩之誓尘护肩	护肩
10445065	达摩之誓尘护肩	护肩
10445066	达摩之誓尘护肩	护肩
10445067	达摩之誓尘护肩	护肩
10445068	达摩之誓尘护肩	护肩
10445069	达摩之誓尘护肩	护肩
10445070	达摩之誓尘护肩	护肩
10445071	达摩之灭魄护肩	护肩
10445072	达摩之灭魄护肩	护肩
10445073	达摩之灭魄护肩	护肩
10445074	达摩之灭魄护肩	护肩
10445075	达摩之灭魄护肩	护肩
10445076	达摩之灭魄护肩	护肩
10445077	达摩之灭魄护肩	护肩
10445078	达摩之灭魄护肩	护肩
10445079	达摩之灭魄护肩	护肩
10445080	达摩之灭魄护肩	护肩
10445081	达摩之碎魂圣肩	护肩
10445082	达摩之碎魂圣肩	护肩
10445083	达摩之碎魂圣肩	护肩
10445084	达摩之碎魂圣肩	护肩
10445085	达摩之碎魂圣肩	护肩
10445086	达摩之碎魂圣肩	护肩
10445087	达摩之碎魂圣肩	护肩
10445088	达摩之碎魂圣肩	护肩
10445089	达摩之碎魂圣肩	护肩
10445090	达摩之碎魂圣肩	护肩
10445091	达摩之蛰龙圣肩	护肩
10445092	达摩之蛰龙圣肩	护肩
10445093	达摩之蛰龙圣肩	护肩
10445094	达摩之蛰龙圣肩	护肩
10445095	达摩之蛰龙圣肩	护肩
10445096	达摩之蛰龙圣肩	护肩
10445097	达摩之蛰龙圣肩	护肩
10445098	达摩之蛰龙圣肩	护肩
10445099	达摩之蛰龙圣肩	护肩
10445100	达摩之蛰龙圣肩	护肩
10445101	圣火之银锁护肩	护肩
10445102	圣火之银锁护肩	护肩
10445103	圣火之银锁护肩	护肩
10445104	圣火之银锁护肩	护肩
10445105	圣火之银锁护肩	护肩
10445106	圣火之银锁护肩	护肩
10445107	圣火之银锁护肩	护肩
10445108	圣火之银锁护肩	护肩
10445109	圣火之银锁护肩	护肩
10445110	圣火之银锁护肩	护肩
10445111	圣火之月铁护肩	护肩
10445112	圣火之月铁护肩	护肩
10445113	圣火之月铁护肩	护肩
10445114	圣火之月铁护肩	护肩
10445115	圣火之月铁护肩	护肩
10445116	圣火之月铁护肩	护肩
10445117	圣火之月铁护肩	护肩
10445118	圣火之月铁护肩	护肩
10445119	圣火之月铁护肩	护肩
10445120	圣火之月铁护肩	护肩
10445121	圣火之玄铁护肩	护肩
10445122	圣火之玄铁护肩	护肩
10445123	圣火之玄铁护肩	护肩
10445124	圣火之玄铁护肩	护肩
10445125	圣火之玄铁护肩	护肩
10445126	圣火之玄铁护肩	护肩
10445127	圣火之玄铁护肩	护肩
10445128	圣火之玄铁护肩	护肩
10445129	圣火之玄铁护肩	护肩
10445130	圣火之玄铁护肩	护肩
10445131	圣火之封霄护肩	护肩
10445132	圣火之封霄护肩	护肩
10445133	圣火之封霄护肩	护肩
10445134	圣火之封霄护肩	护肩
10445135	圣火之封霄护肩	护肩
10445136	圣火之封霄护肩	护肩
10445137	圣火之封霄护肩	护肩
10445138	圣火之封霄护肩	护肩
10445139	圣火之封霄护肩	护肩
10445140	圣火之封霄护肩	护肩
10445141	圣火之灭寒护肩	护肩
10445142	圣火之灭寒护肩	护肩
10445143	圣火之灭寒护肩	护肩
10445144	圣火之灭寒护肩	护肩
10445145	圣火之灭寒护肩	护肩
10445146	圣火之灭寒护肩	护肩
10445147	圣火之灭寒护肩	护肩
10445148	圣火之灭寒护肩	护肩
10445149	圣火之灭寒护肩	护肩
10445150	圣火之灭寒护肩	护肩
10445151	圣火之逆火护肩	护肩
10445152	圣火之逆火护肩	护肩
10445153	圣火之逆火护肩	护肩
10445154	圣火之逆火护肩	护肩
10445155	圣火之逆火护肩	护肩
10445156	圣火之逆火护肩	护肩
10445157	圣火之逆火护肩	护肩
10445158	圣火之逆火护肩	护肩
10445159	圣火之逆火护肩	护肩
10445160	圣火之逆火护肩	护肩
10445161	圣火之誓尘护肩	护肩
10445162	圣火之誓尘护肩	护肩
10445163	圣火之誓尘护肩	护肩
10445164	圣火之誓尘护肩	护肩
10445165	圣火之誓尘护肩	护肩
10445166	圣火之誓尘护肩	护肩
10445167	圣火之誓尘护肩	护肩
10445168	圣火之誓尘护肩	护肩
10445169	圣火之誓尘护肩	护肩
10445170	圣火之誓尘护肩	护肩
10445171	圣火之灭魄护肩	护肩
10445172	圣火之灭魄护肩	护肩
10445173	圣火之灭魄护肩	护肩
10445174	圣火之灭魄护肩	护肩
10445175	圣火之灭魄护肩	护肩
10445176	圣火之灭魄护肩	护肩
10445177	圣火之灭魄护肩	护肩
10445178	圣火之灭魄护肩	护肩
10445179	圣火之灭魄护肩	护肩
10445180	圣火之灭魄护肩	护肩
10445181	圣火之碎魂圣肩	护肩
10445182	圣火之碎魂圣肩	护肩
10445183	圣火之碎魂圣肩	护肩
10445184	圣火之碎魂圣肩	护肩
10445185	圣火之碎魂圣肩	护肩
10445186	圣火之碎魂圣肩	护肩
10445187	圣火之碎魂圣肩	护肩
10445188	圣火之碎魂圣肩	护肩
10445189	圣火之碎魂圣肩	护肩
10445190	圣火之碎魂圣肩	护肩
10445191	圣火之蛰龙圣肩	护肩
10445192	圣火之蛰龙圣肩	护肩
10445193	圣火之蛰龙圣肩	护肩
10445194	圣火之蛰龙圣肩	护肩
10445195	圣火之蛰龙圣肩	护肩
10445196	圣火之蛰龙圣肩	护肩
10445197	圣火之蛰龙圣肩	护肩
10445198	圣火之蛰龙圣肩	护肩
10445199	圣火之蛰龙圣肩	护肩
10445200	圣火之蛰龙圣肩	护肩
10445201	降龙之银锁护肩	护肩
10445202	降龙之银锁护肩	护肩
10445203	降龙之银锁护肩	护肩
10445204	降龙之银锁护肩	护肩
10445205	降龙之银锁护肩	护肩
10445206	降龙之银锁护肩	护肩
10445207	降龙之银锁护肩	护肩
10445208	降龙之银锁护肩	护肩
10445209	降龙之银锁护肩	护肩
10445210	降龙之银锁护肩	护肩
10445211	降龙之月铁护肩	护肩
10445212	降龙之月铁护肩	护肩
10445213	降龙之月铁护肩	护肩
10445214	降龙之月铁护肩	护肩
10445215	降龙之月铁护肩	护肩
10445216	降龙之月铁护肩	护肩
10445217	降龙之月铁护肩	护肩
10445218	降龙之月铁护肩	护肩
10445219	降龙之月铁护肩	护肩
10445220	降龙之月铁护肩	护肩
10445221	降龙之玄铁护肩	护肩
10445222	降龙之玄铁护肩	护肩
10445223	降龙之玄铁护肩	护肩
10445224	降龙之玄铁护肩	护肩
10445225	降龙之玄铁护肩	护肩
10445226	降龙之玄铁护肩	护肩
10445227	降龙之玄铁护肩	护肩
10445228	降龙之玄铁护肩	护肩
10445229	降龙之玄铁护肩	护肩
10445230	降龙之玄铁护肩	护肩
10445231	降龙之封霄护肩	护肩
10445232	降龙之封霄护肩	护肩
10445233	降龙之封霄护肩	护肩
10445234	降龙之封霄护肩	护肩
10445235	降龙之封霄护肩	护肩
10445236	降龙之封霄护肩	护肩
10445237	降龙之封霄护肩	护肩
10445238	降龙之封霄护肩	护肩
10445239	降龙之封霄护肩	护肩
10445240	降龙之封霄护肩	护肩
10445241	降龙之灭寒护肩	护肩
10445242	降龙之灭寒护肩	护肩
10445243	降龙之灭寒护肩	护肩
10445244	降龙之灭寒护肩	护肩
10445245	降龙之灭寒护肩	护肩
10445246	降龙之灭寒护肩	护肩
10445247	降龙之灭寒护肩	护肩
10445248	降龙之灭寒护肩	护肩
10445249	降龙之灭寒护肩	护肩
10445250	降龙之灭寒护肩	护肩
10445251	降龙之逆火护肩	护肩
10445252	降龙之逆火护肩	护肩
10445253	降龙之逆火护肩	护肩
10445254	降龙之逆火护肩	护肩
10445255	降龙之逆火护肩	护肩
10445256	降龙之逆火护肩	护肩
10445257	降龙之逆火护肩	护肩
10445258	降龙之逆火护肩	护肩
10445259	降龙之逆火护肩	护肩
10445260	降龙之逆火护肩	护肩
10445261	降龙之誓尘护肩	护肩
10445262	降龙之誓尘护肩	护肩
10445263	降龙之誓尘护肩	护肩
10445264	降龙之誓尘护肩	护肩
10445265	降龙之誓尘护肩	护肩
10445266	降龙之誓尘护肩	护肩
10445267	降龙之誓尘护肩	护肩
10445268	降龙之誓尘护肩	护肩
10445269	降龙之誓尘护肩	护肩
10445270	降龙之誓尘护肩	护肩
10445271	降龙之灭魄护肩	护肩
10445272	降龙之灭魄护肩	护肩
10445273	降龙之灭魄护肩	护肩
10445274	降龙之灭魄护肩	护肩
10445275	降龙之灭魄护肩	护肩
10445276	降龙之灭魄护肩	护肩
10445277	降龙之灭魄护肩	护肩
10445278	降龙之灭魄护肩	护肩
10445279	降龙之灭魄护肩	护肩
10445280	降龙之灭魄护肩	护肩
10445281	降龙之碎魂圣肩	护肩
10445282	降龙之碎魂圣肩	护肩
10445283	降龙之碎魂圣肩	护肩
10445284	降龙之碎魂圣肩	护肩
10445285	降龙之碎魂圣肩	护肩
10445286	降龙之碎魂圣肩	护肩
10445287	降龙之碎魂圣肩	护肩
10445288	降龙之碎魂圣肩	护肩
10445289	降龙之碎魂圣肩	护肩
10445290	降龙之碎魂圣肩	护肩
10445291	降龙之蛰龙圣肩	护肩
10445292	降龙之蛰龙圣肩	护肩
10445293	降龙之蛰龙圣肩	护肩
10445294	降龙之蛰龙圣肩	护肩
10445295	降龙之蛰龙圣肩	护肩
10445296	降龙之蛰龙圣肩	护肩
10445297	降龙之蛰龙圣肩	护肩
10445298	降龙之蛰龙圣肩	护肩
10445299	降龙之蛰龙圣肩	护肩
10445300	降龙之蛰龙圣肩	护肩
10445301	玉女之棉布肩	护肩
10445302	玉女之棉布肩	护肩
10445303	玉女之棉布肩	护肩
10445304	玉女之棉布肩	护肩
10445305	玉女之棉布肩	护肩
10445306	玉女之棉布肩	护肩
10445307	玉女之棉布肩	护肩
10445308	玉女之棉布肩	护肩
10445309	玉女之棉布肩	护肩
10445310	玉女之棉布肩	护肩
10445311	玉女之棉丝护肩	护肩
10445312	玉女之棉丝护肩	护肩
10445313	玉女之棉丝护肩	护肩
10445314	玉女之棉丝护肩	护肩
10445315	玉女之棉丝护肩	护肩
10445316	玉女之棉丝护肩	护肩
10445317	玉女之棉丝护肩	护肩
10445318	玉女之棉丝护肩	护肩
10445319	玉女之棉丝护肩	护肩
10445320	玉女之棉丝护肩	护肩
10445321	玉女之蒲布护肩	护肩
10445322	玉女之蒲布护肩	护肩
10445323	玉女之蒲布护肩	护肩
10445324	玉女之蒲布护肩	护肩
10445325	玉女之蒲布护肩	护肩
10445326	玉女之蒲布护肩	护肩
10445327	玉女之蒲布护肩	护肩
10445328	玉女之蒲布护肩	护肩
10445329	玉女之蒲布护肩	护肩
10445330	玉女之蒲布护肩	护肩
10445331	玉女之真丝护肩	护肩
10445332	玉女之真丝护肩	护肩
10445333	玉女之真丝护肩	护肩
10445334	玉女之真丝护肩	护肩
10445335	玉女之真丝护肩	护肩
10445336	玉女之真丝护肩	护肩
10445337	玉女之真丝护肩	护肩
10445338	玉女之真丝护肩	护肩
10445339	玉女之真丝护肩	护肩
10445340	玉女之真丝护肩	护肩
10445341	玉女之苏锦肩	护肩
10445342	玉女之苏锦肩	护肩
10445343	玉女之苏锦肩	护肩
10445344	玉女之苏锦肩	护肩
10445345	玉女之苏锦肩	护肩
10445346	玉女之苏锦肩	护肩
10445347	玉女之苏锦肩	护肩
10445348	玉女之苏锦肩	护肩
10445349	玉女之苏锦肩	护肩
10445350	玉女之苏锦肩	护肩
10445351	玉女之青峨肩	护肩
10445352	玉女之青峨肩	护肩
10445353	玉女之青峨肩	护肩
10445354	玉女之青峨肩	护肩
10445355	玉女之青峨肩	护肩
10445356	玉女之青峨肩	护肩
10445357	玉女之青峨肩	护肩
10445358	玉女之青峨肩	护肩
10445359	玉女之青峨肩	护肩
10445360	玉女之青峨肩	护肩
10445361	玉女之四海肩	护肩
10445362	玉女之四海肩	护肩
10445363	玉女之四海肩	护肩
10445364	玉女之四海肩	护肩
10445365	玉女之四海肩	护肩
10445366	玉女之四海肩	护肩
10445367	玉女之四海肩	护肩
10445368	玉女之四海肩	护肩
10445369	玉女之四海肩	护肩
10445370	玉女之四海肩	护肩
10445371	玉女之如梦肩	护肩
10445372	玉女之如梦肩	护肩
10445373	玉女之如梦肩	护肩
10445374	玉女之如梦肩	护肩
10445375	玉女之如梦肩	护肩
10445376	玉女之如梦肩	护肩
10445377	玉女之如梦肩	护肩
10445378	玉女之如梦肩	护肩
10445379	玉女之如梦肩	护肩
10445380	玉女之如梦肩	护肩
10445381	玉女之圣目肩	护肩
10445382	玉女之圣目肩	护肩
10445383	玉女之圣目肩	护肩
10445384	玉女之圣目肩	护肩
10445385	玉女之圣目肩	护肩
10445386	玉女之圣目肩	护肩
10445387	玉女之圣目肩	护肩
10445388	玉女之圣目肩	护肩
10445389	玉女之圣目肩	护肩
10445390	玉女之圣目肩	护肩
10445391	玉女之灵动圣肩	护肩
10445392	玉女之灵动圣肩	护肩
10445393	玉女之灵动圣肩	护肩
10445394	玉女之灵动圣肩	护肩
10445395	玉女之灵动圣肩	护肩
10445396	玉女之灵动圣肩	护肩
10445397	玉女之灵动圣肩	护肩
10445398	玉女之灵动圣肩	护肩
10445399	玉女之灵动圣肩	护肩
10445400	玉女之灵动圣肩	护肩
10445401	无极之棉布肩	护肩
10445402	无极之棉布肩	护肩
10445403	无极之棉布肩	护肩
10445404	无极之棉布肩	护肩
10445405	无极之棉布肩	护肩
10445406	无极之棉布肩	护肩
10445407	无极之棉布肩	护肩
10445408	无极之棉布肩	护肩
10445409	无极之棉布肩	护肩
10445410	无极之棉布肩	护肩
10445411	无极之棉丝护肩	护肩
10445412	无极之棉丝护肩	护肩
10445413	无极之棉丝护肩	护肩
10445414	无极之棉丝护肩	护肩
10445415	无极之棉丝护肩	护肩
10445416	无极之棉丝护肩	护肩
10445417	无极之棉丝护肩	护肩
10445418	无极之棉丝护肩	护肩
10445419	无极之棉丝护肩	护肩
10445420	无极之棉丝护肩	护肩
10445421	无极之蒲布护肩	护肩
10445422	无极之蒲布护肩	护肩
10445423	无极之蒲布护肩	护肩
10445424	无极之蒲布护肩	护肩
10445425	无极之蒲布护肩	护肩
10445426	无极之蒲布护肩	护肩
10445427	无极之蒲布护肩	护肩
10445428	无极之蒲布护肩	护肩
10445429	无极之蒲布护肩	护肩
10445430	无极之蒲布护肩	护肩
10445431	无极之真丝护肩	护肩
10445432	无极之真丝护肩	护肩
10445433	无极之真丝护肩	护肩
10445434	无极之真丝护肩	护肩
10445435	无极之真丝护肩	护肩
10445436	无极之真丝护肩	护肩
10445437	无极之真丝护肩	护肩
10445438	无极之真丝护肩	护肩
10445439	无极之真丝护肩	护肩
10445440	无极之真丝护肩	护肩
10445441	无极之苏锦肩	护肩
10445442	无极之苏锦肩	护肩
10445443	无极之苏锦肩	护肩
10445444	无极之苏锦肩	护肩
10445445	无极之苏锦肩	护肩
10445446	无极之苏锦肩	护肩
10445447	无极之苏锦肩	护肩
10445448	无极之苏锦肩	护肩
10445449	无极之苏锦肩	护肩
10445450	无极之苏锦肩	护肩
10445451	无极之青峨肩	护肩
10445452	无极之青峨肩	护肩
10445453	无极之青峨肩	护肩
10445454	无极之青峨肩	护肩
10445455	无极之青峨肩	护肩
10445456	无极之青峨肩	护肩
10445457	无极之青峨肩	护肩
10445458	无极之青峨肩	护肩
10445459	无极之青峨肩	护肩
10445460	无极之青峨肩	护肩
10445461	无极之四海肩	护肩
10445462	无极之四海肩	护肩
10445463	无极之四海肩	护肩
10445464	无极之四海肩	护肩
10445465	无极之四海肩	护肩
10445466	无极之四海肩	护肩
10445467	无极之四海肩	护肩
10445468	无极之四海肩	护肩
10445469	无极之四海肩	护肩
10445470	无极之四海肩	护肩
10445471	无极之如梦肩	护肩
10445472	无极之如梦肩	护肩
10445473	无极之如梦肩	护肩
10445474	无极之如梦肩	护肩
10445475	无极之如梦肩	护肩
10445476	无极之如梦肩	护肩
10445477	无极之如梦肩	护肩
10445478	无极之如梦肩	护肩
10445479	无极之如梦肩	护肩
10445480	无极之如梦肩	护肩
10445481	无极之圣目肩	护肩
10445482	无极之圣目肩	护肩
10445483	无极之圣目肩	护肩
10445484	无极之圣目肩	护肩
10445485	无极之圣目肩	护肩
10445486	无极之圣目肩	护肩
10445487	无极之圣目肩	护肩
10445488	无极之圣目肩	护肩
10445489	无极之圣目肩	护肩
10445490	无极之圣目肩	护肩
10445491	无极之灵动圣肩	护肩
10445492	无极之灵动圣肩	护肩
10445493	无极之灵动圣肩	护肩
10445494	无极之灵动圣肩	护肩
10445495	无极之灵动圣肩	护肩
10445496	无极之灵动圣肩	护肩
10445497	无极之灵动圣肩	护肩
10445498	无极之灵动圣肩	护肩
10445499	无极之灵动圣肩	护肩
10445500	无极之灵动圣肩	护肩
10445501	荒毒之棉布肩	护肩
10445502	荒毒之棉布肩	护肩
10445503	荒毒之棉布肩	护肩
10445504	荒毒之棉布肩	护肩
10445505	荒毒之棉布肩	护肩
10445506	荒毒之棉布肩	护肩
10445507	荒毒之棉布肩	护肩
10445508	荒毒之棉布肩	护肩
10445509	荒毒之棉布肩	护肩
10445510	荒毒之棉布肩	护肩
10445511	荒毒之棉丝护肩	护肩
10445512	荒毒之棉丝护肩	护肩
10445513	荒毒之棉丝护肩	护肩
10445514	荒毒之棉丝护肩	护肩
10445515	荒毒之棉丝护肩	护肩
10445516	荒毒之棉丝护肩	护肩
10445517	荒毒之棉丝护肩	护肩
10445518	荒毒之棉丝护肩	护肩
10445519	荒毒之棉丝护肩	护肩
10445520	荒毒之棉丝护肩	护肩
10445521	荒毒之蒲布护肩	护肩
10445522	荒毒之蒲布护肩	护肩
10445523	荒毒之蒲布护肩	护肩
10445524	荒毒之蒲布护肩	护肩
10445525	荒毒之蒲布护肩	护肩
10445526	荒毒之蒲布护肩	护肩
10445527	荒毒之蒲布护肩	护肩
10445528	荒毒之蒲布护肩	护肩
10445529	荒毒之蒲布护肩	护肩
10445530	荒毒之蒲布护肩	护肩
10445531	荒毒之真丝护肩	护肩
10445532	荒毒之真丝护肩	护肩
10445533	荒毒之真丝护肩	护肩
10445534	荒毒之真丝护肩	护肩
10445535	荒毒之真丝护肩	护肩
10445536	荒毒之真丝护肩	护肩
10445537	荒毒之真丝护肩	护肩
10445538	荒毒之真丝护肩	护肩
10445539	荒毒之真丝护肩	护肩
10445540	荒毒之真丝护肩	护肩
10445541	荒毒之苏锦肩	护肩
10445542	荒毒之苏锦肩	护肩
10445543	荒毒之苏锦肩	护肩
10445544	荒毒之苏锦肩	护肩
10445545	荒毒之苏锦肩	护肩
10445546	荒毒之苏锦肩	护肩
10445547	荒毒之苏锦肩	护肩
10445548	荒毒之苏锦肩	护肩
10445549	荒毒之苏锦肩	护肩
10445550	荒毒之苏锦肩	护肩
10445551	荒毒之青峨肩	护肩
10445552	荒毒之青峨肩	护肩
10445553	荒毒之青峨肩	护肩
10445554	荒毒之青峨肩	护肩
10445555	荒毒之青峨肩	护肩
10445556	荒毒之青峨肩	护肩
10445557	荒毒之青峨肩	护肩
10445558	荒毒之青峨肩	护肩
10445559	荒毒之青峨肩	护肩
10445560	荒毒之青峨肩	护肩
10445561	荒毒之四海肩	护肩
10445562	荒毒之四海肩	护肩
10445563	荒毒之四海肩	护肩
10445564	荒毒之四海肩	护肩
10445565	荒毒之四海肩	护肩
10445566	荒毒之四海肩	护肩
10445567	荒毒之四海肩	护肩
10445568	荒毒之四海肩	护肩
10445569	荒毒之四海肩	护肩
10445570	荒毒之四海肩	护肩
10445571	荒毒之如梦肩	护肩
10445572	荒毒之如梦肩	护肩
10445573	荒毒之如梦肩	护肩
10445574	荒毒之如梦肩	护肩
10445575	荒毒之如梦肩	护肩
10445576	荒毒之如梦肩	护肩
10445577	荒毒之如梦肩	护肩
10445578	荒毒之如梦肩	护肩
10445579	荒毒之如梦肩	护肩
10445580	荒毒之如梦肩	护肩
10445581	荒毒之圣目肩	护肩
10445582	荒毒之圣目肩	护肩
10445583	荒毒之圣目肩	护肩
10445584	荒毒之圣目肩	护肩
10445585	荒毒之圣目肩	护肩
10445586	荒毒之圣目肩	护肩
10445587	荒毒之圣目肩	护肩
10445588	荒毒之圣目肩	护肩
10445589	荒毒之圣目肩	护肩
10445590	荒毒之圣目肩	护肩
10445591	荒毒之灵动圣肩	护肩
10445592	荒毒之灵动圣肩	护肩
10445593	荒毒之灵动圣肩	护肩
10445594	荒毒之灵动圣肩	护肩
10445595	荒毒之灵动圣肩	护肩
10445596	荒毒之灵动圣肩	护肩
10445597	荒毒之灵动圣肩	护肩
10445598	荒毒之灵动圣肩	护肩
10445599	荒毒之灵动圣肩	护肩
10445600	荒毒之灵动圣肩	护肩
10445601	无相之蜥皮护肩	护肩
10445602	无相之蜥皮护肩	护肩
10445603	无相之蜥皮护肩	护肩
10445604	无相之蜥皮护肩	护肩
10445605	无相之蜥皮护肩	护肩
10445606	无相之蜥皮护肩	护肩
10445607	无相之蜥皮护肩	护肩
10445608	无相之蜥皮护肩	护肩
10445609	无相之蜥皮护肩	护肩
10445610	无相之蜥皮护肩	护肩
10445611	无相之银皮护肩	护肩
10445612	无相之银皮护肩	护肩
10445613	无相之银皮护肩	护肩
10445614	无相之银皮护肩	护肩
10445615	无相之银皮护肩	护肩
10445616	无相之银皮护肩	护肩
10445617	无相之银皮护肩	护肩
10445618	无相之银皮护肩	护肩
10445619	无相之银皮护肩	护肩
10445620	无相之银皮护肩	护肩
10445621	无相之皮麟护肩	护肩
10445622	无相之皮麟护肩	护肩
10445623	无相之皮麟护肩	护肩
10445624	无相之皮麟护肩	护肩
10445625	无相之皮麟护肩	护肩
10445626	无相之皮麟护肩	护肩
10445627	无相之皮麟护肩	护肩
10445628	无相之皮麟护肩	护肩
10445629	无相之皮麟护肩	护肩
10445630	无相之皮麟护肩	护肩
10445631	无相之瑶仙护肩	护肩
10445632	无相之瑶仙护肩	护肩
10445633	无相之瑶仙护肩	护肩
10445634	无相之瑶仙护肩	护肩
10445635	无相之瑶仙护肩	护肩
10445636	无相之瑶仙护肩	护肩
10445637	无相之瑶仙护肩	护肩
10445638	无相之瑶仙护肩	护肩
10445639	无相之瑶仙护肩	护肩
10445640	无相之瑶仙护肩	护肩
10445641	无相之韶华护肩	护肩
10445642	无相之韶华护肩	护肩
10445643	无相之韶华护肩	护肩
10445644	无相之韶华护肩	护肩
10445645	无相之韶华护肩	护肩
10445646	无相之韶华护肩	护肩
10445647	无相之韶华护肩	护肩
10445648	无相之韶华护肩	护肩
10445649	无相之韶华护肩	护肩
10445650	无相之韶华护肩	护肩
10445651	无相之银霄护肩	护肩
10445652	无相之银霄护肩	护肩
10445653	无相之银霄护肩	护肩
10445654	无相之银霄护肩	护肩
10445655	无相之银霄护肩	护肩
10445656	无相之银霄护肩	护肩
10445657	无相之银霄护肩	护肩
10445658	无相之银霄护肩	护肩
10445659	无相之银霄护肩	护肩
10445660	无相之银霄护肩	护肩
10445661	无相之鬼雾护肩	护肩
10445662	无相之鬼雾护肩	护肩
10445663	无相之鬼雾护肩	护肩
10445664	无相之鬼雾护肩	护肩
10445665	无相之鬼雾护肩	护肩
10445666	无相之鬼雾护肩	护肩
10445667	无相之鬼雾护肩	护肩
10445668	无相之鬼雾护肩	护肩
10445669	无相之鬼雾护肩	护肩
10445670	无相之鬼雾护肩	护肩
10445671	无相之炼鸾圣肩	护肩
10445672	无相之炼鸾圣肩	护肩
10445673	无相之炼鸾圣肩	护肩
10445674	无相之炼鸾圣肩	护肩
10445675	无相之炼鸾圣肩	护肩
10445676	无相之炼鸾圣肩	护肩
10445677	无相之炼鸾圣肩	护肩
10445678	无相之炼鸾圣肩	护肩
10445679	无相之炼鸾圣肩	护肩
10445680	无相之炼鸾圣肩	护肩
10445681	无相之魅蛟圣肩	护肩
10445682	无相之魅蛟圣肩	护肩
10445683	无相之魅蛟圣肩	护肩
10445684	无相之魅蛟圣肩	护肩
10445685	无相之魅蛟圣肩	护肩
10445686	无相之魅蛟圣肩	护肩
10445687	无相之魅蛟圣肩	护肩
10445688	无相之魅蛟圣肩	护肩
10445689	无相之魅蛟圣肩	护肩
10445690	无相之魅蛟圣肩	护肩
10445691	无相之狻猊圣肩	护肩
10445692	无相之狻猊圣肩	护肩
10445693	无相之狻猊圣肩	护肩
10445694	无相之狻猊圣肩	护肩
10445695	无相之狻猊圣肩	护肩
10445696	无相之狻猊圣肩	护肩
10445697	无相之狻猊圣肩	护肩
10445698	无相之狻猊圣肩	护肩
10445699	无相之狻猊圣肩	护肩
10445700	无相之狻猊圣肩	护肩
10445701	北冥之蜥皮护肩	护肩
10445702	北冥之蜥皮护肩	护肩
10445703	北冥之蜥皮护肩	护肩
10445704	北冥之蜥皮护肩	护肩
10445705	北冥之蜥皮护肩	护肩
10445706	北冥之蜥皮护肩	护肩
10445707	北冥之蜥皮护肩	护肩
10445708	北冥之蜥皮护肩	护肩
10445709	北冥之蜥皮护肩	护肩
10445710	北冥之蜥皮护肩	护肩
10445711	北冥之银皮护肩	护肩
10445712	北冥之银皮护肩	护肩
10445713	北冥之银皮护肩	护肩
10445714	北冥之银皮护肩	护肩
10445715	北冥之银皮护肩	护肩
10445716	北冥之银皮护肩	护肩
10445717	北冥之银皮护肩	护肩
10445718	北冥之银皮护肩	护肩
10445719	北冥之银皮护肩	护肩
10445720	北冥之银皮护肩	护肩
10445721	北冥之皮麟护肩	护肩
10445722	北冥之皮麟护肩	护肩
10445723	北冥之皮麟护肩	护肩
10445724	北冥之皮麟护肩	护肩
10445725	北冥之皮麟护肩	护肩
10445726	北冥之皮麟护肩	护肩
10445727	北冥之皮麟护肩	护肩
10445728	北冥之皮麟护肩	护肩
10445729	北冥之皮麟护肩	护肩
10445730	北冥之皮麟护肩	护肩
10445731	北冥之瑶仙护肩	护肩
10445732	北冥之瑶仙护肩	护肩
10445733	北冥之瑶仙护肩	护肩
10445734	北冥之瑶仙护肩	护肩
10445735	北冥之瑶仙护肩	护肩
10445736	北冥之瑶仙护肩	护肩
10445737	北冥之瑶仙护肩	护肩
10445738	北冥之瑶仙护肩	护肩
10445739	北冥之瑶仙护肩	护肩
10445740	北冥之瑶仙护肩	护肩
10445741	北冥之韶华护肩	护肩
10445742	北冥之韶华护肩	护肩
10445743	北冥之韶华护肩	护肩
10445744	北冥之韶华护肩	护肩
10445745	北冥之韶华护肩	护肩
10445746	北冥之韶华护肩	护肩
10445747	北冥之韶华护肩	护肩
10445748	北冥之韶华护肩	护肩
10445749	北冥之韶华护肩	护肩
10445750	北冥之韶华护肩	护肩
10445751	北冥之银霄护肩	护肩
10445752	北冥之银霄护肩	护肩
10445753	北冥之银霄护肩	护肩
10445754	北冥之银霄护肩	护肩
10445755	北冥之银霄护肩	护肩
10445756	北冥之银霄护肩	护肩
10445757	北冥之银霄护肩	护肩
10445758	北冥之银霄护肩	护肩
10445759	北冥之银霄护肩	护肩
10445760	北冥之银霄护肩	护肩
10445761	北冥之鬼雾护肩	护肩
10445762	北冥之鬼雾护肩	护肩
10445763	北冥之鬼雾护肩	护肩
10445764	北冥之鬼雾护肩	护肩
10445765	北冥之鬼雾护肩	护肩
10445766	北冥之鬼雾护肩	护肩
10445767	北冥之鬼雾护肩	护肩
10445768	北冥之鬼雾护肩	护肩
10445769	北冥之鬼雾护肩	护肩
10445770	北冥之鬼雾护肩	护肩
10445771	北冥之炼鸾圣肩	护肩
10445772	北冥之炼鸾圣肩	护肩
10445773	北冥之炼鸾圣肩	护肩
10445774	北冥之炼鸾圣肩	护肩
10445775	北冥之炼鸾圣肩	护肩
10445776	北冥之炼鸾圣肩	护肩
10445777	北冥之炼鸾圣肩	护肩
10445778	北冥之炼鸾圣肩	护肩
10445779	北冥之炼鸾圣肩	护肩
10445780	北冥之炼鸾圣肩	护肩
10445781	北冥之魅蛟圣肩	护肩
10445782	北冥之魅蛟圣肩	护肩
10445783	北冥之魅蛟圣肩	护肩
10445784	北冥之魅蛟圣肩	护肩
10445785	北冥之魅蛟圣肩	护肩
10445786	北冥之魅蛟圣肩	护肩
10445787	北冥之魅蛟圣肩	护肩
10445788	北冥之魅蛟圣肩	护肩
10445789	北冥之魅蛟圣肩	护肩
10445790	北冥之魅蛟圣肩	护肩
10445791	北冥之狻猊圣肩	护肩
10445792	北冥之狻猊圣肩	护肩
10445793	北冥之狻猊圣肩	护肩
10445794	北冥之狻猊圣肩	护肩
10445795	北冥之狻猊圣肩	护肩
10445796	北冥之狻猊圣肩	护肩
10445797	北冥之狻猊圣肩	护肩
10445798	北冥之狻猊圣肩	护肩
10445799	北冥之狻猊圣肩	护肩
10445800	北冥之狻猊圣肩	护肩
10445801	凝脉之蜥皮护肩	护肩
10445802	凝脉之蜥皮护肩	护肩
10445803	凝脉之蜥皮护肩	护肩
10445804	凝脉之蜥皮护肩	护肩
10445805	凝脉之蜥皮护肩	护肩
10445806	凝脉之蜥皮护肩	护肩
10445807	凝脉之蜥皮护肩	护肩
10445808	凝脉之蜥皮护肩	护肩
10445809	凝脉之蜥皮护肩	护肩
10445810	凝脉之蜥皮护肩	护肩
10445811	凝脉之银皮护肩	护肩
10445812	凝脉之银皮护肩	护肩
10445813	凝脉之银皮护肩	护肩
10445814	凝脉之银皮护肩	护肩
10445815	凝脉之银皮护肩	护肩
10445816	凝脉之银皮护肩	护肩
10445817	凝脉之银皮护肩	护肩
10445818	凝脉之银皮护肩	护肩
10445819	凝脉之银皮护肩	护肩
10445820	凝脉之银皮护肩	护肩
10445821	凝脉之皮麟护肩	护肩
10445822	凝脉之皮麟护肩	护肩
10445823	凝脉之皮麟护肩	护肩
10445824	凝脉之皮麟护肩	护肩
10445825	凝脉之皮麟护肩	护肩
10445826	凝脉之皮麟护肩	护肩
10445827	凝脉之皮麟护肩	护肩
10445828	凝脉之皮麟护肩	护肩
10445829	凝脉之皮麟护肩	护肩
10445830	凝脉之皮麟护肩	护肩
10445831	凝脉之瑶仙护肩	护肩
10445832	凝脉之瑶仙护肩	护肩
10445833	凝脉之瑶仙护肩	护肩
10445834	凝脉之瑶仙护肩	护肩
10445835	凝脉之瑶仙护肩	护肩
10445836	凝脉之瑶仙护肩	护肩
10445837	凝脉之瑶仙护肩	护肩
10445838	凝脉之瑶仙护肩	护肩
10445839	凝脉之瑶仙护肩	护肩
10445840	凝脉之瑶仙护肩	护肩
10445841	凝脉之韶华护肩	护肩
10445842	凝脉之韶华护肩	护肩
10445843	凝脉之韶华护肩	护肩
10445844	凝脉之韶华护肩	护肩
10445845	凝脉之韶华护肩	护肩
10445846	凝脉之韶华护肩	护肩
10445847	凝脉之韶华护肩	护肩
10445848	凝脉之韶华护肩	护肩
10445849	凝脉之韶华护肩	护肩
10445850	凝脉之韶华护肩	护肩
10445851	凝脉之银霄护肩	护肩
10445852	凝脉之银霄护肩	护肩
10445853	凝脉之银霄护肩	护肩
10445854	凝脉之银霄护肩	护肩
10445855	凝脉之银霄护肩	护肩
10445856	凝脉之银霄护肩	护肩
10445857	凝脉之银霄护肩	护肩
10445858	凝脉之银霄护肩	护肩
10445859	凝脉之银霄护肩	护肩
10445860	凝脉之银霄护肩	护肩
10445861	凝脉之鬼雾护肩	护肩
10445862	凝脉之鬼雾护肩	护肩
10445863	凝脉之鬼雾护肩	护肩
10445864	凝脉之鬼雾护肩	护肩
10445865	凝脉之鬼雾护肩	护肩
10445866	凝脉之鬼雾护肩	护肩
10445867	凝脉之鬼雾护肩	护肩
10445868	凝脉之鬼雾护肩	护肩
10445869	凝脉之鬼雾护肩	护肩
10445870	凝脉之鬼雾护肩	护肩
10445871	凝脉之炼鸾圣肩	护肩
10445872	凝脉之炼鸾圣肩	护肩
10445873	凝脉之炼鸾圣肩	护肩
10445874	凝脉之炼鸾圣肩	护肩
10445875	凝脉之炼鸾圣肩	护肩
10445876	凝脉之炼鸾圣肩	护肩
10445877	凝脉之炼鸾圣肩	护肩
10445878	凝脉之炼鸾圣肩	护肩
10445879	凝脉之炼鸾圣肩	护肩
10445880	凝脉之炼鸾圣肩	护肩
10445881	凝脉之魅蛟圣肩	护肩
10445882	凝脉之魅蛟圣肩	护肩
10445883	凝脉之魅蛟圣肩	护肩
10445884	凝脉之魅蛟圣肩	护肩
10445885	凝脉之魅蛟圣肩	护肩
10445886	凝脉之魅蛟圣肩	护肩
10445887	凝脉之魅蛟圣肩	护肩
10445888	凝脉之魅蛟圣肩	护肩
10445889	凝脉之魅蛟圣肩	护肩
10445890	凝脉之魅蛟圣肩	护肩
10445891	凝脉之狻猊圣肩	护肩
10445892	凝脉之狻猊圣肩	护肩
10445893	凝脉之狻猊圣肩	护肩
10445894	凝脉之狻猊圣肩	护肩
10445895	凝脉之狻猊圣肩	护肩
10445896	凝脉之狻猊圣肩	护肩
10445897	凝脉之狻猊圣肩	护肩
10445898	凝脉之狻猊圣肩	护肩
10445899	凝脉之狻猊圣肩	护肩
10445900	凝脉之狻猊圣肩	护肩
10450001	达摩之醉花荫	项链
10450002	达摩之青玉结	项链
10450003	达摩之疏影链	项链
10450004	达摩之玉楼春	项链
10450005	达摩之暗香链	项链
10450006	达摩之西江月	项链
10450007	达摩之水漫声	项链
10450008	达摩之彩金铃	项链
10450009	达摩之闭魄	项链
10450010	达摩之蝶残	项链
10450011	圣火之醉花荫	项链
10450012	圣火之青玉结	项链
10450013	圣火之疏影链	项链
10450014	圣火之玉楼春	项链
10450015	圣火之暗香链	项链
10450016	圣火之西江月	项链
10450017	圣火之水漫声	项链
10450018	圣火之彩金铃	项链
10450019	圣火之闭魄	项链
10450020	圣火之蝶残	项链
10450021	降龙之醉花荫	项链
10450022	降龙之青玉结	项链
10450023	降龙之疏影链	项链
10450024	降龙之玉楼春	项链
10450025	降龙之暗香链	项链
10450026	降龙之西江月	项链
10450027	降龙之水漫声	项链
10450028	降龙之彩金铃	项链
10450029	降龙之闭魄	项链
10450030	降龙之蝶残	项链
10450031	玉女之醉花荫	项链
10450032	玉女之青玉结	项链
10450033	玉女之疏影链	项链
10450034	玉女之玉楼春	项链
10450035	玉女之暗香链	项链
10450036	玉女之西江月	项链
10450037	玉女之水漫声	项链
10450038	玉女之彩金铃	项链
10450039	玉女之闭魄	项链
10450040	玉女之蝶残	项链
10450041	无极之醉花荫	项链
10450042	无极之青玉结	项链
10450043	无极之疏影链	项链
10450044	无极之玉楼春	项链
10450045	无极之暗香链	项链
10450046	无极之西江月	项链
10450047	无极之水漫声	项链
10450048	无极之彩金铃	项链
10450049	无极之闭魄	项链
10450050	无极之蝶残	项链
10450051	荒毒之醉花荫	项链
10450052	荒毒之青玉结	项链
10450053	荒毒之疏影链	项链
10450054	荒毒之玉楼春	项链
10450055	荒毒之暗香链	项链
10450056	荒毒之西江月	项链
10450057	荒毒之水漫声	项链
10450058	荒毒之彩金铃	项链
10450059	荒毒之闭魄	项链
10450060	荒毒之蝶残	项链
10450061	无相之醉花荫	项链
10450062	无相之青玉结	项链
10450063	无相之疏影链	项链
10450064	无相之玉楼春	项链
10450065	无相之暗香链	项链
10450066	无相之西江月	项链
10450067	无相之水漫声	项链
10450068	无相之彩金铃	项链
10450069	无相之闭魄	项链
10450070	无相之蝶残	项链
10450071	北冥之醉花荫	项链
10450072	北冥之青玉结	项链
10450073	北冥之疏影链	项链
10450074	北冥之玉楼春	项链
10450075	北冥之暗香链	项链
10450076	北冥之西江月	项链
10450077	北冥之水漫声	项链
10450078	北冥之彩金铃	项链
10450079	北冥之闭魄	项链
10450080	北冥之蝶残	项链
10450081	凝脉之醉花荫	项链
10450082	凝脉之青玉结	项链
10450083	凝脉之疏影链	项链
10450084	凝脉之玉楼春	项链
10450085	凝脉之暗香链	项链
10450086	凝脉之西江月	项链
10450087	凝脉之水漫声	项链
10450088	凝脉之彩金铃	项链
10450089	凝脉之闭魄	项链
10450090	凝脉之蝶残	项链
10450091	未使用	项链
10450092	未使用	项链
10450093	未使用	项链
10450094	未使用	项链
10450095	未使用	项链
10450096	未使用	项链
10450097	未使用	项链
10450098	未使用	项链
10450099	未使用	项链
10450100	未使用	项链
10450101	未使用	项链
10450102	未使用	项链
10450103	未使用	项链
10450104	未使用	项链
10450105	未使用	项链
10450106	未使用	项链
10450107	未使用	项链
10450108	未使用	项链
10450109	未使用	项链
10450110	未使用	项链
10450111	未使用	项链
10450112	未使用	项链
10450113	未使用	项链
10450114	未使用	项链
10450115	未使用	项链
10450116	未使用	项链
10450117	未使用	项链
10450118	未使用	项链
10450119	未使用	项链
10450120	未使用	项链
10450121	未使用	项链
10450122	未使用	项链
10450123	未使用	项链
10450124	未使用	项链
10450125	未使用	项链
10450126	未使用	项链
10450127	未使用	项链
10450128	未使用	项链
10450129	未使用	项链
10450130	未使用	项链
10450131	未使用	项链
10450132	未使用	项链
10450133	未使用	项链
10450134	未使用	项链
10450135	未使用	项链
10450136	未使用	项链
10450137	未使用	项链
10450138	未使用	项链
10450139	未使用	项链
10450140	未使用	项链
10450141	未使用	项链
10450142	未使用	项链
10450143	未使用	项链
10450144	未使用	项链
10450145	未使用	项链
10450146	未使用	项链
10450147	未使用	项链
10450148	未使用	项链
10450149	未使用	项链
10450150	未使用	项链
10450151	未使用	项链
10450152	未使用	项链
10450153	未使用	项链
10450154	未使用	项链
10450155	未使用	项链
10450156	未使用	项链
10450157	未使用	项链
10450158	未使用	项链
10450159	未使用	项链
10450160	未使用	项链
10450161	未使用	项链
10450162	未使用	项链
10450163	未使用	项链
10450164	未使用	项链
10450165	未使用	项链
10450166	未使用	项链
10450167	未使用	项链
10450168	未使用	项链
10451001	达摩之银锁腰带	腰带
10451002	达摩之月铁腰环	腰带
10451003	达摩之玄铁腰带	腰带
10451004	达摩之封霄环带	腰带
10451005	达摩之灭寒腰环	腰带
10451006	达摩之逆火腰带	腰带
10451007	达摩之誓尘腰带	腰带
10451008	达摩之灭魄腰带	腰带
10451009	达摩之碎魂	腰带
10451010	达摩之蛰龙	腰带
10451011	圣火之银锁腰带	腰带
10451012	圣火之月铁腰环	腰带
10451013	圣火之玄铁腰带	腰带
10451014	圣火之封霄环带	腰带
10451015	圣火之灭寒腰环	腰带
10451016	圣火之逆火腰带	腰带
10451017	圣火之誓尘腰带	腰带
10451018	圣火之灭魄腰带	腰带
10451019	圣火之碎魂	腰带
10451020	圣火之蛰龙	腰带
10451021	降龙之银锁腰带	腰带
10451022	降龙之月铁腰环	腰带
10451023	降龙之玄铁腰带	腰带
10451024	降龙之封霄环带	腰带
10451025	降龙之灭寒腰环	腰带
10451026	降龙之逆火腰带	腰带
10451027	降龙之誓尘腰带	腰带
10451028	降龙之灭魄腰带	腰带
10451029	降龙之碎魂	腰带
10451030	降龙之蛰龙	腰带
10451031	玉女之梅芳腰带	腰带
10451032	玉女之招财腰带	腰带
10451033	玉女之幽蜃腰带	腰带
10451034	玉女之巫山箍环	腰带
10451035	玉女之暴闪环带	腰带
10451036	玉女之诗霭箍环	腰带
10451037	玉女之金霞带	腰带
10451038	玉女之九宫腰环	腰带
10451039	玉女之追日	腰带
10451040	玉女之镇世	腰带
10451041	无极之梅芳腰带	腰带
10451042	无极之招财腰带	腰带
10451043	无极之幽蜃腰带	腰带
10451044	无极之巫山箍环	腰带
10451045	无极之暴闪环带	腰带
10451046	无极之诗霭箍环	腰带
10451047	无极之金霞带	腰带
10451048	无极之九宫腰环	腰带
10451049	无极之追日	腰带
10451050	无极之镇世	腰带
10451051	荒毒之梅芳腰带	腰带
10451052	荒毒之招财腰带	腰带
10451053	荒毒之幽蜃腰带	腰带
10451054	荒毒之巫山箍环	腰带
10451055	荒毒之暴闪环带	腰带
10451056	荒毒之诗霭箍环	腰带
10451057	荒毒之金霞带	腰带
10451058	荒毒之九宫腰环	腰带
10451059	荒毒之追日	腰带
10451060	荒毒之镇世	腰带
10451061	无相之蜥皮腰带	腰带
10451062	无相之银皮腰环	腰带
10451063	无相之皮麟腰带	腰带
10451064	无相之瑶仙腰环	腰带
10451065	无相之韶华腰环	腰带
10451066	无相之银霄皮带	腰带
10451067	无相之鬼雾腰环	腰带
10451068	无相之炼鸾腰带	腰带
10451069	无相之魅蛟	腰带
10451070	无相之狻猊	腰带
10451071	北冥之蜥皮腰带	腰带
10451072	北冥之银皮腰环	腰带
10451073	北冥之皮麟腰带	腰带
10451074	北冥之瑶仙腰环	腰带
10451075	北冥之韶华腰环	腰带
10451076	北冥之银霄皮带	腰带
10451077	北冥之鬼雾腰环	腰带
10451078	北冥之炼鸾腰带	腰带
10451079	北冥之魅蛟	腰带
10451080	北冥之狻猊	腰带
10451081	凝脉之蜥皮腰带	腰带
10451082	凝脉之银皮腰环	腰带
10451083	凝脉之皮麟腰带	腰带
10451084	凝脉之瑶仙腰环	腰带
10451085	凝脉之韶华腰环	腰带
10451086	凝脉之银霄皮带	腰带
10451087	凝脉之鬼雾腰环	腰带
10451088	凝脉之炼鸾腰带	腰带
10451089	凝脉之魅蛟	腰带
10451090	凝脉之狻猊	腰带
10451091	未使用	腰带
10451092	未使用	腰带
10451093	未使用	腰带
10451094	未使用	腰带
10451095	未使用	腰带
10451096	未使用	腰带
10451097	未使用	腰带
10451098	未使用	腰带
10451099	未使用	腰带
10451100	未使用	腰带
10451101	未使用	腰带
10451102	未使用	腰带
10451103	未使用	腰带
10451104	未使用	腰带
10451105	未使用	腰带
10451106	未使用	腰带
10451107	未使用	腰带
10451108	未使用	腰带
10451109	未使用	腰带
10451110	未使用	腰带
10451111	未使用	腰带
10451112	未使用	腰带
10451113	未使用	腰带
10451114	未使用	腰带
10451115	未使用	腰带
10451116	未使用	腰带
10451117	未使用	腰带
10451118	未使用	腰带
10451119	未使用	腰带
10451120	未使用	腰带
10451121	未使用	腰带
10451122	未使用	腰带
10451123	未使用	腰带
10451124	未使用	腰带
10451125	未使用	腰带
10451126	未使用	腰带
10451127	未使用	腰带
10451128	未使用	腰带
10451129	未使用	腰带
10451130	未使用	腰带
10451131	未使用	腰带
10451132	未使用	腰带
10451133	未使用	腰带
10451134	未使用	腰带
10451135	未使用	腰带
10451136	未使用	腰带
10451137	未使用	腰带
10451138	未使用	腰带
10451139	未使用	腰带
10451140	未使用	腰带
10451141	未使用	腰带
10451142	未使用	腰带
10451143	未使用	腰带
10451144	未使用	腰带
10451145	未使用	腰带
10451146	未使用	腰带
10451147	未使用	腰带
10451148	未使用	腰带
10451149	未使用	腰带
10451150	未使用	腰带
10451151	未使用	腰带
10451152	未使用	腰带
10451153	未使用	腰带
10451154	未使用	腰带
10451155	未使用	腰带
10451156	未使用	腰带
10451157	未使用	腰带
10451158	未使用	腰带
10451159	未使用	腰带
10451160	未使用	腰带
10451161	未使用	腰带
10451162	未使用	腰带
10451163	未使用	腰带
10451164	未使用	腰带
10451165	未使用	腰带
10451166	未使用	腰带
10451167	未使用	腰带
10451168	未使用	腰带
10452001	达摩之丝花戒指	戒指
10452002	达摩之暗玉扳指	戒指
10452003	达摩之雪晶戒指	戒指
10452004	达摩之百裂戒指	戒指
10452005	达摩之红豆	戒指
10452006	达摩之潇湘	戒指
10452007	达摩之连影夺目	戒指
10452008	达摩之清心	戒指
10452009	达摩之万圣	戒指
10452010	达摩之三清	戒指
10452011	圣火之丝花戒指	戒指
10452012	圣火之暗玉扳指	戒指
10452013	圣火之雪晶戒指	戒指
10452014	圣火之百裂戒指	戒指
10452015	圣火之红豆	戒指
10452016	圣火之潇湘	戒指
10452017	圣火之连影夺目	戒指
10452018	圣火之清心	戒指
10452019	圣火之万圣	戒指
10452020	圣火之三清	戒指
10452021	降龙之丝花戒指	戒指
10452022	降龙之暗玉扳指	戒指
10452023	降龙之雪晶戒指	戒指
10452024	降龙之百裂戒指	戒指
10452025	降龙之红豆	戒指
10452026	降龙之潇湘	戒指
10452027	降龙之连影夺目	戒指
10452028	降龙之清心	戒指
10452029	降龙之万圣	戒指
10452030	降龙之三清	戒指
10452031	玉女之丝花戒指	戒指
10452032	玉女之暗玉扳指	戒指
10452033	玉女之雪晶戒指	戒指
10452034	玉女之百裂戒指	戒指
10452035	玉女之红豆	戒指
10452036	玉女之潇湘	戒指
10452037	玉女之连影夺目	戒指
10452038	玉女之清心	戒指
10452039	玉女之万圣	戒指
10452040	玉女之三清	戒指
10452041	无极之丝花戒指	戒指
10452042	无极之暗玉扳指	戒指
10452043	无极之雪晶戒指	戒指
10452044	无极之百裂戒指	戒指
10452045	无极之红豆	戒指
10452046	无极之潇湘	戒指
10452047	无极之连影夺目	戒指
10452048	无极之清心	戒指
10452049	无极之万圣	戒指
10452050	无极之三清	戒指
10452051	荒毒之丝花戒指	戒指
10452052	荒毒之暗玉扳指	戒指
10452053	荒毒之雪晶戒指	戒指
10452054	荒毒之百裂戒指	戒指
10452055	荒毒之红豆	戒指
10452056	荒毒之潇湘	戒指
10452057	荒毒之连影夺目	戒指
10452058	荒毒之清心	戒指
10452059	荒毒之万圣	戒指
10452060	荒毒之三清	戒指
10452061	无相之丝花戒指	戒指
10452062	无相之暗玉扳指	戒指
10452063	无相之雪晶戒指	戒指
10452064	无相之百裂戒指	戒指
10452065	无相之红豆	戒指
10452066	无相之潇湘	戒指
10452067	无相之连影夺目	戒指
10452068	无相之清心	戒指
10452069	无相之万圣	戒指
10452070	无相之三清	戒指
10452071	北冥之丝花戒指	戒指
10452072	北冥之暗玉扳指	戒指
10452073	北冥之雪晶戒指	戒指
10452074	北冥之百裂戒指	戒指
10452075	北冥之红豆	戒指
10452076	北冥之潇湘	戒指
10452077	北冥之连影夺目	戒指
10452078	北冥之清心	戒指
10452079	北冥之万圣	戒指
10452080	北冥之三清	戒指
10452081	凝脉之丝花戒指	戒指
10452082	凝脉之暗玉扳指	戒指
10452083	凝脉之雪晶戒指	戒指
10452084	凝脉之百裂戒指	戒指
10452085	凝脉之红豆	戒指
10452086	凝脉之潇湘	戒指
10452087	凝脉之连影夺目	戒指
10452088	凝脉之清心	戒指
10452089	凝脉之万圣	戒指
10452090	凝脉之三清	戒指
10452091	未使用	戒指
10452092	未使用	戒指
10452093	未使用	戒指
10452094	未使用	戒指
10452095	未使用	戒指
10452096	未使用	戒指
10452097	未使用	戒指
10452098	未使用	戒指
10452099	未使用	戒指
10452100	未使用	戒指
10452101	未使用	戒指
10452102	未使用	戒指
10452103	未使用	戒指
10452104	未使用	戒指
10452105	未使用	戒指
10452106	未使用	戒指
10452107	未使用	戒指
10452108	未使用	戒指
10452109	未使用	戒指
10452110	未使用	戒指
10452111	未使用	戒指
10452112	未使用	戒指
10452113	未使用	戒指
10452114	未使用	戒指
10452115	未使用	戒指
10452116	未使用	戒指
10452117	未使用	戒指
10452118	未使用	戒指
10452119	未使用	戒指
10452120	未使用	戒指
10452121	未使用	戒指
10452122	未使用	戒指
10452123	未使用	戒指
10452124	未使用	戒指
10452125	未使用	戒指
10452126	未使用	戒指
10452127	未使用	戒指
10452128	未使用	戒指
10452129	未使用	戒指
10452130	未使用	戒指
10452131	未使用	戒指
10452132	未使用	戒指
10452133	未使用	戒指
10452134	未使用	戒指
10452135	未使用	戒指
10452136	未使用	戒指
10452137	未使用	戒指
10452138	未使用	戒指
10452139	未使用	戒指
10452140	未使用	戒指
10452141	未使用	戒指
10452142	未使用	戒指
10452143	未使用	戒指
10452144	未使用	戒指
10452145	未使用	戒指
10452146	未使用	戒指
10452147	未使用	戒指
10452148	未使用	戒指
10452149	未使用	戒指
10452150	未使用	戒指
10452151	未使用	戒指
10452152	未使用	戒指
10452153	未使用	戒指
10452154	未使用	戒指
10452155	未使用	戒指
10452156	未使用	戒指
10452157	未使用	戒指
10452158	未使用	戒指
10452159	未使用	戒指
10452160	未使用	戒指
10452161	未使用	戒指
10452162	未使用	戒指
10452163	未使用	戒指
10452164	未使用	戒指
10452165	未使用	戒指
10452166	未使用	戒指
10452167	未使用	戒指
10452168	未使用	戒指
10453001	达摩之暖玉护符	护符
10453002	达摩之青陌护符	护符
10453003	达摩之残魂护符	护符
10453004	达摩之裂戒护符	护符
10453005	达摩之连决护符	护符
10453006	达摩之云归护符	护符
10453007	达摩之九捻	护符
10453008	达摩之宿忧	护符
10453009	达摩之满月	护符
10453010	达摩之幽仙	护符
10453011	圣火之暖玉护符	护符
10453012	圣火之青陌护符	护符
10453013	圣火之残魂护符	护符
10453014	圣火之裂戒护符	护符
10453015	圣火之连决护符	护符
10453016	圣火之云归护符	护符
10453017	圣火之九捻	护符
10453018	圣火之宿忧	护符
10453019	圣火之满月	护符
10453020	圣火之幽仙	护符
10453021	降龙之暖玉护符	护符
10453022	降龙之青陌护符	护符
10453023	降龙之残魂护符	护符
10453024	降龙之裂戒护符	护符
10453025	降龙之连决护符	护符
10453026	降龙之云归护符	护符
10453027	降龙之九捻	护符
10453028	降龙之宿忧	护符
10453029	降龙之满月	护符
10453030	降龙之幽仙	护符
10453031	玉女之暖玉护符	护符
10453032	玉女之青陌护符	护符
10453033	玉女之残魂护符	护符
10453034	玉女之裂戒护符	护符
10453035	玉女之连决护符	护符
10453036	玉女之云归护符	护符
10453037	玉女之九捻	护符
10453038	玉女之宿忧	护符
10453039	玉女之满月	护符
10453040	玉女之幽仙	护符
10453041	无极之暖玉护符	护符
10453042	无极之青陌护符	护符
10453043	无极之残魂护符	护符
10453044	无极之裂戒护符	护符
10453045	无极之连决护符	护符
10453046	无极之云归护符	护符
10453047	无极之九捻	护符
10453048	无极之宿忧	护符
10453049	无极之满月	护符
10453050	无极之幽仙	护符
10453051	荒毒之暖玉护符	护符
10453052	荒毒之青陌护符	护符
10453053	荒毒之残魂护符	护符
10453054	荒毒之裂戒护符	护符
10453055	荒毒之连决护符	护符
10453056	荒毒之云归护符	护符
10453057	荒毒之九捻	护符
10453058	荒毒之宿忧	护符
10453059	荒毒之满月	护符
10453060	荒毒之幽仙	护符
10453061	无相之暖玉护符	护符
10453062	无相之青陌护符	护符
10453063	无相之残魂护符	护符
10453064	无相之裂戒护符	护符
10453065	无相之连决护符	护符
10453066	无相之云归护符	护符
10453067	无相之九捻	护符
10453068	无相之宿忧	护符
10453069	无相之满月	护符
10453070	无相之幽仙	护符
10453071	北冥之暖玉护符	护符
10453072	北冥之青陌护符	护符
10453073	北冥之残魂护符	护符
10453074	北冥之裂戒护符	护符
10453075	北冥之连决护符	护符
10453076	北冥之云归护符	护符
10453077	北冥之九捻	护符
10453078	北冥之宿忧	护符
10453079	北冥之满月	护符
10453080	北冥之幽仙	护符
10453081	凝脉之暖玉护符	护符
10453082	凝脉之青陌护符	护符
10453083	凝脉之残魂护符	护符
10453084	凝脉之裂戒护符	护符
10453085	凝脉之连决护符	护符
10453086	凝脉之云归护符	护符
10453087	凝脉之九捻	护符
10453088	凝脉之宿忧	护符
10453089	凝脉之满月	护符
10453090	凝脉之幽仙	护符
10470000	未使用	帽子
10470001	未使用	帽子
10470002	未使用	帽子
10470003	未使用	帽子
10470004	未使用	帽子
10470005	未使用	帽子
10470006	未使用	帽子
10470007	未使用	帽子
10470008	未使用	帽子
10470009	未使用	帽子
10470010	未使用	帽子
10470011	未使用	帽子
10470012	未使用	帽子
10470013	未使用	帽子
10470014	未使用	帽子
10470015	未使用	帽子
10470016	未使用	帽子
10470017	未使用	帽子
10470018	未使用	帽子
10470019	未使用	帽子
10470020	未使用	帽子
10470021	未使用	帽子
10470022	未使用	帽子
10470023	未使用	帽子
10470024	未使用	帽子
10470025	未使用	帽子
10470026	未使用	帽子
10470027	未使用	帽子
10470028	未使用	帽子
10470029	未使用	帽子
10470030	未使用	帽子
10470031	未使用	帽子
10470032	未使用	帽子
10470033	未使用	帽子
10470034	未使用	帽子
10470035	未使用	帽子
10470036	未使用	帽子
10470037	未使用	帽子
10470038	未使用	帽子
10470039	未使用	帽子
10470040	未使用	帽子
10470041	未使用	帽子
10470042	未使用	帽子
10470043	未使用	帽子
10470044	未使用	帽子
10470045	未使用	帽子
10470046	未使用	帽子
10470047	未使用	帽子
10470048	未使用	帽子
10470049	未使用	帽子
10470050	未使用	帽子
10470051	未使用	帽子
10470052	未使用	帽子
10470053	未使用	帽子
10470054	未使用	帽子
10470055	未使用	帽子
10470056	未使用	帽子
10470057	未使用	帽子
10470058	未使用	帽子
10470059	未使用	帽子
10470060	未使用	帽子
10470061	未使用	帽子
10470062	未使用	帽子
10470063	未使用	帽子
10470064	未使用	帽子
10470065	未使用	帽子
10470066	未使用	帽子
10470067	未使用	帽子
10470068	未使用	帽子
10470069	未使用	帽子
10470070	未使用	帽子
10470071	未使用	帽子
10470072	未使用	帽子
10470073	未使用	帽子
10470074	未使用	帽子
10470075	未使用	帽子
10470076	未使用	帽子
10470077	未使用	帽子
10470078	未使用	帽子
10470079	未使用	帽子
10470080	未使用	帽子
10470081	未使用	帽子
10470082	未使用	帽子
10470083	未使用	帽子
10470084	未使用	帽子
10470085	未使用	帽子
10470086	未使用	帽子
10470087	未使用	帽子
10470088	未使用	帽子
10470089	未使用	帽子
10470090	未使用	帽子
10470091	未使用	帽子
10470092	未使用	帽子
10470093	未使用	帽子
10470094	未使用	帽子
10470095	未使用	帽子
10470096	未使用	帽子
10470097	未使用	帽子
10470098	未使用	帽子
10470099	未使用	帽子
10470100	未使用	帽子
10470101	未使用	帽子
10470102	未使用	帽子
10470103	未使用	帽子
10470104	未使用	帽子
10470105	未使用	帽子
10470106	未使用	帽子
10470107	未使用	帽子
10470108	未使用	帽子
10470109	未使用	帽子
10470110	未使用	帽子
10470111	未使用	帽子
10470112	未使用	帽子
10470113	未使用	帽子
10470114	未使用	帽子
10470115	未使用	帽子
10470116	未使用	帽子
10470117	未使用	帽子
10470118	未使用	帽子
10470119	未使用	帽子
10470120	未使用	帽子
10470121	未使用	帽子
10470122	未使用	帽子
10470123	未使用	帽子
10470124	未使用	帽子
10470125	未使用	帽子
10470126	未使用	帽子
10470127	未使用	帽子
10470128	未使用	帽子
10470129	未使用	帽子
10470130	未使用	帽子
10470131	未使用	帽子
10470132	未使用	帽子
10470133	未使用	帽子
10470134	未使用	帽子
10470135	未使用	帽子
10470136	未使用	帽子
10470137	未使用	帽子
10470138	未使用	帽子
10470139	未使用	帽子
10470140	未使用	帽子
10470141	未使用	帽子
10470142	未使用	帽子
10470143	未使用	帽子
10470144	未使用	帽子
10470145	未使用	帽子
10470146	未使用	帽子
10470147	未使用	帽子
10470148	未使用	帽子
10470149	未使用	帽子
10470150	未使用	帽子
10470151	未使用	帽子
10470152	未使用	帽子
10470153	未使用	帽子
10470154	未使用	帽子
10470155	未使用	帽子
10470156	未使用	帽子
10470157	未使用	帽子
10470158	未使用	帽子
10470159	未使用	帽子
10470160	未使用	帽子
10470161	未使用	帽子
10470162	未使用	帽子
10470163	未使用	帽子
10470164	未使用	帽子
10470165	未使用	帽子
10470166	未使用	帽子
10470167	未使用	帽子
10470168	未使用	帽子
10470169	未使用	帽子
10470170	未使用	帽子
10470171	未使用	帽子
10470172	未使用	帽子
10470173	未使用	帽子
10470174	未使用	帽子
10470175	未使用	帽子
10470176	未使用	帽子
10470177	未使用	帽子
10470178	未使用	帽子
10470179	未使用	帽子
10470180	未使用	帽子
10470181	未使用	帽子
10470182	未使用	帽子
10470183	未使用	帽子
10470184	未使用	帽子
10470185	未使用	帽子
10470186	未使用	帽子
10470187	未使用	帽子
10470188	未使用	帽子
10470189	未使用	帽子
10470190	未使用	帽子
10470191	未使用	帽子
10470192	未使用	帽子
10470193	未使用	帽子
10470194	未使用	帽子
10470195	未使用	帽子
10470196	未使用	帽子
10470197	未使用	帽子
10470198	未使用	帽子
10470199	未使用	帽子
10470200	未使用	帽子
10471000	未使用	鞋
10471001	未使用	鞋
10471002	未使用	鞋
10471003	未使用	鞋
10471004	未使用	鞋
10471005	未使用	鞋
10471006	未使用	鞋
10471007	未使用	鞋
10471008	未使用	鞋
10471009	未使用	鞋
10471010	未使用	鞋
10471011	未使用	鞋
10471012	未使用	鞋
10471013	未使用	鞋
10471014	未使用	鞋
10471015	未使用	鞋
10471016	未使用	鞋
10471017	未使用	鞋
10471018	未使用	鞋
10471019	未使用	鞋
10471020	未使用	鞋
10471021	未使用	鞋
10471022	未使用	鞋
10471023	未使用	鞋
10471024	未使用	鞋
10471025	未使用	鞋
10471026	未使用	鞋
10471027	未使用	鞋
10471028	未使用	鞋
10471029	未使用	鞋
10471030	未使用	鞋
10471031	未使用	鞋
10471032	未使用	鞋
10471033	未使用	鞋
10471034	未使用	鞋
10471035	未使用	鞋
10471036	未使用	鞋
10471037	未使用	鞋
10471038	未使用	鞋
10471039	未使用	鞋
10471040	未使用	鞋
10471041	未使用	鞋
10471042	未使用	鞋
10471043	未使用	鞋
10471044	未使用	鞋
10471045	未使用	鞋
10471046	未使用	鞋
10471047	未使用	鞋
10471048	未使用	鞋
10471049	未使用	鞋
10471050	未使用	鞋
10471051	未使用	鞋
10471052	未使用	鞋
10471053	未使用	鞋
10471054	未使用	鞋
10471055	未使用	鞋
10471056	未使用	鞋
10471057	未使用	鞋
10471058	未使用	鞋
10471059	未使用	鞋
10471060	未使用	鞋
10471061	未使用	鞋
10471062	未使用	鞋
10471063	未使用	鞋
10471064	未使用	鞋
10471065	未使用	鞋
10471066	未使用	鞋
10471067	未使用	鞋
10471068	未使用	鞋
10471069	未使用	鞋
10471070	未使用	鞋
10471071	未使用	鞋
10471072	未使用	鞋
10471073	未使用	鞋
10471074	未使用	鞋
10471075	未使用	鞋
10471076	未使用	鞋
10471077	未使用	鞋
10471078	未使用	鞋
10471079	未使用	鞋
10471080	未使用	鞋
10471081	未使用	鞋
10471082	未使用	鞋
10471083	未使用	鞋
10471084	未使用	鞋
10471085	未使用	鞋
10471086	未使用	鞋
10471087	未使用	鞋
10471088	未使用	鞋
10471089	未使用	鞋
10471090	未使用	鞋
10471091	未使用	鞋
10471092	未使用	鞋
10471093	未使用	鞋
10471094	未使用	鞋
10471095	未使用	鞋
10471096	未使用	鞋
10471097	未使用	鞋
10471098	未使用	鞋
10471099	未使用	鞋
10471100	未使用	鞋
10471101	未使用	鞋
10471102	未使用	鞋
10471103	未使用	鞋
10471104	未使用	鞋
10471105	未使用	鞋
10471106	未使用	鞋
10471107	未使用	鞋
10471108	未使用	鞋
10471109	未使用	鞋
10471110	未使用	鞋
10471111	未使用	鞋
10471112	未使用	鞋
10471113	未使用	鞋
10471114	未使用	鞋
10471115	未使用	鞋
10471116	未使用	鞋
10471117	未使用	鞋
10471118	未使用	鞋
10471119	未使用	鞋
10471120	未使用	鞋
10471121	未使用	鞋
10471122	未使用	鞋
10471123	未使用	鞋
10471124	未使用	鞋
10471125	未使用	鞋
10471126	未使用	鞋
10471127	未使用	鞋
10471128	未使用	鞋
10471129	未使用	鞋
10471130	未使用	鞋
10471131	未使用	鞋
10471132	未使用	鞋
10471133	未使用	鞋
10471134	未使用	鞋
10471135	未使用	鞋
10471136	未使用	鞋
10471137	未使用	鞋
10471138	未使用	鞋
10471139	未使用	鞋
10471140	未使用	鞋
10471141	未使用	鞋
10471142	未使用	鞋
10471143	未使用	鞋
10471144	未使用	鞋
10471145	未使用	鞋
10471146	未使用	鞋
10471147	未使用	鞋
10471148	未使用	鞋
10471149	未使用	鞋
10471150	未使用	鞋
10471151	未使用	鞋
10471152	未使用	鞋
10471153	未使用	鞋
10471154	未使用	鞋
10471155	未使用	鞋
10471156	未使用	鞋
10471157	未使用	鞋
10471158	未使用	鞋
10471159	未使用	鞋
10471160	未使用	鞋
10471161	未使用	鞋
10471162	未使用	鞋
10471163	未使用	鞋
10471164	未使用	鞋
10471165	未使用	鞋
10471166	未使用	鞋
10471167	未使用	鞋
10471168	未使用	鞋
10471169	未使用	鞋
10471170	未使用	鞋
10471171	未使用	鞋
10471172	未使用	鞋
10471173	未使用	鞋
10471174	未使用	鞋
10471175	未使用	鞋
10471176	未使用	鞋
10471177	未使用	鞋
10471178	未使用	鞋
10471179	未使用	鞋
10471180	未使用	鞋
10471181	未使用	鞋
10471182	未使用	鞋
10471183	未使用	鞋
10471184	未使用	鞋
10471185	未使用	鞋
10471186	未使用	鞋
10471187	未使用	鞋
10471188	未使用	鞋
10471189	未使用	鞋
10471190	未使用	鞋
10471191	未使用	鞋
10471192	未使用	鞋
10471193	未使用	鞋
10471194	未使用	鞋
10471195	未使用	鞋
10471196	未使用	鞋
10471197	未使用	鞋
10471198	未使用	鞋
10471199	未使用	鞋
10471200	未使用	鞋
10472000	未使用	手套
10472001	未使用	手套
10472002	未使用	手套
10472003	未使用	手套
10472004	未使用	手套
10472005	未使用	手套
10472006	未使用	手套
10472007	未使用	手套
10472008	未使用	手套
10472009	未使用	手套
10472010	未使用	手套
10472011	未使用	手套
10472012	未使用	手套
10472013	未使用	手套
10472014	未使用	手套
10472015	未使用	手套
10472016	未使用	手套
10472017	未使用	手套
10472018	未使用	手套
10472019	未使用	手套
10472020	未使用	手套
10472021	未使用	手套
10472022	未使用	手套
10472023	未使用	手套
10472024	未使用	手套
10472025	未使用	手套
10472026	未使用	手套
10472027	未使用	手套
10472028	未使用	手套
10472029	未使用	手套
10472030	未使用	手套
10472031	未使用	手套
10472032	未使用	手套
10472033	未使用	手套
10472034	未使用	手套
10472035	未使用	手套
10472036	未使用	手套
10472037	未使用	手套
10472038	未使用	手套
10472039	未使用	手套
10472040	未使用	手套
10472041	未使用	手套
10472042	未使用	手套
10472043	未使用	手套
10472044	未使用	手套
10472045	未使用	手套
10472046	未使用	手套
10472047	未使用	手套
10472048	未使用	手套
10472049	未使用	手套
10472050	未使用	手套
10472051	未使用	手套
10472052	未使用	手套
10472053	未使用	手套
10472054	未使用	手套
10472055	未使用	手套
10472056	未使用	手套
10472057	未使用	手套
10472058	未使用	手套
10472059	未使用	手套
10472060	未使用	手套
10472061	未使用	手套
10472062	未使用	手套
10472063	未使用	手套
10472064	未使用	手套
10472065	未使用	手套
10472066	未使用	手套
10472067	未使用	手套
10472068	未使用	手套
10472069	未使用	手套
10472070	未使用	手套
10472071	未使用	手套
10472072	未使用	手套
10472073	未使用	手套
10472074	未使用	手套
10472075	未使用	手套
10472076	未使用	手套
10472077	未使用	手套
10472078	未使用	手套
10472079	未使用	手套
10472080	未使用	手套
10472081	未使用	手套
10472082	未使用	手套
10472083	未使用	手套
10472084	未使用	手套
10472085	未使用	手套
10472086	未使用	手套
10472087	未使用	手套
10472088	未使用	手套
10472089	未使用	手套
10472090	未使用	手套
10472091	未使用	手套
10472092	未使用	手套
10472093	未使用	手套
10472094	未使用	手套
10472095	未使用	手套
10472096	未使用	手套
10472097	未使用	手套
10472098	未使用	手套
10472099	未使用	手套
10472100	未使用	手套
10472101	未使用	手套
10472102	未使用	手套
10472103	未使用	手套
10472104	未使用	手套
10472105	未使用	手套
10472106	未使用	手套
10472107	未使用	手套
10472108	未使用	手套
10472109	未使用	手套
10472110	未使用	手套
10472111	未使用	手套
10472112	未使用	手套
10472113	未使用	手套
10472114	未使用	手套
10472115	未使用	手套
10472116	未使用	手套
10472117	未使用	手套
10472118	未使用	手套
10472119	未使用	手套
10472120	未使用	手套
10472121	未使用	手套
10472122	未使用	手套
10472123	未使用	手套
10472124	未使用	手套
10472125	未使用	手套
10472126	未使用	手套
10472127	未使用	手套
10472128	未使用	手套
10472129	未使用	手套
10472130	未使用	手套
10472131	未使用	手套
10472132	未使用	手套
10472133	未使用	手套
10472134	未使用	手套
10472135	未使用	手套
10472136	未使用	手套
10472137	未使用	手套
10472138	未使用	手套
10472139	未使用	手套
10472140	未使用	手套
10472141	未使用	手套
10472142	未使用	手套
10472143	未使用	手套
10472144	未使用	手套
10472145	未使用	手套
10472146	未使用	手套
10472147	未使用	手套
10472148	未使用	手套
10472149	未使用	手套
10472150	未使用	手套
10472151	未使用	手套
10472152	未使用	手套
10472153	未使用	手套
10472154	未使用	手套
10472155	未使用	手套
10472156	未使用	手套
10472157	未使用	手套
10472158	未使用	手套
10472159	未使用	手套
10472160	未使用	手套
10472161	未使用	手套
10472162	未使用	手套
10472163	未使用	手套
10472164	未使用	手套
10472165	未使用	手套
10472166	未使用	手套
10472167	未使用	手套
10472168	未使用	手套
10472169	未使用	手套
10472170	未使用	手套
10472171	未使用	手套
10472172	未使用	手套
10472173	未使用	手套
10472174	未使用	手套
10472175	未使用	手套
10472176	未使用	手套
10472177	未使用	手套
10472178	未使用	手套
10472179	未使用	手套
10472180	未使用	手套
10472181	未使用	手套
10472182	未使用	手套
10472183	未使用	手套
10472184	未使用	手套
10472185	未使用	手套
10472186	未使用	手套
10472187	未使用	手套
10472188	未使用	手套
10472189	未使用	手套
10472190	未使用	手套
10472191	未使用	手套
10472192	未使用	手套
10472193	未使用	手套
10472194	未使用	手套
10472195	未使用	手套
10472196	未使用	手套
10472197	未使用	手套
10472198	未使用	手套
10472199	未使用	手套
10472200	未使用	手套
10473000	未使用	衣服
10473001	未使用	衣服
10473002	未使用	衣服
10473003	未使用	衣服
10473004	未使用	衣服
10473005	未使用	衣服
10473006	未使用	衣服
10473007	未使用	衣服
10473008	未使用	衣服
10473009	未使用	衣服
10473010	未使用	衣服
10473011	未使用	衣服
10473012	未使用	衣服
10473013	未使用	衣服
10473014	未使用	衣服
10473015	未使用	衣服
10473016	未使用	衣服
10473017	未使用	衣服
10473018	未使用	衣服
10473019	未使用	衣服
10473020	未使用	衣服
10473021	未使用	衣服
10473022	未使用	衣服
10473023	未使用	衣服
10473024	未使用	衣服
10473025	未使用	衣服
10473026	未使用	衣服
10473027	未使用	衣服
10473028	未使用	衣服
10473029	未使用	衣服
10473030	未使用	衣服
10473031	未使用	衣服
10473032	未使用	衣服
10473033	未使用	衣服
10473034	未使用	衣服
10473035	未使用	衣服
10473036	未使用	衣服
10473037	未使用	衣服
10473038	未使用	衣服
10473039	未使用	衣服
10473040	未使用	衣服
10473041	未使用	衣服
10473042	未使用	衣服
10473043	未使用	衣服
10473044	未使用	衣服
10473045	未使用	衣服
10473046	未使用	衣服
10473047	未使用	衣服
10473048	未使用	衣服
10473049	未使用	衣服
10473050	未使用	衣服
10473051	未使用	衣服
10473052	未使用	衣服
10473053	未使用	衣服
10473054	未使用	衣服
10473055	未使用	衣服
10473056	未使用	衣服
10473057	未使用	衣服
10473058	未使用	衣服
10473059	未使用	衣服
10473060	未使用	衣服
10473061	未使用	衣服
10473062	未使用	衣服
10473063	未使用	衣服
10473064	未使用	衣服
10473065	未使用	衣服
10473066	未使用	衣服
10473067	未使用	衣服
10473068	未使用	衣服
10473069	未使用	衣服
10473070	未使用	衣服
10473071	未使用	衣服
10473072	未使用	衣服
10473073	未使用	衣服
10473074	未使用	衣服
10473075	未使用	衣服
10473076	未使用	衣服
10473077	未使用	衣服
10473078	未使用	衣服
10473079	未使用	衣服
10473080	未使用	衣服
10473081	未使用	衣服
10473082	未使用	衣服
10473083	未使用	衣服
10473084	未使用	衣服
10473085	未使用	衣服
10473086	未使用	衣服
10473087	未使用	衣服
10473088	未使用	衣服
10473089	未使用	衣服
10473090	未使用	衣服
10473091	未使用	衣服
10473092	未使用	衣服
10473093	未使用	衣服
10473094	未使用	衣服
10473095	未使用	衣服
10473096	未使用	衣服
10473097	未使用	衣服
10473098	未使用	衣服
10473099	未使用	衣服
10473100	未使用	衣服
10473101	未使用	衣服
10473102	未使用	衣服
10473103	未使用	衣服
10473104	未使用	衣服
10473105	未使用	衣服
10473106	未使用	衣服
10473107	未使用	衣服
10473108	未使用	衣服
10473109	未使用	衣服
10473110	未使用	衣服
10473111	未使用	衣服
10473112	未使用	衣服
10473113	未使用	衣服
10473114	未使用	衣服
10473115	未使用	衣服
10473116	未使用	衣服
10473117	未使用	衣服
10473118	未使用	衣服
10473119	未使用	衣服
10473120	未使用	衣服
10473121	未使用	衣服
10473122	未使用	衣服
10473123	未使用	衣服
10473124	未使用	衣服
10473125	未使用	衣服
10473126	未使用	衣服
10473127	未使用	衣服
10473128	未使用	衣服
10473129	未使用	衣服
10473130	未使用	衣服
10473131	未使用	衣服
10473132	未使用	衣服
10473133	未使用	衣服
10473134	未使用	衣服
10473135	未使用	衣服
10473136	未使用	衣服
10473137	未使用	衣服
10473138	未使用	衣服
10473139	未使用	衣服
10473140	未使用	衣服
10473141	未使用	衣服
10473142	未使用	衣服
10473143	未使用	衣服
10473144	未使用	衣服
10473145	未使用	衣服
10473146	未使用	衣服
10473147	未使用	衣服
10473148	未使用	衣服
10473149	未使用	衣服
10473150	未使用	衣服
10473151	未使用	衣服
10473152	未使用	衣服
10473153	未使用	衣服
10473154	未使用	衣服
10473155	未使用	衣服
10473156	未使用	衣服
10473157	未使用	衣服
10473158	未使用	衣服
10473159	未使用	衣服
10473160	未使用	衣服
10473161	未使用	衣服
10473162	未使用	衣服
10473163	未使用	衣服
10473164	未使用	衣服
10473165	未使用	衣服
10473166	未使用	衣服
10473167	未使用	衣服
10473168	未使用	衣服
10473169	未使用	衣服
10473170	未使用	衣服
10473171	未使用	衣服
10473172	未使用	衣服
10473173	未使用	衣服
10473174	未使用	衣服
10473175	未使用	衣服
10473176	未使用	衣服
10473177	未使用	衣服
10473178	未使用	衣服
10473179	未使用	衣服
10473180	未使用	衣服
10473181	未使用	衣服
10473182	未使用	衣服
10473183	未使用	衣服
10473184	未使用	衣服
10473185	未使用	衣服
10473186	未使用	衣服
10473187	未使用	衣服
10473188	未使用	衣服
10473189	未使用	衣服
10473190	未使用	衣服
10473191	未使用	衣服
10473192	未使用	衣服
10473193	未使用	衣服
10473194	未使用	衣服
10473195	未使用	衣服
10473196	未使用	衣服
10473197	未使用	衣服
10473198	未使用	衣服
10473199	未使用	衣服
10473200	未使用	衣服
10500000	修碧	刀斧类
10500001	未使用	刀斧类
10500002	韦陀	刀斧类
10500003	未使用	刀斧类
10500004	未使用	刀斧类
10500005	罗汉	刀斧类
10500006	未使用	刀斧类
10500007	未使用	刀斧类
10500008	归埃	刀斧类
10500009	菩提	刀斧类
10500010	未使用	刀斧类
10500011	未使用	刀斧类
10500012	烈焰	刀斧类
10500013	未使用	刀斧类
10500014	未使用	刀斧类
10500015	归尘	刀斧类
10500016	未使用	刀斧类
10500017	未使用	刀斧类
10500018	圣火	刀斧类
10500019	九阳	刀斧类
10501000	未使用	枪棒类
10501001	未使用	枪棒类
10501002	见龙	枪棒类
10501003	未使用	枪棒类
10501004	未使用	枪棒类
10501005	囚龙	枪棒类
10501006	未使用	枪棒类
10501007	未使用	枪棒类
10501008	擒龙	枪棒类
10501009	鲲鹏	枪棒类
10502000	未使用	单短类
10502001	未使用	单短类
10502002	四象	单短类
10502003	未使用	单短类
10502004	未使用	单短类
10502005	阴阳	单短类
10502006	未使用	单短类
10502007	未使用	单短类
10502008	太极	单短类
10502009	玄机	单短类
10503000	未使用	双短类
10503001	未使用	双短类
10503002	九影	双短类
10503003	未使用	双短类
10503004	未使用	双短类
10503005	飘雪	双短类
10503006	未使用	双短类
10503007	未使用	双短类
10503008	回心	双短类
10503009	神噬	双短类
10503010	未使用	双短类
10503011	未使用	双短类
10503012	抽髓	双短类
10503013	未使用	双短类
10503014	未使用	双短类
10503015	夺魂	双短类
10503016	未使用	双短类
10503017	未使用	双短类
10503018	神木	双短类
10503019	流魂	双短类
10504000	未使用	扇类
10504001	未使用	扇类
10504002	卷无	扇类
10504003	未使用	扇类
10504004	未使用	扇类
10504005	六阳	扇类
10504006	未使用	扇类
10504007	未使用	扇类
10504008	心云	扇类
10504009	碧落	扇类
10504010	未使用	扇类
10504011	未使用	扇类
10504012	苍竹	扇类
10504013	未使用	扇类
10504014	未使用	扇类
10504015	落英	扇类
10504016	未使用	扇类
10504017	未使用	扇类
10504018	淩烟	扇类
10504019	行云	扇类
10505000	未使用	环类
10505001	未使用	环类
10505002	中冲	环类
10505003	未使用	环类
10505004	未使用	环类
10505005	商阳	环类
10505006	未使用	环类
10505007	未使用	环类
10505008	天南	环类
10505009	苍玉	环类
10510000	摩柯云铁盔	帽子
10510001	未使用	帽子
10510002	未使用	帽子
10510003	未使用	帽子
10510004	未使用	帽子
10510005	罗汉繁铁盔	帽子
10510006	摩天御铁盔	帽子
10510007	未使用	帽子
10510008	归埃云之盔	帽子
10510009	菩提月闵盔	帽子
10510010	未使用	帽子
10510011	未使用	帽子
10510012	烈焰仪铁盔	帽子
10510013	怒焰寒铁盔	帽子
10510014	未使用	帽子
10510015	未使用	帽子
10510016	未使用	帽子
10510017	焚灭暮月冠	帽子
10510018	未使用	帽子
10510019	九阳碧麟盔	帽子
10510020	未使用	帽子
10510021	潜龙柔铁盔	帽子
10510022	未使用	帽子
10510023	龙战潜铁盔	帽子
10510024	未使用	帽子
10510025	未使用	帽子
10510026	升龙碧落盔	帽子
10510027	未使用	帽子
10510028	未使用	帽子
10510029	鲲鹏哀伤之盔	帽子
10510030	无极纤丝帽	帽子
10510031	未使用	帽子
10510032	未使用	帽子
10510033	未使用	帽子
10510034	未使用	帽子
10510035	阴阳纤绸帽	帽子
10510036	形意素月帽	帽子
10510037	未使用	帽子
10510038	太极泣火冠	帽子
10510039	玄机冥天冠	帽子
10510040	未使用	帽子
10510041	未使用	帽子
10510042	九影明月帽	帽子
10510043	摄魂宿夜帽	帽子
10510044	未使用	帽子
10510045	未使用	帽子
10510046	未使用	帽子
10510047	玉女咏月冠	帽子
10510048	未使用	帽子
10510049	神噬玉落冠	帽子
10510050	未使用	帽子
10510051	三阴璓勉帽	帽子
10510052	未使用	帽子
10510053	缠魂玄明帽	帽子
10510054	未使用	帽子
10510055	未使用	帽子
10510056	炼心魅月冠	帽子
10510057	未使用	帽子
10510058	未使用	帽子
10510059	流魂宿灭冠	帽子
10510060	踏雪分金首	帽子
10510061	未使用	帽子
10510062	未使用	帽子
10510063	未使用	帽子
10510064	未使用	帽子
10510065	六阳焕魅首	帽子
10510066	月凡暮云首	帽子
10510067	未使用	帽子
10510068	心云淩雪首	帽子
10510069	碧落泻银首	帽子
10510070	未使用	帽子
10510071	未使用	帽子
10510072	苍竹翠麟首	帽子
10510073	折梅云龙首	帽子
10510074	未使用	帽子
10510075	未使用	帽子
10510076	未使用	帽子
10510077	诛仙翠竹首	帽子
10510078	未使用	帽子
10510079	行云逐月首	帽子
10510080	未使用	帽子
10510081	一阳龙吟首	帽子
10510082	未使用	帽子
10510083	少商暮落首	帽子
10510084	未使用	帽子
10510085	未使用	帽子
10510086	关冲沐羽首	帽子
10510087	未使用	帽子
10510088	未使用	帽子
10510089	苍玉龙麟首	帽子
10510090	渡泸西蜀端	帽子
10510091	倚楼溪斜纶	帽子
10510092	玉骨烟云冠	帽子
10510093	尘拂舞风冠	帽子
10510094	香焚红楼绝	帽子
10510095	琴横离情冠	帽子
10511000	摩柯云铁鞋	鞋
10511001	未使用	鞋
10511002	未使用	鞋
10511003	未使用	鞋
10511004	般若银铁鞋	鞋
10511005	未使用	鞋
10511006	未使用	鞋
10511007	无尘炼铁鞋	鞋
10511008	未使用	鞋
10511009	菩提月流鞋	鞋
10511010	未使用	鞋
10511011	未使用	鞋
10511012	烈焰仪铁鞋	鞋
10511013	未使用	鞋
10511014	地火缘铁鞋	鞋
10511015	未使用	鞋
10511016	天火流云鞋	鞋
10511017	未使用	鞋
10511018	圣火淩波脚	鞋
10511019	九阳碧麟鞋	鞋
10511020	未使用	鞋
10511021	潜龙柔铁鞋	鞋
10511022	未使用	鞋
10511023	未使用	鞋
10511024	未使用	鞋
10511025	囚龙残铁鞋	鞋
10511026	未使用	鞋
10511027	未使用	鞋
10511028	擒龙束铁鞋	鞋
10511029	鲲鹏哀伤之鞋	鞋
10511030	无极纤丝鞋	鞋
10511031	未使用	鞋
10511032	未使用	鞋
10511033	未使用	鞋
10511034	八卦棉麻鞋	鞋
10511035	未使用	鞋
10511036	未使用	鞋
10511037	五行繁丝鞋	鞋
10511038	未使用	鞋
10511039	玄机冥天鞋	鞋
10511040	未使用	鞋
10511041	未使用	鞋
10511042	九影明月鞋	鞋
10511043	未使用	鞋
10511044	控鹤光秀鞋	鞋
10511045	未使用	鞋
10511046	鹤影流萤鞋	鞋
10511047	未使用	鞋
10511048	回心融雪鞋	鞋
10511049	神噬玉落鞋	鞋
10511050	未使用	鞋
10511051	三阴璓勉鞋	鞋
10511052	未使用	鞋
10511053	未使用	鞋
10511054	未使用	鞋
10511055	夺魂尘丝鞋	鞋
10511056	未使用	鞋
10511057	未使用	鞋
10511058	神木麒麟鞋	鞋
10511059	流魂宿灭鞋	鞋
10511060	踏雪分金鞋	鞋
10511061	未使用	鞋
10511062	未使用	鞋
10511063	未使用	鞋
10511064	八荒断云鞋	鞋
10511065	未使用	鞋
10511066	未使用	鞋
10511067	地鹤逆尘鞋	鞋
10511068	未使用	鞋
10511069	碧落泻银鞋	鞋
10511070	未使用	鞋
10511071	未使用	鞋
10511072	苍竹翠麟鞋	鞋
10511073	未使用	鞋
10511074	纯阳散雪鞋	鞋
10511075	未使用	鞋
10511076	遁甲落碧鞋	鞋
10511077	未使用	鞋
10511078	淩烟灭麟鞋	鞋
10511079	行云逐月鞋	鞋
10511080	未使用	鞋
10511081	一阳龙吟鞋	鞋
10511082	未使用	鞋
10511083	未使用	鞋
10511084	未使用	鞋
10511085	商阳圣玉鞋	鞋
10511086	未使用	鞋
10511087	未使用	鞋
10511088	天南蛟龙鞋	鞋
10511089	苍玉龙麟脚	鞋
10511090	明月素影靴	鞋
10511091	碧天北斗靴	鞋
10511092	渡泸西蜀移	鞋
10511093	倚楼溪斜踱	鞋
10511094	玉骨烟云鞋	鞋
10511095	尘拂舞风履	鞋
10511096	雕阑风夜踏	鞋
10511097	太阴澄虚之痕	鞋
10511098	银筝弄弦速	鞋
10511099	恨天登楼瞬	鞋
10512000	摩柯云铁手	手套
10512001	未使用	手套
10512002	未使用	手套
10512003	金刚散铁手	手套
10512004	未使用	手套
10512005	未使用	手套
10512006	未使用	手套
10512007	未使用	手套
10512008	归埃云之手	手套
10512009	菩提月影手	手套
10512010	未使用	手套
10512011	未使用	手套
10512012	烈焰仪铁手	手套
10512013	未使用	手套
10512014	未使用	手套
10512015	归尘隽铁手	手套
10512016	未使用	手套
10512017	焚灭暮月手	手套
10512018	未使用	手套
10512019	九阳碧麟手	手套
10512020	未使用	手套
10512021	潜龙柔铁手	手套
10512022	未使用	手套
10512023	龙战潜铁手	手套
10512024	未使用	手套
10512025	未使用	手套
10512026	升龙碧落手	手套
10512027	未使用	手套
10512028	未使用	手套
10512029	鲲鹏哀伤之手	手套
10512030	无极纤丝手	手套
10512031	未使用	手套
10512032	未使用	手套
10512033	六合丝麻手	手套
10512034	未使用	手套
10512035	未使用	手套
10512036	未使用	手套
10512037	未使用	手套
10512038	太极泣火护手	手套
10512039	玄机冥天手	手套
10512040	未使用	手套
10512041	未使用	手套
10512042	九影明月手	手套
10512043	未使用	手套
10512044	未使用	手套
10512045	飘雪软丝手	手套
10512046	未使用	手套
10512047	玉女咏月手	手套
10512048	未使用	手套
10512049	神噬玉落手	手套
10512050	未使用	手套
10512051	三阴璓勉手	手套
10512052	未使用	手套
10512053	缠魂玄明手	手套
10512054	未使用	手套
10512055	未使用	手套
10512056	炼心魅月护手	手套
10512057	未使用	手套
10512058	未使用	手套
10512059	流魂宿灭手	手套
10512060	踏雪分金手	手套
10512061	未使用	手套
10512062	未使用	手套
10512063	真水秦瑶手	手套
10512064	未使用	手套
10512065	未使用	手套
10512066	未使用	手套
10512067	未使用	手套
10512068	心云淩雪手	手套
10512069	碧落泻银手	手套
10512070	未使用	手套
10512071	未使用	手套
10512072	苍竹翠麟手	手套
10512073	未使用	手套
10512074	未使用	手套
10512075	落英龙麟手	手套
10512076	未使用	手套
10512077	诛仙翠竹手	手套
10512078	未使用	手套
10512079	行云逐月手	手套
10512080	未使用	手套
10512081	一阳龙吟手	手套
10512082	未使用	手套
10512083	少商幕落手	手套
10512084	未使用	手套
10512085	未使用	手套
10512086	关冲沐羽手	手套
10512087	未使用	手套
10512088	未使用	手套
10512089	苍玉龙麟爪	手套
10512090	香焚红楼灵	手套
10512091	琴横离情灭	手套
10512092	雕阑风夜之握	手套
10512093	太阴澄虚手	手套
10512094	银筝弄弦绪	手套
10512095	恨天登楼襟	手套
10513000	未使用	衣服
10513001	无相精铁甲	衣服
10513002	未使用	衣服
10513003	未使用	衣服
10513004	般若银铁甲	衣服
10513005	未使用	衣服
10513006	未使用	衣服
10513007	未使用	衣服
10513008	归埃云之甲	衣服
10513009	菩提月梦甲	衣服
10513010	摩尼炼铁甲	衣服
10513011	未使用	衣服
10513012	未使用	衣服
10513013	未使用	衣服
10513014	地火缘铁甲	衣服
10513015	未使用	衣服
10513016	未使用	衣服
10513017	未使用	衣服
10513018	圣火淩波甲	衣服
10513019	九阳碧麟甲	衣服
10513020	未使用	衣服
10513021	未使用	衣服
10513022	见龙璀铁甲	衣服
10513023	未使用	衣服
10513024	神龙魅铁甲	衣服
10513025	未使用	衣服
10513026	未使用	衣服
10513027	未使用	衣服
10513028	擒龙束铁甲	衣服
10513029	鲲鹏哀伤之甲	衣服
10513030	未使用	衣服
10513031	两仪缅丝衣	衣服
10513032	未使用	衣服
10513033	未使用	衣服
10513034	八卦棉麻衣	衣服
10513035	未使用	衣服
10513036	未使用	衣服
10513037	未使用	衣服
10513038	太极泣火袍	衣服
10513039	玄机冥天袍	衣服
10513040	九阴繁丝衣	衣服
10513041	未使用	衣服
10513042	未使用	衣服
10513043	未使用	衣服
10513044	控鹤光秀袍	衣服
10513045	未使用	衣服
10513046	未使用	衣服
10513047	未使用	衣服
10513048	回心融雪衣	衣服
10513049	神噬玉落法袍	衣服
10513050	未使用	衣服
10513051	未使用	衣服
10513052	抽髓残海衣	衣服
10513053	未使用	衣服
10513054	锁魂逆风衣	衣服
10513055	未使用	衣服
10513056	未使用	衣服
10513057	未使用	衣服
10513058	神木麒麟袍	衣服
10513059	流魂宿灭法袍	衣服
10513060	未使用	衣服
10513061	葬花蜇龙的怒吼	衣服
10513062	未使用	衣服
10513063	未使用	衣服
10513064	八荒断云皮甲	衣服
10513065	未使用	衣服
10513066	未使用	衣服
10513067	未使用	衣服
10513068	心云淩雪的祝福	衣服
10513069	碧落泻银的诱惑	衣服
10513070	北冥暮云之护	衣服
10513071	未使用	衣服
10513072	未使用	衣服
10513073	未使用	衣服
10513074	纯阳散雪的护佑	衣服
10513075	未使用	衣服
10513076	未使用	衣服
10513077	未使用	衣服
10513078	淩烟灭麟之泪	衣服
10513079	行云逐月之生灵	衣服
10513080	未使用	衣服
10513081	未使用	衣服
10513082	中冲断弦之护	衣服
10513083	未使用	衣服
10513084	少阳月息之魂	衣服
10513085	未使用	衣服
10513086	未使用	衣服
10513087	未使用	衣服
10513088	天南蛟龙之护佑	衣服
10513089	苍玉龙麟之灵	衣服
10514000	碧玉护腕	护腕
10514001	无相精铁腕	护腕
10514002	未使用	护腕
10514003	金刚散铁腕	护腕
10514004	未使用	护腕
10514005	未使用	护腕
10514006	未使用	护腕
10514007	无尘炼铁腕	护腕
10514008	未使用	护腕
10514009	修碧手环	护腕
10514010	摩尼炼铁腕	护腕
10514011	未使用	护腕
10514012	未使用	护腕
10514013	未使用	护腕
10514014	未使用	护腕
10514015	归尘隽铁腕	护腕
10514016	未使用	护腕
10514017	焚灭暮月腕	护腕
10514018	未使用	护腕
10514019	冷月玉魅护腕	护腕
10514020	未使用	护腕
10514021	未使用	护腕
10514022	见龙璀铁腕	护腕
10514023	未使用	护腕
10514024	未使用	护腕
10514025	囚龙残铁护腕	护腕
10514026	未使用	护腕
10514027	未使用	护腕
10514028	擒龙束铁腕	护腕
10514029	屠龙文铁腕	护腕
10514030	未使用	护腕
10514031	两仪缅丝护腕	护腕
10514032	未使用	护腕
10514033	六合丝麻护腕	护腕
10514034	未使用	护腕
10514035	未使用	护腕
10514036	未使用	护腕
10514037	五行繁丝腕	护腕
10514038	未使用	护腕
10514039	寒雾漫影腕	护腕
10514040	九阴繁丝腕	护腕
10514041	未使用	护腕
10514042	未使用	护腕
10514043	未使用	护腕
10514044	未使用	护腕
10514045	飘雪软丝护腕	护腕
10514046	未使用	护腕
10514047	玉女咏月腕	护腕
10514048	未使用	护腕
10514049	斩情玄魅护腕	护腕
10514050	未使用	护腕
10514051	未使用	护腕
10514052	抽髓残海腕	护腕
10514053	未使用	护腕
10514054	未使用	护腕
10514055	夺魂尘丝腕	护腕
10514056	未使用	护腕
10514057	未使用	护腕
10514058	神木麒麟腕	护腕
10514059	三笑银桑腕	护腕
10514060	未使用	护腕
10514061	葬花蜇龙腕	护腕
10514062	未使用	护腕
10514063	真水秦瑶腕	护腕
10514064	未使用	护腕
10514065	未使用	护腕
10514066	未使用	护腕
10514067	地鹤逆尘腕	护腕
10514068	未使用	护腕
10514069	碎魂月塑腕	护腕
10514070	北冥暮云腕	护腕
10514071	未使用	护腕
10514072	未使用	护腕
10514073	未使用	护腕
10514074	未使用	护腕
10514075	落英龙麟腕	护腕
10514076	未使用	护腕
10514077	诛仙翠竹腕	护腕
10514078	未使用	护腕
10514079	秋水青云腕	护腕
10514080	未使用	护腕
10514081	未使用	护腕
10514082	中冲断弦腕	护腕
10514083	未使用	护腕
10514084	未使用	护腕
10514085	商阳圣玉腕	护腕
10514086	未使用	护腕
10514087	未使用	护腕
10514088	天南蛟龙腕	护腕
10514089	雪月拈花腕	护腕
10514090	寂灭幻佛腕	护腕
10514091	焚仙天煞腕	护腕
10514092	啸天摧云腕	护腕
10514093	诛魔封玄腕	护腕
10514094	碧神回心腕	护腕
10514095	骨灵噬魂腕	护腕
10514096	天隐殛雷腕	护腕
10514097	仙逸神隐腕	护腕
10514098	乌日碧云腕	护腕
10514099	渡泸西蜀韧	护腕
10514100	倚楼溪斜缚	护腕
10514101	玉骨烟云腕	护腕
10514102	尘拂舞风袂	护腕
10514103	香焚红楼坚	护腕
10514104	琴横离情固	护腕
10515000	未使用	护肩
10515001	无相精铁肩	护肩
10515002	未使用	护肩
10515003	未使用	护肩
10515004	般若银铁肩	护肩
10515005	未使用	护肩
10515006	摩天御铁肩	护肩
10515007	未使用	护肩
10515008	未使用	护肩
10515009	心瀚护膀	护肩
10515010	摩尼炼铁肩	护肩
10515011	未使用	护肩
10515012	未使用	护肩
10515013	未使用	护肩
10515014	地火缘铁肩	护肩
10515015	未使用	护肩
10515016	天火流云臂	护肩
10515017	未使用	护肩
10515018	未使用	护肩
10515019	炎日熔火肩	护肩
10515020	未使用	护肩
10515021	未使用	护肩
10515022	见龙璀铁肩	护肩
10515023	未使用	护肩
10515024	未使用	护肩
10515025	囚龙残铁肩	护肩
10515026	未使用	护肩
10515027	游龙爆火肩	护肩
10515028	未使用	护肩
10515029	斩龙塑铁肩	护肩
10515030	未使用	护肩
10515031	两仪缅丝肩	护肩
10515032	未使用	护肩
10515033	未使用	护肩
10515034	八卦棉麻肩	护肩
10515035	未使用	护肩
10515036	形意素月肩	护肩
10515037	未使用	护肩
10515038	未使用	护肩
10515039	水曜探归肩	护肩
10515040	九阴繁丝肩	护肩
10515041	未使用	护肩
10515042	未使用	护肩
10515043	未使用	护肩
10515044	控鹤光秀肩	护肩
10515045	未使用	护肩
10515046	鹤影流萤肩	护肩
10515047	未使用	护肩
10515048	未使用	护肩
10515049	素女化雨肩	护肩
10515050	未使用	护肩
10515051	未使用	护肩
10515052	抽髓残海肩	护肩
10515053	未使用	护肩
10515054	未使用	护肩
10515055	夺魂尘丝肩	护肩
10515056	未使用	护肩
10515057	碧焰散情肩	护肩
10515058	未使用	护肩
10515059	残魂蛟梦肩	护肩
10515060	未使用	护肩
10515061	葬花蜇龙肩	护肩
10515062	未使用	护肩
10515063	未使用	护肩
10515064	八荒断云肩	护肩
10515065	未使用	护肩
10515066	月凡暮云肩	护肩
10515067	未使用	护肩
10515068	未使用	护肩
10515069	迟悔芸玲护肩	护肩
10515070	北冥暮云肩	护肩
10515071	未使用	护肩
10515072	未使用	护肩
10515073	未使用	护肩
10515074	纯阳散雪肩	护肩
10515075	未使用	护肩
10515076	遁甲落碧肩	护肩
10515077	未使用	护肩
10515078	未使用	护肩
10515079	无涯八荒肩	护肩
10515080	未使用	护肩
10515081	未使用	护肩
10515082	中冲断弦护肩	护肩
10515083	未使用	护肩
10515084	未使用	护肩
10515085	商阳圣玉肩	护肩
10515086	未使用	护肩
10515087	少泽万华臂	护肩
10515088	未使用	护肩
10515089	枯心莞玉臂	护肩
10515090	寂灭幻佛肩	护肩
10515091	焚仙天煞肩	护肩
10515092	啸天摧云肩	护肩
10515093	诛魔封玄肩	护肩
10515094	碧神回心肩	护肩
10515095	骨灵噬魂肩	护肩
10515096	天隐殛雷肩	护肩
10515097	仙逸神隐肩	护肩
10515098	乌日碧云肩	护肩
10515099	明月素影肩	护肩
10515100	碧天北斗肩	护肩
10520000	未使用	项链
10520001	未使用	项链
10520002	韦陀之枯	项链
10520003	未使用	项链
10520004	未使用	项链
10520005	罗汉之修	项链
10520006	摩天之炼	项链
10520007	未使用	项链
10520008	未使用	项链
10520009	心瀚之风	项链
10520010	未使用	项链
10520011	揭谛之埃	项链
10520012	未使用	项链
10520013	怒焰之链	项链
10520014	未使用	项链
10520015	未使用	项链
10520016	未使用	项链
10520017	未使用	项链
10520018	圣火之心	项链
10520019	冷月之铸	项链
10520020	降龙之焰	项链
10520021	未使用	项链
10520022	未使用	项链
10520023	未使用	项链
10520024	神龙之碧	项链
10520025	未使用	项链
10520026	未使用	项链
10520027	游龙之朽	项链
10520028	擒龙之束	项链
10520029	斩龙之影	项链
10520030	未使用	项链
10520031	未使用	项链
10520032	四象之海	项链
10520033	未使用	项链
10520034	未使用	项链
10520035	阴阳之悔	项链
10520036	形意之幽	项链
10520037	未使用	项链
10520038	未使用	项链
10520039	水曜之星	项链
10520040	未使用	项链
10520041	守心之冥	项链
10520042	未使用	项链
10520043	摄魂之影	项链
10520044	未使用	项链
10520045	未使用	项链
10520046	未使用	项链
10520047	未使用	项链
10520048	回心之链	项链
10520049	斩情之魅	项链
10520050	摘星之咏	项链
10520051	未使用	项链
10520052	未使用	项链
10520053	未使用	项链
10520054	锁魂之髓	项链
10520055	未使用	项链
10520056	未使用	项链
10520057	碧焰之噬	项链
10520058	神木之沐	项链
10520059	残魂之雪	项链
10520060	未使用	项链
10520061	未使用	项链
10520062	卷无之噬	项链
10520063	未使用	项链
10520064	未使用	项链
10520065	六阳之焕	项链
10520066	月凡之玄	项链
10520067	未使用	项链
10520068	未使用	项链
10520069	迟悔之沐	项链
10520070	未使用	项链
10520071	淩波之翅	项链
10520072	未使用	项链
10520073	折梅之慑	项链
10520074	未使用	项链
10520075	未使用	项链
10520076	未使用	项链
10520077	未使用	项链
10520078	淩烟之麟	项链
10520079	秋水之怜	项链
10520080	正阳之烟	项链
10520081	未使用	项链
10520082	未使用	项链
10520083	未使用	项链
10520084	少阳之涯	项链
10520085	未使用	项链
10520086	未使用	项链
10520087	少泽之梦	项链
10520088	天南之眼	项链
10520089	枯心之月	项链
10520090	明月素影链	项链
10520091	碧天北斗链	项链
10520092	雕阑风夜之魅	项链
10520093	太阴澄虚之链	项链
10520094	银筝弄弦丝	项链
10520095	恨天登楼系	项链
10521000	碧玉腰环	腰带
10521001	未使用	腰带
10521002	韦陀腰带	腰带
10521003	未使用	腰带
10521004	般若腰环	腰带
10521005	未使用	腰带
10521006	未使用	腰带
10521007	无尘之环	腰带
10521008	未使用	腰带
10521009	修碧腰丝	腰带
10521010	未使用	腰带
10521011	揭谛腰带	腰带
10521012	未使用	腰带
10521013	未使用	腰带
10521014	地火腰带	腰带
10521015	未使用	腰带
10521016	未使用	腰带
10521017	焚灭暮月腰环	腰带
10521018	未使用	腰带
10521019	炎日熔火之环	腰带
10521020	降龙腰带	腰带
10521021	未使用	腰带
10521022	未使用	腰带
10521023	未使用	腰带
10521024	未使用	腰带
10521025	囚龙腰带	腰带
10521026	未使用	腰带
10521027	游龙腰环	腰带
10521028	擒龙腰环	腰带
10521029	屠龙腰带	腰带
10521030	未使用	腰带
10521031	未使用	腰带
10521032	四象腰带	腰带
10521033	未使用	腰带
10521034	八卦腰带	腰带
10521035	未使用	腰带
10521036	未使用	腰带
10521037	五行腰带	腰带
10521038	未使用	腰带
10521039	寒雾腰环	腰带
10521040	未使用	腰带
10521041	守心腰带	腰带
10521042	未使用	腰带
10521043	未使用	腰带
10521044	控鹤腰带	腰带
10521045	未使用	腰带
10521046	未使用	腰带
10521047	玉女腰环	腰带
10521048	未使用	腰带
10521049	素女腰带	腰带
10521050	摘星腰带	腰带
10521051	未使用	腰带
10521052	未使用	腰带
10521053	未使用	腰带
10521054	未使用	腰带
10521055	夺魂腰环	腰带
10521056	未使用	腰带
10521057	碧焰腰带	腰带
10521058	神木束腰	腰带
10521059	三笑腰带	腰带
10521060	未使用	腰带
10521061	未使用	腰带
10521062	卷无束腰	腰带
10521063	未使用	腰带
10521064	八荒腰带	腰带
10521065	未使用	腰带
10521066	未使用	腰带
10521067	地鹤腰环	腰带
10521068	未使用	腰带
10521069	碎魂束腰	腰带
10521070	未使用	腰带
10521071	淩波腰带	腰带
10521072	未使用	腰带
10521073	未使用	腰带
10521074	纯阳腰带	腰带
10521075	未使用	腰带
10521076	未使用	腰带
10521077	诛仙腰带	腰带
10521078	未使用	腰带
10521079	无涯腰环	腰带
10521080	正阳腰带	腰带
10521081	未使用	腰带
10521082	未使用	腰带
10521083	未使用	腰带
10521084	未使用	腰带
10521085	商阳腰带	腰带
10521086	未使用	腰带
10521087	少泽万华腰带	腰带
10521088	天南蛟龙腰环	腰带
10521089	雪月拈花带	腰带
10521090	寂灭腰环	腰带
10521091	焚仙腰环	腰带
10521092	啸天腰环	腰带
10521093	诛魔腰环	腰带
10521094	碧神腰环	腰带
10521095	骨灵腰环	腰带
10521096	天隐腰环	腰带
10521097	仙逸腰环	腰带
10521098	乌日腰环	腰带
10521099	明月素影腰环	腰带
10521100	碧天北斗环佩	腰带
10521101	渡泸西蜀封	腰带
10521102	倚楼溪斜覆	腰带
10522000	碧玉戒指	戒指
10522001	未使用	戒指
10522002	韦陀指环	戒指
10522003	金刚指环	戒指
10522004	未使用	戒指
10522005	未使用	戒指
10522006	未使用	戒指
10522007	无尘之叹	戒指
10522008	未使用	戒指
10522009	修碧之愿	戒指
10522010	未使用	戒指
10522011	揭谛指环	戒指
10522012	未使用	戒指
10522013	未使用	戒指
10522014	未使用	戒指
10522015	归尘之露	戒指
10522016	未使用	戒指
10522017	未使用	戒指
10522018	圣火之赤	戒指
10522019	冷月之环	戒指
10522020	降龙指环	戒指
10522021	未使用	戒指
10522022	未使用	戒指
10522023	龙战指环	戒指
10522024	未使用	戒指
10522025	未使用	戒指
10522026	升龙之爪	戒指
10522027	未使用	戒指
10522028	未使用	戒指
10522029	屠龙之火	戒指
10522030	未使用	戒指
10522031	未使用	戒指
10522032	四象指环	戒指
10522033	六合指环	戒指
10522034	未使用	戒指
10522035	未使用	戒指
10522036	未使用	戒指
10522037	五行之荧	戒指
10522038	未使用	戒指
10522039	寒雾之涌	戒指
10522040	未使用	戒指
10522041	守心指环	戒指
10522042	未使用	戒指
10522043	未使用	戒指
10522044	未使用	戒指
10522045	飘雪之夜	戒指
10522046	未使用	戒指
10522047	未使用	戒指
10522048	回心之哀	戒指
10522049	斩情之魄	戒指
10522050	摘星指环	戒指
10522051	未使用	戒指
10522052	未使用	戒指
10522053	缠魂指环	戒指
10522054	未使用	戒指
10522055	未使用	戒指
10522056	炼心之云	戒指
10522057	未使用	戒指
10522058	未使用	戒指
10522059	三笑之哀	戒指
10522060	未使用	戒指
10522061	未使用	戒指
10522062	卷无之魅	戒指
10522063	真水指环	戒指
10522064	未使用	戒指
10522065	未使用	戒指
10522066	未使用	戒指
10522067	地鹤之碎	戒指
10522068	未使用	戒指
10522069	碎魂之梦	戒指
10522070	未使用	戒指
10522071	淩波之环	戒指
10522072	未使用	戒指
10522073	未使用	戒指
10522074	未使用	戒指
10522075	落英之魅	戒指
10522076	未使用	戒指
10522077	未使用	戒指
10522078	淩烟之雪	戒指
10522079	秋水之环	戒指
10522080	正阳戒指	戒指
10522081	未使用	戒指
10522082	未使用	戒指
10522083	少商指环	戒指
10522084	未使用	戒指
10522085	未使用	戒指
10522086	关冲之殇	戒指
10522087	未使用	戒指
10522088	未使用	戒指
10522089	雪月之兰	戒指
10522090	寂灭佛戒	戒指
10522091	焚仙之星	戒指
10522092	啸天护戒	戒指
10522093	诛魔玄戒	戒指
10522094	碧神指环	戒指
10522095	骨灵法魂	戒指
10522096	天隐指环	戒指
10522097	仙逸法戒	戒指
10522098	乌日指环	戒指
10522099	玉骨烟云指环	戒指
10522100	尘拂舞风之融	戒指
10522101	雕阑风夜之示	戒指
10522102	太阴澄虚指环	戒指
10522103	银筝弄弦缘	戒指
10522104	恨天登楼悟	戒指
10523000	碧玉护符	护符
10523001	未使用	护符
10523002	未使用	护符
10523003	未使用	护符
10523004	未使用	护符
10523005	罗汉护符	护符
10523006	摩天之魇	护符
10523007	未使用	护符
10523008	未使用	护符
10523009	修碧之缠	护符
10523010	未使用	护符
10523011	未使用	护符
10523012	未使用	护符
10523013	怒焰护符	护符
10523014	未使用	护符
10523015	未使用	护符
10523016	未使用	护符
10523017	焚灭之霜	护符
10523018	未使用	护符
10523019	炎日之灵	护符
10523020	未使用	护符
10523021	未使用	护符
10523022	未使用	护符
10523023	未使用	护符
10523024	神龙之寒	护符
10523025	未使用	护符
10523026	升龙之魂	护符
10523027	未使用	护符
10523028	未使用	护符
10523029	斩龙之默	护符
10523030	未使用	护符
10523031	未使用	护符
10523032	未使用	护符
10523033	未使用	护符
10523034	未使用	护符
10523035	阴阳护符	护符
10523036	形意之麟	护符
10523037	未使用	护符
10523038	未使用	护符
10523039	寒雾之泣	护符
10523040	未使用	护符
10523041	未使用	护符
10523042	未使用	护符
10523043	摄魂护符	护符
10523044	未使用	护符
10523045	未使用	护符
10523046	未使用	护符
10523047	玉女之鸾	护符
10523048	未使用	护符
10523049	素女之源	护符
10523050	未使用	护符
10523051	未使用	护符
10523052	未使用	护符
10523053	未使用	护符
10523054	锁魂之华	护符
10523055	未使用	护符
10523056	炼心之缈	护符
10523057	未使用	护符
10523058	未使用	护符
10523059	残魂之眸	护符
10523060	未使用	护符
10523061	未使用	护符
10523062	未使用	护符
10523063	未使用	护符
10523064	未使用	护符
10523065	六阳之淩	护符
10523066	月凡之魂	护符
10523067	未使用	护符
10523068	未使用	护符
10523069	碎魂之细语	护符
10523070	未使用	护符
10523071	未使用	护符
10523072	未使用	护符
10523073	折梅护符	护符
10523074	未使用	护符
10523075	未使用	护符
10523076	未使用	护符
10523077	诛仙之翠	护符
10523078	未使用	护符
10523079	无涯之苍	护符
10523080	未使用	护符
10523081	未使用	护符
10523082	未使用	护符
10523083	未使用	护符
10523084	少阳护符	护符
10523085	未使用	护符
10523086	关冲之裂	护符
10523087	未使用	护符
10523088	未使用	护符
10523089	枯心之瑞	护符
10523090	寂灭护符	护符
10523091	焚仙之辰	护符
10523092	啸天法符	护符
10523093	诛魔玄符	护符
10523094	碧神护符	护符
10523095	骨灵残魄	护符
10523096	天隐护符	护符
10523097	仙逸法符	护符
10523098	乌日护符	护符
10523099	香焚红楼影	护符
10523100	琴横离情摇	护符
10523101	雕阑风夜扶	护符
10523102	太阴澄虚护符	护符
10523103	银筝弄弦连	护符
10523104	恨天登楼佩	护符
10552000	未使用	戒指
10552001	未使用	戒指
10552002	未使用	戒指
10552003	未使用	戒指
10552004	未使用	戒指
10552005	罗汉天机	戒指
10552006	未使用	戒指
10552007	未使用	戒指
10552008	归埃之触	戒指
10552009	心瀚之涟	戒指
10552010	未使用	戒指
10552011	未使用	戒指
10552012	未使用	戒指
10552013	未使用	戒指
10552014	未使用	戒指
10552015	归尘之巅	戒指
10552016	天火之怒	戒指
10552017	未使用	戒指
10552018	未使用	戒指
10552019	炎日之韵	戒指
10552020	未使用	戒指
10552021	未使用	戒指
10552022	未使用	戒指
10552023	未使用	戒指
10552024	神龙之尘	戒指
10552025	未使用	戒指
10552026	未使用	戒指
10552027	游龙之闵	戒指
10552028	未使用	戒指
10552029	屠龙之水	戒指
10552030	未使用	戒指
10552031	未使用	戒指
10552032	未使用	戒指
10552033	未使用	戒指
10552034	未使用	戒指
10552035	阴阳之叹	戒指
10552036	未使用	戒指
10552037	未使用	戒指
10552038	太极之逐	戒指
10552039	水曜之环	戒指
10552040	未使用	戒指
10552041	未使用	戒指
10552042	未使用	戒指
10552043	未使用	戒指
10552044	未使用	戒指
10552045	飘雪之朝	戒指
10552046	鹤影流萤指环	戒指
10552047	未使用	戒指
10552048	未使用	戒指
10552049	素女之月	戒指
10552050	未使用	戒指
10552051	未使用	戒指
10552052	未使用	戒指
10552053	未使用	戒指
10552054	锁魂之誓	戒指
10552055	未使用	戒指
10552056	未使用	戒指
10552057	碧焰之纯	戒指
10552058	未使用	戒指
10552059	三笑之月	戒指
10552060	未使用	戒指
10552061	未使用	戒指
10552062	未使用	戒指
10552063	未使用	戒指
10552064	未使用	戒指
10552065	六阳之魅	戒指
10552066	未使用	戒指
10552067	未使用	戒指
10552068	心云之影	戒指
10552069	迟悔之环	戒指
10552070	未使用	戒指
10552071	未使用	戒指
10552072	未使用	戒指
10552073	未使用	戒指
10552074	未使用	戒指
10552075	落英之魑	戒指
10552076	遁甲之川	戒指
10552077	未使用	戒指
10552078	未使用	戒指
10552079	无涯之穹	戒指
10552080	未使用	戒指
10552081	未使用	戒指
10552082	未使用	戒指
10552083	未使用	戒指
10552084	少阳指环	戒指
10552085	未使用	戒指
10552086	未使用	戒指
10552087	少泽之仪	戒指
10552088	未使用	戒指
10552089	雪月之环	戒指
10553000	未使用	护符
10553001	未使用	护符
10553002	未使用	护符
10553003	未使用	护符
10553004	未使用	护符
10553005	未使用	护符
10553006	未使用	护符
10553007	无尘之炼	护符
10553008	归埃之术	护符
10553009	心瀚之尘	护符
10553010	未使用	护符
10553011	未使用	护符
10553012	未使用	护符
10553013	未使用	护符
10553014	未使用	护符
10553015	未使用	护符
10553016	天火之息	护符
10553017	未使用	护符
10553018	圣火之刚	护符
10553019	冷月之岚	护符
10553020	未使用	护符
10553021	未使用	护符
10553022	未使用	护符
10553023	未使用	护符
10553024	未使用	护符
10553025	未使用	护符
10553026	未使用	护符
10553027	游龙之吟	护符
10553028	未使用	护符
10553029	斩龙之荒	护符
10553030	未使用	护符
10553031	未使用	护符
10553032	未使用	护符
10553033	未使用	护符
10553034	未使用	护符
10553035	未使用	护符
10553036	未使用	护符
10553037	五行之月	护符
10553038	太极之吟	护符
10553039	水曜之峰	护符
10553040	未使用	护符
10553041	未使用	护符
10553042	未使用	护符
10553043	未使用	护符
10553044	未使用	护符
10553045	未使用	护符
10553046	鹤影流萤护符	护符
10553047	未使用	护符
10553048	回心之桑	护符
10553049	斩情之冥	护符
10553050	未使用	护符
10553051	未使用	护符
10553052	未使用	护符
10553053	未使用	护符
10553054	未使用	护符
10553055	未使用	护符
10553056	未使用	护符
10553057	碧焰之华	护符
10553058	未使用	护符
10553059	残魂之曜	护符
10553060	未使用	护符
10553061	未使用	护符
10553062	未使用	护符
10553063	未使用	护符
10553064	未使用	护符
10553065	未使用	护符
10553066	未使用	护符
10553067	地鹤之灭	护符
10553068	心云之暮	护符
10553069	迟悔之懵	护符
10553070	未使用	护符
10553071	未使用	护符
10553072	未使用	护符
10553073	未使用	护符
10553074	未使用	护符
10553075	未使用	护符
10553076	遁甲之碧	护符
10553077	未使用	护符
10553078	淩烟之海	护符
10553079	秋水之朽	护符
10553080	未使用	护符
10553081	未使用	护符
10553082	未使用	护符
10553083	未使用	护符
10553084	未使用	护符
10553085	未使用	护符
10553086	未使用	护符
10553087	少泽之魄	护符
10553088	未使用	护符
10553089	枯心之慈	护符
10553090	新手盔	帽子
10553091	新手鞋	鞋
10553092	新手手	手套
10553093	新手甲	衣服
10553094	新手肩	护肩
10553095	新手链	项链
10553096	新手带	腰带
10553097	新手腕	护腕
10553098	新手戒	戒指
10553099	新手符	护符
10553100	#cFF0000重楼链	项链
10553101	#cFF0000重楼戒	戒指
10553102	#cFF0000重楼玉	护符
10553103	#cFF0000真·重楼链	项链
10553104	#cFF0000真·重楼戒	戒指
10553105	#cFF0000真·重楼玉	护符
10553106	#cFF0000重楼带	腰带
10553107	#cFF0000真·重楼带	腰带
10553108	#cFF0000重楼肩	护肩
10553109	#cFF0000真·重楼肩	护肩
10553110	#cFF0000重楼甲	衣服
10553111	#cFF0000真·重楼甲	衣服
10553112	#cFF0000重楼链	项链
10553113	#cFF0000重楼戒	戒指
10553114	#cFF0000重楼玉	护符
10553200	#e330066#gfffff0 Tiên Lữ Tình Duyến	#gf00ff0 Th秈 Trang
10553201	#e330066#gfffff0 Tiên Lữ Tình Duyến	#gf00ff0 Th秈 Trang
10553202	#e330066#gfffff0 Tiên Lữ Tình Duyến	#gf00ff0 Th秈 Trang
10553203	#e330066#gfffff0 Tiên Lữ Tình Duyến	#gf00ff0 Th秈 Trang
10553204	#e330066#gfffff0 Tiên Lữ Tình Duyến	#gf00ff0 Th秈 Trang
10553205	#e330066#gfffff0 Tiên Lữ Tình Duyến	#gf00ff0 Th秈 Trang
10553206	#e330066#gfffff0 Tiên Lữ Tình Duyến	#gf00ff0 Th秈 Trang
10553207	#e330066#gfffff0 Tiên Lữ Tình Duyến	#gf00ff0 Th秈 Trang
10553208	#e330066#gfffff0 Tiên Lữ Tình Duyến	#gf00ff0 Th秈 Trang
10553209	#e330066#gfffff0 Tuyết Vũ Sương Y	#gf00ff0 Th秈 Trang
10553210	#e330066#gfffff0 Tuyết Vũ Sương Y	#gf00ff0 Th秈 Trang
10553211	#e330066#gfffff0 Tuyết Vũ Sương Y	#gf00ff0 Th秈 Trang
10553212	#e330066#gfffff0 Tuyết Vũ Sương Y	#gf00ff0 Th秈 Trang
10553213	#e330066#gfffff0 Tuyết Vũ Sương Y	#gf00ff0 Th秈 Trang
10553214	#e330066#gfffff0 Tuyết Vũ Sương Y	#gf00ff0 Th秈 Trang
10553215	#e330066#gfffff0 Tuyết Vũ Sương Y	#gf00ff0 Th秈 Trang
10553216	#e330066#gfffff0 Tuyết Vũ Sương Y	#gf00ff0 Th秈 Trang
10553217	#e330066#gfffff0 Tuyết Vũ Sương Y	#gf00ff0 Th秈 Trang
10553218	#e330066#gfffff0 Vạn Tử Thiên Hồng	#gf00ff0 Th秈 Trang
10553219	#e330066#gfffff0 Vạn Tử Thiên Hồng	#gf00ff0 Th秈 Trang
10553220	#e330066#gfffff0 Vạn Tử Thiên Hồng	#gf00ff0 Th秈 Trang
10553221	#e330066#gfffff0 Vạn Tử Thiên Hồng	#gf00ff0 Th秈 Trang
10553222	#e330066#gfffff0 Vạn Tử Thiên Hồng	#gf00ff0 Th秈 Trang
10553223	#e330066#gfffff0 Vạn Tử Thiên Hồng	#gf00ff0 Th秈 Trang
10553224	#e330066#gfffff0 Vạn Tử Thiên Hồng	#gf00ff0 Th秈 Trang
10553225	#e330066#gfffff0 Vạn Tử Thiên Hồng	#gf00ff0 Th秈 Trang
10553226	#e330066#gfffff0 Vạn Tử Thiên Hồng	#gf00ff0 Th秈 Trang
10553227	#e330066#gfffff0 膍 姓m 衖陁 Linh	#gf00ff0 Th秈 Trang
10553228	#e330066#gfffff0 膍 姓m 衖陁 Linh	#gf00ff0 Th秈 Trang
10553229	#e330066#gfffff0 膍 姓m 衖陁 Linh	#gf00ff0 Th秈 Trang
10553230	#e330066#gfffff0 膍 姓m 衖陁 Linh	#gf00ff0 Th秈 Trang
10553231	#e330066#gfffff0 膍 姓m 衖陁 Linh	#gf00ff0 Th秈 Trang
10553232	#e330066#gfffff0 膍 姓m 衖陁 Linh	#gf00ff0 Th秈 Trang
10553233	#e330066#gfffff0 膍 姓m 衖陁 Linh	#gf00ff0 Th秈 Trang
10553234	#e330066#gfffff0 膍 姓m 衖陁 Linh	#gf00ff0 Th秈 Trang
10553235	#e330066#gfffff0 膍 姓m 衖陁 Linh	#gf00ff0 Th秈 Trang
10553236	#e330066#gfffff0 Thanh Phong Di Giang	#gf00ff0 Th秈 Trang
10553237	#e330066#gfffff0 Thanh Phong Di Giang	#gf00ff0 Th秈 Trang
10553238	#e330066#gfffff0 Thanh Phong Di Giang	#gf00ff0 Th秈 Trang
10553239	#e330066#gfffff0 Thanh Phong Di Giang	#gf00ff0 Th秈 Trang
10553240	#e330066#gfffff0 Thanh Phong Di Giang	#gf00ff0 Th秈 Trang
10553241	#e330066#gfffff0 Thanh Phong Di Giang	#gf00ff0 Th秈 Trang
10553242	#e330066#gfffff0 Thanh Phong Di Giang	#gf00ff0 Th秈 Trang
10553243	#e330066#gfffff0 Thanh Phong Di Giang	#gf00ff0 Th秈 Trang
10553244	#e330066#gfffff0 Thanh Phong Di Giang	#gf00ff0 Th秈 Trang
10553245	#e330066#gfffff0 Xuân Phong Dư Tuyết	#gf00ff0 Th秈 Trang
10553246	#e330066#gfffff0 Xuân Phong Dư Tuyết	#gf00ff0 Th秈 Trang
10553247	#e330066#gfffff0 Xuân Phong Dư Tuyết	#gf00ff0 Th秈 Trang
10553248	#e330066#gfffff0 Xuân Phong Dư Tuyết	#gf00ff0 Th秈 Trang
10553249	#e330066#gfffff0 Xuân Phong Dư Tuyết	#gf00ff0 Th秈 Trang
10553250	#e330066#gfffff0 Xuân Phong Dư Tuyết	#gf00ff0 Th秈 Trang
10553251	#e330066#gfffff0 Xuân Phong Dư Tuyết	#gf00ff0 Th秈 Trang
10553252	#e330066#gfffff0 Xuân Phong Dư Tuyết	#gf00ff0 Th秈 Trang
10553253	#e330066#gfffff0 Xuân Phong Dư Tuyết	#gf00ff0 Th秈 Trang
10553254	#e330066#gfffff0 Sơ Cuồng Ám Hương	#gf00ff0 Th秈 Trang
10553255	#e330066#gfffff0 Sơ Cuồng Ám Hương	#gf00ff0 Th秈 Trang
10553256	#e330066#gfffff0 Sơ Cuồng Ám Hương	#gf00ff0 Th秈 Trang
10553257	#e330066#gfffff0 Sơ Cuồng Ám Hương	#gf00ff0 Th秈 Trang
10553258	#e330066#gfffff0 Sơ Cuồng Ám Hương	#gf00ff0 Th秈 Trang
10553259	#e330066#gfffff0 Sơ Cuồng Ám Hương	#gf00ff0 Th秈 Trang
10553260	#e330066#gfffff0 Sơ Cuồng Ám Hương	#gf00ff0 Th秈 Trang
10553261	#e330066#gfffff0 Sơ Cuồng Ám Hương	#gf00ff0 Th秈 Trang
10553262	#e330066#gfffff0 Sơ Cuồng Ám Hương	#gf00ff0 Th秈 Trang
10553263	#e330066#gfffff0 Tiên Vũ Ngưng Nguyệt	#gf00ff0 Th秈 Trang
10553264	#e330066#gfffff0 Tiên Vũ Ngưng Nguyệt	#gf00ff0 Th秈 Trang
10553265	#e330066#gfffff0 Tiên Vũ Ngưng Nguyệt	#gf00ff0 Th秈 Trang
10553266	#e330066#gfffff0 Tiên Vũ Ngưng Nguyệt	#gf00ff0 Th秈 Trang
10553267	#e330066#gfffff0 Tiên Vũ Ngưng Nguyệt	#gf00ff0 Th秈 Trang
10553268	#e330066#gfffff0 Tiên Vũ Ngưng Nguyệt	#gf00ff0 Th秈 Trang
10553269	#e330066#gfffff0 Tiên Vũ Ngưng Nguyệt	#gf00ff0 Th秈 Trang
10553270	#e330066#gfffff0 Tiên Vũ Ngưng Nguyệt	#gf00ff0 Th秈 Trang
10553271	#e330066#gfffff0 Tiên Vũ Ngưng Nguyệt	#gf00ff0 Th秈 Trang
10553272	#e330066#gfffff0 Tử Dật Sương Nhung	#gf00ff0 Th秈 Trang
10553273	#e330066#gfffff0 Tử Dật Sương Nhung	#gf00ff0 Th秈 Trang
10553274	#e330066#gfffff0 Tử Dật Sương Nhung	#gf00ff0 Th秈 Trang
10553275	#e330066#gfffff0 Tử Dật Sương Nhung	#gf00ff0 Th秈 Trang
10553276	#e330066#gfffff0 Tử Dật Sương Nhung	#gf00ff0 Th秈 Trang
10553277	#e330066#gfffff0 Tử Dật Sương Nhung	#gf00ff0 Th秈 Trang
10553278	#e330066#gfffff0 Tử Dật Sương Nhung	#gf00ff0 Th秈 Trang
10553279	#e330066#gfffff0 Tử Dật Sương Nhung	#gf00ff0 Th秈 Trang
10553280	#e330066#gfffff0 Tử Dật Sương Nhung	#gf00ff0 Th秈 Trang
10553281	#e330066#gfffff0 Phi Long Th譨 V鈔	#gf00ff0 Th秈 Trang
10553282	#e330066#gfffff0 Phi Long Th譨 V鈔	#gf00ff0 Th秈 Trang
10553283	#e330066#gfffff0 Phi Long Th譨 V鈔	#gf00ff0 Th秈 Trang
10553284	#e330066#gfffff0 Phi Long Th譨 V鈔	#gf00ff0 Th秈 Trang
10553285	#e330066#gfffff0 Phi Long Th譨 V鈔	#gf00ff0 Th秈 Trang
10553286	#e330066#gfffff0 Phi Long Th譨 V鈔	#gf00ff0 Th秈 Trang
10553287	#e330066#gfffff0 Phi Long Th譨 V鈔	#gf00ff0 Th秈 Trang
10553288	#e330066#gfffff0 Phi Long Th譨 V鈔	#gf00ff0 Th秈 Trang
10553289	#e330066#gfffff0 Phi Long Th譨 V鈔	#gf00ff0 Th秈 Trang
10553290	#e330066#gfffff0 Thanh Hà Ngư Thiển	#gf00ff0 Th秈 Trang
10553291	#e330066#gfffff0 Thanh Hà Ngư Thiển	#gf00ff0 Th秈 Trang
10553292	#e330066#gfffff0 Thanh Hà Ngư Thiển	#gf00ff0 Th秈 Trang
10553293	#e330066#gfffff0 Thanh Hà Ngư Thiển	#gf00ff0 Th秈 Trang
10553294	#e330066#gfffff0 Thanh Hà Ngư Thiển	#gf00ff0 Th秈 Trang
10553295	#e330066#gfffff0 Thanh Hà Ngư Thiển	#gf00ff0 Th秈 Trang
10553296	#e330066#gfffff0 Thanh Hà Ngư Thiển	#gf00ff0 Th秈 Trang
10553297	#e330066#gfffff0 Thanh Hà Ngư Thiển	#gf00ff0 Th秈 Trang
10553298	#e330066#gfffff0 Thanh Hà Ngư Thiển	#gf00ff0 Th秈 Trang
10553299	#e330066#gfffff0 Phiên Điệp Lạc Vũ	#gf00ff0 Th秈 Trang
10553300	#e330066#gfffff0 Phiên Điệp Lạc Vũ	#gf00ff0 Th秈 Trang
10553301	#e330066#gfffff0 Phiên Điệp Lạc Vũ	#gf00ff0 Th秈 Trang
10553302	#e330066#gfffff0 Phiên Điệp Lạc Vũ	#gf00ff0 Th秈 Trang
10553303	#e330066#gfffff0 Phiên Điệp Lạc Vũ	#gf00ff0 Th秈 Trang
10553304	#e330066#gfffff0 Phiên Điệp Lạc Vũ	#gf00ff0 Th秈 Trang
10553305	#e330066#gfffff0 Phiên Điệp Lạc Vũ	#gf00ff0 Th秈 Trang
10553306	#e330066#gfffff0 Phiên Điệp Lạc Vũ	#gf00ff0 Th秈 Trang
10553307	#e330066#gfffff0 Phiên Điệp Lạc Vũ	#gf00ff0 Th秈 Trang
10553308	#e330066#gfffff0 Ngọc Vũ Thanh Trù	#gf00ff0 Th秈 Trang
10553309	#e330066#gfffff0 Ngọc Vũ Thanh Trù	#gf00ff0 Th秈 Trang
10553310	#e330066#gfffff0 Ngọc Vũ Thanh Trù	#gf00ff0 Th秈 Trang
10553311	#e330066#gfffff0 Ngọc Vũ Thanh Trù	#gf00ff0 Th秈 Trang
10553312	#e330066#gfffff0 Ngọc Vũ Thanh Trù	#gf00ff0 Th秈 Trang
10553313	#e330066#gfffff0 Ngọc Vũ Thanh Trù	#gf00ff0 Th秈 Trang
10553314	#e330066#gfffff0 Ngọc Vũ Thanh Trù	#gf00ff0 Th秈 Trang
10553315	#e330066#gfffff0 Ngọc Vũ Thanh Trù	#gf00ff0 Th秈 Trang
10553316	#e330066#gfffff0 Ngọc Vũ Thanh Trù	#gf00ff0 Th秈 Trang
10553317	#e330066#gfffff0 赾 H呓ng Hinh Ph呓ng	#gf00ff0 Th秈 Trang
10553318	#e330066#gfffff0 赾 H呓ng Hinh Ph呓ng	#gf00ff0 Th秈 Trang
10553319	#e330066#gfffff0 赾 H呓ng Hinh Ph呓ng	#gf00ff0 Th秈 Trang
10553320	#e330066#gfffff0 赾 H呓ng Hinh Ph呓ng	#gf00ff0 Th秈 Trang
10553321	#e330066#gfffff0 赾 H呓ng Hinh Ph呓ng	#gf00ff0 Th秈 Trang
10553322	#e330066#gfffff0 赾 H呓ng Hinh Ph呓ng	#gf00ff0 Th秈 Trang
10553323	#e330066#gfffff0 赾 H呓ng Hinh Ph呓ng	#gf00ff0 Th秈 Trang
10553324	#e330066#gfffff0 赾 H呓ng Hinh Ph呓ng	#gf00ff0 Th秈 Trang
10553325	#e330066#gfffff0 赾 H呓ng Hinh Ph呓ng	#gf00ff0 Th秈 Trang
10553326	#e330066#gfffff0 Lí Hí Lan Phương	#gf00ff0 Th秈 Trang
10553327	#e330066#gfffff0 Lí Hí Lan Phương	#gf00ff0 Th秈 Trang
10553328	#e330066#gfffff0 Lí Hí Lan Phương	#gf00ff0 Th秈 Trang
10553329	#e330066#gfffff0 Lí Hí Lan Phương	#gf00ff0 Th秈 Trang
10553330	#e330066#gfffff0 Lí Hí Lan Phương	#gf00ff0 Th秈 Trang
10553331	#e330066#gfffff0 Lí Hí Lan Phương	#gf00ff0 Th秈 Trang
10553332	#e330066#gfffff0 Lí Hí Lan Phương	#gf00ff0 Th秈 Trang
10553333	#e330066#gfffff0 Lí Hí Lan Phương	#gf00ff0 Th秈 Trang
10553334	#e330066#gfffff0 Lí Hí Lan Phương	#gf00ff0 Th秈 Trang
10553335	#e330066#gfffff0 Ngọc Cẩm Kim Sa	#gf00ff0 Th秈 Trang
10553336	#e330066#gfffff0 Ngọc Cẩm Kim Sa	#gf00ff0 Th秈 Trang
10553337	#e330066#gfffff0 Ngọc Cẩm Kim Sa	#gf00ff0 Th秈 Trang
10553338	#e330066#gfffff0 Ngọc Cẩm Kim Sa	#gf00ff0 Th秈 Trang
10553339	#e330066#gfffff0 Ngọc Cẩm Kim Sa	#gf00ff0 Th秈 Trang
10553340	#e330066#gfffff0 Ngọc Cẩm Kim Sa	#gf00ff0 Th秈 Trang
10553341	#e330066#gfffff0 Ngọc Cẩm Kim Sa	#gf00ff0 Th秈 Trang
10553342	#e330066#gfffff0 Ngọc Cẩm Kim Sa	#gf00ff0 Th秈 Trang
10553343	#e330066#gfffff0 Ngọc Cẩm Kim Sa	#gf00ff0 Th秈 Trang
10553344	#e330066#gfffff0 Mặc Vũ Tiềm U	#gf00ff0 Th秈 Trang
10553345	#e330066#gfffff0 Mặc Vũ Tiềm U	#gf00ff0 Th秈 Trang
10553346	#e330066#gfffff0 Mặc Vũ Tiềm U	#gf00ff0 Th秈 Trang
10553347	#e330066#gfffff0 Mặc Vũ Tiềm U	#gf00ff0 Th秈 Trang
10553348	#e330066#gfffff0 Mặc Vũ Tiềm U	#gf00ff0 Th秈 Trang
10553349	#e330066#gfffff0 Mặc Vũ Tiềm U	#gf00ff0 Th秈 Trang
10553350	#e330066#gfffff0 Mặc Vũ Tiềm U	#gf00ff0 Th秈 Trang
10553351	#e330066#gfffff0 Mặc Vũ Tiềm U	#gf00ff0 Th秈 Trang
10553352	#e330066#gfffff0 Mặc Vũ Tiềm U	#gf00ff0 Th秈 Trang
10553353	#e330066#gfffff0 Dạ Cẩm Thiên Lan	#gf00ff0 Th秈 Trang
10553354	#e330066#gfffff0 Dạ Cẩm Thiên Lan	#gf00ff0 Th秈 Trang
10553355	#e330066#gfffff0 Dạ Cẩm Thiên Lan	#gf00ff0 Th秈 Trang
10553356	#e330066#gfffff0 Dạ Cẩm Thiên Lan	#gf00ff0 Th秈 Trang
10553357	#e330066#gfffff0 Dạ Cẩm Thiên Lan	#gf00ff0 Th秈 Trang
10553358	#e330066#gfffff0 Dạ Cẩm Thiên Lan	#gf00ff0 Th秈 Trang
10553359	#e330066#gfffff0 Dạ Cẩm Thiên Lan	#gf00ff0 Th秈 Trang
10553360	#e330066#gfffff0 Dạ Cẩm Thiên Lan	#gf00ff0 Th秈 Trang
10553361	#e330066#gfffff0 Dạ Cẩm Thiên Lan	#gf00ff0 Th秈 Trang
10553362	#e330066#gfffff0 Tố Vãn Huyền Thường	#gf00ff0 Th秈 Trang
10553363	#e330066#gfffff0 Tố Vãn Huyền Thường	#gf00ff0 Th秈 Trang
10553364	#e330066#gfffff0 Tố Vãn Huyền Thường	#gf00ff0 Th秈 Trang
10553365	#e330066#gfffff0 Tố Vãn Huyền Thường	#gf00ff0 Th秈 Trang
10553366	#e330066#gfffff0 Tố Vãn Huyền Thường	#gf00ff0 Th秈 Trang
10553367	#e330066#gfffff0 Tố Vãn Huyền Thường	#gf00ff0 Th秈 Trang
10553368	#e330066#gfffff0 Tố Vãn Huyền Thường	#gf00ff0 Th秈 Trang
10553369	#e330066#gfffff0 Tố Vãn Huyền Thường	#gf00ff0 Th秈 Trang
10553370	#e330066#gfffff0 Tố Vãn Huyền Thường	#gf00ff0 Th秈 Trang
10553371	#e330066#gfffff0 Sắc Vi Chi Mộng	#gf00ff0 Th秈 Trang
10553372	#e330066#gfffff0 Sắc Vi Chi Mộng	#gf00ff0 Th秈 Trang
10553373	#e330066#gfffff0 Sắc Vi Chi Mộng	#gf00ff0 Th秈 Trang
10553374	#e330066#gfffff0 Sắc Vi Chi Mộng	#gf00ff0 Th秈 Trang
10553375	#e330066#gfffff0 Sắc Vi Chi Mộng	#gf00ff0 Th秈 Trang
10553376	#e330066#gfffff0 Sắc Vi Chi Mộng	#gf00ff0 Th秈 Trang
10553377	#e330066#gfffff0 Sắc Vi Chi Mộng	#gf00ff0 Th秈 Trang
10553378	#e330066#gfffff0 Sắc Vi Chi Mộng	#gf00ff0 Th秈 Trang
10553379	#e330066#gfffff0 Sắc Vi Chi Mộng	#gf00ff0 Th秈 Trang
10553380	#e330066#gfffff0 V鈔 No鉵 Ph呓ng Hoa	#gf00ff0 Th秈 Trang
10553381	#e330066#gfffff0 V鈔 No鉵 Ph呓ng Hoa	#gf00ff0 Th秈 Trang
10553382	#e330066#gfffff0 V鈔 No鉵 Ph呓ng Hoa	#gf00ff0 Th秈 Trang
10553383	#e330066#gfffff0 V鈔 No鉵 Ph呓ng Hoa	#gf00ff0 Th秈 Trang
10553384	#e330066#gfffff0 V鈔 No鉵 Ph呓ng Hoa	#gf00ff0 Th秈 Trang
10553385	#e330066#gfffff0 V鈔 No鉵 Ph呓ng Hoa	#gf00ff0 Th秈 Trang
10553386	#e330066#gfffff0 V鈔 No鉵 Ph呓ng Hoa	#gf00ff0 Th秈 Trang
10553387	#e330066#gfffff0 V鈔 No鉵 Ph呓ng Hoa	#gf00ff0 Th秈 Trang
10553388	#e330066#gfffff0 V鈔 No鉵 Ph呓ng Hoa	#gf00ff0 Th秈 Trang
10553389	#e330066#gfffff0 Long Ph唼ng Tr靚h T叨ng	#gf00ff0 Th秈 Trang
10553390	#e330066#gfffff0 Long Ph唼ng Tr靚h T叨ng	#gf00ff0 Th秈 Trang
10553391	#e330066#gfffff0 Long Ph唼ng Tr靚h T叨ng	#gf00ff0 Th秈 Trang
10553392	#e330066#gfffff0 Long Ph唼ng Tr靚h T叨ng	#gf00ff0 Th秈 Trang
10553393	#e330066#gfffff0 Long Ph唼ng Tr靚h T叨ng	#gf00ff0 Th秈 Trang
10553394	#e330066#gfffff0 Long Ph唼ng Tr靚h T叨ng	#gf00ff0 Th秈 Trang
10553395	#e330066#gfffff0 Long Ph唼ng Tr靚h T叨ng	#gf00ff0 Th秈 Trang
10553396	#e330066#gfffff0 Long Ph唼ng Tr靚h T叨ng	#gf00ff0 Th秈 Trang
10553397	#e330066#gfffff0 Long Ph唼ng Tr靚h T叨ng	#gf00ff0 Th秈 Trang
10553398	#e330066#gfffff0 Ngọc Cẩm Hồi Phong	#gf00ff0 Th秈 Trang
10553399	#e330066#gfffff0 Ngọc Cẩm Hồi Phong	#gf00ff0 Th秈 Trang
10553400	#e330066#gfffff0 Ngọc Cẩm Hồi Phong	#gf00ff0 Th秈 Trang
10553401	#e330066#gfffff0 Ngọc Cẩm Hồi Phong	#gf00ff0 Th秈 Trang
10553402	#e330066#gfffff0 Ngọc Cẩm Hồi Phong	#gf00ff0 Th秈 Trang
10553403	#e330066#gfffff0 Ngọc Cẩm Hồi Phong	#gf00ff0 Th秈 Trang
10553404	#e330066#gfffff0 Ngọc Cẩm Hồi Phong	#gf00ff0 Th秈 Trang
10553405	#e330066#gfffff0 Ngọc Cẩm Hồi Phong	#gf00ff0 Th秈 Trang
10553406	#e330066#gfffff0 Ngọc Cẩm Hồi Phong	#gf00ff0 Th秈 Trang
10553407	#e330066#gfffff0 Phi Hồng Cẩm Trang	#gf00ff0 Th秈 Trang
10553408	#e330066#gfffff0 Phi Hồng Cẩm Trang	#gf00ff0 Th秈 Trang
10553409	#e330066#gfffff0 Phi Hồng Cẩm Trang	#gf00ff0 Th秈 Trang
10553410	#e330066#gfffff0 Phi Hồng Cẩm Trang	#gf00ff0 Th秈 Trang
10553411	#e330066#gfffff0 Phi Hồng Cẩm Trang	#gf00ff0 Th秈 Trang
10553412	#e330066#gfffff0 Phi Hồng Cẩm Trang	#gf00ff0 Th秈 Trang
10553413	#e330066#gfffff0 Phi Hồng Cẩm Trang	#gf00ff0 Th秈 Trang
10553414	#e330066#gfffff0 Phi Hồng Cẩm Trang	#gf00ff0 Th秈 Trang
10553415	#e330066#gfffff0 Phi Hồng Cẩm Trang	#gf00ff0 Th秈 Trang
10553416	#e330066#gfffff0 Linh Ô Lộng Vũ	#gf00ff0 Th秈 Trang
10553417	#e330066#gfffff0 Linh Ô Lộng Vũ	#gf00ff0 Th秈 Trang
10553418	#e330066#gfffff0 Linh Ô Lộng Vũ	#gf00ff0 Th秈 Trang
10553419	#e330066#gfffff0 Linh Ô Lộng Vũ	#gf00ff0 Th秈 Trang
10553420	#e330066#gfffff0 Linh Ô Lộng Vũ	#gf00ff0 Th秈 Trang
10553421	#e330066#gfffff0 Linh Ô Lộng Vũ	#gf00ff0 Th秈 Trang
10553422	#e330066#gfffff0 Linh Ô Lộng Vũ	#gf00ff0 Th秈 Trang
10553423	#e330066#gfffff0 Linh Ô Lộng Vũ	#gf00ff0 Th秈 Trang
10553424	#e330066#gfffff0 Linh Ô Lộng Vũ	#gf00ff0 Th秈 Trang
10553425	#e330066#gfffff0 V鈔 M祅g Tinh Th叨ng	#gf00ff0 Th秈 Trang
10553426	#e330066#gfffff0 V鈔 M祅g Tinh Th叨ng	#gf00ff0 Th秈 Trang
10553427	#e330066#gfffff0 V鈔 M祅g Tinh Th叨ng	#gf00ff0 Th秈 Trang
10553428	#e330066#gfffff0 V鈔 M祅g Tinh Th叨ng	#gf00ff0 Th秈 Trang
10553429	#e330066#gfffff0 V鈔 M祅g Tinh Th叨ng	#gf00ff0 Th秈 Trang
10553430	#e330066#gfffff0 V鈔 M祅g Tinh Th叨ng	#gf00ff0 Th秈 Trang
10553431	#e330066#gfffff0 V鈔 M祅g Tinh Th叨ng	#gf00ff0 Th秈 Trang
10553432	#e330066#gfffff0 V鈔 M祅g Tinh Th叨ng	#gf00ff0 Th秈 Trang
10553433	#e330066#gfffff0 V鈔 M祅g Tinh Th叨ng	#gf00ff0 Th秈 Trang
10553434	#e330066#gfffff0 B韈h M祅g Li阯 Hoa	#gf00ff0 Th秈 Trang
10553435	#e330066#gfffff0 B韈h M祅g Li阯 Hoa	#gf00ff0 Th秈 Trang
10553436	#e330066#gfffff0 B韈h M祅g Li阯 Hoa	#gf00ff0 Th秈 Trang
10553437	#e330066#gfffff0 B韈h M祅g Li阯 Hoa	#gf00ff0 Th秈 Trang
10553438	#e330066#gfffff0 B韈h M祅g Li阯 Hoa	#gf00ff0 Th秈 Trang
10553439	#e330066#gfffff0 B韈h M祅g Li阯 Hoa	#gf00ff0 Th秈 Trang
10553440	#e330066#gfffff0 B韈h M祅g Li阯 Hoa	#gf00ff0 Th秈 Trang
10553441	#e330066#gfffff0 B韈h M祅g Li阯 Hoa	#gf00ff0 Th秈 Trang
10553442	#e330066#gfffff0 B韈h M祅g Li阯 Hoa	#gf00ff0 Th秈 Trang
10553443	#e330066#gfffff0 Điệp Vũ Lưu Phương	#gf00ff0 Th秈 Trang
10553444	#e330066#gfffff0 Điệp Vũ Lưu Phương	#gf00ff0 Th秈 Trang
10553445	#e330066#gfffff0 Điệp Vũ Lưu Phương	#gf00ff0 Th秈 Trang
10553446	#e330066#gfffff0 Điệp Vũ Lưu Phương	#gf00ff0 Th秈 Trang
10553447	#e330066#gfffff0 Điệp Vũ Lưu Phương	#gf00ff0 Th秈 Trang
10553448	#e330066#gfffff0 Điệp Vũ Lưu Phương	#gf00ff0 Th秈 Trang
10553449	#e330066#gfffff0 Điệp Vũ Lưu Phương	#gf00ff0 Th秈 Trang
10553450	#e330066#gfffff0 Điệp Vũ Lưu Phương	#gf00ff0 Th秈 Trang
10553451	#e330066#gfffff0 Điệp Vũ Lưu Phương	#gf00ff0 Th秈 Trang
10553452	#e330066#gfffff0 S呓ng Tuy猼 Long H皀	#gf00ff0 Th秈 Trang
10553453	#e330066#gfffff0 S呓ng Tuy猼 Long H皀	#gf00ff0 Th秈 Trang
10553454	#e330066#gfffff0 S呓ng Tuy猼 Long H皀	#gf00ff0 Th秈 Trang
10553455	#e330066#gfffff0 S呓ng Tuy猼 Long H皀	#gf00ff0 Th秈 Trang
10553456	#e330066#gfffff0 S呓ng Tuy猼 Long H皀	#gf00ff0 Th秈 Trang
10553457	#e330066#gfffff0 S呓ng Tuy猼 Long H皀	#gf00ff0 Th秈 Trang
10553458	#e330066#gfffff0 S呓ng Tuy猼 Long H皀	#gf00ff0 Th秈 Trang
10553459	#e330066#gfffff0 S呓ng Tuy猼 Long H皀	#gf00ff0 Th秈 Trang
10553460	#e330066#gfffff0 S呓ng Tuy猼 Long H皀	#gf00ff0 Th秈 Trang
10553461	#e330066#gfffff0 Cẩm Tú Du Tiên	#gf00ff0 Th秈 Trang
10553462	#e330066#gfffff0 Cẩm Tú Du Tiên	#gf00ff0 Th秈 Trang
10553463	#e330066#gfffff0 Cẩm Tú Du Tiên	#gf00ff0 Th秈 Trang
10553464	#e330066#gfffff0 Cẩm Tú Du Tiên	#gf00ff0 Th秈 Trang
10553465	#e330066#gfffff0 Cẩm Tú Du Tiên	#gf00ff0 Th秈 Trang
10553466	#e330066#gfffff0 Cẩm Tú Du Tiên	#gf00ff0 Th秈 Trang
10553467	#e330066#gfffff0 Cẩm Tú Du Tiên	#gf00ff0 Th秈 Trang
10553468	#e330066#gfffff0 Cẩm Tú Du Tiên	#gf00ff0 Th秈 Trang
10553469	#e330066#gfffff0 Cẩm Tú Du Tiên	#gf00ff0 Th秈 Trang
10553470	#e330066#gfffff0 Thanh Long Túy Vũ	#gf00ff0 Th秈 Trang
10553471	#e330066#gfffff0 Thanh Long Túy Vũ	#gf00ff0 Th秈 Trang
10553472	#e330066#gfffff0 Thanh Long Túy Vũ	#gf00ff0 Th秈 Trang
10553473	#e330066#gfffff0 Thanh Long Túy Vũ	#gf00ff0 Th秈 Trang
10553474	#e330066#gfffff0 Thanh Long Túy Vũ	#gf00ff0 Th秈 Trang
10553475	#e330066#gfffff0 Thanh Long Túy Vũ	#gf00ff0 Th秈 Trang
10553476	#e330066#gfffff0 Thanh Long Túy Vũ	#gf00ff0 Th秈 Trang
10553477	#e330066#gfffff0 Thanh Long Túy Vũ	#gf00ff0 Th秈 Trang
10553478	#e330066#gfffff0 Thanh Long Túy Vũ	#gf00ff0 Th秈 Trang
10553479	#e330066#gfffff0 Đan Hà Cẩm Tú	#gf00ff0 Th秈 Trang
10553480	#e330066#gfffff0 Đan Hà Cẩm Tú	#gf00ff0 Th秈 Trang
10553481	#e330066#gfffff0 Đan Hà Cẩm Tú	#gf00ff0 Th秈 Trang
10553482	#e330066#gfffff0 Đan Hà Cẩm Tú	#gf00ff0 Th秈 Trang
10553483	#e330066#gfffff0 Đan Hà Cẩm Tú	#gf00ff0 Th秈 Trang
10553484	#e330066#gfffff0 Đan Hà Cẩm Tú	#gf00ff0 Th秈 Trang
10553485	#e330066#gfffff0 Đan Hà Cẩm Tú	#gf00ff0 Th秈 Trang
10553486	#e330066#gfffff0 Đan Hà Cẩm Tú	#gf00ff0 Th秈 Trang
10553487	#e330066#gfffff0 Đan Hà Cẩm Tú	#gf00ff0 Th秈 Trang
10553500	Tọa Kỵ: Huyền Thiên Lôi Thú	tọa kỵ
10553501	Tọa Kỵ: Cửu Châu Thần Long	tọa kỵ
10553502	Tọa Kỵ: Nguyệt Thỏ	tọa kỵ
10553503	Tọa Kỵ: Giang Nam Tỏa Giáp Mã	tọa kỵ
10553504	Tọa Kỵ: Đại Mạc Kim Qua Mã	tọa kỵ
10553505	Tọa Kỵ: Yên Vũ Thanh Hà	tọa kỵ
10553506	Tọa Kỵ: Huyễn Hỏa Xích Lân Thú	tọa kỵ
10553507	Tọa Kỵ: Chích Túc Quỷ Mã	tọa kỵ
10553508	Tọa Kỵ: Thiêm Phúc Cẩm Lân	tọa kỵ
10553509	Tọa Kỵ: Thiên Công Linh Lung Thử	tọa kỵ
10553510	Tọa Kỵ: Lục Hành Điểu	tọa kỵ
10553511	Tọa Kỵ: Kim Lân Vũ Sư	tọa kỵ
10553512	Tọa Kỵ: Kí Cư Giải	tọa kỵ
10553513	Tọa Kỵ: Thất Bảo Liên Tọa	tọa kỵ
10553514	Tọa Kỵ: Xích Lân Bạch Trạch	tọa kỵ
10553515	Tọa Kỵ: Thanh Lân Bạch Trạch	tọa kỵ
10553516	Tọa Kỵ: Kim Dực Long Thú	tọa kỵ
10553517	Tọa Kỵ: Phỉ Thúy Ngự Giá	tọa kỵ
10553518	Tọa Kỵ: Dong Nham Ma Tê	tọa kỵ
10553519	Tọa Kỵ: Tứ Hỉ Tống Lí Thai	tọa kỵ
10553520	Tọa Kỵ: Nguyệt Bạch Long Mã	tọa kỵ
10553521	Phi Long: 姓i Phong	tọa kỵ
10553522	Tọa Kỵ: Lam Dực Long Thú	tọa kỵ
10553523	Tọa Kỵ: Thanh Dực Long Thú	tọa kỵ
10553524	Tọa Kỵ: Ngạo Tuyết Linh Sư	tọa kỵ
10553525	Tọa Kỵ: Phách Thế Vũ Long	tọa kỵ
10553526	Tọa Kỵ: Thanh Dực Chiến Long	tọa kỵ
10553527	Tọa Kỵ: Tuyệt Vân Diễm Long	tọa kỵ
10553528	Tọa Kỵ: Phúc Thụy Tuyết Điêu	tọa kỵ
10553529	Tọa Kỵ: Hồng Mai Nhuyễn Giá	tọa kỵ
10553530	Sí Bàng: Kim Vũ	tọa kỵ
10553531	Tọa Kỵ: Minh Tà Thú	tọa kỵ
10553532	Tọa Kỵ: Liệt Hỏa Kim Cương	tọa kỵ
10553533	Tọa Kỵ: Xích Tiêu Viêm Lang	tọa kỵ
10553534	Tọa Kỵ: Mị Vũ	tọa kỵ
10553535	Tọa Kỵ: Thiên Hà Linh Thước	tọa kỵ
10553536	Tọa Kỵ: Vân Thủy Kim Tình Thú	tọa kỵ
10553537	Tọa Kỵ: Hắc Thiên Mã	tọa kỵ
10553538	Tọa Kỵ: Huyền Đồng Hải Long	tọa kỵ
10553539	Tọa Kỵ: U Lam Hải Long	tọa kỵ
10553540	Tọa Kỵ: Ám Viêm Khai Minh Thú	tọa kỵ
10553541	Tọa Kỵ: Dao Quang Khai Minh Thú	tọa kỵ
10553542	Tọa Kỵ: Tinh Hồng Vân Chu	tọa kỵ
10553543	Tọa Kỵ: Ám Viêm Minh Sư	tọa kỵ
10553544	Tọa Kỵ: Hư Không Hùng Hồn	tọa kỵ
10553545	Tọa Kỵ: Tường Vân Hạc	tọa kỵ
10553546	Tọa Kỵ: Kim Tiễn Báo	tọa kỵ
10553547	Tọa Kỵ: Vân Tuyết Báo	tọa kỵ
10553548	Tọa Kỵ: U Minh Báo	tọa kỵ
10553549	Tọa Kỵ: Viêm Vũ	tọa kỵ
10553550	Tọa Kỵ: Ứng Long Huyễn Hồn	tọa kỵ
10553551	Tọa Kỵ: Hắc Mân Côi	tọa kỵ
10553552	Tọa Kỵ: Nhung Tuyết Thần Ngưu	tọa kỵ
10553553	Tọa Kỵ: Thương Hải Long Câu	tọa kỵ
10553554	Tọa Kỵ: Bách Biến Kim Cương	tọa kỵ
10553555	Tọa Kỵ: Đậu Đậu Tuyết Khiêu	tọa kỵ
10553556	Tọa Kỵ: Nguyệt Mã Hương Câu	tọa kỵ
10553557	Tọa Kỵ: Xích Luyện Câu	tọa kỵ
10553558	Tọa Kỵ: Bích Giáp Huyền Quy	tọa kỵ
10553559	Tọa Kỵ: Tinh Vũ Du Long	tọa kỵ
10553560	Tọa Kỵ: Thương Lan Vũ Dực	tọa kỵ
10553561	Tọa Kỵ: Vân Tiêu Vũ Dực	tọa kỵ
10553562	Tọa Kỵ: Đoàn Dương Dương	tọa kỵ
10553563	Tọa Kỵ: Vân Thủy Thanh Hà	tọa kỵ
10553564	Tọa Kỵ: Diệt Thế Hỏa Phượng	tọa kỵ
10553565	Tọa Kỵ: Liệt Hải Ma Long	tọa kỵ
10553566	Tọa Kỵ: Nhiếp Linh Cổ Hoa	tọa kỵ
10553567	Tọa Kỵ: Thủy Bích Phi Diên	tọa kỵ
10553568	Tọa Kỵ: Giáng Tử Phi Diên	tọa kỵ
10553569	Tọa Kỵ: Cương Tông Thú	tọa kỵ
10553570	Tọa Kỵ: Quỷ Mã Long Chu	tọa kỵ
10553571	Tọa Kỵ: Vọng Nguyệt Long Câu	tọa kỵ
10553572	Tọa Kỵ: Đạp Tuyết Ô Chuy	tọa kỵ
10553573	Tọa Kỵ: Ngọc Lân Long	tọa kỵ
10553574	Tọa Kỵ: Mộng Linh Tiên Câu	tọa kỵ
10553575	Tọa Kỵ: Mộng Huyễn Tiên Câu	tọa kỵ
10553576	Tọa Kỵ: Vân Hộc Cẩm Xa	tọa kỵ
10553577	Tọa Kỵ: Bích Thủy Linh Quân	tọa kỵ
10553578	Tọa Kỵ: Tử Ngọc Linh Miêu	tọa kỵ
10553579	Tọa Kỵ: Tố Tuyết Linh Miêu	tọa kỵ
10553580	Tọa Kỵ: Hàm Bảo Hùng	tọa kỵ
10553581	Tọa Kỵ: Hồng Vi Mộng Y	tọa kỵ
10553582	Tọa Kỵ: Linh Vi Mộng Y	tọa kỵ
10553583	Tọa Kỵ: Lưu Li Tước Vũ	tọa kỵ
10553584	Tọa Kỵ: Linh Vu Tước Vũ	tọa kỵ
10553585	Tọa Kỵ: Phi Hoàng Vũ Dực	tọa kỵ
10553586	Tọa Kỵ: Hỉ Khánh Hùng Miêu	tọa kỵ
10553587	Tọa Kỵ: Địa Hỏa Li Viêm Thú	tọa kỵ
10553588	Tọa Kỵ: Bố Đinh Điềm Tâm	tọa kỵ
10553589	Tọa Kỵ: Bố Đinh Điềm Tâm Lam	tọa kỵ
10553590	Tọa Kỵ: Linh Hồ	tọa kỵ
10553591	Tọa Kỵ: Xích Vĩ Hồ	tọa kỵ
10553592	Tọa Kỵ: Huyền Thiên Hồ	tọa kỵ
10553593	Tọa Kỵ: Tấn Mãnh Long	tọa kỵ
10553594	Tọa Kỵ: Hỏa Phượng Hoàng	tọa kỵ
10553595	Tọa Kỵ: Độc Giác Thú	tọa kỵ
10553596	Tọa Kỵ: Phượng Lôi Thú	tọa kỵ
10553597	Tọa Kỵ: Hạt Vĩ Sư	tọa kỵ
10553598	Sí Bàng: Đấu Vương Chi Dực	tọa kỵ
10553599	Sí Bàng: Đấu Hoàng Chi Dực	tọa kỵ
10553600	Sí Bàng: Đấu Thánh Chi Dực	tọa kỵ
10553601	Sí Bàng: Đấu Đế Chi Dực	tọa kỵ
10553602	Sí Bàng: Đấu Thần Chi Dực	tọa kỵ
10553603	Kỵ Thừa: Tự Hành Xa-#GPhấn	tọa kỵ
10553604	Kỵ Thừa: Tự Hành Xa-#GHoàng	tọa kỵ
10553605	Kỵ Thừa: Tự Hành Xa-#GLam	tọa kỵ
10553606	Kỵ Thừa: Tự Hành Xa-#GHồng	tọa kỵ
10553607	Kỵ Thừa: Phi Thiên Tảo Bả	tọa kỵ
10553608	Kỵ Thừa: Bạo Lực Ma Thác	tọa kỵ
10553609	Kỵ Thừa: Linh Mộng Dương Đà	tọa kỵ
10553610	Kỵ Thừa: Huyễn Tuyết Dương Đà	tọa kỵ
10553611	Kỵ Thừa: Ngự Phong Dương Đà	tọa kỵ
10553612	Kỵ Thừa: Truy Nguyệt Dương Đà	tọa kỵ
10553613	Tọa Kỵ: Linh Hồ	tọa kỵ
10553614	Tọa Kỵ: Xích Vĩ Hồ	tọa kỵ
10553615	Tọa Kỵ: Huyền Thiên Hồ	tọa kỵ
