id	ten_han_viet	ten_trung	type	cap_mang	bien_di	bao_bao	truong_thanh
558	Phiêu Phiêu Áp	飘飘鸭	298	1	1	0	500
559	Phiêu Phiêu Thỏ	飘飘兔	299	1	1	0	500
3000	Thỏ Tử	成年兔子	300	5	0	0	540
3001	Biến dị Thỏ Tử	变异兔子	300	5	1	0	540
3009	Thỏ Tử (bảo bảo)	兔子宝宝	300	5	0	1	540
3010	Yến Tử	成年燕子	301	5	0	0	540
3011	Biến dị Yến Tử	变异燕子	301	5	1	0	540
3019	Yến Tử (bảo bảo)	燕子宝宝	301	5	0	1	540
3020	Ô Quy	成年乌龟	302	5	0	0	540
3021	Biến dị Ô Quy	变异乌龟	302	5	1	0	540
3029	Ô Quy (bảo bảo)	乌龟宝宝	302	5	0	1	540
3030	Cẩu	成年狗	303	5	0	0	642
3031	Biến dị Cẩu	变异狗	303	5	1	0	642
3039	Cẩu (bảo bảo)	狗宝宝	303	5	0	1	642
3040	Thích Vị	成年刺猬	304	5	0	0	642
3041	Biến dị Thích Vị	变异刺猬	304	5	1	0	642
3049	Thích Vị (bảo bảo)	刺猬宝宝	304	5	0	1	642
3050	Hầu Tử	成年猴子	305	5	0	0	642
3051	Biến dị Hầu Tử	变异猴子	305	5	1	0	642
3059	Hầu Tử (bảo bảo)	猴子宝宝	305	5	0	1	642
3060	Tùng Thử	成年松鼠	306	5	0	0	744
3061	Biến dị Tùng Thử	变异松鼠	306	5	1	0	744
3062	Biến dị Tùng Thử	变异松鼠	306	5	1	0	744
3069	Tùng Thử (bảo bảo)	松鼠宝宝	306	5	0	1	744
3070	Hoán Hùng	成年浣熊	307	5	0	0	744
3071	Biến dị Hoán Hùng	变异浣熊	307	5	1	0	744
3072	Biến dị Hoán Hùng	变异浣熊	307	5	1	0	744
3079	Hoán Hùng (bảo bảo)	浣熊宝宝	307	5	0	1	744
3080	Anh Vũ	成年鹦鹉	308	5	0	0	744
3081	Biến dị Anh Vũ	变异鹦鹉	308	5	1	0	744
3082	Biến dị Anh Vũ	变异鹦鹉	308	5	1	0	744
3089	Anh Vũ (bảo bảo)	鹦鹉宝宝	308	5	0	1	744
3090	Tích Dịch	成年蜥蜴	309	5	0	0	846
3091	Biến dị Tích Dịch	变异蜥蜴	309	5	1	0	846
3092	Biến dị Tích Dịch	变异蜥蜴	309	5	1	0	846
3099	Tích Dịch (bảo bảo)	蜥蜴宝宝	309	5	0	1	846
3100	Biên Bức	成年蝙蝠	310	5	0	0	846
3101	Biến dị Biên Bức	变异蝙蝠	310	5	1	0	846
3102	Biến dị Biên Bức	变异蝙蝠	310	5	1	0	846
3109	Biên Bức (bảo bảo)	蝙蝠宝宝	310	5	0	1	846
3110	Đại Đường Lang	成年大螳螂	311	5	0	0	846
3111	Biến dị Đại Đường Lang	变异大螳螂	311	5	1	0	846
3112	Biến dị Đại Đường Lang	变异大螳螂	311	5	1	0	846
3119	Đại Đường Lang (bảo bảo)	大螳螂宝宝	311	5	0	1	846
3120	Ngạc Ngư	成年鳄鱼	312	5	0	0	846
3121	Biến dị Ngạc Ngư	变异鳄鱼	312	5	1	0	846
3122	Biến dị Ngạc Ngư	变异鳄鱼	312	5	1	0	846
3129	Ngạc Ngư (bảo bảo)	鳄鱼宝宝	312	5	0	1	846
3130	Miêu Đầu Ưng	成年猫头鹰	313	45	0	0	948
3131	Biến dị Miêu Đầu Ưng	变异猫头鹰	313	45	1	0	948
3132	Biến dị Miêu Đầu Ưng	变异猫头鹰	313	45	1	0	948
3133	Biến dị Miêu Đầu Ưng	变异猫头鹰	313	45	1	0	948
3139	Miêu Đầu Ưng (bảo bảo)	猫头鹰宝宝	313	45	0	1	948
3140	Hoan	成年獾	314	45	0	0	948
3141	Biến dị Hoan	变异獾	314	45	1	0	948
3142	Biến dị Hoan	变异獾	314	45	1	0	948
3143	Biến dị Hoan	变异獾	314	45	1	0	948
3149	Hoan (bảo bảo)	獾宝宝	314	45	0	1	948
3150	Lão Hổ	成年老虎	315	45	0	0	948
3151	Biến dị Lão Hổ	变异老虎	315	45	1	0	948
3152	Biến dị Lão Hổ	变异老虎	315	45	1	0	948
3153	Biến dị Lão Hổ	变异老虎	315	45	1	0	948
3159	Lão Hổ (bảo bảo)	老虎宝宝	315	45	0	1	948
3160	Dã Trư	成年野猪	316	45	0	0	948
3161	Biến dị Dã Trư	变异野猪	316	45	1	0	948
3162	Biến dị Dã Trư	变异野猪	316	45	1	0	948
3163	Biến dị Dã Trư	变异野猪	316	45	1	0	948
3169	Dã Trư (bảo bảo)	野猪宝宝	316	45	0	1	948
3170	Băng Tằm	成年冰蚕	317	55	0	0	1051
3171	Biến dị Băng Tằm	变异冰蚕	317	55	1	0	1051
3172	Biến dị Băng Tằm	变异冰蚕	317	55	1	0	1051
3173	Biến dị Băng Tằm	变异冰蚕	317	55	1	0	1051
3174	Biến dị Băng Tằm	变异冰蚕	317	55	1	0	1051
3179	Băng Tằm (bảo bảo)	冰蚕宝宝	317	55	0	1	1051
3180	Ưng	成年鹰	318	55	0	0	1051
3181	Biến dị Ưng	变异鹰	318	55	1	0	1051
3182	Biến dị Ưng	变异鹰	318	55	1	0	1051
3183	Biến dị Ưng	变异鹰	318	55	1	0	1051
3184	Biến dị Ưng	变异鹰	318	55	1	0	1051
3189	Ưng (bảo bảo)	鹰宝宝	318	55	0	1	1051
3190	Đà Điểu	成年鸵鸟	319	55	0	0	1051
3191	Biến dị Đà Điểu	变异鸵鸟	319	55	1	0	1051
3192	Biến dị Đà Điểu	变异鸵鸟	319	55	1	0	1051
3193	Biến dị Đà Điểu	变异鸵鸟	319	55	1	0	1051
3194	Biến dị Đà Điểu	变异鸵鸟	319	55	1	0	1051
3199	Đà Điểu (bảo bảo)	鸵鸟宝宝	319	55	0	1	1051
3200	Báo Tử	成年豹子	320	55	0	0	1051
3201	Biến dị Báo Tử	变异豹子	320	55	1	0	1051
3202	Biến dị Báo Tử	变异豹子	320	55	1	0	1051
3203	Biến dị Báo Tử	变异豹子	320	55	1	0	1051
3204	Biến dị Báo Tử	变异豹子	320	55	1	0	1051
3209	Báo Tử (bảo bảo)	豹子宝宝	320	55	0	1	1051
3210	Bắc Cực Hùng	成年北极熊	321	65	0	0	1153
3211	Biến dị Bắc Cực Hùng	变异北极熊	321	65	1	0	1153
3212	Biến dị Bắc Cực Hùng	变异北极熊	321	65	1	0	1153
3213	Biến dị Bắc Cực Hùng	变异北极熊	321	65	1	0	1153
3214	Biến dị Bắc Cực Hùng	变异北极熊	321	65	1	0	1153
3215	Biến dị Bắc Cực Hùng	变异北极熊	321	65	1	0	1153
3219	Bắc Cực Hùng (bảo bảo)	北极熊宝宝	321	65	0	1	1153
3220	Khổng Tước	成年孔雀	322	65	0	0	1153
3221	Biến dị Khổng Tước	变异孔雀	322	65	1	0	1153
3222	Biến dị Khổng Tước	变异孔雀	322	65	1	0	1153
3223	Biến dị Khổng Tước	变异孔雀	322	65	1	0	1153
3224	Biến dị Khổng Tước	变异孔雀	322	65	1	0	1153
3225	Biến dị Khổng Tước	变异孔雀	322	65	1	0	1153
3229	Khổng Tước (bảo bảo)	孔雀宝宝	322	65	0	1	1153
3230	Kiếm Xỉ Hổ	成年剑齿虎	323	65	0	0	1153
3231	Biến dị Kiếm Xỉ Hổ	变异剑齿虎	323	65	1	0	1153
3232	Biến dị Kiếm Xỉ Hổ	变异剑齿虎	323	65	1	0	1153
3233	Biến dị Kiếm Xỉ Hổ	变异剑齿虎	323	65	1	0	1153
3234	Biến dị Kiếm Xỉ Hổ	变异剑齿虎	323	65	1	0	1153
3235	Biến dị Kiếm Xỉ Hổ	变异剑齿虎	323	65	1	0	1153
3239	Kiếm Xỉ Hổ (bảo bảo)	剑齿虎宝宝	323	65	0	1	1153
3240	Đại Tinh Tinh	成年大猩猩	324	65	0	0	1153
3241	Biến dị Đại Tinh Tinh	变异大猩猩	324	65	1	0	1153
3242	Biến dị Đại Tinh Tinh	变异大猩猩	324	65	1	0	1153
3243	Biến dị Đại Tinh Tinh	变异大猩猩	324	65	1	0	1153
3244	Biến dị Đại Tinh Tinh	变异大猩猩	324	65	1	0	1153
3245	Biến dị Đại Tinh Tinh	变异大猩猩	324	65	1	0	1153
3249	Đại Tinh Tinh (bảo bảo)	大猩猩宝宝	324	65	0	1	1153
3250	Tê Ngưu	成年犀牛	325	75	0	0	1255
3251	Biến dị Tê Ngưu	变异犀牛	325	75	1	0	1255
3252	Biến dị Tê Ngưu	变异犀牛	325	75	1	0	1255
3253	Biến dị Tê Ngưu	变异犀牛	325	75	1	0	1255
3254	Biến dị Tê Ngưu	变异犀牛	325	75	1	0	1255
3255	Biến dị Tê Ngưu	变异犀牛	325	75	1	0	1255
3256	Biến dị Tê Ngưu	变异犀牛	325	75	1	0	1255
3259	Tê Ngưu (bảo bảo)	犀牛宝宝	325	75	0	1	1255
3260	Tuyết Điêu	成年雪貂	326	75	0	0	1255
3261	Biến dị Tuyết Điêu	变异雪貂	326	75	1	0	1255
3262	Biến dị Tuyết Điêu	变异雪貂	326	75	1	0	1255
3263	Biến dị Tuyết Điêu	变异雪貂	326	75	1	0	1255
3264	Biến dị Tuyết Điêu	变异雪貂	326	75	1	0	1255
3265	Biến dị Tuyết Điêu	变异雪貂	326	75	1	0	1255
3266	Biến dị Tuyết Điêu	变异雪貂	326	75	1	0	1255
3269	Tuyết Điêu (bảo bảo)	雪貂宝宝	326	75	0	1	1255
3270	Kiếm Long	成年剑龙	327	75	0	0	1255
3271	Biến dị Kiếm Long	变异剑龙	327	75	1	0	1255
3272	Biến dị Kiếm Long	变异剑龙	327	75	1	0	1255
3273	Biến dị Kiếm Long	变异剑龙	327	75	1	0	1255
3274	Biến dị Kiếm Long	变异剑龙	327	75	1	0	1255
3275	Biến dị Kiếm Long	变异剑龙	327	75	1	0	1255
3276	Biến dị Kiếm Long	变异剑龙	327	75	1	0	1255
3279	Kiếm Long (bảo bảo)	剑龙宝宝	327	75	0	1	1255
3280	Bác Mã	成年駮马	328	75	0	0	1255
3281	Biến dị Bác Mã	变异駮马	328	75	1	0	1255
3282	Biến dị Bác Mã	变异駮马	328	75	1	0	1255
3283	Biến dị Bác Mã	变异駮马	328	75	1	0	1255
3284	Biến dị Bác Mã	变异駮马	328	75	1	0	1255
3285	Biến dị Bác Mã	变异駮马	328	75	1	0	1255
3286	Biến dị Bác Mã	变异駮马	328	75	1	0	1255
3289	Bác Mã (bảo bảo)	駮马宝宝	328	75	0	1	1255
3290	Sồ Phượng	成年雏凤	329	85	0	0	1357
3291	Biến dị Sồ Phượng	变异雏凤	329	85	1	0	1357
3292	Biến dị Sồ Phượng	变异雏凤	329	85	1	0	1357
3293	Biến dị Sồ Phượng	变异雏凤	329	85	1	0	1357
3294	Biến dị Sồ Phượng	变异雏凤	329	85	1	0	1357
3295	Biến dị Sồ Phượng	变异雏凤	329	85	1	0	1357
3296	Biến dị Sồ Phượng	变异雏凤	329	85	1	0	1357
3297	Biến dị Sồ Phượng	变异雏凤	329	85	1	0	1357
3299	Sồ Phượng (bảo bảo)	雏凤宝宝	329	85	0	1	1357
3300	Niên Thú	成年年兽	330	85	0	0	1357
3301	Biến dị Niên Thú	变异年兽	330	85	1	0	1357
3302	Biến dị Niên Thú	变异年兽	330	85	1	0	1357
3303	Biến dị Niên Thú	变异年兽	330	85	1	0	1357
3304	Biến dị Niên Thú	变异年兽	330	85	1	0	1357
3305	Biến dị Niên Thú	变异年兽	330	85	1	0	1357
3306	Biến dị Niên Thú	变异年兽	330	85	1	0	1357
3307	Biến dị Niên Thú	变异年兽	330	85	1	0	1357
3309	Niên Thú (bảo bảo)	年兽宝宝	330	85	0	1	1357
3310	Long Quy	成年龙龟	331	85	0	0	1357
3311	Biến dị Long Quy	变异龙龟	331	85	1	0	1357
3312	Biến dị Long Quy	变异龙龟	331	85	1	0	1357
3313	Biến dị Long Quy	变异龙龟	331	85	1	0	1357
3314	Biến dị Long Quy	变异龙龟	331	85	1	0	1357
3315	Biến dị Long Quy	变异龙龟	331	85	1	0	1357
3316	Biến dị Long Quy	变异龙龟	331	85	1	0	1357
3317	Biến dị Long Quy	变异龙龟	331	85	1	0	1357
3319	Long Quy (bảo bảo)	龙龟宝宝	331	85	0	1	1357
3320	Anh Chiêu	成年英招	332	85	0	0	1357
3321	Biến dị Anh Chiêu	变异英招	332	85	1	0	1357
3322	Biến dị Anh Chiêu	变异英招	332	85	1	0	1357
3323	Biến dị Anh Chiêu	变异英招	332	85	1	0	1357
3324	Biến dị Anh Chiêu	变异英招	332	85	1	0	1357
3325	Biến dị Anh Chiêu	变异英招	332	85	1	0	1357
3326	Biến dị Anh Chiêu	变异英招	332	85	1	0	1357
3327	Biến dị Anh Chiêu	变异英招	332	85	1	0	1357
3329	Anh Chiêu (bảo bảo)	英招宝宝	332	85	0	1	1357
3330	Kỳ Lân	成年麒麟	333	95	0	0	1459
3331	Biến dị Kỳ Lân	变异麒麟	333	95	1	0	1459
3332	Biến dị Kỳ Lân	变异麒麟	333	95	1	0	1459
3333	Biến dị Kỳ Lân	变异麒麟	333	95	1	0	1459
3334	Biến dị Kỳ Lân	变异麒麟	333	95	1	0	1459
3335	Biến dị Kỳ Lân	变异麒麟	333	95	1	0	1459
3336	Biến dị Kỳ Lân	变异麒麟	333	95	1	0	1459
3337	Biến dị Kỳ Lân	变异麒麟	333	95	1	0	1459
3338	Biến dị Kỳ Lân	变异麒麟	333	95	1	0	1459
3339	Kỳ Lân (bảo bảo)	麒麟宝宝	333	95	0	1	1459
3340	Giao Long	成年蛟龙	334	95	0	0	1459
3341	Biến dị Giao Long	变异蛟龙	334	95	1	0	1459
3342	Biến dị Giao Long	变异蛟龙	334	95	1	0	1459
3343	Biến dị Giao Long	变异蛟龙	334	95	1	0	1459
3344	Biến dị Giao Long	变异蛟龙	334	95	1	0	1459
3345	Biến dị Giao Long	变异蛟龙	334	95	1	0	1459
3346	Biến dị Giao Long	变异蛟龙	334	95	1	0	1459
3347	Biến dị Giao Long	变异蛟龙	334	95	1	0	1459
3348	Biến dị Giao Long	变异蛟龙	334	95	1	0	1459
3349	Giao Long (bảo bảo)	蛟龙宝宝	334	95	0	1	1459
3350	Sài Miêu	成年柴猫	335	20	0	0	693
3351	Biến dị Sài Miêu	变异柴猫	335	20	1	0	693
3352	Biến dị Sài Miêu	变异柴猫	335	20	1	0	693
3359	Sài Miêu (bảo bảo)	柴猫宝宝	335	20	0	1	693
3360	Kê	成年鸡	336	5	0	0	693
3361	Biến dị Kê	变异鸡	336	5	1	0	693
3362	Biến dị Kê	变异鸡	336	5	1	0	693
3369	Kê (bảo bảo)	鸡宝宝	336	5	0	1	693
3370	Áp Tử	成年鸭子	337	5	0	0	693
3371	Biến dị Áp Tử	变异鸭子	337	5	1	0	693
3372	Biến dị Áp Tử	变异鸭子	337	5	1	0	693
3379	Áp Tử (bảo bảo)	鸭子宝宝	337	5	0	1	693
3380	Kỹ Gia Dương	成年技嘉羊	338	5	0	0	693
3381	Biến dị Kỹ Gia Dương	变异技嘉羊	338	5	1	0	693
3382	Biến dị Kỹ Gia Dương	变异技嘉羊	338	5	1	0	693
3389	Kỹ Gia Dương (bảo bảo)	技嘉羊宝宝	338	5	0	1	693
3390	Mao Lư	成年毛驴	339	5	0	0	693
3391	Biến dị Mao Lư	变异毛驴	339	5	1	0	693
3392	Biến dị Mao Lư	变异毛驴	339	5	1	0	693
3399	Mao Lư (bảo bảo)	毛驴宝宝	339	5	0	1	693
3400	Nga	成年鹅	340	5	0	0	693
3401	Biến dị Nga	变异鹅	340	5	1	0	693
3402	Biến dị Nga	变异鹅	340	5	1	0	693
3409	Nga (bảo bảo)	鹅宝宝	340	5	0	1	693
3410	Bá Vương Long	成年霸王龙	341	5	0	0	693
3411	Biến dị Bá Vương Long	变异霸王龙	341	5	1	0	693
3412	Biến dị Bá Vương Long	变异霸王龙	341	5	1	0	693
3419	Bá Vương Long (bảo bảo)	霸王龙宝宝	341	5	0	1	693
3420	Xí Nga	成年企鹅	342	5	0	0	846
3421	Biến dị Xí Nga	变异企鹅	342	5	1	0	846
3422	Biến dị Xí Nga	变异企鹅	342	5	1	0	846
3429	Xí Nga (bảo bảo)	企鹅宝宝	342	5	0	1	846
3430	Đại Thử	成年袋鼠	343	75	0	0	1255
3431	Biến dị Đại Thử	变异袋鼠	343	75	1	0	1255
3432	Biến dị Đại Thử	变异袋鼠	343	75	1	0	1255
3433	Biến dị Đại Thử	变异袋鼠	343	75	1	0	1255
3434	Biến dị Đại Thử	变异袋鼠	343	75	1	0	1255
3435	Biến dị Đại Thử	变异袋鼠	343	75	1	0	1255
3436	Biến dị Đại Thử	变异袋鼠	343	75	1	0	1255
3439	Đại Thử (bảo bảo)	袋鼠宝宝	343	75	0	1	1255
3440	Áp Chuỷ Thú	成年鸭嘴兽	344	5	0	0	693
3441	Biến dị Áp Chuỷ Thú	变异鸭嘴兽	344	5	1	0	693
3442	Biến dị Áp Chuỷ Thú	变异鸭嘴兽	344	5	1	0	693
3449	Áp Chuỷ Thú (bảo bảo)	鸭嘴兽宝宝	344	5	0	1	693
3450	Trư	成年猪	345	5	0	0	948
3451	Biến dị Trư	变异猪	345	5	1	0	948
3459	Trư (bảo bảo)	猪宝宝	345	5	0	1	948
3460	Thanh Oa	成年青蛙	346	5	0	0	591
3461	Biến dị Thanh Oa	变异青蛙	346	5	1	0	591
3469	Thanh Oa (bảo bảo)	青蛙宝宝	346	5	0	1	591
3470	Tiểu Tượng	成年小象	347	75	0	0	1255
3471	Biến dị Tiểu Tượng	变异小象	347	75	1	0	1255
3472	Biến dị Tiểu Tượng	变异小象	347	75	1	0	1255
3473	Biến dị Tiểu Tượng	变异小象	347	75	1	0	1255
3474	Biến dị Tiểu Tượng	变异小象	347	75	1	0	1255
3475	Biến dị Tiểu Tượng	变异小象	347	75	1	0	1255
3476	Biến dị Tiểu Tượng	变异小象	347	75	1	0	1255
3479	Tiểu Tượng (bảo bảo)	小象宝宝	347	75	0	1	1255
3480	Tuyết Hồ	成年雪狐	348	5	0	0	591
3481	Biến dị Tuyết Hồ	变异雪狐	348	5	1	0	591
3489	Tuyết Hồ (bảo bảo)	雪狐宝宝	348	5	0	1	591
3490	Lang	成年狼	349	5	0	0	744
3491	Biến dị Lang	变异狼	349	5	1	0	744
3492	Biến dị Lang	变异狼	349	5	1	0	744
3499	Lang (bảo bảo)	狼宝宝	349	5	0	1	744
4216	Biến dị Tuyết Hồ	变异雪狐	348	30	1	0	897
6000	Long	成年龙	600	65	0	0	1255
6001	Biến dị Long	变异龙	600	65	1	0	1255
6002	Biến dị Long	变异龙	600	65	1	0	1255
6003	Biến dị Long	变异龙	600	65	1	0	1255
6004	Biến dị Long	变异龙	600	65	1	0	1255
6005	Biến dị Long	变异龙	600	65	1	0	1255
6009	Long (bảo bảo)	龙宝宝	600	65	0	1	1255
6010	Long Miêu	成年龙猫	601	5	0	0	846
6011	Biến dị Long Miêu	变异龙猫	601	5	1	0	846
6012	Biến dị Long Miêu	变异龙猫	601	5	1	0	846
6019	Long Miêu (bảo bảo)	龙猫宝宝	601	5	0	1	846
6020	Cường Long Miêu	成年强龙猫	602	45	0	0	948
6021	Biến dị Cường Long Miêu	变异强龙猫	602	45	1	0	948
6022	Biến dị Cường Long Miêu	变异强龙猫	602	45	1	0	948
6023	Biến dị Cường Long Miêu	变异强龙猫	602	45	1	0	948
6029	Cường Long Miêu (bảo bảo)	强龙猫宝宝	602	45	0	1	948
6030	Trân Long Miêu	成年珍龙猫	603	55	0	0	1051
6031	Biến dị Trân Long Miêu	变异珍龙猫	603	55	1	0	1051
6032	Biến dị Trân Long Miêu	变异珍龙猫	603	55	1	0	1051
6033	Biến dị Trân Long Miêu	变异珍龙猫	603	55	1	0	1051
6034	Biến dị Trân Long Miêu	变异珍龙猫	603	55	1	0	1051
6039	Trân Long Miêu (bảo bảo)	珍龙猫宝宝	603	55	0	1	1051
6040	Siêu Long Miêu	成年超龙猫	604	65	0	0	1153
6041	Biến dị Siêu Long Miêu	变异超龙猫	604	65	1	0	1153
6042	Biến dị Siêu Long Miêu	变异超龙猫	604	65	1	0	1153
6043	Biến dị Siêu Long Miêu	变异超龙猫	604	65	1	0	1153
6044	Biến dị Siêu Long Miêu	变异超龙猫	604	65	1	0	1153
6045	Biến dị Siêu Long Miêu	变异超龙猫	604	65	1	0	1153
6049	Siêu Long Miêu (bảo bảo)	超龙猫宝宝	604	65	0	1	1153
6050	Thần Long Miêu	成年神龙猫	605	75	0	0	1255
6051	Biến dị Thần Long Miêu	变异神龙猫	605	75	1	0	1255
6052	Biến dị Thần Long Miêu	变异神龙猫	605	75	1	0	1255
6053	Biến dị Thần Long Miêu	变异神龙猫	605	75	1	0	1255
6054	Biến dị Thần Long Miêu	变异神龙猫	605	75	1	0	1255
6055	Biến dị Thần Long Miêu	变异神龙猫	605	75	1	0	1255
6056	Biến dị Thần Long Miêu	变异神龙猫	605	75	1	0	1255
6059	Thần Long Miêu (bảo bảo)	神龙猫宝宝	605	75	0	1	1255
6060	Mặc Kính Miêu	成年墨镜猫	606	5	0	0	846
6061	Biến dị Mặc Kính Miêu	变异墨镜猫	606	5	1	0	846
6062	Biến dị Mặc Kính Miêu	变异墨镜猫	606	5	1	0	846
6069	Mặc Kính Miêu (bảo bảo)	墨镜猫宝宝	606	5	0	1	846
6070	Lưu Hành Miêu	成年流行猫	607	45	0	0	948
6071	Biến dị Lưu Hành Miêu	变异流行猫	607	45	1	0	948
6072	Biến dị Lưu Hành Miêu	变异流行猫	607	45	1	0	948
6073	Biến dị Lưu Hành Miêu	变异流行猫	607	45	1	0	948
6079	Lưu Hành Miêu (bảo bảo)	流行猫宝宝	607	45	0	1	948
6080	Thời Thượng Miêu	成年时尚猫	608	55	0	0	1051
6081	Biến dị Thời Thượng Miêu	变异时尚猫	608	55	1	0	1051
6082	Biến dị Thời Thượng Miêu	变异时尚猫	608	55	1	0	1051
6083	Biến dị Thời Thượng Miêu	变异时尚猫	608	55	1	0	1051
6084	Biến dị Thời Thượng Miêu	变异时尚猫	608	55	1	0	1051
6089	Thời Thượng Miêu (bảo bảo)	时尚猫宝宝	608	55	0	1	1051
6090	Ngẫu Tượng Miêu	成年偶像猫	609	65	0	0	1153
6091	Biến dị Ngẫu Tượng Miêu	变异偶像猫	609	65	1	0	1153
6092	Biến dị Ngẫu Tượng Miêu	变异偶像猫	609	65	1	0	1153
6093	Biến dị Ngẫu Tượng Miêu	变异偶像猫	609	65	1	0	1153
6094	Biến dị Ngẫu Tượng Miêu	变异偶像猫	609	65	1	0	1153
6095	Biến dị Ngẫu Tượng Miêu	变异偶像猫	609	65	1	0	1153
6099	Ngẫu Tượng Miêu (bảo bảo)	偶像猫宝宝	609	65	0	1	1153
6100	Quan Quân Miêu	成年冠军猫	610	75	0	0	1255
6101	Biến dị Quan Quân Miêu	变异冠军猫	610	75	1	0	1255
6102	Biến dị Quan Quân Miêu	变异冠军猫	610	75	1	0	1255
6103	Biến dị Quan Quân Miêu	变异冠军猫	610	75	1	0	1255
6104	Biến dị Quan Quân Miêu	变异冠军猫	610	75	1	0	1255
6105	Biến dị Quan Quân Miêu	变异冠军猫	610	75	1	0	1255
6106	Biến dị Quan Quân Miêu	变异冠军猫	610	75	1	0	1255
6109	Quan Quân Miêu (bảo bảo)	冠军猫宝宝	610	75	0	1	1255
6110	Tê Điểu	成年犀鸟	611	5	0	0	846
6111	Biến dị Tê Điểu	变异犀鸟	611	5	1	0	846
6112	Biến dị Tê Điểu	变异犀鸟	611	5	1	0	846
6119	Tê Điểu (bảo bảo)	犀鸟宝宝	611	5	0	1	846
6120	Linh Tê Điểu	成年灵犀鸟	612	45	0	0	948
6121	Biến dị Linh Tê Điểu	变异灵犀鸟	612	45	1	0	948
6122	Biến dị Linh Tê Điểu	变异灵犀鸟	612	45	1	0	948
6123	Biến dị Linh Tê Điểu	变异灵犀鸟	612	45	1	0	948
6129	Linh Tê Điểu (bảo bảo)	灵犀鸟宝宝	612	45	0	1	948
6130	Trân Tê Điểu	成年珍犀鸟	613	55	0	0	1051
6131	Biến dị Trân Tê Điểu	变异珍犀鸟	613	55	1	0	1051
6132	Biến dị Trân Tê Điểu	变异珍犀鸟	613	55	1	0	1051
6133	Biến dị Trân Tê Điểu	变异珍犀鸟	613	55	1	0	1051
6134	Biến dị Trân Tê Điểu	变异珍犀鸟	613	55	1	0	1051
6139	Trân Tê Điểu (bảo bảo)	珍犀鸟宝宝	613	55	0	1	1051
6140	Siêu Tê Điểu	成年超犀鸟	614	65	0	0	1153
6141	Biến dị Siêu Tê Điểu	变异超犀鸟	614	65	1	0	1153
6142	Biến dị Siêu Tê Điểu	变异超犀鸟	614	65	1	0	1153
6143	Biến dị Siêu Tê Điểu	变异超犀鸟	614	65	1	0	1153
6144	Biến dị Siêu Tê Điểu	变异超犀鸟	614	65	1	0	1153
6145	Biến dị Siêu Tê Điểu	变异超犀鸟	614	65	1	0	1153
6149	Siêu Tê Điểu (bảo bảo)	超犀鸟宝宝	614	65	0	1	1153
6150	Thần Tê Điểu	成年神犀鸟	615	75	0	0	1255
6151	Biến dị Thần Tê Điểu	变异神犀鸟	615	75	1	0	1255
6152	Biến dị Thần Tê Điểu	变异神犀鸟	615	75	1	0	1255
6153	Biến dị Thần Tê Điểu	变异神犀鸟	615	75	1	0	1255
6154	Biến dị Thần Tê Điểu	变异神犀鸟	615	75	1	0	1255
6155	Biến dị Thần Tê Điểu	变异神犀鸟	615	75	1	0	1255
6156	Biến dị Thần Tê Điểu	变异神犀鸟	615	75	1	0	1255
6159	Thần Tê Điểu (bảo bảo)	神犀鸟宝宝	615	75	0	1	1255
6160	Hùng Miêu	成年熊猫	616	5	0	0	846
6161	Biến dị Hùng Miêu	变异熊猫	616	5	1	0	846
6162	Biến dị Hùng Miêu	变异熊猫	616	5	1	0	846
6169	Hùng Miêu (bảo bảo)	熊猫宝宝	616	5	0	1	846
6170	Cường Hùng Miêu	成年强熊猫	617	45	0	0	948
6171	Biến dị Cường Hùng Miêu	变异强熊猫	617	45	1	0	948
6172	Biến dị Cường Hùng Miêu	变异强熊猫	617	45	1	0	948
6173	Biến dị Cường Hùng Miêu	变异强熊猫	617	45	1	0	948
6179	Cường Hùng Miêu (bảo bảo)	强熊猫宝宝	617	45	0	1	948
6180	Trân Hùng Miêu	成年珍熊猫	618	55	0	0	1051
6181	Biến dị Trân Hùng Miêu	变异珍熊猫	618	55	1	0	1051
6182	Biến dị Trân Hùng Miêu	变异珍熊猫	618	55	1	0	1051
6183	Biến dị Trân Hùng Miêu	变异珍熊猫	618	55	1	0	1051
6184	Biến dị Trân Hùng Miêu	变异珍熊猫	618	55	1	0	1051
6189	Trân Hùng Miêu (bảo bảo)	珍熊猫宝宝	618	55	0	1	1051
6190	Siêu Hùng Miêu	成年超熊猫	619	65	0	0	1153
6191	Biến dị Siêu Hùng Miêu	变异超熊猫	619	65	1	0	1153
6192	Biến dị Siêu Hùng Miêu	变异超熊猫	619	65	1	0	1153
6193	Biến dị Siêu Hùng Miêu	变异超熊猫	619	65	1	0	1153
6194	Biến dị Siêu Hùng Miêu	变异超熊猫	619	65	1	0	1153
6195	Biến dị Siêu Hùng Miêu	变异超熊猫	619	65	1	0	1153
6199	Siêu Hùng Miêu (bảo bảo)	超熊猫宝宝	619	65	0	1	1153
6200	Thần Hùng Miêu	成年神熊猫	620	75	0	0	1255
6201	Biến dị Thần Hùng Miêu	变异神熊猫	620	75	1	0	1255
6202	Biến dị Thần Hùng Miêu	变异神熊猫	620	75	1	0	1255
6203	Biến dị Thần Hùng Miêu	变异神熊猫	620	75	1	0	1255
6204	Biến dị Thần Hùng Miêu	变异神熊猫	620	75	1	0	1255
6205	Biến dị Thần Hùng Miêu	变异神熊猫	620	75	1	0	1255
6206	Biến dị Thần Hùng Miêu	变异神熊猫	620	75	1	0	1255
6209	Thần Hùng Miêu (bảo bảo)	神熊猫宝宝	620	75	0	1	1255
6210	Bàng Giải	成年螃蟹	621	5	0	0	846
6211	Biến dị Bàng Giải	变异螃蟹	621	5	1	0	846
6212	Biến dị Bàng Giải	变异螃蟹	621	5	1	0	846
6219	Bàng Giải (bảo bảo)	螃蟹宝宝	621	5	0	1	846
6220	Thanh Giải	成年青蟹	622	45	0	0	948
6221	Biến dị Thanh Giải	变异青蟹	622	45	1	0	948
6222	Biến dị Thanh Giải	变异青蟹	622	45	1	0	948
6223	Biến dị Thanh Giải	变异青蟹	622	45	1	0	948
6229	Thanh Giải (bảo bảo)	青蟹宝宝	622	45	0	1	948
6230	Đại Áp Giải	成年大闸蟹	623	55	0	0	1051
6231	Biến dị Đại Áp Giải	变异大闸蟹	623	55	1	0	1051
6232	Biến dị Đại Áp Giải	变异大闸蟹	623	55	1	0	1051
6233	Biến dị Đại Áp Giải	变异大闸蟹	623	55	1	0	1051
6234	Biến dị Đại Áp Giải	变异大闸蟹	623	55	1	0	1051
6239	Đại Áp Giải (bảo bảo)	大闸蟹宝宝	623	55	0	1	1051
6240	Triều Hành Giải	成年潮行蟹	624	65	0	0	1153
6241	Biến dị Triều Hành Giải	变异潮行蟹	624	65	1	0	1153
6242	Biến dị Triều Hành Giải	变异潮行蟹	624	65	1	0	1153
6243	Biến dị Triều Hành Giải	变异潮行蟹	624	65	1	0	1153
6244	Biến dị Triều Hành Giải	变异潮行蟹	624	65	1	0	1153
6245	Biến dị Triều Hành Giải	变异潮行蟹	624	65	1	0	1153
6249	Triều Hành Giải (bảo bảo)	潮行蟹宝宝	624	65	0	1	1153
6250	Nhung Ngao Giải	成年绒螯蟹	625	75	0	0	1255
6251	Biến dị Nhung Ngao Giải	变异绒螯蟹	625	75	1	0	1255
6252	Biến dị Nhung Ngao Giải	变异绒螯蟹	625	75	1	0	1255
6253	Biến dị Nhung Ngao Giải	变异绒螯蟹	625	75	1	0	1255
6254	Biến dị Nhung Ngao Giải	变异绒螯蟹	625	75	1	0	1255
6255	Biến dị Nhung Ngao Giải	变异绒螯蟹	625	75	1	0	1255
6256	Biến dị Nhung Ngao Giải	变异绒螯蟹	625	75	1	0	1255
6259	Nhung Ngao Giải (bảo bảo)	绒螯蟹宝宝	625	75	0	1	1255
6260	Phấn Điệp	成年粉蝶	626	5	0	0	846
6261	Biến dị Phấn Điệp	变异粉蝶	626	5	1	0	846
6262	Biến dị Phấn Điệp	变异粉蝶	626	5	1	0	846
6269	Phấn Điệp (bảo bảo)	粉蝶宝宝	626	5	0	1	846
6270	Ban Điệp	成年斑蝶	627	45	0	0	948
6271	Biến dị Ban Điệp	变异斑蝶	627	45	1	0	948
6272	Biến dị Ban Điệp	变异斑蝶	627	45	1	0	948
6273	Biến dị Ban Điệp	变异斑蝶	627	45	1	0	948
6279	Ban Điệp (bảo bảo)	斑蝶宝宝	627	45	0	1	948
6280	Quyên Điệp	成年绢蝶	628	55	0	0	1051
6281	Biến dị Quyên Điệp	变异绢蝶	628	55	1	0	1051
6282	Biến dị Quyên Điệp	变异绢蝶	628	55	1	0	1051
6283	Biến dị Quyên Điệp	变异绢蝶	628	55	1	0	1051
6284	Biến dị Quyên Điệp	变异绢蝶	628	55	1	0	1051
6289	Quyên Điệp (bảo bảo)	绢蝶宝宝	628	55	0	1	1051
6290	Hoàn Điệp	成年环蝶	629	65	0	0	1153
6291	Biến dị Hoàn Điệp	变异环蝶	629	65	1	0	1153
6292	Biến dị Hoàn Điệp	变异环蝶	629	65	1	0	1153
6293	Biến dị Hoàn Điệp	变异环蝶	629	65	1	0	1153
6294	Biến dị Hoàn Điệp	变异环蝶	629	65	1	0	1153
6295	Biến dị Hoàn Điệp	变异环蝶	629	65	1	0	1153
6299	Hoàn Điệp (bảo bảo)	环蝶宝宝	629	65	0	1	1153
6300	Phượng Vĩ Điệp	成年凤尾蝶	630	75	0	0	1255
6301	Biến dị Phượng Vĩ Điệp	变异凤尾蝶	630	75	1	0	1255
6302	Biến dị Phượng Vĩ Điệp	变异凤尾蝶	630	75	1	0	1255
6303	Biến dị Phượng Vĩ Điệp	变异凤尾蝶	630	75	1	0	1255
6304	Biến dị Phượng Vĩ Điệp	变异凤尾蝶	630	75	1	0	1255
6305	Biến dị Phượng Vĩ Điệp	变异凤尾蝶	630	75	1	0	1255
6306	Biến dị Phượng Vĩ Điệp	变异凤尾蝶	630	75	1	0	1255
6309	Phượng Vĩ Điệp (bảo bảo)	凤尾蝶宝宝	630	75	0	1	1255
6310	Oa Ngưu	成年蜗牛	631	5	0	0	846
6311	Biến dị Oa Ngưu	变异蜗牛	631	5	1	0	846
6312	Biến dị Oa Ngưu	变异蜗牛	631	5	1	0	846
6319	Oa Ngưu (bảo bảo)	蜗牛宝宝	631	5	0	1	846
6320	Tráng Oa Ngưu	成年壮蜗牛	632	45	0	0	948
6321	Biến dị Tráng Oa Ngưu	变异壮蜗牛	632	45	1	0	948
6322	Biến dị Tráng Oa Ngưu	变异壮蜗牛	632	45	1	0	948
6323	Biến dị Tráng Oa Ngưu	变异壮蜗牛	632	45	1	0	948
6329	Tráng Oa Ngưu (bảo bảo)	壮蜗牛宝宝	632	45	0	1	948
6330	Trân Oa Ngưu	成年珍蜗牛	633	55	0	0	1051
6331	Biến dị Trân Oa Ngưu	变异珍蜗牛	633	55	1	0	1051
6332	Biến dị Trân Oa Ngưu	变异珍蜗牛	633	55	1	0	1051
6333	Biến dị Trân Oa Ngưu	变异珍蜗牛	633	55	1	0	1051
6334	Biến dị Trân Oa Ngưu	变异珍蜗牛	633	55	1	0	1051
6339	Trân Oa Ngưu (bảo bảo)	珍蜗牛宝宝	633	55	0	1	1051
6340	Siêu Oa Ngưu	成年超蜗牛	634	65	0	0	1153
6341	Biến dị Siêu Oa Ngưu	变异超蜗牛	634	65	1	0	1153
6342	Biến dị Siêu Oa Ngưu	变异超蜗牛	634	65	1	0	1153
6343	Biến dị Siêu Oa Ngưu	变异超蜗牛	634	65	1	0	1153
6344	Biến dị Siêu Oa Ngưu	变异超蜗牛	634	65	1	0	1153
6345	Biến dị Siêu Oa Ngưu	变异超蜗牛	634	65	1	0	1153
6349	Siêu Oa Ngưu (bảo bảo)	超蜗牛宝宝	634	65	0	1	1153
6350	Thần Oa Ngưu	成年神蜗牛	635	75	0	0	1255
6351	Biến dị Thần Oa Ngưu	变异神蜗牛	635	75	1	0	1255
6352	Biến dị Thần Oa Ngưu	变异神蜗牛	635	75	1	0	1255
6353	Biến dị Thần Oa Ngưu	变异神蜗牛	635	75	1	0	1255
6354	Biến dị Thần Oa Ngưu	变异神蜗牛	635	75	1	0	1255
6355	Biến dị Thần Oa Ngưu	变异神蜗牛	635	75	1	0	1255
6356	Biến dị Thần Oa Ngưu	变异神蜗牛	635	75	1	0	1255
6359	Thần Oa Ngưu (bảo bảo)	神蜗牛宝宝	635	75	0	1	1255
6360	Độc Hiết	成年毒蝎	636	5	0	0	846
6361	Biến dị Độc Hiết	变异毒蝎	636	5	1	0	846
6362	Biến dị Độc Hiết	变异毒蝎	636	5	1	0	846
6369	Độc Hiết (bảo bảo)	毒蝎宝宝	636	5	0	1	846
6370	Linh Hiết	成年灵蝎	637	45	0	0	948
6371	Biến dị Linh Hiết	变异灵蝎	637	45	1	0	948
6372	Biến dị Linh Hiết	变异灵蝎	637	45	1	0	948
6373	Biến dị Linh Hiết	变异灵蝎	637	45	1	0	948
6379	Linh Hiết (bảo bảo)	灵蝎宝宝	637	45	0	1	948
6380	Trân Hiết	成年珍蝎	638	55	0	0	1051
6381	Biến dị Trân Hiết	变异珍蝎	638	55	1	0	1051
6382	Biến dị Trân Hiết	变异珍蝎	638	55	1	0	1051
6383	Biến dị Trân Hiết	变异珍蝎	638	55	1	0	1051
6384	Biến dị Trân Hiết	变异珍蝎	638	55	1	0	1051
6389	Trân Hiết (bảo bảo)	珍蝎宝宝	638	55	0	1	1051
6390	Thiên Hiết	成年天蝎	639	65	0	0	1153
6391	Biến dị Thiên Hiết	变异天蝎	639	65	1	0	1153
6392	Biến dị Thiên Hiết	变异天蝎	639	65	1	0	1153
6393	Biến dị Thiên Hiết	变异天蝎	639	65	1	0	1153
6394	Biến dị Thiên Hiết	变异天蝎	639	65	1	0	1153
6395	Biến dị Thiên Hiết	变异天蝎	639	65	1	0	1153
6399	Thiên Hiết (bảo bảo)	天蝎宝宝	639	65	0	1	1153
6400	Ma Hiết	成年魔蝎	640	75	0	0	1255
6401	Biến dị Ma Hiết	变异魔蝎	640	75	1	0	1255
6402	Biến dị Ma Hiết	变异魔蝎	640	75	1	0	1255
6403	Biến dị Ma Hiết	变异魔蝎	640	75	1	0	1255
6404	Biến dị Ma Hiết	变异魔蝎	640	75	1	0	1255
6405	Biến dị Ma Hiết	变异魔蝎	640	75	1	0	1255
6406	Biến dị Ma Hiết	变异魔蝎	640	75	1	0	1255
6409	Ma Hiết (bảo bảo)	魔蝎宝宝	640	75	0	1	1255
6410	Tiểu Mạc	成年小貘	641	5	0	0	846
6411	Biến dị Tiểu Mạc	变异小貘	641	5	1	0	846
6412	Biến dị Tiểu Mạc	变异小貘	641	5	1	0	846
6419	Tiểu Mạc (bảo bảo)	小貘宝宝	641	5	0	1	846
6420	Tráng Mạc	成年壮貘	642	45	0	0	948
6421	Biến dị Tráng Mạc	变异壮貘	642	45	1	0	948
6422	Biến dị Tráng Mạc	变异壮貘	642	45	1	0	948
6423	Biến dị Tráng Mạc	变异壮貘	642	45	1	0	948
6429	Tráng Mạc (bảo bảo)	壮貘宝宝	642	45	0	1	948
6430	Trân Mạc	成年珍貘	643	55	0	0	1051
6431	Biến dị Trân Mạc	变异珍貘	643	55	1	0	1051
6432	Biến dị Trân Mạc	变异珍貘	643	55	1	0	1051
6433	Biến dị Trân Mạc	变异珍貘	643	55	1	0	1051
6434	Biến dị Trân Mạc	变异珍貘	643	55	1	0	1051
6439	Trân Mạc (bảo bảo)	珍貘宝宝	643	55	0	1	1051
6440	Thánh Mạc	成年圣貘	644	65	0	0	1153
6441	Biến dị Thánh Mạc	变异圣貘	644	65	1	0	1153
6442	Biến dị Thánh Mạc	变异圣貘	644	65	1	0	1153
6443	Biến dị Thánh Mạc	变异圣貘	644	65	1	0	1153
6444	Biến dị Thánh Mạc	变异圣貘	644	65	1	0	1153
6445	Biến dị Thánh Mạc	变异圣貘	644	65	1	0	1153
6449	Thánh Mạc (bảo bảo)	圣貘宝宝	644	65	0	1	1153
6450	Thần Mạc	成年神貘	645	75	0	0	1255
6451	Biến dị Thần Mạc	变异神貘	645	75	1	0	1255
6452	Biến dị Thần Mạc	变异神貘	645	75	1	0	1255
6453	Biến dị Thần Mạc	变异神貘	645	75	1	0	1255
6454	Biến dị Thần Mạc	变异神貘	645	75	1	0	1255
6455	Biến dị Thần Mạc	变异神貘	645	75	1	0	1255
6456	Biến dị Thần Mạc	变异神貘	645	75	1	0	1255
6459	Thần Mạc (bảo bảo)	神貘宝宝	645	75	0	1	1255
6460	Giáp Trùng	成年甲虫	646	5	0	0	846
6461	Biến dị Giáp Trùng	变异甲虫	646	5	1	0	846
6462	Biến dị Giáp Trùng	变异甲虫	646	5	1	0	846
6469	Giáp Trùng (bảo bảo)	甲虫宝宝	646	5	0	1	846
6470	Cường Giáp Trùng	成年强甲虫	647	45	0	0	948
6471	Biến dị Cường Giáp Trùng	变异强甲虫	647	45	1	0	948
6472	Biến dị Cường Giáp Trùng	变异强甲虫	647	45	1	0	948
6473	Biến dị Cường Giáp Trùng	变异强甲虫	647	45	1	0	948
6479	Cường Giáp Trùng (bảo bảo)	强甲虫宝宝	647	45	0	1	948
6480	Trân Giáp Trùng	成年珍甲虫	648	55	0	0	1051
6481	Biến dị Trân Giáp Trùng	变异珍甲虫	648	55	1	0	1051
6482	Biến dị Trân Giáp Trùng	变异珍甲虫	648	55	1	0	1051
6483	Biến dị Trân Giáp Trùng	变异珍甲虫	648	55	1	0	1051
6484	Biến dị Trân Giáp Trùng	变异珍甲虫	648	55	1	0	1051
6489	Trân Giáp Trùng (bảo bảo)	珍甲虫宝宝	648	55	0	1	1051
6490	Thánh Giáp Trùng	成年圣甲虫	649	65	0	0	1153
6491	Biến dị Thánh Giáp Trùng	变异圣甲虫	649	65	1	0	1153
6492	Biến dị Thánh Giáp Trùng	变异圣甲虫	649	65	1	0	1153
6493	Biến dị Thánh Giáp Trùng	变异圣甲虫	649	65	1	0	1153
6494	Biến dị Thánh Giáp Trùng	变异圣甲虫	649	65	1	0	1153
6495	Biến dị Thánh Giáp Trùng	变异圣甲虫	649	65	1	0	1153
6499	Thánh Giáp Trùng (bảo bảo)	圣甲虫宝宝	649	65	0	1	1153
6500	Thần Giáp Trùng	成年神甲虫	650	75	0	0	1255
6501	Biến dị Thần Giáp Trùng	变异神甲虫	650	75	1	0	1255
6502	Biến dị Thần Giáp Trùng	变异神甲虫	650	75	1	0	1255
6503	Biến dị Thần Giáp Trùng	变异神甲虫	650	75	1	0	1255
6504	Biến dị Thần Giáp Trùng	变异神甲虫	650	75	1	0	1255
6505	Biến dị Thần Giáp Trùng	变异神甲虫	650	75	1	0	1255
6506	Biến dị Thần Giáp Trùng	变异神甲虫	650	75	1	0	1255
6509	Thần Giáp Trùng (bảo bảo)	神甲虫宝宝	650	75	0	1	1255
6510	Đương Hỗ	成年当扈	651	5	0	0	846
6511	Biến dị Đương Hỗ	变异当扈	651	5	1	0	846
6512	Biến dị Đương Hỗ	变异当扈	651	5	1	0	846
6519	Đương Hỗ (bảo bảo)	当扈宝宝	651	5	0	1	846
6520	Linh Đương Hỗ	成年灵当扈	652	45	0	0	948
6521	Biến dị Linh Đương Hỗ	变异灵当扈	652	45	1	0	948
6522	Biến dị Linh Đương Hỗ	变异灵当扈	652	45	1	0	948
6523	Biến dị Linh Đương Hỗ	变异灵当扈	652	45	1	0	948
6529	Linh Đương Hỗ (bảo bảo)	灵当扈宝宝	652	45	0	1	948
6530	Trân Đương Hỗ	成年珍当扈	653	55	0	0	1051
6531	Biến dị Trân Đương Hỗ	变异珍当扈	653	55	1	0	1051
6532	Biến dị Trân Đương Hỗ	变异珍当扈	653	55	1	0	1051
6533	Biến dị Trân Đương Hỗ	变异珍当扈	653	55	1	0	1051
6534	Biến dị Trân Đương Hỗ	变异珍当扈	653	55	1	0	1051
6539	Trân Đương Hỗ (bảo bảo)	珍当扈宝宝	653	55	0	1	1051
6540	Thánh Đương Hỗ	成年圣当扈	654	65	0	0	1153
6541	Biến dị Thánh Đương Hỗ	变异圣当扈	654	65	1	0	1153
6542	Biến dị Thánh Đương Hỗ	变异圣当扈	654	65	1	0	1153
6543	Biến dị Thánh Đương Hỗ	变异圣当扈	654	65	1	0	1153
6544	Biến dị Thánh Đương Hỗ	变异圣当扈	654	65	1	0	1153
6545	Biến dị Thánh Đương Hỗ	变异圣当扈	654	65	1	0	1153
6549	Thánh Đương Hỗ (bảo bảo)	圣当扈宝宝	654	65	0	1	1153
6550	Thần Đương Hỗ	成年神当扈	655	75	0	0	1255
6551	Biến dị Thần Đương Hỗ	变异神当扈	655	75	1	0	1255
6552	Biến dị Thần Đương Hỗ	变异神当扈	655	75	1	0	1255
6553	Biến dị Thần Đương Hỗ	变异神当扈	655	75	1	0	1255
6554	Biến dị Thần Đương Hỗ	变异神当扈	655	75	1	0	1255
6555	Biến dị Thần Đương Hỗ	变异神当扈	655	75	1	0	1255
6556	Biến dị Thần Đương Hỗ	变异神当扈	655	75	1	0	1255
6559	Thần Đương Hỗ (bảo bảo)	神当扈宝宝	655	75	0	1	1255
6560	Thần Xí Nga	成年神企鹅	656	65	0	0	1255
6561	Biến dị Thần Xí Nga	变异神企鹅	656	65	1	0	1255
6562	Biến dị Thần Xí Nga	变异神企鹅	656	65	1	0	1255
6563	Biến dị Thần Xí Nga	变异神企鹅	656	65	1	0	1255
6564	Biến dị Thần Xí Nga	变异神企鹅	656	65	1	0	1255
6565	Biến dị Thần Xí Nga	变异神企鹅	656	65	1	0	1255
6569	Thần Xí Nga (bảo bảo)	神企鹅宝宝	656	65	0	1	1255
6570	Quai Xí Nga	成年乖企鹅	657	45	0	0	948
6571	Biến dị Quai Xí Nga	变异乖企鹅	657	45	1	0	948
6572	Biến dị Quai Xí Nga	变异乖企鹅	657	45	1	0	948
6573	Biến dị Quai Xí Nga	变异乖企鹅	657	45	1	0	948
6579	Quai Xí Nga (bảo bảo)	乖企鹅宝宝	657	45	0	1	948
6580	Linh Xí Nga	成年灵企鹅	658	55	0	0	1051
6581	Biến dị Linh Xí Nga	变异灵企鹅	658	55	1	0	1051
6582	Biến dị Linh Xí Nga	变异灵企鹅	658	55	1	0	1051
6583	Biến dị Linh Xí Nga	变异灵企鹅	658	55	1	0	1051
6584	Biến dị Linh Xí Nga	变异灵企鹅	658	55	1	0	1051
6589	Linh Xí Nga (bảo bảo)	灵企鹅宝宝	658	55	0	1	1051
6590	Thánh Xí Nga	成年圣企鹅	659	65	0	0	1153
6591	Biến dị Thánh Xí Nga	变异圣企鹅	659	65	1	0	1153
6592	Biến dị Thánh Xí Nga	变异圣企鹅	659	65	1	0	1153
6593	Biến dị Thánh Xí Nga	变异圣企鹅	659	65	1	0	1153
6594	Biến dị Thánh Xí Nga	变异圣企鹅	659	65	1	0	1153
6595	Biến dị Thánh Xí Nga	变异圣企鹅	659	65	1	0	1153
6599	Thánh Xí Nga (bảo bảo)	圣企鹅宝宝	659	65	0	1	1153
6600	Hoả Tông Thử	成年火鬃鼠	660	55	0	0	1051
6601	Biến dị Hoả Tông Thử	变异火鬃鼠	660	55	1	0	1051
6602	Biến dị Hoả Tông Thử	变异火鬃鼠	660	55	1	0	1051
6603	Biến dị Hoả Tông Thử	变异火鬃鼠	660	55	1	0	1051
6604	Biến dị Hoả Tông Thử	变异火鬃鼠	660	55	1	0	1051
6609	Hoả Tông Thử (bảo bảo)	火鬃鼠宝宝	660	55	0	1	1051
6610	Viêm Hoả Tông Thử	成年炎火鬃鼠	661	75	0	0	1255
6611	Biến dị Viêm Hoả Tông Thử	变异炎火鬃鼠	661	75	1	0	1255
6612	Biến dị Viêm Hoả Tông Thử	变异炎火鬃鼠	661	75	1	0	1255
6613	Biến dị Viêm Hoả Tông Thử	变异炎火鬃鼠	661	75	1	0	1255
6614	Biến dị Viêm Hoả Tông Thử	变异炎火鬃鼠	661	75	1	0	1255
6615	Biến dị Viêm Hoả Tông Thử	变异炎火鬃鼠	661	75	1	0	1255
6616	Biến dị Viêm Hoả Tông Thử	变异炎火鬃鼠	661	75	1	0	1255
6619	Viêm Hoả Tông Thử (bảo bảo)	炎火鬃鼠宝宝	661	75	0	1	1255
6620	Huyền Dực Thú	成年玄翼兽	662	65	0	0	1153
6621	Biến dị Huyền Dực Thú	变异玄翼兽	662	65	1	0	1153
6622	Biến dị Huyền Dực Thú	变异玄翼兽	662	65	1	0	1153
6623	Biến dị Huyền Dực Thú	变异玄翼兽	662	65	1	0	1153
6624	Biến dị Huyền Dực Thú	变异玄翼兽	662	65	1	0	1153
6625	Biến dị Huyền Dực Thú	变异玄翼兽	662	65	1	0	1153
6629	Huyền Dực Thú (bảo bảo)	玄翼兽宝宝	662	65	0	1	1153
6630	Xuy Huyền Dực Thú	成年蚩玄翼兽	663	75	0	0	1255
6631	Biến dị Xuy Huyền Dực Thú	变异蚩玄翼兽	663	75	1	0	1255
6632	Biến dị Xuy Huyền Dực Thú	变异蚩玄翼兽	663	75	1	0	1255
6633	Biến dị Xuy Huyền Dực Thú	变异蚩玄翼兽	663	75	1	0	1255
6634	Biến dị Xuy Huyền Dực Thú	变异蚩玄翼兽	663	75	1	0	1255
6635	Biến dị Xuy Huyền Dực Thú	变异蚩玄翼兽	663	75	1	0	1255
6636	Biến dị Xuy Huyền Dực Thú	变异蚩玄翼兽	663	75	1	0	1255
6639	Xuy Huyền Dực Thú (bảo bảo)	蚩玄翼兽宝宝	663	75	0	1	1255
6640	Ngọc Thỏ	成年玉兔	664	5	0	0	846
6641	Biến dị Ngọc Thỏ	变异玉兔	664	5	1	0	846
6642	Biến dị Ngọc Thỏ	变异玉兔	664	5	1	0	846
6649	Ngọc Thỏ (bảo bảo)	玉兔宝宝	664	5	0	1	846
6650	Hạo Nguyệt Ngọc Thỏ	成年皓月玉兔	665	45	0	0	948
6651	Biến dị Hạo Nguyệt Ngọc Thỏ	变异皓月玉兔	665	45	1	0	948
6652	Biến dị Hạo Nguyệt Ngọc Thỏ	变异皓月玉兔	665	45	1	0	948
6653	Biến dị Hạo Nguyệt Ngọc Thỏ	变异皓月玉兔	665	45	1	0	948
6659	Hạo Nguyệt Ngọc Thỏ (bảo bảo)	皓月玉兔宝宝	665	45	0	1	948
6660	Thiềm Cung Ngọc Thỏ	成年蟾宫玉兔	666	55	0	0	1051
6661	Biến dị Thiềm Cung Ngọc Thỏ	变异蟾宫玉兔	666	55	1	0	1051
6662	Biến dị Thiềm Cung Ngọc Thỏ	变异蟾宫玉兔	666	55	1	0	1051
6663	Biến dị Thiềm Cung Ngọc Thỏ	变异蟾宫玉兔	666	55	1	0	1051
6664	Biến dị Thiềm Cung Ngọc Thỏ	变异蟾宫玉兔	666	55	1	0	1051
6669	Thiềm Cung Ngọc Thỏ (bảo bảo)	蟾宫玉兔宝宝	666	55	0	1	1051
6670	Thường Nga Ngọc Thỏ	成年嫦娥玉兔	667	65	0	0	1153
6671	Biến dị Thường Nga Ngọc Thỏ	变异嫦娥玉兔	667	65	1	0	1153
6672	Biến dị Thường Nga Ngọc Thỏ	变异嫦娥玉兔	667	65	1	0	1153
6673	Biến dị Thường Nga Ngọc Thỏ	变异嫦娥玉兔	667	65	1	0	1153
6674	Biến dị Thường Nga Ngọc Thỏ	变异嫦娥玉兔	667	65	1	0	1153
6675	Biến dị Thường Nga Ngọc Thỏ	变异嫦娥玉兔	667	65	1	0	1153
6679	Thường Nga Ngọc Thỏ (bảo bảo)	嫦娥玉兔宝宝	667	65	0	1	1153
6680	Tiêm Nha Bạo Long	成年尖牙暴龙	668	45	0	0	1051
6681	Biến dị Tiêm Nha Bạo Long	变异尖牙暴龙	668	45	1	0	1051
6682	Biến dị Tiêm Nha Bạo Long	变异尖牙暴龙	668	45	1	0	1051
6683	Biến dị Tiêm Nha Bạo Long	变异尖牙暴龙	668	45	1	0	1051
6689	Tiêm Nha Bạo Long (bảo bảo)	尖牙暴龙宝宝	668	45	0	1	1051
6690	Lợi Nha Bạo Long	成年利牙暴龙	669	55	0	0	1153
6691	Biến dị Lợi Nha Bạo Long	变异利牙暴龙	669	55	1	0	1153
6692	Biến dị Lợi Nha Bạo Long	变异利牙暴龙	669	55	1	0	1153
6693	Biến dị Lợi Nha Bạo Long	变异利牙暴龙	669	55	1	0	1153
6694	Biến dị Lợi Nha Bạo Long	变异利牙暴龙	669	55	1	0	1153
6699	Lợi Nha Bạo Long (bảo bảo)	利牙暴龙宝宝	669	55	0	1	1153
6700	Cương Nha Bạo Long	成年钢牙暴龙	670	65	0	0	1255
6701	Biến dị Cương Nha Bạo Long	变异钢牙暴龙	670	65	1	0	1255
6702	Biến dị Cương Nha Bạo Long	变异钢牙暴龙	670	65	1	0	1255
6703	Biến dị Cương Nha Bạo Long	变异钢牙暴龙	670	65	1	0	1255
6704	Biến dị Cương Nha Bạo Long	变异钢牙暴龙	670	65	1	0	1255
6705	Biến dị Cương Nha Bạo Long	变异钢牙暴龙	670	65	1	0	1255
6709	Cương Nha Bạo Long (bảo bảo)	钢牙暴龙宝宝	670	65	0	1	1255
6710	Huyết Nha Bạo Long	成年血牙暴龙	671	75	0	0	1255
6711	Biến dị Huyết Nha Bạo Long	变异血牙暴龙	671	75	1	0	1255
6712	Biến dị Huyết Nha Bạo Long	变异血牙暴龙	671	75	1	0	1255
6713	Biến dị Huyết Nha Bạo Long	变异血牙暴龙	671	75	1	0	1255
6714	Biến dị Huyết Nha Bạo Long	变异血牙暴龙	671	75	1	0	1255
6715	Biến dị Huyết Nha Bạo Long	变异血牙暴龙	671	75	1	0	1255
6716	Biến dị Huyết Nha Bạo Long	变异血牙暴龙	671	75	1	0	1255
6719	Huyết Nha Bạo Long (bảo bảo)	血牙暴龙宝宝	671	75	0	1	1255
7500	Áp Chuỷ Thú	成年鸭嘴兽	750	5	0	0	846
7501	Biến dị Áp Chuỷ Thú	变异鸭嘴兽	750	5	1	0	846
7502	Biến dị Áp Chuỷ Thú	变异鸭嘴兽	750	5	1	0	846
7509	Áp Chuỷ Thú (bảo bảo)	鸭嘴兽宝宝	750	5	0	1	846
7510	Áp Chuỷ Thú	成年鸭嘴兽	751	45	0	0	948
7511	Biến dị Áp Chuỷ Thú	变异鸭嘴兽	751	45	1	0	948
7512	Biến dị Áp Chuỷ Thú	变异鸭嘴兽	751	45	1	0	948
7513	Biến dị Áp Chuỷ Thú	变异鸭嘴兽	751	45	1	0	948
7519	Áp Chuỷ Thú (bảo bảo)	鸭嘴兽宝宝	751	45	0	1	948
7520	Áp Chuỷ Thú	成年鸭嘴兽	752	55	0	0	1051
7521	Biến dị Áp Chuỷ Thú	变异鸭嘴兽	752	55	1	0	1051
7522	Biến dị Áp Chuỷ Thú	变异鸭嘴兽	752	55	1	0	1051
7523	Biến dị Áp Chuỷ Thú	变异鸭嘴兽	752	55	1	0	1051
7524	Biến dị Áp Chuỷ Thú	变异鸭嘴兽	752	55	1	0	1051
7529	Áp Chuỷ Thú (bảo bảo)	鸭嘴兽宝宝	752	55	0	1	1051
7530	Áp Chuỷ Thú	成年鸭嘴兽	753	65	0	0	1153
7531	Biến dị Áp Chuỷ Thú	变异鸭嘴兽	753	65	1	0	1153
7532	Biến dị Áp Chuỷ Thú	变异鸭嘴兽	753	65	1	0	1153
7533	Biến dị Áp Chuỷ Thú	变异鸭嘴兽	753	65	1	0	1153
7534	Biến dị Áp Chuỷ Thú	变异鸭嘴兽	753	65	1	0	1153
7535	Biến dị Áp Chuỷ Thú	变异鸭嘴兽	753	65	1	0	1153
7539	Áp Chuỷ Thú (bảo bảo)	鸭嘴兽宝宝	753	65	0	1	1153
7540	Áp Chuỷ Thú	成年鸭嘴兽	754	75	0	0	1255
7541	Biến dị Áp Chuỷ Thú	变异鸭嘴兽	754	75	1	0	1255
7542	Biến dị Áp Chuỷ Thú	变异鸭嘴兽	754	75	1	0	1255
7543	Biến dị Áp Chuỷ Thú	变异鸭嘴兽	754	75	1	0	1255
7544	Biến dị Áp Chuỷ Thú	变异鸭嘴兽	754	75	1	0	1255
7545	Biến dị Áp Chuỷ Thú	变异鸭嘴兽	754	75	1	0	1255
7546	Biến dị Áp Chuỷ Thú	变异鸭嘴兽	754	75	1	0	1255
7549	Áp Chuỷ Thú (bảo bảo)	鸭嘴兽宝宝	754	75	0	1	1255
7550	Áp Chuỷ Thú	成年鸭嘴兽	755	85	0	0	1357
7551	Biến dị Áp Chuỷ Thú	变异鸭嘴兽	755	85	1	0	1357
7552	Biến dị Áp Chuỷ Thú	变异鸭嘴兽	755	85	1	0	1357
7553	Biến dị Áp Chuỷ Thú	变异鸭嘴兽	755	85	1	0	1357
7554	Biến dị Áp Chuỷ Thú	变异鸭嘴兽	755	85	1	0	1357
7555	Biến dị Áp Chuỷ Thú	变异鸭嘴兽	755	85	1	0	1357
7556	Biến dị Áp Chuỷ Thú	变异鸭嘴兽	755	85	1	0	1357
7557	Biến dị Áp Chuỷ Thú	变异鸭嘴兽	755	85	1	0	1357
7559	Áp Chuỷ Thú (bảo bảo)	鸭嘴兽宝宝	755	85	0	1	1357
7560	Áp Chuỷ Thú	成年鸭嘴兽	756	95	0	0	1459
7561	Biến dị Áp Chuỷ Thú	变异鸭嘴兽	756	95	1	0	1459
7562	Biến dị Áp Chuỷ Thú	变异鸭嘴兽	756	95	1	0	1459
7563	Biến dị Áp Chuỷ Thú	变异鸭嘴兽	756	95	1	0	1459
7564	Biến dị Áp Chuỷ Thú	变异鸭嘴兽	756	95	1	0	1459
7565	Biến dị Áp Chuỷ Thú	变异鸭嘴兽	756	95	1	0	1459
7566	Biến dị Áp Chuỷ Thú	变异鸭嘴兽	756	95	1	0	1459
7567	Biến dị Áp Chuỷ Thú	变异鸭嘴兽	756	95	1	0	1459
7568	Biến dị Áp Chuỷ Thú	变异鸭嘴兽	756	95	1	0	1459
7569	Áp Chuỷ Thú (bảo bảo)	鸭嘴兽宝宝	756	95	0	1	1459
7570	Tuyết Hồ	成年雪狐	757	5	0	0	846
7571	Biến dị Tuyết Hồ	变异雪狐	757	5	1	0	846
7572	Biến dị Tuyết Hồ	变异雪狐	757	5	1	0	846
7579	Tuyết Hồ (bảo bảo)	雪狐宝宝	757	5	0	1	846
7580	Tuyết Hồ	成年雪狐	758	45	0	0	948
7581	Biến dị Tuyết Hồ	变异雪狐	758	45	1	0	948
7582	Biến dị Tuyết Hồ	变异雪狐	758	45	1	0	948
7583	Biến dị Tuyết Hồ	变异雪狐	758	45	1	0	948
7589	Tuyết Hồ (bảo bảo)	雪狐宝宝	758	45	0	1	948
7590	Tuyết Hồ	成年雪狐	759	55	0	0	1051
7591	Biến dị Tuyết Hồ	变异雪狐	759	55	1	0	1051
7592	Biến dị Tuyết Hồ	变异雪狐	759	55	1	0	1051
7593	Biến dị Tuyết Hồ	变异雪狐	759	55	1	0	1051
7594	Biến dị Tuyết Hồ	变异雪狐	759	55	1	0	1051
7599	Tuyết Hồ (bảo bảo)	雪狐宝宝	759	55	0	1	1051
7600	Tuyết Hồ	成年雪狐	760	65	0	0	1153
7601	Biến dị Tuyết Hồ	变异雪狐	760	65	1	0	1153
7602	Biến dị Tuyết Hồ	变异雪狐	760	65	1	0	1153
7603	Biến dị Tuyết Hồ	变异雪狐	760	65	1	0	1153
7604	Biến dị Tuyết Hồ	变异雪狐	760	65	1	0	1153
7605	Biến dị Tuyết Hồ	变异雪狐	760	65	1	0	1153
7609	Tuyết Hồ (bảo bảo)	雪狐宝宝	760	65	0	1	1153
7610	Tuyết Hồ	成年雪狐	761	75	0	0	1255
7611	Biến dị Tuyết Hồ	变异雪狐	761	75	1	0	1255
7612	Biến dị Tuyết Hồ	变异雪狐	761	75	1	0	1255
7613	Biến dị Tuyết Hồ	变异雪狐	761	75	1	0	1255
7614	Biến dị Tuyết Hồ	变异雪狐	761	75	1	0	1255
7615	Biến dị Tuyết Hồ	变异雪狐	761	75	1	0	1255
7616	Biến dị Tuyết Hồ	变异雪狐	761	75	1	0	1255
7619	Tuyết Hồ (bảo bảo)	雪狐宝宝	761	75	0	1	1255
7620	Tuyết Hồ	成年雪狐	762	85	0	0	1357
7621	Biến dị Tuyết Hồ	变异雪狐	762	85	1	0	1357
7622	Biến dị Tuyết Hồ	变异雪狐	762	85	1	0	1357
7623	Biến dị Tuyết Hồ	变异雪狐	762	85	1	0	1357
7624	Biến dị Tuyết Hồ	变异雪狐	762	85	1	0	1357
7625	Biến dị Tuyết Hồ	变异雪狐	762	85	1	0	1357
7626	Biến dị Tuyết Hồ	变异雪狐	762	85	1	0	1357
7627	Biến dị Tuyết Hồ	变异雪狐	762	85	1	0	1357
7629	Tuyết Hồ (bảo bảo)	雪狐宝宝	762	85	0	1	1357
7630	Tuyết Hồ	成年雪狐	763	95	0	0	1459
7631	Biến dị Tuyết Hồ	变异雪狐	763	95	1	0	1459
7632	Biến dị Tuyết Hồ	变异雪狐	763	95	1	0	1459
7633	Biến dị Tuyết Hồ	变异雪狐	763	95	1	0	1459
7634	Biến dị Tuyết Hồ	变异雪狐	763	95	1	0	1459
7635	Biến dị Tuyết Hồ	变异雪狐	763	95	1	0	1459
7636	Biến dị Tuyết Hồ	变异雪狐	763	95	1	0	1459
7637	Biến dị Tuyết Hồ	变异雪狐	763	95	1	0	1459
7638	Biến dị Tuyết Hồ	变异雪狐	763	95	1	0	1459
7639	Tuyết Hồ (bảo bảo)	雪狐宝宝	763	95	0	1	1459
7640	Long Miêu	成年龙猫	764	5	0	0	846
7641	Biến dị Long Miêu	变异龙猫	764	5	1	0	846
7642	Biến dị Long Miêu	变异龙猫	764	5	1	0	846
7649	Long Miêu (bảo bảo)	龙猫宝宝	764	5	0	1	846
7650	Long Miêu	成年龙猫	765	45	0	0	948
7651	Biến dị Long Miêu	变异龙猫	765	45	1	0	948
7652	Biến dị Long Miêu	变异龙猫	765	45	1	0	948
7653	Biến dị Long Miêu	变异龙猫	765	45	1	0	948
7659	Long Miêu (bảo bảo)	龙猫宝宝	765	45	0	1	948
7660	Long Miêu	成年龙猫	766	55	0	0	1051
7661	Biến dị Long Miêu	变异龙猫	766	55	1	0	1051
7662	Biến dị Long Miêu	变异龙猫	766	55	1	0	1051
7663	Biến dị Long Miêu	变异龙猫	766	55	1	0	1051
7664	Biến dị Long Miêu	变异龙猫	766	55	1	0	1051
7669	Long Miêu (bảo bảo)	龙猫宝宝	766	55	0	1	1051
7670	Long Miêu	成年龙猫	767	65	0	0	1153
7671	Biến dị Long Miêu	变异龙猫	767	65	1	0	1153
7672	Biến dị Long Miêu	变异龙猫	767	65	1	0	1153
7673	Biến dị Long Miêu	变异龙猫	767	65	1	0	1153
7674	Biến dị Long Miêu	变异龙猫	767	65	1	0	1153
7675	Biến dị Long Miêu	变异龙猫	767	65	1	0	1153
7679	Long Miêu (bảo bảo)	龙猫宝宝	767	65	0	1	1153
7680	Long Miêu	成年龙猫	768	75	0	0	1255
7681	Biến dị Long Miêu	变异龙猫	768	75	1	0	1255
7682	Biến dị Long Miêu	变异龙猫	768	75	1	0	1255
7683	Biến dị Long Miêu	变异龙猫	768	75	1	0	1255
7684	Biến dị Long Miêu	变异龙猫	768	75	1	0	1255
7685	Biến dị Long Miêu	变异龙猫	768	75	1	0	1255
7686	Biến dị Long Miêu	变异龙猫	768	75	1	0	1255
7689	Long Miêu (bảo bảo)	龙猫宝宝	768	75	0	1	1255
7690	Long Miêu	成年龙猫	769	85	0	0	1357
7691	Biến dị Long Miêu	变异龙猫	769	85	1	0	1357
7692	Biến dị Long Miêu	变异龙猫	769	85	1	0	1357
7693	Biến dị Long Miêu	变异龙猫	769	85	1	0	1357
7694	Biến dị Long Miêu	变异龙猫	769	85	1	0	1357
7695	Biến dị Long Miêu	变异龙猫	769	85	1	0	1357
7696	Biến dị Long Miêu	变异龙猫	769	85	1	0	1357
7697	Biến dị Long Miêu	变异龙猫	769	85	1	0	1357
7699	Long Miêu (bảo bảo)	龙猫宝宝	769	85	0	1	1357
7700	Long Miêu	成年龙猫	770	95	0	0	1459
7701	Biến dị Long Miêu	变异龙猫	770	95	1	0	1459
7702	Biến dị Long Miêu	变异龙猫	770	95	1	0	1459
7703	Biến dị Long Miêu	变异龙猫	770	95	1	0	1459
7704	Biến dị Long Miêu	变异龙猫	770	95	1	0	1459
7705	Biến dị Long Miêu	变异龙猫	770	95	1	0	1459
7706	Biến dị Long Miêu	变异龙猫	770	95	1	0	1459
7707	Biến dị Long Miêu	变异龙猫	770	95	1	0	1459
7708	Biến dị Long Miêu	变异龙猫	770	95	1	0	1459
7709	Long Miêu (bảo bảo)	龙猫宝宝	770	95	0	1	1459
7710	Tê Điểu	成年犀鸟	771	5	0	0	846
7711	Biến dị Tê Điểu	变异犀鸟	771	5	1	0	846
7712	Biến dị Tê Điểu	变异犀鸟	771	5	1	0	846
7719	Tê Điểu (bảo bảo)	犀鸟宝宝	771	5	0	1	846
7720	Tê Điểu	成年犀鸟	772	45	0	0	948
7721	Biến dị Tê Điểu	变异犀鸟	772	45	1	0	948
7722	Biến dị Tê Điểu	变异犀鸟	772	45	1	0	948
7723	Biến dị Tê Điểu	变异犀鸟	772	45	1	0	948
7729	Tê Điểu (bảo bảo)	犀鸟宝宝	772	45	0	1	948
7730	Tê Điểu	成年犀鸟	773	55	0	0	1051
7731	Biến dị Tê Điểu	变异犀鸟	773	55	1	0	1051
7732	Biến dị Tê Điểu	变异犀鸟	773	55	1	0	1051
7733	Biến dị Tê Điểu	变异犀鸟	773	55	1	0	1051
7734	Biến dị Tê Điểu	变异犀鸟	773	55	1	0	1051
7739	Tê Điểu (bảo bảo)	犀鸟宝宝	773	55	0	1	1051
7740	Tê Điểu	成年犀鸟	774	65	0	0	1153
7741	Biến dị Tê Điểu	变异犀鸟	774	65	1	0	1153
7742	Biến dị Tê Điểu	变异犀鸟	774	65	1	0	1153
7743	Biến dị Tê Điểu	变异犀鸟	774	65	1	0	1153
7744	Biến dị Tê Điểu	变异犀鸟	774	65	1	0	1153
7745	Biến dị Tê Điểu	变异犀鸟	774	65	1	0	1153
7749	Tê Điểu (bảo bảo)	犀鸟宝宝	774	65	0	1	1153
7750	Tê Điểu	成年犀鸟	775	75	0	0	1255
7751	Biến dị Tê Điểu	变异犀鸟	775	75	1	0	1255
7752	Biến dị Tê Điểu	变异犀鸟	775	75	1	0	1255
7753	Biến dị Tê Điểu	变异犀鸟	775	75	1	0	1255
7754	Biến dị Tê Điểu	变异犀鸟	775	75	1	0	1255
7755	Biến dị Tê Điểu	变异犀鸟	775	75	1	0	1255
7756	Biến dị Tê Điểu	变异犀鸟	775	75	1	0	1255
7759	Tê Điểu (bảo bảo)	犀鸟宝宝	775	75	0	1	1255
7760	Tê Điểu	成年犀鸟	776	85	0	0	1357
7761	Biến dị Tê Điểu	变异犀鸟	776	85	1	0	1357
7762	Biến dị Tê Điểu	变异犀鸟	776	85	1	0	1357
7763	Biến dị Tê Điểu	变异犀鸟	776	85	1	0	1357
7764	Biến dị Tê Điểu	变异犀鸟	776	85	1	0	1357
7765	Biến dị Tê Điểu	变异犀鸟	776	85	1	0	1357
7766	Biến dị Tê Điểu	变异犀鸟	776	85	1	0	1357
7767	Biến dị Tê Điểu	变异犀鸟	776	85	1	0	1357
7769	Tê Điểu (bảo bảo)	犀鸟宝宝	776	85	0	1	1357
7770	Tê Điểu	成年犀鸟	777	95	0	0	1459
7771	Biến dị Tê Điểu	变异犀鸟	777	95	1	0	1459
7772	Biến dị Tê Điểu	变异犀鸟	777	95	1	0	1459
7773	Biến dị Tê Điểu	变异犀鸟	777	95	1	0	1459
7774	Biến dị Tê Điểu	变异犀鸟	777	95	1	0	1459
7775	Biến dị Tê Điểu	变异犀鸟	777	95	1	0	1459
7776	Biến dị Tê Điểu	变异犀鸟	777	95	1	0	1459
7777	Biến dị Tê Điểu	变异犀鸟	777	95	1	0	1459
7778	Biến dị Tê Điểu	变异犀鸟	777	95	1	0	1459
7779	Tê Điểu (bảo bảo)	犀鸟宝宝	777	95	0	1	1459
7780	Hùng Miêu	成年熊猫	778	5	0	0	846
7781	Biến dị Hùng Miêu	变异熊猫	778	5	1	0	846
7782	Biến dị Hùng Miêu	变异熊猫	778	5	1	0	846
7789	Hùng Miêu (bảo bảo)	熊猫宝宝	778	5	0	1	846
7790	Hùng Miêu	成年熊猫	779	45	0	0	948
7791	Biến dị Hùng Miêu	变异熊猫	779	45	1	0	948
7792	Biến dị Hùng Miêu	变异熊猫	779	45	1	0	948
7793	Biến dị Hùng Miêu	变异熊猫	779	45	1	0	948
7799	Hùng Miêu (bảo bảo)	熊猫宝宝	779	45	0	1	948
7800	Hùng Miêu	成年熊猫	780	55	0	0	1051
7801	Biến dị Hùng Miêu	变异熊猫	780	55	1	0	1051
7802	Biến dị Hùng Miêu	变异熊猫	780	55	1	0	1051
7803	Biến dị Hùng Miêu	变异熊猫	780	55	1	0	1051
7804	Biến dị Hùng Miêu	变异熊猫	780	55	1	0	1051
7809	Hùng Miêu (bảo bảo)	熊猫宝宝	780	55	0	1	1051
7810	Hùng Miêu	成年熊猫	781	65	0	0	1153
7811	Biến dị Hùng Miêu	变异熊猫	781	65	1	0	1153
7812	Biến dị Hùng Miêu	变异熊猫	781	65	1	0	1153
7813	Biến dị Hùng Miêu	变异熊猫	781	65	1	0	1153
7814	Biến dị Hùng Miêu	变异熊猫	781	65	1	0	1153
7815	Biến dị Hùng Miêu	变异熊猫	781	65	1	0	1153
7819	Hùng Miêu (bảo bảo)	熊猫宝宝	781	65	0	1	1153
7820	Hùng Miêu	成年熊猫	782	75	0	0	1255
7821	Biến dị Hùng Miêu	变异熊猫	782	75	1	0	1255
7822	Biến dị Hùng Miêu	变异熊猫	782	75	1	0	1255
7823	Biến dị Hùng Miêu	变异熊猫	782	75	1	0	1255
7824	Biến dị Hùng Miêu	变异熊猫	782	75	1	0	1255
7825	Biến dị Hùng Miêu	变异熊猫	782	75	1	0	1255
7826	Biến dị Hùng Miêu	变异熊猫	782	75	1	0	1255
7829	Hùng Miêu (bảo bảo)	熊猫宝宝	782	75	0	1	1255
7830	Hùng Miêu	成年熊猫	783	85	0	0	1357
7831	Biến dị Hùng Miêu	变异熊猫	783	85	1	0	1357
7832	Biến dị Hùng Miêu	变异熊猫	783	85	1	0	1357
7833	Biến dị Hùng Miêu	变异熊猫	783	85	1	0	1357
7834	Biến dị Hùng Miêu	变异熊猫	783	85	1	0	1357
7835	Biến dị Hùng Miêu	变异熊猫	783	85	1	0	1357
7836	Biến dị Hùng Miêu	变异熊猫	783	85	1	0	1357
7837	Biến dị Hùng Miêu	变异熊猫	783	85	1	0	1357
7839	Hùng Miêu (bảo bảo)	熊猫宝宝	783	85	0	1	1357
7840	Hùng Miêu	成年熊猫	784	95	0	0	1459
7841	Biến dị Hùng Miêu	变异熊猫	784	95	1	0	1459
7842	Biến dị Hùng Miêu	变异熊猫	784	95	1	0	1459
7843	Biến dị Hùng Miêu	变异熊猫	784	95	1	0	1459
7844	Biến dị Hùng Miêu	变异熊猫	784	95	1	0	1459
7845	Biến dị Hùng Miêu	变异熊猫	784	95	1	0	1459
7846	Biến dị Hùng Miêu	变异熊猫	784	95	1	0	1459
7847	Biến dị Hùng Miêu	变异熊猫	784	95	1	0	1459
7848	Biến dị Hùng Miêu	变异熊猫	784	95	1	0	1459
7849	Hùng Miêu (bảo bảo)	熊猫宝宝	784	95	0	1	1459
7850	Bàng Giải	成年螃蟹	785	5	0	0	846
7851	Biến dị Bàng Giải	变异螃蟹	785	5	1	0	846
7852	Biến dị Bàng Giải	变异螃蟹	785	5	1	0	846
7859	Bàng Giải (bảo bảo)	螃蟹宝宝	785	5	0	1	846
7860	Bàng Giải	成年螃蟹	786	45	0	0	948
7861	Biến dị Bàng Giải	变异螃蟹	786	45	1	0	948
7862	Biến dị Bàng Giải	变异螃蟹	786	45	1	0	948
7863	Biến dị Bàng Giải	变异螃蟹	786	45	1	0	948
7869	Bàng Giải (bảo bảo)	螃蟹宝宝	786	45	0	1	948
7870	Bàng Giải	成年螃蟹	787	55	0	0	1051
7871	Biến dị Bàng Giải	变异螃蟹	787	55	1	0	1051
7872	Biến dị Bàng Giải	变异螃蟹	787	55	1	0	1051
7873	Biến dị Bàng Giải	变异螃蟹	787	55	1	0	1051
7874	Biến dị Bàng Giải	变异螃蟹	787	55	1	0	1051
7879	Bàng Giải (bảo bảo)	螃蟹宝宝	787	55	0	1	1051
7880	Bàng Giải	成年螃蟹	788	65	0	0	1153
7881	Biến dị Bàng Giải	变异螃蟹	788	65	1	0	1153
7882	Biến dị Bàng Giải	变异螃蟹	788	65	1	0	1153
7883	Biến dị Bàng Giải	变异螃蟹	788	65	1	0	1153
7884	Biến dị Bàng Giải	变异螃蟹	788	65	1	0	1153
7885	Biến dị Bàng Giải	变异螃蟹	788	65	1	0	1153
7889	Bàng Giải (bảo bảo)	螃蟹宝宝	788	65	0	1	1153
7890	Bàng Giải	成年螃蟹	789	75	0	0	1255
7891	Biến dị Bàng Giải	变异螃蟹	789	75	1	0	1255
7892	Biến dị Bàng Giải	变异螃蟹	789	75	1	0	1255
7893	Biến dị Bàng Giải	变异螃蟹	789	75	1	0	1255
7894	Biến dị Bàng Giải	变异螃蟹	789	75	1	0	1255
7895	Biến dị Bàng Giải	变异螃蟹	789	75	1	0	1255
7896	Biến dị Bàng Giải	变异螃蟹	789	75	1	0	1255
7899	Bàng Giải (bảo bảo)	螃蟹宝宝	789	75	0	1	1255
7900	Bàng Giải	成年螃蟹	790	85	0	0	1357
7901	Biến dị Bàng Giải	变异螃蟹	790	85	1	0	1357
7902	Biến dị Bàng Giải	变异螃蟹	790	85	1	0	1357
7903	Biến dị Bàng Giải	变异螃蟹	790	85	1	0	1357
7904	Biến dị Bàng Giải	变异螃蟹	790	85	1	0	1357
7905	Biến dị Bàng Giải	变异螃蟹	790	85	1	0	1357
7906	Biến dị Bàng Giải	变异螃蟹	790	85	1	0	1357
7907	Biến dị Bàng Giải	变异螃蟹	790	85	1	0	1357
7909	Bàng Giải (bảo bảo)	螃蟹宝宝	790	85	0	1	1357
7910	Bàng Giải	成年螃蟹	791	95	0	0	1459
7911	Biến dị Bàng Giải	变异螃蟹	791	95	1	0	1459
7912	Biến dị Bàng Giải	变异螃蟹	791	95	1	0	1459
7913	Biến dị Bàng Giải	变异螃蟹	791	95	1	0	1459
7914	Biến dị Bàng Giải	变异螃蟹	791	95	1	0	1459
7915	Biến dị Bàng Giải	变异螃蟹	791	95	1	0	1459
7916	Biến dị Bàng Giải	变异螃蟹	791	95	1	0	1459
7917	Biến dị Bàng Giải	变异螃蟹	791	95	1	0	1459
7918	Biến dị Bàng Giải	变异螃蟹	791	95	1	0	1459
7919	Bàng Giải (bảo bảo)	螃蟹宝宝	791	95	0	1	1459
7920	Hồ Điệp	成年蝴蝶	792	5	0	0	846
7921	Biến dị Hồ Điệp	变异蝴蝶	792	5	1	0	846
7922	Biến dị Hồ Điệp	变异蝴蝶	792	5	1	0	846
7929	Hồ Điệp (bảo bảo)	蝴蝶宝宝	792	5	0	1	846
7930	Hồ Điệp	成年蝴蝶	793	45	0	0	948
7931	Biến dị Hồ Điệp	变异蝴蝶	793	45	1	0	948
7932	Biến dị Hồ Điệp	变异蝴蝶	793	45	1	0	948
7933	Biến dị Hồ Điệp	变异蝴蝶	793	45	1	0	948
7939	Hồ Điệp (bảo bảo)	蝴蝶宝宝	793	45	0	1	948
7940	Hồ Điệp	成年蝴蝶	794	55	0	0	1051
7941	Biến dị Hồ Điệp	变异蝴蝶	794	55	1	0	1051
7942	Biến dị Hồ Điệp	变异蝴蝶	794	55	1	0	1051
7943	Biến dị Hồ Điệp	变异蝴蝶	794	55	1	0	1051
7944	Biến dị Hồ Điệp	变异蝴蝶	794	55	1	0	1051
7949	Hồ Điệp (bảo bảo)	蝴蝶宝宝	794	55	0	1	1051
7950	Hồ Điệp	成年蝴蝶	795	65	0	0	1153
7951	Biến dị Hồ Điệp	变异蝴蝶	795	65	1	0	1153
7952	Biến dị Hồ Điệp	变异蝴蝶	795	65	1	0	1153
7953	Biến dị Hồ Điệp	变异蝴蝶	795	65	1	0	1153
7954	Biến dị Hồ Điệp	变异蝴蝶	795	65	1	0	1153
7955	Biến dị Hồ Điệp	变异蝴蝶	795	65	1	0	1153
7959	Hồ Điệp (bảo bảo)	蝴蝶宝宝	795	65	0	1	1153
7960	Hồ Điệp	成年蝴蝶	796	75	0	0	1255
7961	Biến dị Hồ Điệp	变异蝴蝶	796	75	1	0	1255
7962	Biến dị Hồ Điệp	变异蝴蝶	796	75	1	0	1255
7963	Biến dị Hồ Điệp	变异蝴蝶	796	75	1	0	1255
7964	Biến dị Hồ Điệp	变异蝴蝶	796	75	1	0	1255
7965	Biến dị Hồ Điệp	变异蝴蝶	796	75	1	0	1255
7966	Biến dị Hồ Điệp	变异蝴蝶	796	75	1	0	1255
7969	Hồ Điệp (bảo bảo)	蝴蝶宝宝	796	75	0	1	1255
7970	Hồ Điệp	成年蝴蝶	797	85	0	0	1357
7971	Biến dị Hồ Điệp	变异蝴蝶	797	85	1	0	1357
7972	Biến dị Hồ Điệp	变异蝴蝶	797	85	1	0	1357
7973	Biến dị Hồ Điệp	变异蝴蝶	797	85	1	0	1357
7974	Biến dị Hồ Điệp	变异蝴蝶	797	85	1	0	1357
7975	Biến dị Hồ Điệp	变异蝴蝶	797	85	1	0	1357
7976	Biến dị Hồ Điệp	变异蝴蝶	797	85	1	0	1357
7977	Biến dị Hồ Điệp	变异蝴蝶	797	85	1	0	1357
7979	Hồ Điệp (bảo bảo)	蝴蝶宝宝	797	85	0	1	1357
7980	Hồ Điệp	成年蝴蝶	798	95	0	0	1459
7981	Biến dị Hồ Điệp	变异蝴蝶	798	95	1	0	1459
7982	Biến dị Hồ Điệp	变异蝴蝶	798	95	1	0	1459
7983	Biến dị Hồ Điệp	变异蝴蝶	798	95	1	0	1459
7984	Biến dị Hồ Điệp	变异蝴蝶	798	95	1	0	1459
7985	Biến dị Hồ Điệp	变异蝴蝶	798	95	1	0	1459
7986	Biến dị Hồ Điệp	变异蝴蝶	798	95	1	0	1459
7987	Biến dị Hồ Điệp	变异蝴蝶	798	95	1	0	1459
7988	Biến dị Hồ Điệp	变异蝴蝶	798	95	1	0	1459
7989	Hồ Điệp (bảo bảo)	蝴蝶宝宝	798	95	0	1	1459
7990	Oa Ngưu	成年蜗牛	799	5	0	0	846
7991	Biến dị Oa Ngưu	变异蜗牛	799	5	1	0	846
7992	Biến dị Oa Ngưu	变异蜗牛	799	5	1	0	846
7999	Oa Ngưu (bảo bảo)	蜗牛宝宝	799	5	0	1	846
8000	Oa Ngưu	成年蜗牛	800	45	0	0	948
8001	Biến dị Oa Ngưu	变异蜗牛	800	45	1	0	948
8002	Biến dị Oa Ngưu	变异蜗牛	800	45	1	0	948
8003	Biến dị Oa Ngưu	变异蜗牛	800	45	1	0	948
8009	Oa Ngưu (bảo bảo)	蜗牛宝宝	800	45	0	1	948
8010	Oa Ngưu	成年蜗牛	801	55	0	0	1051
8011	Biến dị Oa Ngưu	变异蜗牛	801	55	1	0	1051
8012	Biến dị Oa Ngưu	变异蜗牛	801	55	1	0	1051
8013	Biến dị Oa Ngưu	变异蜗牛	801	55	1	0	1051
8014	Biến dị Oa Ngưu	变异蜗牛	801	55	1	0	1051
8019	Oa Ngưu (bảo bảo)	蜗牛宝宝	801	55	0	1	1051
8020	Oa Ngưu	成年蜗牛	802	65	0	0	1153
8021	Biến dị Oa Ngưu	变异蜗牛	802	65	1	0	1153
8022	Biến dị Oa Ngưu	变异蜗牛	802	65	1	0	1153
8023	Biến dị Oa Ngưu	变异蜗牛	802	65	1	0	1153
8024	Biến dị Oa Ngưu	变异蜗牛	802	65	1	0	1153
8025	Biến dị Oa Ngưu	变异蜗牛	802	65	1	0	1153
8029	Oa Ngưu (bảo bảo)	蜗牛宝宝	802	65	0	1	1153
8030	Oa Ngưu	成年蜗牛	803	75	0	0	1255
8031	Biến dị Oa Ngưu	变异蜗牛	803	75	1	0	1255
8032	Biến dị Oa Ngưu	变异蜗牛	803	75	1	0	1255
8033	Biến dị Oa Ngưu	变异蜗牛	803	75	1	0	1255
8034	Biến dị Oa Ngưu	变异蜗牛	803	75	1	0	1255
8035	Biến dị Oa Ngưu	变异蜗牛	803	75	1	0	1255
8036	Biến dị Oa Ngưu	变异蜗牛	803	75	1	0	1255
8039	Oa Ngưu (bảo bảo)	蜗牛宝宝	803	75	0	1	1255
8040	Oa Ngưu	成年蜗牛	804	85	0	0	1357
8041	Biến dị Oa Ngưu	变异蜗牛	804	85	1	0	1357
8042	Biến dị Oa Ngưu	变异蜗牛	804	85	1	0	1357
8043	Biến dị Oa Ngưu	变异蜗牛	804	85	1	0	1357
8044	Biến dị Oa Ngưu	变异蜗牛	804	85	1	0	1357
8045	Biến dị Oa Ngưu	变异蜗牛	804	85	1	0	1357
8046	Biến dị Oa Ngưu	变异蜗牛	804	85	1	0	1357
8047	Biến dị Oa Ngưu	变异蜗牛	804	85	1	0	1357
8049	Oa Ngưu (bảo bảo)	蜗牛宝宝	804	85	0	1	1357
8050	Oa Ngưu	成年蜗牛	805	95	0	0	1459
8051	Biến dị Oa Ngưu	变异蜗牛	805	95	1	0	1459
8052	Biến dị Oa Ngưu	变异蜗牛	805	95	1	0	1459
8053	Biến dị Oa Ngưu	变异蜗牛	805	95	1	0	1459
8054	Biến dị Oa Ngưu	变异蜗牛	805	95	1	0	1459
8055	Biến dị Oa Ngưu	变异蜗牛	805	95	1	0	1459
8056	Biến dị Oa Ngưu	变异蜗牛	805	95	1	0	1459
8057	Biến dị Oa Ngưu	变异蜗牛	805	95	1	0	1459
8058	Biến dị Oa Ngưu	变异蜗牛	805	95	1	0	1459
8059	Oa Ngưu (bảo bảo)	蜗牛宝宝	805	95	0	1	1459
8060	Hiết Tử	成年蝎子	806	5	0	0	846
8061	Biến dị Hiết Tử	变异蝎子	806	5	1	0	846
8062	Biến dị Hiết Tử	变异蝎子	806	5	1	0	846
8069	Hiết Tử (bảo bảo)	蝎子宝宝	806	5	0	1	846
8070	Hiết Tử	成年蝎子	807	45	0	0	948
8071	Biến dị Hiết Tử	变异蝎子	807	45	1	0	948
8072	Biến dị Hiết Tử	变异蝎子	807	45	1	0	948
8073	Biến dị Hiết Tử	变异蝎子	807	45	1	0	948
8079	Hiết Tử (bảo bảo)	蝎子宝宝	807	45	0	1	948
8080	Hiết Tử	成年蝎子	808	55	0	0	1051
8081	Biến dị Hiết Tử	变异蝎子	808	55	1	0	1051
8082	Biến dị Hiết Tử	变异蝎子	808	55	1	0	1051
8083	Biến dị Hiết Tử	变异蝎子	808	55	1	0	1051
8084	Biến dị Hiết Tử	变异蝎子	808	55	1	0	1051
8089	Hiết Tử (bảo bảo)	蝎子宝宝	808	55	0	1	1051
8090	Hiết Tử	成年蝎子	809	65	0	0	1153
8091	Biến dị Hiết Tử	变异蝎子	809	65	1	0	1153
8092	Biến dị Hiết Tử	变异蝎子	809	65	1	0	1153
8093	Biến dị Hiết Tử	变异蝎子	809	65	1	0	1153
8094	Biến dị Hiết Tử	变异蝎子	809	65	1	0	1153
8095	Biến dị Hiết Tử	变异蝎子	809	65	1	0	1153
8099	Hiết Tử (bảo bảo)	蝎子宝宝	809	65	0	1	1153
8100	Hiết Tử	成年蝎子	810	75	0	0	1255
8101	Biến dị Hiết Tử	变异蝎子	810	75	1	0	1255
8102	Biến dị Hiết Tử	变异蝎子	810	75	1	0	1255
8103	Biến dị Hiết Tử	变异蝎子	810	75	1	0	1255
8104	Biến dị Hiết Tử	变异蝎子	810	75	1	0	1255
8105	Biến dị Hiết Tử	变异蝎子	810	75	1	0	1255
8106	Biến dị Hiết Tử	变异蝎子	810	75	1	0	1255
8109	Hiết Tử (bảo bảo)	蝎子宝宝	810	75	0	1	1255
8110	Hiết Tử	成年蝎子	811	85	0	0	1357
8111	Biến dị Hiết Tử	变异蝎子	811	85	1	0	1357
8112	Biến dị Hiết Tử	变异蝎子	811	85	1	0	1357
8113	Biến dị Hiết Tử	变异蝎子	811	85	1	0	1357
8114	Biến dị Hiết Tử	变异蝎子	811	85	1	0	1357
8115	Biến dị Hiết Tử	变异蝎子	811	85	1	0	1357
8116	Biến dị Hiết Tử	变异蝎子	811	85	1	0	1357
8117	Biến dị Hiết Tử	变异蝎子	811	85	1	0	1357
8119	Hiết Tử (bảo bảo)	蝎子宝宝	811	85	0	1	1357
8120	Hiết Tử	成年蝎子	812	95	0	0	1459
8121	Biến dị Hiết Tử	变异蝎子	812	95	1	0	1459
8122	Biến dị Hiết Tử	变异蝎子	812	95	1	0	1459
8123	Biến dị Hiết Tử	变异蝎子	812	95	1	0	1459
8124	Biến dị Hiết Tử	变异蝎子	812	95	1	0	1459
8125	Biến dị Hiết Tử	变异蝎子	812	95	1	0	1459
8126	Biến dị Hiết Tử	变异蝎子	812	95	1	0	1459
8127	Biến dị Hiết Tử	变异蝎子	812	95	1	0	1459
8128	Biến dị Hiết Tử	变异蝎子	812	95	1	0	1459
8129	Hiết Tử (bảo bảo)	蝎子宝宝	812	95	0	1	1459
8130	Xuyên Sơn Giáp	成年穿山甲	813	5	0	0	846
8131	Biến dị Xuyên Sơn Giáp	变异穿山甲	813	5	1	0	846
8132	Biến dị Xuyên Sơn Giáp	变异穿山甲	813	5	1	0	846
8139	Xuyên Sơn Giáp (bảo bảo)	穿山甲宝宝	813	5	0	1	846
8140	Xuyên Sơn Giáp	成年穿山甲	814	45	0	0	948
8141	Biến dị Xuyên Sơn Giáp	变异穿山甲	814	45	1	0	948
8142	Biến dị Xuyên Sơn Giáp	变异穿山甲	814	45	1	0	948
8143	Biến dị Xuyên Sơn Giáp	变异穿山甲	814	45	1	0	948
8149	Xuyên Sơn Giáp (bảo bảo)	穿山甲宝宝	814	45	0	1	948
8150	Xuyên Sơn Giáp	成年穿山甲	815	55	0	0	1051
8151	Biến dị Xuyên Sơn Giáp	变异穿山甲	815	55	1	0	1051
8152	Biến dị Xuyên Sơn Giáp	变异穿山甲	815	55	1	0	1051
8153	Biến dị Xuyên Sơn Giáp	变异穿山甲	815	55	1	0	1051
8154	Biến dị Xuyên Sơn Giáp	变异穿山甲	815	55	1	0	1051
8159	Xuyên Sơn Giáp (bảo bảo)	穿山甲宝宝	815	55	0	1	1051
8160	Xuyên Sơn Giáp	成年穿山甲	816	65	0	0	1153
8161	Biến dị Xuyên Sơn Giáp	变异穿山甲	816	65	1	0	1153
8162	Biến dị Xuyên Sơn Giáp	变异穿山甲	816	65	1	0	1153
8163	Biến dị Xuyên Sơn Giáp	变异穿山甲	816	65	1	0	1153
8164	Biến dị Xuyên Sơn Giáp	变异穿山甲	816	65	1	0	1153
8165	Biến dị Xuyên Sơn Giáp	变异穿山甲	816	65	1	0	1153
8169	Xuyên Sơn Giáp (bảo bảo)	穿山甲宝宝	816	65	0	1	1153
8170	Xuyên Sơn Giáp	成年穿山甲	817	75	0	0	1255
8171	Biến dị Xuyên Sơn Giáp	变异穿山甲	817	75	1	0	1255
8172	Biến dị Xuyên Sơn Giáp	变异穿山甲	817	75	1	0	1255
8173	Biến dị Xuyên Sơn Giáp	变异穿山甲	817	75	1	0	1255
8174	Biến dị Xuyên Sơn Giáp	变异穿山甲	817	75	1	0	1255
8175	Biến dị Xuyên Sơn Giáp	变异穿山甲	817	75	1	0	1255
8176	Biến dị Xuyên Sơn Giáp	变异穿山甲	817	75	1	0	1255
8179	Xuyên Sơn Giáp (bảo bảo)	穿山甲宝宝	817	75	0	1	1255
8180	Lôi Lân	成年雷麟	818	85	0	0	1357
8181	Biến dị Lôi Lân	变异雷麟	818	85	1	0	1357
8182	Biến dị Lôi Lân	变异雷麟	818	85	1	0	1357
8183	Biến dị Lôi Lân	变异雷麟	818	85	1	0	1357
8184	Biến dị Lôi Lân	变异雷麟	818	85	1	0	1357
8185	Biến dị Lôi Lân	变异雷麟	818	85	1	0	1357
8186	Biến dị Lôi Lân	变异雷麟	818	85	1	0	1357
8187	Biến dị Lôi Lân	变异雷麟	818	85	1	0	1357
8189	Lôi Lân (bảo bảo)	雷麟宝宝	818	85	0	1	1357
8190	Xuyên Sơn Giáp	成年穿山甲	819	95	0	0	1459
8191	Biến dị Xuyên Sơn Giáp	变异穿山甲	819	95	1	0	1459
8192	Biến dị Xuyên Sơn Giáp	变异穿山甲	819	95	1	0	1459
8193	Biến dị Xuyên Sơn Giáp	变异穿山甲	819	95	1	0	1459
8194	Biến dị Xuyên Sơn Giáp	变异穿山甲	819	95	1	0	1459
8195	Biến dị Xuyên Sơn Giáp	变异穿山甲	819	95	1	0	1459
8196	Biến dị Xuyên Sơn Giáp	变异穿山甲	819	95	1	0	1459
8197	Biến dị Xuyên Sơn Giáp	变异穿山甲	819	95	1	0	1459
8198	Biến dị Xuyên Sơn Giáp	变异穿山甲	819	95	1	0	1459
8199	Xuyên Sơn Giáp (bảo bảo)	穿山甲宝宝	819	95	0	1	1459
8200	Huyền Giáp Lôi Xà	成年玄甲雷蛇	820	5	0	0	846
8201	Biến dị Huyền Giáp Lôi Xà	变异玄甲雷蛇	820	5	1	0	846
8202	Biến dị Huyền Giáp Lôi Xà	变异玄甲雷蛇	820	5	1	0	846
8209	Huyền Giáp Lôi Xà (bảo bảo)	玄甲雷蛇宝宝	820	5	0	1	846
8210	Huyền Giáp Lôi Xà	成年玄甲雷蛇	821	45	0	0	948
8211	Biến dị Huyền Giáp Lôi Xà	变异玄甲雷蛇	821	45	1	0	948
8212	Biến dị Huyền Giáp Lôi Xà	变异玄甲雷蛇	821	45	1	0	948
8213	Biến dị Huyền Giáp Lôi Xà	变异玄甲雷蛇	821	45	1	0	948
8219	Huyền Giáp Lôi Xà (bảo bảo)	玄甲雷蛇宝宝	821	45	0	1	948
8220	Huyền Giáp Lôi Xà	成年玄甲雷蛇	822	55	0	0	1051
8221	Biến dị Huyền Giáp Lôi Xà	变异玄甲雷蛇	822	55	1	0	1051
8222	Biến dị Huyền Giáp Lôi Xà	变异玄甲雷蛇	822	55	1	0	1051
8223	Biến dị Huyền Giáp Lôi Xà	变异玄甲雷蛇	822	55	1	0	1051
8224	Biến dị Huyền Giáp Lôi Xà	变异玄甲雷蛇	822	55	1	0	1051
8229	Huyền Giáp Lôi Xà (bảo bảo)	玄甲雷蛇宝宝	822	55	0	1	1051
8230	Huyền Giáp Lôi Xà	成年玄甲雷蛇	823	65	0	0	1153
8231	Biến dị Huyền Giáp Lôi Xà	变异玄甲雷蛇	823	65	1	0	1153
8232	Biến dị Huyền Giáp Lôi Xà	变异玄甲雷蛇	823	65	1	0	1153
8233	Biến dị Huyền Giáp Lôi Xà	变异玄甲雷蛇	823	65	1	0	1153
8234	Biến dị Huyền Giáp Lôi Xà	变异玄甲雷蛇	823	65	1	0	1153
8235	Biến dị Huyền Giáp Lôi Xà	变异玄甲雷蛇	823	65	1	0	1153
8239	Huyền Giáp Lôi Xà (bảo bảo)	玄甲雷蛇宝宝	823	65	0	1	1153
8240	Huyền Giáp Lôi Xà	成年玄甲雷蛇	824	75	0	0	1255
8241	Biến dị Huyền Giáp Lôi Xà	变异玄甲雷蛇	824	75	1	0	1255
8242	Biến dị Huyền Giáp Lôi Xà	变异玄甲雷蛇	824	75	1	0	1255
8243	Biến dị Huyền Giáp Lôi Xà	变异玄甲雷蛇	824	75	1	0	1255
8244	Biến dị Huyền Giáp Lôi Xà	变异玄甲雷蛇	824	75	1	0	1255
8245	Biến dị Huyền Giáp Lôi Xà	变异玄甲雷蛇	824	75	1	0	1255
8246	Biến dị Huyền Giáp Lôi Xà	变异玄甲雷蛇	824	75	1	0	1255
8249	Huyền Giáp Lôi Xà (bảo bảo)	玄甲雷蛇宝宝	824	75	0	1	1255
8250	Huyền Giáp Lôi Xà	成年玄甲雷蛇	825	85	0	0	1357
8251	Biến dị Huyền Giáp Lôi Xà	变异玄甲雷蛇	825	85	1	0	1357
8252	Biến dị Huyền Giáp Lôi Xà	变异玄甲雷蛇	825	85	1	0	1357
8253	Biến dị Huyền Giáp Lôi Xà	变异玄甲雷蛇	825	85	1	0	1357
8254	Biến dị Huyền Giáp Lôi Xà	变异玄甲雷蛇	825	85	1	0	1357
8255	Biến dị Huyền Giáp Lôi Xà	变异玄甲雷蛇	825	85	1	0	1357
8256	Biến dị Huyền Giáp Lôi Xà	变异玄甲雷蛇	825	85	1	0	1357
8257	Biến dị Huyền Giáp Lôi Xà	变异玄甲雷蛇	825	85	1	0	1357
8259	Huyền Giáp Lôi Xà (bảo bảo)	玄甲雷蛇宝宝	825	85	0	1	1357
8260	Huyền Giáp Lôi Xà	成年玄甲雷蛇	826	95	0	0	1459
8261	Biến dị Huyền Giáp Lôi Xà	变异玄甲雷蛇	826	95	1	0	1459
8262	Biến dị Huyền Giáp Lôi Xà	变异玄甲雷蛇	826	95	1	0	1459
8263	Biến dị Huyền Giáp Lôi Xà	变异玄甲雷蛇	826	95	1	0	1459
8264	Biến dị Huyền Giáp Lôi Xà	变异玄甲雷蛇	826	95	1	0	1459
8265	Biến dị Huyền Giáp Lôi Xà	变异玄甲雷蛇	826	95	1	0	1459
8266	Biến dị Huyền Giáp Lôi Xà	变异玄甲雷蛇	826	95	1	0	1459
8267	Biến dị Huyền Giáp Lôi Xà	变异玄甲雷蛇	826	95	1	0	1459
8268	Biến dị Huyền Giáp Lôi Xà	变异玄甲雷蛇	826	95	1	0	1459
8269	Huyền Giáp Lôi Xà (bảo bảo)	玄甲雷蛇宝宝	826	95	0	1	1459
8270	Đương Hỗ	成年当扈	827	5	0	0	846
8271	Biến dị Đương Hỗ	变异当扈	827	5	1	0	846
8272	Biến dị Đương Hỗ	变异当扈	827	5	1	0	846
8279	Đương Hỗ (bảo bảo)	当扈宝宝	827	5	0	1	846
8280	Đương Hỗ	成年当扈	828	45	0	0	948
8281	Biến dị Đương Hỗ	变异当扈	828	45	1	0	948
8282	Biến dị Đương Hỗ	变异当扈	828	45	1	0	948
8283	Biến dị Đương Hỗ	变异当扈	828	45	1	0	948
8289	Đương Hỗ (bảo bảo)	当扈宝宝	828	45	0	1	948
8290	Đương Hỗ	成年当扈	829	55	0	0	1051
8291	Biến dị Đương Hỗ	变异当扈	829	55	1	0	1051
8292	Biến dị Đương Hỗ	变异当扈	829	55	1	0	1051
8293	Biến dị Đương Hỗ	变异当扈	829	55	1	0	1051
8294	Biến dị Đương Hỗ	变异当扈	829	55	1	0	1051
8299	Đương Hỗ (bảo bảo)	当扈宝宝	829	55	0	1	1051
8300	Đương Hỗ	成年当扈	830	65	0	0	1153
8301	Biến dị Đương Hỗ	变异当扈	830	65	1	0	1153
8302	Biến dị Đương Hỗ	变异当扈	830	65	1	0	1153
8303	Biến dị Đương Hỗ	变异当扈	830	65	1	0	1153
8304	Biến dị Đương Hỗ	变异当扈	830	65	1	0	1153
8305	Biến dị Đương Hỗ	变异当扈	830	65	1	0	1153
8309	Đương Hỗ (bảo bảo)	当扈宝宝	830	65	0	1	1153
8310	Đương Hỗ	成年当扈	831	75	0	0	1255
8311	Biến dị Đương Hỗ	变异当扈	831	75	1	0	1255
8312	Biến dị Đương Hỗ	变异当扈	831	75	1	0	1255
8313	Biến dị Đương Hỗ	变异当扈	831	75	1	0	1255
8314	Biến dị Đương Hỗ	变异当扈	831	75	1	0	1255
8315	Biến dị Đương Hỗ	变异当扈	831	75	1	0	1255
8316	Biến dị Đương Hỗ	变异当扈	831	75	1	0	1255
8319	Đương Hỗ (bảo bảo)	当扈宝宝	831	75	0	1	1255
8320	Đương Hỗ	成年当扈	832	85	0	0	1357
8321	Biến dị Đương Hỗ	变异当扈	832	85	1	0	1357
8322	Biến dị Đương Hỗ	变异当扈	832	85	1	0	1357
8323	Biến dị Đương Hỗ	变异当扈	832	85	1	0	1357
8324	Biến dị Đương Hỗ	变异当扈	832	85	1	0	1357
8325	Biến dị Đương Hỗ	变异当扈	832	85	1	0	1357
8326	Biến dị Đương Hỗ	变异当扈	832	85	1	0	1357
8327	Biến dị Đương Hỗ	变异当扈	832	85	1	0	1357
8329	Đương Hỗ (bảo bảo)	当扈宝宝	832	85	0	1	1357
8330	Đương Hỗ	成年当扈	833	95	0	0	1459
8331	Biến dị Đương Hỗ	变异当扈	833	95	1	0	1459
8332	Biến dị Đương Hỗ	变异当扈	833	95	1	0	1459
8333	Biến dị Đương Hỗ	变异当扈	833	95	1	0	1459
8334	Biến dị Đương Hỗ	变异当扈	833	95	1	0	1459
8335	Biến dị Đương Hỗ	变异当扈	833	95	1	0	1459
8336	Biến dị Đương Hỗ	变异当扈	833	95	1	0	1459
8337	Biến dị Đương Hỗ	变异当扈	833	95	1	0	1459
8338	Biến dị Đương Hỗ	变异当扈	833	95	1	0	1459
8339	Đương Hỗ (bảo bảo)	当扈宝宝	833	95	0	1	1459
8340	Hải Đạo Thử	成年海盗鼠	834	5	0	0	846
8341	Biến dị Hải Đạo Thử	变异海盗鼠	834	5	1	0	846
8342	Biến dị Hải Đạo Thử	变异海盗鼠	834	5	1	0	846
8349	Hải Đạo Thử (bảo bảo)	海盗鼠宝宝	834	5	0	1	846
8350	Hải Đạo Thử	成年海盗鼠	835	45	0	0	948
8351	Biến dị Hải Đạo Thử	变异海盗鼠	835	45	1	0	948
8352	Biến dị Hải Đạo Thử	变异海盗鼠	835	45	1	0	948
8353	Biến dị Hải Đạo Thử	变异海盗鼠	835	45	1	0	948
8359	Hải Đạo Thử (bảo bảo)	海盗鼠宝宝	835	45	0	1	948
8360	Hải Đạo Thử	成年海盗鼠	836	55	0	0	1051
8361	Biến dị Hải Đạo Thử	变异海盗鼠	836	55	1	0	1051
8362	Biến dị Hải Đạo Thử	变异海盗鼠	836	55	1	0	1051
8363	Biến dị Hải Đạo Thử	变异海盗鼠	836	55	1	0	1051
8364	Biến dị Hải Đạo Thử	变异海盗鼠	836	55	1	0	1051
8369	Hải Đạo Thử (bảo bảo)	海盗鼠宝宝	836	55	0	1	1051
8370	Hải Đạo Thử	成年海盗鼠	837	65	0	0	1153
8371	Biến dị Hải Đạo Thử	变异海盗鼠	837	65	1	0	1153
8372	Biến dị Hải Đạo Thử	变异海盗鼠	837	65	1	0	1153
8373	Biến dị Hải Đạo Thử	变异海盗鼠	837	65	1	0	1153
8374	Biến dị Hải Đạo Thử	变异海盗鼠	837	65	1	0	1153
8375	Biến dị Hải Đạo Thử	变异海盗鼠	837	65	1	0	1153
8379	Hải Đạo Thử (bảo bảo)	海盗鼠宝宝	837	65	0	1	1153
8380	Hải Đạo Thử	成年海盗鼠	838	75	0	0	1255
8381	Biến dị Hải Đạo Thử	变异海盗鼠	838	75	1	0	1255
8382	Biến dị Hải Đạo Thử	变异海盗鼠	838	75	1	0	1255
8383	Biến dị Hải Đạo Thử	变异海盗鼠	838	75	1	0	1255
8384	Biến dị Hải Đạo Thử	变异海盗鼠	838	75	1	0	1255
8385	Biến dị Hải Đạo Thử	变异海盗鼠	838	75	1	0	1255
8386	Biến dị Hải Đạo Thử	变异海盗鼠	838	75	1	0	1255
8389	Hải Đạo Thử (bảo bảo)	海盗鼠宝宝	838	75	0	1	1255
8390	Hải Đạo Thử	成年海盗鼠	839	85	0	0	1357
8391	Biến dị Hải Đạo Thử	变异海盗鼠	839	85	1	0	1357
8392	Biến dị Hải Đạo Thử	变异海盗鼠	839	85	1	0	1357
8393	Biến dị Hải Đạo Thử	变异海盗鼠	839	85	1	0	1357
8394	Biến dị Hải Đạo Thử	变异海盗鼠	839	85	1	0	1357
8395	Biến dị Hải Đạo Thử	变异海盗鼠	839	85	1	0	1357
8396	Biến dị Hải Đạo Thử	变异海盗鼠	839	85	1	0	1357
8397	Biến dị Hải Đạo Thử	变异海盗鼠	839	85	1	0	1357
8399	Hải Đạo Thử (bảo bảo)	海盗鼠宝宝	839	85	0	1	1357
8400	Hải Đạo Thử	成年海盗鼠	840	95	0	0	1459
8401	Biến dị Hải Đạo Thử	变异海盗鼠	840	95	1	0	1459
8402	Biến dị Hải Đạo Thử	变异海盗鼠	840	95	1	0	1459
8403	Biến dị Hải Đạo Thử	变异海盗鼠	840	95	1	0	1459
8404	Biến dị Hải Đạo Thử	变异海盗鼠	840	95	1	0	1459
8405	Biến dị Hải Đạo Thử	变异海盗鼠	840	95	1	0	1459
8406	Biến dị Hải Đạo Thử	变异海盗鼠	840	95	1	0	1459
8407	Biến dị Hải Đạo Thử	变异海盗鼠	840	95	1	0	1459
8408	Biến dị Hải Đạo Thử	变异海盗鼠	840	95	1	0	1459
8409	Hải Đạo Thử (bảo bảo)	海盗鼠宝宝	840	95	0	1	1459
8410	Bảo Rương Đồng Tử	成年宝箱童子	841	5	0	0	846
8411	Biến dị Bảo Rương Đồng Tử	变异宝箱童子	841	5	1	0	846
8412	Biến dị Bảo Rương Đồng Tử	变异宝箱童子	841	5	1	0	846
8419	Bảo Rương Đồng Tử (bảo bảo)	宝箱童子宝宝	841	5	0	1	846
8420	Bảo Rương Đồng Tử	成年宝箱童子	842	45	0	0	948
8421	Biến dị Bảo Rương Đồng Tử	变异宝箱童子	842	45	1	0	948
8422	Biến dị Bảo Rương Đồng Tử	变异宝箱童子	842	45	1	0	948
8423	Biến dị Bảo Rương Đồng Tử	变异宝箱童子	842	45	1	0	948
8429	Bảo Rương Đồng Tử (bảo bảo)	宝箱童子宝宝	842	45	0	1	948
8430	Bảo Rương Đồng Tử	成年宝箱童子	843	55	0	0	1051
8431	Biến dị Bảo Rương Đồng Tử	变异宝箱童子	843	55	1	0	1051
8432	Biến dị Bảo Rương Đồng Tử	变异宝箱童子	843	55	1	0	1051
8433	Biến dị Bảo Rương Đồng Tử	变异宝箱童子	843	55	1	0	1051
8434	Biến dị Bảo Rương Đồng Tử	变异宝箱童子	843	55	1	0	1051
8439	Bảo Rương Đồng Tử (bảo bảo)	宝箱童子宝宝	843	55	0	1	1051
8440	Bảo Rương Đồng Tử	成年宝箱童子	844	65	0	0	1153
8441	Biến dị Bảo Rương Đồng Tử	变异宝箱童子	844	65	1	0	1153
8442	Biến dị Bảo Rương Đồng Tử	变异宝箱童子	844	65	1	0	1153
8443	Biến dị Bảo Rương Đồng Tử	变异宝箱童子	844	65	1	0	1153
8444	Biến dị Bảo Rương Đồng Tử	变异宝箱童子	844	65	1	0	1153
8445	Biến dị Bảo Rương Đồng Tử	变异宝箱童子	844	65	1	0	1153
8449	Bảo Rương Đồng Tử (bảo bảo)	宝箱童子宝宝	844	65	0	1	1153
8450	Bảo Rương Đồng Tử	成年宝箱童子	845	75	0	0	1255
8451	Biến dị Bảo Rương Đồng Tử	变异宝箱童子	845	75	1	0	1255
8452	Biến dị Bảo Rương Đồng Tử	变异宝箱童子	845	75	1	0	1255
8453	Biến dị Bảo Rương Đồng Tử	变异宝箱童子	845	75	1	0	1255
8454	Biến dị Bảo Rương Đồng Tử	变异宝箱童子	845	75	1	0	1255
8455	Biến dị Bảo Rương Đồng Tử	变异宝箱童子	845	75	1	0	1255
8456	Biến dị Bảo Rương Đồng Tử	变异宝箱童子	845	75	1	0	1255
8459	Bảo Rương Đồng Tử (bảo bảo)	宝箱童子宝宝	845	75	0	1	1255
8460	Bảo Rương Đồng Tử	成年宝箱童子	846	85	0	0	1357
8461	Biến dị Bảo Rương Đồng Tử	变异宝箱童子	846	85	1	0	1357
8462	Biến dị Bảo Rương Đồng Tử	变异宝箱童子	846	85	1	0	1357
8463	Biến dị Bảo Rương Đồng Tử	变异宝箱童子	846	85	1	0	1357
8464	Biến dị Bảo Rương Đồng Tử	变异宝箱童子	846	85	1	0	1357
8465	Biến dị Bảo Rương Đồng Tử	变异宝箱童子	846	85	1	0	1357
8466	Biến dị Bảo Rương Đồng Tử	变异宝箱童子	846	85	1	0	1357
8467	Biến dị Bảo Rương Đồng Tử	变异宝箱童子	846	85	1	0	1357
8469	Bảo Rương Đồng Tử (bảo bảo)	宝箱童子宝宝	846	85	0	1	1357
8470	Bảo Rương Đồng Tử	成年宝箱童子	847	95	0	0	1459
8471	Biến dị Bảo Rương Đồng Tử	变异宝箱童子	847	95	1	0	1459
8472	Biến dị Bảo Rương Đồng Tử	变异宝箱童子	847	95	1	0	1459
8473	Biến dị Bảo Rương Đồng Tử	变异宝箱童子	847	95	1	0	1459
8474	Biến dị Bảo Rương Đồng Tử	变异宝箱童子	847	95	1	0	1459
8475	Biến dị Bảo Rương Đồng Tử	变异宝箱童子	847	95	1	0	1459
8476	Biến dị Bảo Rương Đồng Tử	变异宝箱童子	847	95	1	0	1459
8477	Biến dị Bảo Rương Đồng Tử	变异宝箱童子	847	95	1	0	1459
8478	Biến dị Bảo Rương Đồng Tử	变异宝箱童子	847	95	1	0	1459
8479	Bảo Rương Đồng Tử (bảo bảo)	宝箱童子宝宝	847	95	0	1	1459
8480	Thụ Đại Hùng	成年树袋熊	848	5	0	0	846
8481	Biến dị Thụ Đại Hùng	变异树袋熊	848	5	1	0	846
8482	Biến dị Thụ Đại Hùng	变异树袋熊	848	5	1	0	846
8489	Thụ Đại Hùng (bảo bảo)	树袋熊宝宝	848	5	0	1	846
8490	Thụ Đại Hùng	成年树袋熊	849	45	0	0	948
8491	Biến dị Thụ Đại Hùng	变异树袋熊	849	45	1	0	948
8492	Biến dị Thụ Đại Hùng	变异树袋熊	849	45	1	0	948
8493	Biến dị Thụ Đại Hùng	变异树袋熊	849	45	1	0	948
8499	Thụ Đại Hùng (bảo bảo)	树袋熊宝宝	849	45	0	1	948
8500	Thụ Đại Hùng	成年树袋熊	850	55	0	0	1051
8501	Biến dị Thụ Đại Hùng	变异树袋熊	850	55	1	0	1051
8502	Biến dị Thụ Đại Hùng	变异树袋熊	850	55	1	0	1051
8503	Biến dị Thụ Đại Hùng	变异树袋熊	850	55	1	0	1051
8504	Biến dị Thụ Đại Hùng	变异树袋熊	850	55	1	0	1051
8509	Thụ Đại Hùng (bảo bảo)	树袋熊宝宝	850	55	0	1	1051
8510	Thụ Đại Hùng	成年树袋熊	851	65	0	0	1153
8511	Biến dị Thụ Đại Hùng	变异树袋熊	851	65	1	0	1153
8512	Biến dị Thụ Đại Hùng	变异树袋熊	851	65	1	0	1153
8513	Biến dị Thụ Đại Hùng	变异树袋熊	851	65	1	0	1153
8514	Biến dị Thụ Đại Hùng	变异树袋熊	851	65	1	0	1153
8515	Biến dị Thụ Đại Hùng	变异树袋熊	851	65	1	0	1153
8519	Thụ Đại Hùng (bảo bảo)	树袋熊宝宝	851	65	0	1	1153
8520	Thụ Đại Hùng	成年树袋熊	852	75	0	0	1255
8521	Biến dị Thụ Đại Hùng	变异树袋熊	852	75	1	0	1255
8522	Biến dị Thụ Đại Hùng	变异树袋熊	852	75	1	0	1255
8523	Biến dị Thụ Đại Hùng	变异树袋熊	852	75	1	0	1255
8524	Biến dị Thụ Đại Hùng	变异树袋熊	852	75	1	0	1255
8525	Biến dị Thụ Đại Hùng	变异树袋熊	852	75	1	0	1255
8526	Biến dị Thụ Đại Hùng	变异树袋熊	852	75	1	0	1255
8529	Thụ Đại Hùng (bảo bảo)	树袋熊宝宝	852	75	0	1	1255
8530	Thụ Đại Hùng	成年树袋熊	853	85	0	0	1357
8531	Biến dị Thụ Đại Hùng	变异树袋熊	853	85	1	0	1357
8532	Biến dị Thụ Đại Hùng	变异树袋熊	853	85	1	0	1357
8533	Biến dị Thụ Đại Hùng	变异树袋熊	853	85	1	0	1357
8534	Biến dị Thụ Đại Hùng	变异树袋熊	853	85	1	0	1357
8535	Biến dị Thụ Đại Hùng	变异树袋熊	853	85	1	0	1357
8536	Biến dị Thụ Đại Hùng	变异树袋熊	853	85	1	0	1357
8537	Biến dị Thụ Đại Hùng	变异树袋熊	853	85	1	0	1357
8539	Thụ Đại Hùng (bảo bảo)	树袋熊宝宝	853	85	0	1	1357
8540	Thụ Đại Hùng	成年树袋熊	854	95	0	0	1459
8541	Biến dị Thụ Đại Hùng	变异树袋熊	854	95	1	0	1459
8542	Biến dị Thụ Đại Hùng	变异树袋熊	854	95	1	0	1459
8543	Biến dị Thụ Đại Hùng	变异树袋熊	854	95	1	0	1459
8544	Biến dị Thụ Đại Hùng	变异树袋熊	854	95	1	0	1459
8545	Biến dị Thụ Đại Hùng	变异树袋熊	854	95	1	0	1459
8546	Biến dị Thụ Đại Hùng	变异树袋熊	854	95	1	0	1459
8547	Biến dị Thụ Đại Hùng	变异树袋熊	854	95	1	0	1459
8548	Biến dị Thụ Đại Hùng	变异树袋熊	854	95	1	0	1459
8549	Thụ Đại Hùng (bảo bảo)	树袋熊宝宝	854	95	0	1	1459
8560	Hoan Lạc Trư	成年欢乐猪	856	5	0	0	846
8561	Biến dị Hoan Lạc Trư	变异欢乐猪	856	5	1	0	846
8562	Biến dị Hoan Lạc Trư	变异欢乐猪	856	5	1	0	846
8569	Hoan Lạc Trư (bảo bảo)	欢乐猪宝宝	856	5	0	1	846
8570	Hoan Lạc Trư	成年欢乐猪	857	45	0	0	948
8571	Biến dị Hoan Lạc Trư	变异欢乐猪	857	45	1	0	948
8572	Biến dị Hoan Lạc Trư	变异欢乐猪	857	45	1	0	948
8573	Biến dị Hoan Lạc Trư	变异欢乐猪	857	45	1	0	948
8579	Hoan Lạc Trư (bảo bảo)	欢乐猪宝宝	857	45	0	1	948
8580	Hoan Lạc Trư	成年欢乐猪	858	55	0	0	1051
8581	Biến dị Hoan Lạc Trư	变异欢乐猪	858	55	1	0	1051
8582	Biến dị Hoan Lạc Trư	变异欢乐猪	858	55	1	0	1051
8583	Biến dị Hoan Lạc Trư	变异欢乐猪	858	55	1	0	1051
8584	Biến dị Hoan Lạc Trư	变异欢乐猪	858	55	1	0	1051
8589	Hoan Lạc Trư (bảo bảo)	欢乐猪宝宝	858	55	0	1	1051
8590	Hoan Lạc Trư	成年欢乐猪	859	65	0	0	1153
8591	Biến dị Hoan Lạc Trư	变异欢乐猪	859	65	1	0	1153
8592	Biến dị Hoan Lạc Trư	变异欢乐猪	859	65	1	0	1153
8593	Biến dị Hoan Lạc Trư	变异欢乐猪	859	65	1	0	1153
8594	Biến dị Hoan Lạc Trư	变异欢乐猪	859	65	1	0	1153
8595	Biến dị Hoan Lạc Trư	变异欢乐猪	859	65	1	0	1153
8599	Hoan Lạc Trư (bảo bảo)	欢乐猪宝宝	859	65	0	1	1153
8600	Hoan Lạc Trư	成年欢乐猪	860	75	0	0	1255
8601	Biến dị Hoan Lạc Trư	变异欢乐猪	860	75	1	0	1255
8602	Biến dị Hoan Lạc Trư	变异欢乐猪	860	75	1	0	1255
8603	Biến dị Hoan Lạc Trư	变异欢乐猪	860	75	1	0	1255
8604	Biến dị Hoan Lạc Trư	变异欢乐猪	860	75	1	0	1255
8605	Biến dị Hoan Lạc Trư	变异欢乐猪	860	75	1	0	1255
8606	Biến dị Hoan Lạc Trư	变异欢乐猪	860	75	1	0	1255
8609	Hoan Lạc Trư (bảo bảo)	欢乐猪宝宝	860	75	0	1	1255
8610	Hoan Lạc Trư	成年欢乐猪	861	85	0	0	1357
8611	Biến dị Hoan Lạc Trư	变异欢乐猪	861	85	1	0	1357
8612	Biến dị Hoan Lạc Trư	变异欢乐猪	861	85	1	0	1357
8613	Biến dị Hoan Lạc Trư	变异欢乐猪	861	85	1	0	1357
8614	Biến dị Hoan Lạc Trư	变异欢乐猪	861	85	1	0	1357
8615	Biến dị Hoan Lạc Trư	变异欢乐猪	861	85	1	0	1357
8616	Biến dị Hoan Lạc Trư	变异欢乐猪	861	85	1	0	1357
8617	Biến dị Hoan Lạc Trư	变异欢乐猪	861	85	1	0	1357
8619	Hoan Lạc Trư (bảo bảo)	欢乐猪宝宝	861	85	0	1	1357
8620	Hoan Lạc Trư	成年欢乐猪	862	95	0	0	1459
8621	Biến dị Hoan Lạc Trư	变异欢乐猪	862	95	1	0	1459
8622	Biến dị Hoan Lạc Trư	变异欢乐猪	862	95	1	0	1459
8623	Biến dị Hoan Lạc Trư	变异欢乐猪	862	95	1	0	1459
8624	Biến dị Hoan Lạc Trư	变异欢乐猪	862	95	1	0	1459
8625	Biến dị Hoan Lạc Trư	变异欢乐猪	862	95	1	0	1459
8626	Biến dị Hoan Lạc Trư	变异欢乐猪	862	95	1	0	1459
8627	Biến dị Hoan Lạc Trư	变异欢乐猪	862	95	1	0	1459
8628	Biến dị Hoan Lạc Trư	变异欢乐猪	862	95	1	0	1459
8629	Hoan Lạc Trư (bảo bảo)	欢乐猪宝宝	862	95	0	1	1459
8630	Hoả Tông Yêu Thử	成年火鬃妖鼠	863	55	0	0	1051
8631	Biến dị Hoả Tông Yêu Thử	变异火鬃妖鼠	863	55	1	0	1051
8632	Biến dị Hoả Tông Yêu Thử	变异火鬃妖鼠	863	55	1	0	1051
8633	Biến dị Hoả Tông Yêu Thử	变异火鬃妖鼠	863	55	1	0	1051
8634	Biến dị Hoả Tông Yêu Thử	变异火鬃妖鼠	863	55	1	0	1051
8639	Hoả Tông Yêu Thử (bảo bảo)	火鬃妖鼠宝宝	863	55	0	1	1051
8640	Viêm Hoả Yêu Thử	成年炎火妖鼠	864	75	0	0	1255
8641	Biến dị Viêm Hoả Yêu Thử	变异炎火妖鼠	864	75	1	0	1255
8642	Biến dị Viêm Hoả Yêu Thử	变异炎火妖鼠	864	75	1	0	1255
8643	Biến dị Viêm Hoả Yêu Thử	变异炎火妖鼠	864	75	1	0	1255
8644	Biến dị Viêm Hoả Yêu Thử	变异炎火妖鼠	864	75	1	0	1255
8645	Biến dị Viêm Hoả Yêu Thử	变异炎火妖鼠	864	75	1	0	1255
8646	Biến dị Viêm Hoả Yêu Thử	变异炎火妖鼠	864	75	1	0	1255
8649	Viêm Hoả Yêu Thử (bảo bảo)	炎火妖鼠宝宝	864	75	0	1	1255
8650	Huyền Dực Ma Thú	成年玄翼魔兽	865	65	0	0	1153
8651	Biến dị Huyền Dực Ma Thú	变异玄翼魔兽	865	65	1	0	1153
8652	Biến dị Huyền Dực Ma Thú	变异玄翼魔兽	865	65	1	0	1153
8653	Biến dị Huyền Dực Ma Thú	变异玄翼魔兽	865	65	1	0	1153
8654	Biến dị Huyền Dực Ma Thú	变异玄翼魔兽	865	65	1	0	1153
8655	Biến dị Huyền Dực Ma Thú	变异玄翼魔兽	865	65	1	0	1153
8659	Huyền Dực Ma Thú (bảo bảo)	玄翼魔兽宝宝	865	65	0	1	1153
8660	Xuy Huyền Ma Thú	成年蚩玄魔兽	866	75	0	0	1255
8661	Biến dị Xuy Huyền Ma Thú	变异蚩玄魔兽	866	75	1	0	1255
8662	Biến dị Xuy Huyền Ma Thú	变异蚩玄魔兽	866	75	1	0	1255
8663	Biến dị Xuy Huyền Ma Thú	变异蚩玄魔兽	866	75	1	0	1255
8664	Biến dị Xuy Huyền Ma Thú	变异蚩玄魔兽	866	75	1	0	1255
8665	Biến dị Xuy Huyền Ma Thú	变异蚩玄魔兽	866	75	1	0	1255
8666	Biến dị Xuy Huyền Ma Thú	变异蚩玄魔兽	866	75	1	0	1255
8669	Xuy Huyền Ma Thú (bảo bảo)	蚩玄魔兽宝宝	866	75	0	1	1255
8670	Trân Kỳ Thử	成年珍奇鼠	867	65	0	0	1255
8671	Biến dị Trân Kỳ Thử	变异珍奇鼠	867	65	1	0	1255
8672	Biến dị Trân Kỳ Thử	变异珍奇鼠	867	65	1	0	1255
8673	Biến dị Trân Kỳ Thử	变异珍奇鼠	867	65	1	0	1255
8674	Biến dị Trân Kỳ Thử	变异珍奇鼠	867	65	1	0	1255
8675	Biến dị Trân Kỳ Thử	变异珍奇鼠	867	65	1	0	1255
8679	Trân Kỳ Thử (bảo bảo)	珍奇鼠宝宝	867	65	0	1	1255
8680	Kỳ Lân	成年麒麟	868	75	0	0	1255
8681	Biến dị Kỳ Lân	变异麒麟	868	75	1	0	1255
8682	Biến dị Kỳ Lân	变异麒麟	868	75	1	0	1255
8683	Biến dị Kỳ Lân	变异麒麟	868	75	1	0	1255
8684	Biến dị Kỳ Lân	变异麒麟	868	75	1	0	1255
8685	Biến dị Kỳ Lân	变异麒麟	868	75	1	0	1255
8686	Biến dị Kỳ Lân	变异麒麟	868	75	1	0	1255
8689	Kỳ Lân (bảo bảo)	麒麟宝宝	868	75	0	1	1255
8690	Cát Tường Miêu	成年吉祥猫	869	85	0	0	1357
8691	Biến dị Cát Tường Miêu	变异吉祥猫	869	85	1	0	1357
8692	Biến dị Cát Tường Miêu	变异吉祥猫	869	85	1	0	1357
8693	Biến dị Cát Tường Miêu	变异吉祥猫	869	85	1	0	1357
8694	Biến dị Cát Tường Miêu	变异吉祥猫	869	85	1	0	1357
8695	Biến dị Cát Tường Miêu	变异吉祥猫	869	85	1	0	1357
8696	Biến dị Cát Tường Miêu	变异吉祥猫	869	85	1	0	1357
8697	Biến dị Cát Tường Miêu	变异吉祥猫	869	85	1	0	1357
8699	Cát Tường Miêu (bảo bảo)	吉祥猫宝宝	869	85	0	1	1357
8700	Trân Kỳ Thử	成年珍奇鼠	870	5	0	0	948
8701	Biến dị Trân Kỳ Thử	变异珍奇鼠	870	5	1	0	948
8702	Biến dị Trân Kỳ Thử	变异珍奇鼠	870	5	1	0	948
8709	Trân Kỳ Thử (bảo bảo)	珍奇鼠宝宝	870	5	0	1	948
8710	Trân Kỳ Thử	成年珍奇鼠	871	45	0	0	1051
8711	Biến dị Trân Kỳ Thử	变异珍奇鼠	871	45	1	0	1051
8712	Biến dị Trân Kỳ Thử	变异珍奇鼠	871	45	1	0	1051
8713	Biến dị Trân Kỳ Thử	变异珍奇鼠	871	45	1	0	1051
8719	Trân Kỳ Thử (bảo bảo)	珍奇鼠宝宝	871	45	0	1	1051
8720	Trân Kỳ Thử	成年珍奇鼠	872	55	0	0	1153
8721	Biến dị Trân Kỳ Thử	变异珍奇鼠	872	55	1	0	1153
8722	Biến dị Trân Kỳ Thử	变异珍奇鼠	872	55	1	0	1153
8723	Biến dị Trân Kỳ Thử	变异珍奇鼠	872	55	1	0	1153
8724	Biến dị Trân Kỳ Thử	变异珍奇鼠	872	55	1	0	1153
8729	Trân Kỳ Thử (bảo bảo)	珍奇鼠宝宝	872	55	0	1	1153
8730	Ma Nha Bạo Long	成年魔牙暴龙	873	85	0	0	1357
8731	Biến dị Ma Nha Bạo Long	变异魔牙暴龙	873	85	1	0	1357
8732	Biến dị Ma Nha Bạo Long	变异魔牙暴龙	873	85	1	0	1357
8733	Biến dị Ma Nha Bạo Long	变异魔牙暴龙	873	85	1	0	1357
8734	Biến dị Ma Nha Bạo Long	变异魔牙暴龙	873	85	1	0	1357
8735	Biến dị Ma Nha Bạo Long	变异魔牙暴龙	873	85	1	0	1357
8736	Biến dị Ma Nha Bạo Long	变异魔牙暴龙	873	85	1	0	1357
8737	Biến dị Ma Nha Bạo Long	变异魔牙暴龙	873	85	1	0	1357
8739	Ma Nha Bạo Long (bảo bảo)	魔牙暴龙宝宝	873	85	0	1	1357
8740	Đường Trang Thử	成年唐装鼠	874	5	0	0	846
8741	Biến dị Đường Trang Thử	变异唐装鼠	874	5	1	0	846
8742	Biến dị Đường Trang Thử	变异唐装鼠	874	5	1	0	846
8749	Đường Trang Thử (bảo bảo)	唐装鼠宝宝	874	5	0	1	846
8750	Đường Trang Thử	成年唐装鼠	875	45	0	0	948
8751	Biến dị Đường Trang Thử	变异唐装鼠	875	45	1	0	948
8752	Biến dị Đường Trang Thử	变异唐装鼠	875	45	1	0	948
8753	Biến dị Đường Trang Thử	变异唐装鼠	875	45	1	0	948
8759	Đường Trang Thử (bảo bảo)	唐装鼠宝宝	875	45	0	1	948
8760	Đường Trang Thử	成年唐装鼠	876	55	0	0	1051
8761	Biến dị Đường Trang Thử	变异唐装鼠	876	55	1	0	1051
8762	Biến dị Đường Trang Thử	变异唐装鼠	876	55	1	0	1051
8763	Biến dị Đường Trang Thử	变异唐装鼠	876	55	1	0	1051
8764	Biến dị Đường Trang Thử	变异唐装鼠	876	55	1	0	1051
8769	Đường Trang Thử (bảo bảo)	唐装鼠宝宝	876	55	0	1	1051
8770	Đường Trang Thử	成年唐装鼠	877	65	0	0	1153
8771	Biến dị Đường Trang Thử	变异唐装鼠	877	65	1	0	1153
8772	Biến dị Đường Trang Thử	变异唐装鼠	877	65	1	0	1153
8773	Biến dị Đường Trang Thử	变异唐装鼠	877	65	1	0	1153
8774	Biến dị Đường Trang Thử	变异唐装鼠	877	65	1	0	1153
8775	Biến dị Đường Trang Thử	变异唐装鼠	877	65	1	0	1153
8779	Đường Trang Thử (bảo bảo)	唐装鼠宝宝	877	65	0	1	1153
8780	Đường Trang Thử	成年唐装鼠	878	75	0	0	1255
8781	Biến dị Đường Trang Thử	变异唐装鼠	878	75	1	0	1255
8782	Biến dị Đường Trang Thử	变异唐装鼠	878	75	1	0	1255
8783	Biến dị Đường Trang Thử	变异唐装鼠	878	75	1	0	1255
8784	Biến dị Đường Trang Thử	变异唐装鼠	878	75	1	0	1255
8785	Biến dị Đường Trang Thử	变异唐装鼠	878	75	1	0	1255
8786	Biến dị Đường Trang Thử	变异唐装鼠	878	75	1	0	1255
8789	Đường Trang Thử (bảo bảo)	唐装鼠宝宝	878	75	0	1	1255
8790	Đường Trang Thử	成年唐装鼠	879	85	0	0	1357
8791	Biến dị Đường Trang Thử	变异唐装鼠	879	85	1	0	1357
8792	Biến dị Đường Trang Thử	变异唐装鼠	879	85	1	0	1357
8793	Biến dị Đường Trang Thử	变异唐装鼠	879	85	1	0	1357
8794	Biến dị Đường Trang Thử	变异唐装鼠	879	85	1	0	1357
8795	Biến dị Đường Trang Thử	变异唐装鼠	879	85	1	0	1357
8796	Biến dị Đường Trang Thử	变异唐装鼠	879	85	1	0	1357
8797	Biến dị Đường Trang Thử	变异唐装鼠	879	85	1	0	1357
8799	Đường Trang Thử (bảo bảo)	唐装鼠宝宝	879	85	0	1	1357
8800	Đường Trang Thử	成年唐装鼠	880	95	0	0	1459
8801	Biến dị Đường Trang Thử	变异唐装鼠	880	95	1	0	1459
8802	Biến dị Đường Trang Thử	变异唐装鼠	880	95	1	0	1459
8803	Biến dị Đường Trang Thử	变异唐装鼠	880	95	1	0	1459
8804	Biến dị Đường Trang Thử	变异唐装鼠	880	95	1	0	1459
8805	Biến dị Đường Trang Thử	变异唐装鼠	880	95	1	0	1459
8806	Biến dị Đường Trang Thử	变异唐装鼠	880	95	1	0	1459
8807	Biến dị Đường Trang Thử	变异唐装鼠	880	95	1	0	1459
8808	Biến dị Đường Trang Thử	变异唐装鼠	880	95	1	0	1459
8809	Đường Trang Thử (bảo bảo)	唐装鼠宝宝	880	95	0	1	1459
8810	Niên Thú	成年年兽	881	5	0	0	846
8811	Biến dị Niên Thú	变异年兽	881	5	1	0	846
8812	Biến dị Niên Thú	变异年兽	881	5	1	0	846
8819	Niên Thú (bảo bảo)	年兽宝宝	881	5	0	1	846
8820	Niên Thú	成年年兽	882	45	0	0	948
8821	Biến dị Niên Thú	变异年兽	882	45	1	0	948
8822	Biến dị Niên Thú	变异年兽	882	45	1	0	948
8823	Biến dị Niên Thú	变异年兽	882	45	1	0	948
8829	Niên Thú (bảo bảo)	年兽宝宝	882	45	0	1	948
8830	Niên Thú	成年年兽	883	55	0	0	1051
8831	Biến dị Niên Thú	变异年兽	883	55	1	0	1051
8832	Biến dị Niên Thú	变异年兽	883	55	1	0	1051
8833	Biến dị Niên Thú	变异年兽	883	55	1	0	1051
8834	Biến dị Niên Thú	变异年兽	883	55	1	0	1051
8839	Niên Thú (bảo bảo)	年兽宝宝	883	55	0	1	1051
8840	Niên Thú	成年年兽	884	65	0	0	1153
8841	Biến dị Niên Thú	变异年兽	884	65	1	0	1153
8842	Biến dị Niên Thú	变异年兽	884	65	1	0	1153
8843	Biến dị Niên Thú	变异年兽	884	65	1	0	1153
8844	Biến dị Niên Thú	变异年兽	884	65	1	0	1153
8845	Biến dị Niên Thú	变异年兽	884	65	1	0	1153
8849	Niên Thú (bảo bảo)	年兽宝宝	884	65	0	1	1153
8850	Niên Thú	成年年兽	885	75	0	0	1255
8851	Biến dị Niên Thú	变异年兽	885	75	1	0	1255
8852	Biến dị Niên Thú	变异年兽	885	75	1	0	1255
8853	Biến dị Niên Thú	变异年兽	885	75	1	0	1255
8854	Biến dị Niên Thú	变异年兽	885	75	1	0	1255
8855	Biến dị Niên Thú	变异年兽	885	75	1	0	1255
8856	Biến dị Niên Thú	变异年兽	885	75	1	0	1255
8859	Niên Thú (bảo bảo)	年兽宝宝	885	75	0	1	1255
8860	Niên Thú	成年年兽	886	85	0	0	1357
8861	Biến dị Niên Thú	变异年兽	886	85	1	0	1357
8862	Biến dị Niên Thú	变异年兽	886	85	1	0	1357
8863	Biến dị Niên Thú	变异年兽	886	85	1	0	1357
8864	Biến dị Niên Thú	变异年兽	886	85	1	0	1357
8865	Biến dị Niên Thú	变异年兽	886	85	1	0	1357
8866	Biến dị Niên Thú	变异年兽	886	85	1	0	1357
8867	Biến dị Niên Thú	变异年兽	886	85	1	0	1357
8869	Niên Thú (bảo bảo)	年兽宝宝	886	85	0	1	1357
8870	Niên Thú	成年年兽	887	95	0	0	1459
8871	Biến dị Niên Thú	变异年兽	887	95	1	0	1459
8872	Biến dị Niên Thú	变异年兽	887	95	1	0	1459
8873	Biến dị Niên Thú	变异年兽	887	95	1	0	1459
8874	Biến dị Niên Thú	变异年兽	887	95	1	0	1459
8875	Biến dị Niên Thú	变异年兽	887	95	1	0	1459
8876	Biến dị Niên Thú	变异年兽	887	95	1	0	1459
8877	Biến dị Niên Thú	变异年兽	887	95	1	0	1459
8878	Biến dị Niên Thú	变异年兽	887	95	1	0	1459
8879	Niên Thú (bảo bảo)	年兽宝宝	887	95	0	1	1459
8880	Uyên Ương	成年鸳鸯	888	5	0	0	846
8881	Biến dị Uyên Ương	变异鸳鸯	888	5	1	0	846
8882	Biến dị Uyên Ương	变异鸳鸯	888	5	1	0	846
8889	Uyên Ương (bảo bảo)	鸳鸯宝宝	888	5	0	1	846
8890	Uyên Ương	成年鸳鸯	889	45	0	0	948
8891	Biến dị Uyên Ương	变异鸳鸯	889	45	1	0	948
8892	Biến dị Uyên Ương	变异鸳鸯	889	45	1	0	948
8893	Biến dị Uyên Ương	变异鸳鸯	889	45	1	0	948
8899	Uyên Ương (bảo bảo)	鸳鸯宝宝	889	45	0	1	948
8900	Uyên Ương	成年鸳鸯	890	55	0	0	1051
8901	Biến dị Uyên Ương	变异鸳鸯	890	55	1	0	1051
8902	Biến dị Uyên Ương	变异鸳鸯	890	55	1	0	1051
8903	Biến dị Uyên Ương	变异鸳鸯	890	55	1	0	1051
8904	Biến dị Uyên Ương	变异鸳鸯	890	55	1	0	1051
8909	Uyên Ương (bảo bảo)	鸳鸯宝宝	890	55	0	1	1051
8910	Uyên Ương	成年鸳鸯	891	65	0	0	1153
8911	Biến dị Uyên Ương	变异鸳鸯	891	65	1	0	1153
8912	Biến dị Uyên Ương	变异鸳鸯	891	65	1	0	1153
8913	Biến dị Uyên Ương	变异鸳鸯	891	65	1	0	1153
8914	Biến dị Uyên Ương	变异鸳鸯	891	65	1	0	1153
8915	Biến dị Uyên Ương	变异鸳鸯	891	65	1	0	1153
8919	Uyên Ương (bảo bảo)	鸳鸯宝宝	891	65	0	1	1153
8920	Uyên Ương	成年鸳鸯	892	75	0	0	1255
8921	Biến dị Uyên Ương	变异鸳鸯	892	75	1	0	1255
8922	Biến dị Uyên Ương	变异鸳鸯	892	75	1	0	1255
8923	Biến dị Uyên Ương	变异鸳鸯	892	75	1	0	1255
8924	Biến dị Uyên Ương	变异鸳鸯	892	75	1	0	1255
8925	Biến dị Uyên Ương	变异鸳鸯	892	75	1	0	1255
8926	Biến dị Uyên Ương	变异鸳鸯	892	75	1	0	1255
8929	Uyên Ương (bảo bảo)	鸳鸯宝宝	892	75	0	1	1255
8930	Uyên Ương	成年鸳鸯	893	85	0	0	1357
8931	Biến dị Uyên Ương	变异鸳鸯	893	85	1	0	1357
8932	Biến dị Uyên Ương	变异鸳鸯	893	85	1	0	1357
8933	Biến dị Uyên Ương	变异鸳鸯	893	85	1	0	1357
8934	Biến dị Uyên Ương	变异鸳鸯	893	85	1	0	1357
8935	Biến dị Uyên Ương	变异鸳鸯	893	85	1	0	1357
8936	Biến dị Uyên Ương	变异鸳鸯	893	85	1	0	1357
8937	Biến dị Uyên Ương	变异鸳鸯	893	85	1	0	1357
8939	Uyên Ương (bảo bảo)	鸳鸯宝宝	893	85	0	1	1357
8940	Uyên Ương	成年鸳鸯	894	95	0	0	1459
8941	Biến dị Uyên Ương	变异鸳鸯	894	95	1	0	1459
8942	Biến dị Uyên Ương	变异鸳鸯	894	95	1	0	1459
8943	Biến dị Uyên Ương	变异鸳鸯	894	95	1	0	1459
8944	Biến dị Uyên Ương	变异鸳鸯	894	95	1	0	1459
8945	Biến dị Uyên Ương	变异鸳鸯	894	95	1	0	1459
8946	Biến dị Uyên Ương	变异鸳鸯	894	95	1	0	1459
8947	Biến dị Uyên Ương	变异鸳鸯	894	95	1	0	1459
8948	Biến dị Uyên Ương	变异鸳鸯	894	95	1	0	1459
8949	Uyên Ương (bảo bảo)	鸳鸯宝宝	894	95	0	1	1459
8950	Cù Long	成年虬龙	895	65	0	0	1255
8951	Biến dị Cù Long	变异虬龙	895	65	1	0	1255
8952	Biến dị Cù Long	变异虬龙	895	65	1	0	1255
8953	Biến dị Cù Long	变异虬龙	895	65	1	0	1255
8954	Biến dị Cù Long	变异虬龙	895	65	1	0	1255
8955	Biến dị Cù Long	变异虬龙	895	65	1	0	1255
8959	Cù Long (bảo bảo)	虬龙宝宝	895	65	0	1	1255
8960	Mao Lư	成年毛驴	896	45	0	0	948
8961	Biến dị Mao Lư	变异毛驴	896	45	1	0	948
8962	Biến dị Mao Lư	变异毛驴	896	45	1	0	948
8963	Biến dị Mao Lư	变异毛驴	896	45	1	0	948
8969	Mao Lư (bảo bảo)	毛驴宝宝	896	45	0	1	948
8970	Mao Lư	成年毛驴	897	55	0	0	1051
8971	Biến dị Mao Lư	变异毛驴	897	55	1	0	1051
8972	Biến dị Mao Lư	变异毛驴	897	55	1	0	1051
8973	Biến dị Mao Lư	变异毛驴	897	55	1	0	1051
8974	Biến dị Mao Lư	变异毛驴	897	55	1	0	1051
8979	Mao Lư (bảo bảo)	毛驴宝宝	897	55	0	1	1051
8980	Mao Lư	成年毛驴	898	65	0	0	1153
8981	Biến dị Mao Lư	变异毛驴	898	65	1	0	1153
8982	Biến dị Mao Lư	变异毛驴	898	65	1	0	1153
8983	Biến dị Mao Lư	变异毛驴	898	65	1	0	1153
8984	Biến dị Mao Lư	变异毛驴	898	65	1	0	1153
8985	Biến dị Mao Lư	变异毛驴	898	65	1	0	1153
8989	Mao Lư (bảo bảo)	毛驴宝宝	898	65	0	1	1153
22000	Cùng Kỳ	成年穷奇	2200	5	0	0	846
22001	Biến dị Cùng Kỳ	变异穷奇	2200	5	1	0	846
22002	Biến dị Cùng Kỳ	变异穷奇	2200	5	1	0	846
22009	Cùng Kỳ (bảo bảo)	穷奇宝宝	2200	5	0	1	846
22010	Cùng Kỳ	成年穷奇	2201	45	0	0	948
22011	Biến dị Cùng Kỳ	变异穷奇	2201	45	1	0	948
22012	Biến dị Cùng Kỳ	变异穷奇	2201	45	1	0	948
22013	Biến dị Cùng Kỳ	变异穷奇	2201	45	1	0	948
22019	Cùng Kỳ (bảo bảo)	穷奇宝宝	2201	45	0	1	948
22020	Cùng Kỳ	成年穷奇	2202	55	0	0	1051
22021	Biến dị Cùng Kỳ	变异穷奇	2202	55	1	0	1051
22022	Biến dị Cùng Kỳ	变异穷奇	2202	55	1	0	1051
22023	Biến dị Cùng Kỳ	变异穷奇	2202	55	1	0	1051
22024	Biến dị Cùng Kỳ	变异穷奇	2202	55	1	0	1051
22029	Cùng Kỳ (bảo bảo)	穷奇宝宝	2202	55	0	1	1051
22030	Cùng Kỳ	成年穷奇	2203	65	0	0	1153
22031	Biến dị Cùng Kỳ	变异穷奇	2203	65	1	0	1153
22032	Biến dị Cùng Kỳ	变异穷奇	2203	65	1	0	1153
22033	Biến dị Cùng Kỳ	变异穷奇	2203	65	1	0	1153
22034	Biến dị Cùng Kỳ	变异穷奇	2203	65	1	0	1153
22035	Biến dị Cùng Kỳ	变异穷奇	2203	65	1	0	1153
22039	Cùng Kỳ (bảo bảo)	穷奇宝宝	2203	65	0	1	1153
22040	Cùng Kỳ	成年穷奇	2204	75	0	0	1255
22041	Biến dị Cùng Kỳ	变异穷奇	2204	75	1	0	1255
22042	Biến dị Cùng Kỳ	变异穷奇	2204	75	1	0	1255
22043	Biến dị Cùng Kỳ	变异穷奇	2204	75	1	0	1255
22044	Biến dị Cùng Kỳ	变异穷奇	2204	75	1	0	1255
22045	Biến dị Cùng Kỳ	变异穷奇	2204	75	1	0	1255
22046	Biến dị Cùng Kỳ	变异穷奇	2204	75	1	0	1255
22049	Cùng Kỳ (bảo bảo)	穷奇宝宝	2204	75	0	1	1255
22050	Cùng Kỳ	成年穷奇	2205	85	0	0	1357
22051	Biến dị Cùng Kỳ	变异穷奇	2205	85	1	0	1357
22052	Biến dị Cùng Kỳ	变异穷奇	2205	85	1	0	1357
22053	Biến dị Cùng Kỳ	变异穷奇	2205	85	1	0	1357
22054	Biến dị Cùng Kỳ	变异穷奇	2205	85	1	0	1357
22055	Biến dị Cùng Kỳ	变异穷奇	2205	85	1	0	1357
22056	Biến dị Cùng Kỳ	变异穷奇	2205	85	1	0	1357
22057	Biến dị Cùng Kỳ	变异穷奇	2205	85	1	0	1357
22059	Cùng Kỳ (bảo bảo)	穷奇宝宝	2205	85	0	1	1357
22060	Cùng Kỳ	成年穷奇	2206	95	0	0	1459
22061	Biến dị Cùng Kỳ	变异穷奇	2206	95	1	0	1459
22062	Biến dị Cùng Kỳ	变异穷奇	2206	95	1	0	1459
22063	Biến dị Cùng Kỳ	变异穷奇	2206	95	1	0	1459
22064	Biến dị Cùng Kỳ	变异穷奇	2206	95	1	0	1459
22065	Biến dị Cùng Kỳ	变异穷奇	2206	95	1	0	1459
22066	Biến dị Cùng Kỳ	变异穷奇	2206	95	1	0	1459
22067	Biến dị Cùng Kỳ	变异穷奇	2206	95	1	0	1459
22068	Biến dị Cùng Kỳ	变异穷奇	2206	95	1	0	1459
22069	Cùng Kỳ (bảo bảo)	穷奇宝宝	2206	95	0	1	1459
22070	Tiểu Hồ Tiên	成年小狐仙	2207	5	0	0	846
22071	Biến dị Tiểu Hồ Tiên	变异小狐仙	2207	5	1	0	846
22072	Biến dị Tiểu Hồ Tiên	变异小狐仙	2207	5	1	0	846
22079	Tiểu Hồ Tiên (bảo bảo)	小狐仙宝宝	2207	5	0	1	846
22080	Tiểu Hồ Tiên	成年小狐仙	2208	45	0	0	948
22081	Biến dị Tiểu Hồ Tiên	变异小狐仙	2208	45	1	0	948
22082	Biến dị Tiểu Hồ Tiên	变异小狐仙	2208	45	1	0	948
22083	Biến dị Tiểu Hồ Tiên	变异小狐仙	2208	45	1	0	948
22089	Tiểu Hồ Tiên (bảo bảo)	小狐仙宝宝	2208	45	0	1	948
22090	Tiểu Hồ Tiên	成年小狐仙	2209	55	0	0	1051
22091	Biến dị Tiểu Hồ Tiên	变异小狐仙	2209	55	1	0	1051
22092	Biến dị Tiểu Hồ Tiên	变异小狐仙	2209	55	1	0	1051
22093	Biến dị Tiểu Hồ Tiên	变异小狐仙	2209	55	1	0	1051
22094	Biến dị Tiểu Hồ Tiên	变异小狐仙	2209	55	1	0	1051
22099	Tiểu Hồ Tiên (bảo bảo)	小狐仙宝宝	2209	55	0	1	1051
22100	Tiểu Hồ Tiên	成年小狐仙	2210	65	0	0	1153
22101	Biến dị Tiểu Hồ Tiên	变异小狐仙	2210	65	1	0	1153
22102	Biến dị Tiểu Hồ Tiên	变异小狐仙	2210	65	1	0	1153
22103	Biến dị Tiểu Hồ Tiên	变异小狐仙	2210	65	1	0	1153
22104	Biến dị Tiểu Hồ Tiên	变异小狐仙	2210	65	1	0	1153
22105	Biến dị Tiểu Hồ Tiên	变异小狐仙	2210	65	1	0	1153
22109	Tiểu Hồ Tiên (bảo bảo)	小狐仙宝宝	2210	65	0	1	1153
22110	Tiểu Hồ Tiên	成年小狐仙	2211	75	0	0	1255
22111	Biến dị Tiểu Hồ Tiên	变异小狐仙	2211	75	1	0	1255
22112	Biến dị Tiểu Hồ Tiên	变异小狐仙	2211	75	1	0	1255
22113	Biến dị Tiểu Hồ Tiên	变异小狐仙	2211	75	1	0	1255
22114	Biến dị Tiểu Hồ Tiên	变异小狐仙	2211	75	1	0	1255
22115	Biến dị Tiểu Hồ Tiên	变异小狐仙	2211	75	1	0	1255
22116	Biến dị Tiểu Hồ Tiên	变异小狐仙	2211	75	1	0	1255
22119	Tiểu Hồ Tiên (bảo bảo)	小狐仙宝宝	2211	75	0	1	1255
22120	Tiểu Hồ Tiên	成年小狐仙	2212	85	0	0	1357
22121	Biến dị Tiểu Hồ Tiên	变异小狐仙	2212	85	1	0	1357
22122	Biến dị Tiểu Hồ Tiên	变异小狐仙	2212	85	1	0	1357
22123	Biến dị Tiểu Hồ Tiên	变异小狐仙	2212	85	1	0	1357
22124	Biến dị Tiểu Hồ Tiên	变异小狐仙	2212	85	1	0	1357
22125	Biến dị Tiểu Hồ Tiên	变异小狐仙	2212	85	1	0	1357
22126	Biến dị Tiểu Hồ Tiên	变异小狐仙	2212	85	1	0	1357
22127	Biến dị Tiểu Hồ Tiên	变异小狐仙	2212	85	1	0	1357
22129	Tiểu Hồ Tiên (bảo bảo)	小狐仙宝宝	2212	85	0	1	1357
22130	Tiểu Hồ Tiên	成年小狐仙	2213	95	0	0	1459
22131	Biến dị Tiểu Hồ Tiên	变异小狐仙	2213	95	1	0	1459
22132	Biến dị Tiểu Hồ Tiên	变异小狐仙	2213	95	1	0	1459
22133	Biến dị Tiểu Hồ Tiên	变异小狐仙	2213	95	1	0	1459
22134	Biến dị Tiểu Hồ Tiên	变异小狐仙	2213	95	1	0	1459
22135	Biến dị Tiểu Hồ Tiên	变异小狐仙	2213	95	1	0	1459
22136	Biến dị Tiểu Hồ Tiên	变异小狐仙	2213	95	1	0	1459
22137	Biến dị Tiểu Hồ Tiên	变异小狐仙	2213	95	1	0	1459
22138	Biến dị Tiểu Hồ Tiên	变异小狐仙	2213	95	1	0	1459
22139	Tiểu Hồ Tiên (bảo bảo)	小狐仙宝宝	2213	95	0	1	1459
22140	Cương Phủ Thần Viên	钢斧神猿	2214	5	1	0	846
22150	Tùng Lâm Thần Viên	丛林神猿	2215	45	1	0	948
22160	Địa Ngục Thần Viên	地狱神猿	2216	55	1	0	1051
22170	Mị Linh Thần Viên	魅灵神猿	2217	65	1	0	1153
22180	La Hán Thần Viên	罗汉神猿	2218	75	1	0	1255
22190	Thượng Cổ Thần Viên	上古神猿	2219	85	1	0	1357
22200	Cù Long	成年虬龙	2220	75	0	0	1357
22201	Biến dị Cù Long	变异虬龙	2220	75	1	0	1357
22202	Biến dị Cù Long	变异虬龙	2220	75	1	0	1357
22203	Biến dị Cù Long	变异虬龙	2220	75	1	0	1357
22204	Biến dị Cù Long	变异虬龙	2220	75	1	0	1357
22205	Biến dị Cù Long	变异虬龙	2220	75	1	0	1357
22206	Biến dị Cù Long	变异虬龙	2220	75	1	0	1357
22209	Cù Long (bảo bảo)	虬龙宝宝	2220	75	0	1	1357
22210	Bỉ Dực Điểu	成年比翼鸟	2221	5	0	0	846
22211	Biến dị Bỉ Dực Điểu	变异比翼鸟	2221	5	1	0	846
22212	Biến dị Bỉ Dực Điểu	变异比翼鸟	2221	5	1	0	846
22219	Bỉ Dực Điểu (bảo bảo)	比翼鸟宝宝	2221	5	0	1	846
22220	Bỉ Dực Điểu	成年比翼鸟	2222	45	0	0	948
22221	Biến dị Bỉ Dực Điểu	变异比翼鸟	2222	45	1	0	948
22222	Biến dị Bỉ Dực Điểu	变异比翼鸟	2222	45	1	0	948
22223	Biến dị Bỉ Dực Điểu	变异比翼鸟	2222	45	1	0	948
22229	Bỉ Dực Điểu (bảo bảo)	比翼鸟宝宝	2222	45	0	1	948
22230	Bỉ Dực Điểu	成年比翼鸟	2223	55	0	0	1051
22231	Biến dị Bỉ Dực Điểu	变异比翼鸟	2223	55	1	0	1051
22232	Biến dị Bỉ Dực Điểu	变异比翼鸟	2223	55	1	0	1051
22233	Biến dị Bỉ Dực Điểu	变异比翼鸟	2223	55	1	0	1051
22234	Biến dị Bỉ Dực Điểu	变异比翼鸟	2223	55	1	0	1051
22239	Bỉ Dực Điểu (bảo bảo)	比翼鸟宝宝	2223	55	0	1	1051
22240	Bỉ Dực Điểu	成年比翼鸟	2224	65	0	0	1153
22241	Biến dị Bỉ Dực Điểu	变异比翼鸟	2224	65	1	0	1153
22242	Biến dị Bỉ Dực Điểu	变异比翼鸟	2224	65	1	0	1153
22243	Biến dị Bỉ Dực Điểu	变异比翼鸟	2224	65	1	0	1153
22244	Biến dị Bỉ Dực Điểu	变异比翼鸟	2224	65	1	0	1153
22245	Biến dị Bỉ Dực Điểu	变异比翼鸟	2224	65	1	0	1153
22249	Bỉ Dực Điểu (bảo bảo)	比翼鸟宝宝	2224	65	0	1	1153
22250	Bỉ Dực Điểu	成年比翼鸟	2225	75	0	0	1255
22251	Biến dị Bỉ Dực Điểu	变异比翼鸟	2225	75	1	0	1255
22252	Biến dị Bỉ Dực Điểu	变异比翼鸟	2225	75	1	0	1255
22253	Biến dị Bỉ Dực Điểu	变异比翼鸟	2225	75	1	0	1255
22254	Biến dị Bỉ Dực Điểu	变异比翼鸟	2225	75	1	0	1255
22255	Biến dị Bỉ Dực Điểu	变异比翼鸟	2225	75	1	0	1255
22256	Biến dị Bỉ Dực Điểu	变异比翼鸟	2225	75	1	0	1255
22259	Bỉ Dực Điểu (bảo bảo)	比翼鸟宝宝	2225	75	0	1	1255
22260	Bỉ Dực Điểu	成年比翼鸟	2226	85	0	0	1357
22261	Biến dị Bỉ Dực Điểu	变异比翼鸟	2226	85	1	0	1357
22262	Biến dị Bỉ Dực Điểu	变异比翼鸟	2226	85	1	0	1357
22263	Biến dị Bỉ Dực Điểu	变异比翼鸟	2226	85	1	0	1357
22264	Biến dị Bỉ Dực Điểu	变异比翼鸟	2226	85	1	0	1357
22265	Biến dị Bỉ Dực Điểu	变异比翼鸟	2226	85	1	0	1357
22266	Biến dị Bỉ Dực Điểu	变异比翼鸟	2226	85	1	0	1357
22267	Biến dị Bỉ Dực Điểu	变异比翼鸟	2226	85	1	0	1357
22269	Bỉ Dực Điểu (bảo bảo)	比翼鸟宝宝	2226	85	0	1	1357
22270	Bỉ Dực Điểu	成年比翼鸟	2227	95	0	0	1459
22271	Biến dị Bỉ Dực Điểu	变异比翼鸟	2227	95	1	0	1459
22272	Biến dị Bỉ Dực Điểu	变异比翼鸟	2227	95	1	0	1459
22273	Biến dị Bỉ Dực Điểu	变异比翼鸟	2227	95	1	0	1459
22274	Biến dị Bỉ Dực Điểu	变异比翼鸟	2227	95	1	0	1459
22275	Biến dị Bỉ Dực Điểu	变异比翼鸟	2227	95	1	0	1459
22276	Biến dị Bỉ Dực Điểu	变异比翼鸟	2227	95	1	0	1459
22277	Biến dị Bỉ Dực Điểu	变异比翼鸟	2227	95	1	0	1459
22278	Biến dị Bỉ Dực Điểu	变异比翼鸟	2227	95	1	0	1459
22279	Bỉ Dực Điểu (bảo bảo)	比翼鸟宝宝	2227	95	0	1	1459
22280	Ngốc Ngốc Ngưu	成年呆呆牛	2228	5	0	0	846
22281	Biến dị Ngốc Ngốc Ngưu	变异呆呆牛	2228	5	1	0	846
22282	Biến dị Ngốc Ngốc Ngưu	变异呆呆牛	2228	5	1	0	846
22289	Ngốc Ngốc Ngưu (bảo bảo)	呆呆牛宝宝	2228	5	0	1	846
22290	Ngốc Ngốc Ngưu	成年呆呆牛	2229	45	0	0	948
22291	Biến dị Ngốc Ngốc Ngưu	变异呆呆牛	2229	45	1	0	948
22292	Biến dị Ngốc Ngốc Ngưu	变异呆呆牛	2229	45	1	0	948
22293	Biến dị Ngốc Ngốc Ngưu	变异呆呆牛	2229	45	1	0	948
22299	Ngốc Ngốc Ngưu (bảo bảo)	呆呆牛宝宝	2229	45	0	1	948
22300	Ngốc Ngốc Ngưu	成年呆呆牛	2230	55	0	0	1051
22301	Biến dị Ngốc Ngốc Ngưu	变异呆呆牛	2230	55	1	0	1051
22302	Biến dị Ngốc Ngốc Ngưu	变异呆呆牛	2230	55	1	0	1051
22303	Biến dị Ngốc Ngốc Ngưu	变异呆呆牛	2230	55	1	0	1051
22304	Biến dị Ngốc Ngốc Ngưu	变异呆呆牛	2230	55	1	0	1051
22309	Ngốc Ngốc Ngưu (bảo bảo)	呆呆牛宝宝	2230	55	0	1	1051
22310	Ngốc Ngốc Ngưu	成年呆呆牛	2231	65	0	0	1153
22311	Biến dị Ngốc Ngốc Ngưu	变异呆呆牛	2231	65	1	0	1153
22312	Biến dị Ngốc Ngốc Ngưu	变异呆呆牛	2231	65	1	0	1153
22313	Biến dị Ngốc Ngốc Ngưu	变异呆呆牛	2231	65	1	0	1153
22314	Biến dị Ngốc Ngốc Ngưu	变异呆呆牛	2231	65	1	0	1153
22315	Biến dị Ngốc Ngốc Ngưu	变异呆呆牛	2231	65	1	0	1153
22319	Ngốc Ngốc Ngưu (bảo bảo)	呆呆牛宝宝	2231	65	0	1	1153
22320	Ngốc Ngốc Ngưu	成年呆呆牛	2232	75	0	0	1255
22321	Biến dị Ngốc Ngốc Ngưu	变异呆呆牛	2232	75	1	0	1255
22322	Biến dị Ngốc Ngốc Ngưu	变异呆呆牛	2232	75	1	0	1255
22323	Biến dị Ngốc Ngốc Ngưu	变异呆呆牛	2232	75	1	0	1255
22324	Biến dị Ngốc Ngốc Ngưu	变异呆呆牛	2232	75	1	0	1255
22325	Biến dị Ngốc Ngốc Ngưu	变异呆呆牛	2232	75	1	0	1255
22326	Biến dị Ngốc Ngốc Ngưu	变异呆呆牛	2232	75	1	0	1255
22329	Ngốc Ngốc Ngưu (bảo bảo)	呆呆牛宝宝	2232	75	0	1	1255
22330	Ngốc Ngốc Ngưu	成年呆呆牛	2233	85	0	0	1357
22331	Biến dị Ngốc Ngốc Ngưu	变异呆呆牛	2233	85	1	0	1357
22332	Biến dị Ngốc Ngốc Ngưu	变异呆呆牛	2233	85	1	0	1357
22333	Biến dị Ngốc Ngốc Ngưu	变异呆呆牛	2233	85	1	0	1357
22334	Biến dị Ngốc Ngốc Ngưu	变异呆呆牛	2233	85	1	0	1357
22335	Biến dị Ngốc Ngốc Ngưu	变异呆呆牛	2233	85	1	0	1357
22336	Biến dị Ngốc Ngốc Ngưu	变异呆呆牛	2233	85	1	0	1357
22337	Biến dị Ngốc Ngốc Ngưu	变异呆呆牛	2233	85	1	0	1357
22339	Ngốc Ngốc Ngưu (bảo bảo)	呆呆牛宝宝	2233	85	0	1	1357
22340	Ngốc Ngốc Ngưu	成年呆呆牛	2234	95	0	0	1459
22341	Biến dị Ngốc Ngốc Ngưu	变异呆呆牛	2234	95	1	0	1459
22342	Biến dị Ngốc Ngốc Ngưu	变异呆呆牛	2234	95	1	0	1459
22343	Biến dị Ngốc Ngốc Ngưu	变异呆呆牛	2234	95	1	0	1459
22344	Biến dị Ngốc Ngốc Ngưu	变异呆呆牛	2234	95	1	0	1459
22345	Biến dị Ngốc Ngốc Ngưu	变异呆呆牛	2234	95	1	0	1459
22346	Biến dị Ngốc Ngốc Ngưu	变异呆呆牛	2234	95	1	0	1459
22347	Biến dị Ngốc Ngốc Ngưu	变异呆呆牛	2234	95	1	0	1459
22348	Biến dị Ngốc Ngốc Ngưu	变异呆呆牛	2234	95	1	0	1459
22349	Ngốc Ngốc Ngưu (bảo bảo)	呆呆牛宝宝	2234	95	0	1	1459
22350	Trân Kỳ Ngưu	成年珍奇牛	2235	5	0	0	846
22351	Biến dị Trân Kỳ Ngưu	变异珍奇牛	2235	5	1	0	846
22352	Biến dị Trân Kỳ Ngưu	变异珍奇牛	2235	5	1	0	846
22359	Trân Kỳ Ngưu (bảo bảo)	珍奇牛宝宝	2235	5	0	1	846
22360	Trân Kỳ Ngưu	成年珍奇牛	2236	45	0	0	948
22361	Biến dị Trân Kỳ Ngưu	变异珍奇牛	2236	45	1	0	948
22362	Biến dị Trân Kỳ Ngưu	变异珍奇牛	2236	45	1	0	948
22363	Biến dị Trân Kỳ Ngưu	变异珍奇牛	2236	45	1	0	948
22369	Trân Kỳ Ngưu (bảo bảo)	珍奇牛宝宝	2236	45	0	1	948
22370	Trân Kỳ Ngưu	成年珍奇牛	2237	55	0	0	1051
22371	Biến dị Trân Kỳ Ngưu	变异珍奇牛	2237	55	1	0	1051
22372	Biến dị Trân Kỳ Ngưu	变异珍奇牛	2237	55	1	0	1051
22373	Biến dị Trân Kỳ Ngưu	变异珍奇牛	2237	55	1	0	1051
22374	Biến dị Trân Kỳ Ngưu	变异珍奇牛	2237	55	1	0	1051
22379	Trân Kỳ Ngưu (bảo bảo)	珍奇牛宝宝	2237	55	0	1	1051
22380	Trân Kỳ Ngưu	成年珍奇牛	2238	65	0	0	1153
22381	Biến dị Trân Kỳ Ngưu	变异珍奇牛	2238	65	1	0	1153
22382	Biến dị Trân Kỳ Ngưu	变异珍奇牛	2238	65	1	0	1153
22383	Biến dị Trân Kỳ Ngưu	变异珍奇牛	2238	65	1	0	1153
22384	Biến dị Trân Kỳ Ngưu	变异珍奇牛	2238	65	1	0	1153
22385	Biến dị Trân Kỳ Ngưu	变异珍奇牛	2238	65	1	0	1153
22389	Trân Kỳ Ngưu (bảo bảo)	珍奇牛宝宝	2238	65	0	1	1153
22390	Trân Kỳ Ngưu	成年珍奇牛	2239	75	0	0	1255
22391	Biến dị Trân Kỳ Ngưu	变异珍奇牛	2239	75	1	0	1255
22392	Biến dị Trân Kỳ Ngưu	变异珍奇牛	2239	75	1	0	1255
22393	Biến dị Trân Kỳ Ngưu	变异珍奇牛	2239	75	1	0	1255
22394	Biến dị Trân Kỳ Ngưu	变异珍奇牛	2239	75	1	0	1255
22395	Biến dị Trân Kỳ Ngưu	变异珍奇牛	2239	75	1	0	1255
22396	Biến dị Trân Kỳ Ngưu	变异珍奇牛	2239	75	1	0	1255
22399	Trân Kỳ Ngưu (bảo bảo)	珍奇牛宝宝	2239	75	0	1	1255
22400	Trân Kỳ Ngưu	成年珍奇牛	2240	85	0	0	1357
22401	Biến dị Trân Kỳ Ngưu	变异珍奇牛	2240	85	1	0	1357
22402	Biến dị Trân Kỳ Ngưu	变异珍奇牛	2240	85	1	0	1357
22403	Biến dị Trân Kỳ Ngưu	变异珍奇牛	2240	85	1	0	1357
22404	Biến dị Trân Kỳ Ngưu	变异珍奇牛	2240	85	1	0	1357
22405	Biến dị Trân Kỳ Ngưu	变异珍奇牛	2240	85	1	0	1357
22406	Biến dị Trân Kỳ Ngưu	变异珍奇牛	2240	85	1	0	1357
22407	Biến dị Trân Kỳ Ngưu	变异珍奇牛	2240	85	1	0	1357
22409	Trân Kỳ Ngưu (bảo bảo)	珍奇牛宝宝	2240	85	0	1	1357
22410	Trân Kỳ Ngưu	成年珍奇牛	2241	95	0	0	1459
22411	Biến dị Trân Kỳ Ngưu	变异珍奇牛	2241	95	1	0	1459
22412	Biến dị Trân Kỳ Ngưu	变异珍奇牛	2241	95	1	0	1459
22413	Biến dị Trân Kỳ Ngưu	变异珍奇牛	2241	95	1	0	1459
22414	Biến dị Trân Kỳ Ngưu	变异珍奇牛	2241	95	1	0	1459
22415	Biến dị Trân Kỳ Ngưu	变异珍奇牛	2241	95	1	0	1459
22416	Biến dị Trân Kỳ Ngưu	变异珍奇牛	2241	95	1	0	1459
22417	Biến dị Trân Kỳ Ngưu	变异珍奇牛	2241	95	1	0	1459
22418	Biến dị Trân Kỳ Ngưu	变异珍奇牛	2241	95	1	0	1459
22419	Trân Kỳ Ngưu (bảo bảo)	珍奇牛宝宝	2241	95	0	1	1459
22420	Kỳ Lân	成年麒麟	2242	5	0	0	846
22421	Biến dị Kỳ Lân	变异麒麟	2242	5	1	0	846
22422	Biến dị Kỳ Lân	变异麒麟	2242	5	1	0	846
22429	Kỳ Lân (bảo bảo)	麒麟宝宝	2242	5	0	1	846
22430	Kỳ Lân	成年麒麟	2243	45	0	0	948
22431	Biến dị Kỳ Lân	变异麒麟	2243	45	1	0	948
22432	Biến dị Kỳ Lân	变异麒麟	2243	45	1	0	948
22433	Biến dị Kỳ Lân	变异麒麟	2243	45	1	0	948
22439	Kỳ Lân (bảo bảo)	麒麟宝宝	2243	45	0	1	948
22440	Kỳ Lân	成年麒麟	2244	55	0	0	1051
22441	Biến dị Kỳ Lân	变异麒麟	2244	55	1	0	1051
22442	Biến dị Kỳ Lân	变异麒麟	2244	55	1	0	1051
22443	Biến dị Kỳ Lân	变异麒麟	2244	55	1	0	1051
22444	Biến dị Kỳ Lân	变异麒麟	2244	55	1	0	1051
22449	Kỳ Lân (bảo bảo)	麒麟宝宝	2244	55	0	1	1051
22450	Kỳ Lân	成年麒麟	2245	65	0	0	1153
22451	Biến dị Kỳ Lân	变异麒麟	2245	65	1	0	1153
22452	Biến dị Kỳ Lân	变异麒麟	2245	65	1	0	1153
22453	Biến dị Kỳ Lân	变异麒麟	2245	65	1	0	1153
22454	Biến dị Kỳ Lân	变异麒麟	2245	65	1	0	1153
22455	Biến dị Kỳ Lân	变异麒麟	2245	65	1	0	1153
22459	Kỳ Lân (bảo bảo)	麒麟宝宝	2245	65	0	1	1153
22460	Kỳ Lân	成年麒麟	2246	75	0	0	1255
22461	Biến dị Kỳ Lân	变异麒麟	2246	75	1	0	1255
22462	Biến dị Kỳ Lân	变异麒麟	2246	75	1	0	1255
22463	Biến dị Kỳ Lân	变异麒麟	2246	75	1	0	1255
22464	Biến dị Kỳ Lân	变异麒麟	2246	75	1	0	1255
22465	Biến dị Kỳ Lân	变异麒麟	2246	75	1	0	1255
22466	Biến dị Kỳ Lân	变异麒麟	2246	75	1	0	1255
22469	Kỳ Lân (bảo bảo)	麒麟宝宝	2246	75	0	1	1255
22470	Kỳ Lân	成年麒麟	2247	85	0	0	1357
22471	Biến dị Kỳ Lân	变异麒麟	2247	85	1	0	1357
22472	Biến dị Kỳ Lân	变异麒麟	2247	85	1	0	1357
22473	Biến dị Kỳ Lân	变异麒麟	2247	85	1	0	1357
22474	Biến dị Kỳ Lân	变异麒麟	2247	85	1	0	1357
22475	Biến dị Kỳ Lân	变异麒麟	2247	85	1	0	1357
22476	Biến dị Kỳ Lân	变异麒麟	2247	85	1	0	1357
22477	Biến dị Kỳ Lân	变异麒麟	2247	85	1	0	1357
22479	Kỳ Lân (bảo bảo)	麒麟宝宝	2247	85	0	1	1357
22480	Kỳ Lân	成年麒麟	2248	95	0	0	1459
22481	Biến dị Kỳ Lân	变异麒麟	2248	95	1	0	1459
22482	Biến dị Kỳ Lân	变异麒麟	2248	95	1	0	1459
22483	Biến dị Kỳ Lân	变异麒麟	2248	95	1	0	1459
22484	Biến dị Kỳ Lân	变异麒麟	2248	95	1	0	1459
22485	Biến dị Kỳ Lân	变异麒麟	2248	95	1	0	1459
22486	Biến dị Kỳ Lân	变异麒麟	2248	95	1	0	1459
22487	Biến dị Kỳ Lân	变异麒麟	2248	95	1	0	1459
22488	Biến dị Kỳ Lân	变异麒麟	2248	95	1	0	1459
22489	Kỳ Lân (bảo bảo)	麒麟宝宝	2248	95	0	1	1459
22490	g o Tử	成年go仔	2249	5	0	0	846
22491	Biến dị g o Tử	变异go仔	2249	5	1	0	846
22492	Biến dị g o Tử	变异go仔	2249	5	1	0	846
22499	g o Tử (bảo bảo)	go仔宝宝	2249	5	0	1	846
22500	g o Tử	成年go仔	2250	45	0	0	948
22501	Biến dị g o Tử	变异go仔	2250	45	1	0	948
22502	Biến dị g o Tử	变异go仔	2250	45	1	0	948
22503	Biến dị g o Tử	变异go仔	2250	45	1	0	948
22509	g o Tử (bảo bảo)	go仔宝宝	2250	45	0	1	948
22510	g o Tử	成年go仔	2251	55	0	0	1051
22511	Biến dị g o Tử	变异go仔	2251	55	1	0	1051
22512	Biến dị g o Tử	变异go仔	2251	55	1	0	1051
22513	Biến dị g o Tử	变异go仔	2251	55	1	0	1051
22514	Biến dị g o Tử	变异go仔	2251	55	1	0	1051
22519	g o Tử (bảo bảo)	go仔宝宝	2251	55	0	1	1051
22520	g o Tử	成年go仔	2252	65	0	0	1153
22521	Biến dị g o Tử	变异go仔	2252	65	1	0	1153
22522	Biến dị g o Tử	变异go仔	2252	65	1	0	1153
22523	Biến dị g o Tử	变异go仔	2252	65	1	0	1153
22524	Biến dị g o Tử	变异go仔	2252	65	1	0	1153
22525	Biến dị g o Tử	变异go仔	2252	65	1	0	1153
22529	g o Tử (bảo bảo)	go仔宝宝	2252	65	0	1	1153
22530	g o Tử	成年go仔	2253	75	0	0	1255
22531	Biến dị g o Tử	变异go仔	2253	75	1	0	1255
22532	Biến dị g o Tử	变异go仔	2253	75	1	0	1255
22533	Biến dị g o Tử	变异go仔	2253	75	1	0	1255
22534	Biến dị g o Tử	变异go仔	2253	75	1	0	1255
22535	Biến dị g o Tử	变异go仔	2253	75	1	0	1255
22536	Biến dị g o Tử	变异go仔	2253	75	1	0	1255
22539	g o Tử (bảo bảo)	go仔宝宝	2253	75	0	1	1255
22540	g o Tử	成年go仔	2254	85	0	0	1357
22541	Biến dị g o Tử	变异go仔	2254	85	1	0	1357
22542	Biến dị g o Tử	变异go仔	2254	85	1	0	1357
22543	Biến dị g o Tử	变异go仔	2254	85	1	0	1357
22544	Biến dị g o Tử	变异go仔	2254	85	1	0	1357
22545	Biến dị g o Tử	变异go仔	2254	85	1	0	1357
22546	Biến dị g o Tử	变异go仔	2254	85	1	0	1357
22547	Biến dị g o Tử	变异go仔	2254	85	1	0	1357
22549	g o Tử (bảo bảo)	go仔宝宝	2254	85	0	1	1357
22550	g o Tử	成年go仔	2255	95	0	0	1459
22551	Biến dị g o Tử	变异go仔	2255	95	1	0	1459
22552	Biến dị g o Tử	变异go仔	2255	95	1	0	1459
22553	Biến dị g o Tử	变异go仔	2255	95	1	0	1459
22554	Biến dị g o Tử	变异go仔	2255	95	1	0	1459
22555	Biến dị g o Tử	变异go仔	2255	95	1	0	1459
22556	Biến dị g o Tử	变异go仔	2255	95	1	0	1459
22557	Biến dị g o Tử	变异go仔	2255	95	1	0	1459
22558	Biến dị g o Tử	变异go仔	2255	95	1	0	1459
22559	g o Tử (bảo bảo)	go仔宝宝	2255	95	0	1	1459
22560	Thần Viên	成年神猿	2256	85	0	0	1357
22561	Biến dị Thần Viên	变异神猿	2256	85	1	0	1357
22562	Biến dị Thần Viên	变异神猿	2256	85	1	0	1357
22563	Biến dị Thần Viên	变异神猿	2256	85	1	0	1357
22564	Biến dị Thần Viên	变异神猿	2256	85	1	0	1357
22565	Biến dị Thần Viên	变异神猿	2256	85	1	0	1357
22566	Biến dị Thần Viên	变异神猿	2256	85	1	0	1357
22567	Biến dị Thần Viên	变异神猿	2256	85	1	0	1357
22569	Thần Viên (bảo bảo)	神猿宝宝	2256	85	0	1	1357
22570	Thần Viên	成年神猿	2257	95	0	0	1459
22571	Biến dị Thần Viên	变异神猿	2257	95	1	0	1459
22572	Biến dị Thần Viên	变异神猿	2257	95	1	0	1459
22573	Biến dị Thần Viên	变异神猿	2257	95	1	0	1459
22574	Biến dị Thần Viên	变异神猿	2257	95	1	0	1459
22575	Biến dị Thần Viên	变异神猿	2257	95	1	0	1459
22576	Biến dị Thần Viên	变异神猿	2257	95	1	0	1459
22577	Biến dị Thần Viên	变异神猿	2257	95	1	0	1459
22578	Biến dị Thần Viên	变异神猿	2257	95	1	0	1459
22579	Thần Viên (bảo bảo)	神猿宝宝	2257	95	0	1	1459
22580	Nham Hồn	成年岩魂	2258	5	0	0	846
22581	Biến dị Nham Hồn	变异岩魂	2258	5	1	0	846
22582	Biến dị Nham Hồn	变异岩魂	2258	5	1	0	846
22589	Nham Hồn (bảo bảo)	岩魂宝宝	2258	5	0	1	846
22590	Nham Hồn	成年岩魂	2259	45	0	0	948
22591	Biến dị Nham Hồn	变异岩魂	2259	45	1	0	948
22592	Biến dị Nham Hồn	变异岩魂	2259	45	1	0	948
22593	Biến dị Nham Hồn	变异岩魂	2259	45	1	0	948
22599	Nham Hồn (bảo bảo)	岩魂宝宝	2259	45	0	1	948
22600	Nham Hồn	成年岩魂	2260	55	0	0	1051
22601	Biến dị Nham Hồn	变异岩魂	2260	55	1	0	1051
22602	Biến dị Nham Hồn	变异岩魂	2260	55	1	0	1051
22603	Biến dị Nham Hồn	变异岩魂	2260	55	1	0	1051
22604	Biến dị Nham Hồn	变异岩魂	2260	55	1	0	1051
22609	Nham Hồn (bảo bảo)	岩魂宝宝	2260	55	0	1	1051
22610	Nham Hồn	成年岩魂	2261	65	0	0	1153
22611	Biến dị Nham Hồn	变异岩魂	2261	65	1	0	1153
22612	Biến dị Nham Hồn	变异岩魂	2261	65	1	0	1153
22613	Biến dị Nham Hồn	变异岩魂	2261	65	1	0	1153
22614	Biến dị Nham Hồn	变异岩魂	2261	65	1	0	1153
22615	Biến dị Nham Hồn	变异岩魂	2261	65	1	0	1153
22619	Nham Hồn (bảo bảo)	岩魂宝宝	2261	65	0	1	1153
22620	Nham Hồn	成年岩魂	2262	75	0	0	1255
22621	Biến dị Nham Hồn	变异岩魂	2262	75	1	0	1255
22622	Biến dị Nham Hồn	变异岩魂	2262	75	1	0	1255
22623	Biến dị Nham Hồn	变异岩魂	2262	75	1	0	1255
22624	Biến dị Nham Hồn	变异岩魂	2262	75	1	0	1255
22625	Biến dị Nham Hồn	变异岩魂	2262	75	1	0	1255
22626	Biến dị Nham Hồn	变异岩魂	2262	75	1	0	1255
22629	Nham Hồn (bảo bảo)	岩魂宝宝	2262	75	0	1	1255
22630	Nham Hồn	成年岩魂	2263	85	0	0	1357
22631	Biến dị Nham Hồn	变异岩魂	2263	85	1	0	1357
22632	Biến dị Nham Hồn	变异岩魂	2263	85	1	0	1357
22633	Biến dị Nham Hồn	变异岩魂	2263	85	1	0	1357
22634	Biến dị Nham Hồn	变异岩魂	2263	85	1	0	1357
22635	Biến dị Nham Hồn	变异岩魂	2263	85	1	0	1357
22636	Biến dị Nham Hồn	变异岩魂	2263	85	1	0	1357
22637	Biến dị Nham Hồn	变异岩魂	2263	85	1	0	1357
22639	Nham Hồn (bảo bảo)	岩魂宝宝	2263	85	0	1	1357
22640	Nham Hồn	成年岩魂	2264	95	0	0	1459
22641	Biến dị Nham Hồn	变异岩魂	2264	95	1	0	1459
22642	Biến dị Nham Hồn	变异岩魂	2264	95	1	0	1459
22643	Biến dị Nham Hồn	变异岩魂	2264	95	1	0	1459
22644	Biến dị Nham Hồn	变异岩魂	2264	95	1	0	1459
22645	Biến dị Nham Hồn	变异岩魂	2264	95	1	0	1459
22646	Biến dị Nham Hồn	变异岩魂	2264	95	1	0	1459
22647	Biến dị Nham Hồn	变异岩魂	2264	95	1	0	1459
22648	Biến dị Nham Hồn	变异岩魂	2264	95	1	0	1459
22649	Nham Hồn (bảo bảo)	岩魂宝宝	2264	95	0	1	1459
22650	Thất Tịch Uyên Ương	成年七夕鸳鸯	2265	5	0	0	846
22651	Biến dị Thất Tịch Uyên Ương	变异七夕鸳鸯	2265	5	1	0	846
22652	Biến dị Thất Tịch Uyên Ương	变异七夕鸳鸯	2265	5	1	0	846
22659	Thất Tịch Uyên Ương (bảo bảo)	七夕鸳鸯宝宝	2265	5	0	1	846
22660	Thất Tịch Uyên Ương	成年七夕鸳鸯	2266	45	0	0	948
22661	Biến dị Thất Tịch Uyên Ương	变异七夕鸳鸯	2266	45	1	0	948
22662	Biến dị Thất Tịch Uyên Ương	变异七夕鸳鸯	2266	45	1	0	948
22663	Biến dị Thất Tịch Uyên Ương	变异七夕鸳鸯	2266	45	1	0	948
22669	Thất Tịch Uyên Ương (bảo bảo)	七夕鸳鸯宝宝	2266	45	0	1	948
22670	Thất Tịch Uyên Ương	成年七夕鸳鸯	2267	55	0	0	1051
22671	Biến dị Thất Tịch Uyên Ương	变异七夕鸳鸯	2267	55	1	0	1051
22672	Biến dị Thất Tịch Uyên Ương	变异七夕鸳鸯	2267	55	1	0	1051
22673	Biến dị Thất Tịch Uyên Ương	变异七夕鸳鸯	2267	55	1	0	1051
22674	Biến dị Thất Tịch Uyên Ương	变异七夕鸳鸯	2267	55	1	0	1051
22679	Thất Tịch Uyên Ương (bảo bảo)	七夕鸳鸯宝宝	2267	55	0	1	1051
22680	Thất Tịch Uyên Ương	成年七夕鸳鸯	2268	65	0	0	1153
22681	Biến dị Thất Tịch Uyên Ương	变异七夕鸳鸯	2268	65	1	0	1153
22682	Biến dị Thất Tịch Uyên Ương	变异七夕鸳鸯	2268	65	1	0	1153
22683	Biến dị Thất Tịch Uyên Ương	变异七夕鸳鸯	2268	65	1	0	1153
22684	Biến dị Thất Tịch Uyên Ương	变异七夕鸳鸯	2268	65	1	0	1153
22685	Biến dị Thất Tịch Uyên Ương	变异七夕鸳鸯	2268	65	1	0	1153
22689	Thất Tịch Uyên Ương (bảo bảo)	七夕鸳鸯宝宝	2268	65	0	1	1153
22690	Thất Tịch Uyên Ương	成年七夕鸳鸯	2269	75	0	0	1255
22691	Biến dị Thất Tịch Uyên Ương	变异七夕鸳鸯	2269	75	1	0	1255
22692	Biến dị Thất Tịch Uyên Ương	变异七夕鸳鸯	2269	75	1	0	1255
22693	Biến dị Thất Tịch Uyên Ương	变异七夕鸳鸯	2269	75	1	0	1255
22694	Biến dị Thất Tịch Uyên Ương	变异七夕鸳鸯	2269	75	1	0	1255
22695	Biến dị Thất Tịch Uyên Ương	变异七夕鸳鸯	2269	75	1	0	1255
22696	Biến dị Thất Tịch Uyên Ương	变异七夕鸳鸯	2269	75	1	0	1255
22699	Thất Tịch Uyên Ương (bảo bảo)	七夕鸳鸯宝宝	2269	75	0	1	1255
22700	Thất Tịch Uyên Ương	成年七夕鸳鸯	2270	85	0	0	1357
22701	Biến dị Thất Tịch Uyên Ương	变异七夕鸳鸯	2270	85	1	0	1357
22702	Biến dị Thất Tịch Uyên Ương	变异七夕鸳鸯	2270	85	1	0	1357
22703	Biến dị Thất Tịch Uyên Ương	变异七夕鸳鸯	2270	85	1	0	1357
22704	Biến dị Thất Tịch Uyên Ương	变异七夕鸳鸯	2270	85	1	0	1357
22705	Biến dị Thất Tịch Uyên Ương	变异七夕鸳鸯	2270	85	1	0	1357
22706	Biến dị Thất Tịch Uyên Ương	变异七夕鸳鸯	2270	85	1	0	1357
22707	Biến dị Thất Tịch Uyên Ương	变异七夕鸳鸯	2270	85	1	0	1357
22709	Thất Tịch Uyên Ương (bảo bảo)	七夕鸳鸯宝宝	2270	85	0	1	1357
22710	Thất Tịch Uyên Ương	成年七夕鸳鸯	2271	95	0	0	1459
22711	Biến dị Thất Tịch Uyên Ương	变异七夕鸳鸯	2271	95	1	0	1459
22712	Biến dị Thất Tịch Uyên Ương	变异七夕鸳鸯	2271	95	1	0	1459
22713	Biến dị Thất Tịch Uyên Ương	变异七夕鸳鸯	2271	95	1	0	1459
22714	Biến dị Thất Tịch Uyên Ương	变异七夕鸳鸯	2271	95	1	0	1459
22715	Biến dị Thất Tịch Uyên Ương	变异七夕鸳鸯	2271	95	1	0	1459
22716	Biến dị Thất Tịch Uyên Ương	变异七夕鸳鸯	2271	95	1	0	1459
22717	Biến dị Thất Tịch Uyên Ương	变异七夕鸳鸯	2271	95	1	0	1459
22718	Biến dị Thất Tịch Uyên Ương	变异七夕鸳鸯	2271	95	1	0	1459
22719	Thất Tịch Uyên Ương (bảo bảo)	七夕鸳鸯宝宝	2271	95	0	1	1459
22720	Phế Sài	成年废柴	2272	5	0	0	846
22721	Biến dị Phế Sài	变异废柴	2272	5	1	0	846
22722	Biến dị Phế Sài	变异废柴	2272	5	1	0	846
22729	Phế Sài (bảo bảo)	废柴宝宝	2272	5	0	1	846
22730	Phế Sài	成年废柴	2273	45	0	0	948
22731	Biến dị Phế Sài	变异废柴	2273	45	1	0	948
22732	Biến dị Phế Sài	变异废柴	2273	45	1	0	948
22733	Biến dị Phế Sài	变异废柴	2273	45	1	0	948
22739	Phế Sài (bảo bảo)	废柴宝宝	2273	45	0	1	948
22740	Phế Sài	成年废柴	2274	55	0	0	1051
22741	Biến dị Phế Sài	变异废柴	2274	55	1	0	1051
22742	Biến dị Phế Sài	变异废柴	2274	55	1	0	1051
22743	Biến dị Phế Sài	变异废柴	2274	55	1	0	1051
22744	Biến dị Phế Sài	变异废柴	2274	55	1	0	1051
22749	Phế Sài (bảo bảo)	废柴宝宝	2274	55	0	1	1051
22750	Phế Sài	成年废柴	2275	65	0	0	1153
22751	Biến dị Phế Sài	变异废柴	2275	65	1	0	1153
22752	Biến dị Phế Sài	变异废柴	2275	65	1	0	1153
22753	Biến dị Phế Sài	变异废柴	2275	65	1	0	1153
22754	Biến dị Phế Sài	变异废柴	2275	65	1	0	1153
22755	Biến dị Phế Sài	变异废柴	2275	65	1	0	1153
22759	Phế Sài (bảo bảo)	废柴宝宝	2275	65	0	1	1153
22760	Phế Sài	成年废柴	2276	75	0	0	1255
22761	Biến dị Phế Sài	变异废柴	2276	75	1	0	1255
22762	Biến dị Phế Sài	变异废柴	2276	75	1	0	1255
22763	Biến dị Phế Sài	变异废柴	2276	75	1	0	1255
22764	Biến dị Phế Sài	变异废柴	2276	75	1	0	1255
22765	Biến dị Phế Sài	变异废柴	2276	75	1	0	1255
22766	Biến dị Phế Sài	变异废柴	2276	75	1	0	1255
22769	Phế Sài (bảo bảo)	废柴宝宝	2276	75	0	1	1255
22770	Phế Sài	成年废柴	2277	85	0	0	1357
22771	Biến dị Phế Sài	变异废柴	2277	85	1	0	1357
22772	Biến dị Phế Sài	变异废柴	2277	85	1	0	1357
22773	Biến dị Phế Sài	变异废柴	2277	85	1	0	1357
22774	Biến dị Phế Sài	变异废柴	2277	85	1	0	1357
22775	Biến dị Phế Sài	变异废柴	2277	85	1	0	1357
22776	Biến dị Phế Sài	变异废柴	2277	85	1	0	1357
22777	Biến dị Phế Sài	变异废柴	2277	85	1	0	1357
22779	Phế Sài (bảo bảo)	废柴宝宝	2277	85	0	1	1357
22780	Phế Sài	成年废柴	2278	95	0	0	1459
22781	Biến dị Phế Sài	变异废柴	2278	95	1	0	1459
22782	Biến dị Phế Sài	变异废柴	2278	95	1	0	1459
22783	Biến dị Phế Sài	变异废柴	2278	95	1	0	1459
22784	Biến dị Phế Sài	变异废柴	2278	95	1	0	1459
22785	Biến dị Phế Sài	变异废柴	2278	95	1	0	1459
22786	Biến dị Phế Sài	变异废柴	2278	95	1	0	1459
22787	Biến dị Phế Sài	变异废柴	2278	95	1	0	1459
22788	Biến dị Phế Sài	变异废柴	2278	95	1	0	1459
22789	Phế Sài (bảo bảo)	废柴宝宝	2278	95	0	1	1459
22790	Linh Thỏ Thú	成年灵兔兽	2279	5	0	0	846
22791	Biến dị Linh Thỏ Thú	变异灵兔兽	2279	5	1	0	846
22792	Biến dị Linh Thỏ Thú	变异灵兔兽	2279	5	1	0	846
22799	Linh Thỏ Thú (bảo bảo)	灵兔兽宝宝	2279	5	0	1	846
22800	Linh Thỏ Thú	成年灵兔兽	2280	45	0	0	948
22801	Biến dị Linh Thỏ Thú	变异灵兔兽	2280	45	1	0	948
22802	Biến dị Linh Thỏ Thú	变异灵兔兽	2280	45	1	0	948
22803	Biến dị Linh Thỏ Thú	变异灵兔兽	2280	45	1	0	948
22809	Linh Thỏ Thú (bảo bảo)	灵兔兽宝宝	2280	45	0	1	948
22810	Linh Thỏ Thú	成年灵兔兽	2281	55	0	0	1051
22811	Biến dị Linh Thỏ Thú	变异灵兔兽	2281	55	1	0	1051
22812	Biến dị Linh Thỏ Thú	变异灵兔兽	2281	55	1	0	1051
22813	Biến dị Linh Thỏ Thú	变异灵兔兽	2281	55	1	0	1051
22814	Biến dị Linh Thỏ Thú	变异灵兔兽	2281	55	1	0	1051
22819	Linh Thỏ Thú (bảo bảo)	灵兔兽宝宝	2281	55	0	1	1051
22820	Linh Thỏ Thú	成年灵兔兽	2282	65	0	0	1153
22821	Biến dị Linh Thỏ Thú	变异灵兔兽	2282	65	1	0	1153
22822	Biến dị Linh Thỏ Thú	变异灵兔兽	2282	65	1	0	1153
22823	Biến dị Linh Thỏ Thú	变异灵兔兽	2282	65	1	0	1153
22824	Biến dị Linh Thỏ Thú	变异灵兔兽	2282	65	1	0	1153
22825	Biến dị Linh Thỏ Thú	变异灵兔兽	2282	65	1	0	1153
22829	Linh Thỏ Thú (bảo bảo)	灵兔兽宝宝	2282	65	0	1	1153
22830	Linh Thỏ Thú	成年灵兔兽	2283	75	0	0	1255
22831	Biến dị Linh Thỏ Thú	变异灵兔兽	2283	75	1	0	1255
22832	Biến dị Linh Thỏ Thú	变异灵兔兽	2283	75	1	0	1255
22833	Biến dị Linh Thỏ Thú	变异灵兔兽	2283	75	1	0	1255
22834	Biến dị Linh Thỏ Thú	变异灵兔兽	2283	75	1	0	1255
22835	Biến dị Linh Thỏ Thú	变异灵兔兽	2283	75	1	0	1255
22836	Biến dị Linh Thỏ Thú	变异灵兔兽	2283	75	1	0	1255
22839	Linh Thỏ Thú (bảo bảo)	灵兔兽宝宝	2283	75	0	1	1255
22840	Linh Thỏ Thú	成年灵兔兽	2284	85	0	0	1357
22841	Biến dị Linh Thỏ Thú	变异灵兔兽	2284	85	1	0	1357
22842	Biến dị Linh Thỏ Thú	变异灵兔兽	2284	85	1	0	1357
22843	Biến dị Linh Thỏ Thú	变异灵兔兽	2284	85	1	0	1357
22844	Biến dị Linh Thỏ Thú	变异灵兔兽	2284	85	1	0	1357
22845	Biến dị Linh Thỏ Thú	变异灵兔兽	2284	85	1	0	1357
22846	Biến dị Linh Thỏ Thú	变异灵兔兽	2284	85	1	0	1357
22847	Biến dị Linh Thỏ Thú	变异灵兔兽	2284	85	1	0	1357
22849	Linh Thỏ Thú (bảo bảo)	灵兔兽宝宝	2284	85	0	1	1357
22850	Linh Thỏ Thú	成年灵兔兽	2285	95	0	0	1459
22851	Biến dị Linh Thỏ Thú	变异灵兔兽	2285	95	1	0	1459
22852	Biến dị Linh Thỏ Thú	变异灵兔兽	2285	95	1	0	1459
22853	Biến dị Linh Thỏ Thú	变异灵兔兽	2285	95	1	0	1459
22854	Biến dị Linh Thỏ Thú	变异灵兔兽	2285	95	1	0	1459
22855	Biến dị Linh Thỏ Thú	变异灵兔兽	2285	95	1	0	1459
22856	Biến dị Linh Thỏ Thú	变异灵兔兽	2285	95	1	0	1459
22857	Biến dị Linh Thỏ Thú	变异灵兔兽	2285	95	1	0	1459
22858	Biến dị Linh Thỏ Thú	变异灵兔兽	2285	95	1	0	1459
22859	Linh Thỏ Thú (bảo bảo)	灵兔兽宝宝	2285	95	0	1	1459
22860	Chí Tôn Thần Thú	成年至尊神兽	2286	5	0	0	846
22861	Biến dị Chí Tôn Thần Thú	变异至尊神兽	2286	5	1	0	846
22862	Biến dị Chí Tôn Thần Thú	变异至尊神兽	2286	5	1	0	846
22869	Chí Tôn Thần Thú (bảo bảo)	至尊神兽宝宝	2286	5	0	1	846
22870	Chí Tôn Thần Thú	成年至尊神兽	2287	45	0	0	948
22871	Biến dị Chí Tôn Thần Thú	变异至尊神兽	2287	45	1	0	948
22872	Biến dị Chí Tôn Thần Thú	变异至尊神兽	2287	45	1	0	948
22873	Biến dị Chí Tôn Thần Thú	变异至尊神兽	2287	45	1	0	948
22879	Chí Tôn Thần Thú (bảo bảo)	至尊神兽宝宝	2287	45	0	1	948
22880	Chí Tôn Thần Thú	成年至尊神兽	2288	55	0	0	1051
22881	Biến dị Chí Tôn Thần Thú	变异至尊神兽	2288	55	1	0	1051
22882	Biến dị Chí Tôn Thần Thú	变异至尊神兽	2288	55	1	0	1051
22883	Biến dị Chí Tôn Thần Thú	变异至尊神兽	2288	55	1	0	1051
22884	Biến dị Chí Tôn Thần Thú	变异至尊神兽	2288	55	1	0	1051
22889	Chí Tôn Thần Thú (bảo bảo)	至尊神兽宝宝	2288	55	0	1	1051
22890	Chí Tôn Thần Thú	成年至尊神兽	2289	65	0	0	1153
22891	Biến dị Chí Tôn Thần Thú	变异至尊神兽	2289	65	1	0	1153
22892	Biến dị Chí Tôn Thần Thú	变异至尊神兽	2289	65	1	0	1153
22893	Biến dị Chí Tôn Thần Thú	变异至尊神兽	2289	65	1	0	1153
22894	Biến dị Chí Tôn Thần Thú	变异至尊神兽	2289	65	1	0	1153
22895	Biến dị Chí Tôn Thần Thú	变异至尊神兽	2289	65	1	0	1153
22899	Chí Tôn Thần Thú (bảo bảo)	至尊神兽宝宝	2289	65	0	1	1153
22900	Chí Tôn Thần Thú	成年至尊神兽	2290	75	0	0	1255
22901	Biến dị Chí Tôn Thần Thú	变异至尊神兽	2290	75	1	0	1255
22902	Biến dị Chí Tôn Thần Thú	变异至尊神兽	2290	75	1	0	1255
22903	Biến dị Chí Tôn Thần Thú	变异至尊神兽	2290	75	1	0	1255
22904	Biến dị Chí Tôn Thần Thú	变异至尊神兽	2290	75	1	0	1255
22905	Biến dị Chí Tôn Thần Thú	变异至尊神兽	2290	75	1	0	1255
22906	Biến dị Chí Tôn Thần Thú	变异至尊神兽	2290	75	1	0	1255
22909	Chí Tôn Thần Thú (bảo bảo)	至尊神兽宝宝	2290	75	0	1	1255
22910	Chí Tôn Thần Thú	成年至尊神兽	2291	85	0	0	1357
22911	Biến dị Chí Tôn Thần Thú	变异至尊神兽	2291	85	1	0	1357
22912	Biến dị Chí Tôn Thần Thú	变异至尊神兽	2291	85	1	0	1357
22913	Biến dị Chí Tôn Thần Thú	变异至尊神兽	2291	85	1	0	1357
22914	Biến dị Chí Tôn Thần Thú	变异至尊神兽	2291	85	1	0	1357
22915	Biến dị Chí Tôn Thần Thú	变异至尊神兽	2291	85	1	0	1357
22916	Biến dị Chí Tôn Thần Thú	变异至尊神兽	2291	85	1	0	1357
22917	Biến dị Chí Tôn Thần Thú	变异至尊神兽	2291	85	1	0	1357
22919	Chí Tôn Thần Thú (bảo bảo)	至尊神兽宝宝	2291	85	0	1	1357
22920	Chí Tôn Thần Thú	成年至尊神兽	2292	95	0	0	1459
22921	Biến dị Chí Tôn Thần Thú	变异至尊神兽	2292	95	1	0	1459
22922	Biến dị Chí Tôn Thần Thú	变异至尊神兽	2292	95	1	0	1459
22923	Biến dị Chí Tôn Thần Thú	变异至尊神兽	2292	95	1	0	1459
22924	Biến dị Chí Tôn Thần Thú	变异至尊神兽	2292	95	1	0	1459
22925	Biến dị Chí Tôn Thần Thú	变异至尊神兽	2292	95	1	0	1459
22926	Biến dị Chí Tôn Thần Thú	变异至尊神兽	2292	95	1	0	1459
22927	Biến dị Chí Tôn Thần Thú	变异至尊神兽	2292	95	1	0	1459
22928	Biến dị Chí Tôn Thần Thú	变异至尊神兽	2292	95	1	0	1459
22929	Chí Tôn Thần Thú (bảo bảo)	至尊神兽宝宝	2292	95	0	1	1459
22930	Ca Ca Sư	成年卡卡狮	2293	5	0	0	846
22931	Biến dị Ca Ca Sư	变异卡卡狮	2293	5	1	0	846
22932	Biến dị Ca Ca Sư	变异卡卡狮	2293	5	1	0	846
22939	Ca Ca Sư (bảo bảo)	卡卡狮宝宝	2293	5	0	1	846
22940	Hương Điềm Hoả Kê	成年香甜火鸡	2294	5	0	0	846
22941	Biến dị Hương Điềm Hoả Kê	变异香甜火鸡	2294	5	1	0	846
22942	Biến dị Hương Điềm Hoả Kê	变异香甜火鸡	2294	5	1	0	846
22949	Hương Điềm Hoả Kê (bảo bảo)	香甜火鸡宝宝	2294	5	0	1	846
22950	Thố Tiêu Hoả Kê	成年醋椒火鸡	2295	45	0	0	948
22951	Biến dị Thố Tiêu Hoả Kê	变异醋椒火鸡	2295	45	1	0	948
22952	Biến dị Thố Tiêu Hoả Kê	变异醋椒火鸡	2295	45	1	0	948
22953	Biến dị Thố Tiêu Hoả Kê	变异醋椒火鸡	2295	45	1	0	948
22959	Thố Tiêu Hoả Kê (bảo bảo)	醋椒火鸡宝宝	2295	45	0	1	948
22960	Phiên Gia Hoả Kê	成年番茄火鸡	2296	55	0	0	1051
22961	Biến dị Phiên Gia Hoả Kê	变异番茄火鸡	2296	55	1	0	1051
22962	Biến dị Phiên Gia Hoả Kê	变异番茄火鸡	2296	55	1	0	1051
22963	Biến dị Phiên Gia Hoả Kê	变异番茄火鸡	2296	55	1	0	1051
22964	Biến dị Phiên Gia Hoả Kê	变异番茄火鸡	2296	55	1	0	1051
22969	Phiên Gia Hoả Kê (bảo bảo)	番茄火鸡宝宝	2296	55	0	1	1051
22970	Lam Môi Hoả Kê	成年蓝莓火鸡	2297	65	0	0	1153
22971	Biến dị Lam Môi Hoả Kê	变异蓝莓火鸡	2297	65	1	0	1153
22972	Biến dị Lam Môi Hoả Kê	变异蓝莓火鸡	2297	65	1	0	1153
22973	Biến dị Lam Môi Hoả Kê	变异蓝莓火鸡	2297	65	1	0	1153
22974	Biến dị Lam Môi Hoả Kê	变异蓝莓火鸡	2297	65	1	0	1153
22975	Biến dị Lam Môi Hoả Kê	变异蓝莓火鸡	2297	65	1	0	1153
22979	Lam Môi Hoả Kê (bảo bảo)	蓝莓火鸡宝宝	2297	65	0	1	1153
22980	Toán Nê Hoả Kê	成年蒜泥火鸡	2298	75	0	0	1255
22981	Biến dị Toán Nê Hoả Kê	变异蒜泥火鸡	2298	75	1	0	1255
22982	Biến dị Toán Nê Hoả Kê	变异蒜泥火鸡	2298	75	1	0	1255
22983	Biến dị Toán Nê Hoả Kê	变异蒜泥火鸡	2298	75	1	0	1255
22984	Biến dị Toán Nê Hoả Kê	变异蒜泥火鸡	2298	75	1	0	1255
22985	Biến dị Toán Nê Hoả Kê	变异蒜泥火鸡	2298	75	1	0	1255
22986	Biến dị Toán Nê Hoả Kê	变异蒜泥火鸡	2298	75	1	0	1255
22989	Toán Nê Hoả Kê (bảo bảo)	蒜泥火鸡宝宝	2298	75	0	1	1255
22990	Ca Ly Hoả Kê	成年咖喱火鸡	2299	85	0	0	1357
22991	Biến dị Ca Ly Hoả Kê	变异咖喱火鸡	2299	85	1	0	1357
22992	Biến dị Ca Ly Hoả Kê	变异咖喱火鸡	2299	85	1	0	1357
22993	Biến dị Ca Ly Hoả Kê	变异咖喱火鸡	2299	85	1	0	1357
22994	Biến dị Ca Ly Hoả Kê	变异咖喱火鸡	2299	85	1	0	1357
22995	Biến dị Ca Ly Hoả Kê	变异咖喱火鸡	2299	85	1	0	1357
22996	Biến dị Ca Ly Hoả Kê	变异咖喱火鸡	2299	85	1	0	1357
22997	Biến dị Ca Ly Hoả Kê	变异咖喱火鸡	2299	85	1	0	1357
22999	Ca Ly Hoả Kê (bảo bảo)	咖喱火鸡宝宝	2299	85	0	1	1357
23000	Nãi Dầu Hoả Kê	成年奶油火鸡	2300	95	0	0	1459
23001	Biến dị Nãi Dầu Hoả Kê	变异奶油火鸡	2300	95	1	0	1459
23002	Biến dị Nãi Dầu Hoả Kê	变异奶油火鸡	2300	95	1	0	1459
23003	Biến dị Nãi Dầu Hoả Kê	变异奶油火鸡	2300	95	1	0	1459
23004	Biến dị Nãi Dầu Hoả Kê	变异奶油火鸡	2300	95	1	0	1459
23005	Biến dị Nãi Dầu Hoả Kê	变异奶油火鸡	2300	95	1	0	1459
23006	Biến dị Nãi Dầu Hoả Kê	变异奶油火鸡	2300	95	1	0	1459
23007	Biến dị Nãi Dầu Hoả Kê	变异奶油火鸡	2300	95	1	0	1459
23008	Biến dị Nãi Dầu Hoả Kê	变异奶油火鸡	2300	95	1	0	1459
23009	Nãi Dầu Hoả Kê (bảo bảo)	奶油火鸡宝宝	2300	95	0	1	1459
23010	Sửu Tiểu Áp	成年丑小鸭	2301	5	0	0	540
23011	Biến dị Sửu Tiểu Áp	变异丑小鸭	2301	5	1	0	540
23012	Biến dị Sửu Tiểu Áp	变异丑小鸭	2301	5	1	0	540
23013	Biến dị Sửu Tiểu Áp	变异丑小鸭	2301	5	1	0	540
23014	Biến dị Sửu Tiểu Áp	变异丑小鸭	2301	5	1	0	540
23015	Biến dị Sửu Tiểu Áp	变异丑小鸭	2301	5	1	0	540
23016	Thần Bí Xí Nga	神秘企鹅	2301	5	1	0	540
23017	Thần Bí Uyên Ương	神秘鸳鸯	2301	5	1	0	540
23018	Thần Bí Niên Thú	神秘年兽	2301	5	1	0	540
23019	Sửu Tiểu Áp (bảo bảo)	丑小鸭宝宝	2301	5	0	1	540
23020	Sửu Tiểu Áp	成年丑小鸭	2302	55	0	0	1051
23021	Biến dị Sửu Tiểu Áp	变异丑小鸭	2302	55	1	0	1051
23022	Biến dị Sửu Tiểu Áp	变异丑小鸭	2302	55	1	0	1051
23023	Biến dị Sửu Tiểu Áp	变异丑小鸭	2302	55	1	0	1051
23024	Biến dị Sửu Tiểu Áp	变异丑小鸭	2302	55	1	0	1051
23025	Biến dị Sửu Tiểu Áp	变异丑小鸭	2302	55	1	0	1051
23026	Thần Bí Xí Nga	神秘企鹅	2302	55	1	0	1051
23027	Thần Bí Uyên Ương	神秘鸳鸯	2302	55	1	0	1051
23028	Thần Bí Niên Thú	神秘年兽	2302	55	1	0	1051
23029	Sửu Tiểu Áp (bảo bảo)	丑小鸭宝宝	2302	55	0	1	1051
23030	Sửu Tiểu Áp	成年丑小鸭	2303	85	0	0	1357
23031	Biến dị Sửu Tiểu Áp	变异丑小鸭	2303	85	1	0	1357
23032	Biến dị Sửu Tiểu Áp	变异丑小鸭	2303	85	1	0	1357
23033	Biến dị Sửu Tiểu Áp	变异丑小鸭	2303	85	1	0	1357
23034	Biến dị Sửu Tiểu Áp	变异丑小鸭	2303	85	1	0	1357
23035	Biến dị Sửu Tiểu Áp	变异丑小鸭	2303	85	1	0	1357
23036	Thần Bí Xí Nga	神秘企鹅	2303	85	1	0	1357
23037	Thần Bí Uyên Ương	神秘鸳鸯	2303	85	1	0	1357
23038	Thần Bí Niên Thú	神秘年兽	2303	85	1	0	1357
23039	Sửu Tiểu Áp (bảo bảo)	丑小鸭宝宝	2303	85	0	1	1357
23040	Hoa Tiên Tử	成年花仙子	2304	5	0	0	846
23041	Biến dị Hoa Tiên Tử	变异花仙子	2304	5	1	0	846
23042	Biến dị Hoa Tiên Tử	变异花仙子	2304	5	1	0	846
23049	Hoa Tiên Tử (bảo bảo)	花仙子宝宝	2304	5	0	1	846
23050	Hoa Tiên Tử	成年花仙子	2305	45	0	0	948
23051	Biến dị Hoa Tiên Tử	变异花仙子	2305	45	1	0	948
23052	Biến dị Hoa Tiên Tử	变异花仙子	2305	45	1	0	948
23053	Biến dị Hoa Tiên Tử	变异花仙子	2305	45	1	0	948
23059	Hoa Tiên Tử (bảo bảo)	花仙子宝宝	2305	45	0	1	948
23060	Hoa Tiên Tử	成年花仙子	2306	55	0	0	1051
23061	Biến dị Hoa Tiên Tử	变异花仙子	2306	55	1	0	1051
23062	Biến dị Hoa Tiên Tử	变异花仙子	2306	55	1	0	1051
23063	Biến dị Hoa Tiên Tử	变异花仙子	2306	55	1	0	1051
23064	Biến dị Hoa Tiên Tử	变异花仙子	2306	55	1	0	1051
23069	Hoa Tiên Tử (bảo bảo)	花仙子宝宝	2306	55	0	1	1051
23070	Hoa Tiên Tử	成年花仙子	2307	65	0	0	1153
23071	Biến dị Hoa Tiên Tử	变异花仙子	2307	65	1	0	1153
23072	Biến dị Hoa Tiên Tử	变异花仙子	2307	65	1	0	1153
23073	Biến dị Hoa Tiên Tử	变异花仙子	2307	65	1	0	1153
23074	Biến dị Hoa Tiên Tử	变异花仙子	2307	65	1	0	1153
23075	Biến dị Hoa Tiên Tử	变异花仙子	2307	65	1	0	1153
23079	Hoa Tiên Tử (bảo bảo)	花仙子宝宝	2307	65	0	1	1153
23080	Hoa Tiên Tử	成年花仙子	2308	75	0	0	1255
23081	Biến dị Hoa Tiên Tử	变异花仙子	2308	75	1	0	1255
23082	Biến dị Hoa Tiên Tử	变异花仙子	2308	75	1	0	1255
23083	Biến dị Hoa Tiên Tử	变异花仙子	2308	75	1	0	1255
23084	Biến dị Hoa Tiên Tử	变异花仙子	2308	75	1	0	1255
23085	Biến dị Hoa Tiên Tử	变异花仙子	2308	75	1	0	1255
23086	Biến dị Hoa Tiên Tử	变异花仙子	2308	75	1	0	1255
23089	Hoa Tiên Tử (bảo bảo)	花仙子宝宝	2308	75	0	1	1255
23090	Hoa Tiên Tử	成年花仙子	2309	85	0	0	1357
23091	Biến dị Hoa Tiên Tử	变异花仙子	2309	85	1	0	1357
23092	Biến dị Hoa Tiên Tử	变异花仙子	2309	85	1	0	1357
23093	Biến dị Hoa Tiên Tử	变异花仙子	2309	85	1	0	1357
23094	Biến dị Hoa Tiên Tử	变异花仙子	2309	85	1	0	1357
23095	Biến dị Hoa Tiên Tử	变异花仙子	2309	85	1	0	1357
23096	Biến dị Hoa Tiên Tử	变异花仙子	2309	85	1	0	1357
23097	Biến dị Hoa Tiên Tử	变异花仙子	2309	85	1	0	1357
23099	Hoa Tiên Tử (bảo bảo)	花仙子宝宝	2309	85	0	1	1357
23100	Hoa Tiên Tử	成年花仙子	2310	95	0	0	1459
23101	Biến dị Hoa Tiên Tử	变异花仙子	2310	95	1	0	1459
23102	Biến dị Hoa Tiên Tử	变异花仙子	2310	95	1	0	1459
23103	Biến dị Hoa Tiên Tử	变异花仙子	2310	95	1	0	1459
23104	Biến dị Hoa Tiên Tử	变异花仙子	2310	95	1	0	1459
23105	Biến dị Hoa Tiên Tử	变异花仙子	2310	95	1	0	1459
23106	Biến dị Hoa Tiên Tử	变异花仙子	2310	95	1	0	1459
23107	Biến dị Hoa Tiên Tử	变异花仙子	2310	95	1	0	1459
23108	Biến dị Hoa Tiên Tử	变异花仙子	2310	95	1	0	1459
23109	Hoa Tiên Tử (bảo bảo)	花仙子宝宝	2310	95	0	1	1459
23110	Tuần Lộc	成年驯鹿	2311	5	0	0	846
23111	Biến dị Tuần Lộc	变异驯鹿	2311	5	1	0	846
23112	Biến dị Tuần Lộc	变异驯鹿	2311	5	1	0	846
23119	Tuần Lộc (bảo bảo)	驯鹿宝宝	2311	5	0	1	846
23120	Tuần Lộc	成年驯鹿	2312	45	0	0	948
23121	Biến dị Tuần Lộc	变异驯鹿	2312	45	1	0	948
23122	Biến dị Tuần Lộc	变异驯鹿	2312	45	1	0	948
23123	Biến dị Tuần Lộc	变异驯鹿	2312	45	1	0	948
23129	Tuần Lộc (bảo bảo)	驯鹿宝宝	2312	45	0	1	948
23130	Tuần Lộc	成年驯鹿	2313	55	0	0	1051
23131	Biến dị Tuần Lộc	变异驯鹿	2313	55	1	0	1051
23132	Biến dị Tuần Lộc	变异驯鹿	2313	55	1	0	1051
23133	Biến dị Tuần Lộc	变异驯鹿	2313	55	1	0	1051
23134	Biến dị Tuần Lộc	变异驯鹿	2313	55	1	0	1051
23139	Tuần Lộc (bảo bảo)	驯鹿宝宝	2313	55	0	1	1051
23140	Tuần Lộc	成年驯鹿	2314	65	0	0	1153
23141	Biến dị Tuần Lộc	变异驯鹿	2314	65	1	0	1153
23142	Biến dị Tuần Lộc	变异驯鹿	2314	65	1	0	1153
23143	Biến dị Tuần Lộc	变异驯鹿	2314	65	1	0	1153
23144	Biến dị Tuần Lộc	变异驯鹿	2314	65	1	0	1153
23145	Biến dị Tuần Lộc	变异驯鹿	2314	65	1	0	1153
23149	Tuần Lộc (bảo bảo)	驯鹿宝宝	2314	65	0	1	1153
23150	Tuần Lộc	成年驯鹿	2315	75	0	0	1255
23151	Biến dị Tuần Lộc	变异驯鹿	2315	75	1	0	1255
23152	Biến dị Tuần Lộc	变异驯鹿	2315	75	1	0	1255
23153	Biến dị Tuần Lộc	变异驯鹿	2315	75	1	0	1255
23154	Biến dị Tuần Lộc	变异驯鹿	2315	75	1	0	1255
23155	Biến dị Tuần Lộc	变异驯鹿	2315	75	1	0	1255
23156	Biến dị Tuần Lộc	变异驯鹿	2315	75	1	0	1255
23159	Tuần Lộc (bảo bảo)	驯鹿宝宝	2315	75	0	1	1255
23160	Tuần Lộc	成年驯鹿	2316	85	0	0	1357
23161	Biến dị Tuần Lộc	变异驯鹿	2316	85	1	0	1357
23162	Biến dị Tuần Lộc	变异驯鹿	2316	85	1	0	1357
23163	Biến dị Tuần Lộc	变异驯鹿	2316	85	1	0	1357
23164	Biến dị Tuần Lộc	变异驯鹿	2316	85	1	0	1357
23165	Biến dị Tuần Lộc	变异驯鹿	2316	85	1	0	1357
23166	Biến dị Tuần Lộc	变异驯鹿	2316	85	1	0	1357
23167	Biến dị Tuần Lộc	变异驯鹿	2316	85	1	0	1357
23169	Tuần Lộc (bảo bảo)	驯鹿宝宝	2316	85	0	1	1357
23170	Tuần Lộc	成年驯鹿	2317	95	0	0	1459
23171	Biến dị Tuần Lộc	变异驯鹿	2317	95	1	0	1459
23172	Biến dị Tuần Lộc	变异驯鹿	2317	95	1	0	1459
23173	Biến dị Tuần Lộc	变异驯鹿	2317	95	1	0	1459
23174	Biến dị Tuần Lộc	变异驯鹿	2317	95	1	0	1459
23175	Biến dị Tuần Lộc	变异驯鹿	2317	95	1	0	1459
23176	Biến dị Tuần Lộc	变异驯鹿	2317	95	1	0	1459
23177	Biến dị Tuần Lộc	变异驯鹿	2317	95	1	0	1459
23178	Biến dị Tuần Lộc	变异驯鹿	2317	95	1	0	1459
23179	Tuần Lộc (bảo bảo)	驯鹿宝宝	2317	95	0	1	1459
23180	Trân Kỳ Hổ	成年珍奇虎	2318	5	0	0	846
23181	Biến dị Trân Kỳ Hổ	变异珍奇虎	2318	5	1	0	846
23182	Biến dị Trân Kỳ Hổ	变异珍奇虎	2318	5	1	0	846
23189	Trân Kỳ Hổ (bảo bảo)	珍奇虎宝宝	2318	5	0	1	846
23190	Trân Kỳ Hổ	成年珍奇虎	2319	45	0	0	948
23191	Biến dị Trân Kỳ Hổ	变异珍奇虎	2319	45	1	0	948
23192	Biến dị Trân Kỳ Hổ	变异珍奇虎	2319	45	1	0	948
23193	Biến dị Trân Kỳ Hổ	变异珍奇虎	2319	45	1	0	948
23199	Trân Kỳ Hổ (bảo bảo)	珍奇虎宝宝	2319	45	0	1	948
23200	Trân Kỳ Hổ	成年珍奇虎	2320	55	0	0	1051
23201	Biến dị Trân Kỳ Hổ	变异珍奇虎	2320	55	1	0	1051
23202	Biến dị Trân Kỳ Hổ	变异珍奇虎	2320	55	1	0	1051
23203	Biến dị Trân Kỳ Hổ	变异珍奇虎	2320	55	1	0	1051
23204	Biến dị Trân Kỳ Hổ	变异珍奇虎	2320	55	1	0	1051
23209	Trân Kỳ Hổ (bảo bảo)	珍奇虎宝宝	2320	55	0	1	1051
23210	Trân Kỳ Hổ	成年珍奇虎	2321	65	0	0	1153
23211	Biến dị Trân Kỳ Hổ	变异珍奇虎	2321	65	1	0	1153
23212	Biến dị Trân Kỳ Hổ	变异珍奇虎	2321	65	1	0	1153
23213	Biến dị Trân Kỳ Hổ	变异珍奇虎	2321	65	1	0	1153
23214	Biến dị Trân Kỳ Hổ	变异珍奇虎	2321	65	1	0	1153
23215	Biến dị Trân Kỳ Hổ	变异珍奇虎	2321	65	1	0	1153
23219	Trân Kỳ Hổ (bảo bảo)	珍奇虎宝宝	2321	65	0	1	1153
23220	Trân Kỳ Hổ	成年珍奇虎	2322	75	0	0	1255
23221	Biến dị Trân Kỳ Hổ	变异珍奇虎	2322	75	1	0	1255
23222	Biến dị Trân Kỳ Hổ	变异珍奇虎	2322	75	1	0	1255
23223	Biến dị Trân Kỳ Hổ	变异珍奇虎	2322	75	1	0	1255
23224	Biến dị Trân Kỳ Hổ	变异珍奇虎	2322	75	1	0	1255
23225	Biến dị Trân Kỳ Hổ	变异珍奇虎	2322	75	1	0	1255
23226	Biến dị Trân Kỳ Hổ	变异珍奇虎	2322	75	1	0	1255
23229	Trân Kỳ Hổ (bảo bảo)	珍奇虎宝宝	2322	75	0	1	1255
23230	Trân Kỳ Hổ	成年珍奇虎	2323	85	0	0	1357
23231	Biến dị Trân Kỳ Hổ	变异珍奇虎	2323	85	1	0	1357
23232	Biến dị Trân Kỳ Hổ	变异珍奇虎	2323	85	1	0	1357
23233	Biến dị Trân Kỳ Hổ	变异珍奇虎	2323	85	1	0	1357
23234	Biến dị Trân Kỳ Hổ	变异珍奇虎	2323	85	1	0	1357
23235	Biến dị Trân Kỳ Hổ	变异珍奇虎	2323	85	1	0	1357
23236	Biến dị Trân Kỳ Hổ	变异珍奇虎	2323	85	1	0	1357
23237	Biến dị Trân Kỳ Hổ	变异珍奇虎	2323	85	1	0	1357
23239	Trân Kỳ Hổ (bảo bảo)	珍奇虎宝宝	2323	85	0	1	1357
23240	Trân Kỳ Hổ	成年珍奇虎	2324	95	0	0	1459
23241	Biến dị Trân Kỳ Hổ	变异珍奇虎	2324	95	1	0	1459
23242	Biến dị Trân Kỳ Hổ	变异珍奇虎	2324	95	1	0	1459
23243	Biến dị Trân Kỳ Hổ	变异珍奇虎	2324	95	1	0	1459
23244	Biến dị Trân Kỳ Hổ	变异珍奇虎	2324	95	1	0	1459
23245	Biến dị Trân Kỳ Hổ	变异珍奇虎	2324	95	1	0	1459
23246	Biến dị Trân Kỳ Hổ	变异珍奇虎	2324	95	1	0	1459
23247	Biến dị Trân Kỳ Hổ	变异珍奇虎	2324	95	1	0	1459
23248	Biến dị Trân Kỳ Hổ	变异珍奇虎	2324	95	1	0	1459
23249	Trân Kỳ Hổ (bảo bảo)	珍奇虎宝宝	2324	95	0	1	1459
23250	Bố Lão Hổ	成年布老虎	2325	5	0	0	846
23251	Biến dị Bố Lão Hổ	变异布老虎	2325	5	1	0	846
23252	Biến dị Bố Lão Hổ	变异布老虎	2325	5	1	0	846
23259	Bố Lão Hổ (bảo bảo)	布老虎宝宝	2325	5	0	1	846
23260	Bố Lão Hổ	成年布老虎	2326	45	0	0	948
23261	Biến dị Bố Lão Hổ	变异布老虎	2326	45	1	0	948
23262	Biến dị Bố Lão Hổ	变异布老虎	2326	45	1	0	948
23263	Biến dị Bố Lão Hổ	变异布老虎	2326	45	1	0	948
23269	Bố Lão Hổ (bảo bảo)	布老虎宝宝	2326	45	0	1	948
23270	Bố Lão Hổ	成年布老虎	2327	55	0	0	1051
23271	Biến dị Bố Lão Hổ	变异布老虎	2327	55	1	0	1051
23272	Biến dị Bố Lão Hổ	变异布老虎	2327	55	1	0	1051
23273	Biến dị Bố Lão Hổ	变异布老虎	2327	55	1	0	1051
23274	Biến dị Bố Lão Hổ	变异布老虎	2327	55	1	0	1051
23279	Bố Lão Hổ (bảo bảo)	布老虎宝宝	2327	55	0	1	1051
23280	Bố Lão Hổ	成年布老虎	2328	65	0	0	1153
23281	Biến dị Bố Lão Hổ	变异布老虎	2328	65	1	0	1153
23282	Biến dị Bố Lão Hổ	变异布老虎	2328	65	1	0	1153
23283	Biến dị Bố Lão Hổ	变异布老虎	2328	65	1	0	1153
23284	Biến dị Bố Lão Hổ	变异布老虎	2328	65	1	0	1153
23285	Biến dị Bố Lão Hổ	变异布老虎	2328	65	1	0	1153
23289	Bố Lão Hổ (bảo bảo)	布老虎宝宝	2328	65	0	1	1153
23290	Bố Lão Hổ	成年布老虎	2329	75	0	0	1255
23291	Biến dị Bố Lão Hổ	变异布老虎	2329	75	1	0	1255
23292	Biến dị Bố Lão Hổ	变异布老虎	2329	75	1	0	1255
23293	Biến dị Bố Lão Hổ	变异布老虎	2329	75	1	0	1255
23294	Biến dị Bố Lão Hổ	变异布老虎	2329	75	1	0	1255
23295	Biến dị Bố Lão Hổ	变异布老虎	2329	75	1	0	1255
23296	Biến dị Bố Lão Hổ	变异布老虎	2329	75	1	0	1255
23299	Bố Lão Hổ (bảo bảo)	布老虎宝宝	2329	75	0	1	1255
23300	Bố Lão Hổ	成年布老虎	2330	85	0	0	1357
23301	Biến dị Bố Lão Hổ	变异布老虎	2330	85	1	0	1357
23302	Biến dị Bố Lão Hổ	变异布老虎	2330	85	1	0	1357
23303	Biến dị Bố Lão Hổ	变异布老虎	2330	85	1	0	1357
23304	Biến dị Bố Lão Hổ	变异布老虎	2330	85	1	0	1357
23305	Biến dị Bố Lão Hổ	变异布老虎	2330	85	1	0	1357
23306	Biến dị Bố Lão Hổ	变异布老虎	2330	85	1	0	1357
23307	Biến dị Bố Lão Hổ	变异布老虎	2330	85	1	0	1357
23309	Bố Lão Hổ (bảo bảo)	布老虎宝宝	2330	85	0	1	1357
23310	Bố Lão Hổ	成年布老虎	2331	95	0	0	1459
23311	Biến dị Bố Lão Hổ	变异布老虎	2331	95	1	0	1459
23312	Biến dị Bố Lão Hổ	变异布老虎	2331	95	1	0	1459
23313	Biến dị Bố Lão Hổ	变异布老虎	2331	95	1	0	1459
23314	Biến dị Bố Lão Hổ	变异布老虎	2331	95	1	0	1459
23315	Biến dị Bố Lão Hổ	变异布老虎	2331	95	1	0	1459
23316	Biến dị Bố Lão Hổ	变异布老虎	2331	95	1	0	1459
23317	Biến dị Bố Lão Hổ	变异布老虎	2331	95	1	0	1459
23318	Biến dị Bố Lão Hổ	变异布老虎	2331	95	1	0	1459
23319	Bố Lão Hổ (bảo bảo)	布老虎宝宝	2331	95	0	1	1459
23330	Ấu Xỉ Long	成年幼齿龙	2333	5	0	0	846
23331	Biến dị Ấu Xỉ Long	变异幼齿龙	2333	5	1	0	846
23332	Biến dị Ấu Xỉ Long	变异幼齿龙	2333	5	1	0	846
23339	Ấu Xỉ Long (bảo bảo)	幼齿龙宝宝	2333	5	0	1	846
23340	Ấu Xỉ Long	成年幼齿龙	2334	45	0	0	948
23341	Biến dị Ấu Xỉ Long	变异幼齿龙	2334	45	1	0	948
23342	Biến dị Ấu Xỉ Long	变异幼齿龙	2334	45	1	0	948
23343	Biến dị Ấu Xỉ Long	变异幼齿龙	2334	45	1	0	948
23349	Ấu Xỉ Long (bảo bảo)	幼齿龙宝宝	2334	45	0	1	948
23350	Ấu Xỉ Long	成年幼齿龙	2335	55	0	0	1051
23351	Biến dị Ấu Xỉ Long	变异幼齿龙	2335	55	1	0	1051
23352	Biến dị Ấu Xỉ Long	变异幼齿龙	2335	55	1	0	1051
23353	Biến dị Ấu Xỉ Long	变异幼齿龙	2335	55	1	0	1051
23354	Biến dị Ấu Xỉ Long	变异幼齿龙	2335	55	1	0	1051
23359	Ấu Xỉ Long (bảo bảo)	幼齿龙宝宝	2335	55	0	1	1051
23360	Ấu Xỉ Long	成年幼齿龙	2336	65	0	0	1153
23361	Biến dị Ấu Xỉ Long	变异幼齿龙	2336	65	1	0	1153
23362	Biến dị Ấu Xỉ Long	变异幼齿龙	2336	65	1	0	1153
23363	Biến dị Ấu Xỉ Long	变异幼齿龙	2336	65	1	0	1153
23364	Biến dị Ấu Xỉ Long	变异幼齿龙	2336	65	1	0	1153
23365	Biến dị Ấu Xỉ Long	变异幼齿龙	2336	65	1	0	1153
23369	Ấu Xỉ Long (bảo bảo)	幼齿龙宝宝	2336	65	0	1	1153
23370	Ấu Xỉ Long	成年幼齿龙	2337	75	0	0	1255
23371	Biến dị Ấu Xỉ Long	变异幼齿龙	2337	75	1	0	1255
23372	Biến dị Ấu Xỉ Long	变异幼齿龙	2337	75	1	0	1255
23373	Biến dị Ấu Xỉ Long	变异幼齿龙	2337	75	1	0	1255
23374	Biến dị Ấu Xỉ Long	变异幼齿龙	2337	75	1	0	1255
23375	Biến dị Ấu Xỉ Long	变异幼齿龙	2337	75	1	0	1255
23376	Biến dị Ấu Xỉ Long	变异幼齿龙	2337	75	1	0	1255
23379	Ấu Xỉ Long (bảo bảo)	幼齿龙宝宝	2337	75	0	1	1255
23380	Ấu Xỉ Long	成年幼齿龙	2338	85	0	0	1357
23381	Biến dị Ấu Xỉ Long	变异幼齿龙	2338	85	1	0	1357
23382	Biến dị Ấu Xỉ Long	变异幼齿龙	2338	85	1	0	1357
23383	Biến dị Ấu Xỉ Long	变异幼齿龙	2338	85	1	0	1357
23384	Biến dị Ấu Xỉ Long	变异幼齿龙	2338	85	1	0	1357
23385	Biến dị Ấu Xỉ Long	变异幼齿龙	2338	85	1	0	1357
23386	Biến dị Ấu Xỉ Long	变异幼齿龙	2338	85	1	0	1357
23387	Biến dị Ấu Xỉ Long	变异幼齿龙	2338	85	1	0	1357
23389	Ấu Xỉ Long (bảo bảo)	幼齿龙宝宝	2338	85	0	1	1357
23390	Ấu Xỉ Long	成年幼齿龙	2339	95	0	0	1459
23391	Biến dị Ấu Xỉ Long	变异幼齿龙	2339	95	1	0	1459
23392	Biến dị Ấu Xỉ Long	变异幼齿龙	2339	95	1	0	1459
23393	Biến dị Ấu Xỉ Long	变异幼齿龙	2339	95	1	0	1459
23394	Biến dị Ấu Xỉ Long	变异幼齿龙	2339	95	1	0	1459
23395	Biến dị Ấu Xỉ Long	变异幼齿龙	2339	95	1	0	1459
23396	Biến dị Ấu Xỉ Long	变异幼齿龙	2339	95	1	0	1459
23397	Biến dị Ấu Xỉ Long	变异幼齿龙	2339	95	1	0	1459
23398	Biến dị Ấu Xỉ Long	变异幼齿龙	2339	95	1	0	1459
23399	Ấu Xỉ Long (bảo bảo)	幼齿龙宝宝	2339	95	0	1	1459
23400	Hùng Miêu Song Hiệp	成年熊猫双侠	2340	5	0	0	846
23401	Biến dị Hùng Miêu Song Hiệp	变异熊猫双侠	2340	5	1	0	846
23402	Biến dị Hùng Miêu Song Hiệp	变异熊猫双侠	2340	5	1	0	846
23409	Hùng Miêu Song Hiệp (bảo bảo)	熊猫双侠宝宝	2340	5	0	1	846
23410	Hùng Miêu Song Hiệp	成年熊猫双侠	2341	45	0	0	948
23411	Biến dị Hùng Miêu Song Hiệp	变异熊猫双侠	2341	45	1	0	948
23412	Biến dị Hùng Miêu Song Hiệp	变异熊猫双侠	2341	45	1	0	948
23413	Biến dị Hùng Miêu Song Hiệp	变异熊猫双侠	2341	45	1	0	948
23419	Hùng Miêu Song Hiệp (bảo bảo)	熊猫双侠宝宝	2341	45	0	1	948
23420	Hùng Miêu Song Hiệp	成年熊猫双侠	2342	55	0	0	1051
23421	Biến dị Hùng Miêu Song Hiệp	变异熊猫双侠	2342	55	1	0	1051
23422	Biến dị Hùng Miêu Song Hiệp	变异熊猫双侠	2342	55	1	0	1051
23423	Biến dị Hùng Miêu Song Hiệp	变异熊猫双侠	2342	55	1	0	1051
23424	Biến dị Hùng Miêu Song Hiệp	变异熊猫双侠	2342	55	1	0	1051
23429	Hùng Miêu Song Hiệp (bảo bảo)	熊猫双侠宝宝	2342	55	0	1	1051
23430	Hùng Miêu Song Hiệp	成年熊猫双侠	2343	65	0	0	1153
23431	Biến dị Hùng Miêu Song Hiệp	变异熊猫双侠	2343	65	1	0	1153
23432	Biến dị Hùng Miêu Song Hiệp	变异熊猫双侠	2343	65	1	0	1153
23433	Biến dị Hùng Miêu Song Hiệp	变异熊猫双侠	2343	65	1	0	1153
23434	Biến dị Hùng Miêu Song Hiệp	变异熊猫双侠	2343	65	1	0	1153
23435	Biến dị Hùng Miêu Song Hiệp	变异熊猫双侠	2343	65	1	0	1153
23439	Hùng Miêu Song Hiệp (bảo bảo)	熊猫双侠宝宝	2343	65	0	1	1153
23440	Hùng Miêu Song Hiệp	成年熊猫双侠	2344	75	0	0	1255
23441	Biến dị Hùng Miêu Song Hiệp	变异熊猫双侠	2344	75	1	0	1255
23442	Biến dị Hùng Miêu Song Hiệp	变异熊猫双侠	2344	75	1	0	1255
23443	Biến dị Hùng Miêu Song Hiệp	变异熊猫双侠	2344	75	1	0	1255
23444	Biến dị Hùng Miêu Song Hiệp	变异熊猫双侠	2344	75	1	0	1255
23445	Biến dị Hùng Miêu Song Hiệp	变异熊猫双侠	2344	75	1	0	1255
23446	Biến dị Hùng Miêu Song Hiệp	变异熊猫双侠	2344	75	1	0	1255
23449	Hùng Miêu Song Hiệp (bảo bảo)	熊猫双侠宝宝	2344	75	0	1	1255
23450	Hùng Miêu Song Hiệp	成年熊猫双侠	2345	85	0	0	1357
23451	Biến dị Hùng Miêu Song Hiệp	变异熊猫双侠	2345	85	1	0	1357
23452	Biến dị Hùng Miêu Song Hiệp	变异熊猫双侠	2345	85	1	0	1357
23453	Biến dị Hùng Miêu Song Hiệp	变异熊猫双侠	2345	85	1	0	1357
23454	Biến dị Hùng Miêu Song Hiệp	变异熊猫双侠	2345	85	1	0	1357
23455	Biến dị Hùng Miêu Song Hiệp	变异熊猫双侠	2345	85	1	0	1357
23456	Biến dị Hùng Miêu Song Hiệp	变异熊猫双侠	2345	85	1	0	1357
23457	Biến dị Hùng Miêu Song Hiệp	变异熊猫双侠	2345	85	1	0	1357
23459	Hùng Miêu Song Hiệp (bảo bảo)	熊猫双侠宝宝	2345	85	0	1	1357
23460	Hùng Miêu Song Hiệp	成年熊猫双侠	2346	95	0	0	1459
23461	Biến dị Hùng Miêu Song Hiệp	变异熊猫双侠	2346	95	1	0	1459
23462	Biến dị Hùng Miêu Song Hiệp	变异熊猫双侠	2346	95	1	0	1459
23463	Biến dị Hùng Miêu Song Hiệp	变异熊猫双侠	2346	95	1	0	1459
23464	Biến dị Hùng Miêu Song Hiệp	变异熊猫双侠	2346	95	1	0	1459
23465	Biến dị Hùng Miêu Song Hiệp	变异熊猫双侠	2346	95	1	0	1459
23466	Biến dị Hùng Miêu Song Hiệp	变异熊猫双侠	2346	95	1	0	1459
23467	Biến dị Hùng Miêu Song Hiệp	变异熊猫双侠	2346	95	1	0	1459
23468	Biến dị Hùng Miêu Song Hiệp	变异熊猫双侠	2346	95	1	0	1459
23469	Hùng Miêu Song Hiệp (bảo bảo)	熊猫双侠宝宝	2346	95	0	1	1459
23470	Chiêu Sài Miêu	成年招柴猫	2347	20	0	0	693
23471	Biến dị Chiêu Sài Miêu	变异招柴猫	2347	20	1	0	693
23472	Biến dị Chiêu Sài Miêu	变异招柴猫	2347	20	1	0	693
23479	Chiêu Sài Miêu (bảo bảo)	招柴猫宝宝	2347	20	0	1	693
23490	Chương Ngư	成年章鱼	2349	20	0	0	693
23491	Biến dị Chương Ngư	变异章鱼	2349	20	1	0	693
23492	Biến dị Chương Ngư	变异章鱼	2349	20	1	0	693
23499	Chương Ngư (bảo bảo)	章鱼宝宝	2349	20	0	1	693
23500	Chương Ngư	成年章鱼	2350	45	0	0	948
23501	Biến dị Chương Ngư	变异章鱼	2350	45	1	0	948
23502	Biến dị Chương Ngư	变异章鱼	2350	45	1	0	948
23503	Biến dị Chương Ngư	变异章鱼	2350	45	1	0	948
23509	Chương Ngư (bảo bảo)	章鱼宝宝	2350	45	0	1	948
23510	Chương Ngư	成年章鱼	2351	55	0	0	1051
23511	Biến dị Chương Ngư	变异章鱼	2351	55	1	0	1051
23512	Biến dị Chương Ngư	变异章鱼	2351	55	1	0	1051
23513	Biến dị Chương Ngư	变异章鱼	2351	55	1	0	1051
23514	Biến dị Chương Ngư	变异章鱼	2351	55	1	0	1051
23519	Chương Ngư (bảo bảo)	章鱼宝宝	2351	55	0	1	1051
23520	Chương Ngư	成年章鱼	2352	65	0	0	1153
23521	Biến dị Chương Ngư	变异章鱼	2352	65	1	0	1153
23522	Biến dị Chương Ngư	变异章鱼	2352	65	1	0	1153
23523	Biến dị Chương Ngư	变异章鱼	2352	65	1	0	1153
23524	Biến dị Chương Ngư	变异章鱼	2352	65	1	0	1153
23525	Biến dị Chương Ngư	变异章鱼	2352	65	1	0	1153
23529	Chương Ngư (bảo bảo)	章鱼宝宝	2352	65	0	1	1153
23530	Chương Ngư	成年章鱼	2353	75	0	0	1255
23531	Biến dị Chương Ngư	变异章鱼	2353	75	1	0	1255
23532	Biến dị Chương Ngư	变异章鱼	2353	75	1	0	1255
23533	Biến dị Chương Ngư	变异章鱼	2353	75	1	0	1255
23534	Biến dị Chương Ngư	变异章鱼	2353	75	1	0	1255
23535	Biến dị Chương Ngư	变异章鱼	2353	75	1	0	1255
23536	Biến dị Chương Ngư	变异章鱼	2353	75	1	0	1255
23539	Chương Ngư (bảo bảo)	章鱼宝宝	2353	75	0	1	1255
23540	Chương Ngư	成年章鱼	2354	85	0	0	1357
23541	Biến dị Chương Ngư	变异章鱼	2354	85	1	0	1357
23542	Biến dị Chương Ngư	变异章鱼	2354	85	1	0	1357
23543	Biến dị Chương Ngư	变异章鱼	2354	85	1	0	1357
23544	Biến dị Chương Ngư	变异章鱼	2354	85	1	0	1357
23545	Biến dị Chương Ngư	变异章鱼	2354	85	1	0	1357
23546	Biến dị Chương Ngư	变异章鱼	2354	85	1	0	1357
23547	Biến dị Chương Ngư	变异章鱼	2354	85	1	0	1357
23549	Chương Ngư (bảo bảo)	章鱼宝宝	2354	85	0	1	1357
23550	Chương Ngư	成年章鱼	2355	95	0	0	1459
23551	Biến dị Chương Ngư	变异章鱼	2355	95	1	0	1459
23552	Biến dị Chương Ngư	变异章鱼	2355	95	1	0	1459
23553	Biến dị Chương Ngư	变异章鱼	2355	95	1	0	1459
23554	Biến dị Chương Ngư	变异章鱼	2355	95	1	0	1459
23555	Biến dị Chương Ngư	变异章鱼	2355	95	1	0	1459
23556	Biến dị Chương Ngư	变异章鱼	2355	95	1	0	1459
23557	Biến dị Chương Ngư	变异章鱼	2355	95	1	0	1459
23558	Biến dị Chương Ngư	变异章鱼	2355	95	1	0	1459
23559	Chương Ngư (bảo bảo)	章鱼宝宝	2355	95	0	1	1459
23560	Điệp Luyến Hoa	成年蝶恋花	2356	5	0	0	846
23561	Biến dị Điệp Luyến Hoa	变异蝶恋花	2356	5	1	0	846
23562	Biến dị Điệp Luyến Hoa	变异蝶恋花	2356	5	1	0	846
23569	Điệp Luyến Hoa (bảo bảo)	蝶恋花宝宝	2356	5	0	1	846
23570	Điệp Luyến Hoa	成年蝶恋花	2357	45	0	0	948
23571	Biến dị Điệp Luyến Hoa	变异蝶恋花	2357	45	1	0	948
23572	Biến dị Điệp Luyến Hoa	变异蝶恋花	2357	45	1	0	948
23573	Biến dị Điệp Luyến Hoa	变异蝶恋花	2357	45	1	0	948
23579	Điệp Luyến Hoa (bảo bảo)	蝶恋花宝宝	2357	45	0	1	948
23580	Điệp Luyến Hoa	成年蝶恋花	2358	55	0	0	1051
23581	Biến dị Điệp Luyến Hoa	变异蝶恋花	2358	55	1	0	1051
23582	Biến dị Điệp Luyến Hoa	变异蝶恋花	2358	55	1	0	1051
23583	Biến dị Điệp Luyến Hoa	变异蝶恋花	2358	55	1	0	1051
23584	Biến dị Điệp Luyến Hoa	变异蝶恋花	2358	55	1	0	1051
23589	Điệp Luyến Hoa (bảo bảo)	蝶恋花宝宝	2358	55	0	1	1051
23590	Điệp Luyến Hoa	成年蝶恋花	2359	65	0	0	1153
23591	Biến dị Điệp Luyến Hoa	变异蝶恋花	2359	65	1	0	1153
23592	Biến dị Điệp Luyến Hoa	变异蝶恋花	2359	65	1	0	1153
23593	Biến dị Điệp Luyến Hoa	变异蝶恋花	2359	65	1	0	1153
23594	Biến dị Điệp Luyến Hoa	变异蝶恋花	2359	65	1	0	1153
23595	Biến dị Điệp Luyến Hoa	变异蝶恋花	2359	65	1	0	1153
23599	Điệp Luyến Hoa (bảo bảo)	蝶恋花宝宝	2359	65	0	1	1153
23600	Điệp Luyến Hoa	成年蝶恋花	2360	75	0	0	1255
23601	Biến dị Điệp Luyến Hoa	变异蝶恋花	2360	75	1	0	1255
23602	Biến dị Điệp Luyến Hoa	变异蝶恋花	2360	75	1	0	1255
23603	Biến dị Điệp Luyến Hoa	变异蝶恋花	2360	75	1	0	1255
23604	Biến dị Điệp Luyến Hoa	变异蝶恋花	2360	75	1	0	1255
23605	Biến dị Điệp Luyến Hoa	变异蝶恋花	2360	75	1	0	1255
23606	Biến dị Điệp Luyến Hoa	变异蝶恋花	2360	75	1	0	1255
23609	Điệp Luyến Hoa (bảo bảo)	蝶恋花宝宝	2360	75	0	1	1255
23610	Điệp Luyến Hoa	成年蝶恋花	2361	85	0	0	1357
23611	Biến dị Điệp Luyến Hoa	变异蝶恋花	2361	85	1	0	1357
23612	Biến dị Điệp Luyến Hoa	变异蝶恋花	2361	85	1	0	1357
23613	Biến dị Điệp Luyến Hoa	变异蝶恋花	2361	85	1	0	1357
23614	Biến dị Điệp Luyến Hoa	变异蝶恋花	2361	85	1	0	1357
23615	Biến dị Điệp Luyến Hoa	变异蝶恋花	2361	85	1	0	1357
23616	Biến dị Điệp Luyến Hoa	变异蝶恋花	2361	85	1	0	1357
23617	Biến dị Điệp Luyến Hoa	变异蝶恋花	2361	85	1	0	1357
23619	Điệp Luyến Hoa (bảo bảo)	蝶恋花宝宝	2361	85	0	1	1357
23620	Điệp Luyến Hoa	成年蝶恋花	2362	95	0	0	1459
23621	Biến dị Điệp Luyến Hoa	变异蝶恋花	2362	95	1	0	1459
23622	Biến dị Điệp Luyến Hoa	变异蝶恋花	2362	95	1	0	1459
23623	Biến dị Điệp Luyến Hoa	变异蝶恋花	2362	95	1	0	1459
23624	Biến dị Điệp Luyến Hoa	变异蝶恋花	2362	95	1	0	1459
23625	Biến dị Điệp Luyến Hoa	变异蝶恋花	2362	95	1	0	1459
23626	Biến dị Điệp Luyến Hoa	变异蝶恋花	2362	95	1	0	1459
23627	Biến dị Điệp Luyến Hoa	变异蝶恋花	2362	95	1	0	1459
23628	Biến dị Điệp Luyến Hoa	变异蝶恋花	2362	95	1	0	1459
23629	Điệp Luyến Hoa (bảo bảo)	蝶恋花宝宝	2362	95	0	1	1459
23630	Quỷ Lỗi Lang	成年傀儡狼	2363	5	0	0	846
23631	Biến dị Quỷ Lỗi Lang	变异傀儡狼	2363	5	1	0	846
23632	Biến dị Quỷ Lỗi Lang	变异傀儡狼	2363	5	1	0	846
23639	Quỷ Lỗi Lang (bảo bảo)	傀儡狼宝宝	2363	5	0	1	846
23640	Quỷ Lỗi Lang	成年傀儡狼	2364	45	0	0	948
23641	Biến dị Quỷ Lỗi Lang	变异傀儡狼	2364	45	1	0	948
23642	Biến dị Quỷ Lỗi Lang	变异傀儡狼	2364	45	1	0	948
23643	Biến dị Quỷ Lỗi Lang	变异傀儡狼	2364	45	1	0	948
23649	Quỷ Lỗi Lang (bảo bảo)	傀儡狼宝宝	2364	45	0	1	948
23650	Quỷ Lỗi Lang	成年傀儡狼	2365	55	0	0	1051
23651	Biến dị Quỷ Lỗi Lang	变异傀儡狼	2365	55	1	0	1051
23652	Biến dị Quỷ Lỗi Lang	变异傀儡狼	2365	55	1	0	1051
23653	Biến dị Quỷ Lỗi Lang	变异傀儡狼	2365	55	1	0	1051
23654	Biến dị Quỷ Lỗi Lang	变异傀儡狼	2365	55	1	0	1051
23659	Quỷ Lỗi Lang (bảo bảo)	傀儡狼宝宝	2365	55	0	1	1051
23660	Quỷ Lỗi Lang	成年傀儡狼	2366	65	0	0	1153
23661	Biến dị Quỷ Lỗi Lang	变异傀儡狼	2366	65	1	0	1153
23662	Biến dị Quỷ Lỗi Lang	变异傀儡狼	2366	65	1	0	1153
23663	Biến dị Quỷ Lỗi Lang	变异傀儡狼	2366	65	1	0	1153
23664	Biến dị Quỷ Lỗi Lang	变异傀儡狼	2366	65	1	0	1153
23665	Biến dị Quỷ Lỗi Lang	变异傀儡狼	2366	65	1	0	1153
23669	Quỷ Lỗi Lang (bảo bảo)	傀儡狼宝宝	2366	65	0	1	1153
23670	Quỷ Lỗi Lang	成年傀儡狼	2367	75	0	0	1255
23671	Biến dị Quỷ Lỗi Lang	变异傀儡狼	2367	75	1	0	1255
23672	Biến dị Quỷ Lỗi Lang	变异傀儡狼	2367	75	1	0	1255
23673	Biến dị Quỷ Lỗi Lang	变异傀儡狼	2367	75	1	0	1255
23674	Biến dị Quỷ Lỗi Lang	变异傀儡狼	2367	75	1	0	1255
23675	Biến dị Quỷ Lỗi Lang	变异傀儡狼	2367	75	1	0	1255
23676	Biến dị Quỷ Lỗi Lang	变异傀儡狼	2367	75	1	0	1255
23679	Quỷ Lỗi Lang (bảo bảo)	傀儡狼宝宝	2367	75	0	1	1255
23680	Quỷ Lỗi Lang	成年傀儡狼	2368	85	0	0	1357
23681	Biến dị Quỷ Lỗi Lang	变异傀儡狼	2368	85	1	0	1357
23682	Biến dị Quỷ Lỗi Lang	变异傀儡狼	2368	85	1	0	1357
23683	Biến dị Quỷ Lỗi Lang	变异傀儡狼	2368	85	1	0	1357
23684	Biến dị Quỷ Lỗi Lang	变异傀儡狼	2368	85	1	0	1357
23685	Biến dị Quỷ Lỗi Lang	变异傀儡狼	2368	85	1	0	1357
23686	Biến dị Quỷ Lỗi Lang	变异傀儡狼	2368	85	1	0	1357
23687	Biến dị Quỷ Lỗi Lang	变异傀儡狼	2368	85	1	0	1357
23689	Quỷ Lỗi Lang (bảo bảo)	傀儡狼宝宝	2368	85	0	1	1357
23690	Quỷ Lỗi Lang	成年傀儡狼	2369	95	0	0	1459
23691	Biến dị Quỷ Lỗi Lang	变异傀儡狼	2369	95	1	0	1459
23692	Biến dị Quỷ Lỗi Lang	变异傀儡狼	2369	95	1	0	1459
23693	Biến dị Quỷ Lỗi Lang	变异傀儡狼	2369	95	1	0	1459
23694	Biến dị Quỷ Lỗi Lang	变异傀儡狼	2369	95	1	0	1459
23695	Biến dị Quỷ Lỗi Lang	变异傀儡狼	2369	95	1	0	1459
23696	Biến dị Quỷ Lỗi Lang	变异傀儡狼	2369	95	1	0	1459
23697	Biến dị Quỷ Lỗi Lang	变异傀儡狼	2369	95	1	0	1459
23698	Biến dị Quỷ Lỗi Lang	变异傀儡狼	2369	95	1	0	1459
23699	Quỷ Lỗi Lang (bảo bảo)	傀儡狼宝宝	2369	95	0	1	1459
23700	Cương Thi	成年僵尸	2370	5	0	0	693
23701	Biến dị Cương Thi	变异僵尸	2370	5	1	0	693
23702	Biến dị Cương Thi	变异僵尸	2370	5	1	0	693
23709	Cương Thi (bảo bảo)	僵尸宝宝	2370	5	0	1	693
23710	Ngũ Sắc Thần Ngưu	成年五色神牛	2371	5	0	0	846
23711	Biến dị Ngũ Sắc Thần Ngưu	变异五色神牛	2371	5	1	0	846
23712	Biến dị Ngũ Sắc Thần Ngưu	变异五色神牛	2371	5	1	0	846
23719	Ngũ Sắc Thần Ngưu (bảo bảo)	五色神牛宝宝	2371	5	0	1	846
23720	Ngũ Sắc Thần Ngưu	成年五色神牛	2372	45	0	0	948
23721	Biến dị Ngũ Sắc Thần Ngưu	变异五色神牛	2372	45	1	0	948
23722	Biến dị Ngũ Sắc Thần Ngưu	变异五色神牛	2372	45	1	0	948
23723	Biến dị Ngũ Sắc Thần Ngưu	变异五色神牛	2372	45	1	0	948
23729	Ngũ Sắc Thần Ngưu (bảo bảo)	五色神牛宝宝	2372	45	0	1	948
23730	Ngũ Sắc Thần Ngưu	成年五色神牛	2373	55	0	0	1051
23731	Biến dị Ngũ Sắc Thần Ngưu	变异五色神牛	2373	55	1	0	1051
23732	Biến dị Ngũ Sắc Thần Ngưu	变异五色神牛	2373	55	1	0	1051
23733	Biến dị Ngũ Sắc Thần Ngưu	变异五色神牛	2373	55	1	0	1051
23734	Biến dị Ngũ Sắc Thần Ngưu	变异五色神牛	2373	55	1	0	1051
23739	Ngũ Sắc Thần Ngưu (bảo bảo)	五色神牛宝宝	2373	55	0	1	1051
23740	Ngũ Sắc Thần Ngưu	成年五色神牛	2374	65	0	0	1153
23741	Biến dị Ngũ Sắc Thần Ngưu	变异五色神牛	2374	65	1	0	1153
23742	Biến dị Ngũ Sắc Thần Ngưu	变异五色神牛	2374	65	1	0	1153
23743	Biến dị Ngũ Sắc Thần Ngưu	变异五色神牛	2374	65	1	0	1153
23744	Biến dị Ngũ Sắc Thần Ngưu	变异五色神牛	2374	65	1	0	1153
23745	Biến dị Ngũ Sắc Thần Ngưu	变异五色神牛	2374	65	1	0	1153
23749	Ngũ Sắc Thần Ngưu (bảo bảo)	五色神牛宝宝	2374	65	0	1	1153
23750	Ngũ Sắc Thần Ngưu	成年五色神牛	2375	75	0	0	1255
23751	Biến dị Ngũ Sắc Thần Ngưu	变异五色神牛	2375	75	1	0	1255
23752	Biến dị Ngũ Sắc Thần Ngưu	变异五色神牛	2375	75	1	0	1255
23753	Biến dị Ngũ Sắc Thần Ngưu	变异五色神牛	2375	75	1	0	1255
23754	Biến dị Ngũ Sắc Thần Ngưu	变异五色神牛	2375	75	1	0	1255
23755	Biến dị Ngũ Sắc Thần Ngưu	变异五色神牛	2375	75	1	0	1255
23756	Biến dị Ngũ Sắc Thần Ngưu	变异五色神牛	2375	75	1	0	1255
23759	Ngũ Sắc Thần Ngưu (bảo bảo)	五色神牛宝宝	2375	75	0	1	1255
23760	Ngũ Sắc Thần Ngưu	成年五色神牛	2376	85	0	0	1357
23761	Biến dị Ngũ Sắc Thần Ngưu	变异五色神牛	2376	85	1	0	1357
23762	Biến dị Ngũ Sắc Thần Ngưu	变异五色神牛	2376	85	1	0	1357
23763	Biến dị Ngũ Sắc Thần Ngưu	变异五色神牛	2376	85	1	0	1357
23764	Biến dị Ngũ Sắc Thần Ngưu	变异五色神牛	2376	85	1	0	1357
23765	Biến dị Ngũ Sắc Thần Ngưu	变异五色神牛	2376	85	1	0	1357
23766	Biến dị Ngũ Sắc Thần Ngưu	变异五色神牛	2376	85	1	0	1357
23767	Biến dị Ngũ Sắc Thần Ngưu	变异五色神牛	2376	85	1	0	1357
23769	Ngũ Sắc Thần Ngưu (bảo bảo)	五色神牛宝宝	2376	85	0	1	1357
23770	Ngũ Sắc Thần Ngưu	成年五色神牛	2377	95	0	0	1459
23771	Biến dị Ngũ Sắc Thần Ngưu	变异五色神牛	2377	95	1	0	1459
23772	Biến dị Ngũ Sắc Thần Ngưu	变异五色神牛	2377	95	1	0	1459
23773	Biến dị Ngũ Sắc Thần Ngưu	变异五色神牛	2377	95	1	0	1459
23774	Biến dị Ngũ Sắc Thần Ngưu	变异五色神牛	2377	95	1	0	1459
23775	Biến dị Ngũ Sắc Thần Ngưu	变异五色神牛	2377	95	1	0	1459
23776	Biến dị Ngũ Sắc Thần Ngưu	变异五色神牛	2377	95	1	0	1459
23777	Biến dị Ngũ Sắc Thần Ngưu	变异五色神牛	2377	95	1	0	1459
23778	Biến dị Ngũ Sắc Thần Ngưu	变异五色神牛	2377	95	1	0	1459
23779	Ngũ Sắc Thần Ngưu (bảo bảo)	五色神牛宝宝	2377	95	0	1	1459
23780	Cương Thi	成年僵尸	2378	45	0	0	948
23781	Biến dị Cương Thi	变异僵尸	2378	45	1	0	948
23782	Biến dị Cương Thi	变异僵尸	2378	45	1	0	948
23783	Biến dị Cương Thi	变异僵尸	2378	45	1	0	948
23789	Cương Thi (bảo bảo)	僵尸宝宝	2378	45	0	1	948
23790	Cương Thi	成年僵尸	2379	55	0	0	1051
23791	Biến dị Cương Thi	变异僵尸	2379	55	1	0	1051
23792	Biến dị Cương Thi	变异僵尸	2379	55	1	0	1051
23793	Biến dị Cương Thi	变异僵尸	2379	55	1	0	1051
23794	Biến dị Cương Thi	变异僵尸	2379	55	1	0	1051
23799	Cương Thi (bảo bảo)	僵尸宝宝	2379	55	0	1	1051
23800	Cương Thi	成年僵尸	2380	65	0	0	1153
23801	Biến dị Cương Thi	变异僵尸	2380	65	1	0	1153
23802	Biến dị Cương Thi	变异僵尸	2380	65	1	0	1153
23803	Biến dị Cương Thi	变异僵尸	2380	65	1	0	1153
23804	Biến dị Cương Thi	变异僵尸	2380	65	1	0	1153
23805	Biến dị Cương Thi	变异僵尸	2380	65	1	0	1153
23809	Cương Thi (bảo bảo)	僵尸宝宝	2380	65	0	1	1153
23810	Cương Thi	成年僵尸	2381	75	0	0	1255
23811	Biến dị Cương Thi	变异僵尸	2381	75	1	0	1255
23812	Biến dị Cương Thi	变异僵尸	2381	75	1	0	1255
23813	Biến dị Cương Thi	变异僵尸	2381	75	1	0	1255
23814	Biến dị Cương Thi	变异僵尸	2381	75	1	0	1255
23815	Biến dị Cương Thi	变异僵尸	2381	75	1	0	1255
23816	Biến dị Cương Thi	变异僵尸	2381	75	1	0	1255
23819	Cương Thi (bảo bảo)	僵尸宝宝	2381	75	0	1	1255
23820	Cương Thi	成年僵尸	2382	85	0	0	1357
23821	Biến dị Cương Thi	变异僵尸	2382	85	1	0	1357
23822	Biến dị Cương Thi	变异僵尸	2382	85	1	0	1357
23823	Biến dị Cương Thi	变异僵尸	2382	85	1	0	1357
23824	Biến dị Cương Thi	变异僵尸	2382	85	1	0	1357
23825	Biến dị Cương Thi	变异僵尸	2382	85	1	0	1357
23826	Biến dị Cương Thi	变异僵尸	2382	85	1	0	1357
23827	Biến dị Cương Thi	变异僵尸	2382	85	1	0	1357
23829	Cương Thi (bảo bảo)	僵尸宝宝	2382	85	0	1	1357
23830	Cương Thi	成年僵尸	2383	95	0	0	1459
23831	Biến dị Cương Thi	变异僵尸	2383	95	1	0	1459
23832	Biến dị Cương Thi	变异僵尸	2383	95	1	0	1459
23833	Biến dị Cương Thi	变异僵尸	2383	95	1	0	1459
23834	Biến dị Cương Thi	变异僵尸	2383	95	1	0	1459
23835	Biến dị Cương Thi	变异僵尸	2383	95	1	0	1459
23836	Biến dị Cương Thi	变异僵尸	2383	95	1	0	1459
23837	Biến dị Cương Thi	变异僵尸	2383	95	1	0	1459
23838	Biến dị Cương Thi	变异僵尸	2383	95	1	0	1459
23839	Cương Thi (bảo bảo)	僵尸宝宝	2383	95	0	1	1459
23840	U Minh Lang Yêu	成年幽冥狼妖	2384	5	0	0	846
23841	Biến dị U Minh Lang Yêu	变异幽冥狼妖	2384	5	1	0	846
23842	Biến dị U Minh Lang Yêu	变异幽冥狼妖	2384	5	1	0	846
23849	U Minh Lang Yêu (bảo bảo)	幽冥狼妖宝宝	2384	5	0	1	846
23850	U Minh Lang Yêu	成年幽冥狼妖	2385	45	0	0	948
23851	Biến dị U Minh Lang Yêu	变异幽冥狼妖	2385	45	1	0	948
23852	Biến dị U Minh Lang Yêu	变异幽冥狼妖	2385	45	1	0	948
23853	Biến dị U Minh Lang Yêu	变异幽冥狼妖	2385	45	1	0	948
23859	U Minh Lang Yêu (bảo bảo)	幽冥狼妖宝宝	2385	45	0	1	948
23860	U Minh Lang Yêu	成年幽冥狼妖	2386	55	0	0	1051
23861	Biến dị U Minh Lang Yêu	变异幽冥狼妖	2386	55	1	0	1051
23862	Biến dị U Minh Lang Yêu	变异幽冥狼妖	2386	55	1	0	1051
23863	Biến dị U Minh Lang Yêu	变异幽冥狼妖	2386	55	1	0	1051
23864	Biến dị U Minh Lang Yêu	变异幽冥狼妖	2386	55	1	0	1051
23869	U Minh Lang Yêu (bảo bảo)	幽冥狼妖宝宝	2386	55	0	1	1051
23870	U Minh Lang Yêu	成年幽冥狼妖	2387	65	0	0	1153
23871	Biến dị U Minh Lang Yêu	变异幽冥狼妖	2387	65	1	0	1153
23872	Biến dị U Minh Lang Yêu	变异幽冥狼妖	2387	65	1	0	1153
23873	Biến dị U Minh Lang Yêu	变异幽冥狼妖	2387	65	1	0	1153
23874	Biến dị U Minh Lang Yêu	变异幽冥狼妖	2387	65	1	0	1153
23875	Biến dị U Minh Lang Yêu	变异幽冥狼妖	2387	65	1	0	1153
23879	U Minh Lang Yêu (bảo bảo)	幽冥狼妖宝宝	2387	65	0	1	1153
23880	U Minh Lang Yêu	成年幽冥狼妖	2388	75	0	0	1255
23881	Biến dị U Minh Lang Yêu	变异幽冥狼妖	2388	75	1	0	1255
23882	Biến dị U Minh Lang Yêu	变异幽冥狼妖	2388	75	1	0	1255
23883	Biến dị U Minh Lang Yêu	变异幽冥狼妖	2388	75	1	0	1255
23884	Biến dị U Minh Lang Yêu	变异幽冥狼妖	2388	75	1	0	1255
23885	Biến dị U Minh Lang Yêu	变异幽冥狼妖	2388	75	1	0	1255
23886	Biến dị U Minh Lang Yêu	变异幽冥狼妖	2388	75	1	0	1255
23889	U Minh Lang Yêu (bảo bảo)	幽冥狼妖宝宝	2388	75	0	1	1255
23890	U Minh Lang Yêu	成年幽冥狼妖	2389	85	0	0	1357
23891	Biến dị U Minh Lang Yêu	变异幽冥狼妖	2389	85	1	0	1357
23892	Biến dị U Minh Lang Yêu	变异幽冥狼妖	2389	85	1	0	1357
23893	Biến dị U Minh Lang Yêu	变异幽冥狼妖	2389	85	1	0	1357
23894	Biến dị U Minh Lang Yêu	变异幽冥狼妖	2389	85	1	0	1357
23895	Biến dị U Minh Lang Yêu	变异幽冥狼妖	2389	85	1	0	1357
23896	Biến dị U Minh Lang Yêu	变异幽冥狼妖	2389	85	1	0	1357
23897	Biến dị U Minh Lang Yêu	变异幽冥狼妖	2389	85	1	0	1357
23899	U Minh Lang Yêu (bảo bảo)	幽冥狼妖宝宝	2389	85	0	1	1357
23900	U Minh Lang Yêu	成年幽冥狼妖	2390	95	0	0	1459
23901	Biến dị U Minh Lang Yêu	变异幽冥狼妖	2390	95	1	0	1459
23902	Biến dị U Minh Lang Yêu	变异幽冥狼妖	2390	95	1	0	1459
23903	Biến dị U Minh Lang Yêu	变异幽冥狼妖	2390	95	1	0	1459
23904	Biến dị U Minh Lang Yêu	变异幽冥狼妖	2390	95	1	0	1459
23905	Biến dị U Minh Lang Yêu	变异幽冥狼妖	2390	95	1	0	1459
23906	Biến dị U Minh Lang Yêu	变异幽冥狼妖	2390	95	1	0	1459
23907	Biến dị U Minh Lang Yêu	变异幽冥狼妖	2390	95	1	0	1459
23908	Biến dị U Minh Lang Yêu	变异幽冥狼妖	2390	95	1	0	1459
23909	U Minh Lang Yêu (bảo bảo)	幽冥狼妖宝宝	2390	95	0	1	1459
23910	Thất Xảo Ly Miêu	成年七巧狸猫	2391	5	0	0	846
23911	Biến dị Thất Xảo Ly Miêu	变异七巧狸猫	2391	5	1	0	846
23912	Biến dị Thất Xảo Ly Miêu	变异七巧狸猫	2391	5	1	0	846
23919	Thất Xảo Ly Miêu (bảo bảo)	七巧狸猫宝宝	2391	5	0	1	846
23920	Thất Xảo Ly Miêu	成年七巧狸猫	2392	45	0	0	948
23921	Biến dị Thất Xảo Ly Miêu	变异七巧狸猫	2392	45	1	0	948
23922	Biến dị Thất Xảo Ly Miêu	变异七巧狸猫	2392	45	1	0	948
23923	Biến dị Thất Xảo Ly Miêu	变异七巧狸猫	2392	45	1	0	948
23929	Thất Xảo Ly Miêu (bảo bảo)	七巧狸猫宝宝	2392	45	0	1	948
23930	Thất Xảo Ly Miêu	成年七巧狸猫	2393	55	0	0	1051
23931	Biến dị Thất Xảo Ly Miêu	变异七巧狸猫	2393	55	1	0	1051
23932	Biến dị Thất Xảo Ly Miêu	变异七巧狸猫	2393	55	1	0	1051
23933	Biến dị Thất Xảo Ly Miêu	变异七巧狸猫	2393	55	1	0	1051
23934	Biến dị Thất Xảo Ly Miêu	变异七巧狸猫	2393	55	1	0	1051
23939	Thất Xảo Ly Miêu (bảo bảo)	七巧狸猫宝宝	2393	55	0	1	1051
23940	Thất Xảo Ly Miêu	成年七巧狸猫	2394	65	0	0	1153
23941	Biến dị Thất Xảo Ly Miêu	变异七巧狸猫	2394	65	1	0	1153
23942	Biến dị Thất Xảo Ly Miêu	变异七巧狸猫	2394	65	1	0	1153
23943	Biến dị Thất Xảo Ly Miêu	变异七巧狸猫	2394	65	1	0	1153
23944	Biến dị Thất Xảo Ly Miêu	变异七巧狸猫	2394	65	1	0	1153
23945	Biến dị Thất Xảo Ly Miêu	变异七巧狸猫	2394	65	1	0	1153
23949	Thất Xảo Ly Miêu (bảo bảo)	七巧狸猫宝宝	2394	65	0	1	1153
23950	Thất Xảo Ly Miêu	成年七巧狸猫	2395	75	0	0	1255
23951	Biến dị Thất Xảo Ly Miêu	变异七巧狸猫	2395	75	1	0	1255
23952	Biến dị Thất Xảo Ly Miêu	变异七巧狸猫	2395	75	1	0	1255
23953	Biến dị Thất Xảo Ly Miêu	变异七巧狸猫	2395	75	1	0	1255
23954	Biến dị Thất Xảo Ly Miêu	变异七巧狸猫	2395	75	1	0	1255
23955	Biến dị Thất Xảo Ly Miêu	变异七巧狸猫	2395	75	1	0	1255
23956	Biến dị Thất Xảo Ly Miêu	变异七巧狸猫	2395	75	1	0	1255
23959	Thất Xảo Ly Miêu (bảo bảo)	七巧狸猫宝宝	2395	75	0	1	1255
23960	Thất Xảo Ly Miêu	成年七巧狸猫	2396	85	0	0	1357
23961	Biến dị Thất Xảo Ly Miêu	变异七巧狸猫	2396	85	1	0	1357
23962	Biến dị Thất Xảo Ly Miêu	变异七巧狸猫	2396	85	1	0	1357
23963	Biến dị Thất Xảo Ly Miêu	变异七巧狸猫	2396	85	1	0	1357
23964	Biến dị Thất Xảo Ly Miêu	变异七巧狸猫	2396	85	1	0	1357
23965	Biến dị Thất Xảo Ly Miêu	变异七巧狸猫	2396	85	1	0	1357
23966	Biến dị Thất Xảo Ly Miêu	变异七巧狸猫	2396	85	1	0	1357
23967	Biến dị Thất Xảo Ly Miêu	变异七巧狸猫	2396	85	1	0	1357
23969	Thất Xảo Ly Miêu (bảo bảo)	七巧狸猫宝宝	2396	85	0	1	1357
23970	Thất Xảo Ly Miêu	成年七巧狸猫	2397	95	0	0	1459
23971	Biến dị Thất Xảo Ly Miêu	变异七巧狸猫	2397	95	1	0	1459
23972	Biến dị Thất Xảo Ly Miêu	变异七巧狸猫	2397	95	1	0	1459
23973	Biến dị Thất Xảo Ly Miêu	变异七巧狸猫	2397	95	1	0	1459
23974	Biến dị Thất Xảo Ly Miêu	变异七巧狸猫	2397	95	1	0	1459
23975	Biến dị Thất Xảo Ly Miêu	变异七巧狸猫	2397	95	1	0	1459
23976	Biến dị Thất Xảo Ly Miêu	变异七巧狸猫	2397	95	1	0	1459
23977	Biến dị Thất Xảo Ly Miêu	变异七巧狸猫	2397	95	1	0	1459
23978	Biến dị Thất Xảo Ly Miêu	变异七巧狸猫	2397	95	1	0	1459
23979	Thất Xảo Ly Miêu (bảo bảo)	七巧狸猫宝宝	2397	95	0	1	1459
23980	Ngọc Loan Phượng	成年玉鸾凤	2398	5	0	0	846
23981	Biến dị Ngọc Loan Phượng	变异玉鸾凤	2398	5	1	0	846
23982	Biến dị Ngọc Loan Phượng	变异玉鸾凤	2398	5	1	0	846
23989	Ngọc Loan Phượng (bảo bảo)	玉鸾凤宝宝	2398	5	0	1	846
23990	Ngọc Loan Phượng	成年玉鸾凤	2399	45	0	0	948
23991	Biến dị Ngọc Loan Phượng	变异玉鸾凤	2399	45	1	0	948
23992	Biến dị Ngọc Loan Phượng	变异玉鸾凤	2399	45	1	0	948
23993	Biến dị Ngọc Loan Phượng	变异玉鸾凤	2399	45	1	0	948
23999	Ngọc Loan Phượng (bảo bảo)	玉鸾凤宝宝	2399	45	0	1	948
24000	Ngọc Loan Phượng	成年玉鸾凤	2400	55	0	0	1051
24001	Biến dị Ngọc Loan Phượng	变异玉鸾凤	2400	55	1	0	1051
24002	Biến dị Ngọc Loan Phượng	变异玉鸾凤	2400	55	1	0	1051
24003	Biến dị Ngọc Loan Phượng	变异玉鸾凤	2400	55	1	0	1051
24004	Biến dị Ngọc Loan Phượng	变异玉鸾凤	2400	55	1	0	1051
24009	Ngọc Loan Phượng (bảo bảo)	玉鸾凤宝宝	2400	55	0	1	1051
24010	Ngọc Loan Phượng	成年玉鸾凤	2401	65	0	0	1153
24011	Biến dị Ngọc Loan Phượng	变异玉鸾凤	2401	65	1	0	1153
24012	Biến dị Ngọc Loan Phượng	变异玉鸾凤	2401	65	1	0	1153
24013	Biến dị Ngọc Loan Phượng	变异玉鸾凤	2401	65	1	0	1153
24014	Biến dị Ngọc Loan Phượng	变异玉鸾凤	2401	65	1	0	1153
24015	Biến dị Ngọc Loan Phượng	变异玉鸾凤	2401	65	1	0	1153
24019	Ngọc Loan Phượng (bảo bảo)	玉鸾凤宝宝	2401	65	0	1	1153
24020	Ngọc Loan Phượng	成年玉鸾凤	2402	75	0	0	1255
24021	Biến dị Ngọc Loan Phượng	变异玉鸾凤	2402	75	1	0	1255
24022	Biến dị Ngọc Loan Phượng	变异玉鸾凤	2402	75	1	0	1255
24023	Biến dị Ngọc Loan Phượng	变异玉鸾凤	2402	75	1	0	1255
24024	Biến dị Ngọc Loan Phượng	变异玉鸾凤	2402	75	1	0	1255
24025	Biến dị Ngọc Loan Phượng	变异玉鸾凤	2402	75	1	0	1255
24026	Biến dị Ngọc Loan Phượng	变异玉鸾凤	2402	75	1	0	1255
24029	Ngọc Loan Phượng (bảo bảo)	玉鸾凤宝宝	2402	75	0	1	1255
24030	Ngọc Loan Phượng	成年玉鸾凤	2403	85	0	0	1357
24031	Biến dị Ngọc Loan Phượng	变异玉鸾凤	2403	85	1	0	1357
24032	Biến dị Ngọc Loan Phượng	变异玉鸾凤	2403	85	1	0	1357
24033	Biến dị Ngọc Loan Phượng	变异玉鸾凤	2403	85	1	0	1357
24034	Biến dị Ngọc Loan Phượng	变异玉鸾凤	2403	85	1	0	1357
24035	Biến dị Ngọc Loan Phượng	变异玉鸾凤	2403	85	1	0	1357
24036	Biến dị Ngọc Loan Phượng	变异玉鸾凤	2403	85	1	0	1357
24037	Biến dị Ngọc Loan Phượng	变异玉鸾凤	2403	85	1	0	1357
24039	Ngọc Loan Phượng (bảo bảo)	玉鸾凤宝宝	2403	85	0	1	1357
24040	Ngọc Loan Phượng	成年玉鸾凤	2404	95	0	0	1459
24041	Biến dị Ngọc Loan Phượng	变异玉鸾凤	2404	95	1	0	1459
24042	Biến dị Ngọc Loan Phượng	变异玉鸾凤	2404	95	1	0	1459
24043	Biến dị Ngọc Loan Phượng	变异玉鸾凤	2404	95	1	0	1459
24044	Biến dị Ngọc Loan Phượng	变异玉鸾凤	2404	95	1	0	1459
24045	Biến dị Ngọc Loan Phượng	变异玉鸾凤	2404	95	1	0	1459
24046	Biến dị Ngọc Loan Phượng	变异玉鸾凤	2404	95	1	0	1459
24047	Biến dị Ngọc Loan Phượng	变异玉鸾凤	2404	95	1	0	1459
24048	Biến dị Ngọc Loan Phượng	变异玉鸾凤	2404	95	1	0	1459
24049	Ngọc Loan Phượng (bảo bảo)	玉鸾凤宝宝	2404	95	0	1	1459
24050	Thần Xí Nga	成年神企鹅	2405	5	0	0	846
24051	Biến dị Thần Xí Nga	变异神企鹅	2405	5	1	0	846
24052	Biến dị Thần Xí Nga	变异神企鹅	2405	5	1	0	846
24059	Thần Xí Nga (bảo bảo)	神企鹅宝宝	2405	5	0	1	846
24060	Thần Xí Nga	成年神企鹅	2406	45	0	0	948
24061	Biến dị Thần Xí Nga	变异神企鹅	2406	45	1	0	948
24062	Biến dị Thần Xí Nga	变异神企鹅	2406	45	1	0	948
24063	Biến dị Thần Xí Nga	变异神企鹅	2406	45	1	0	948
24069	Thần Xí Nga (bảo bảo)	神企鹅宝宝	2406	45	0	1	948
24070	Thần Xí Nga	成年神企鹅	2407	55	0	0	1051
24071	Biến dị Thần Xí Nga	变异神企鹅	2407	55	1	0	1051
24072	Biến dị Thần Xí Nga	变异神企鹅	2407	55	1	0	1051
24073	Biến dị Thần Xí Nga	变异神企鹅	2407	55	1	0	1051
24074	Biến dị Thần Xí Nga	变异神企鹅	2407	55	1	0	1051
24079	Thần Xí Nga (bảo bảo)	神企鹅宝宝	2407	55	0	1	1051
24090	Thần Xí Nga	成年神企鹅	2409	75	0	0	1255
24091	Biến dị Thần Xí Nga	变异神企鹅	2409	75	1	0	1255
24092	Biến dị Thần Xí Nga	变异神企鹅	2409	75	1	0	1255
24093	Biến dị Thần Xí Nga	变异神企鹅	2409	75	1	0	1255
24094	Biến dị Thần Xí Nga	变异神企鹅	2409	75	1	0	1255
24095	Biến dị Thần Xí Nga	变异神企鹅	2409	75	1	0	1255
24096	Biến dị Thần Xí Nga	变异神企鹅	2409	75	1	0	1255
24099	Thần Xí Nga (bảo bảo)	神企鹅宝宝	2409	75	0	1	1255
24100	Thần Xí Nga	成年神企鹅	2410	85	0	0	1357
24101	Biến dị Thần Xí Nga	变异神企鹅	2410	85	1	0	1357
24102	Biến dị Thần Xí Nga	变异神企鹅	2410	85	1	0	1357
24103	Biến dị Thần Xí Nga	变异神企鹅	2410	85	1	0	1357
24104	Biến dị Thần Xí Nga	变异神企鹅	2410	85	1	0	1357
24105	Biến dị Thần Xí Nga	变异神企鹅	2410	85	1	0	1357
24106	Biến dị Thần Xí Nga	变异神企鹅	2410	85	1	0	1357
24107	Biến dị Thần Xí Nga	变异神企鹅	2410	85	1	0	1357
24109	Thần Xí Nga (bảo bảo)	神企鹅宝宝	2410	85	0	1	1357
24110	Thần Xí Nga	成年神企鹅	2411	95	0	0	1459
24111	Biến dị Thần Xí Nga	变异神企鹅	2411	95	1	0	1459
24112	Biến dị Thần Xí Nga	变异神企鹅	2411	95	1	0	1459
24113	Biến dị Thần Xí Nga	变异神企鹅	2411	95	1	0	1459
24114	Biến dị Thần Xí Nga	变异神企鹅	2411	95	1	0	1459
24115	Biến dị Thần Xí Nga	变异神企鹅	2411	95	1	0	1459
24116	Biến dị Thần Xí Nga	变异神企鹅	2411	95	1	0	1459
24117	Biến dị Thần Xí Nga	变异神企鹅	2411	95	1	0	1459
24118	Biến dị Thần Xí Nga	变异神企鹅	2411	95	1	0	1459
24119	Thần Xí Nga (bảo bảo)	神企鹅宝宝	2411	95	0	1	1459
24120	Linh Thỏ Song Kiệt	成年灵兔双杰	2412	5	0	0	846
24121	Biến dị Linh Thỏ Song Kiệt	变异灵兔双杰	2412	5	1	0	846
24122	Biến dị Linh Thỏ Song Kiệt	变异灵兔双杰	2412	5	1	0	846
24129	Linh Thỏ Song Kiệt (bảo bảo)	灵兔双杰宝宝	2412	5	0	1	846
24130	Linh Thỏ Song Kiệt	成年灵兔双杰	2413	45	0	0	948
24131	Biến dị Linh Thỏ Song Kiệt	变异灵兔双杰	2413	45	1	0	948
24132	Biến dị Linh Thỏ Song Kiệt	变异灵兔双杰	2413	45	1	0	948
24133	Biến dị Linh Thỏ Song Kiệt	变异灵兔双杰	2413	45	1	0	948
24139	Linh Thỏ Song Kiệt (bảo bảo)	灵兔双杰宝宝	2413	45	0	1	948
24140	Linh Thỏ Song Kiệt	成年灵兔双杰	2414	55	0	0	1051
24141	Biến dị Linh Thỏ Song Kiệt	变异灵兔双杰	2414	55	1	0	1051
24142	Biến dị Linh Thỏ Song Kiệt	变异灵兔双杰	2414	55	1	0	1051
24143	Biến dị Linh Thỏ Song Kiệt	变异灵兔双杰	2414	55	1	0	1051
24144	Biến dị Linh Thỏ Song Kiệt	变异灵兔双杰	2414	55	1	0	1051
24149	Linh Thỏ Song Kiệt (bảo bảo)	灵兔双杰宝宝	2414	55	0	1	1051
24150	Linh Thỏ Song Kiệt	成年灵兔双杰	2415	65	0	0	1153
24151	Biến dị Linh Thỏ Song Kiệt	变异灵兔双杰	2415	65	1	0	1153
24152	Biến dị Linh Thỏ Song Kiệt	变异灵兔双杰	2415	65	1	0	1153
24153	Biến dị Linh Thỏ Song Kiệt	变异灵兔双杰	2415	65	1	0	1153
24154	Biến dị Linh Thỏ Song Kiệt	变异灵兔双杰	2415	65	1	0	1153
24155	Biến dị Linh Thỏ Song Kiệt	变异灵兔双杰	2415	65	1	0	1153
24159	Linh Thỏ Song Kiệt (bảo bảo)	灵兔双杰宝宝	2415	65	0	1	1153
24160	Linh Thỏ Song Kiệt	成年灵兔双杰	2416	75	0	0	1255
24161	Biến dị Linh Thỏ Song Kiệt	变异灵兔双杰	2416	75	1	0	1255
24162	Biến dị Linh Thỏ Song Kiệt	变异灵兔双杰	2416	75	1	0	1255
24163	Biến dị Linh Thỏ Song Kiệt	变异灵兔双杰	2416	75	1	0	1255
24164	Biến dị Linh Thỏ Song Kiệt	变异灵兔双杰	2416	75	1	0	1255
24165	Biến dị Linh Thỏ Song Kiệt	变异灵兔双杰	2416	75	1	0	1255
24166	Biến dị Linh Thỏ Song Kiệt	变异灵兔双杰	2416	75	1	0	1255
24169	Linh Thỏ Song Kiệt (bảo bảo)	灵兔双杰宝宝	2416	75	0	1	1255
24170	Linh Thỏ Song Kiệt	成年灵兔双杰	2417	85	0	0	1357
24171	Biến dị Linh Thỏ Song Kiệt	变异灵兔双杰	2417	85	1	0	1357
24172	Biến dị Linh Thỏ Song Kiệt	变异灵兔双杰	2417	85	1	0	1357
24173	Biến dị Linh Thỏ Song Kiệt	变异灵兔双杰	2417	85	1	0	1357
24174	Biến dị Linh Thỏ Song Kiệt	变异灵兔双杰	2417	85	1	0	1357
24175	Biến dị Linh Thỏ Song Kiệt	变异灵兔双杰	2417	85	1	0	1357
24176	Biến dị Linh Thỏ Song Kiệt	变异灵兔双杰	2417	85	1	0	1357
24177	Biến dị Linh Thỏ Song Kiệt	变异灵兔双杰	2417	85	1	0	1357
24179	Linh Thỏ Song Kiệt (bảo bảo)	灵兔双杰宝宝	2417	85	0	1	1357
24180	Linh Thỏ Song Kiệt	成年灵兔双杰	2418	95	0	0	1459
24181	Biến dị Linh Thỏ Song Kiệt	变异灵兔双杰	2418	95	1	0	1459
24182	Biến dị Linh Thỏ Song Kiệt	变异灵兔双杰	2418	95	1	0	1459
24183	Biến dị Linh Thỏ Song Kiệt	变异灵兔双杰	2418	95	1	0	1459
24184	Biến dị Linh Thỏ Song Kiệt	变异灵兔双杰	2418	95	1	0	1459
24185	Biến dị Linh Thỏ Song Kiệt	变异灵兔双杰	2418	95	1	0	1459
24186	Biến dị Linh Thỏ Song Kiệt	变异灵兔双杰	2418	95	1	0	1459
24187	Biến dị Linh Thỏ Song Kiệt	变异灵兔双杰	2418	95	1	0	1459
24188	Biến dị Linh Thỏ Song Kiệt	变异灵兔双杰	2418	95	1	0	1459
24189	Linh Thỏ Song Kiệt (bảo bảo)	灵兔双杰宝宝	2418	95	0	1	1459
24190	Man Thạch Quái	成年蛮石怪	2419	5	0	0	846
24191	Biến dị Man Thạch Quái	变异蛮石怪	2419	5	1	0	846
24192	Biến dị Man Thạch Quái	变异蛮石怪	2419	5	1	0	846
24199	Man Thạch Quái (bảo bảo)	蛮石怪宝宝	2419	5	0	1	846
24200	Man Thạch Quái	成年蛮石怪	2420	45	0	0	948
24201	Biến dị Man Thạch Quái	变异蛮石怪	2420	45	1	0	948
24202	Biến dị Man Thạch Quái	变异蛮石怪	2420	45	1	0	948
24203	Biến dị Man Thạch Quái	变异蛮石怪	2420	45	1	0	948
24209	Man Thạch Quái (bảo bảo)	蛮石怪宝宝	2420	45	0	1	948
24210	Man Thạch Quái	成年蛮石怪	2421	55	0	0	1051
24211	Biến dị Man Thạch Quái	变异蛮石怪	2421	55	1	0	1051
24212	Biến dị Man Thạch Quái	变异蛮石怪	2421	55	1	0	1051
24213	Biến dị Man Thạch Quái	变异蛮石怪	2421	55	1	0	1051
24214	Biến dị Man Thạch Quái	变异蛮石怪	2421	55	1	0	1051
24219	Man Thạch Quái (bảo bảo)	蛮石怪宝宝	2421	55	0	1	1051
24220	Man Thạch Quái	成年蛮石怪	2422	65	0	0	1153
24221	Biến dị Man Thạch Quái	变异蛮石怪	2422	65	1	0	1153
24222	Biến dị Man Thạch Quái	变异蛮石怪	2422	65	1	0	1153
24223	Biến dị Man Thạch Quái	变异蛮石怪	2422	65	1	0	1153
24224	Biến dị Man Thạch Quái	变异蛮石怪	2422	65	1	0	1153
24225	Biến dị Man Thạch Quái	变异蛮石怪	2422	65	1	0	1153
24229	Man Thạch Quái (bảo bảo)	蛮石怪宝宝	2422	65	0	1	1153
24230	Man Thạch Quái	成年蛮石怪	2423	75	0	0	1255
24231	Biến dị Man Thạch Quái	变异蛮石怪	2423	75	1	0	1255
24232	Biến dị Man Thạch Quái	变异蛮石怪	2423	75	1	0	1255
24233	Biến dị Man Thạch Quái	变异蛮石怪	2423	75	1	0	1255
24234	Biến dị Man Thạch Quái	变异蛮石怪	2423	75	1	0	1255
24235	Biến dị Man Thạch Quái	变异蛮石怪	2423	75	1	0	1255
24236	Biến dị Man Thạch Quái	变异蛮石怪	2423	75	1	0	1255
24239	Man Thạch Quái (bảo bảo)	蛮石怪宝宝	2423	75	0	1	1255
24240	Man Thạch Quái	成年蛮石怪	2424	85	0	0	1357
24241	Biến dị Man Thạch Quái	变异蛮石怪	2424	85	1	0	1357
24242	Biến dị Man Thạch Quái	变异蛮石怪	2424	85	1	0	1357
24243	Biến dị Man Thạch Quái	变异蛮石怪	2424	85	1	0	1357
24244	Biến dị Man Thạch Quái	变异蛮石怪	2424	85	1	0	1357
24245	Biến dị Man Thạch Quái	变异蛮石怪	2424	85	1	0	1357
24246	Biến dị Man Thạch Quái	变异蛮石怪	2424	85	1	0	1357
24247	Biến dị Man Thạch Quái	变异蛮石怪	2424	85	1	0	1357
24249	Man Thạch Quái (bảo bảo)	蛮石怪宝宝	2424	85	0	1	1357
24250	Man Thạch Quái	成年蛮石怪	2425	95	0	0	1459
24251	Biến dị Man Thạch Quái	变异蛮石怪	2425	95	1	0	1459
24252	Biến dị Man Thạch Quái	变异蛮石怪	2425	95	1	0	1459
24253	Biến dị Man Thạch Quái	变异蛮石怪	2425	95	1	0	1459
24254	Biến dị Man Thạch Quái	变异蛮石怪	2425	95	1	0	1459
24255	Biến dị Man Thạch Quái	变异蛮石怪	2425	95	1	0	1459
24256	Biến dị Man Thạch Quái	变异蛮石怪	2425	95	1	0	1459
24257	Biến dị Man Thạch Quái	变异蛮石怪	2425	95	1	0	1459
24258	Biến dị Man Thạch Quái	变异蛮石怪	2425	95	1	0	1459
24259	Man Thạch Quái (bảo bảo)	蛮石怪宝宝	2425	95	0	1	1459
24260	Tinh Linh Thỏ	成年精灵兔	2426	5	0	0	846
24261	Biến dị Tinh Linh Thỏ	变异精灵兔	2426	5	1	0	846
24262	Biến dị Tinh Linh Thỏ	变异精灵兔	2426	5	1	0	846
24269	Tinh Linh Thỏ (bảo bảo)	精灵兔宝宝	2426	5	0	1	846
24270	Tinh Linh Thỏ	成年精灵兔	2427	45	0	0	948
24271	Biến dị Tinh Linh Thỏ	变异精灵兔	2427	45	1	0	948
24272	Biến dị Tinh Linh Thỏ	变异精灵兔	2427	45	1	0	948
24273	Biến dị Tinh Linh Thỏ	变异精灵兔	2427	45	1	0	948
24279	Tinh Linh Thỏ (bảo bảo)	精灵兔宝宝	2427	45	0	1	948
24280	Tinh Linh Thỏ	成年精灵兔	2428	55	0	0	1051
24281	Biến dị Tinh Linh Thỏ	变异精灵兔	2428	55	1	0	1051
24282	Biến dị Tinh Linh Thỏ	变异精灵兔	2428	55	1	0	1051
24283	Biến dị Tinh Linh Thỏ	变异精灵兔	2428	55	1	0	1051
24284	Biến dị Tinh Linh Thỏ	变异精灵兔	2428	55	1	0	1051
24289	Tinh Linh Thỏ (bảo bảo)	精灵兔宝宝	2428	55	0	1	1051
24290	Tinh Linh Thỏ	成年精灵兔	2429	65	0	0	1153
24291	Biến dị Tinh Linh Thỏ	变异精灵兔	2429	65	1	0	1153
24292	Biến dị Tinh Linh Thỏ	变异精灵兔	2429	65	1	0	1153
24293	Biến dị Tinh Linh Thỏ	变异精灵兔	2429	65	1	0	1153
24294	Biến dị Tinh Linh Thỏ	变异精灵兔	2429	65	1	0	1153
24295	Biến dị Tinh Linh Thỏ	变异精灵兔	2429	65	1	0	1153
24299	Tinh Linh Thỏ (bảo bảo)	精灵兔宝宝	2429	65	0	1	1153
24300	Tinh Linh Thỏ	成年精灵兔	2430	75	0	0	1255
24301	Biến dị Tinh Linh Thỏ	变异精灵兔	2430	75	1	0	1255
24302	Biến dị Tinh Linh Thỏ	变异精灵兔	2430	75	1	0	1255
24303	Biến dị Tinh Linh Thỏ	变异精灵兔	2430	75	1	0	1255
24304	Biến dị Tinh Linh Thỏ	变异精灵兔	2430	75	1	0	1255
24305	Biến dị Tinh Linh Thỏ	变异精灵兔	2430	75	1	0	1255
24306	Biến dị Tinh Linh Thỏ	变异精灵兔	2430	75	1	0	1255
24309	Tinh Linh Thỏ (bảo bảo)	精灵兔宝宝	2430	75	0	1	1255
24310	Tinh Linh Thỏ	成年精灵兔	2431	85	0	0	1357
24311	Biến dị Tinh Linh Thỏ	变异精灵兔	2431	85	1	0	1357
24312	Biến dị Tinh Linh Thỏ	变异精灵兔	2431	85	1	0	1357
24313	Biến dị Tinh Linh Thỏ	变异精灵兔	2431	85	1	0	1357
24314	Biến dị Tinh Linh Thỏ	变异精灵兔	2431	85	1	0	1357
24315	Biến dị Tinh Linh Thỏ	变异精灵兔	2431	85	1	0	1357
24316	Biến dị Tinh Linh Thỏ	变异精灵兔	2431	85	1	0	1357
24317	Biến dị Tinh Linh Thỏ	变异精灵兔	2431	85	1	0	1357
24319	Tinh Linh Thỏ (bảo bảo)	精灵兔宝宝	2431	85	0	1	1357
24320	Tinh Linh Thỏ	成年精灵兔	2432	95	0	0	1459
24321	Biến dị Tinh Linh Thỏ	变异精灵兔	2432	95	1	0	1459
24322	Biến dị Tinh Linh Thỏ	变异精灵兔	2432	95	1	0	1459
24323	Biến dị Tinh Linh Thỏ	变异精灵兔	2432	95	1	0	1459
24324	Biến dị Tinh Linh Thỏ	变异精灵兔	2432	95	1	0	1459
24325	Biến dị Tinh Linh Thỏ	变异精灵兔	2432	95	1	0	1459
24326	Biến dị Tinh Linh Thỏ	变异精灵兔	2432	95	1	0	1459
24327	Biến dị Tinh Linh Thỏ	变异精灵兔	2432	95	1	0	1459
24328	Biến dị Tinh Linh Thỏ	变异精灵兔	2432	95	1	0	1459
24329	Tinh Linh Thỏ (bảo bảo)	精灵兔宝宝	2432	95	0	1	1459
24330	Cẩm Mao Thử	成年锦毛鼠	2433	5	0	0	846
24331	Biến dị Cẩm Mao Thử	变异锦毛鼠	2433	5	1	0	846
24332	Biến dị Cẩm Mao Thử	变异锦毛鼠	2433	5	1	0	846
24339	Cẩm Mao Thử (bảo bảo)	锦毛鼠宝宝	2433	5	0	1	846
24340	Cẩm Mao Thử	成年锦毛鼠	2434	45	0	0	948
24341	Biến dị Cẩm Mao Thử	变异锦毛鼠	2434	45	1	0	948
24342	Biến dị Cẩm Mao Thử	变异锦毛鼠	2434	45	1	0	948
24343	Biến dị Cẩm Mao Thử	变异锦毛鼠	2434	45	1	0	948
24349	Cẩm Mao Thử (bảo bảo)	锦毛鼠宝宝	2434	45	0	1	948
24350	Cẩm Mao Thử	成年锦毛鼠	2435	55	0	0	1051
24351	Biến dị Cẩm Mao Thử	变异锦毛鼠	2435	55	1	0	1051
24352	Biến dị Cẩm Mao Thử	变异锦毛鼠	2435	55	1	0	1051
24353	Biến dị Cẩm Mao Thử	变异锦毛鼠	2435	55	1	0	1051
24354	Biến dị Cẩm Mao Thử	变异锦毛鼠	2435	55	1	0	1051
24359	Cẩm Mao Thử (bảo bảo)	锦毛鼠宝宝	2435	55	0	1	1051
24360	Cẩm Mao Thử	成年锦毛鼠	2436	65	0	0	1153
24361	Biến dị Cẩm Mao Thử	变异锦毛鼠	2436	65	1	0	1153
24362	Biến dị Cẩm Mao Thử	变异锦毛鼠	2436	65	1	0	1153
24363	Biến dị Cẩm Mao Thử	变异锦毛鼠	2436	65	1	0	1153
24364	Biến dị Cẩm Mao Thử	变异锦毛鼠	2436	65	1	0	1153
24365	Biến dị Cẩm Mao Thử	变异锦毛鼠	2436	65	1	0	1153
24369	Cẩm Mao Thử (bảo bảo)	锦毛鼠宝宝	2436	65	0	1	1153
24370	Cẩm Mao Thử	成年锦毛鼠	2437	75	0	0	1255
24371	Biến dị Cẩm Mao Thử	变异锦毛鼠	2437	75	1	0	1255
24372	Biến dị Cẩm Mao Thử	变异锦毛鼠	2437	75	1	0	1255
24373	Biến dị Cẩm Mao Thử	变异锦毛鼠	2437	75	1	0	1255
24374	Biến dị Cẩm Mao Thử	变异锦毛鼠	2437	75	1	0	1255
24375	Biến dị Cẩm Mao Thử	变异锦毛鼠	2437	75	1	0	1255
24376	Biến dị Cẩm Mao Thử	变异锦毛鼠	2437	75	1	0	1255
24379	Cẩm Mao Thử (bảo bảo)	锦毛鼠宝宝	2437	75	0	1	1255
24380	Cẩm Mao Thử	成年锦毛鼠	2438	85	0	0	1357
24381	Biến dị Cẩm Mao Thử	变异锦毛鼠	2438	85	1	0	1357
24382	Biến dị Cẩm Mao Thử	变异锦毛鼠	2438	85	1	0	1357
24383	Biến dị Cẩm Mao Thử	变异锦毛鼠	2438	85	1	0	1357
24384	Biến dị Cẩm Mao Thử	变异锦毛鼠	2438	85	1	0	1357
24385	Biến dị Cẩm Mao Thử	变异锦毛鼠	2438	85	1	0	1357
24386	Biến dị Cẩm Mao Thử	变异锦毛鼠	2438	85	1	0	1357
24387	Biến dị Cẩm Mao Thử	变异锦毛鼠	2438	85	1	0	1357
24389	Cẩm Mao Thử (bảo bảo)	锦毛鼠宝宝	2438	85	0	1	1357
24390	Cẩm Mao Thử	成年锦毛鼠	2439	95	0	0	1459
24391	Biến dị Cẩm Mao Thử	变异锦毛鼠	2439	95	1	0	1459
24392	Biến dị Cẩm Mao Thử	变异锦毛鼠	2439	95	1	0	1459
24393	Biến dị Cẩm Mao Thử	变异锦毛鼠	2439	95	1	0	1459
24394	Biến dị Cẩm Mao Thử	变异锦毛鼠	2439	95	1	0	1459
24395	Biến dị Cẩm Mao Thử	变异锦毛鼠	2439	95	1	0	1459
24396	Biến dị Cẩm Mao Thử	变异锦毛鼠	2439	95	1	0	1459
24397	Biến dị Cẩm Mao Thử	变异锦毛鼠	2439	95	1	0	1459
24398	Biến dị Cẩm Mao Thử	变异锦毛鼠	2439	95	1	0	1459
24399	Cẩm Mao Thử (bảo bảo)	锦毛鼠宝宝	2439	95	0	1	1459
24400	Đa Ngoạn Hùng	成年多玩熊	2440	5	0	0	693
24401	Biến dị Đa Ngoạn Hùng	变异多玩熊	2440	5	1	0	693
24402	Biến dị Đa Ngoạn Hùng	变异多玩熊	2440	5	1	0	693
24409	Đa Ngoạn Hùng (bảo bảo)	多玩熊宝宝	2440	5	0	1	693
24410	Y Y Hùng	成年YY熊	2441	20	0	0	693
24411	Biến dị Y Y Hùng	变异YY熊	2441	20	1	0	693
24412	Biến dị Y Y Hùng	变异YY熊	2441	20	1	0	693
24419	Y Y Hùng (bảo bảo)	YY熊宝宝	2441	20	0	1	693
24420	Mão Nhật Tinh	成年昴日星	2442	5	0	0	693
24421	Biến dị Mão Nhật Tinh	变异昴日星	2442	5	1	0	693
24422	Biến dị Mão Nhật Tinh	变异昴日星	2442	5	1	0	693
24429	Mão Nhật Tinh (bảo bảo)	昴日星宝宝	2442	5	0	1	693
24430	Củng Thiên Súc	成年拱天豖	2443	5	0	0	948
24431	Biến dị Củng Thiên Súc	变异拱天豖	2443	5	1	0	948
24439	Củng Thiên Súc (bảo bảo)	拱天豖宝宝	2443	5	0	1	948
24440	Đông Phong Loa	成年东风螺	2444	5	0	0	846
24441	Biến dị Đông Phong Loa	变异东风螺	2444	5	1	0	846
24442	Biến dị Đông Phong Loa	变异东风螺	2444	5	1	0	846
24449	Đông Phong Loa (bảo bảo)	东风螺宝宝	2444	5	0	1	846
24450	Tinh Hà Ngọc Thỏ	成年星河玉兔	2445	75	0	0	1255
24451	Biến dị Tinh Hà Ngọc Thỏ	变异星河玉兔	2445	75	1	0	1255
24452	Biến dị Tinh Hà Ngọc Thỏ	变异星河玉兔	2445	75	1	0	1255
24453	Biến dị Tinh Hà Ngọc Thỏ	变异星河玉兔	2445	75	1	0	1255
24454	Biến dị Tinh Hà Ngọc Thỏ	变异星河玉兔	2445	75	1	0	1255
24455	Biến dị Tinh Hà Ngọc Thỏ	变异星河玉兔	2445	75	1	0	1255
24456	Biến dị Tinh Hà Ngọc Thỏ	变异星河玉兔	2445	75	1	0	1255
24459	Tinh Hà Ngọc Thỏ (bảo bảo)	星河玉兔宝宝	2445	75	0	1	1255
24460	Cửu Thiên Ngọc Thỏ	成年九天玉兔	2446	85	0	0	1357
24461	Biến dị Cửu Thiên Ngọc Thỏ	变异九天玉兔	2446	85	1	0	1357
24462	Biến dị Cửu Thiên Ngọc Thỏ	变异九天玉兔	2446	85	1	0	1357
24463	Biến dị Cửu Thiên Ngọc Thỏ	变异九天玉兔	2446	85	1	0	1357
24464	Biến dị Cửu Thiên Ngọc Thỏ	变异九天玉兔	2446	85	1	0	1357
24465	Biến dị Cửu Thiên Ngọc Thỏ	变异九天玉兔	2446	85	1	0	1357
24466	Biến dị Cửu Thiên Ngọc Thỏ	变异九天玉兔	2446	85	1	0	1357
24467	Biến dị Cửu Thiên Ngọc Thỏ	变异九天玉兔	2446	85	1	0	1357
24469	Cửu Thiên Ngọc Thỏ (bảo bảo)	九天玉兔宝宝	2446	85	0	1	1357
24470	Ngọc Thỏ	成年玉兔	2447	5	0	0	846
24471	Biến dị Ngọc Thỏ	变异玉兔	2447	5	1	0	846
24472	Biến dị Ngọc Thỏ	变异玉兔	2447	5	1	0	846
24479	Ngọc Thỏ (bảo bảo)	玉兔宝宝	2447	5	0	1	846
24480	Thần Tinh Ngọc Thỏ	成年晨星玉兔	2448	45	0	0	948
24481	Biến dị Thần Tinh Ngọc Thỏ	变异晨星玉兔	2448	45	1	0	948
24482	Biến dị Thần Tinh Ngọc Thỏ	变异晨星玉兔	2448	45	1	0	948
24483	Biến dị Thần Tinh Ngọc Thỏ	变异晨星玉兔	2448	45	1	0	948
24489	Thần Tinh Ngọc Thỏ (bảo bảo)	晨星玉兔宝宝	2448	45	0	1	948
24490	Nguyệt Quế Ngọc Thỏ	成年月桂玉兔	2449	55	0	0	1051
24491	Biến dị Nguyệt Quế Ngọc Thỏ	变异月桂玉兔	2449	55	1	0	1051
24492	Biến dị Nguyệt Quế Ngọc Thỏ	变异月桂玉兔	2449	55	1	0	1051
24493	Biến dị Nguyệt Quế Ngọc Thỏ	变异月桂玉兔	2449	55	1	0	1051
24494	Biến dị Nguyệt Quế Ngọc Thỏ	变异月桂玉兔	2449	55	1	0	1051
24499	Nguyệt Quế Ngọc Thỏ (bảo bảo)	月桂玉兔宝宝	2449	55	0	1	1051
24500	Thiên Cung Ngọc Thỏ	成年天宫玉兔	2450	65	0	0	1153
24501	Biến dị Thiên Cung Ngọc Thỏ	变异天宫玉兔	2450	65	1	0	1153
24502	Biến dị Thiên Cung Ngọc Thỏ	变异天宫玉兔	2450	65	1	0	1153
24503	Biến dị Thiên Cung Ngọc Thỏ	变异天宫玉兔	2450	65	1	0	1153
24504	Biến dị Thiên Cung Ngọc Thỏ	变异天宫玉兔	2450	65	1	0	1153
24505	Biến dị Thiên Cung Ngọc Thỏ	变异天宫玉兔	2450	65	1	0	1153
24509	Thiên Cung Ngọc Thỏ (bảo bảo)	天宫玉兔宝宝	2450	65	0	1	1153
24510	Bách Biến Miêu	成年百变猫	2451	5	0	0	846
24511	Biến dị Bách Biến Miêu	变异百变猫	2451	5	1	0	846
24512	Biến dị Bách Biến Miêu	变异百变猫	2451	5	1	0	846
24519	Bách Biến Miêu (bảo bảo)	百变猫宝宝	2451	5	0	1	846
24520	Bách Biến Miêu	成年百变猫	2452	45	0	0	948
24521	Biến dị Bách Biến Miêu	变异百变猫	2452	45	1	0	948
24522	Biến dị Bách Biến Miêu	变异百变猫	2452	45	1	0	948
24523	Biến dị Bách Biến Miêu	变异百变猫	2452	45	1	0	948
24529	Bách Biến Miêu (bảo bảo)	百变猫宝宝	2452	45	0	1	948
24530	Bách Biến Miêu	成年百变猫	2453	55	0	0	1051
24531	Biến dị Bách Biến Miêu	变异百变猫	2453	55	1	0	1051
24532	Biến dị Bách Biến Miêu	变异百变猫	2453	55	1	0	1051
24533	Biến dị Bách Biến Miêu	变异百变猫	2453	55	1	0	1051
24534	Biến dị Bách Biến Miêu	变异百变猫	2453	55	1	0	1051
24539	Bách Biến Miêu (bảo bảo)	百变猫宝宝	2453	55	0	1	1051
24540	Bách Biến Miêu	成年百变猫	2454	65	0	0	1153
24541	Biến dị Bách Biến Miêu	变异百变猫	2454	65	1	0	1153
24542	Biến dị Bách Biến Miêu	变异百变猫	2454	65	1	0	1153
24543	Biến dị Bách Biến Miêu	变异百变猫	2454	65	1	0	1153
24544	Biến dị Bách Biến Miêu	变异百变猫	2454	65	1	0	1153
24545	Biến dị Bách Biến Miêu	变异百变猫	2454	65	1	0	1153
24549	Bách Biến Miêu (bảo bảo)	百变猫宝宝	2454	65	0	1	1153
24550	Bách Biến Miêu	成年百变猫	2455	75	0	0	1255
24551	Biến dị Bách Biến Miêu	变异百变猫	2455	75	1	0	1255
24552	Biến dị Bách Biến Miêu	变异百变猫	2455	75	1	0	1255
24553	Biến dị Bách Biến Miêu	变异百变猫	2455	75	1	0	1255
24554	Biến dị Bách Biến Miêu	变异百变猫	2455	75	1	0	1255
24555	Biến dị Bách Biến Miêu	变异百变猫	2455	75	1	0	1255
24556	Biến dị Bách Biến Miêu	变异百变猫	2455	75	1	0	1255
24559	Bách Biến Miêu (bảo bảo)	百变猫宝宝	2455	75	0	1	1255
24560	Bách Biến Miêu	成年百变猫	2456	85	0	0	1357
24561	Biến dị Bách Biến Miêu	变异百变猫	2456	85	1	0	1357
24562	Biến dị Bách Biến Miêu	变异百变猫	2456	85	1	0	1357
24563	Biến dị Bách Biến Miêu	变异百变猫	2456	85	1	0	1357
24564	Biến dị Bách Biến Miêu	变异百变猫	2456	85	1	0	1357
24565	Biến dị Bách Biến Miêu	变异百变猫	2456	85	1	0	1357
24566	Biến dị Bách Biến Miêu	变异百变猫	2456	85	1	0	1357
24567	Biến dị Bách Biến Miêu	变异百变猫	2456	85	1	0	1357
24569	Bách Biến Miêu (bảo bảo)	百变猫宝宝	2456	85	0	1	1357
24570	Bách Biến Miêu	成年百变猫	2457	95	0	0	1459
24571	Biến dị Bách Biến Miêu	变异百变猫	2457	95	1	0	1459
24572	Biến dị Bách Biến Miêu	变异百变猫	2457	95	1	0	1459
24573	Biến dị Bách Biến Miêu	变异百变猫	2457	95	1	0	1459
24574	Biến dị Bách Biến Miêu	变异百变猫	2457	95	1	0	1459
24575	Biến dị Bách Biến Miêu	变异百变猫	2457	95	1	0	1459
24576	Biến dị Bách Biến Miêu	变异百变猫	2457	95	1	0	1459
24577	Biến dị Bách Biến Miêu	变异百变猫	2457	95	1	0	1459
24578	Biến dị Bách Biến Miêu	变异百变猫	2457	95	1	0	1459
24579	Bách Biến Miêu (bảo bảo)	百变猫宝宝	2457	95	0	1	1459
24580	Tung Thử	成年嵩鼠	2458	5	0	0	744
24581	Biến dị Tung Thử	变异嵩鼠	2458	5	1	0	744
24582	Biến dị Tung Thử	变异嵩鼠	2458	5	1	0	744
24589	Tung Thử (bảo bảo)	嵩鼠宝宝	2458	5	0	1	744
24590	Nhân Ngẫu	成年人偶	2459	5	0	0	693
24591	Biến dị Nhân Ngẫu	变异人偶	2459	5	1	0	693
24592	Biến dị Nhân Ngẫu	变异人偶	2459	5	1	0	693
24599	Nhân Ngẫu (bảo bảo)	人偶宝宝	2459	5	0	1	693
24600	Tuyền Linh Nhân Ngẫu	成年璇灵人偶	2460	45	0	0	948
24601	Biến dị Tuyền Linh Nhân Ngẫu	变异璇灵人偶	2460	45	1	0	948
24602	Biến dị Tuyền Linh Nhân Ngẫu	变异璇灵人偶	2460	45	1	0	1896
24603	Biến dị Tuyền Linh Nhân Ngẫu	变异璇灵人偶	2460	45	1	0	948
24609	Tuyền Linh Nhân Ngẫu (bảo bảo)	璇灵人偶宝宝	2460	45	0	1	948
24610	Tinh Minh Nhân Ngẫu	成年星冥人偶	2461	55	0	0	1051
24611	Biến dị Tinh Minh Nhân Ngẫu	变异星冥人偶	2461	55	1	0	1051
24612	Biến dị Tinh Minh Nhân Ngẫu	变异星冥人偶	2461	55	1	0	1051
24613	Biến dị Tinh Minh Nhân Ngẫu	变异星冥人偶	2461	55	1	0	1051
24614	Biến dị Tinh Minh Nhân Ngẫu	变异星冥人偶	2461	55	1	0	1051
24619	Tinh Minh Nhân Ngẫu (bảo bảo)	星冥人偶宝宝	2461	55	0	1	1051
24620	Võ Huyền Nhân Ngẫu	成年武玄人偶	2462	65	0	0	1153
24621	Biến dị Võ Huyền Nhân Ngẫu	变异武玄人偶	2462	65	1	0	1153
24622	Biến dị Võ Huyền Nhân Ngẫu	变异武玄人偶	2462	65	1	0	1153
24623	Biến dị Võ Huyền Nhân Ngẫu	变异武玄人偶	2462	65	1	0	1153
24624	Biến dị Võ Huyền Nhân Ngẫu	变异武玄人偶	2462	65	1	0	1153
24625	Biến dị Võ Huyền Nhân Ngẫu	变异武玄人偶	2462	65	1	0	1153
24629	Võ Huyền Nhân Ngẫu (bảo bảo)	武玄人偶宝宝	2462	65	0	1	1153
24630	Diêm Thần Nhân Ngẫu	成年阎神人偶	2463	75	0	0	1255
24631	Biến dị Diêm Thần Nhân Ngẫu	变异阎神人偶	2463	75	1	0	1255
24632	Biến dị Diêm Thần Nhân Ngẫu	变异阎神人偶	2463	75	1	0	1255
24633	Biến dị Diêm Thần Nhân Ngẫu	变异阎神人偶	2463	75	1	0	1255
24634	Biến dị Diêm Thần Nhân Ngẫu	变异阎神人偶	2463	75	1	0	1255
24635	Biến dị Diêm Thần Nhân Ngẫu	变异阎神人偶	2463	75	1	0	1255
24636	Biến dị Diêm Thần Nhân Ngẫu	变异阎神人偶	2463	75	1	0	1255
24639	Diêm Thần Nhân Ngẫu (bảo bảo)	阎神人偶宝宝	2463	75	0	1	1255
24640	Phạn Thánh Nhân Ngẫu	成年梵圣人偶	2464	85	0	0	1357
24641	Biến dị Phạn Thánh Nhân Ngẫu	变异梵圣人偶	2464	85	1	0	1357
24642	Biến dị Phạn Thánh Nhân Ngẫu	变异梵圣人偶	2464	85	1	0	1357
24643	Biến dị Phạn Thánh Nhân Ngẫu	变异梵圣人偶	2464	85	1	0	1357
24644	Biến dị Phạn Thánh Nhân Ngẫu	变异梵圣人偶	2464	85	1	0	1357
24645	Biến dị Phạn Thánh Nhân Ngẫu	变异梵圣人偶	2464	85	1	0	1357
24646	Biến dị Phạn Thánh Nhân Ngẫu	变异梵圣人偶	2464	85	1	0	1357
24647	Biến dị Phạn Thánh Nhân Ngẫu	变异梵圣人偶	2464	85	1	0	1357
24649	Phạn Thánh Nhân Ngẫu (bảo bảo)	梵圣人偶宝宝	2464	85	0	1	1357
24650	Thông Thiên Nhân Ngẫu	成年通天人偶	2465	95	0	0	1459
24651	Biến dị Thông Thiên Nhân Ngẫu	变异通天人偶	2465	95	1	0	1459
24652	Biến dị Thông Thiên Nhân Ngẫu	变异通天人偶	2465	95	1	0	1459
24653	Biến dị Thông Thiên Nhân Ngẫu	变异通天人偶	2465	95	1	0	1459
24654	Biến dị Thông Thiên Nhân Ngẫu	变异通天人偶	2465	95	1	0	1459
24655	Biến dị Thông Thiên Nhân Ngẫu	变异通天人偶	2465	95	1	0	1459
24656	Biến dị Thông Thiên Nhân Ngẫu	变异通天人偶	2465	95	1	0	1459
24657	Biến dị Thông Thiên Nhân Ngẫu	变异通天人偶	2465	95	1	0	1459
24658	Biến dị Thông Thiên Nhân Ngẫu	变异通天人偶	2465	95	1	0	1459
24659	Thông Thiên Nhân Ngẫu (bảo bảo)	通天人偶宝宝	2465	95	0	1	1459
24660	Đậu Đậu Long	成年豆豆龙	2466	5	0	0	846
24661	Biến dị Đậu Đậu Long	变异豆豆龙	2466	5	1	0	846
24662	Biến dị Đậu Đậu Long	变异豆豆龙	2466	5	1	0	846
24669	Đậu Đậu Long (bảo bảo)	豆豆龙宝宝	2466	5	0	1	846
24670	Đậu Đậu Long	成年豆豆龙	2467	45	0	0	948
24671	Biến dị Đậu Đậu Long	变异豆豆龙	2467	45	1	0	948
24672	Biến dị Đậu Đậu Long	变异豆豆龙	2467	45	1	0	948
24673	Biến dị Đậu Đậu Long	变异豆豆龙	2467	45	1	0	948
24679	Đậu Đậu Long (bảo bảo)	豆豆龙宝宝	2467	45	0	1	948
24680	Đậu Đậu Long	成年豆豆龙	2468	55	0	0	1051
24681	Biến dị Đậu Đậu Long	变异豆豆龙	2468	55	1	0	1051
24682	Biến dị Đậu Đậu Long	变异豆豆龙	2468	55	1	0	1051
24683	Biến dị Đậu Đậu Long	变异豆豆龙	2468	55	1	0	1051
24684	Biến dị Đậu Đậu Long	变异豆豆龙	2468	55	1	0	1051
24689	Đậu Đậu Long (bảo bảo)	豆豆龙宝宝	2468	55	0	1	1051
24690	Đậu Đậu Long	成年豆豆龙	2469	65	0	0	1153
24691	Biến dị Đậu Đậu Long	变异豆豆龙	2469	65	1	0	1153
24692	Biến dị Đậu Đậu Long	变异豆豆龙	2469	65	1	0	1153
24693	Biến dị Đậu Đậu Long	变异豆豆龙	2469	65	1	0	1153
24694	Biến dị Đậu Đậu Long	变异豆豆龙	2469	65	1	0	1153
24695	Biến dị Đậu Đậu Long	变异豆豆龙	2469	65	1	0	1153
24699	Đậu Đậu Long (bảo bảo)	豆豆龙宝宝	2469	65	0	1	1153
24700	Đậu Đậu Long	成年豆豆龙	2470	75	0	0	1255
24701	Biến dị Đậu Đậu Long	变异豆豆龙	2470	75	1	0	1255
24702	Biến dị Đậu Đậu Long	变异豆豆龙	2470	75	1	0	1255
24703	Biến dị Đậu Đậu Long	变异豆豆龙	2470	75	1	0	1255
24704	Biến dị Đậu Đậu Long	变异豆豆龙	2470	75	1	0	1255
24705	Biến dị Đậu Đậu Long	变异豆豆龙	2470	75	1	0	1255
24706	Biến dị Đậu Đậu Long	变异豆豆龙	2470	75	1	0	1255
24709	Đậu Đậu Long (bảo bảo)	豆豆龙宝宝	2470	75	0	1	1255
24710	Đậu Đậu Long	成年豆豆龙	2471	85	0	0	1357
24711	Biến dị Đậu Đậu Long	变异豆豆龙	2471	85	1	0	1357
24712	Biến dị Đậu Đậu Long	变异豆豆龙	2471	85	1	0	1357
24713	Biến dị Đậu Đậu Long	变异豆豆龙	2471	85	1	0	1357
24714	Biến dị Đậu Đậu Long	变异豆豆龙	2471	85	1	0	1357
24715	Biến dị Đậu Đậu Long	变异豆豆龙	2471	85	1	0	1357
24716	Biến dị Đậu Đậu Long	变异豆豆龙	2471	85	1	0	1357
24717	Biến dị Đậu Đậu Long	变异豆豆龙	2471	85	1	0	1357
24719	Đậu Đậu Long (bảo bảo)	豆豆龙宝宝	2471	85	0	1	1357
24720	Đậu Đậu Long	成年豆豆龙	2472	95	0	0	1459
24721	Biến dị Đậu Đậu Long	变异豆豆龙	2472	95	1	0	1459
24722	Biến dị Đậu Đậu Long	变异豆豆龙	2472	95	1	0	1459
24723	Biến dị Đậu Đậu Long	变异豆豆龙	2472	95	1	0	1459
24724	Biến dị Đậu Đậu Long	变异豆豆龙	2472	95	1	0	1459
24725	Biến dị Đậu Đậu Long	变异豆豆龙	2472	95	1	0	1459
24726	Biến dị Đậu Đậu Long	变异豆豆龙	2472	95	1	0	1459
24727	Biến dị Đậu Đậu Long	变异豆豆龙	2472	95	1	0	1459
24728	Biến dị Đậu Đậu Long	变异豆豆龙	2472	95	1	0	1459
24729	Đậu Đậu Long (bảo bảo)	豆豆龙宝宝	2472	95	0	1	1459
24730	Xuất Vân Long Mãng	成年出云龙蟒	2473	5	0	0	846
24731	Biến dị Xuất Vân Long Mãng	变异出云龙蟒	2473	5	1	0	846
24732	Biến dị Xuất Vân Long Mãng	变异出云龙蟒	2473	5	1	0	846
24739	Xuất Vân Long Mãng (bảo bảo)	出云龙蟒宝宝	2473	5	0	1	846
24740	Xuất Vân Long Mãng	成年出云龙蟒	2474	45	0	0	948
24741	Biến dị Xuất Vân Long Mãng	变异出云龙蟒	2474	45	1	0	948
24742	Biến dị Xuất Vân Long Mãng	变异出云龙蟒	2474	45	1	0	948
24743	Biến dị Xuất Vân Long Mãng	变异出云龙蟒	2474	45	1	0	948
24749	Xuất Vân Long Mãng (bảo bảo)	出云龙蟒宝宝	2474	45	0	1	948
24750	Xuất Vân Long Mãng	成年出云龙蟒	2475	55	0	0	1051
24751	Biến dị Xuất Vân Long Mãng	变异出云龙蟒	2475	55	1	0	1051
24752	Biến dị Xuất Vân Long Mãng	变异出云龙蟒	2475	55	1	0	1051
24753	Biến dị Xuất Vân Long Mãng	变异出云龙蟒	2475	55	1	0	1051
24754	Biến dị Xuất Vân Long Mãng	变异出云龙蟒	2475	55	1	0	1051
24759	Xuất Vân Long Mãng (bảo bảo)	出云龙蟒宝宝	2475	55	0	1	1051
24760	Xuất Vân Long Mãng	成年出云龙蟒	2476	65	0	0	1153
24761	Biến dị Xuất Vân Long Mãng	变异出云龙蟒	2476	65	1	0	1153
24762	Biến dị Xuất Vân Long Mãng	变异出云龙蟒	2476	65	1	0	1153
24763	Biến dị Xuất Vân Long Mãng	变异出云龙蟒	2476	65	1	0	1153
24764	Biến dị Xuất Vân Long Mãng	变异出云龙蟒	2476	65	1	0	1153
24765	Biến dị Xuất Vân Long Mãng	变异出云龙蟒	2476	65	1	0	1153
24769	Xuất Vân Long Mãng (bảo bảo)	出云龙蟒宝宝	2476	65	0	1	1153
24770	Xuất Vân Long Mãng	成年出云龙蟒	2477	75	0	0	1255
24771	Biến dị Xuất Vân Long Mãng	变异出云龙蟒	2477	75	1	0	1255
24772	Biến dị Xuất Vân Long Mãng	变异出云龙蟒	2477	75	1	0	1255
24773	Biến dị Xuất Vân Long Mãng	变异出云龙蟒	2477	75	1	0	1255
24774	Biến dị Xuất Vân Long Mãng	变异出云龙蟒	2477	75	1	0	1255
24775	Biến dị Xuất Vân Long Mãng	变异出云龙蟒	2477	75	1	0	1255
24776	Biến dị Xuất Vân Long Mãng	变异出云龙蟒	2477	75	1	0	1255
24779	Xuất Vân Long Mãng (bảo bảo)	出云龙蟒宝宝	2477	75	0	1	1255
24780	Xuất Vân Long Mãng	成年出云龙蟒	2478	85	0	0	1357
24781	Biến dị Xuất Vân Long Mãng	变异出云龙蟒	2478	85	1	0	1357
24782	Biến dị Xuất Vân Long Mãng	变异出云龙蟒	2478	85	1	0	1357
24783	Biến dị Xuất Vân Long Mãng	变异出云龙蟒	2478	85	1	0	1357
24784	Biến dị Xuất Vân Long Mãng	变异出云龙蟒	2478	85	1	0	1357
24785	Biến dị Xuất Vân Long Mãng	变异出云龙蟒	2478	85	1	0	1357
24786	Biến dị Xuất Vân Long Mãng	变异出云龙蟒	2478	85	1	0	1357
24787	Biến dị Xuất Vân Long Mãng	变异出云龙蟒	2478	85	1	0	1357
24789	Xuất Vân Long Mãng (bảo bảo)	出云龙蟒宝宝	2478	85	0	1	1357
24790	Xuất Vân Long Mãng	成年出云龙蟒	2479	95	0	0	1459
24791	Biến dị Xuất Vân Long Mãng	变异出云龙蟒	2479	95	1	0	1459
24792	Biến dị Xuất Vân Long Mãng	变异出云龙蟒	2479	95	1	0	1459
24793	Biến dị Xuất Vân Long Mãng	变异出云龙蟒	2479	95	1	0	1459
24794	Biến dị Xuất Vân Long Mãng	变异出云龙蟒	2479	95	1	0	1459
24795	Biến dị Xuất Vân Long Mãng	变异出云龙蟒	2479	95	1	0	1459
24796	Biến dị Xuất Vân Long Mãng	变异出云龙蟒	2479	95	1	0	1459
24797	Biến dị Xuất Vân Long Mãng	变异出云龙蟒	2479	95	1	0	1459
24798	Biến dị Xuất Vân Long Mãng	变异出云龙蟒	2479	95	1	0	1459
24799	Xuất Vân Long Mãng (bảo bảo)	出云龙蟒宝宝	2479	95	0	1	1459
24800	Du Cửu Manh Manh Miêu	成年游久萌萌猫	2480	20	0	0	744
24801	Biến dị Du Cửu Manh Manh Miêu	变异游久萌萌猫	2480	20	1	0	744
24802	Biến dị Du Cửu Manh Manh Miêu	变异游久萌萌猫	2480	20	1	0	744
24809	Du Cửu Manh Manh Miêu (bảo bảo)	游久萌萌猫宝宝	2480	20	0	1	744
24810	Ngạo Vân Thương Long	成年傲云苍龙	2481	5	0	0	846
24811	Biến dị Ngạo Vân Thương Long	变异傲云苍龙	2481	5	1	0	846
24812	Biến dị Ngạo Vân Thương Long	变异傲云苍龙	2481	5	1	0	846
24819	Ngạo Vân Thương Long (bảo bảo)	傲云苍龙宝宝	2481	5	0	1	846
24820	Ngạo Vân Thương Long	成年傲云苍龙	2482	45	0	0	948
24821	Biến dị Ngạo Vân Thương Long	变异傲云苍龙	2482	45	1	0	948
24822	Biến dị Ngạo Vân Thương Long	变异傲云苍龙	2482	45	1	0	948
24823	Biến dị Ngạo Vân Thương Long	变异傲云苍龙	2482	45	1	0	948
24829	Ngạo Vân Thương Long (bảo bảo)	傲云苍龙宝宝	2482	45	0	1	948
24830	Ngạo Vân Thương Long	成年傲云苍龙	2483	55	0	0	1051
24831	Biến dị Ngạo Vân Thương Long	变异傲云苍龙	2483	55	1	0	1051
24832	Biến dị Ngạo Vân Thương Long	变异傲云苍龙	2483	55	1	0	1051
24833	Biến dị Ngạo Vân Thương Long	变异傲云苍龙	2483	55	1	0	1051
24834	Biến dị Ngạo Vân Thương Long	变异傲云苍龙	2483	55	1	0	1051
24839	Ngạo Vân Thương Long (bảo bảo)	傲云苍龙宝宝	2483	55	0	1	1051
24840	Ngạo Vân Thương Long	成年傲云苍龙	2484	65	0	0	1153
24841	Biến dị Ngạo Vân Thương Long	变异傲云苍龙	2484	65	1	0	1153
24842	Biến dị Ngạo Vân Thương Long	变异傲云苍龙	2484	65	1	0	1153
24843	Biến dị Ngạo Vân Thương Long	变异傲云苍龙	2484	65	1	0	1153
24844	Biến dị Ngạo Vân Thương Long	变异傲云苍龙	2484	65	1	0	1153
24845	Biến dị Ngạo Vân Thương Long	变异傲云苍龙	2484	65	1	0	1153
24849	Ngạo Vân Thương Long (bảo bảo)	傲云苍龙宝宝	2484	65	0	1	1153
24850	Ngạo Vân Thương Long	成年傲云苍龙	2485	75	0	0	1255
24851	Biến dị Ngạo Vân Thương Long	变异傲云苍龙	2485	75	1	0	1255
24852	Biến dị Ngạo Vân Thương Long	变异傲云苍龙	2485	75	1	0	1255
24853	Biến dị Ngạo Vân Thương Long	变异傲云苍龙	2485	75	1	0	1255
24854	Biến dị Ngạo Vân Thương Long	变异傲云苍龙	2485	75	1	0	1255
24855	Biến dị Ngạo Vân Thương Long	变异傲云苍龙	2485	75	1	0	1255
24856	Biến dị Ngạo Vân Thương Long	变异傲云苍龙	2485	75	1	0	1255
24859	Ngạo Vân Thương Long (bảo bảo)	傲云苍龙宝宝	2485	75	0	1	1255
24860	Ngạo Vân Thương Long	成年傲云苍龙	2486	85	0	0	1357
24861	Biến dị Ngạo Vân Thương Long	变异傲云苍龙	2486	85	1	0	1357
24862	Biến dị Ngạo Vân Thương Long	变异傲云苍龙	2486	85	1	0	1357
24863	Biến dị Ngạo Vân Thương Long	变异傲云苍龙	2486	85	1	0	1357
24864	Biến dị Ngạo Vân Thương Long	变异傲云苍龙	2486	85	1	0	1357
24865	Biến dị Ngạo Vân Thương Long	变异傲云苍龙	2486	85	1	0	1357
24866	Biến dị Ngạo Vân Thương Long	变异傲云苍龙	2486	85	1	0	1357
24867	Biến dị Ngạo Vân Thương Long	变异傲云苍龙	2486	85	1	0	1357
24869	Ngạo Vân Thương Long (bảo bảo)	傲云苍龙宝宝	2486	85	0	1	1357
24870	Ngạo Vân Thương Long	成年傲云苍龙	2487	95	0	0	1459
24871	Biến dị Ngạo Vân Thương Long	变异傲云苍龙	2487	95	1	0	1459
24872	Biến dị Ngạo Vân Thương Long	变异傲云苍龙	2487	95	1	0	1459
24873	Biến dị Ngạo Vân Thương Long	变异傲云苍龙	2487	95	1	0	1459
24874	Biến dị Ngạo Vân Thương Long	变异傲云苍龙	2487	95	1	0	1459
24875	Biến dị Ngạo Vân Thương Long	变异傲云苍龙	2487	95	1	0	1459
24876	Biến dị Ngạo Vân Thương Long	变异傲云苍龙	2487	95	1	0	1459
24877	Biến dị Ngạo Vân Thương Long	变异傲云苍龙	2487	95	1	0	1459
24878	Biến dị Ngạo Vân Thương Long	变异傲云苍龙	2487	95	1	0	1459
24879	Ngạo Vân Thương Long (bảo bảo)	傲云苍龙宝宝	2487	95	0	1	1459
24880	Thái Cổ Long Hồn	成年太古龙魂	2488	5	0	0	846
24881	Biến dị Thái Cổ Long Hồn	变异太古龙魂	2488	5	1	0	846
24882	Biến dị Thái Cổ Long Hồn	变异太古龙魂	2488	5	1	0	846
24889	Thái Cổ Long Hồn (bảo bảo)	太古龙魂宝宝	2488	5	0	1	846
24890	Thái Cổ Long Hồn	成年太古龙魂	2489	45	0	0	948
24891	Biến dị Thái Cổ Long Hồn	变异太古龙魂	2489	45	1	0	948
24892	Biến dị Thái Cổ Long Hồn	变异太古龙魂	2489	45	1	0	948
24893	Biến dị Thái Cổ Long Hồn	变异太古龙魂	2489	45	1	0	948
24899	Thái Cổ Long Hồn (bảo bảo)	太古龙魂宝宝	2489	45	0	1	948
24900	Thái Cổ Long Hồn	成年太古龙魂	2490	55	0	0	1051
24901	Biến dị Thái Cổ Long Hồn	变异太古龙魂	2490	55	1	0	1051
24902	Biến dị Thái Cổ Long Hồn	变异太古龙魂	2490	55	1	0	1051
24903	Biến dị Thái Cổ Long Hồn	变异太古龙魂	2490	55	1	0	1051
24904	Biến dị Thái Cổ Long Hồn	变异太古龙魂	2490	55	1	0	1051
24909	Thái Cổ Long Hồn (bảo bảo)	太古龙魂宝宝	2490	55	0	1	1051
24910	Thái Cổ Long Hồn	成年太古龙魂	2491	65	0	0	1153
24911	Biến dị Thái Cổ Long Hồn	变异太古龙魂	2491	65	1	0	1153
24912	Biến dị Thái Cổ Long Hồn	变异太古龙魂	2491	65	1	0	1153
24913	Biến dị Thái Cổ Long Hồn	变异太古龙魂	2491	65	1	0	1153
24914	Biến dị Thái Cổ Long Hồn	变异太古龙魂	2491	65	1	0	1153
24915	Biến dị Thái Cổ Long Hồn	变异太古龙魂	2491	65	1	0	1153
24919	Thái Cổ Long Hồn (bảo bảo)	太古龙魂宝宝	2491	65	0	1	1153
24920	Thái Cổ Long Hồn	成年太古龙魂	2492	75	0	0	1255
24921	Biến dị Thái Cổ Long Hồn	变异太古龙魂	2492	75	1	0	1255
24922	Biến dị Thái Cổ Long Hồn	变异太古龙魂	2492	75	1	0	1255
24923	Biến dị Thái Cổ Long Hồn	变异太古龙魂	2492	75	1	0	1255
24924	Biến dị Thái Cổ Long Hồn	变异太古龙魂	2492	75	1	0	1255
24925	Biến dị Thái Cổ Long Hồn	变异太古龙魂	2492	75	1	0	1255
24926	Biến dị Thái Cổ Long Hồn	变异太古龙魂	2492	75	1	0	1255
24929	Thái Cổ Long Hồn (bảo bảo)	太古龙魂宝宝	2492	75	0	1	1255
24930	Thái Cổ Long Hồn	成年太古龙魂	2493	85	0	0	1357
24931	Biến dị Thái Cổ Long Hồn	变异太古龙魂	2493	85	1	0	1357
24932	Biến dị Thái Cổ Long Hồn	变异太古龙魂	2493	85	1	0	1357
24933	Biến dị Thái Cổ Long Hồn	变异太古龙魂	2493	85	1	0	1357
24934	Biến dị Thái Cổ Long Hồn	变异太古龙魂	2493	85	1	0	1357
24935	Biến dị Thái Cổ Long Hồn	变异太古龙魂	2493	85	1	0	1357
24936	Biến dị Thái Cổ Long Hồn	变异太古龙魂	2493	85	1	0	1357
24937	Biến dị Thái Cổ Long Hồn	变异太古龙魂	2493	85	1	0	1357
24939	Thái Cổ Long Hồn (bảo bảo)	太古龙魂宝宝	2493	85	0	1	1357
24940	Thái Cổ Long Hồn	成年太古龙魂	2494	95	0	0	1459
24941	Biến dị Thái Cổ Long Hồn	变异太古龙魂	2494	95	1	0	1459
24942	Biến dị Thái Cổ Long Hồn	变异太古龙魂	2494	95	1	0	1459
24943	Biến dị Thái Cổ Long Hồn	变异太古龙魂	2494	95	1	0	1459
24944	Biến dị Thái Cổ Long Hồn	变异太古龙魂	2494	95	1	0	1459
24945	Biến dị Thái Cổ Long Hồn	变异太古龙魂	2494	95	1	0	1459
24946	Biến dị Thái Cổ Long Hồn	变异太古龙魂	2494	95	1	0	1459
24947	Biến dị Thái Cổ Long Hồn	变异太古龙魂	2494	95	1	0	1459
24948	Biến dị Thái Cổ Long Hồn	变异太古龙魂	2494	95	1	0	1459
24949	Thái Cổ Long Hồn (bảo bảo)	太古龙魂宝宝	2494	95	0	1	1459
25001	Huyễn Hóa Băng Yêu	幻化冰妖	2500	85	1	0	1357
25002	Huyễn Hóa Công Tôn Thánh	幻化公孙圣	2500	85	1	0	1357
25011	Huyễn Hóa Tôn Mỹ Mỹ	幻化孙美美	2501	85	1	0	1357
25012	Huyễn Hóa Lâm Sung	幻化林充	2501	85	1	0	1357
25021	Huyễn Hóa Thuỷ Phỉ Đầu Lãnh	幻化水匪头领	2502	85	1	0	1357
25022	Huyễn Hóa Lô Quân Dật	幻化卢君逸	2502	85	1	0	1357
25031	Huyễn Hóa Thuỷ Phỉ Đầu Lãnh	幻化水匪头领	2503	85	1	0	1357
25032	Huyễn Hóa Lô Quân Dật	幻化卢君逸	2503	85	1	0	1357
25041	Huyễn Hóa Băng Yêu	幻化冰妖	2504	85	1	0	1357
25042	Huyễn Hóa Công Tôn Thánh	幻化公孙圣	2504	85	1	0	1357
25051	Huyễn Hóa Tôn Mỹ Mỹ	幻化孙美美	2505	85	1	0	1357
25052	Huyễn Hóa Lâm Sung	幻化林充	2505	85	1	0	1357
25061	Huyễn Hóa Tôn Mỹ Mỹ	幻化孙美美	2506	85	1	0	1357
25062	Huyễn Hóa Lâm Sung	幻化林充	2506	85	1	0	1357
25071	Huyễn Hóa Băng Yêu	幻化冰妖	2507	85	1	0	1357
25072	Huyễn Hóa Công Tôn Thánh	幻化公孙圣	2507	85	1	0	1357
25081	Huyễn Hóa Thuỷ Phỉ Đầu Lãnh	幻化水匪头领	2508	85	1	0	1357
25082	Huyễn Hóa Lô Quân Dật	幻化卢君逸	2508	85	1	0	1357
25091	Huyễn Hóa Tôn Mỹ Mỹ	幻化孙美美	2509	85	1	0	1357
25092	Huyễn Hóa Lâm Sung	幻化林充	2509	85	1	0	1357
25101	Huyễn Hóa Băng Yêu	幻化冰妖	2510	85	1	0	1357
25102	Huyễn Hóa Công Tôn Thánh	幻化公孙圣	2510	85	1	0	1357
25111	Huyễn Hóa Thuỷ Phỉ Đầu Lãnh	幻化水匪头领	2511	85	1	0	1357
25112	Huyễn Hóa Lô Quân Dật	幻化卢君逸	2511	85	1	0	1357
25121	Huyễn Hóa Tôn Mỹ Mỹ	幻化孙美美	2512	85	1	0	1357
25122	Huyễn Hóa Lâm Sung	幻化林充	2512	85	1	0	1357
25131	Huyễn Hóa Tôn Mỹ Mỹ	幻化孙美美	2513	85	1	0	1357
25132	Huyễn Hóa Lâm Sung	幻化林充	2513	85	1	0	1357
25141	Huyễn Hóa Thuỷ Phỉ Đầu Lãnh	幻化水匪头领	2514	85	1	0	1357
25142	Huyễn Hóa Lô Quân Dật	幻化卢君逸	2514	85	1	0	1357
25151	Huyễn Hóa Băng Yêu	幻化冰妖	2515	85	1	0	1357
25152	Huyễn Hóa Công Tôn Thánh	幻化公孙圣	2515	85	1	0	1357
25161	Huyễn Hóa Tôn Mỹ Mỹ	幻化孙美美	2516	85	1	0	1357
25162	Huyễn Hóa Lâm Sung	幻化林充	2516	85	1	0	1357
25171	Huyễn Hóa Băng Yêu	幻化冰妖	2517	85	1	0	1357
25172	Huyễn Hóa Công Tôn Thánh	幻化公孙圣	2517	85	1	0	1357
25181	Huyễn Hóa Băng Yêu	幻化冰妖	2518	85	1	0	1357
25182	Huyễn Hóa Công Tôn Thánh	幻化公孙圣	2518	85	1	0	1357
25191	Huyễn Hóa Tôn Mỹ Mỹ	幻化孙美美	2519	85	1	0	1357
25192	Huyễn Hóa Lâm Sung	幻化林充	2519	85	1	0	1357
25201	Huyễn Hóa Băng Yêu	幻化冰妖	2520	85	1	0	1357
25202	Huyễn Hóa Công Tôn Thánh	幻化公孙圣	2520	85	1	0	1357
25211	Huyễn Hóa Tôn Mỹ Mỹ	幻化孙美美	2521	85	1	0	1357
25212	Huyễn Hóa Lâm Sung	幻化林充	2521	85	1	0	1357
25221	Huyễn Hóa Tôn Mỹ Mỹ	幻化孙美美	2522	85	1	0	1357
25222	Huyễn Hóa Lâm Sung	幻化林充	2522	85	1	0	1357
25231	Huyễn Hóa Tôn Mỹ Mỹ	幻化孙美美	2523	85	1	0	1357
25232	Huyễn Hóa Lâm Sung	幻化林充	2523	85	1	0	1357
25241	Huyễn Hóa Băng Yêu	幻化冰妖	2524	85	1	0	1357
25242	Huyễn Hóa Công Tôn Thánh	幻化公孙圣	2524	85	1	0	1357
25251	Huyễn Hóa Tôn Mỹ Mỹ	幻化孙美美	2525	85	1	0	1357
25252	Huyễn Hóa Lâm Sung	幻化林充	2525	85	1	0	1357
25261	Huyễn Hóa Băng Yêu	幻化冰妖	2526	85	1	0	1357
25262	Huyễn Hóa Công Tôn Thánh	幻化公孙圣	2526	85	1	0	1357
25271	Huyễn Hóa Băng Yêu	幻化冰妖	2527	85	1	0	1357
25272	Huyễn Hóa Công Tôn Thánh	幻化公孙圣	2527	85	1	0	1357
25281	Huyễn Hóa Tôn Mỹ Mỹ	幻化孙美美	2528	85	1	0	1357
25282	Huyễn Hóa Lâm Sung	幻化林充	2528	85	1	0	1357
25291	Huyễn Hóa Thuỷ Phỉ Đầu Lãnh	幻化水匪头领	2529	85	1	0	1357
25292	Huyễn Hóa Lô Quân Dật	幻化卢君逸	2529	85	1	0	1357
25301	Huyễn Hóa Băng Yêu	幻化冰妖	2530	85	1	0	1357
25302	Huyễn Hóa Công Tôn Thánh	幻化公孙圣	2530	85	1	0	1357
25311	Huyễn Hóa Tôn Mỹ Mỹ	幻化孙美美	2531	85	1	0	1357
25312	Huyễn Hóa Lâm Sung	幻化林充	2531	85	1	0	1357
25321	Huyễn Hóa Thuỷ Phỉ Đầu Lãnh	幻化水匪头领	2532	85	1	0	1357
25322	Huyễn Hóa Lô Quân Dật	幻化卢君逸	2532	85	1	0	1357
25331	Huyễn Hóa Băng Yêu	幻化冰妖	2533	85	1	0	1357
25332	Huyễn Hóa Công Tôn Thánh	幻化公孙圣	2533	85	1	0	1357
25341	Huyễn Hóa Băng Yêu	幻化冰妖	2534	85	1	0	1357
25342	Huyễn Hóa Công Tôn Thánh	幻化公孙圣	2534	85	1	0	1357
25351	Huyễn Hóa Tần Vương	幻化秦王	2535	95	1	0	1459
25352	Huyễn Hóa Quan Thắng	幻化关盛	2535	95	1	0	1459
25361	Huyễn Hóa Viễn Cổ Kỳ Hồn	幻化远古棋魂	2536	95	1	0	1459
25362	Huyễn Hóa Tống Khương	幻化宋姜	2536	95	1	0	1459
25371	Huyễn Hóa Viễn Cổ Kỳ Hồn	幻化远古棋魂	2537	95	1	0	1459
25372	Huyễn Hóa Tống Khương	幻化宋姜	2537	95	1	0	1459
25381	Huyễn Hóa Tần Vương	幻化秦王	2538	95	1	0	1459
25382	Huyễn Hóa Quan Thắng	幻化关盛	2538	95	1	0	1459
25391	Huyễn Hóa Tần Vương	幻化秦王	2539	95	1	0	1459
25392	Huyễn Hóa Quan Thắng	幻化关盛	2539	95	1	0	1459
25401	Huyễn Hóa Viễn Cổ Kỳ Hồn	幻化远古棋魂	2540	95	1	0	1459
25402	Huyễn Hóa Tống Khương	幻化宋姜	2540	95	1	0	1459
25411	Huyễn Hóa Ha Đại Bá	幻化哈大霸	2541	95	1	0	1459
25412	Huyễn Hóa Lỗ Chí Sinh	幻化鲁志生	2541	95	1	0	1459
25421	Huyễn Hóa Tần Vương	幻化秦王	2542	95	1	0	1459
25422	Huyễn Hóa Quan Thắng	幻化关盛	2542	95	1	0	1459
25431	Huyễn Hóa Viễn Cổ Kỳ Hồn	幻化远古棋魂	2543	95	1	0	1459
25432	Huyễn Hóa Tống Khương	幻化宋姜	2543	95	1	0	1459
25441	Huyễn Hóa Ha Đại Bá	幻化哈大霸	2544	95	1	0	1459
25442	Huyễn Hóa Lỗ Chí Sinh	幻化鲁志生	2544	95	1	0	1459
25451	Huyễn Hóa Tần Vương	幻化秦王	2545	95	1	0	1459
25452	Huyễn Hóa Quan Thắng	幻化关盛	2545	95	1	0	1459
25461	Huyễn Hóa Ha Đại Bá	幻化哈大霸	2546	95	1	0	1459
25462	Huyễn Hóa Lỗ Chí Sinh	幻化鲁志生	2546	95	1	0	1459
25471	Huyễn Hóa Ha Đại Bá	幻化哈大霸	2547	95	1	0	1459
25472	Huyễn Hóa Lỗ Chí Sinh	幻化鲁志生	2547	95	1	0	1459
25481	Huyễn Hóa Viễn Cổ Kỳ Hồn	幻化远古棋魂	2548	95	1	0	1459
25482	Huyễn Hóa Tống Khương	幻化宋姜	2548	95	1	0	1459
25491	Huyễn Hóa Tần Vương	幻化秦王	2549	95	1	0	1459
25492	Huyễn Hóa Quan Thắng	幻化关盛	2549	95	1	0	1459
25501	Huyễn Hóa Viễn Cổ Kỳ Hồn	幻化远古棋魂	2550	95	1	0	1459
25502	Huyễn Hóa Tống Khương	幻化宋姜	2550	95	1	0	1459
25511	Huyễn Hóa Viễn Cổ Kỳ Hồn	幻化远古棋魂	2551	95	1	0	1459
25512	Huyễn Hóa Tống Khương	幻化宋姜	2551	95	1	0	1459
25521	Huyễn Hóa Tần Vương	幻化秦王	2552	95	1	0	1459
25522	Huyễn Hóa Quan Thắng	幻化关盛	2552	95	1	0	1459
25531	Huyễn Hóa Tần Vương	幻化秦王	2553	95	1	0	1459
25532	Huyễn Hóa Quan Thắng	幻化关盛	2553	95	1	0	1459
25541	Huyễn Hóa Tần Vương	幻化秦王	2554	95	1	0	1459
25542	Huyễn Hóa Quan Thắng	幻化关盛	2554	95	1	0	1459
25551	Huyễn Hóa Viễn Cổ Kỳ Hồn	幻化远古棋魂	2555	95	1	0	1459
25552	Huyễn Hóa Tống Khương	幻化宋姜	2555	95	1	0	1459
25561	Huyễn Hóa Tần Vương	幻化秦王	2556	95	1	0	1459
25562	Huyễn Hóa Quan Thắng	幻化关盛	2556	95	1	0	1459
25571	Huyễn Hóa Viễn Cổ Kỳ Hồn	幻化远古棋魂	2557	95	1	0	1459
25572	Huyễn Hóa Tống Khương	幻化宋姜	2557	95	1	0	1459
25581	Huyễn Hóa Viễn Cổ Kỳ Hồn	幻化远古棋魂	2558	95	1	0	1459
25582	Huyễn Hóa Tống Khương	幻化宋姜	2558	95	1	0	1459
25591	Huyễn Hóa Tần Vương	幻化秦王	2559	95	1	0	1459
25592	Huyễn Hóa Quan Thắng	幻化关盛	2559	95	1	0	1459
25601	Huyễn Hóa Ha Đại Bá	幻化哈大霸	2560	95	1	0	1459
25602	Huyễn Hóa Lỗ Chí Sinh	幻化鲁志生	2560	95	1	0	1459
25611	Huyễn Hóa Viễn Cổ Kỳ Hồn	幻化远古棋魂	2561	95	1	0	1459
25612	Huyễn Hóa Tống Khương	幻化宋姜	2561	95	1	0	1459
25621	Huyễn Hóa Tần Vương	幻化秦王	2562	95	1	0	1459
25622	Huyễn Hóa Quan Thắng	幻化关盛	2562	95	1	0	1459
25631	Huyễn Hóa Ha Đại Bá	幻化哈大霸	2563	95	1	0	1459
25632	Huyễn Hóa Lỗ Chí Sinh	幻化鲁志生	2563	95	1	0	1459
25641	Huyễn Hóa Viễn Cổ Kỳ Hồn	幻化远古棋魂	2564	95	1	0	1459
25642	Huyễn Hóa Tống Khương	幻化宋姜	2564	95	1	0	1459
25651	Huyễn Hóa Viễn Cổ Kỳ Hồn	幻化远古棋魂	2565	95	1	0	1459
25652	Huyễn Hóa Tống Khương	幻化宋姜	2565	95	1	0	1459
25661	Huyễn Hóa Tôn Mỹ Mỹ	幻化孙美美	2566	85	1	0	1357
25662	Huyễn Hóa Lâm Sung	幻化林充	2566	85	1	0	1357
25671	Huyễn Hóa Tần Vương	幻化秦王	2567	95	1	0	1459
25672	Huyễn Hóa Quan Thắng	幻化关盛	2567	95	1	0	1459
25681	Huyễn Hóa Băng Yêu	幻化冰妖	2568	85	1	0	1357
25682	Huyễn Hóa Công Tôn Thánh	幻化公孙圣	2568	85	1	0	1357
25691	Huyễn Hóa Viễn Cổ Kỳ Hồn	幻化远古棋魂	2569	95	1	0	1459
25692	Huyễn Hóa Tống Khương	幻化宋姜	2569	95	1	0	1459
25701	Huyễn Hóa Tôn Mỹ Mỹ	幻化孙美美	2570	85	1	0	1357
25702	Huyễn Hóa Lâm Sung	幻化林充	2570	85	1	0	1357
25711	Huyễn Hóa Tần Vương	幻化秦王	2571	95	1	0	1459
25712	Huyễn Hóa Quan Thắng	幻化关盛	2571	95	1	0	1459
25721	Huyễn Hóa Băng Yêu	幻化冰妖	2572	85	1	0	1357
25722	Huyễn Hóa Công Tôn Thánh	幻化公孙圣	2572	85	1	0	1357
25731	Huyễn Hóa Viễn Cổ Kỳ Hồn	幻化远古棋魂	2573	95	1	0	1459
25732	Huyễn Hóa Tống Khương	幻化宋姜	2573	95	1	0	1459
25741	Huyễn Hóa Băng Yêu	幻化冰妖	2574	85	1	0	1357
25742	Huyễn Hóa Công Tôn Thánh	幻化公孙圣	2574	85	1	0	1357
25751	Huyễn Hóa Viễn Cổ Kỳ Hồn	幻化远古棋魂	2575	95	1	0	1459
25752	Huyễn Hóa Tống Khương	幻化宋姜	2575	95	1	0	1459
25771	Huyễn Hóa Thuỷ Phỉ Đầu Lãnh	幻化水匪头领	2577	85	1	0	1357
25772	Huyễn Hóa Lô Quân Dật	幻化卢君逸	2577	85	1	0	1357
25781	Huyễn Hóa Ha Đại Bá	幻化哈大霸	2578	95	1	0	1459
25782	Huyễn Hóa Lỗ Chí Sinh	幻化鲁志生	2578	95	1	0	1459
25791	Huyễn Hóa Tôn Mỹ Mỹ	幻化孙美美	2579	85	1	0	1357
25792	Huyễn Hóa Lâm Sung	幻化林充	2579	85	1	0	1357
25801	Huyễn Hóa Tần Vương	幻化秦王	2580	95	1	0	1459
25802	Huyễn Hóa Quan Thắng	幻化关盛	2580	95	1	0	1459
25811	Huyễn Hóa Tôn Mỹ Mỹ	幻化孙美美	2581	85	1	0	1357
25812	Huyễn Hóa Lâm Sung	幻化林充	2581	85	1	0	1357
25821	Huyễn Hóa Tần Vương	幻化秦王	2582	95	1	0	1459
25822	Huyễn Hóa Quan Thắng	幻化关盛	2582	95	1	0	1459
25831	Huyễn Hóa Tôn Mỹ Mỹ	幻化孙美美	2583	85	1	0	1357
25832	Huyễn Hóa Lâm Sung	幻化林充	2583	85	1	0	1357
25841	Huyễn Hóa Tần Vương	幻化秦王	2584	95	1	0	1459
25842	Huyễn Hóa Quan Thắng	幻化关盛	2584	95	1	0	1459
25851	Huyễn Hóa Băng Yêu	幻化冰妖	2585	85	1	0	1357
25852	Huyễn Hóa Công Tôn Thánh	幻化公孙圣	2585	85	1	0	1357
25861	Huyễn Hóa Viễn Cổ Kỳ Hồn	幻化远古棋魂	2586	95	1	0	1459
25862	Huyễn Hóa Tống Khương	幻化宋姜	2586	95	1	0	1459
25871	Huyễn Hóa Băng Yêu	幻化冰妖	2587	85	1	0	1357
25872	Huyễn Hóa Công Tôn Thánh	幻化公孙圣	2587	85	1	0	1357
25881	Huyễn Hóa Viễn Cổ Kỳ Hồn	幻化远古棋魂	2588	95	1	0	1459
25882	Huyễn Hóa Tống Khương	幻化宋姜	2588	95	1	0	1459
25891	Huyễn Hóa Tôn Mỹ Mỹ	幻化孙美美	2589	85	1	0	1357
25892	Huyễn Hóa Lâm Sung	幻化林充	2589	85	1	0	1357
25901	Huyễn Hóa Tần Vương	幻化秦王	2590	95	1	0	1459
25902	Huyễn Hóa Quan Thắng	幻化关盛	2590	95	1	0	1459
25911	Huyễn Hóa Tôn Mỹ Mỹ	幻化孙美美	2591	85	1	0	1357
25912	Huyễn Hóa Lâm Sung	幻化林充	2591	85	1	0	1357
25921	Huyễn Hóa Tần Vương	幻化秦王	2592	95	1	0	1459
25922	Huyễn Hóa Quan Thắng	幻化关盛	2592	95	1	0	1459
25941	Huyễn Hóa Tôn Mỹ Mỹ	幻化孙美美	2594	85	1	0	1357
25942	Huyễn Hóa Lâm Sung	幻化林充	2594	85	1	0	1357
25951	Huyễn Hóa Tần Vương	幻化秦王	2595	95	1	0	1459
25952	Huyễn Hóa Quan Thắng	幻化关盛	2595	95	1	0	1459
25961	Huyễn Hóa Thuỷ Phỉ Đầu Lãnh	幻化水匪头领	2596	85	1	0	1357
25962	Huyễn Hóa Lô Quân Dật	幻化卢君逸	2596	85	1	0	1357
25971	Huyễn Hóa Ha Đại Bá	幻化哈大霸	2597	95	1	0	1459
25972	Huyễn Hóa Lỗ Chí Sinh	幻化鲁志生	2597	95	1	0	1459
25981	Huyễn Hóa Băng Yêu	幻化冰妖	2598	85	1	0	1357
25982	Huyễn Hóa Công Tôn Thánh	幻化公孙圣	2598	85	1	0	1357
25991	Huyễn Hóa Viễn Cổ Kỳ Hồn	幻化远古棋魂	2599	95	1	0	1459
25992	Huyễn Hóa Tống Khương	幻化宋姜	2599	95	1	0	1459
26001	Huyễn Hóa Băng Yêu	幻化冰妖	2600	85	1	0	1357
26002	Huyễn Hóa Công Tôn Thánh	幻化公孙圣	2600	85	1	0	1357
26011	Huyễn Hóa Viễn Cổ Kỳ Hồn	幻化远古棋魂	2601	95	1	0	1459
26012	Huyễn Hóa Tống Khương	幻化宋姜	2601	95	1	0	1459
26021	Huyễn Hóa Băng Yêu	幻化冰妖	2602	85	1	0	1357
26022	Huyễn Hóa Công Tôn Thánh	幻化公孙圣	2602	85	1	0	1357
26031	Huyễn Hóa Viễn Cổ Kỳ Hồn	幻化远古棋魂	2603	95	1	0	1459
26032	Huyễn Hóa Tống Khương	幻化宋姜	2603	95	1	0	1459
26041	Huyễn Hóa Tôn Mỹ Mỹ	幻化孙美美	2604	85	1	0	1357
26042	Huyễn Hóa Lâm Sung	幻化林充	2604	85	1	0	1357
26051	Huyễn Hóa Tần Vương	幻化秦王	2605	95	1	0	1459
26052	Huyễn Hóa Quan Thắng	幻化关盛	2605	95	1	0	1459
26061	Huyễn Hóa Tôn Mỹ Mỹ	幻化孙美美	2606	85	1	0	1357
26062	Huyễn Hóa Lâm Sung	幻化林充	2606	85	1	0	1357
26071	Huyễn Hóa Tần Vương	幻化秦王	2607	95	1	0	1459
26072	Huyễn Hóa Quan Thắng	幻化关盛	2607	95	1	0	1459
26081	Huyễn Hóa Thuỷ Phỉ Đầu Lãnh	幻化水匪头领	2608	85	1	0	1357
26082	Huyễn Hóa Lô Quân Dật	幻化卢君逸	2608	85	1	0	1357
26091	Huyễn Hóa Ha Đại Bá	幻化哈大霸	2609	95	1	0	1459
26092	Huyễn Hóa Lỗ Chí Sinh	幻化鲁志生	2609	95	1	0	1459
26101	Huyễn Hóa Tôn Mỹ Mỹ	幻化孙美美	2610	85	1	0	1357
26102	Huyễn Hóa Lâm Sung	幻化林充	2610	85	1	0	1357
26111	Huyễn Hóa Tần Vương	幻化秦王	2611	95	1	0	1459
26112	Huyễn Hóa Quan Thắng	幻化关盛	2611	95	1	0	1459
26121	Huyễn Hóa Băng Yêu	幻化冰妖	2612	85	1	0	1357
26122	Huyễn Hóa Công Tôn Thánh	幻化公孙圣	2612	85	1	0	1357
26131	Huyễn Hóa Băng Yêu	幻化冰妖	2613	85	1	0	1357
26132	Huyễn Hóa Công Tôn Thánh	幻化公孙圣	2613	85	1	0	1357
26141	Huyễn Hóa Viễn Cổ Kỳ Hồn	幻化远古棋魂	2614	95	1	0	1459
26142	Huyễn Hóa Tống Khương	幻化宋姜	2614	95	1	0	1459
26151	Huyễn Hóa Tôn Mỹ Mỹ	幻化孙美美	2615	85	1	0	1357
26152	Huyễn Hóa Lâm Sung	幻化林充	2615	85	1	0	1357
26161	Huyễn Hóa Tần Vương	幻化秦王	2616	95	1	0	1459
26162	Huyễn Hóa Quan Thắng	幻化关盛	2616	95	1	0	1459
26171	Huyễn Hóa Băng Yêu	幻化冰妖	2617	85	1	0	1357
26172	Huyễn Hóa Công Tôn Thánh	幻化公孙圣	2617	85	1	0	1357
26181	Huyễn Hóa Viễn Cổ Kỳ Hồn	幻化远古棋魂	2618	95	1	0	1459
26182	Huyễn Hóa Tống Khương	幻化宋姜	2618	95	1	0	1459
26191	Huyễn Hóa Tôn Mỹ Mỹ	幻化孙美美	2619	85	1	0	1357
26192	Huyễn Hóa Lâm Sung	幻化林充	2619	85	1	0	1357
26201	Huyễn Hóa Tần Vương	幻化秦王	2620	95	1	0	1459
26202	Huyễn Hóa Quan Thắng	幻化关盛	2620	95	1	0	1459
26211	Huyễn Hóa Băng Yêu	幻化冰妖	2621	85	1	0	1357
26212	Huyễn Hóa Công Tôn Thánh	幻化公孙圣	2621	85	1	0	1357
26221	Huyễn Hóa Viễn Cổ Kỳ Hồn	幻化远古棋魂	2622	95	1	0	1459
26222	Huyễn Hóa Tống Khương	幻化宋姜	2622	95	1	0	1459
26231	Huyễn Hóa Băng Yêu	幻化冰妖	2623	85	1	0	1357
26232	Huyễn Hóa Công Tôn Thánh	幻化公孙圣	2623	85	1	0	1357
26241	Huyễn Hóa Viễn Cổ Kỳ Hồn	幻化远古棋魂	2624	95	1	0	1459
26242	Huyễn Hóa Tống Khương	幻化宋姜	2624	95	1	0	1459
26251	Huyễn Hóa Băng Yêu	幻化冰妖	2625	85	1	0	1357
26252	Huyễn Hóa Công Tôn Thánh	幻化公孙圣	2625	85	1	0	1357
26261	Huyễn Hóa Viễn Cổ Kỳ Hồn	幻化远古棋魂	2626	95	1	0	1459
26262	Huyễn Hóa Tống Khương	幻化宋姜	2626	95	1	0	1459
26271	Huyễn Hóa Băng Yêu	幻化冰妖	2627	85	1	0	1357
26272	Huyễn Hóa Công Tôn Thánh	幻化公孙圣	2627	85	1	0	1357
26281	Huyễn Hóa Viễn Cổ Kỳ Hồn	幻化远古棋魂	2628	95	1	0	1459
26282	Huyễn Hóa Tống Khương	幻化宋姜	2628	95	1	0	1459
26291	Huyễn Hóa Băng Yêu	幻化冰妖	2629	85	1	0	1357
26292	Huyễn Hóa Công Tôn Thánh	幻化公孙圣	2629	85	1	0	1357
26301	Huyễn Hóa Viễn Cổ Kỳ Hồn	幻化远古棋魂	2630	95	1	0	1459
26302	Huyễn Hóa Tống Khương	幻化宋姜	2630	95	1	0	1459
26311	Huyễn Hóa Băng Yêu	幻化冰妖	2631	85	1	0	1357
26312	Huyễn Hóa Công Tôn Thánh	幻化公孙圣	2631	85	1	0	1357
26321	Huyễn Hóa Viễn Cổ Kỳ Hồn	幻化远古棋魂	2632	95	1	0	1459
26322	Huyễn Hóa Tống Khương	幻化宋姜	2632	95	1	0	1459
26331	Huyễn Hóa Tôn Mỹ Mỹ	幻化孙美美	2633	85	1	0	1357
26332	Huyễn Hóa Lâm Sung	幻化林充	2633	85	1	0	1357
26341	Huyễn Hóa Tôn Mỹ Mỹ	幻化孙美美	2634	85	1	0	1357
26342	Huyễn Hóa Lâm Sung	幻化林充	2634	85	1	0	1357
26351	Huyễn Hóa Tần Vương	幻化秦王	2635	95	1	0	1459
26352	Huyễn Hóa Quan Thắng	幻化关盛	2635	95	1	0	1459
26361	Huyễn Hóa Thuỷ Phỉ Đầu Lãnh	幻化水匪头领	2596	85	1	0	1357
26362	Huyễn Hóa Lô Quân Dật	幻化卢君逸	2596	85	1	0	1357
26371	Huyễn Hóa Ha Đại Bá	幻化哈大霸	2597	95	1	0	1459
26372	Huyễn Hóa Lỗ Chí Sinh	幻化鲁志生	2597	95	1	0	1459
26381	Huyễn Hóa Viễn Cổ Kỳ Hồn	幻化远古棋魂	2638	95	1	0	1459
26382	Huyễn Hóa Tống Khương	幻化宋姜	2638	95	1	0	1459
26391	Huyễn Hóa Viễn Cổ Kỳ Hồn	幻化远古棋魂	2639	95	1	0	1459
26392	Huyễn Hóa Tống Khương	幻化宋姜	2639	95	1	0	1459
26401	Huyễn Hóa Ha Đại Bá	幻化哈大霸	2597	95	1	0	1459
26402	Huyễn Hóa Lỗ Chí Sinh	幻化鲁志生	2597	95	1	0	1459
26411	Huyễn Hóa Ha Đại Bá	幻化哈大霸	2597	95	1	0	1459
26412	Huyễn Hóa Lỗ Chí Sinh	幻化鲁志生	2597	95	1	0	1459
26421	Huyễn Hóa Thuỷ Phỉ Đầu Lãnh	幻化水匪头领	2780	85	0	0	1357
26422	Huyễn Hóa Lô Quân Dật	幻化卢君逸	2780	85	1	0	1357
26431	Huyễn Hóa Ha Đại Bá	幻化哈大霸	2781	95	0	0	1459
26432	Huyễn Hóa Lỗ Chí Sinh	幻化鲁志生	2781	95	1	0	1459
26441	Huyễn Hóa Tôn Mỹ Mỹ	幻化孙美美	2644	85	1	0	1357
26442	Huyễn Hóa Lâm Sung	幻化林充	2644	85	1	0	1357
26451	Huyễn Hóa Tần Vương	幻化秦王	2645	95	1	0	1459
26452	Huyễn Hóa Quan Thắng	幻化关盛	2645	95	1	0	1459
26461	Huyễn Hóa Băng Yêu	幻化冰妖	2646	85	1	0	1357
26462	Huyễn Hóa Công Tôn Thánh	幻化公孙圣	2646	85	1	0	1357
26471	Huyễn Hóa Viễn Cổ Kỳ Hồn	幻化远古棋魂	2647	95	1	0	1459
26472	Huyễn Hóa Tống Khương	幻化宋姜	2647	95	1	0	1459
26481	Huyễn Hóa Tôn Mỹ Mỹ	幻化孙美美	2634	85	1	0	1357
26482	Huyễn Hóa Lâm Sung	幻化林充	2634	85	1	0	1357
26491	Huyễn Hóa Tần Vương	幻化秦王	2635	95	1	0	1459
26492	Huyễn Hóa Quan Thắng	幻化关盛	2635	95	1	0	1459
26501	Huyễn Hóa Tôn Mỹ Mỹ	幻化孙美美	2634	85	1	0	1357
26502	Huyễn Hóa Lâm Sung	幻化林充	2634	85	1	0	1357
26511	Huyễn Hóa Tần Vương	幻化秦王	2635	95	1	0	1459
26512	Huyễn Hóa Quan Thắng	幻化关盛	2635	95	1	0	1459
26521	Huyễn Hóa Thuỷ Phỉ Đầu Lãnh	幻化水匪头领	2780	85	0	0	1357
26522	Huyễn Hóa Lô Quân Dật	幻化卢君逸	2780	85	1	0	1357
26531	Huyễn Hóa Ha Đại Bá	幻化哈大霸	2781	95	0	0	1459
26532	Huyễn Hóa Lỗ Chí Sinh	幻化鲁志生	2781	95	1	0	1459
26541	Huyễn Hóa Băng Yêu	幻化冰妖	2654	85	1	0	1357
26542	Huyễn Hóa Công Tôn Thánh	幻化公孙圣	2654	85	1	0	1357
26551	Huyễn Hóa Viễn Cổ Kỳ Hồn	幻化远古棋魂	2655	95	1	0	1459
26552	Huyễn Hóa Tống Khương	幻化宋姜	2655	95	1	0	1459
26561	Huyễn Hóa Thuỷ Phỉ Đầu Lãnh	幻化水匪头领	2656	85	0	0	1357
26562	Huyễn Hóa Lô Quân Dật	幻化卢君逸	2656	85	1	0	1357
26571	Huyễn Hóa Ha Đại Bá	幻化哈大霸	2657	95	0	0	1459
26572	Huyễn Hóa Lỗ Chí Sinh	幻化鲁志生	2657	95	1	0	1459
26581	Huyễn Hóa Băng Yêu	幻化冰妖	2658	85	1	0	1357
26582	Huyễn Hóa Công Tôn Thánh	幻化公孙圣	2658	85	1	0	1357
26591	Huyễn Hóa Viễn Cổ Kỳ Hồn	幻化远古棋魂	2659	95	1	0	1459
26592	Huyễn Hóa Tống Khương	幻化宋姜	2659	95	1	0	1459
26601	Huyễn Hóa Thuỷ Phỉ Đầu Lãnh	幻化水匪头领	2656	85	0	0	1357
26602	Huyễn Hóa Lô Quân Dật	幻化卢君逸	2656	85	1	0	1357
26611	Huyễn Hóa Ha Đại Bá	幻化哈大霸	2657	95	0	0	1459
26612	Huyễn Hóa Lỗ Chí Sinh	幻化鲁志生	2657	95	1	0	1459
26621	Huyễn Hóa Tôn Mỹ Mỹ	幻化孙美美	2634	85	1	0	1357
26622	Huyễn Hóa Lâm Sung	幻化林充	2634	85	1	0	1357
26631	Huyễn Hóa Tần Vương	幻化秦王	2635	95	1	0	1459
26632	Huyễn Hóa Quan Thắng	幻化关盛	2635	95	1	0	1459
26641	Huyễn Hóa Thuỷ Phỉ Đầu Lãnh	幻化水匪头领	2656	85	0	0	1357
26642	Huyễn Hóa Lô Quân Dật	幻化卢君逸	2656	85	1	0	1357
26651	Huyễn Hóa Ha Đại Bá	幻化哈大霸	2657	95	0	0	1459
26652	Huyễn Hóa Lỗ Chí Sinh	幻化鲁志生	2657	95	1	0	1459
26661	Huyễn Hóa Tôn Mỹ Mỹ	幻化孙美美	2634	85	1	0	1357
26662	Huyễn Hóa Lâm Sung	幻化林充	2634	85	1	0	1357
26671	Huyễn Hóa Tần Vương	幻化秦王	2635	95	1	0	1459
26672	Huyễn Hóa Quan Thắng	幻化关盛	2635	95	1	0	1459
27000	Yển Thử	成年鼹鼠	2700	5	0	0	846
27001	Biến dị Yển Thử	变异鼹鼠	2700	5	1	0	846
27002	Biến dị Yển Thử	变异鼹鼠	2700	5	1	0	846
27009	Yển Thử (bảo bảo)	鼹鼠宝宝	2700	5	0	1	846
27010	Yển Thử	成年鼹鼠	2701	45	0	0	948
27011	Biến dị Yển Thử	变异鼹鼠	2701	45	1	0	948
27012	Biến dị Yển Thử	变异鼹鼠	2701	45	1	0	948
27013	Biến dị Yển Thử	变异鼹鼠	2701	45	1	0	948
27019	Yển Thử (bảo bảo)	鼹鼠宝宝	2701	45	0	1	948
27020	Yển Thử	成年鼹鼠	2702	55	0	0	1051
27021	Biến dị Yển Thử	变异鼹鼠	2702	55	1	0	1051
27022	Biến dị Yển Thử	变异鼹鼠	2702	55	1	0	1051
27023	Biến dị Yển Thử	变异鼹鼠	2702	55	1	0	1051
27024	Biến dị Yển Thử	变异鼹鼠	2702	55	1	0	1051
27029	Yển Thử (bảo bảo)	鼹鼠宝宝	2702	55	0	1	1051
27030	Yển Thử	成年鼹鼠	2703	65	0	0	1153
27031	Biến dị Yển Thử	变异鼹鼠	2703	65	1	0	1153
27032	Biến dị Yển Thử	变异鼹鼠	2703	65	1	0	1153
27033	Biến dị Yển Thử	变异鼹鼠	2703	65	1	0	1153
27034	Biến dị Yển Thử	变异鼹鼠	2703	65	1	0	1153
27035	Biến dị Yển Thử	变异鼹鼠	2703	65	1	0	1153
27039	Yển Thử (bảo bảo)	鼹鼠宝宝	2703	65	0	1	1153
27040	Yển Thử	成年鼹鼠	2704	75	0	0	1255
27041	Biến dị Yển Thử	变异鼹鼠	2704	75	1	0	1255
27042	Biến dị Yển Thử	变异鼹鼠	2704	75	1	0	1255
27043	Biến dị Yển Thử	变异鼹鼠	2704	75	1	0	1255
27044	Biến dị Yển Thử	变异鼹鼠	2704	75	1	0	1255
27045	Biến dị Yển Thử	变异鼹鼠	2704	75	1	0	1255
27046	Biến dị Yển Thử	变异鼹鼠	2704	75	1	0	1255
27049	Yển Thử (bảo bảo)	鼹鼠宝宝	2704	75	0	1	1255
27050	Yển Thử	成年鼹鼠	2705	85	0	0	1357
27051	Biến dị Yển Thử	变异鼹鼠	2705	85	1	0	1357
27052	Biến dị Yển Thử	变异鼹鼠	2705	85	1	0	1357
27053	Biến dị Yển Thử	变异鼹鼠	2705	85	1	0	1357
27054	Biến dị Yển Thử	变异鼹鼠	2705	85	1	0	1357
27055	Biến dị Yển Thử	变异鼹鼠	2705	85	1	0	1357
27056	Biến dị Yển Thử	变异鼹鼠	2705	85	1	0	1357
27057	Biến dị Yển Thử	变异鼹鼠	2705	85	1	0	1357
27059	Yển Thử (bảo bảo)	鼹鼠宝宝	2705	85	0	1	1357
27060	Yển Thử	成年鼹鼠	2706	95	0	0	1459
27061	Biến dị Yển Thử	变异鼹鼠	2706	95	1	0	1459
27062	Biến dị Yển Thử	变异鼹鼠	2706	95	1	0	1459
27063	Biến dị Yển Thử	变异鼹鼠	2706	95	1	0	1459
27064	Biến dị Yển Thử	变异鼹鼠	2706	95	1	0	1459
27065	Biến dị Yển Thử	变异鼹鼠	2706	95	1	0	1459
27066	Biến dị Yển Thử	变异鼹鼠	2706	95	1	0	1459
27067	Biến dị Yển Thử	变异鼹鼠	2706	95	1	0	1459
27068	Biến dị Yển Thử	变异鼹鼠	2706	95	1	0	1459
27069	Yển Thử (bảo bảo)	鼹鼠宝宝	2706	95	0	1	1459
27070	Đảo Đản Thử	成年捣蛋鼠	2707	5	0	0	846
27071	Biến dị Đảo Đản Thử	变异捣蛋鼠	2707	5	1	0	846
27072	Biến dị Đảo Đản Thử	变异捣蛋鼠	2707	5	1	0	846
27079	Đảo Đản Thử (bảo bảo)	捣蛋鼠宝宝	2707	5	0	1	846
27080	Đảo Đản Thử	成年捣蛋鼠	2708	45	0	0	948
27081	Biến dị Đảo Đản Thử	变异捣蛋鼠	2708	45	1	0	948
27082	Biến dị Đảo Đản Thử	变异捣蛋鼠	2708	45	1	0	948
27083	Biến dị Đảo Đản Thử	变异捣蛋鼠	2708	45	1	0	948
27089	Đảo Đản Thử (bảo bảo)	捣蛋鼠宝宝	2708	45	0	1	948
27090	Đảo Đản Thử	成年捣蛋鼠	2709	55	0	0	1051
27091	Biến dị Đảo Đản Thử	变异捣蛋鼠	2709	55	1	0	1051
27092	Biến dị Đảo Đản Thử	变异捣蛋鼠	2709	55	1	0	1051
27093	Biến dị Đảo Đản Thử	变异捣蛋鼠	2709	55	1	0	1051
27094	Biến dị Đảo Đản Thử	变异捣蛋鼠	2709	55	1	0	1051
27099	Đảo Đản Thử (bảo bảo)	捣蛋鼠宝宝	2709	55	0	1	1051
27100	Đảo Đản Thử	成年捣蛋鼠	2710	65	0	0	1153
27101	Biến dị Đảo Đản Thử	变异捣蛋鼠	2710	65	1	0	1153
27102	Biến dị Đảo Đản Thử	变异捣蛋鼠	2710	65	1	0	1153
27103	Biến dị Đảo Đản Thử	变异捣蛋鼠	2710	65	1	0	1153
27104	Biến dị Đảo Đản Thử	变异捣蛋鼠	2710	65	1	0	1153
27105	Biến dị Đảo Đản Thử	变异捣蛋鼠	2710	65	1	0	1153
27109	Đảo Đản Thử (bảo bảo)	捣蛋鼠宝宝	2710	65	0	1	1153
27110	Đảo Đản Thử	成年捣蛋鼠	2711	75	0	0	1255
27111	Biến dị Đảo Đản Thử	变异捣蛋鼠	2711	75	1	0	1255
27112	Biến dị Đảo Đản Thử	变异捣蛋鼠	2711	75	1	0	1255
27113	Biến dị Đảo Đản Thử	变异捣蛋鼠	2711	75	1	0	1255
27114	Biến dị Đảo Đản Thử	变异捣蛋鼠	2711	75	1	0	1255
27115	Biến dị Đảo Đản Thử	变异捣蛋鼠	2711	75	1	0	1255
27116	Biến dị Đảo Đản Thử	变异捣蛋鼠	2711	75	1	0	1255
27119	Đảo Đản Thử (bảo bảo)	捣蛋鼠宝宝	2711	75	0	1	1255
27120	Đảo Đản Thử	成年捣蛋鼠	2712	85	0	0	1357
27121	Biến dị Đảo Đản Thử	变异捣蛋鼠	2712	85	1	0	1357
27122	Biến dị Đảo Đản Thử	变异捣蛋鼠	2712	85	1	0	1357
27123	Biến dị Đảo Đản Thử	变异捣蛋鼠	2712	85	1	0	1357
27124	Biến dị Đảo Đản Thử	变异捣蛋鼠	2712	85	1	0	1357
27125	Biến dị Đảo Đản Thử	变异捣蛋鼠	2712	85	1	0	1357
27126	Biến dị Đảo Đản Thử	变异捣蛋鼠	2712	85	1	0	1357
27127	Biến dị Đảo Đản Thử	变异捣蛋鼠	2712	85	1	0	1357
27129	Đảo Đản Thử (bảo bảo)	捣蛋鼠宝宝	2712	85	0	1	1357
27130	Đảo Đản Thử	成年捣蛋鼠	2713	95	0	0	1459
27131	Biến dị Đảo Đản Thử	变异捣蛋鼠	2713	95	1	0	1459
27132	Biến dị Đảo Đản Thử	变异捣蛋鼠	2713	95	1	0	1459
27133	Biến dị Đảo Đản Thử	变异捣蛋鼠	2713	95	1	0	1459
27134	Biến dị Đảo Đản Thử	变异捣蛋鼠	2713	95	1	0	1459
27135	Biến dị Đảo Đản Thử	变异捣蛋鼠	2713	95	1	0	1459
27136	Biến dị Đảo Đản Thử	变异捣蛋鼠	2713	95	1	0	1459
27137	Biến dị Đảo Đản Thử	变异捣蛋鼠	2713	95	1	0	1459
27138	Biến dị Đảo Đản Thử	变异捣蛋鼠	2713	95	1	0	1459
27139	Đảo Đản Thử (bảo bảo)	捣蛋鼠宝宝	2713	95	0	1	1459
27140	Mê Tiểu Manh	成年咩小萌	2714	5	0	0	846
27141	Biến dị Mê Tiểu Manh	变异咩小萌	2714	5	1	0	846
27142	Biến dị Mê Tiểu Manh	变异咩小萌	2714	5	1	0	846
27149	Mê Tiểu Manh (bảo bảo)	咩小萌宝宝	2714	5	0	1	846
27150	Mê Tiểu Manh	成年咩小萌	2715	45	0	0	948
27151	Biến dị Mê Tiểu Manh	变异咩小萌	2715	45	1	0	948
27152	Biến dị Mê Tiểu Manh	变异咩小萌	2715	45	1	0	948
27153	Biến dị Mê Tiểu Manh	变异咩小萌	2715	45	1	0	948
27159	Mê Tiểu Manh (bảo bảo)	咩小萌宝宝	2715	45	0	1	948
27160	Mê Tiểu Manh	成年咩小萌	2716	55	0	0	1051
27161	Biến dị Mê Tiểu Manh	变异咩小萌	2716	55	1	0	1051
27162	Biến dị Mê Tiểu Manh	变异咩小萌	2716	55	1	0	1051
27163	Biến dị Mê Tiểu Manh	变异咩小萌	2716	55	1	0	1051
27164	Biến dị Mê Tiểu Manh	变异咩小萌	2716	55	1	0	1051
27169	Mê Tiểu Manh (bảo bảo)	咩小萌宝宝	2716	55	0	1	1051
27170	Mê Tiểu Manh	成年咩小萌	2717	65	0	0	1153
27171	Biến dị Mê Tiểu Manh	变异咩小萌	2717	65	1	0	1153
27172	Biến dị Mê Tiểu Manh	变异咩小萌	2717	65	1	0	1153
27173	Biến dị Mê Tiểu Manh	变异咩小萌	2717	65	1	0	1153
27174	Biến dị Mê Tiểu Manh	变异咩小萌	2717	65	1	0	1153
27175	Biến dị Mê Tiểu Manh	变异咩小萌	2717	65	1	0	1153
27179	Mê Tiểu Manh (bảo bảo)	咩小萌宝宝	2717	65	0	1	1153
27180	Mê Tiểu Manh	成年咩小萌	2718	75	0	0	1255
27181	Biến dị Mê Tiểu Manh	变异咩小萌	2718	75	1	0	1255
27182	Biến dị Mê Tiểu Manh	变异咩小萌	2718	75	1	0	1255
27183	Biến dị Mê Tiểu Manh	变异咩小萌	2718	75	1	0	1255
27184	Biến dị Mê Tiểu Manh	变异咩小萌	2718	75	1	0	1255
27185	Biến dị Mê Tiểu Manh	变异咩小萌	2718	75	1	0	1255
27186	Biến dị Mê Tiểu Manh	变异咩小萌	2718	75	1	0	1255
27189	Mê Tiểu Manh (bảo bảo)	咩小萌宝宝	2718	75	0	1	1255
27190	Mê Tiểu Manh	成年咩小萌	2719	85	0	0	1357
27191	Biến dị Mê Tiểu Manh	变异咩小萌	2719	85	1	0	1357
27192	Biến dị Mê Tiểu Manh	变异咩小萌	2719	85	1	0	1357
27193	Biến dị Mê Tiểu Manh	变异咩小萌	2719	85	1	0	1357
27194	Biến dị Mê Tiểu Manh	变异咩小萌	2719	85	1	0	1357
27195	Biến dị Mê Tiểu Manh	变异咩小萌	2719	85	1	0	1357
27196	Biến dị Mê Tiểu Manh	变异咩小萌	2719	85	1	0	1357
27197	Biến dị Mê Tiểu Manh	变异咩小萌	2719	85	1	0	1357
27199	Mê Tiểu Manh (bảo bảo)	咩小萌宝宝	2719	85	0	1	1357
27200	Mê Tiểu Manh	成年咩小萌	2720	95	0	0	1459
27201	Biến dị Mê Tiểu Manh	变异咩小萌	2720	95	1	0	1459
27202	Biến dị Mê Tiểu Manh	变异咩小萌	2720	95	1	0	1459
27203	Biến dị Mê Tiểu Manh	变异咩小萌	2720	95	1	0	1459
27204	Biến dị Mê Tiểu Manh	变异咩小萌	2720	95	1	0	1459
27205	Biến dị Mê Tiểu Manh	变异咩小萌	2720	95	1	0	1459
27206	Biến dị Mê Tiểu Manh	变异咩小萌	2720	95	1	0	1459
27207	Biến dị Mê Tiểu Manh	变异咩小萌	2720	95	1	0	1459
27208	Biến dị Mê Tiểu Manh	变异咩小萌	2720	95	1	0	1459
27209	Mê Tiểu Manh (bảo bảo)	咩小萌宝宝	2720	95	0	1	1459
27210	Cầu Cầu Hùng	成年球球熊	2721	20	0	0	693
27211	Biến dị Cầu Cầu Hùng	变异球球熊	2721	20	1	0	693
27212	Biến dị Cầu Cầu Hùng	变异球球熊	2721	20	1	0	693
27219	Cầu Cầu Hùng (bảo bảo)	球球熊宝宝	2721	20	0	1	693
27220	Mỹ Nhân Ngư	成年美人鱼	2722	5	0	0	846
27221	Biến dị Mỹ Nhân Ngư	变异美人鱼	2722	5	1	0	846
27222	Biến dị Mỹ Nhân Ngư	变异美人鱼	2722	5	1	0	846
27229	Mỹ Nhân Ngư (bảo bảo)	美人鱼宝宝	2722	5	0	1	846
27230	Mỹ Nhân Ngư	成年美人鱼	2723	45	0	0	948
27231	Biến dị Mỹ Nhân Ngư	变异美人鱼	2723	45	1	0	948
27232	Biến dị Mỹ Nhân Ngư	变异美人鱼	2723	45	1	0	948
27233	Biến dị Mỹ Nhân Ngư	变异美人鱼	2723	45	1	0	948
27239	Mỹ Nhân Ngư (bảo bảo)	美人鱼宝宝	2723	45	0	1	948
27240	Mỹ Nhân Ngư	成年美人鱼	2724	55	0	0	1051
27241	Biến dị Mỹ Nhân Ngư	变异美人鱼	2724	55	1	0	1051
27242	Biến dị Mỹ Nhân Ngư	变异美人鱼	2724	55	1	0	1051
27243	Biến dị Mỹ Nhân Ngư	变异美人鱼	2724	55	1	0	1051
27244	Biến dị Mỹ Nhân Ngư	变异美人鱼	2724	55	1	0	1051
27249	Mỹ Nhân Ngư (bảo bảo)	美人鱼宝宝	2724	55	0	1	1051
27250	Mỹ Nhân Ngư	成年美人鱼	2725	65	0	0	1153
27251	Biến dị Mỹ Nhân Ngư	变异美人鱼	2725	65	1	0	1153
27252	Biến dị Mỹ Nhân Ngư	变异美人鱼	2725	65	1	0	1153
27253	Biến dị Mỹ Nhân Ngư	变异美人鱼	2725	65	1	0	1153
27254	Biến dị Mỹ Nhân Ngư	变异美人鱼	2725	65	1	0	1153
27255	Biến dị Mỹ Nhân Ngư	变异美人鱼	2725	65	1	0	1153
27259	Mỹ Nhân Ngư (bảo bảo)	美人鱼宝宝	2725	65	0	1	1153
27260	Mỹ Nhân Ngư	成年美人鱼	2726	75	0	0	1255
27261	Biến dị Mỹ Nhân Ngư	变异美人鱼	2726	75	1	0	1255
27262	Biến dị Mỹ Nhân Ngư	变异美人鱼	2726	75	1	0	1255
27263	Biến dị Mỹ Nhân Ngư	变异美人鱼	2726	75	1	0	1255
27264	Biến dị Mỹ Nhân Ngư	变异美人鱼	2726	75	1	0	1255
27265	Biến dị Mỹ Nhân Ngư	变异美人鱼	2726	75	1	0	1255
27266	Biến dị Mỹ Nhân Ngư	变异美人鱼	2726	75	1	0	1255
27269	Mỹ Nhân Ngư (bảo bảo)	美人鱼宝宝	2726	75	0	1	1255
27270	Mỹ Nhân Ngư	成年美人鱼	2727	85	0	0	1357
27271	Biến dị Mỹ Nhân Ngư	变异美人鱼	2727	85	1	0	1357
27272	Biến dị Mỹ Nhân Ngư	变异美人鱼	2727	85	1	0	1357
27273	Biến dị Mỹ Nhân Ngư	变异美人鱼	2727	85	1	0	1357
27274	Biến dị Mỹ Nhân Ngư	变异美人鱼	2727	85	1	0	1357
27275	Biến dị Mỹ Nhân Ngư	变异美人鱼	2727	85	1	0	1357
27276	Biến dị Mỹ Nhân Ngư	变异美人鱼	2727	85	1	0	1357
27277	Biến dị Mỹ Nhân Ngư	变异美人鱼	2727	85	1	0	1357
27279	Mỹ Nhân Ngư (bảo bảo)	美人鱼宝宝	2727	85	0	1	1357
27280	Mỹ Nhân Ngư	成年美人鱼	2728	95	0	0	1459
27281	Biến dị Mỹ Nhân Ngư	变异美人鱼	2728	95	1	0	1459
27282	Biến dị Mỹ Nhân Ngư	变异美人鱼	2728	95	1	0	1459
27283	Biến dị Mỹ Nhân Ngư	变异美人鱼	2728	95	1	0	1459
27284	Biến dị Mỹ Nhân Ngư	变异美人鱼	2728	95	1	0	1459
27285	Biến dị Mỹ Nhân Ngư	变异美人鱼	2728	95	1	0	1459
27286	Biến dị Mỹ Nhân Ngư	变异美人鱼	2728	95	1	0	1459
27287	Biến dị Mỹ Nhân Ngư	变异美人鱼	2728	95	1	0	1459
27288	Biến dị Mỹ Nhân Ngư	变异美人鱼	2728	95	1	0	1459
27289	Mỹ Nhân Ngư (bảo bảo)	美人鱼宝宝	2728	95	0	1	1459
27290	Thiên Bồng Lãm Nguyệt	成年天蓬揽月	2729	5	0	0	846
27291	Biến dị Thiên Bồng Lãm Nguyệt	变异天蓬揽月	2729	5	1	0	846
27292	Biến dị Thiên Bồng Lãm Nguyệt	变异天蓬揽月	2729	5	1	0	846
27299	Thiên Bồng Lãm Nguyệt (bảo bảo)	天蓬揽月宝宝	2729	5	0	1	846
27300	Thiên Bồng Lãm Nguyệt	成年天蓬揽月	2730	45	0	0	948
27301	Biến dị Thiên Bồng Lãm Nguyệt	变异天蓬揽月	2730	45	1	0	948
27302	Biến dị Thiên Bồng Lãm Nguyệt	变异天蓬揽月	2730	45	1	0	948
27303	Biến dị Thiên Bồng Lãm Nguyệt	变异天蓬揽月	2730	45	1	0	948
27309	Thiên Bồng Lãm Nguyệt (bảo bảo)	天蓬揽月宝宝	2730	45	0	1	948
27310	Thiên Bồng Lãm Nguyệt	成年天蓬揽月	2731	55	0	0	1051
27311	Biến dị Thiên Bồng Lãm Nguyệt	变异天蓬揽月	2731	55	1	0	1051
27312	Biến dị Thiên Bồng Lãm Nguyệt	变异天蓬揽月	2731	55	1	0	1051
27313	Biến dị Thiên Bồng Lãm Nguyệt	变异天蓬揽月	2731	55	1	0	1051
27314	Biến dị Thiên Bồng Lãm Nguyệt	变异天蓬揽月	2731	55	1	0	1051
27319	Thiên Bồng Lãm Nguyệt (bảo bảo)	天蓬揽月宝宝	2731	55	0	1	1051
27320	Thiên Bồng Lãm Nguyệt	成年天蓬揽月	2732	65	0	0	1153
27321	Biến dị Thiên Bồng Lãm Nguyệt	变异天蓬揽月	2732	65	1	0	1153
27322	Biến dị Thiên Bồng Lãm Nguyệt	变异天蓬揽月	2732	65	1	0	1153
27323	Biến dị Thiên Bồng Lãm Nguyệt	变异天蓬揽月	2732	65	1	0	1153
27324	Biến dị Thiên Bồng Lãm Nguyệt	变异天蓬揽月	2732	65	1	0	1153
27325	Biến dị Thiên Bồng Lãm Nguyệt	变异天蓬揽月	2732	65	1	0	1153
27329	Thiên Bồng Lãm Nguyệt (bảo bảo)	天蓬揽月宝宝	2732	65	0	1	1153
27330	Thiên Bồng Lãm Nguyệt	成年天蓬揽月	2733	75	0	0	1255
27331	Biến dị Thiên Bồng Lãm Nguyệt	变异天蓬揽月	2733	75	1	0	1255
27332	Biến dị Thiên Bồng Lãm Nguyệt	变异天蓬揽月	2733	75	1	0	1255
27333	Biến dị Thiên Bồng Lãm Nguyệt	变异天蓬揽月	2733	75	1	0	1255
27334	Biến dị Thiên Bồng Lãm Nguyệt	变异天蓬揽月	2733	75	1	0	1255
27335	Biến dị Thiên Bồng Lãm Nguyệt	变异天蓬揽月	2733	75	1	0	1255
27336	Biến dị Thiên Bồng Lãm Nguyệt	变异天蓬揽月	2733	75	1	0	1255
27339	Thiên Bồng Lãm Nguyệt (bảo bảo)	天蓬揽月宝宝	2733	75	0	1	1255
27340	Thiên Bồng Lãm Nguyệt	成年天蓬揽月	2734	85	0	0	1357
27341	Biến dị Thiên Bồng Lãm Nguyệt	变异天蓬揽月	2734	85	1	0	1357
27342	Biến dị Thiên Bồng Lãm Nguyệt	变异天蓬揽月	2734	85	1	0	1357
27343	Biến dị Thiên Bồng Lãm Nguyệt	变异天蓬揽月	2734	85	1	0	1357
27344	Biến dị Thiên Bồng Lãm Nguyệt	变异天蓬揽月	2734	85	1	0	1357
27345	Biến dị Thiên Bồng Lãm Nguyệt	变异天蓬揽月	2734	85	1	0	1357
27346	Biến dị Thiên Bồng Lãm Nguyệt	变异天蓬揽月	2734	85	1	0	1357
27347	Biến dị Thiên Bồng Lãm Nguyệt	变异天蓬揽月	2734	85	1	0	1357
27349	Thiên Bồng Lãm Nguyệt (bảo bảo)	天蓬揽月宝宝	2734	85	0	1	1357
27350	Cửu Lê Yêu Hổ	成年九黎妖虎	2735	5	0	0	846
27351	Biến dị Cửu Lê Yêu Hổ	变异九黎妖虎	2735	5	1	0	846
27352	Biến dị Cửu Lê Yêu Hổ	变异九黎妖虎	2735	5	1	0	846
27359	Cửu Lê Yêu Hổ (bảo bảo)	九黎妖虎宝宝	2735	5	0	1	846
27360	Cửu Lê Yêu Hổ	成年九黎妖虎	2736	45	0	0	948
27361	Biến dị Cửu Lê Yêu Hổ	变异九黎妖虎	2736	45	1	0	948
27362	Biến dị Cửu Lê Yêu Hổ	变异九黎妖虎	2736	45	1	0	948
27363	Biến dị Cửu Lê Yêu Hổ	变异九黎妖虎	2736	45	1	0	948
27369	Cửu Lê Yêu Hổ (bảo bảo)	九黎妖虎宝宝	2736	45	0	1	948
27370	Cửu Lê Yêu Hổ	成年九黎妖虎	2737	55	0	0	1051
27371	Biến dị Cửu Lê Yêu Hổ	变异九黎妖虎	2737	55	1	0	1051
27372	Biến dị Cửu Lê Yêu Hổ	变异九黎妖虎	2737	55	1	0	1051
27373	Biến dị Cửu Lê Yêu Hổ	变异九黎妖虎	2737	55	1	0	1051
27374	Biến dị Cửu Lê Yêu Hổ	变异九黎妖虎	2737	55	1	0	1051
27379	Cửu Lê Yêu Hổ (bảo bảo)	九黎妖虎宝宝	2737	55	0	1	1051
27380	Cửu Lê Yêu Hổ	成年九黎妖虎	2738	65	0	0	1153
27381	Biến dị Cửu Lê Yêu Hổ	变异九黎妖虎	2738	65	1	0	1153
27382	Biến dị Cửu Lê Yêu Hổ	变异九黎妖虎	2738	65	1	0	1153
27383	Biến dị Cửu Lê Yêu Hổ	变异九黎妖虎	2738	65	1	0	1153
27384	Biến dị Cửu Lê Yêu Hổ	变异九黎妖虎	2738	65	1	0	1153
27385	Biến dị Cửu Lê Yêu Hổ	变异九黎妖虎	2738	65	1	0	1153
27389	Cửu Lê Yêu Hổ (bảo bảo)	九黎妖虎宝宝	2738	65	0	1	1153
27390	Cửu Lê Yêu Hổ	成年九黎妖虎	2739	75	0	0	1255
27391	Biến dị Cửu Lê Yêu Hổ	变异九黎妖虎	2739	75	1	0	1255
27392	Biến dị Cửu Lê Yêu Hổ	变异九黎妖虎	2739	75	1	0	1255
27393	Biến dị Cửu Lê Yêu Hổ	变异九黎妖虎	2739	75	1	0	1255
27394	Biến dị Cửu Lê Yêu Hổ	变异九黎妖虎	2739	75	1	0	1255
27395	Biến dị Cửu Lê Yêu Hổ	变异九黎妖虎	2739	75	1	0	1255
27396	Biến dị Cửu Lê Yêu Hổ	变异九黎妖虎	2739	75	1	0	1255
27399	Cửu Lê Yêu Hổ (bảo bảo)	九黎妖虎宝宝	2739	75	0	1	1255
27400	Cửu Lê Yêu Hổ	成年九黎妖虎	2740	85	0	0	1357
27401	Biến dị Cửu Lê Yêu Hổ	变异九黎妖虎	2740	85	1	0	1357
27402	Biến dị Cửu Lê Yêu Hổ	变异九黎妖虎	2740	85	1	0	1357
27403	Biến dị Cửu Lê Yêu Hổ	变异九黎妖虎	2740	85	1	0	1357
27404	Biến dị Cửu Lê Yêu Hổ	变异九黎妖虎	2740	85	1	0	1357
27405	Biến dị Cửu Lê Yêu Hổ	变异九黎妖虎	2740	85	1	0	1357
27406	Biến dị Cửu Lê Yêu Hổ	变异九黎妖虎	2740	85	1	0	1357
27407	Biến dị Cửu Lê Yêu Hổ	变异九黎妖虎	2740	85	1	0	1357
27409	Cửu Lê Yêu Hổ (bảo bảo)	九黎妖虎宝宝	2740	85	0	1	1357
27410	Cửu Lê Yêu Hổ	成年九黎妖虎	2741	95	0	0	1459
27411	Biến dị Cửu Lê Yêu Hổ	变异九黎妖虎	2741	95	1	0	1459
27412	Biến dị Cửu Lê Yêu Hổ	变异九黎妖虎	2741	95	1	0	1459
27413	Biến dị Cửu Lê Yêu Hổ	变异九黎妖虎	2741	95	1	0	1459
27414	Biến dị Cửu Lê Yêu Hổ	变异九黎妖虎	2741	95	1	0	1459
27415	Biến dị Cửu Lê Yêu Hổ	变异九黎妖虎	2741	95	1	0	1459
27416	Biến dị Cửu Lê Yêu Hổ	变异九黎妖虎	2741	95	1	0	1459
27417	Biến dị Cửu Lê Yêu Hổ	变异九黎妖虎	2741	95	1	0	1459
27418	Biến dị Cửu Lê Yêu Hổ	变异九黎妖虎	2741	95	1	0	1459
27419	Cửu Lê Yêu Hổ (bảo bảo)	九黎妖虎宝宝	2741	95	0	1	1459
27420	Hiên Viên Thiên Phượng	成年轩辕天凤	2742	5	0	0	846
27421	Biến dị Hiên Viên Thiên Phượng	变异轩辕天凤	2742	5	1	0	846
27422	Biến dị Hiên Viên Thiên Phượng	变异轩辕天凤	2742	5	1	0	846
27429	Hiên Viên Thiên Phượng (bảo bảo)	轩辕天凤宝宝	2742	5	0	1	846
27430	Hiên Viên Thiên Phượng	成年轩辕天凤	2743	45	0	0	948
27431	Biến dị Hiên Viên Thiên Phượng	变异轩辕天凤	2743	45	1	0	948
27432	Biến dị Hiên Viên Thiên Phượng	变异轩辕天凤	2743	45	1	0	948
27433	Biến dị Hiên Viên Thiên Phượng	变异轩辕天凤	2743	45	1	0	948
27439	Hiên Viên Thiên Phượng (bảo bảo)	轩辕天凤宝宝	2743	45	0	1	948
27440	Hiên Viên Thiên Phượng	成年轩辕天凤	2744	55	0	0	1051
27441	Biến dị Hiên Viên Thiên Phượng	变异轩辕天凤	2744	55	1	0	1051
27442	Biến dị Hiên Viên Thiên Phượng	变异轩辕天凤	2744	55	1	0	1051
27443	Biến dị Hiên Viên Thiên Phượng	变异轩辕天凤	2744	55	1	0	1051
27444	Biến dị Hiên Viên Thiên Phượng	变异轩辕天凤	2744	55	1	0	1051
27449	Hiên Viên Thiên Phượng (bảo bảo)	轩辕天凤宝宝	2744	55	0	1	1051
27450	Hiên Viên Thiên Phượng	成年轩辕天凤	2745	65	0	0	1153
27451	Biến dị Hiên Viên Thiên Phượng	变异轩辕天凤	2745	65	1	0	1153
27452	Biến dị Hiên Viên Thiên Phượng	变异轩辕天凤	2745	65	1	0	1153
27453	Biến dị Hiên Viên Thiên Phượng	变异轩辕天凤	2745	65	1	0	1153
27454	Biến dị Hiên Viên Thiên Phượng	变异轩辕天凤	2745	65	1	0	1153
27455	Biến dị Hiên Viên Thiên Phượng	变异轩辕天凤	2745	65	1	0	1153
27459	Hiên Viên Thiên Phượng (bảo bảo)	轩辕天凤宝宝	2745	65	0	1	1153
27460	Hiên Viên Thiên Phượng	成年轩辕天凤	2746	75	0	0	1255
27461	Biến dị Hiên Viên Thiên Phượng	变异轩辕天凤	2746	75	1	0	1255
27462	Biến dị Hiên Viên Thiên Phượng	变异轩辕天凤	2746	75	1	0	1255
27463	Biến dị Hiên Viên Thiên Phượng	变异轩辕天凤	2746	75	1	0	1255
27464	Biến dị Hiên Viên Thiên Phượng	变异轩辕天凤	2746	75	1	0	1255
27465	Biến dị Hiên Viên Thiên Phượng	变异轩辕天凤	2746	75	1	0	1255
27466	Biến dị Hiên Viên Thiên Phượng	变异轩辕天凤	2746	75	1	0	1255
27469	Hiên Viên Thiên Phượng (bảo bảo)	轩辕天凤宝宝	2746	75	0	1	1255
27470	Hiên Viên Thiên Phượng	成年轩辕天凤	2747	85	0	0	1357
27471	Biến dị Hiên Viên Thiên Phượng	变异轩辕天凤	2747	85	1	0	1357
27472	Biến dị Hiên Viên Thiên Phượng	变异轩辕天凤	2747	85	1	0	1357
27473	Biến dị Hiên Viên Thiên Phượng	变异轩辕天凤	2747	85	1	0	1357
27474	Biến dị Hiên Viên Thiên Phượng	变异轩辕天凤	2747	85	1	0	1357
27475	Biến dị Hiên Viên Thiên Phượng	变异轩辕天凤	2747	85	1	0	1357
27476	Biến dị Hiên Viên Thiên Phượng	变异轩辕天凤	2747	85	1	0	1357
27477	Biến dị Hiên Viên Thiên Phượng	变异轩辕天凤	2747	85	1	0	1357
27479	Hiên Viên Thiên Phượng (bảo bảo)	轩辕天凤宝宝	2747	85	0	1	1357
27480	Hiên Viên Thiên Phượng	成年轩辕天凤	2748	95	0	0	1459
27481	Biến dị Hiên Viên Thiên Phượng	变异轩辕天凤	2748	95	1	0	1459
27482	Biến dị Hiên Viên Thiên Phượng	变异轩辕天凤	2748	95	1	0	1459
27483	Biến dị Hiên Viên Thiên Phượng	变异轩辕天凤	2748	95	1	0	1459
27484	Biến dị Hiên Viên Thiên Phượng	变异轩辕天凤	2748	95	1	0	1459
27485	Biến dị Hiên Viên Thiên Phượng	变异轩辕天凤	2748	95	1	0	1459
27486	Biến dị Hiên Viên Thiên Phượng	变异轩辕天凤	2748	95	1	0	1459
27487	Biến dị Hiên Viên Thiên Phượng	变异轩辕天凤	2748	95	1	0	1459
27488	Biến dị Hiên Viên Thiên Phượng	变异轩辕天凤	2748	95	1	0	1459
27489	Hiên Viên Thiên Phượng (bảo bảo)	轩辕天凤宝宝	2748	95	0	1	1459
27490	Bách Biến Uông Tử	成年百变汪仔	2749	5	0	0	846
27491	Biến dị Bách Biến Uông Tử	变异百变汪仔	2749	5	1	0	846
27492	Biến dị Bách Biến Uông Tử	变异百变汪仔	2749	5	1	0	846
27499	Bách Biến Uông Tử (bảo bảo)	百变汪仔宝宝	2749	5	0	1	846
27500	Bách Biến Uông Tử	成年百变汪仔	2750	45	0	0	948
27501	Biến dị Bách Biến Uông Tử	变异百变汪仔	2750	45	1	0	948
27502	Biến dị Bách Biến Uông Tử	变异百变汪仔	2750	45	1	0	948
27503	Biến dị Bách Biến Uông Tử	变异百变汪仔	2750	45	1	0	948
27509	Bách Biến Uông Tử (bảo bảo)	百变汪仔宝宝	2750	45	0	1	948
27510	Bách Biến Uông Tử	成年百变汪仔	2751	55	0	0	1051
27511	Biến dị Bách Biến Uông Tử	变异百变汪仔	2751	55	1	0	1051
27512	Biến dị Bách Biến Uông Tử	变异百变汪仔	2751	55	1	0	1051
27513	Biến dị Bách Biến Uông Tử	变异百变汪仔	2751	55	1	0	1051
27514	Biến dị Bách Biến Uông Tử	变异百变汪仔	2751	55	1	0	1051
27519	Bách Biến Uông Tử (bảo bảo)	百变汪仔宝宝	2751	55	0	1	1051
27520	Bách Biến Uông Tử	成年百变汪仔	2752	65	0	0	1153
27521	Biến dị Bách Biến Uông Tử	变异百变汪仔	2752	65	1	0	1153
27522	Biến dị Bách Biến Uông Tử	变异百变汪仔	2752	65	1	0	1153
27523	Biến dị Bách Biến Uông Tử	变异百变汪仔	2752	65	1	0	1153
27524	Biến dị Bách Biến Uông Tử	变异百变汪仔	2752	65	1	0	1153
27525	Biến dị Bách Biến Uông Tử	变异百变汪仔	2752	65	1	0	1153
27529	Bách Biến Uông Tử (bảo bảo)	百变汪仔宝宝	2752	65	0	1	1153
27530	Bách Biến Uông Tử	成年百变汪仔	2753	75	0	0	1255
27531	Biến dị Bách Biến Uông Tử	变异百变汪仔	2753	75	1	0	1255
27532	Biến dị Bách Biến Uông Tử	变异百变汪仔	2753	75	1	0	1255
27533	Biến dị Bách Biến Uông Tử	变异百变汪仔	2753	75	1	0	1255
27534	Biến dị Bách Biến Uông Tử	变异百变汪仔	2753	75	1	0	1255
27535	Biến dị Bách Biến Uông Tử	变异百变汪仔	2753	75	1	0	1255
27536	Biến dị Bách Biến Uông Tử	变异百变汪仔	2753	75	1	0	1255
27539	Bách Biến Uông Tử (bảo bảo)	百变汪仔宝宝	2753	75	0	1	1255
27540	Bách Biến Uông Tử	成年百变汪仔	2754	85	0	0	1357
27541	Biến dị Bách Biến Uông Tử	变异百变汪仔	2754	85	1	0	1357
27542	Biến dị Bách Biến Uông Tử	变异百变汪仔	2754	85	1	0	1357
27543	Biến dị Bách Biến Uông Tử	变异百变汪仔	2754	85	1	0	1357
27544	Biến dị Bách Biến Uông Tử	变异百变汪仔	2754	85	1	0	1357
27545	Biến dị Bách Biến Uông Tử	变异百变汪仔	2754	85	1	0	1357
27546	Biến dị Bách Biến Uông Tử	变异百变汪仔	2754	85	1	0	1357
27547	Biến dị Bách Biến Uông Tử	变异百变汪仔	2754	85	1	0	1357
27549	Bách Biến Uông Tử (bảo bảo)	百变汪仔宝宝	2754	85	0	1	1357
27550	Bách Biến Uông Tử	成年百变汪仔	2755	95	0	0	1459
27551	Biến dị Bách Biến Uông Tử	变异百变汪仔	2755	95	1	0	1459
27552	Biến dị Bách Biến Uông Tử	变异百变汪仔	2755	95	1	0	1459
27553	Biến dị Bách Biến Uông Tử	变异百变汪仔	2755	95	1	0	1459
27554	Biến dị Bách Biến Uông Tử	变异百变汪仔	2755	95	1	0	1459
27555	Biến dị Bách Biến Uông Tử	变异百变汪仔	2755	95	1	0	1459
27556	Biến dị Bách Biến Uông Tử	变异百变汪仔	2755	95	1	0	1459
27557	Biến dị Bách Biến Uông Tử	变异百变汪仔	2755	95	1	0	1459
27558	Biến dị Bách Biến Uông Tử	变异百变汪仔	2755	95	1	0	1459
27559	Bách Biến Uông Tử (bảo bảo)	百变汪仔宝宝	2755	95	0	1	1459
27560	Huyền Hoang Đằng Xà	成年玄荒腾蛇	2756	5	0	0	846
27561	Biến dị Huyền Hoang Đằng Xà	变异玄荒腾蛇	2756	5	1	0	846
27562	Biến dị Huyền Hoang Đằng Xà	变异玄荒腾蛇	2756	5	1	0	846
27569	Huyền Hoang Đằng Xà (bảo bảo)	玄荒腾蛇宝宝	2756	5	0	1	846
27570	Huyền Hoang Đằng Xà	成年玄荒腾蛇	2757	45	0	0	948
27571	Biến dị Huyền Hoang Đằng Xà	变异玄荒腾蛇	2757	45	1	0	948
27572	Biến dị Huyền Hoang Đằng Xà	变异玄荒腾蛇	2757	45	1	0	948
27573	Biến dị Huyền Hoang Đằng Xà	变异玄荒腾蛇	2757	45	1	0	948
27579	Huyền Hoang Đằng Xà (bảo bảo)	玄荒腾蛇宝宝	2757	45	0	1	948
27580	Huyền Hoang Đằng Xà	成年玄荒腾蛇	2758	55	0	0	1051
27581	Biến dị Huyền Hoang Đằng Xà	变异玄荒腾蛇	2758	55	1	0	1051
27582	Biến dị Huyền Hoang Đằng Xà	变异玄荒腾蛇	2758	55	1	0	1051
27583	Biến dị Huyền Hoang Đằng Xà	变异玄荒腾蛇	2758	55	1	0	1051
27584	Biến dị Huyền Hoang Đằng Xà	变异玄荒腾蛇	2758	55	1	0	1051
27589	Huyền Hoang Đằng Xà (bảo bảo)	玄荒腾蛇宝宝	2758	55	0	1	1051
27590	Huyền Hoang Đằng Xà	成年玄荒腾蛇	2759	65	0	0	1153
27591	Biến dị Huyền Hoang Đằng Xà	变异玄荒腾蛇	2759	65	1	0	1153
27592	Biến dị Huyền Hoang Đằng Xà	变异玄荒腾蛇	2759	65	1	0	1153
27593	Biến dị Huyền Hoang Đằng Xà	变异玄荒腾蛇	2759	65	1	0	1153
27594	Biến dị Huyền Hoang Đằng Xà	变异玄荒腾蛇	2759	65	1	0	1153
27595	Biến dị Huyền Hoang Đằng Xà	变异玄荒腾蛇	2759	65	1	0	1153
27599	Huyền Hoang Đằng Xà (bảo bảo)	玄荒腾蛇宝宝	2759	65	0	1	1153
27600	Huyền Hoang Đằng Xà	成年玄荒腾蛇	2760	75	0	0	1255
27601	Biến dị Huyền Hoang Đằng Xà	变异玄荒腾蛇	2760	75	1	0	1255
27602	Biến dị Huyền Hoang Đằng Xà	变异玄荒腾蛇	2760	75	1	0	1255
27603	Biến dị Huyền Hoang Đằng Xà	变异玄荒腾蛇	2760	75	1	0	1255
27604	Biến dị Huyền Hoang Đằng Xà	变异玄荒腾蛇	2760	75	1	0	1255
27605	Biến dị Huyền Hoang Đằng Xà	变异玄荒腾蛇	2760	75	1	0	1255
27606	Biến dị Huyền Hoang Đằng Xà	变异玄荒腾蛇	2760	75	1	0	1255
27609	Huyền Hoang Đằng Xà (bảo bảo)	玄荒腾蛇宝宝	2760	75	0	1	1255
27610	Huyền Hoang Đằng Xà	成年玄荒腾蛇	2761	85	0	0	1357
27611	Biến dị Huyền Hoang Đằng Xà	变异玄荒腾蛇	2761	85	1	0	1357
27612	Biến dị Huyền Hoang Đằng Xà	变异玄荒腾蛇	2761	85	1	0	1357
27613	Biến dị Huyền Hoang Đằng Xà	变异玄荒腾蛇	2761	85	1	0	1357
27614	Biến dị Huyền Hoang Đằng Xà	变异玄荒腾蛇	2761	85	1	0	1357
27615	Biến dị Huyền Hoang Đằng Xà	变异玄荒腾蛇	2761	85	1	0	1357
27616	Biến dị Huyền Hoang Đằng Xà	变异玄荒腾蛇	2761	85	1	0	1357
27617	Biến dị Huyền Hoang Đằng Xà	变异玄荒腾蛇	2761	85	1	0	1357
27619	Huyền Hoang Đằng Xà (bảo bảo)	玄荒腾蛇宝宝	2761	85	0	1	1357
27620	Huyền Hoang Đằng Xà	成年玄荒腾蛇	2762	95	0	0	1459
27621	Biến dị Huyền Hoang Đằng Xà	变异玄荒腾蛇	2762	95	1	0	1459
27622	Biến dị Huyền Hoang Đằng Xà	变异玄荒腾蛇	2762	95	1	0	1459
27623	Biến dị Huyền Hoang Đằng Xà	变异玄荒腾蛇	2762	95	1	0	1459
27624	Biến dị Huyền Hoang Đằng Xà	变异玄荒腾蛇	2762	95	1	0	1459
27625	Biến dị Huyền Hoang Đằng Xà	变异玄荒腾蛇	2762	95	1	0	1459
27626	Biến dị Huyền Hoang Đằng Xà	变异玄荒腾蛇	2762	95	1	0	1459
27627	Biến dị Huyền Hoang Đằng Xà	变异玄荒腾蛇	2762	95	1	0	1459
27628	Biến dị Huyền Hoang Đằng Xà	变异玄荒腾蛇	2762	95	1	0	1459
27629	Huyền Hoang Đằng Xà (bảo bảo)	玄荒腾蛇宝宝	2762	95	0	1	1459
27630	Oa Hoàng Long Mãng	成年娲皇龙蟒	2763	5	0	0	846
27631	Biến dị Oa Hoàng Long Mãng	变异娲皇龙蟒	2763	5	1	0	846
27632	Biến dị Oa Hoàng Long Mãng	变异娲皇龙蟒	2763	5	1	0	846
27639	Oa Hoàng Long Mãng (bảo bảo)	娲皇龙蟒宝宝	2763	5	0	1	846
27640	Oa Hoàng Long Mãng	成年娲皇龙蟒	2764	45	0	0	948
27641	Biến dị Oa Hoàng Long Mãng	变异娲皇龙蟒	2764	45	1	0	948
27642	Biến dị Oa Hoàng Long Mãng	变异娲皇龙蟒	2764	45	1	0	948
27643	Biến dị Oa Hoàng Long Mãng	变异娲皇龙蟒	2764	45	1	0	948
27649	Oa Hoàng Long Mãng (bảo bảo)	娲皇龙蟒宝宝	2764	45	0	1	948
27650	Oa Hoàng Long Mãng	成年娲皇龙蟒	2765	55	0	0	1051
27651	Biến dị Oa Hoàng Long Mãng	变异娲皇龙蟒	2765	55	1	0	1051
27652	Biến dị Oa Hoàng Long Mãng	变异娲皇龙蟒	2765	55	1	0	1051
27653	Biến dị Oa Hoàng Long Mãng	变异娲皇龙蟒	2765	55	1	0	1051
27654	Biến dị Oa Hoàng Long Mãng	变异娲皇龙蟒	2765	55	1	0	1051
27659	Oa Hoàng Long Mãng (bảo bảo)	娲皇龙蟒宝宝	2765	55	0	1	1051
27660	Oa Hoàng Long Mãng	成年娲皇龙蟒	2766	65	0	0	1153
27661	Biến dị Oa Hoàng Long Mãng	变异娲皇龙蟒	2766	65	1	0	1153
27662	Biến dị Oa Hoàng Long Mãng	变异娲皇龙蟒	2766	65	1	0	1153
27663	Biến dị Oa Hoàng Long Mãng	变异娲皇龙蟒	2766	65	1	0	1153
27664	Biến dị Oa Hoàng Long Mãng	变异娲皇龙蟒	2766	65	1	0	1153
27665	Biến dị Oa Hoàng Long Mãng	变异娲皇龙蟒	2766	65	1	0	1153
27669	Oa Hoàng Long Mãng (bảo bảo)	娲皇龙蟒宝宝	2766	65	0	1	1153
27670	Oa Hoàng Long Mãng	成年娲皇龙蟒	2767	75	0	0	1255
27671	Biến dị Oa Hoàng Long Mãng	变异娲皇龙蟒	2767	75	1	0	1255
27672	Biến dị Oa Hoàng Long Mãng	变异娲皇龙蟒	2767	75	1	0	1255
27673	Biến dị Oa Hoàng Long Mãng	变异娲皇龙蟒	2767	75	1	0	1255
27674	Biến dị Oa Hoàng Long Mãng	变异娲皇龙蟒	2767	75	1	0	1255
27675	Biến dị Oa Hoàng Long Mãng	变异娲皇龙蟒	2767	75	1	0	1255
27676	Biến dị Oa Hoàng Long Mãng	变异娲皇龙蟒	2767	75	1	0	1255
27679	Oa Hoàng Long Mãng (bảo bảo)	娲皇龙蟒宝宝	2767	75	0	1	1255
27680	Oa Hoàng Long Mãng	成年娲皇龙蟒	2768	85	0	0	1357
27681	Biến dị Oa Hoàng Long Mãng	变异娲皇龙蟒	2768	85	1	0	1357
27682	Biến dị Oa Hoàng Long Mãng	变异娲皇龙蟒	2768	85	1	0	1357
27683	Biến dị Oa Hoàng Long Mãng	变异娲皇龙蟒	2768	85	1	0	1357
27684	Biến dị Oa Hoàng Long Mãng	变异娲皇龙蟒	2768	85	1	0	1357
27685	Biến dị Oa Hoàng Long Mãng	变异娲皇龙蟒	2768	85	1	0	1357
27686	Biến dị Oa Hoàng Long Mãng	变异娲皇龙蟒	2768	85	1	0	1357
27687	Biến dị Oa Hoàng Long Mãng	变异娲皇龙蟒	2768	85	1	0	1357
27689	Oa Hoàng Long Mãng (bảo bảo)	娲皇龙蟒宝宝	2768	85	0	1	1357
27690	Oa Hoàng Long Mãng	成年娲皇龙蟒	2769	95	0	0	1459
27691	Biến dị Oa Hoàng Long Mãng	变异娲皇龙蟒	2769	95	1	0	1459
27692	Biến dị Oa Hoàng Long Mãng	变异娲皇龙蟒	2769	95	1	0	1459
27693	Biến dị Oa Hoàng Long Mãng	变异娲皇龙蟒	2769	95	1	0	1459
27694	Biến dị Oa Hoàng Long Mãng	变异娲皇龙蟒	2769	95	1	0	1459
27695	Biến dị Oa Hoàng Long Mãng	变异娲皇龙蟒	2769	95	1	0	1459
27696	Biến dị Oa Hoàng Long Mãng	变异娲皇龙蟒	2769	95	1	0	1459
27697	Biến dị Oa Hoàng Long Mãng	变异娲皇龙蟒	2769	95	1	0	1459
27698	Biến dị Oa Hoàng Long Mãng	变异娲皇龙蟒	2769	95	1	0	1459
27699	Oa Hoàng Long Mãng (bảo bảo)	娲皇龙蟒宝宝	2769	95	0	1	1459
27700	Thái Cổ Long Hồn	成年太古龙魂	2770	95	0	0	1459
27701	Biến dị Thái Cổ Long Hồn	变异太古龙魂	2770	95	1	0	1459
27702	Biến dị Thái Cổ Long Hồn	变异太古龙魂	2770	95	1	0	1459
27703	Biến dị Thái Cổ Long Hồn	变异太古龙魂	2770	95	1	0	1459
27704	Biến dị Thái Cổ Long Hồn	变异太古龙魂	2770	95	1	0	1459
27705	Biến dị Thái Cổ Long Hồn	变异太古龙魂	2770	95	1	0	1459
27706	Biến dị Thái Cổ Long Hồn	变异太古龙魂	2770	95	1	0	1459
27707	Biến dị Thái Cổ Long Hồn	变异太古龙魂	2770	95	1	0	1459
27708	Biến dị Thái Cổ Long Hồn	变异太古龙魂	2770	95	1	0	1459
27709	Thái Cổ Long Hồn (bảo bảo)	太古龙魂宝宝	2770	95	0	1	1459
27710	Ngạo Vân Thương Long	成年傲云苍龙	2771	95	0	0	1459
27711	Biến dị Ngạo Vân Thương Long	变异傲云苍龙	2771	95	1	0	1459
27712	Biến dị Ngạo Vân Thương Long	变异傲云苍龙	2771	95	1	0	1459
27713	Biến dị Ngạo Vân Thương Long	变异傲云苍龙	2771	95	1	0	1459
27714	Biến dị Ngạo Vân Thương Long	变异傲云苍龙	2771	95	1	0	1459
27715	Biến dị Ngạo Vân Thương Long	变异傲云苍龙	2771	95	1	0	1459
27716	Biến dị Ngạo Vân Thương Long	变异傲云苍龙	2771	95	1	0	1459
27717	Biến dị Ngạo Vân Thương Long	变异傲云苍龙	2771	95	1	0	1459
27718	Biến dị Ngạo Vân Thương Long	变异傲云苍龙	2771	95	1	0	1459
27719	Ngạo Vân Thương Long (bảo bảo)	傲云苍龙宝宝	2771	95	0	1	1459
27720	Oa Hoàng Long Mãng	成年娲皇龙蟒	2772	95	0	0	1459
27721	Biến dị Oa Hoàng Long Mãng	变异娲皇龙蟒	2772	95	1	0	1459
27722	Biến dị Oa Hoàng Long Mãng	变异娲皇龙蟒	2772	95	1	0	1459
27723	Biến dị Oa Hoàng Long Mãng	变异娲皇龙蟒	2772	95	1	0	1459
27724	Biến dị Oa Hoàng Long Mãng	变异娲皇龙蟒	2772	95	1	0	1459
27725	Biến dị Oa Hoàng Long Mãng	变异娲皇龙蟒	2772	95	1	0	1459
27726	Biến dị Oa Hoàng Long Mãng	变异娲皇龙蟒	2772	95	1	0	1459
27727	Biến dị Oa Hoàng Long Mãng	变异娲皇龙蟒	2772	95	1	0	1459
27728	Biến dị Oa Hoàng Long Mãng	变异娲皇龙蟒	2772	95	1	0	1459
27729	Oa Hoàng Long Mãng (bảo bảo)	娲皇龙蟒宝宝	2772	95	0	1	1459
27730	Huyền Hoang Đằng Xà	成年玄荒腾蛇	2773	95	0	0	1459
27731	Biến dị Huyền Hoang Đằng Xà	变异玄荒腾蛇	2773	95	1	0	1459
27732	Biến dị Huyền Hoang Đằng Xà	变异玄荒腾蛇	2773	95	1	0	1459
27733	Biến dị Huyền Hoang Đằng Xà	变异玄荒腾蛇	2773	95	1	0	1459
27734	Biến dị Huyền Hoang Đằng Xà	变异玄荒腾蛇	2773	95	1	0	1459
27735	Biến dị Huyền Hoang Đằng Xà	变异玄荒腾蛇	2773	95	1	0	1459
27736	Biến dị Huyền Hoang Đằng Xà	变异玄荒腾蛇	2773	95	1	0	1459
27737	Biến dị Huyền Hoang Đằng Xà	变异玄荒腾蛇	2773	95	1	0	1459
27738	Biến dị Huyền Hoang Đằng Xà	变异玄荒腾蛇	2773	95	1	0	1459
27739	Huyền Hoang Đằng Xà (bảo bảo)	玄荒腾蛇宝宝	2773	95	0	1	1459
27740	Lượng Lượng Mã	成年靓靓马	2774	20	0	0	693
27741	Biến dị Lượng Lượng Mã	变异靓靓马	2774	20	1	0	693
27742	Biến dị Lượng Lượng Mã	变异靓靓马	2774	20	1	0	693
27749	Lượng Lượng Mã (bảo bảo)	靓靓马宝宝	2774	20	0	1	693
27750	Huyền Nữ Xà	成年玄女蛇	2775	5	0	0	846
27751	Biến dị Huyền Nữ Xà	变异玄女蛇	2775	5	1	0	846
27752	Biến dị Huyền Nữ Xà	变异玄女蛇	2775	5	1	0	846
27759	Huyền Nữ Xà (bảo bảo)	玄女蛇宝宝	2775	5	0	1	846
27760	Huyền Nữ Xà	成年玄女蛇	2776	45	0	0	948
27761	Biến dị Huyền Nữ Xà	变异玄女蛇	2776	45	1	0	948
27762	Biến dị Huyền Nữ Xà	变异玄女蛇	2776	45	1	0	948
27763	Biến dị Huyền Nữ Xà	变异玄女蛇	2776	45	1	0	948
27769	Huyền Nữ Xà (bảo bảo)	玄女蛇宝宝	2776	45	0	1	948
27770	Huyền Nữ Xà	成年玄女蛇	2777	55	0	0	1051
27771	Biến dị Huyền Nữ Xà	变异玄女蛇	2777	55	1	0	1051
27772	Biến dị Huyền Nữ Xà	变异玄女蛇	2777	55	1	0	1051
27773	Biến dị Huyền Nữ Xà	变异玄女蛇	2777	55	1	0	1051
27774	Biến dị Huyền Nữ Xà	变异玄女蛇	2777	55	1	0	1051
27779	Huyền Nữ Xà (bảo bảo)	玄女蛇宝宝	2777	55	0	1	1051
27780	Huyền Nữ Xà	成年玄女蛇	2778	65	0	0	1153
27781	Biến dị Huyền Nữ Xà	变异玄女蛇	2778	65	1	0	1153
27782	Biến dị Huyền Nữ Xà	变异玄女蛇	2778	65	1	0	1153
27783	Biến dị Huyền Nữ Xà	变异玄女蛇	2778	65	1	0	1153
27784	Biến dị Huyền Nữ Xà	变异玄女蛇	2778	65	1	0	1153
27785	Biến dị Huyền Nữ Xà	变异玄女蛇	2778	65	1	0	1153
27789	Huyền Nữ Xà (bảo bảo)	玄女蛇宝宝	2778	65	0	1	1153
27790	Huyền Nữ Xà	成年玄女蛇	2779	75	0	0	1255
27791	Biến dị Huyền Nữ Xà	变异玄女蛇	2779	75	1	0	1255
27792	Biến dị Huyền Nữ Xà	变异玄女蛇	2779	75	1	0	1255
27793	Biến dị Huyền Nữ Xà	变异玄女蛇	2779	75	1	0	1255
27794	Biến dị Huyền Nữ Xà	变异玄女蛇	2779	75	1	0	1255
27795	Biến dị Huyền Nữ Xà	变异玄女蛇	2779	75	1	0	1255
27796	Biến dị Huyền Nữ Xà	变异玄女蛇	2779	75	1	0	1255
27799	Huyền Nữ Xà (bảo bảo)	玄女蛇宝宝	2779	75	0	1	1255
27800	Huyền Nữ Xà	成年玄女蛇	2780	85	0	0	1357
27801	Biến dị Huyền Nữ Xà	变异玄女蛇	2780	85	1	0	1357
27802	Biến dị Huyền Nữ Xà	变异玄女蛇	2780	85	1	0	1357
27803	Biến dị Huyền Nữ Xà	变异玄女蛇	2780	85	1	0	1357
27804	Biến dị Huyền Nữ Xà	变异玄女蛇	2780	85	1	0	1357
27805	Biến dị Huyền Nữ Xà	变异玄女蛇	2780	85	1	0	1357
27806	Biến dị Huyền Nữ Xà	变异玄女蛇	2780	85	1	0	1357
27807	Biến dị Huyền Nữ Xà	变异玄女蛇	2780	85	1	0	1357
27809	Huyền Nữ Xà (bảo bảo)	玄女蛇宝宝	2780	85	0	1	1357
27810	Huyền Nữ Xà	成年玄女蛇	2781	95	0	0	1459
27811	Biến dị Huyền Nữ Xà	变异玄女蛇	2781	95	1	0	1459
27812	Biến dị Huyền Nữ Xà	变异玄女蛇	2781	95	1	0	1459
27813	Biến dị Huyền Nữ Xà	变异玄女蛇	2781	95	1	0	1459
27814	Biến dị Huyền Nữ Xà	变异玄女蛇	2781	95	1	0	1459
27815	Biến dị Huyền Nữ Xà	变异玄女蛇	2781	95	1	0	1459
27816	Biến dị Huyền Nữ Xà	变异玄女蛇	2781	95	1	0	1459
27817	Biến dị Huyền Nữ Xà	变异玄女蛇	2781	95	1	0	1459
27818	Biến dị Huyền Nữ Xà	变异玄女蛇	2781	95	1	0	1459
27819	Huyền Nữ Xà (bảo bảo)	玄女蛇宝宝	2781	95	0	1	1459
27820	Tuần Du Tiểu Tiên	成年巡游小仙	2782	20	0	0	693
27821	Biến dị Tuần Du Tiểu Tiên	变异巡游小仙	2782	20	1	0	693
27822	Biến dị Tuần Du Tiểu Tiên	变异巡游小仙	2782	20	1	0	693
27829	Tuần Du Tiểu Tiên (bảo bảo)	巡游小仙宝宝	2782	20	0	1	693
27830	Chung Tiểu Hoa	成年钟小花	2783	45	0	0	948
27831	Biến dị Chung Tiểu Hoa	变异钟小花	2783	45	1	0	948
27832	Biến dị Chung Tiểu Hoa	变异钟小花	2783	45	1	0	948
27833	Biến dị Chung Tiểu Hoa	变异钟小花	2783	45	1	0	948
27839	Chung Tiểu Hoa (bảo bảo)	钟小花宝宝	2783	45	0	1	948
27840	Tiểu Lãng Nhân	成年小浪人	2784	20	0	0	693
27841	Biến dị Tiểu Lãng Nhân	变异小浪人	2784	20	1	0	693
27842	Biến dị Tiểu Lãng Nhân	变异小浪人	2784	20	1	0	693
27849	Tiểu Lãng Nhân (bảo bảo)	小浪人宝宝	2784	20	0	1	693
27850	Phong Điểu	成年蜂鸟	2785	20	0	0	693
27851	Biến dị Phong Điểu	变异蜂鸟	2785	20	1	0	693
27852	Biến dị Phong Điểu	变异蜂鸟	2785	20	1	0	693
27859	Phong Điểu (bảo bảo)	蜂鸟宝宝	2785	20	0	1	693
27860	An Tử	成年安仔	2786	20	0	0	693
27861	Biến dị An Tử	变异安仔	2786	20	1	0	693
27862	Biến dị An Tử	变异安仔	2786	20	1	0	693
27869	An Tử (bảo bảo)	安仔宝宝	2786	20	0	1	693
27870	Chung Tiểu Hắc	成年钟小黑	2787	5	0	0	693
27871	Biến dị Chung Tiểu Hắc	变异钟小黑	2787	5	1	0	693
27872	Biến dị Chung Tiểu Hắc	变异钟小黑	2787	5	1	0	693
27879	Chung Tiểu Hắc (bảo bảo)	钟小黑宝宝	2787	5	0	1	693
27880	Thiểm Điện Điêu	闪电貂	2788	1	1	0	500
27890	Thiểm Điện Điêu	闪电貂	2789	1	1	0	500
27900	Mao Mao Ngưu	成年毛毛牛	2790	5	0	0	846
27901	Biến dị Mao Mao Ngưu	变异毛毛牛	2790	5	1	0	846
27902	Biến dị Mao Mao Ngưu	变异毛毛牛	2790	5	1	0	846
27909	Mao Mao Ngưu (bảo bảo)	毛毛牛宝宝	2790	5	0	1	846
27910	Mao Mao Ngưu	成年毛毛牛	2791	45	0	0	948
27911	Biến dị Mao Mao Ngưu	变异毛毛牛	2791	45	1	0	948
27912	Biến dị Mao Mao Ngưu	变异毛毛牛	2791	45	1	0	948
27913	Biến dị Mao Mao Ngưu	变异毛毛牛	2791	45	1	0	948
27919	Mao Mao Ngưu (bảo bảo)	毛毛牛宝宝	2791	45	0	1	948
27920	Mao Mao Ngưu	成年毛毛牛	2792	55	0	0	1051
27921	Biến dị Mao Mao Ngưu	变异毛毛牛	2792	55	1	0	1051
27922	Biến dị Mao Mao Ngưu	变异毛毛牛	2792	55	1	0	1051
27923	Biến dị Mao Mao Ngưu	变异毛毛牛	2792	55	1	0	1051
27924	Biến dị Mao Mao Ngưu	变异毛毛牛	2792	55	1	0	1051
27929	Mao Mao Ngưu (bảo bảo)	毛毛牛宝宝	2792	55	0	1	1051
27930	Mao Mao Ngưu	成年毛毛牛	2793	65	0	0	1153
27931	Biến dị Mao Mao Ngưu	变异毛毛牛	2793	65	1	0	1153
27932	Biến dị Mao Mao Ngưu	变异毛毛牛	2793	65	1	0	1153
27933	Biến dị Mao Mao Ngưu	变异毛毛牛	2793	65	1	0	1153
27934	Biến dị Mao Mao Ngưu	变异毛毛牛	2793	65	1	0	1153
27935	Biến dị Mao Mao Ngưu	变异毛毛牛	2793	65	1	0	1153
27939	Mao Mao Ngưu (bảo bảo)	毛毛牛宝宝	2793	65	0	1	1153
27940	Mao Mao Ngưu	成年毛毛牛	2794	75	0	0	1255
27941	Biến dị Mao Mao Ngưu	变异毛毛牛	2794	75	1	0	1255
27942	Biến dị Mao Mao Ngưu	变异毛毛牛	2794	75	1	0	1255
27943	Biến dị Mao Mao Ngưu	变异毛毛牛	2794	75	1	0	1255
27944	Biến dị Mao Mao Ngưu	变异毛毛牛	2794	75	1	0	1255
27945	Biến dị Mao Mao Ngưu	变异毛毛牛	2794	75	1	0	1255
27946	Biến dị Mao Mao Ngưu	变异毛毛牛	2794	75	1	0	1255
27949	Mao Mao Ngưu (bảo bảo)	毛毛牛宝宝	2794	75	0	1	1255
27950	Mao Mao Ngưu	成年毛毛牛	2795	85	0	0	1357
27951	Biến dị Mao Mao Ngưu	变异毛毛牛	2795	85	1	0	1357
27952	Biến dị Mao Mao Ngưu	变异毛毛牛	2795	85	1	0	1357
27953	Biến dị Mao Mao Ngưu	变异毛毛牛	2795	85	1	0	1357
27954	Biến dị Mao Mao Ngưu	变异毛毛牛	2795	85	1	0	1357
27955	Biến dị Mao Mao Ngưu	变异毛毛牛	2795	85	1	0	1357
27956	Biến dị Mao Mao Ngưu	变异毛毛牛	2795	85	1	0	1357
27957	Biến dị Mao Mao Ngưu	变异毛毛牛	2795	85	1	0	1357
27959	Mao Mao Ngưu (bảo bảo)	毛毛牛宝宝	2795	85	0	1	1357
27960	Mao Mao Ngưu	成年毛毛牛	2796	95	0	0	1459
27961	Biến dị Mao Mao Ngưu	变异毛毛牛	2796	95	1	0	1459
27962	Biến dị Mao Mao Ngưu	变异毛毛牛	2796	95	1	0	1459
27963	Biến dị Mao Mao Ngưu	变异毛毛牛	2796	95	1	0	1459
27964	Biến dị Mao Mao Ngưu	变异毛毛牛	2796	95	1	0	1459
27965	Biến dị Mao Mao Ngưu	变异毛毛牛	2796	95	1	0	1459
27966	Biến dị Mao Mao Ngưu	变异毛毛牛	2796	95	1	0	1459
27967	Biến dị Mao Mao Ngưu	变异毛毛牛	2796	95	1	0	1459
27968	Biến dị Mao Mao Ngưu	变异毛毛牛	2796	95	1	0	1459
27969	Mao Mao Ngưu (bảo bảo)	毛毛牛宝宝	2796	95	0	1	1459
27970	Thánh Trang Tiểu Lộc	成年圣妆小鹿	2797	5	0	0	846
27971	Biến dị Thánh Trang Tiểu Lộc	变异圣妆小鹿	2797	5	1	0	846
27972	Biến dị Thánh Trang Tiểu Lộc	变异圣妆小鹿	2797	5	1	0	846
27979	Thánh Trang Tiểu Lộc (bảo bảo)	圣妆小鹿宝宝	2797	5	0	1	846
27980	Thánh Trang Tiểu Lộc	成年圣妆小鹿	2798	45	0	0	948
27981	Biến dị Thánh Trang Tiểu Lộc	变异圣妆小鹿	2798	45	1	0	948
27982	Biến dị Thánh Trang Tiểu Lộc	变异圣妆小鹿	2798	45	1	0	948
27983	Biến dị Thánh Trang Tiểu Lộc	变异圣妆小鹿	2798	45	1	0	948
27989	Thánh Trang Tiểu Lộc (bảo bảo)	圣妆小鹿宝宝	2798	45	0	1	948
27990	Thánh Trang Tiểu Lộc	成年圣妆小鹿	2799	55	0	0	1051
27991	Biến dị Thánh Trang Tiểu Lộc	变异圣妆小鹿	2799	55	1	0	1051
27992	Biến dị Thánh Trang Tiểu Lộc	变异圣妆小鹿	2799	55	1	0	1051
27993	Biến dị Thánh Trang Tiểu Lộc	变异圣妆小鹿	2799	55	1	0	1051
27994	Biến dị Thánh Trang Tiểu Lộc	变异圣妆小鹿	2799	55	1	0	1051
27999	Thánh Trang Tiểu Lộc (bảo bảo)	圣妆小鹿宝宝	2799	55	0	1	1051
28000	Thánh Trang Tiểu Lộc	成年圣妆小鹿	2800	65	0	0	1153
28001	Biến dị Thánh Trang Tiểu Lộc	变异圣妆小鹿	2800	65	1	0	1153
28002	Biến dị Thánh Trang Tiểu Lộc	变异圣妆小鹿	2800	65	1	0	1153
28003	Biến dị Thánh Trang Tiểu Lộc	变异圣妆小鹿	2800	65	1	0	1153
28004	Biến dị Thánh Trang Tiểu Lộc	变异圣妆小鹿	2800	65	1	0	1153
28005	Biến dị Thánh Trang Tiểu Lộc	变异圣妆小鹿	2800	65	1	0	1153
28009	Thánh Trang Tiểu Lộc (bảo bảo)	圣妆小鹿宝宝	2800	65	0	1	1153
28010	Thánh Trang Tiểu Lộc	成年圣妆小鹿	2801	75	0	0	1255
28011	Biến dị Thánh Trang Tiểu Lộc	变异圣妆小鹿	2801	75	1	0	1255
28012	Biến dị Thánh Trang Tiểu Lộc	变异圣妆小鹿	2801	75	1	0	1255
28013	Biến dị Thánh Trang Tiểu Lộc	变异圣妆小鹿	2801	75	1	0	1255
28014	Biến dị Thánh Trang Tiểu Lộc	变异圣妆小鹿	2801	75	1	0	1255
28015	Biến dị Thánh Trang Tiểu Lộc	变异圣妆小鹿	2801	75	1	0	1255
28016	Biến dị Thánh Trang Tiểu Lộc	变异圣妆小鹿	2801	75	1	0	1255
28019	Thánh Trang Tiểu Lộc (bảo bảo)	圣妆小鹿宝宝	2801	75	0	1	1255
28020	Thánh Trang Tiểu Lộc	成年圣妆小鹿	2802	85	0	0	1357
28021	Biến dị Thánh Trang Tiểu Lộc	变异圣妆小鹿	2802	85	1	0	1357
28022	Biến dị Thánh Trang Tiểu Lộc	变异圣妆小鹿	2802	85	1	0	1357
28023	Biến dị Thánh Trang Tiểu Lộc	变异圣妆小鹿	2802	85	1	0	1357
28024	Biến dị Thánh Trang Tiểu Lộc	变异圣妆小鹿	2802	85	1	0	1357
28025	Biến dị Thánh Trang Tiểu Lộc	变异圣妆小鹿	2802	85	1	0	1357
28026	Biến dị Thánh Trang Tiểu Lộc	变异圣妆小鹿	2802	85	1	0	1357
28027	Biến dị Thánh Trang Tiểu Lộc	变异圣妆小鹿	2802	85	1	0	1357
28029	Thánh Trang Tiểu Lộc (bảo bảo)	圣妆小鹿宝宝	2802	85	0	1	1357
28030	Thánh Trang Tiểu Lộc	成年圣妆小鹿	2803	95	0	0	1459
28031	Biến dị Thánh Trang Tiểu Lộc	变异圣妆小鹿	2803	95	1	0	1459
28032	Biến dị Thánh Trang Tiểu Lộc	变异圣妆小鹿	2803	95	1	0	1459
28033	Biến dị Thánh Trang Tiểu Lộc	变异圣妆小鹿	2803	95	1	0	1459
28034	Biến dị Thánh Trang Tiểu Lộc	变异圣妆小鹿	2803	95	1	0	1459
28035	Biến dị Thánh Trang Tiểu Lộc	变异圣妆小鹿	2803	95	1	0	1459
28036	Biến dị Thánh Trang Tiểu Lộc	变异圣妆小鹿	2803	95	1	0	1459
28037	Biến dị Thánh Trang Tiểu Lộc	变异圣妆小鹿	2803	95	1	0	1459
28038	Biến dị Thánh Trang Tiểu Lộc	变异圣妆小鹿	2803	95	1	0	1459
28039	Thánh Trang Tiểu Lộc (bảo bảo)	圣妆小鹿宝宝	2803	95	0	1	1459
28040	Côn Luân Tiên Tuấn	成年昆仑仙骏	2804	5	0	0	846
28041	Biến dị Côn Luân Tiên Tuấn	变异昆仑仙骏	2804	5	1	0	846
28042	Biến dị Côn Luân Tiên Tuấn	变异昆仑仙骏	2804	5	1	0	846
28049	Côn Luân Tiên Tuấn (bảo bảo)	昆仑仙骏宝宝	2804	5	0	1	846
28050	Côn Luân Tiên Tuấn	成年昆仑仙骏	2805	45	0	0	948
28051	Biến dị Côn Luân Tiên Tuấn	变异昆仑仙骏	2805	45	1	0	948
28052	Biến dị Côn Luân Tiên Tuấn	变异昆仑仙骏	2805	45	1	0	948
28053	Biến dị Côn Luân Tiên Tuấn	变异昆仑仙骏	2805	45	1	0	948
28059	Côn Luân Tiên Tuấn (bảo bảo)	昆仑仙骏宝宝	2805	45	0	1	948
28060	Côn Luân Tiên Tuấn	成年昆仑仙骏	2806	55	0	0	1051
28061	Biến dị Côn Luân Tiên Tuấn	变异昆仑仙骏	2806	55	1	0	1051
28062	Biến dị Côn Luân Tiên Tuấn	变异昆仑仙骏	2806	55	1	0	1051
28063	Biến dị Côn Luân Tiên Tuấn	变异昆仑仙骏	2806	55	1	0	1051
28064	Biến dị Côn Luân Tiên Tuấn	变异昆仑仙骏	2806	55	1	0	1051
28069	Côn Luân Tiên Tuấn (bảo bảo)	昆仑仙骏宝宝	2806	55	0	1	1051
28070	Côn Luân Tiên Tuấn	成年昆仑仙骏	2807	65	0	0	1153
28071	Biến dị Côn Luân Tiên Tuấn	变异昆仑仙骏	2807	65	1	0	1153
28072	Biến dị Côn Luân Tiên Tuấn	变异昆仑仙骏	2807	65	1	0	1153
28073	Biến dị Côn Luân Tiên Tuấn	变异昆仑仙骏	2807	65	1	0	1153
28074	Biến dị Côn Luân Tiên Tuấn	变异昆仑仙骏	2807	65	1	0	1153
28075	Biến dị Côn Luân Tiên Tuấn	变异昆仑仙骏	2807	65	1	0	1153
28079	Côn Luân Tiên Tuấn (bảo bảo)	昆仑仙骏宝宝	2807	65	0	1	1153
28080	Côn Luân Tiên Tuấn	成年昆仑仙骏	2808	75	0	0	1255
28081	Biến dị Côn Luân Tiên Tuấn	变异昆仑仙骏	2808	75	1	0	1255
28082	Biến dị Côn Luân Tiên Tuấn	变异昆仑仙骏	2808	75	1	0	1255
28083	Biến dị Côn Luân Tiên Tuấn	变异昆仑仙骏	2808	75	1	0	1255
28084	Biến dị Côn Luân Tiên Tuấn	变异昆仑仙骏	2808	75	1	0	1255
28085	Biến dị Côn Luân Tiên Tuấn	变异昆仑仙骏	2808	75	1	0	1255
28086	Biến dị Côn Luân Tiên Tuấn	变异昆仑仙骏	2808	75	1	0	1255
28089	Côn Luân Tiên Tuấn (bảo bảo)	昆仑仙骏宝宝	2808	75	0	1	1255
28090	Côn Luân Tiên Tuấn	成年昆仑仙骏	2809	85	0	0	1357
28091	Biến dị Côn Luân Tiên Tuấn	变异昆仑仙骏	2809	85	1	0	1357
28092	Biến dị Côn Luân Tiên Tuấn	变异昆仑仙骏	2809	85	1	0	1357
28093	Biến dị Côn Luân Tiên Tuấn	变异昆仑仙骏	2809	85	1	0	1357
28094	Biến dị Côn Luân Tiên Tuấn	变异昆仑仙骏	2809	85	1	0	1357
28095	Biến dị Côn Luân Tiên Tuấn	变异昆仑仙骏	2809	85	1	0	1357
28096	Biến dị Côn Luân Tiên Tuấn	变异昆仑仙骏	2809	85	1	0	1357
28097	Biến dị Côn Luân Tiên Tuấn	变异昆仑仙骏	2809	85	1	0	1357
28099	Côn Luân Tiên Tuấn (bảo bảo)	昆仑仙骏宝宝	2809	85	0	1	1357
28100	Côn Luân Tiên Tuấn	成年昆仑仙骏	2810	95	0	0	1459
28101	Biến dị Côn Luân Tiên Tuấn	变异昆仑仙骏	2810	95	1	0	1459
28102	Biến dị Côn Luân Tiên Tuấn	变异昆仑仙骏	2810	95	1	0	1459
28103	Biến dị Côn Luân Tiên Tuấn	变异昆仑仙骏	2810	95	1	0	1459
28104	Biến dị Côn Luân Tiên Tuấn	变异昆仑仙骏	2810	95	1	0	1459
28105	Biến dị Côn Luân Tiên Tuấn	变异昆仑仙骏	2810	95	1	0	1459
28106	Biến dị Côn Luân Tiên Tuấn	变异昆仑仙骏	2810	95	1	0	1459
28107	Biến dị Côn Luân Tiên Tuấn	变异昆仑仙骏	2810	95	1	0	1459
28108	Biến dị Côn Luân Tiên Tuấn	变异昆仑仙骏	2810	95	1	0	1459
28109	Côn Luân Tiên Tuấn (bảo bảo)	昆仑仙骏宝宝	2810	95	0	1	1459
28110	Thái Thương Long Tử	成年太苍龙子	2811	5	0	0	846
28111	Biến dị Thái Thương Long Tử	变异太苍龙子	2811	5	1	0	846
28112	Biến dị Thái Thương Long Tử	变异太苍龙子	2811	5	1	0	846
28119	Thái Thương Long Tử (bảo bảo)	太苍龙子宝宝	2811	5	0	1	846
28120	Thái Thương Long Tử	成年太苍龙子	2812	45	0	0	948
28121	Biến dị Thái Thương Long Tử	变异太苍龙子	2812	45	1	0	948
28122	Biến dị Thái Thương Long Tử	变异太苍龙子	2812	45	1	0	948
28123	Biến dị Thái Thương Long Tử	变异太苍龙子	2812	45	1	0	948
28129	Thái Thương Long Tử (bảo bảo)	太苍龙子宝宝	2812	45	0	1	948
28130	Thái Thương Long Tử	成年太苍龙子	2813	55	0	0	1051
28131	Biến dị Thái Thương Long Tử	变异太苍龙子	2813	55	1	0	1051
28132	Biến dị Thái Thương Long Tử	变异太苍龙子	2813	55	1	0	1051
28133	Biến dị Thái Thương Long Tử	变异太苍龙子	2813	55	1	0	1051
28134	Biến dị Thái Thương Long Tử	变异太苍龙子	2813	55	1	0	1051
28139	Thái Thương Long Tử (bảo bảo)	太苍龙子宝宝	2813	55	0	1	1051
28140	Thái Thương Long Tử	成年太苍龙子	2814	65	0	0	1153
28141	Biến dị Thái Thương Long Tử	变异太苍龙子	2814	65	1	0	1153
28142	Biến dị Thái Thương Long Tử	变异太苍龙子	2814	65	1	0	1153
28143	Biến dị Thái Thương Long Tử	变异太苍龙子	2814	65	1	0	1153
28144	Biến dị Thái Thương Long Tử	变异太苍龙子	2814	65	1	0	1153
28145	Biến dị Thái Thương Long Tử	变异太苍龙子	2814	65	1	0	1153
28149	Thái Thương Long Tử (bảo bảo)	太苍龙子宝宝	2814	65	0	1	1153
28150	Thái Thương Long Tử	成年太苍龙子	2815	75	0	0	1255
28151	Biến dị Thái Thương Long Tử	变异太苍龙子	2815	75	1	0	1255
28152	Biến dị Thái Thương Long Tử	变异太苍龙子	2815	75	1	0	1255
28153	Biến dị Thái Thương Long Tử	变异太苍龙子	2815	75	1	0	1255
28154	Biến dị Thái Thương Long Tử	变异太苍龙子	2815	75	1	0	1255
28155	Biến dị Thái Thương Long Tử	变异太苍龙子	2815	75	1	0	1255
28156	Biến dị Thái Thương Long Tử	变异太苍龙子	2815	75	1	0	1255
28159	Thái Thương Long Tử (bảo bảo)	太苍龙子宝宝	2815	75	0	1	1255
28160	Thái Thương Long Tử	成年太苍龙子	2816	85	0	0	1357
28161	Biến dị Thái Thương Long Tử	变异太苍龙子	2816	85	1	0	1357
28162	Biến dị Thái Thương Long Tử	变异太苍龙子	2816	85	1	0	1357
28163	Biến dị Thái Thương Long Tử	变异太苍龙子	2816	85	1	0	1357
28164	Biến dị Thái Thương Long Tử	变异太苍龙子	2816	85	1	0	1357
28165	Biến dị Thái Thương Long Tử	变异太苍龙子	2816	85	1	0	1357
28166	Biến dị Thái Thương Long Tử	变异太苍龙子	2816	85	1	0	1357
28167	Biến dị Thái Thương Long Tử	变异太苍龙子	2816	85	1	0	1357
28169	Thái Thương Long Tử (bảo bảo)	太苍龙子宝宝	2816	85	0	1	1357
28170	Thái Thương Long Tử	成年太苍龙子	2817	95	0	0	1459
28171	Biến dị Thái Thương Long Tử	变异太苍龙子	2817	95	1	0	1459
28172	Biến dị Thái Thương Long Tử	变异太苍龙子	2817	95	1	0	1459
28173	Biến dị Thái Thương Long Tử	变异太苍龙子	2817	95	1	0	1459
28174	Biến dị Thái Thương Long Tử	变异太苍龙子	2817	95	1	0	1459
28175	Biến dị Thái Thương Long Tử	变异太苍龙子	2817	95	1	0	1459
28176	Biến dị Thái Thương Long Tử	变异太苍龙子	2817	95	1	0	1459
28177	Biến dị Thái Thương Long Tử	变异太苍龙子	2817	95	1	0	1459
28178	Biến dị Thái Thương Long Tử	变异太苍龙子	2817	95	1	0	1459
28179	Thái Thương Long Tử (bảo bảo)	太苍龙子宝宝	2817	95	0	1	1459
28180	Bạo Tẩu Hùng Miêu	成年暴走熊猫	2818	5	0	0	846
28181	Biến dị Bạo Tẩu Hùng Miêu	变异暴走熊猫	2818	5	1	0	846
28182	Biến dị Bạo Tẩu Hùng Miêu	变异暴走熊猫	2818	5	1	0	846
28189	Bạo Tẩu Hùng Miêu (bảo bảo)	暴走熊猫宝宝	2818	5	0	1	846
28190	Bạo Tẩu Hùng Miêu	成年暴走熊猫	2819	45	0	0	948
28191	Biến dị Bạo Tẩu Hùng Miêu	变异暴走熊猫	2819	45	1	0	948
28192	Biến dị Bạo Tẩu Hùng Miêu	变异暴走熊猫	2819	45	1	0	948
28193	Biến dị Bạo Tẩu Hùng Miêu	变异暴走熊猫	2819	45	1	0	948
28199	Bạo Tẩu Hùng Miêu (bảo bảo)	暴走熊猫宝宝	2819	45	0	1	948
28200	Bạo Tẩu Hùng Miêu	成年暴走熊猫	2820	55	0	0	1051
28201	Biến dị Bạo Tẩu Hùng Miêu	变异暴走熊猫	2820	55	1	0	1051
28202	Biến dị Bạo Tẩu Hùng Miêu	变异暴走熊猫	2820	55	1	0	1051
28203	Biến dị Bạo Tẩu Hùng Miêu	变异暴走熊猫	2820	55	1	0	1051
28204	Biến dị Bạo Tẩu Hùng Miêu	变异暴走熊猫	2820	55	1	0	1051
28209	Bạo Tẩu Hùng Miêu (bảo bảo)	暴走熊猫宝宝	2820	55	0	1	1051
28210	Bạo Tẩu Hùng Miêu	成年暴走熊猫	2821	65	0	0	1153
28211	Biến dị Bạo Tẩu Hùng Miêu	变异暴走熊猫	2821	65	1	0	1153
28212	Biến dị Bạo Tẩu Hùng Miêu	变异暴走熊猫	2821	65	1	0	1153
28213	Biến dị Bạo Tẩu Hùng Miêu	变异暴走熊猫	2821	65	1	0	1153
28214	Biến dị Bạo Tẩu Hùng Miêu	变异暴走熊猫	2821	65	1	0	1153
28215	Biến dị Bạo Tẩu Hùng Miêu	变异暴走熊猫	2821	65	1	0	1153
28219	Bạo Tẩu Hùng Miêu (bảo bảo)	暴走熊猫宝宝	2821	65	0	1	1153
28220	Bạo Tẩu Hùng Miêu	成年暴走熊猫	2822	75	0	0	1255
28221	Biến dị Bạo Tẩu Hùng Miêu	变异暴走熊猫	2822	75	1	0	1255
28222	Biến dị Bạo Tẩu Hùng Miêu	变异暴走熊猫	2822	75	1	0	1255
28223	Biến dị Bạo Tẩu Hùng Miêu	变异暴走熊猫	2822	75	1	0	1255
28224	Biến dị Bạo Tẩu Hùng Miêu	变异暴走熊猫	2822	75	1	0	1255
28225	Biến dị Bạo Tẩu Hùng Miêu	变异暴走熊猫	2822	75	1	0	1255
28226	Biến dị Bạo Tẩu Hùng Miêu	变异暴走熊猫	2822	75	1	0	1255
28229	Bạo Tẩu Hùng Miêu (bảo bảo)	暴走熊猫宝宝	2822	75	0	1	1255
28230	Bạo Tẩu Hùng Miêu	成年暴走熊猫	2823	85	0	0	1357
28231	Biến dị Bạo Tẩu Hùng Miêu	变异暴走熊猫	2823	85	1	0	1357
28232	Biến dị Bạo Tẩu Hùng Miêu	变异暴走熊猫	2823	85	1	0	1357
28233	Biến dị Bạo Tẩu Hùng Miêu	变异暴走熊猫	2823	85	1	0	1357
28234	Biến dị Bạo Tẩu Hùng Miêu	变异暴走熊猫	2823	85	1	0	1357
28235	Biến dị Bạo Tẩu Hùng Miêu	变异暴走熊猫	2823	85	1	0	1357
28236	Biến dị Bạo Tẩu Hùng Miêu	变异暴走熊猫	2823	85	1	0	1357
28237	Biến dị Bạo Tẩu Hùng Miêu	变异暴走熊猫	2823	85	1	0	1357
28239	Bạo Tẩu Hùng Miêu (bảo bảo)	暴走熊猫宝宝	2823	85	0	1	1357
28240	Bạo Tẩu Hùng Miêu	成年暴走熊猫	2824	95	0	0	1459
28241	Biến dị Bạo Tẩu Hùng Miêu	变异暴走熊猫	2824	95	1	0	1459
28242	Biến dị Bạo Tẩu Hùng Miêu	变异暴走熊猫	2824	95	1	0	1459
28243	Biến dị Bạo Tẩu Hùng Miêu	变异暴走熊猫	2824	95	1	0	1459
28244	Biến dị Bạo Tẩu Hùng Miêu	变异暴走熊猫	2824	95	1	0	1459
28245	Biến dị Bạo Tẩu Hùng Miêu	变异暴走熊猫	2824	95	1	0	1459
28246	Biến dị Bạo Tẩu Hùng Miêu	变异暴走熊猫	2824	95	1	0	1459
28247	Biến dị Bạo Tẩu Hùng Miêu	变异暴走熊猫	2824	95	1	0	1459
28248	Biến dị Bạo Tẩu Hùng Miêu	变异暴走熊猫	2824	95	1	0	1459
28249	Bạo Tẩu Hùng Miêu (bảo bảo)	暴走熊猫宝宝	2824	95	0	1	1459
28250	Manh Âm Hoa Linh	成年萌音花灵	2825	5	0	0	846
28251	Biến dị Manh Âm Hoa Linh	变异萌音花灵	2825	5	1	0	846
28252	Biến dị Manh Âm Hoa Linh	变异萌音花灵	2825	5	1	0	846
28259	Manh Âm Hoa Linh (bảo bảo)	萌音花灵宝宝	2825	5	0	1	846
28260	Manh Âm Hoa Linh	成年萌音花灵	2826	45	0	0	948
28261	Biến dị Manh Âm Hoa Linh	变异萌音花灵	2826	45	1	0	948
28262	Biến dị Manh Âm Hoa Linh	变异萌音花灵	2826	45	1	0	948
28263	Biến dị Manh Âm Hoa Linh	变异萌音花灵	2826	45	1	0	948
28269	Manh Âm Hoa Linh (bảo bảo)	萌音花灵宝宝	2826	45	0	1	948
28270	Manh Âm Hoa Linh	成年萌音花灵	2827	55	0	0	1051
28271	Biến dị Manh Âm Hoa Linh	变异萌音花灵	2827	55	1	0	1051
28272	Biến dị Manh Âm Hoa Linh	变异萌音花灵	2827	55	1	0	1051
28273	Biến dị Manh Âm Hoa Linh	变异萌音花灵	2827	55	1	0	1051
28274	Biến dị Manh Âm Hoa Linh	变异萌音花灵	2827	55	1	0	1051
28279	Manh Âm Hoa Linh (bảo bảo)	萌音花灵宝宝	2827	55	0	1	1051
28280	Manh Âm Hoa Linh	成年萌音花灵	2828	65	0	0	1153
28281	Biến dị Manh Âm Hoa Linh	变异萌音花灵	2828	65	1	0	1153
28282	Biến dị Manh Âm Hoa Linh	变异萌音花灵	2828	65	1	0	1153
28283	Biến dị Manh Âm Hoa Linh	变异萌音花灵	2828	65	1	0	1153
28284	Biến dị Manh Âm Hoa Linh	变异萌音花灵	2828	65	1	0	1153
28285	Biến dị Manh Âm Hoa Linh	变异萌音花灵	2828	65	1	0	1153
28289	Manh Âm Hoa Linh (bảo bảo)	萌音花灵宝宝	2828	65	0	1	1153
28290	Manh Âm Hoa Linh	成年萌音花灵	2829	75	0	0	1255
28291	Biến dị Manh Âm Hoa Linh	变异萌音花灵	2829	75	1	0	1255
28292	Biến dị Manh Âm Hoa Linh	变异萌音花灵	2829	75	1	0	1255
28293	Biến dị Manh Âm Hoa Linh	变异萌音花灵	2829	75	1	0	1255
28294	Biến dị Manh Âm Hoa Linh	变异萌音花灵	2829	75	1	0	1255
28295	Biến dị Manh Âm Hoa Linh	变异萌音花灵	2829	75	1	0	1255
28296	Biến dị Manh Âm Hoa Linh	变异萌音花灵	2829	75	1	0	1255
28299	Manh Âm Hoa Linh (bảo bảo)	萌音花灵宝宝	2829	75	0	1	1255
28300	Manh Âm Hoa Linh	成年萌音花灵	2830	85	0	0	1357
28301	Biến dị Manh Âm Hoa Linh	变异萌音花灵	2830	85	1	0	1357
28302	Biến dị Manh Âm Hoa Linh	变异萌音花灵	2830	85	1	0	1357
28303	Biến dị Manh Âm Hoa Linh	变异萌音花灵	2830	85	1	0	1357
28304	Biến dị Manh Âm Hoa Linh	变异萌音花灵	2830	85	1	0	1357
28305	Biến dị Manh Âm Hoa Linh	变异萌音花灵	2830	85	1	0	1357
28306	Biến dị Manh Âm Hoa Linh	变异萌音花灵	2830	85	1	0	1357
28307	Biến dị Manh Âm Hoa Linh	变异萌音花灵	2830	85	1	0	1357
28309	Manh Âm Hoa Linh (bảo bảo)	萌音花灵宝宝	2830	85	0	1	1357
28310	Manh Âm Hoa Linh	成年萌音花灵	2831	95	0	0	1459
28311	Biến dị Manh Âm Hoa Linh	变异萌音花灵	2831	95	1	0	1459
28312	Biến dị Manh Âm Hoa Linh	变异萌音花灵	2831	95	1	0	1459
28313	Biến dị Manh Âm Hoa Linh	变异萌音花灵	2831	95	1	0	1459
28314	Biến dị Manh Âm Hoa Linh	变异萌音花灵	2831	95	1	0	1459
28315	Biến dị Manh Âm Hoa Linh	变异萌音花灵	2831	95	1	0	1459
28316	Biến dị Manh Âm Hoa Linh	变异萌音花灵	2831	95	1	0	1459
28317	Biến dị Manh Âm Hoa Linh	变异萌音花灵	2831	95	1	0	1459
28318	Biến dị Manh Âm Hoa Linh	变异萌音花灵	2831	95	1	0	1459
28319	Manh Âm Hoa Linh (bảo bảo)	萌音花灵宝宝	2831	95	0	1	1459
28320	Tiểu Dịch	成年小易	2832	20	0	0	693
28321	Biến dị Tiểu Dịch	变异小易	2832	20	1	0	693
28322	Biến dị Tiểu Dịch	变异小易	2832	20	1	0	693
28329	Tiểu Dịch (bảo bảo)	小易宝宝	2832	20	0	1	693
28330	Tiểu Mã Ca	成年小马哥	2833	5	0	0	846
28331	Biến dị Tiểu Mã Ca	变异小马哥	2833	5	1	0	846
28332	Biến dị Tiểu Mã Ca	变异小马哥	2833	5	1	0	846
28339	Tiểu Mã Ca (bảo bảo)	小马哥宝宝	2833	5	0	1	846
28340	Tiểu Mã Ca	成年小马哥	2834	45	0	0	948
28341	Biến dị Tiểu Mã Ca	变异小马哥	2834	45	1	0	948
28342	Biến dị Tiểu Mã Ca	变异小马哥	2834	45	1	0	948
28343	Biến dị Tiểu Mã Ca	变异小马哥	2834	45	1	0	948
28349	Tiểu Mã Ca (bảo bảo)	小马哥宝宝	2834	45	0	1	948
28350	Tiểu Mã Ca	成年小马哥	2835	55	0	0	1051
28351	Biến dị Tiểu Mã Ca	变异小马哥	2835	55	1	0	1051
28352	Biến dị Tiểu Mã Ca	变异小马哥	2835	55	1	0	1051
28353	Biến dị Tiểu Mã Ca	变异小马哥	2835	55	1	0	1051
28354	Biến dị Tiểu Mã Ca	变异小马哥	2835	55	1	0	1051
28359	Tiểu Mã Ca (bảo bảo)	小马哥宝宝	2835	55	0	1	1051
28360	Tiểu Mã Ca	成年小马哥	2836	65	0	0	1153
28361	Biến dị Tiểu Mã Ca	变异小马哥	2836	65	1	0	1153
28362	Biến dị Tiểu Mã Ca	变异小马哥	2836	65	1	0	1153
28363	Biến dị Tiểu Mã Ca	变异小马哥	2836	65	1	0	1153
28364	Biến dị Tiểu Mã Ca	变异小马哥	2836	65	1	0	1153
28365	Biến dị Tiểu Mã Ca	变异小马哥	2836	65	1	0	1153
28369	Tiểu Mã Ca (bảo bảo)	小马哥宝宝	2836	65	0	1	1153
28370	Tiểu Mã Ca	成年小马哥	2837	75	0	0	1255
28371	Biến dị Tiểu Mã Ca	变异小马哥	2837	75	1	0	1255
28372	Biến dị Tiểu Mã Ca	变异小马哥	2837	75	1	0	1255
28373	Biến dị Tiểu Mã Ca	变异小马哥	2837	75	1	0	1255
28374	Biến dị Tiểu Mã Ca	变异小马哥	2837	75	1	0	1255
28375	Biến dị Tiểu Mã Ca	变异小马哥	2837	75	1	0	1255
28376	Biến dị Tiểu Mã Ca	变异小马哥	2837	75	1	0	1255
28379	Tiểu Mã Ca (bảo bảo)	小马哥宝宝	2837	75	0	1	1255
28380	Tiểu Mã Ca	成年小马哥	2838	85	0	0	1357
28381	Biến dị Tiểu Mã Ca	变异小马哥	2838	85	1	0	1357
28382	Biến dị Tiểu Mã Ca	变异小马哥	2838	85	1	0	1357
28383	Biến dị Tiểu Mã Ca	变异小马哥	2838	85	1	0	1357
28384	Biến dị Tiểu Mã Ca	变异小马哥	2838	85	1	0	1357
28385	Biến dị Tiểu Mã Ca	变异小马哥	2838	85	1	0	1357
28386	Biến dị Tiểu Mã Ca	变异小马哥	2838	85	1	0	1357
28387	Biến dị Tiểu Mã Ca	变异小马哥	2838	85	1	0	1357
28389	Tiểu Mã Ca (bảo bảo)	小马哥宝宝	2838	85	0	1	1357
28390	Tiểu Mã Ca	成年小马哥	2839	95	0	0	1459
28391	Biến dị Tiểu Mã Ca	变异小马哥	2839	95	1	0	1459
28392	Biến dị Tiểu Mã Ca	变异小马哥	2839	95	1	0	1459
28393	Biến dị Tiểu Mã Ca	变异小马哥	2839	95	1	0	1459
28394	Biến dị Tiểu Mã Ca	变异小马哥	2839	95	1	0	1459
28395	Biến dị Tiểu Mã Ca	变异小马哥	2839	95	1	0	1459
28396	Biến dị Tiểu Mã Ca	变异小马哥	2839	95	1	0	1459
28397	Biến dị Tiểu Mã Ca	变异小马哥	2839	95	1	0	1459
28398	Biến dị Tiểu Mã Ca	变异小马哥	2839	95	1	0	1459
28399	Tiểu Mã Ca (bảo bảo)	小马哥宝宝	2839	95	0	1	1459
28400	Bách Chiến Kim Cương	成年百战金刚	2840	5	0	0	846
28401	Biến dị Bách Chiến Kim Cương	变异百战金刚	2840	5	1	0	846
28402	Biến dị Bách Chiến Kim Cương	变异百战金刚	2840	5	1	0	846
28409	Bách Chiến Kim Cương (bảo bảo)	百战金刚宝宝	2840	5	0	1	846
28410	Bách Chiến Kim Cương	成年百战金刚	2841	45	0	0	948
28411	Biến dị Bách Chiến Kim Cương	变异百战金刚	2841	45	1	0	948
28412	Biến dị Bách Chiến Kim Cương	变异百战金刚	2841	45	1	0	948
28413	Biến dị Bách Chiến Kim Cương	变异百战金刚	2841	45	1	0	948
28419	Bách Chiến Kim Cương (bảo bảo)	百战金刚宝宝	2841	45	0	1	948
28420	Bách Chiến Kim Cương	成年百战金刚	2842	55	0	0	1051
28421	Biến dị Bách Chiến Kim Cương	变异百战金刚	2842	55	1	0	1051
28422	Biến dị Bách Chiến Kim Cương	变异百战金刚	2842	55	1	0	1051
28423	Biến dị Bách Chiến Kim Cương	变异百战金刚	2842	55	1	0	1051
28424	Biến dị Bách Chiến Kim Cương	变异百战金刚	2842	55	1	0	1051
28429	Bách Chiến Kim Cương (bảo bảo)	百战金刚宝宝	2842	55	0	1	1051
28430	Bách Chiến Kim Cương	成年百战金刚	2843	65	0	0	1153
28431	Biến dị Bách Chiến Kim Cương	变异百战金刚	2843	65	1	0	1153
28432	Biến dị Bách Chiến Kim Cương	变异百战金刚	2843	65	1	0	1153
28433	Biến dị Bách Chiến Kim Cương	变异百战金刚	2843	65	1	0	1153
28434	Biến dị Bách Chiến Kim Cương	变异百战金刚	2843	65	1	0	1153
28435	Biến dị Bách Chiến Kim Cương	变异百战金刚	2843	65	1	0	1153
28439	Bách Chiến Kim Cương (bảo bảo)	百战金刚宝宝	2843	65	0	1	1153
28440	Bách Chiến Kim Cương	成年百战金刚	2844	75	0	0	1255
28441	Biến dị Bách Chiến Kim Cương	变异百战金刚	2844	75	1	0	1255
28442	Biến dị Bách Chiến Kim Cương	变异百战金刚	2844	75	1	0	1255
28443	Biến dị Bách Chiến Kim Cương	变异百战金刚	2844	75	1	0	1255
28444	Biến dị Bách Chiến Kim Cương	变异百战金刚	2844	75	1	0	1255
28445	Biến dị Bách Chiến Kim Cương	变异百战金刚	2844	75	1	0	1255
28446	Biến dị Bách Chiến Kim Cương	变异百战金刚	2844	75	1	0	1255
28449	Bách Chiến Kim Cương (bảo bảo)	百战金刚宝宝	2844	75	0	1	1255
28450	Bách Chiến Kim Cương	成年百战金刚	2845	85	0	0	1357
28451	Biến dị Bách Chiến Kim Cương	变异百战金刚	2845	85	1	0	1357
28452	Biến dị Bách Chiến Kim Cương	变异百战金刚	2845	85	1	0	1357
28453	Biến dị Bách Chiến Kim Cương	变异百战金刚	2845	85	1	0	1357
28454	Biến dị Bách Chiến Kim Cương	变异百战金刚	2845	85	1	0	1357
28455	Biến dị Bách Chiến Kim Cương	变异百战金刚	2845	85	1	0	1357
28456	Biến dị Bách Chiến Kim Cương	变异百战金刚	2845	85	1	0	1357
28457	Biến dị Bách Chiến Kim Cương	变异百战金刚	2845	85	1	0	1357
28459	Bách Chiến Kim Cương (bảo bảo)	百战金刚宝宝	2845	85	0	1	1357
28460	Bách Chiến Kim Cương	成年百战金刚	2846	95	0	0	1459
28461	Biến dị Bách Chiến Kim Cương	变异百战金刚	2846	95	1	0	1459
28462	Biến dị Bách Chiến Kim Cương	变异百战金刚	2846	95	1	0	1459
28463	Biến dị Bách Chiến Kim Cương	变异百战金刚	2846	95	1	0	1459
28464	Biến dị Bách Chiến Kim Cương	变异百战金刚	2846	95	1	0	1459
28465	Biến dị Bách Chiến Kim Cương	变异百战金刚	2846	95	1	0	1459
28466	Biến dị Bách Chiến Kim Cương	变异百战金刚	2846	95	1	0	1459
28467	Biến dị Bách Chiến Kim Cương	变异百战金刚	2846	95	1	0	1459
28468	Biến dị Bách Chiến Kim Cương	变异百战金刚	2846	95	1	0	1459
28469	Bách Chiến Kim Cương (bảo bảo)	百战金刚宝宝	2846	95	0	1	1459
28470	Thanh Dương Chân Quân	成年青羊真君	2847	5	0	0	846
28471	Biến dị Thanh Dương Chân Quân	变异青羊真君	2847	5	1	0	846
28472	Biến dị Thanh Dương Chân Quân	变异青羊真君	2847	5	1	0	846
28479	Thanh Dương Chân Quân (bảo bảo)	青羊真君宝宝	2847	5	0	1	846
28480	Thanh Dương Chân Quân	成年青羊真君	2848	45	0	0	948
28481	Biến dị Thanh Dương Chân Quân	变异青羊真君	2848	45	1	0	948
28482	Biến dị Thanh Dương Chân Quân	变异青羊真君	2848	45	1	0	948
28483	Biến dị Thanh Dương Chân Quân	变异青羊真君	2848	45	1	0	948
28489	Thanh Dương Chân Quân (bảo bảo)	青羊真君宝宝	2848	45	0	1	948
28490	Thanh Dương Chân Quân	成年青羊真君	2849	55	0	0	1051
28491	Biến dị Thanh Dương Chân Quân	变异青羊真君	2849	55	1	0	1051
28492	Biến dị Thanh Dương Chân Quân	变异青羊真君	2849	55	1	0	1051
28493	Biến dị Thanh Dương Chân Quân	变异青羊真君	2849	55	1	0	1051
28494	Biến dị Thanh Dương Chân Quân	变异青羊真君	2849	55	1	0	1051
28499	Thanh Dương Chân Quân (bảo bảo)	青羊真君宝宝	2849	55	0	1	1051
28500	Thanh Dương Chân Quân	成年青羊真君	2850	65	0	0	1153
28501	Biến dị Thanh Dương Chân Quân	变异青羊真君	2850	65	1	0	1153
28502	Biến dị Thanh Dương Chân Quân	变异青羊真君	2850	65	1	0	1153
28503	Biến dị Thanh Dương Chân Quân	变异青羊真君	2850	65	1	0	1153
28504	Biến dị Thanh Dương Chân Quân	变异青羊真君	2850	65	1	0	1153
28505	Biến dị Thanh Dương Chân Quân	变异青羊真君	2850	65	1	0	1153
28509	Thanh Dương Chân Quân (bảo bảo)	青羊真君宝宝	2850	65	0	1	1153
28510	Thanh Dương Chân Quân	成年青羊真君	2851	75	0	0	1255
28511	Biến dị Thanh Dương Chân Quân	变异青羊真君	2851	75	1	0	1255
28512	Biến dị Thanh Dương Chân Quân	变异青羊真君	2851	75	1	0	1255
28513	Biến dị Thanh Dương Chân Quân	变异青羊真君	2851	75	1	0	1255
28514	Biến dị Thanh Dương Chân Quân	变异青羊真君	2851	75	1	0	1255
28515	Biến dị Thanh Dương Chân Quân	变异青羊真君	2851	75	1	0	1255
28516	Biến dị Thanh Dương Chân Quân	变异青羊真君	2851	75	1	0	1255
28519	Thanh Dương Chân Quân (bảo bảo)	青羊真君宝宝	2851	75	0	1	1255
28520	Thanh Dương Chân Quân	成年青羊真君	2852	85	0	0	1357
28521	Biến dị Thanh Dương Chân Quân	变异青羊真君	2852	85	1	0	1357
28522	Biến dị Thanh Dương Chân Quân	变异青羊真君	2852	85	1	0	1357
28523	Biến dị Thanh Dương Chân Quân	变异青羊真君	2852	85	1	0	1357
28524	Biến dị Thanh Dương Chân Quân	变异青羊真君	2852	85	1	0	1357
28525	Biến dị Thanh Dương Chân Quân	变异青羊真君	2852	85	1	0	1357
28526	Biến dị Thanh Dương Chân Quân	变异青羊真君	2852	85	1	0	1357
28527	Biến dị Thanh Dương Chân Quân	变异青羊真君	2852	85	1	0	1357
28529	Thanh Dương Chân Quân (bảo bảo)	青羊真君宝宝	2852	85	0	1	1357
28530	Thanh Dương Chân Quân	成年青羊真君	2853	95	0	0	1459
28531	Biến dị Thanh Dương Chân Quân	变异青羊真君	2853	95	1	0	1459
28532	Biến dị Thanh Dương Chân Quân	变异青羊真君	2853	95	1	0	1459
28533	Biến dị Thanh Dương Chân Quân	变异青羊真君	2853	95	1	0	1459
28534	Biến dị Thanh Dương Chân Quân	变异青羊真君	2853	95	1	0	1459
28535	Biến dị Thanh Dương Chân Quân	变异青羊真君	2853	95	1	0	1459
28536	Biến dị Thanh Dương Chân Quân	变异青羊真君	2853	95	1	0	1459
28537	Biến dị Thanh Dương Chân Quân	变异青羊真君	2853	95	1	0	1459
28538	Biến dị Thanh Dương Chân Quân	变异青羊真君	2853	95	1	0	1459
28539	Thanh Dương Chân Quân (bảo bảo)	青羊真君宝宝	2853	95	0	1	1459
28540	Linh Thiên Đại Thánh	成年羚天大圣	2854	5	0	0	846
28541	Biến dị Linh Thiên Đại Thánh	变异羚天大圣	2854	5	1	0	846
28542	Biến dị Linh Thiên Đại Thánh	变异羚天大圣	2854	5	1	0	846
28549	Linh Thiên Đại Thánh (bảo bảo)	羚天大圣宝宝	2854	5	0	1	846
28550	Linh Thiên Đại Thánh	成年羚天大圣	2855	45	0	0	948
28551	Biến dị Linh Thiên Đại Thánh	变异羚天大圣	2855	45	1	0	948
28552	Biến dị Linh Thiên Đại Thánh	变异羚天大圣	2855	45	1	0	948
28553	Biến dị Linh Thiên Đại Thánh	变异羚天大圣	2855	45	1	0	948
28559	Linh Thiên Đại Thánh (bảo bảo)	羚天大圣宝宝	2855	45	0	1	948
28560	Linh Thiên Đại Thánh	成年羚天大圣	2856	55	0	0	1051
28561	Biến dị Linh Thiên Đại Thánh	变异羚天大圣	2856	55	1	0	1051
28562	Biến dị Linh Thiên Đại Thánh	变异羚天大圣	2856	55	1	0	1051
28563	Biến dị Linh Thiên Đại Thánh	变异羚天大圣	2856	55	1	0	1051
28564	Biến dị Linh Thiên Đại Thánh	变异羚天大圣	2856	55	1	0	1051
28569	Linh Thiên Đại Thánh (bảo bảo)	羚天大圣宝宝	2856	55	0	1	1051
28570	Linh Thiên Đại Thánh	成年羚天大圣	2857	65	0	0	1153
28571	Biến dị Linh Thiên Đại Thánh	变异羚天大圣	2857	65	1	0	1153
28572	Biến dị Linh Thiên Đại Thánh	变异羚天大圣	2857	65	1	0	1153
28573	Biến dị Linh Thiên Đại Thánh	变异羚天大圣	2857	65	1	0	1153
28574	Biến dị Linh Thiên Đại Thánh	变异羚天大圣	2857	65	1	0	1153
28575	Biến dị Linh Thiên Đại Thánh	变异羚天大圣	2857	65	1	0	1153
28579	Linh Thiên Đại Thánh (bảo bảo)	羚天大圣宝宝	2857	65	0	1	1153
28580	Linh Thiên Đại Thánh	成年羚天大圣	2858	75	0	0	1255
28581	Biến dị Linh Thiên Đại Thánh	变异羚天大圣	2858	75	1	0	1255
28582	Biến dị Linh Thiên Đại Thánh	变异羚天大圣	2858	75	1	0	1255
28583	Biến dị Linh Thiên Đại Thánh	变异羚天大圣	2858	75	1	0	1255
28584	Biến dị Linh Thiên Đại Thánh	变异羚天大圣	2858	75	1	0	1255
28585	Biến dị Linh Thiên Đại Thánh	变异羚天大圣	2858	75	1	0	1255
28586	Biến dị Linh Thiên Đại Thánh	变异羚天大圣	2858	75	1	0	1255
28589	Linh Thiên Đại Thánh (bảo bảo)	羚天大圣宝宝	2858	75	0	1	1255
28590	Linh Thiên Đại Thánh	成年羚天大圣	2859	85	0	0	1357
28591	Biến dị Linh Thiên Đại Thánh	变异羚天大圣	2859	85	1	0	1357
28592	Biến dị Linh Thiên Đại Thánh	变异羚天大圣	2859	85	1	0	1357
28593	Biến dị Linh Thiên Đại Thánh	变异羚天大圣	2859	85	1	0	1357
28594	Biến dị Linh Thiên Đại Thánh	变异羚天大圣	2859	85	1	0	1357
28595	Biến dị Linh Thiên Đại Thánh	变异羚天大圣	2859	85	1	0	1357
28596	Biến dị Linh Thiên Đại Thánh	变异羚天大圣	2859	85	1	0	1357
28597	Biến dị Linh Thiên Đại Thánh	变异羚天大圣	2859	85	1	0	1357
28599	Linh Thiên Đại Thánh (bảo bảo)	羚天大圣宝宝	2859	85	0	1	1357
28600	Linh Thiên Đại Thánh	成年羚天大圣	2860	95	0	0	1459
28601	Biến dị Linh Thiên Đại Thánh	变异羚天大圣	2860	95	1	0	1459
28602	Biến dị Linh Thiên Đại Thánh	变异羚天大圣	2860	95	1	0	1459
28603	Biến dị Linh Thiên Đại Thánh	变异羚天大圣	2860	95	1	0	1459
28604	Biến dị Linh Thiên Đại Thánh	变异羚天大圣	2860	95	1	0	1459
28605	Biến dị Linh Thiên Đại Thánh	变异羚天大圣	2860	95	1	0	1459
28606	Biến dị Linh Thiên Đại Thánh	变异羚天大圣	2860	95	1	0	1459
28607	Biến dị Linh Thiên Đại Thánh	变异羚天大圣	2860	95	1	0	1459
28608	Biến dị Linh Thiên Đại Thánh	变异羚天大圣	2860	95	1	0	1459
28609	Linh Thiên Đại Thánh (bảo bảo)	羚天大圣宝宝	2860	95	0	1	1459
28610	Kim Đồng Ngọc Nữ	成年金童玉女	2861	5	0	0	846
28611	Biến dị Kim Đồng Ngọc Nữ	变异金童玉女	2861	5	1	0	846
28612	Biến dị Kim Đồng Ngọc Nữ	变异金童玉女	2861	5	1	0	846
28619	Kim Đồng Ngọc Nữ (bảo bảo)	金童玉女宝宝	2861	5	0	1	846
28620	Kim Đồng Ngọc Nữ	成年金童玉女	2862	45	0	0	948
28621	Biến dị Kim Đồng Ngọc Nữ	变异金童玉女	2862	45	1	0	948
28622	Biến dị Kim Đồng Ngọc Nữ	变异金童玉女	2862	45	1	0	948
28623	Biến dị Kim Đồng Ngọc Nữ	变异金童玉女	2862	45	1	0	948
28629	Kim Đồng Ngọc Nữ (bảo bảo)	金童玉女宝宝	2862	45	0	1	948
28630	Kim Đồng Ngọc Nữ	成年金童玉女	2863	55	0	0	1051
28631	Biến dị Kim Đồng Ngọc Nữ	变异金童玉女	2863	55	1	0	1051
28632	Biến dị Kim Đồng Ngọc Nữ	变异金童玉女	2863	55	1	0	1051
28633	Biến dị Kim Đồng Ngọc Nữ	变异金童玉女	2863	55	1	0	1051
28634	Biến dị Kim Đồng Ngọc Nữ	变异金童玉女	2863	55	1	0	1051
28639	Kim Đồng Ngọc Nữ (bảo bảo)	金童玉女宝宝	2863	55	0	1	1051
28640	Kim Đồng Ngọc Nữ	成年金童玉女	2864	65	0	0	1153
28641	Biến dị Kim Đồng Ngọc Nữ	变异金童玉女	2864	65	1	0	1153
28642	Biến dị Kim Đồng Ngọc Nữ	变异金童玉女	2864	65	1	0	1153
28643	Biến dị Kim Đồng Ngọc Nữ	变异金童玉女	2864	65	1	0	1153
28644	Biến dị Kim Đồng Ngọc Nữ	变异金童玉女	2864	65	1	0	1153
28645	Biến dị Kim Đồng Ngọc Nữ	变异金童玉女	2864	65	1	0	1153
28649	Kim Đồng Ngọc Nữ (bảo bảo)	金童玉女宝宝	2864	65	0	1	1153
28650	Kim Đồng Ngọc Nữ	成年金童玉女	2865	75	0	0	1255
28651	Biến dị Kim Đồng Ngọc Nữ	变异金童玉女	2865	75	1	0	1255
28652	Biến dị Kim Đồng Ngọc Nữ	变异金童玉女	2865	75	1	0	1255
28653	Biến dị Kim Đồng Ngọc Nữ	变异金童玉女	2865	75	1	0	1255
28654	Biến dị Kim Đồng Ngọc Nữ	变异金童玉女	2865	75	1	0	1255
28655	Biến dị Kim Đồng Ngọc Nữ	变异金童玉女	2865	75	1	0	1255
28656	Biến dị Kim Đồng Ngọc Nữ	变异金童玉女	2865	75	1	0	1255
28659	Kim Đồng Ngọc Nữ (bảo bảo)	金童玉女宝宝	2865	75	0	1	1255
28660	Kim Đồng Ngọc Nữ	成年金童玉女	2866	85	0	0	1357
28661	Biến dị Kim Đồng Ngọc Nữ	变异金童玉女	2866	85	1	0	1357
28662	Biến dị Kim Đồng Ngọc Nữ	变异金童玉女	2866	85	1	0	1357
28663	Biến dị Kim Đồng Ngọc Nữ	变异金童玉女	2866	85	1	0	1357
28664	Biến dị Kim Đồng Ngọc Nữ	变异金童玉女	2866	85	1	0	1357
28665	Biến dị Kim Đồng Ngọc Nữ	变异金童玉女	2866	85	1	0	1357
28666	Biến dị Kim Đồng Ngọc Nữ	变异金童玉女	2866	85	1	0	1357
28667	Biến dị Kim Đồng Ngọc Nữ	变异金童玉女	2866	85	1	0	1357
28669	Kim Đồng Ngọc Nữ (bảo bảo)	金童玉女宝宝	2866	85	0	1	1357
28670	Kim Đồng Ngọc Nữ	成年金童玉女	2867	95	0	0	1459
28671	Biến dị Kim Đồng Ngọc Nữ	变异金童玉女	2867	95	1	0	1459
28672	Biến dị Kim Đồng Ngọc Nữ	变异金童玉女	2867	95	1	0	1459
28673	Biến dị Kim Đồng Ngọc Nữ	变异金童玉女	2867	95	1	0	1459
28674	Biến dị Kim Đồng Ngọc Nữ	变异金童玉女	2867	95	1	0	1459
28675	Biến dị Kim Đồng Ngọc Nữ	变异金童玉女	2867	95	1	0	1459
28676	Biến dị Kim Đồng Ngọc Nữ	变异金童玉女	2867	95	1	0	1459
28677	Biến dị Kim Đồng Ngọc Nữ	变异金童玉女	2867	95	1	0	1459
28678	Biến dị Kim Đồng Ngọc Nữ	变异金童玉女	2867	95	1	0	1459
28679	Kim Đồng Ngọc Nữ (bảo bảo)	金童玉女宝宝	2867	95	0	1	1459
29310	Thất Xảo Ly Miêu	成年七巧狸猫	2931	5	0	0	846
29311	Biến dị Thất Xảo Ly Miêu	变异七巧狸猫	2931	5	1	0	846
29312	Biến dị Thất Xảo Ly Miêu	变异七巧狸猫	2931	5	1	0	846
29319	Thất Xảo Ly Miêu (bảo bảo)	七巧狸猫宝宝	2931	5	0	1	846
29320	Thất Xảo Ly Miêu	成年七巧狸猫	2932	45	0	0	948
29321	Biến dị Thất Xảo Ly Miêu	变异七巧狸猫	2932	45	1	0	948
29322	Biến dị Thất Xảo Ly Miêu	变异七巧狸猫	2932	45	1	0	948
29323	Biến dị Thất Xảo Ly Miêu	变异七巧狸猫	2932	45	1	0	948
29329	Thất Xảo Ly Miêu (bảo bảo)	七巧狸猫宝宝	2932	45	0	1	948
29330	Thất Xảo Ly Miêu	成年七巧狸猫	2933	55	0	0	1051
29331	Biến dị Thất Xảo Ly Miêu	变异七巧狸猫	2933	55	1	0	1051
29332	Biến dị Thất Xảo Ly Miêu	变异七巧狸猫	2933	55	1	0	1051
29333	Biến dị Thất Xảo Ly Miêu	变异七巧狸猫	2933	55	1	0	1051
29334	Biến dị Thất Xảo Ly Miêu	变异七巧狸猫	2933	55	1	0	1051
29339	Thất Xảo Ly Miêu (bảo bảo)	七巧狸猫宝宝	2933	55	0	1	1051
29340	Thất Xảo Ly Miêu	成年七巧狸猫	2934	65	0	0	1153
29341	Biến dị Thất Xảo Ly Miêu	变异七巧狸猫	2934	65	1	0	1153
29342	Biến dị Thất Xảo Ly Miêu	变异七巧狸猫	2934	65	1	0	1153
29343	Biến dị Thất Xảo Ly Miêu	变异七巧狸猫	2934	65	1	0	1153
29344	Biến dị Thất Xảo Ly Miêu	变异七巧狸猫	2934	65	1	0	1153
29345	Biến dị Thất Xảo Ly Miêu	变异七巧狸猫	2934	65	1	0	1153
29349	Thất Xảo Ly Miêu (bảo bảo)	七巧狸猫宝宝	2934	65	0	1	1153
29350	Thất Xảo Ly Miêu	成年七巧狸猫	2935	75	0	0	1255
29351	Biến dị Thất Xảo Ly Miêu	变异七巧狸猫	2935	75	1	0	1255
29352	Biến dị Thất Xảo Ly Miêu	变异七巧狸猫	2935	75	1	0	1255
29353	Biến dị Thất Xảo Ly Miêu	变异七巧狸猫	2935	75	1	0	1255
29354	Biến dị Thất Xảo Ly Miêu	变异七巧狸猫	2935	75	1	0	1255
29355	Biến dị Thất Xảo Ly Miêu	变异七巧狸猫	2935	75	1	0	1255
29356	Biến dị Thất Xảo Ly Miêu	变异七巧狸猫	2935	75	1	0	1255
29359	Thất Xảo Ly Miêu (bảo bảo)	七巧狸猫宝宝	2935	75	0	1	1255
29360	Thất Xảo Ly Miêu	成年七巧狸猫	2936	85	0	0	1357
29361	Biến dị Thất Xảo Ly Miêu	变异七巧狸猫	2936	85	1	0	1357
29362	Biến dị Thất Xảo Ly Miêu	变异七巧狸猫	2936	85	1	0	1357
29363	Biến dị Thất Xảo Ly Miêu	变异七巧狸猫	2936	85	1	0	1357
29364	Biến dị Thất Xảo Ly Miêu	变异七巧狸猫	2936	85	1	0	1357
29365	Biến dị Thất Xảo Ly Miêu	变异七巧狸猫	2936	85	1	0	1357
29366	Biến dị Thất Xảo Ly Miêu	变异七巧狸猫	2936	85	1	0	1357
29367	Biến dị Thất Xảo Ly Miêu	变异七巧狸猫	2936	85	1	0	1357
29369	Thất Xảo Ly Miêu (bảo bảo)	七巧狸猫宝宝	2936	85	0	1	1357
29370	Thất Xảo Ly Miêu	成年七巧狸猫	2937	95	0	0	1459
29371	Biến dị Thất Xảo Ly Miêu	变异七巧狸猫	2937	95	1	0	1459
29372	Biến dị Thất Xảo Ly Miêu	变异七巧狸猫	2937	95	1	0	1459
29373	Biến dị Thất Xảo Ly Miêu	变异七巧狸猫	2937	95	1	0	1459
29374	Biến dị Thất Xảo Ly Miêu	变异七巧狸猫	2937	95	1	0	1459
29375	Biến dị Thất Xảo Ly Miêu	变异七巧狸猫	2937	95	1	0	1459
29376	Biến dị Thất Xảo Ly Miêu	变异七巧狸猫	2937	95	1	0	1459
29377	Biến dị Thất Xảo Ly Miêu	变异七巧狸猫	2937	95	1	0	1459
29378	Biến dị Thất Xảo Ly Miêu	变异七巧狸猫	2937	95	1	0	1459
29379	Thất Xảo Ly Miêu (bảo bảo)	七巧狸猫宝宝	2937	95	0	1	1459
29380	Hàm Đậu Hùng	成年憨逗熊	2938	5	0	0	846
29381	Biến dị Hàm Đậu Hùng	变异憨逗熊	2938	5	1	0	846
29382	Biến dị Hàm Đậu Hùng	变异憨逗熊	2938	5	1	0	846
29389	Hàm Đậu Hùng (bảo bảo)	憨逗熊宝宝	2938	5	0	1	846
29390	Hàm Đậu Hùng	成年憨逗熊	2939	45	0	0	948
29391	Biến dị Hàm Đậu Hùng	变异憨逗熊	2939	45	1	0	948
29392	Biến dị Hàm Đậu Hùng	变异憨逗熊	2939	45	1	0	948
29393	Biến dị Hàm Đậu Hùng	变异憨逗熊	2939	45	1	0	948
29399	Hàm Đậu Hùng (bảo bảo)	憨逗熊宝宝	2939	45	0	1	948
29400	Hàm Đậu Hùng	成年憨逗熊	2940	55	0	0	1051
29401	Biến dị Hàm Đậu Hùng	变异憨逗熊	2940	55	1	0	1051
29402	Biến dị Hàm Đậu Hùng	变异憨逗熊	2940	55	1	0	1051
29403	Biến dị Hàm Đậu Hùng	变异憨逗熊	2940	55	1	0	1051
29404	Biến dị Hàm Đậu Hùng	变异憨逗熊	2940	55	1	0	1051
29409	Hàm Đậu Hùng (bảo bảo)	憨逗熊宝宝	2940	55	0	1	1051
29410	Hàm Đậu Hùng	成年憨逗熊	2941	65	0	0	1153
29411	Biến dị Hàm Đậu Hùng	变异憨逗熊	2941	65	1	0	1153
29412	Biến dị Hàm Đậu Hùng	变异憨逗熊	2941	65	1	0	1153
29413	Biến dị Hàm Đậu Hùng	变异憨逗熊	2941	65	1	0	1153
29414	Biến dị Hàm Đậu Hùng	变异憨逗熊	2941	65	1	0	1153
29415	Biến dị Hàm Đậu Hùng	变异憨逗熊	2941	65	1	0	1153
29419	Hàm Đậu Hùng (bảo bảo)	憨逗熊宝宝	2941	65	0	1	1153
29420	Hàm Đậu Hùng	成年憨逗熊	2942	75	0	0	1255
29421	Biến dị Hàm Đậu Hùng	变异憨逗熊	2942	75	1	0	1255
29422	Biến dị Hàm Đậu Hùng	变异憨逗熊	2942	75	1	0	1255
29423	Biến dị Hàm Đậu Hùng	变异憨逗熊	2942	75	1	0	1255
29424	Biến dị Hàm Đậu Hùng	变异憨逗熊	2942	75	1	0	1255
29425	Biến dị Hàm Đậu Hùng	变异憨逗熊	2942	75	1	0	1255
29426	Biến dị Hàm Đậu Hùng	变异憨逗熊	2942	75	1	0	1255
29429	Hàm Đậu Hùng (bảo bảo)	憨逗熊宝宝	2942	75	0	1	1255
29430	Hàm Đậu Hùng	成年憨逗熊	2943	85	0	0	1357
29431	Biến dị Hàm Đậu Hùng	变异憨逗熊	2943	85	1	0	1357
29432	Biến dị Hàm Đậu Hùng	变异憨逗熊	2943	85	1	0	1357
29433	Biến dị Hàm Đậu Hùng	变异憨逗熊	2943	85	1	0	1357
29434	Biến dị Hàm Đậu Hùng	变异憨逗熊	2943	85	1	0	1357
29435	Biến dị Hàm Đậu Hùng	变异憨逗熊	2943	85	1	0	1357
29436	Biến dị Hàm Đậu Hùng	变异憨逗熊	2943	85	1	0	1357
29437	Biến dị Hàm Đậu Hùng	变异憨逗熊	2943	85	1	0	1357
29439	Hàm Đậu Hùng (bảo bảo)	憨逗熊宝宝	2943	85	0	1	1357
29440	Hàm Đậu Hùng	成年憨逗熊	2944	95	0	0	1459
29441	Biến dị Hàm Đậu Hùng	变异憨逗熊	2944	95	1	0	1459
29442	Biến dị Hàm Đậu Hùng	变异憨逗熊	2944	95	1	0	1459
29443	Biến dị Hàm Đậu Hùng	变异憨逗熊	2944	95	1	0	1459
29444	Biến dị Hàm Đậu Hùng	变异憨逗熊	2944	95	1	0	1459
29445	Biến dị Hàm Đậu Hùng	变异憨逗熊	2944	95	1	0	1459
29446	Biến dị Hàm Đậu Hùng	变异憨逗熊	2944	95	1	0	1459
29447	Biến dị Hàm Đậu Hùng	变异憨逗熊	2944	95	1	0	1459
29448	Biến dị Hàm Đậu Hùng	变异憨逗熊	2944	95	1	0	1459
29449	Hàm Đậu Hùng (bảo bảo)	憨逗熊宝宝	2944	95	0	1	1459
29450	Nguyên Nguyên	成年元元	2945	5	0	0	693
29451	Biến dị Nguyên Nguyên	变异元元	2945	5	1	0	693
29459	Nguyên Nguyên (bảo bảo)	元元宝宝	2945	5	0	1	693
29460	Nhân Ngư Công Chủ	成年人鱼公主	2946	5	0	0	846
29461	Biến dị Nhân Ngư Công Chủ	变异人鱼公主	2946	5	1	0	846
29462	Biến dị Nhân Ngư Công Chủ	变异人鱼公主	2946	5	1	0	846
29469	Nhân Ngư Công Chủ (bảo bảo)	人鱼公主宝宝	2946	5	0	1	846
29470	Nhân Ngư Công Chủ	成年人鱼公主	2947	45	0	0	948
29471	Biến dị Nhân Ngư Công Chủ	变异人鱼公主	2947	45	1	0	948
29472	Biến dị Nhân Ngư Công Chủ	变异人鱼公主	2947	45	1	0	948
29473	Biến dị Nhân Ngư Công Chủ	变异人鱼公主	2947	45	1	0	948
29479	Nhân Ngư Công Chủ (bảo bảo)	人鱼公主宝宝	2947	45	0	1	948
29480	Nhân Ngư Công Chủ	成年人鱼公主	2948	55	0	0	1051
29481	Biến dị Nhân Ngư Công Chủ	变异人鱼公主	2948	55	1	0	1051
29482	Biến dị Nhân Ngư Công Chủ	变异人鱼公主	2948	55	1	0	1051
29483	Biến dị Nhân Ngư Công Chủ	变异人鱼公主	2948	55	1	0	1051
29484	Biến dị Nhân Ngư Công Chủ	变异人鱼公主	2948	55	1	0	1051
29489	Nhân Ngư Công Chủ (bảo bảo)	人鱼公主宝宝	2948	55	0	1	1051
29490	Nhân Ngư Công Chủ	成年人鱼公主	2949	65	0	0	1153
29491	Biến dị Nhân Ngư Công Chủ	变异人鱼公主	2949	65	1	0	1153
29492	Biến dị Nhân Ngư Công Chủ	变异人鱼公主	2949	65	1	0	1153
29493	Biến dị Nhân Ngư Công Chủ	变异人鱼公主	2949	65	1	0	1153
29494	Biến dị Nhân Ngư Công Chủ	变异人鱼公主	2949	65	1	0	1153
29495	Biến dị Nhân Ngư Công Chủ	变异人鱼公主	2949	65	1	0	1153
29499	Nhân Ngư Công Chủ (bảo bảo)	人鱼公主宝宝	2949	65	0	1	1153
29500	Nhân Ngư Công Chủ	成年人鱼公主	2950	75	0	0	1255
29501	Biến dị Nhân Ngư Công Chủ	变异人鱼公主	2950	75	1	0	1255
29502	Biến dị Nhân Ngư Công Chủ	变异人鱼公主	2950	75	1	0	1255
29503	Biến dị Nhân Ngư Công Chủ	变异人鱼公主	2950	75	1	0	1255
29504	Biến dị Nhân Ngư Công Chủ	变异人鱼公主	2950	75	1	0	1255
29505	Biến dị Nhân Ngư Công Chủ	变异人鱼公主	2950	75	1	0	1255
29506	Biến dị Nhân Ngư Công Chủ	变异人鱼公主	2950	75	1	0	1255
29509	Nhân Ngư Công Chủ (bảo bảo)	人鱼公主宝宝	2950	75	0	1	1255
29510	Nhân Ngư Công Chủ	成年人鱼公主	2951	85	0	0	1357
29511	Biến dị Nhân Ngư Công Chủ	变异人鱼公主	2951	85	1	0	1357
29512	Biến dị Nhân Ngư Công Chủ	变异人鱼公主	2951	85	1	0	1357
29513	Biến dị Nhân Ngư Công Chủ	变异人鱼公主	2951	85	1	0	1357
29514	Biến dị Nhân Ngư Công Chủ	变异人鱼公主	2951	85	1	0	1357
29515	Biến dị Nhân Ngư Công Chủ	变异人鱼公主	2951	85	1	0	1357
29516	Biến dị Nhân Ngư Công Chủ	变异人鱼公主	2951	85	1	0	1357
29517	Biến dị Nhân Ngư Công Chủ	变异人鱼公主	2951	85	1	0	1357
29519	Nhân Ngư Công Chủ (bảo bảo)	人鱼公主宝宝	2951	85	0	1	1357
29520	Nhân Ngư Công Chủ	成年人鱼公主	2952	95	0	0	1459
29521	Biến dị Nhân Ngư Công Chủ	变异人鱼公主	2952	95	1	0	1459
29522	Biến dị Nhân Ngư Công Chủ	变异人鱼公主	2952	95	1	0	1459
29523	Biến dị Nhân Ngư Công Chủ	变异人鱼公主	2952	95	1	0	1459
29524	Biến dị Nhân Ngư Công Chủ	变异人鱼公主	2952	95	1	0	1459
29525	Biến dị Nhân Ngư Công Chủ	变异人鱼公主	2952	95	1	0	1459
29526	Biến dị Nhân Ngư Công Chủ	变异人鱼公主	2952	95	1	0	1459
29527	Biến dị Nhân Ngư Công Chủ	变异人鱼公主	2952	95	1	0	1459
29528	Biến dị Nhân Ngư Công Chủ	变异人鱼公主	2952	95	1	0	1459
29529	Nhân Ngư Công Chủ (bảo bảo)	人鱼公主宝宝	2952	95	0	1	1459
29530	Bàng Giải	成年螃蟹	2953	20	0	0	693
29531	Biến dị Bàng Giải	变异螃蟹	2953	20	1	0	693
29532	Biến dị Bàng Giải	变异螃蟹	2953	20	1	0	693
29539	Bàng Giải (bảo bảo)	螃蟹宝宝	2953	20	0	1	693
29540	Chiến Tu La	成年战修罗	2954	5	0	0	846
29541	Biến dị Chiến Tu La	变异战修罗	2954	5	1	0	846
29542	Biến dị Chiến Tu La	变异战修罗	2954	5	1	0	846
29549	Chiến Tu La (bảo bảo)	战修罗宝宝	2954	5	0	1	846
29550	Chiến Tu La	成年战修罗	2955	45	0	0	948
29551	Biến dị Chiến Tu La	变异战修罗	2955	45	1	0	948
29552	Biến dị Chiến Tu La	变异战修罗	2955	45	1	0	948
29553	Biến dị Chiến Tu La	变异战修罗	2955	45	1	0	948
29559	Chiến Tu La (bảo bảo)	战修罗宝宝	2955	45	0	1	948
29560	Chiến Tu La	成年战修罗	2956	55	0	0	1051
29561	Biến dị Chiến Tu La	变异战修罗	2956	55	1	0	1051
29562	Biến dị Chiến Tu La	变异战修罗	2956	55	1	0	1051
29563	Biến dị Chiến Tu La	变异战修罗	2956	55	1	0	1051
29564	Biến dị Chiến Tu La	变异战修罗	2956	55	1	0	1051
29569	Chiến Tu La (bảo bảo)	战修罗宝宝	2956	55	0	1	1051
29570	Chiến Tu La	成年战修罗	2957	65	0	0	1153
29571	Biến dị Chiến Tu La	变异战修罗	2957	65	1	0	1153
29572	Biến dị Chiến Tu La	变异战修罗	2957	65	1	0	1153
29573	Biến dị Chiến Tu La	变异战修罗	2957	65	1	0	1153
29574	Biến dị Chiến Tu La	变异战修罗	2957	65	1	0	1153
29575	Biến dị Chiến Tu La	变异战修罗	2957	65	1	0	1153
29579	Chiến Tu La (bảo bảo)	战修罗宝宝	2957	65	0	1	1153
29580	Chiến Tu La	成年战修罗	2958	75	0	0	1255
29581	Biến dị Chiến Tu La	变异战修罗	2958	75	1	0	1255
29582	Biến dị Chiến Tu La	变异战修罗	2958	75	1	0	1255
29583	Biến dị Chiến Tu La	变异战修罗	2958	75	1	0	1255
29584	Biến dị Chiến Tu La	变异战修罗	2958	75	1	0	1255
29585	Biến dị Chiến Tu La	变异战修罗	2958	75	1	0	1255
29586	Biến dị Chiến Tu La	变异战修罗	2958	75	1	0	1255
29589	Chiến Tu La (bảo bảo)	战修罗宝宝	2958	75	0	1	1255
29590	Chiến Tu La	成年战修罗	2959	85	0	0	1357
29591	Biến dị Chiến Tu La	变异战修罗	2959	85	1	0	1357
29592	Biến dị Chiến Tu La	变异战修罗	2959	85	1	0	1357
29593	Biến dị Chiến Tu La	变异战修罗	2959	85	1	0	1357
29594	Biến dị Chiến Tu La	变异战修罗	2959	85	1	0	1357
29595	Biến dị Chiến Tu La	变异战修罗	2959	85	1	0	1357
29596	Biến dị Chiến Tu La	变异战修罗	2959	85	1	0	1357
29597	Biến dị Chiến Tu La	变异战修罗	2959	85	1	0	1357
29599	Chiến Tu La (bảo bảo)	战修罗宝宝	2959	85	0	1	1357
29600	Chiến Tu La	成年战修罗	2960	95	0	0	1459
29601	Biến dị Chiến Tu La	变异战修罗	2960	95	1	0	1459
29602	Biến dị Chiến Tu La	变异战修罗	2960	95	1	0	1459
29603	Biến dị Chiến Tu La	变异战修罗	2960	95	1	0	1459
29604	Biến dị Chiến Tu La	变异战修罗	2960	95	1	0	1459
29605	Biến dị Chiến Tu La	变异战修罗	2960	95	1	0	1459
29606	Biến dị Chiến Tu La	变异战修罗	2960	95	1	0	1459
29607	Biến dị Chiến Tu La	变异战修罗	2960	95	1	0	1459
29608	Biến dị Chiến Tu La	变异战修罗	2960	95	1	0	1459
29609	Chiến Tu La (bảo bảo)	战修罗宝宝	2960	95	0	1	1459
29610	Tà Linh	成年邪灵	2961	5	0	0	846
29611	Biến dị Tà Linh	变异邪灵	2961	5	1	0	846
29612	Biến dị Tà Linh	变异邪灵	2961	5	1	0	846
29619	Tà Linh (bảo bảo)	邪灵宝宝	2961	5	0	1	846
29620	Tà Linh	成年邪灵	2962	45	0	0	948
29621	Biến dị Tà Linh	变异邪灵	2962	45	1	0	948
29622	Biến dị Tà Linh	变异邪灵	2962	45	1	0	948
29623	Biến dị Tà Linh	变异邪灵	2962	45	1	0	948
29629	Tà Linh (bảo bảo)	邪灵宝宝	2962	45	0	1	948
29630	Tà Linh	成年邪灵	2963	55	0	0	1051
29631	Biến dị Tà Linh	变异邪灵	2963	55	1	0	1051
29632	Biến dị Tà Linh	变异邪灵	2963	55	1	0	1051
29633	Biến dị Tà Linh	变异邪灵	2963	55	1	0	1051
29634	Biến dị Tà Linh	变异邪灵	2963	55	1	0	1051
29639	Tà Linh (bảo bảo)	邪灵宝宝	2963	55	0	1	1051
29640	Tà Linh	成年邪灵	2964	65	0	0	1153
29641	Biến dị Tà Linh	变异邪灵	2964	65	1	0	1153
29642	Biến dị Tà Linh	变异邪灵	2964	65	1	0	1153
29643	Biến dị Tà Linh	变异邪灵	2964	65	1	0	1153
29644	Biến dị Tà Linh	变异邪灵	2964	65	1	0	1153
29645	Biến dị Tà Linh	变异邪灵	2964	65	1	0	1153
29649	Tà Linh (bảo bảo)	邪灵宝宝	2964	65	0	1	1153
29650	Tà Linh	成年邪灵	2965	75	0	0	1255
29651	Biến dị Tà Linh	变异邪灵	2965	75	1	0	1255
29652	Biến dị Tà Linh	变异邪灵	2965	75	1	0	1255
29653	Biến dị Tà Linh	变异邪灵	2965	75	1	0	1255
29654	Biến dị Tà Linh	变异邪灵	2965	75	1	0	1255
29655	Biến dị Tà Linh	变异邪灵	2965	75	1	0	1255
29656	Biến dị Tà Linh	变异邪灵	2965	75	1	0	1255
29659	Tà Linh (bảo bảo)	邪灵宝宝	2965	75	0	1	1255
29660	Tà Linh	成年邪灵	2966	85	0	0	1357
29661	Biến dị Tà Linh	变异邪灵	2966	85	1	0	1357
29662	Biến dị Tà Linh	变异邪灵	2966	85	1	0	1357
29663	Biến dị Tà Linh	变异邪灵	2966	85	1	0	1357
29664	Biến dị Tà Linh	变异邪灵	2966	85	1	0	1357
29665	Biến dị Tà Linh	变异邪灵	2966	85	1	0	1357
29666	Biến dị Tà Linh	变异邪灵	2966	85	1	0	1357
29667	Biến dị Tà Linh	变异邪灵	2966	85	1	0	1357
29669	Tà Linh (bảo bảo)	邪灵宝宝	2966	85	0	1	1357
29670	Tà Linh	成年邪灵	2967	95	0	0	1459
29671	Biến dị Tà Linh	变异邪灵	2967	95	1	0	1459
29672	Biến dị Tà Linh	变异邪灵	2967	95	1	0	1459
29673	Biến dị Tà Linh	变异邪灵	2967	95	1	0	1459
29674	Biến dị Tà Linh	变异邪灵	2967	95	1	0	1459
29675	Biến dị Tà Linh	变异邪灵	2967	95	1	0	1459
29676	Biến dị Tà Linh	变异邪灵	2967	95	1	0	1459
29677	Biến dị Tà Linh	变异邪灵	2967	95	1	0	1459
29678	Biến dị Tà Linh	变异邪灵	2967	95	1	0	1459
29679	Tà Linh (bảo bảo)	邪灵宝宝	2967	95	0	1	1459
29680	Hồ Yêu Kiếm Quân	成年狐妖剑君	2968	5	0	0	846
29681	Biến dị Hồ Yêu Kiếm Quân	变异狐妖剑君	2968	5	1	0	846
29682	Biến dị Hồ Yêu Kiếm Quân	变异狐妖剑君	2968	5	1	0	846
29689	Hồ Yêu Kiếm Quân (bảo bảo)	狐妖剑君宝宝	2968	5	0	1	846
29690	Hồ Yêu Kiếm Quân	成年狐妖剑君	2969	45	0	0	948
29691	Biến dị Hồ Yêu Kiếm Quân	变异狐妖剑君	2969	45	1	0	948
29692	Biến dị Hồ Yêu Kiếm Quân	变异狐妖剑君	2969	45	1	0	948
29693	Biến dị Hồ Yêu Kiếm Quân	变异狐妖剑君	2969	45	1	0	948
29699	Hồ Yêu Kiếm Quân (bảo bảo)	狐妖剑君宝宝	2969	45	0	1	948
29700	Hồ Yêu Kiếm Quân	成年狐妖剑君	2970	55	0	0	1051
29701	Biến dị Hồ Yêu Kiếm Quân	变异狐妖剑君	2970	55	1	0	1051
29702	Biến dị Hồ Yêu Kiếm Quân	变异狐妖剑君	2970	55	1	0	1051
29703	Biến dị Hồ Yêu Kiếm Quân	变异狐妖剑君	2970	55	1	0	1051
29704	Biến dị Hồ Yêu Kiếm Quân	变异狐妖剑君	2970	55	1	0	1051
29709	Hồ Yêu Kiếm Quân (bảo bảo)	狐妖剑君宝宝	2970	55	0	1	1051
29710	Hồ Yêu Kiếm Quân	成年狐妖剑君	2971	65	0	0	1153
29711	Biến dị Hồ Yêu Kiếm Quân	变异狐妖剑君	2971	65	1	0	1153
29712	Biến dị Hồ Yêu Kiếm Quân	变异狐妖剑君	2971	65	1	0	1153
29713	Biến dị Hồ Yêu Kiếm Quân	变异狐妖剑君	2971	65	1	0	1153
29714	Biến dị Hồ Yêu Kiếm Quân	变异狐妖剑君	2971	65	1	0	1153
29715	Biến dị Hồ Yêu Kiếm Quân	变异狐妖剑君	2971	65	1	0	1153
29719	Hồ Yêu Kiếm Quân (bảo bảo)	狐妖剑君宝宝	2971	65	0	1	1153
29720	Hồ Yêu Kiếm Quân	成年狐妖剑君	2972	75	0	0	1255
29721	Biến dị Hồ Yêu Kiếm Quân	变异狐妖剑君	2972	75	1	0	1255
29722	Biến dị Hồ Yêu Kiếm Quân	变异狐妖剑君	2972	75	1	0	1255
29723	Biến dị Hồ Yêu Kiếm Quân	变异狐妖剑君	2972	75	1	0	1255
29724	Biến dị Hồ Yêu Kiếm Quân	变异狐妖剑君	2972	75	1	0	1255
29725	Biến dị Hồ Yêu Kiếm Quân	变异狐妖剑君	2972	75	1	0	1255
29726	Biến dị Hồ Yêu Kiếm Quân	变异狐妖剑君	2972	75	1	0	1255
29729	Hồ Yêu Kiếm Quân (bảo bảo)	狐妖剑君宝宝	2972	75	0	1	1255
29730	Hồ Yêu Kiếm Quân	成年狐妖剑君	2973	85	0	0	1357
29731	Biến dị Hồ Yêu Kiếm Quân	变异狐妖剑君	2973	85	1	0	1357
29732	Biến dị Hồ Yêu Kiếm Quân	变异狐妖剑君	2973	85	1	0	1357
29733	Biến dị Hồ Yêu Kiếm Quân	变异狐妖剑君	2973	85	1	0	1357
29734	Biến dị Hồ Yêu Kiếm Quân	变异狐妖剑君	2973	85	1	0	1357
29735	Biến dị Hồ Yêu Kiếm Quân	变异狐妖剑君	2973	85	1	0	1357
29736	Biến dị Hồ Yêu Kiếm Quân	变异狐妖剑君	2973	85	1	0	1357
29737	Biến dị Hồ Yêu Kiếm Quân	变异狐妖剑君	2973	85	1	0	1357
29739	Hồ Yêu Kiếm Quân (bảo bảo)	狐妖剑君宝宝	2973	85	0	1	1357
29740	Hồ Yêu Kiếm Quân	成年狐妖剑君	2974	95	0	0	1459
29741	Biến dị Hồ Yêu Kiếm Quân	变异狐妖剑君	2974	95	1	0	1459
29742	Biến dị Hồ Yêu Kiếm Quân	变异狐妖剑君	2974	95	1	0	1459
29743	Biến dị Hồ Yêu Kiếm Quân	变异狐妖剑君	2974	95	1	0	1459
29744	Biến dị Hồ Yêu Kiếm Quân	变异狐妖剑君	2974	95	1	0	1459
29745	Biến dị Hồ Yêu Kiếm Quân	变异狐妖剑君	2974	95	1	0	1459
29746	Biến dị Hồ Yêu Kiếm Quân	变异狐妖剑君	2974	95	1	0	1459
29747	Biến dị Hồ Yêu Kiếm Quân	变异狐妖剑君	2974	95	1	0	1459
29748	Biến dị Hồ Yêu Kiếm Quân	变异狐妖剑君	2974	95	1	0	1459
29749	Hồ Yêu Kiếm Quân (bảo bảo)	狐妖剑君宝宝	2974	95	0	1	1459
29750	Cửu Tiêu Chiến Long	成年九霄战龙	2975	5	0	0	846
29751	Biến dị Cửu Tiêu Chiến Long	变异九霄战龙	2975	5	1	0	846
29752	Biến dị Cửu Tiêu Chiến Long	变异九霄战龙	2975	5	1	0	846
29759	Cửu Tiêu Chiến Long (bảo bảo)	九霄战龙宝宝	2975	5	0	1	846
29760	Cửu Tiêu Chiến Long	成年九霄战龙	2976	45	0	0	948
29761	Biến dị Cửu Tiêu Chiến Long	变异九霄战龙	2976	45	1	0	948
29762	Biến dị Cửu Tiêu Chiến Long	变异九霄战龙	2976	45	1	0	948
29763	Biến dị Cửu Tiêu Chiến Long	变异九霄战龙	2976	45	1	0	948
29769	Cửu Tiêu Chiến Long (bảo bảo)	九霄战龙宝宝	2976	45	0	1	948
29770	Cửu Tiêu Chiến Long	成年九霄战龙	2977	55	0	0	1051
29771	Biến dị Cửu Tiêu Chiến Long	变异九霄战龙	2977	55	1	0	1051
29772	Biến dị Cửu Tiêu Chiến Long	变异九霄战龙	2977	55	1	0	1051
29773	Biến dị Cửu Tiêu Chiến Long	变异九霄战龙	2977	55	1	0	1051
29774	Biến dị Cửu Tiêu Chiến Long	变异九霄战龙	2977	55	1	0	1051
29779	Cửu Tiêu Chiến Long (bảo bảo)	九霄战龙宝宝	2977	55	0	1	1051
29780	Cửu Tiêu Chiến Long	成年九霄战龙	2978	65	0	0	1153
29781	Biến dị Cửu Tiêu Chiến Long	变异九霄战龙	2978	65	1	0	1153
29782	Biến dị Cửu Tiêu Chiến Long	变异九霄战龙	2978	65	1	0	1153
29783	Biến dị Cửu Tiêu Chiến Long	变异九霄战龙	2978	65	1	0	1153
29784	Biến dị Cửu Tiêu Chiến Long	变异九霄战龙	2978	65	1	0	1153
29785	Biến dị Cửu Tiêu Chiến Long	变异九霄战龙	2978	65	1	0	1153
29789	Cửu Tiêu Chiến Long (bảo bảo)	九霄战龙宝宝	2978	65	0	1	1153
29790	Cửu Tiêu Chiến Long	成年九霄战龙	2979	75	0	0	1255
29791	Biến dị Cửu Tiêu Chiến Long	变异九霄战龙	2979	75	1	0	1255
29792	Biến dị Cửu Tiêu Chiến Long	变异九霄战龙	2979	75	1	0	1255
29793	Biến dị Cửu Tiêu Chiến Long	变异九霄战龙	2979	75	1	0	1255
29794	Biến dị Cửu Tiêu Chiến Long	变异九霄战龙	2979	75	1	0	1255
29795	Biến dị Cửu Tiêu Chiến Long	变异九霄战龙	2979	75	1	0	1255
29796	Biến dị Cửu Tiêu Chiến Long	变异九霄战龙	2979	75	1	0	1255
29799	Cửu Tiêu Chiến Long (bảo bảo)	九霄战龙宝宝	2979	75	0	1	1255
29800	Cửu Tiêu Chiến Long	成年九霄战龙	2980	85	0	0	1357
29801	Biến dị Cửu Tiêu Chiến Long	变异九霄战龙	2980	85	1	0	1357
29802	Biến dị Cửu Tiêu Chiến Long	变异九霄战龙	2980	85	1	0	1357
29803	Biến dị Cửu Tiêu Chiến Long	变异九霄战龙	2980	85	1	0	1357
29804	Biến dị Cửu Tiêu Chiến Long	变异九霄战龙	2980	85	1	0	1357
29805	Biến dị Cửu Tiêu Chiến Long	变异九霄战龙	2980	85	1	0	1357
29806	Biến dị Cửu Tiêu Chiến Long	变异九霄战龙	2980	85	1	0	1357
29807	Biến dị Cửu Tiêu Chiến Long	变异九霄战龙	2980	85	1	0	1357
29809	Cửu Tiêu Chiến Long (bảo bảo)	九霄战龙宝宝	2980	85	0	1	1357
29810	Cửu Tiêu Chiến Long	成年九霄战龙	2981	95	0	0	1459
29811	Biến dị Cửu Tiêu Chiến Long	变异九霄战龙	2981	95	1	0	1459
29812	Biến dị Cửu Tiêu Chiến Long	变异九霄战龙	2981	95	1	0	1459
29813	Biến dị Cửu Tiêu Chiến Long	变异九霄战龙	2981	95	1	0	1459
29814	Biến dị Cửu Tiêu Chiến Long	变异九霄战龙	2981	95	1	0	1459
29815	Biến dị Cửu Tiêu Chiến Long	变异九霄战龙	2981	95	1	0	1459
29816	Biến dị Cửu Tiêu Chiến Long	变异九霄战龙	2981	95	1	0	1459
29817	Biến dị Cửu Tiêu Chiến Long	变异九霄战龙	2981	95	1	0	1459
29818	Biến dị Cửu Tiêu Chiến Long	变异九霄战龙	2981	95	1	0	1459
29819	Cửu Tiêu Chiến Long (bảo bảo)	九霄战龙宝宝	2981	95	0	1	1459
29820	Đồng Tâm Uyên Ương	成年同心鸳鸯	2982	5	0	0	846
29821	Biến dị Đồng Tâm Uyên Ương	变异同心鸳鸯	2982	5	1	0	846
29822	Biến dị Đồng Tâm Uyên Ương	变异同心鸳鸯	2982	5	1	0	846
29829	Đồng Tâm Uyên Ương (bảo bảo)	同心鸳鸯宝宝	2982	5	0	1	846
29830	Đồng Tâm Uyên Ương	成年同心鸳鸯	2983	45	0	0	948
29831	Biến dị Đồng Tâm Uyên Ương	变异同心鸳鸯	2983	45	1	0	948
29832	Biến dị Đồng Tâm Uyên Ương	变异同心鸳鸯	2983	45	1	0	948
29833	Biến dị Đồng Tâm Uyên Ương	变异同心鸳鸯	2983	45	1	0	948
29839	Đồng Tâm Uyên Ương (bảo bảo)	同心鸳鸯宝宝	2983	45	0	1	948
29840	Đồng Tâm Uyên Ương	成年同心鸳鸯	2984	55	0	0	1051
29841	Biến dị Đồng Tâm Uyên Ương	变异同心鸳鸯	2984	55	1	0	1051
29842	Biến dị Đồng Tâm Uyên Ương	变异同心鸳鸯	2984	55	1	0	1051
29843	Biến dị Đồng Tâm Uyên Ương	变异同心鸳鸯	2984	55	1	0	1051
29844	Biến dị Đồng Tâm Uyên Ương	变异同心鸳鸯	2984	55	1	0	1051
29849	Đồng Tâm Uyên Ương (bảo bảo)	同心鸳鸯宝宝	2984	55	0	1	1051
29850	Đồng Tâm Uyên Ương	成年同心鸳鸯	2985	65	0	0	1153
29851	Biến dị Đồng Tâm Uyên Ương	变异同心鸳鸯	2985	65	1	0	1153
29852	Biến dị Đồng Tâm Uyên Ương	变异同心鸳鸯	2985	65	1	0	1153
29853	Biến dị Đồng Tâm Uyên Ương	变异同心鸳鸯	2985	65	1	0	1153
29854	Biến dị Đồng Tâm Uyên Ương	变异同心鸳鸯	2985	65	1	0	1153
29855	Biến dị Đồng Tâm Uyên Ương	变异同心鸳鸯	2985	65	1	0	1153
29859	Đồng Tâm Uyên Ương (bảo bảo)	同心鸳鸯宝宝	2985	65	0	1	1153
29860	Đồng Tâm Uyên Ương	成年同心鸳鸯	2986	75	0	0	1255
29861	Biến dị Đồng Tâm Uyên Ương	变异同心鸳鸯	2986	75	1	0	1255
29862	Biến dị Đồng Tâm Uyên Ương	变异同心鸳鸯	2986	75	1	0	1255
29863	Biến dị Đồng Tâm Uyên Ương	变异同心鸳鸯	2986	75	1	0	1255
29864	Biến dị Đồng Tâm Uyên Ương	变异同心鸳鸯	2986	75	1	0	1255
29865	Biến dị Đồng Tâm Uyên Ương	变异同心鸳鸯	2986	75	1	0	1255
29866	Biến dị Đồng Tâm Uyên Ương	变异同心鸳鸯	2986	75	1	0	1255
29869	Đồng Tâm Uyên Ương (bảo bảo)	同心鸳鸯宝宝	2986	75	0	1	1255
29870	Đồng Tâm Uyên Ương	成年同心鸳鸯	2987	85	0	0	1357
29871	Biến dị Đồng Tâm Uyên Ương	变异同心鸳鸯	2987	85	1	0	1357
29872	Biến dị Đồng Tâm Uyên Ương	变异同心鸳鸯	2987	85	1	0	1357
29873	Biến dị Đồng Tâm Uyên Ương	变异同心鸳鸯	2987	85	1	0	1357
29874	Biến dị Đồng Tâm Uyên Ương	变异同心鸳鸯	2987	85	1	0	1357
29875	Biến dị Đồng Tâm Uyên Ương	变异同心鸳鸯	2987	85	1	0	1357
29876	Biến dị Đồng Tâm Uyên Ương	变异同心鸳鸯	2987	85	1	0	1357
29877	Biến dị Đồng Tâm Uyên Ương	变异同心鸳鸯	2987	85	1	0	1357
29879	Đồng Tâm Uyên Ương (bảo bảo)	同心鸳鸯宝宝	2987	85	0	1	1357
29880	Đồng Tâm Uyên Ương	成年同心鸳鸯	2988	95	0	0	1459
29881	Biến dị Đồng Tâm Uyên Ương	变异同心鸳鸯	2988	95	1	0	1459
29882	Biến dị Đồng Tâm Uyên Ương	变异同心鸳鸯	2988	95	1	0	1459
29883	Biến dị Đồng Tâm Uyên Ương	变异同心鸳鸯	2988	95	1	0	1459
29884	Biến dị Đồng Tâm Uyên Ương	变异同心鸳鸯	2988	95	1	0	1459
29885	Biến dị Đồng Tâm Uyên Ương	变异同心鸳鸯	2988	95	1	0	1459
29886	Biến dị Đồng Tâm Uyên Ương	变异同心鸳鸯	2988	95	1	0	1459
29887	Biến dị Đồng Tâm Uyên Ương	变异同心鸳鸯	2988	95	1	0	1459
29888	Biến dị Đồng Tâm Uyên Ương	变异同心鸳鸯	2988	95	1	0	1459
29889	Đồng Tâm Uyên Ương (bảo bảo)	同心鸳鸯宝宝	2988	95	0	1	1459
29890	Thiết Phiến Công Chủ	成年铁扇公主	2989	5	0	0	846
29891	Biến dị Thiết Phiến Công Chủ	变异铁扇公主	2989	5	1	0	846
29892	Biến dị Thiết Phiến Công Chủ	变异铁扇公主	2989	5	1	0	846
29899	Thiết Phiến Công Chủ (bảo bảo)	铁扇公主宝宝	2989	5	0	1	846
29900	Thiết Phiến Công Chủ	成年铁扇公主	2990	45	0	0	948
29901	Biến dị Thiết Phiến Công Chủ	变异铁扇公主	2990	45	1	0	948
29902	Biến dị Thiết Phiến Công Chủ	变异铁扇公主	2990	45	1	0	948
29903	Biến dị Thiết Phiến Công Chủ	变异铁扇公主	2990	45	1	0	948
29909	Thiết Phiến Công Chủ (bảo bảo)	铁扇公主宝宝	2990	45	0	1	948
29910	Thiết Phiến Công Chủ	成年铁扇公主	2991	55	0	0	1051
29911	Biến dị Thiết Phiến Công Chủ	变异铁扇公主	2991	55	1	0	1051
29912	Biến dị Thiết Phiến Công Chủ	变异铁扇公主	2991	55	1	0	1051
29913	Biến dị Thiết Phiến Công Chủ	变异铁扇公主	2991	55	1	0	1051
29914	Biến dị Thiết Phiến Công Chủ	变异铁扇公主	2991	55	1	0	1051
29919	Thiết Phiến Công Chủ (bảo bảo)	铁扇公主宝宝	2991	55	0	1	1051
29920	Thiết Phiến Công Chủ	成年铁扇公主	2992	65	0	0	1153
29921	Biến dị Thiết Phiến Công Chủ	变异铁扇公主	2992	65	1	0	1153
29922	Biến dị Thiết Phiến Công Chủ	变异铁扇公主	2992	65	1	0	1153
29923	Biến dị Thiết Phiến Công Chủ	变异铁扇公主	2992	65	1	0	1153
29924	Biến dị Thiết Phiến Công Chủ	变异铁扇公主	2992	65	1	0	1153
29925	Biến dị Thiết Phiến Công Chủ	变异铁扇公主	2992	65	1	0	1153
29929	Thiết Phiến Công Chủ (bảo bảo)	铁扇公主宝宝	2992	65	0	1	1153
29930	Thiết Phiến Công Chủ	成年铁扇公主	2993	75	0	0	1255
29931	Biến dị Thiết Phiến Công Chủ	变异铁扇公主	2993	75	1	0	1255
29932	Biến dị Thiết Phiến Công Chủ	变异铁扇公主	2993	75	1	0	1255
29933	Biến dị Thiết Phiến Công Chủ	变异铁扇公主	2993	75	1	0	1255
29934	Biến dị Thiết Phiến Công Chủ	变异铁扇公主	2993	75	1	0	1255
29935	Biến dị Thiết Phiến Công Chủ	变异铁扇公主	2993	75	1	0	1255
29936	Biến dị Thiết Phiến Công Chủ	变异铁扇公主	2993	75	1	0	1255
29939	Thiết Phiến Công Chủ (bảo bảo)	铁扇公主宝宝	2993	75	0	1	1255
29940	Thiết Phiến Công Chủ	成年铁扇公主	2994	85	0	0	1357
29941	Biến dị Thiết Phiến Công Chủ	变异铁扇公主	2994	85	1	0	1357
29942	Biến dị Thiết Phiến Công Chủ	变异铁扇公主	2994	85	1	0	1357
29943	Biến dị Thiết Phiến Công Chủ	变异铁扇公主	2994	85	1	0	1357
29944	Biến dị Thiết Phiến Công Chủ	变异铁扇公主	2994	85	1	0	1357
29945	Biến dị Thiết Phiến Công Chủ	变异铁扇公主	2994	85	1	0	1357
29946	Biến dị Thiết Phiến Công Chủ	变异铁扇公主	2994	85	1	0	1357
29947	Biến dị Thiết Phiến Công Chủ	变异铁扇公主	2994	85	1	0	1357
29949	Thiết Phiến Công Chủ (bảo bảo)	铁扇公主宝宝	2994	85	0	1	1357
29950	Thiết Phiến Công Chủ	成年铁扇公主	2995	95	0	0	1459
29951	Biến dị Thiết Phiến Công Chủ	变异铁扇公主	2995	95	1	0	1459
29952	Biến dị Thiết Phiến Công Chủ	变异铁扇公主	2995	95	1	0	1459
29953	Biến dị Thiết Phiến Công Chủ	变异铁扇公主	2995	95	1	0	1459
29954	Biến dị Thiết Phiến Công Chủ	变异铁扇公主	2995	95	1	0	1459
29955	Biến dị Thiết Phiến Công Chủ	变异铁扇公主	2995	95	1	0	1459
29956	Biến dị Thiết Phiến Công Chủ	变异铁扇公主	2995	95	1	0	1459
29957	Biến dị Thiết Phiến Công Chủ	变异铁扇公主	2995	95	1	0	1459
29958	Biến dị Thiết Phiến Công Chủ	变异铁扇公主	2995	95	1	0	1459
29959	Thiết Phiến Công Chủ (bảo bảo)	铁扇公主宝宝	2995	95	0	1	1459
29960	Tùng Thử	成年松鼠	2996	20	0	0	693
29961	Biến dị Tùng Thử	变异松鼠	2996	20	1	0	693
29962	Biến dị Tùng Thử	变异松鼠	2996	20	1	0	693
29969	Tùng Thử (bảo bảo)	松鼠宝宝	2996	20	0	1	693
29970	Thông Tý Viên Hầu	成年通臂猿猴	2997	5	0	0	846
29971	Biến dị Thông Tý Viên Hầu	变异通臂猿猴	2997	5	1	0	846
29972	Biến dị Thông Tý Viên Hầu	变异通臂猿猴	2997	5	1	0	846
29979	Thông Tý Viên Hầu (bảo bảo)	通臂猿猴宝宝	2997	5	0	1	846
29980	Thông Tý Viên Hầu	成年通臂猿猴	2998	45	0	0	948
29981	Biến dị Thông Tý Viên Hầu	变异通臂猿猴	2998	45	1	0	948
29982	Biến dị Thông Tý Viên Hầu	变异通臂猿猴	2998	45	1	0	948
29983	Biến dị Thông Tý Viên Hầu	变异通臂猿猴	2998	45	1	0	948
29989	Thông Tý Viên Hầu (bảo bảo)	通臂猿猴宝宝	2998	45	0	1	948
29990	Thông Tý Viên Hầu	成年通臂猿猴	2999	55	0	0	1051
29991	Biến dị Thông Tý Viên Hầu	变异通臂猿猴	2999	55	1	0	1051
29992	Biến dị Thông Tý Viên Hầu	变异通臂猿猴	2999	55	1	0	1051
29993	Biến dị Thông Tý Viên Hầu	变异通臂猿猴	2999	55	1	0	1051
29994	Biến dị Thông Tý Viên Hầu	变异通臂猿猴	2999	55	1	0	1051
29999	Thông Tý Viên Hầu (bảo bảo)	通臂猿猴宝宝	2999	55	0	1	1051
30000	Thông Tý Viên Hầu	成年通臂猿猴	3000	65	0	0	1153
30001	Biến dị Thông Tý Viên Hầu	变异通臂猿猴	3000	65	1	0	1153
30002	Biến dị Thông Tý Viên Hầu	变异通臂猿猴	3000	65	1	0	1153
30003	Biến dị Thông Tý Viên Hầu	变异通臂猿猴	3000	65	1	0	1153
30004	Biến dị Thông Tý Viên Hầu	变异通臂猿猴	3000	65	1	0	1153
30005	Biến dị Thông Tý Viên Hầu	变异通臂猿猴	3000	65	1	0	1153
30009	Thông Tý Viên Hầu (bảo bảo)	通臂猿猴宝宝	3000	65	0	1	1153
30010	Thông Tý Viên Hầu	成年通臂猿猴	3001	75	0	0	1255
30011	Biến dị Thông Tý Viên Hầu	变异通臂猿猴	3001	75	1	0	1255
30012	Biến dị Thông Tý Viên Hầu	变异通臂猿猴	3001	75	1	0	1255
30013	Biến dị Thông Tý Viên Hầu	变异通臂猿猴	3001	75	1	0	1255
30014	Biến dị Thông Tý Viên Hầu	变异通臂猿猴	3001	75	1	0	1255
30015	Biến dị Thông Tý Viên Hầu	变异通臂猿猴	3001	75	1	0	1255
30016	Biến dị Thông Tý Viên Hầu	变异通臂猿猴	3001	75	1	0	1255
30019	Thông Tý Viên Hầu (bảo bảo)	通臂猿猴宝宝	3001	75	0	1	1255
30020	Thông Tý Viên Hầu	成年通臂猿猴	3002	85	0	0	1357
30021	Biến dị Thông Tý Viên Hầu	变异通臂猿猴	3002	85	1	0	1357
30022	Biến dị Thông Tý Viên Hầu	变异通臂猿猴	3002	85	1	0	1357
30023	Biến dị Thông Tý Viên Hầu	变异通臂猿猴	3002	85	1	0	1357
30024	Biến dị Thông Tý Viên Hầu	变异通臂猿猴	3002	85	1	0	1357
30025	Biến dị Thông Tý Viên Hầu	变异通臂猿猴	3002	85	1	0	1357
30026	Biến dị Thông Tý Viên Hầu	变异通臂猿猴	3002	85	1	0	1357
30027	Biến dị Thông Tý Viên Hầu	变异通臂猿猴	3002	85	1	0	1357
30029	Thông Tý Viên Hầu (bảo bảo)	通臂猿猴宝宝	3002	85	0	1	1357
30030	Thông Tý Viên Hầu	成年通臂猿猴	3003	95	0	0	1459
30031	Biến dị Thông Tý Viên Hầu	变异通臂猿猴	3003	95	1	0	1459
30032	Biến dị Thông Tý Viên Hầu	变异通臂猿猴	3003	95	1	0	1459
30033	Biến dị Thông Tý Viên Hầu	变异通臂猿猴	3003	95	1	0	1459
30034	Biến dị Thông Tý Viên Hầu	变异通臂猿猴	3003	95	1	0	1459
30035	Biến dị Thông Tý Viên Hầu	变异通臂猿猴	3003	95	1	0	1459
30036	Biến dị Thông Tý Viên Hầu	变异通臂猿猴	3003	95	1	0	1459
30037	Biến dị Thông Tý Viên Hầu	变异通臂猿猴	3003	95	1	0	1459
30038	Biến dị Thông Tý Viên Hầu	变异通臂猿猴	3003	95	1	0	1459
30039	Thông Tý Viên Hầu (bảo bảo)	通臂猿猴宝宝	3003	95	0	1	1459
30040	Đậu Thú Sa	成年逗趣鲨	3004	5	0	0	846
30041	Biến dị Đậu Thú Sa	变异逗趣鲨	3004	5	1	0	846
30042	Biến dị Đậu Thú Sa	变异逗趣鲨	3004	5	1	0	846
30049	Đậu Thú Sa (bảo bảo)	逗趣鲨宝宝	3004	5	0	1	846
30050	Đậu Thú Sa	成年逗趣鲨	3005	45	0	0	948
30051	Biến dị Đậu Thú Sa	变异逗趣鲨	3005	45	1	0	948
30052	Biến dị Đậu Thú Sa	变异逗趣鲨	3005	45	1	0	948
30053	Biến dị Đậu Thú Sa	变异逗趣鲨	3005	45	1	0	948
30059	Đậu Thú Sa (bảo bảo)	逗趣鲨宝宝	3005	45	0	1	948
30060	Đậu Thú Sa	成年逗趣鲨	3006	55	0	0	1051
30061	Biến dị Đậu Thú Sa	变异逗趣鲨	3006	55	1	0	1051
30062	Biến dị Đậu Thú Sa	变异逗趣鲨	3006	55	1	0	1051
30063	Biến dị Đậu Thú Sa	变异逗趣鲨	3006	55	1	0	1051
30064	Biến dị Đậu Thú Sa	变异逗趣鲨	3006	55	1	0	1051
30069	Đậu Thú Sa (bảo bảo)	逗趣鲨宝宝	3006	55	0	1	1051
30070	Đậu Thú Sa	成年逗趣鲨	3007	65	0	0	1153
30071	Biến dị Đậu Thú Sa	变异逗趣鲨	3007	65	1	0	1153
30072	Biến dị Đậu Thú Sa	变异逗趣鲨	3007	65	1	0	1153
30073	Biến dị Đậu Thú Sa	变异逗趣鲨	3007	65	1	0	1153
30074	Biến dị Đậu Thú Sa	变异逗趣鲨	3007	65	1	0	1153
30075	Biến dị Đậu Thú Sa	变异逗趣鲨	3007	65	1	0	1153
30079	Đậu Thú Sa (bảo bảo)	逗趣鲨宝宝	3007	65	0	1	1153
30080	Đậu Thú Sa	成年逗趣鲨	3008	75	0	0	1255
30081	Biến dị Đậu Thú Sa	变异逗趣鲨	3008	75	1	0	1255
30082	Biến dị Đậu Thú Sa	变异逗趣鲨	3008	75	1	0	1255
30083	Biến dị Đậu Thú Sa	变异逗趣鲨	3008	75	1	0	1255
30084	Biến dị Đậu Thú Sa	变异逗趣鲨	3008	75	1	0	1255
30085	Biến dị Đậu Thú Sa	变异逗趣鲨	3008	75	1	0	1255
30086	Biến dị Đậu Thú Sa	变异逗趣鲨	3008	75	1	0	1255
30089	Đậu Thú Sa (bảo bảo)	逗趣鲨宝宝	3008	75	0	1	1255
30090	Đậu Thú Sa	成年逗趣鲨	3009	85	0	0	1357
30091	Biến dị Đậu Thú Sa	变异逗趣鲨	3009	85	1	0	1357
30092	Biến dị Đậu Thú Sa	变异逗趣鲨	3009	85	1	0	1357
30093	Biến dị Đậu Thú Sa	变异逗趣鲨	3009	85	1	0	1357
30094	Biến dị Đậu Thú Sa	变异逗趣鲨	3009	85	1	0	1357
30095	Biến dị Đậu Thú Sa	变异逗趣鲨	3009	85	1	0	1357
30096	Biến dị Đậu Thú Sa	变异逗趣鲨	3009	85	1	0	1357
30097	Biến dị Đậu Thú Sa	变异逗趣鲨	3009	85	1	0	1357
30099	Đậu Thú Sa (bảo bảo)	逗趣鲨宝宝	3009	85	0	1	1357
30100	Đậu Thú Sa	成年逗趣鲨	3010	95	0	0	1459
30101	Biến dị Đậu Thú Sa	变异逗趣鲨	3010	95	1	0	1459
30102	Biến dị Đậu Thú Sa	变异逗趣鲨	3010	95	1	0	1459
30103	Biến dị Đậu Thú Sa	变异逗趣鲨	3010	95	1	0	1459
30104	Biến dị Đậu Thú Sa	变异逗趣鲨	3010	95	1	0	1459
30105	Biến dị Đậu Thú Sa	变异逗趣鲨	3010	95	1	0	1459
30106	Biến dị Đậu Thú Sa	变异逗趣鲨	3010	95	1	0	1459
30107	Biến dị Đậu Thú Sa	变异逗趣鲨	3010	95	1	0	1459
30108	Biến dị Đậu Thú Sa	变异逗趣鲨	3010	95	1	0	1459
30109	Đậu Thú Sa (bảo bảo)	逗趣鲨宝宝	3010	95	0	1	1459
30110	Mỹ Hầu Vương	成年美猴王	3011	5	0	0	846
30111	Biến dị Mỹ Hầu Vương	变异美猴王	3011	5	1	0	846
30112	Biến dị Mỹ Hầu Vương	变异美猴王	3011	5	1	0	846
30119	Mỹ Hầu Vương (bảo bảo)	美猴王宝宝	3011	5	0	1	846
30120	Mỹ Hầu Vương	成年美猴王	3012	45	0	0	948
30121	Biến dị Mỹ Hầu Vương	变异美猴王	3012	45	1	0	948
30122	Biến dị Mỹ Hầu Vương	变异美猴王	3012	45	1	0	948
30123	Biến dị Mỹ Hầu Vương	变异美猴王	3012	45	1	0	948
30129	Mỹ Hầu Vương (bảo bảo)	美猴王宝宝	3012	45	0	1	948
30130	Mỹ Hầu Vương	成年美猴王	3013	55	0	0	1051
30131	Biến dị Mỹ Hầu Vương	变异美猴王	3013	55	1	0	1051
30132	Biến dị Mỹ Hầu Vương	变异美猴王	3013	55	1	0	1051
30133	Biến dị Mỹ Hầu Vương	变异美猴王	3013	55	1	0	1051
30134	Biến dị Mỹ Hầu Vương	变异美猴王	3013	55	1	0	1051
30139	Mỹ Hầu Vương (bảo bảo)	美猴王宝宝	3013	55	0	1	1051
30140	Mỹ Hầu Vương	成年美猴王	3014	65	0	0	1153
30141	Biến dị Mỹ Hầu Vương	变异美猴王	3014	65	1	0	1153
30142	Biến dị Mỹ Hầu Vương	变异美猴王	3014	65	1	0	1153
30143	Biến dị Mỹ Hầu Vương	变异美猴王	3014	65	1	0	1153
30144	Biến dị Mỹ Hầu Vương	变异美猴王	3014	65	1	0	1153
30145	Biến dị Mỹ Hầu Vương	变异美猴王	3014	65	1	0	1153
30149	Mỹ Hầu Vương (bảo bảo)	美猴王宝宝	3014	65	0	1	1153
30150	Mỹ Hầu Vương	成年美猴王	3015	75	0	0	1255
30151	Biến dị Mỹ Hầu Vương	变异美猴王	3015	75	1	0	1255
30152	Biến dị Mỹ Hầu Vương	变异美猴王	3015	75	1	0	1255
30153	Biến dị Mỹ Hầu Vương	变异美猴王	3015	75	1	0	1255
30154	Biến dị Mỹ Hầu Vương	变异美猴王	3015	75	1	0	1255
30155	Biến dị Mỹ Hầu Vương	变异美猴王	3015	75	1	0	1255
30156	Biến dị Mỹ Hầu Vương	变异美猴王	3015	75	1	0	1255
30159	Mỹ Hầu Vương (bảo bảo)	美猴王宝宝	3015	75	0	1	1255
30160	Mỹ Hầu Vương	成年美猴王	3016	85	0	0	1357
30161	Biến dị Mỹ Hầu Vương	变异美猴王	3016	85	1	0	1357
30162	Biến dị Mỹ Hầu Vương	变异美猴王	3016	85	1	0	1357
30163	Biến dị Mỹ Hầu Vương	变异美猴王	3016	85	1	0	1357
30164	Biến dị Mỹ Hầu Vương	变异美猴王	3016	85	1	0	1357
30165	Biến dị Mỹ Hầu Vương	变异美猴王	3016	85	1	0	1357
30166	Biến dị Mỹ Hầu Vương	变异美猴王	3016	85	1	0	1357
30167	Biến dị Mỹ Hầu Vương	变异美猴王	3016	85	1	0	1357
30169	Mỹ Hầu Vương (bảo bảo)	美猴王宝宝	3016	85	0	1	1357
30170	Mỹ Hầu Vương	成年美猴王	3017	95	0	0	1459
30171	Biến dị Mỹ Hầu Vương	变异美猴王	3017	95	1	0	1459
30172	Biến dị Mỹ Hầu Vương	变异美猴王	3017	95	1	0	1459
30173	Biến dị Mỹ Hầu Vương	变异美猴王	3017	95	1	0	1459
30174	Biến dị Mỹ Hầu Vương	变异美猴王	3017	95	1	0	1459
30175	Biến dị Mỹ Hầu Vương	变异美猴王	3017	95	1	0	1459
30176	Biến dị Mỹ Hầu Vương	变异美猴王	3017	95	1	0	1459
30177	Biến dị Mỹ Hầu Vương	变异美猴王	3017	95	1	0	1459
30178	Biến dị Mỹ Hầu Vương	变异美猴王	3017	95	1	0	1459
30179	Mỹ Hầu Vương (bảo bảo)	美猴王宝宝	3017	95	0	1	1459
30180	Tề Thiên Đại Thánh	成年齐天大圣	3018	5	0	0	846
30181	Biến dị Tề Thiên Đại Thánh	变异齐天大圣	3018	5	1	0	846
30182	Biến dị Tề Thiên Đại Thánh	变异齐天大圣	3018	5	1	0	846
30189	Tề Thiên Đại Thánh (bảo bảo)	齐天大圣宝宝	3018	5	0	1	846
30190	Tề Thiên Đại Thánh	成年齐天大圣	3019	45	0	0	948
30191	Biến dị Tề Thiên Đại Thánh	变异齐天大圣	3019	45	1	0	948
30192	Biến dị Tề Thiên Đại Thánh	变异齐天大圣	3019	45	1	0	948
30193	Biến dị Tề Thiên Đại Thánh	变异齐天大圣	3019	45	1	0	948
30199	Tề Thiên Đại Thánh (bảo bảo)	齐天大圣宝宝	3019	45	0	1	948
30200	Tề Thiên Đại Thánh	成年齐天大圣	3020	55	0	0	1051
30201	Biến dị Tề Thiên Đại Thánh	变异齐天大圣	3020	55	1	0	1051
30202	Biến dị Tề Thiên Đại Thánh	变异齐天大圣	3020	55	1	0	1051
30203	Biến dị Tề Thiên Đại Thánh	变异齐天大圣	3020	55	1	0	1051
30204	Biến dị Tề Thiên Đại Thánh	变异齐天大圣	3020	55	1	0	1051
30209	Tề Thiên Đại Thánh (bảo bảo)	齐天大圣宝宝	3020	55	0	1	1051
30210	Tề Thiên Đại Thánh	成年齐天大圣	3021	65	0	0	1153
30211	Biến dị Tề Thiên Đại Thánh	变异齐天大圣	3021	65	1	0	1153
30212	Biến dị Tề Thiên Đại Thánh	变异齐天大圣	3021	65	1	0	1153
30213	Biến dị Tề Thiên Đại Thánh	变异齐天大圣	3021	65	1	0	1153
30214	Biến dị Tề Thiên Đại Thánh	变异齐天大圣	3021	65	1	0	1153
30215	Biến dị Tề Thiên Đại Thánh	变异齐天大圣	3021	65	1	0	1153
30219	Tề Thiên Đại Thánh (bảo bảo)	齐天大圣宝宝	3021	65	0	1	1153
30220	Tề Thiên Đại Thánh	成年齐天大圣	3022	75	0	0	1255
30221	Biến dị Tề Thiên Đại Thánh	变异齐天大圣	3022	75	1	0	1255
30222	Biến dị Tề Thiên Đại Thánh	变异齐天大圣	3022	75	1	0	1255
30223	Biến dị Tề Thiên Đại Thánh	变异齐天大圣	3022	75	1	0	1255
30224	Biến dị Tề Thiên Đại Thánh	变异齐天大圣	3022	75	1	0	1255
30225	Biến dị Tề Thiên Đại Thánh	变异齐天大圣	3022	75	1	0	1255
30226	Biến dị Tề Thiên Đại Thánh	变异齐天大圣	3022	75	1	0	1255
30229	Tề Thiên Đại Thánh (bảo bảo)	齐天大圣宝宝	3022	75	0	1	1255
30230	Tề Thiên Đại Thánh	成年齐天大圣	3023	85	0	0	1357
30231	Biến dị Tề Thiên Đại Thánh	变异齐天大圣	3023	85	1	0	1357
30232	Biến dị Tề Thiên Đại Thánh	变异齐天大圣	3023	85	1	0	1357
30233	Biến dị Tề Thiên Đại Thánh	变异齐天大圣	3023	85	1	0	1357
30234	Biến dị Tề Thiên Đại Thánh	变异齐天大圣	3023	85	1	0	1357
30235	Biến dị Tề Thiên Đại Thánh	变异齐天大圣	3023	85	1	0	1357
30236	Biến dị Tề Thiên Đại Thánh	变异齐天大圣	3023	85	1	0	1357
30237	Biến dị Tề Thiên Đại Thánh	变异齐天大圣	3023	85	1	0	1357
30239	Tề Thiên Đại Thánh (bảo bảo)	齐天大圣宝宝	3023	85	0	1	1357
30240	Tề Thiên Đại Thánh	成年齐天大圣	3024	95	0	0	1459
30241	Biến dị Tề Thiên Đại Thánh	变异齐天大圣	3024	95	1	0	1459
30242	Biến dị Tề Thiên Đại Thánh	变异齐天大圣	3024	95	1	0	1459
30243	Biến dị Tề Thiên Đại Thánh	变异齐天大圣	3024	95	1	0	1459
30244	Biến dị Tề Thiên Đại Thánh	变异齐天大圣	3024	95	1	0	1459
30245	Biến dị Tề Thiên Đại Thánh	变异齐天大圣	3024	95	1	0	1459
30246	Biến dị Tề Thiên Đại Thánh	变异齐天大圣	3024	95	1	0	1459
30247	Biến dị Tề Thiên Đại Thánh	变异齐天大圣	3024	95	1	0	1459
30248	Biến dị Tề Thiên Đại Thánh	变异齐天大圣	3024	95	1	0	1459
30249	Tề Thiên Đại Thánh (bảo bảo)	齐天大圣宝宝	3024	95	0	1	1459
30250	Trĩ Nguyệt Linh	成年稚月灵	3025	5	0	0	846
30251	Biến dị Trĩ Nguyệt Linh	变异稚月灵	3025	5	1	0	846
30252	Biến dị Trĩ Nguyệt Linh	变异稚月灵	3025	5	1	0	846
30259	Trĩ Nguyệt Linh (bảo bảo)	稚月灵宝宝	3025	5	0	1	846
30260	Trĩ Nguyệt Linh	成年稚月灵	3026	45	0	0	948
30261	Biến dị Trĩ Nguyệt Linh	变异稚月灵	3026	45	1	0	948
30262	Biến dị Trĩ Nguyệt Linh	变异稚月灵	3026	45	1	0	948
30263	Biến dị Trĩ Nguyệt Linh	变异稚月灵	3026	45	1	0	948
30269	Trĩ Nguyệt Linh (bảo bảo)	稚月灵宝宝	3026	45	0	1	948
30270	Trĩ Nguyệt Linh	成年稚月灵	3027	55	0	0	1051
30271	Biến dị Trĩ Nguyệt Linh	变异稚月灵	3027	55	1	0	1051
30272	Biến dị Trĩ Nguyệt Linh	变异稚月灵	3027	55	1	0	1051
30273	Biến dị Trĩ Nguyệt Linh	变异稚月灵	3027	55	1	0	1051
30274	Biến dị Trĩ Nguyệt Linh	变异稚月灵	3027	55	1	0	1051
30279	Trĩ Nguyệt Linh (bảo bảo)	稚月灵宝宝	3027	55	0	1	1051
30280	Trĩ Nguyệt Linh	成年稚月灵	3028	65	0	0	1153
30281	Biến dị Trĩ Nguyệt Linh	变异稚月灵	3028	65	1	0	1153
30282	Biến dị Trĩ Nguyệt Linh	变异稚月灵	3028	65	1	0	1153
30283	Biến dị Trĩ Nguyệt Linh	变异稚月灵	3028	65	1	0	1153
30284	Biến dị Trĩ Nguyệt Linh	变异稚月灵	3028	65	1	0	1153
30285	Biến dị Trĩ Nguyệt Linh	变异稚月灵	3028	65	1	0	1153
30289	Trĩ Nguyệt Linh (bảo bảo)	稚月灵宝宝	3028	65	0	1	1153
30290	Trĩ Nguyệt Linh	成年稚月灵	3029	75	0	0	1255
30291	Biến dị Trĩ Nguyệt Linh	变异稚月灵	3029	75	1	0	1255
30292	Biến dị Trĩ Nguyệt Linh	变异稚月灵	3029	75	1	0	1255
30293	Biến dị Trĩ Nguyệt Linh	变异稚月灵	3029	75	1	0	1255
30294	Biến dị Trĩ Nguyệt Linh	变异稚月灵	3029	75	1	0	1255
30295	Biến dị Trĩ Nguyệt Linh	变异稚月灵	3029	75	1	0	1255
30296	Biến dị Trĩ Nguyệt Linh	变异稚月灵	3029	75	1	0	1255
30299	Trĩ Nguyệt Linh (bảo bảo)	稚月灵宝宝	3029	75	0	1	1255
30300	Trĩ Nguyệt Linh	成年稚月灵	3030	85	0	0	1357
30301	Biến dị Trĩ Nguyệt Linh	变异稚月灵	3030	85	1	0	1357
30302	Biến dị Trĩ Nguyệt Linh	变异稚月灵	3030	85	1	0	1357
30303	Biến dị Trĩ Nguyệt Linh	变异稚月灵	3030	85	1	0	1357
30304	Biến dị Trĩ Nguyệt Linh	变异稚月灵	3030	85	1	0	1357
30305	Biến dị Trĩ Nguyệt Linh	变异稚月灵	3030	85	1	0	1357
30306	Biến dị Trĩ Nguyệt Linh	变异稚月灵	3030	85	1	0	1357
30307	Biến dị Trĩ Nguyệt Linh	变异稚月灵	3030	85	1	0	1357
30309	Trĩ Nguyệt Linh (bảo bảo)	稚月灵宝宝	3030	85	0	1	1357
30310	Trĩ Nguyệt Linh	成年稚月灵	3031	95	0	0	1459
30311	Biến dị Trĩ Nguyệt Linh	变异稚月灵	3031	95	1	0	1459
30312	Biến dị Trĩ Nguyệt Linh	变异稚月灵	3031	95	1	0	1459
30313	Biến dị Trĩ Nguyệt Linh	变异稚月灵	3031	95	1	0	1459
30314	Biến dị Trĩ Nguyệt Linh	变异稚月灵	3031	95	1	0	1459
30315	Biến dị Trĩ Nguyệt Linh	变异稚月灵	3031	95	1	0	1459
30316	Biến dị Trĩ Nguyệt Linh	变异稚月灵	3031	95	1	0	1459
30317	Biến dị Trĩ Nguyệt Linh	变异稚月灵	3031	95	1	0	1459
30318	Biến dị Trĩ Nguyệt Linh	变异稚月灵	3031	95	1	0	1459
30319	Trĩ Nguyệt Linh (bảo bảo)	稚月灵宝宝	3031	95	0	1	1459
30320	Nhị Lang Chân Quân	成年二郎真君	3032	5	0	0	846
30321	Biến dị Nhị Lang Chân Quân	变异二郎真君	3032	5	1	0	846
30322	Biến dị Nhị Lang Chân Quân	变异二郎真君	3032	5	1	0	846
30329	Nhị Lang Chân Quân (bảo bảo)	二郎真君宝宝	3032	5	0	1	846
30330	Nhị Lang Chân Quân	成年二郎真君	3033	45	0	0	948
30331	Biến dị Nhị Lang Chân Quân	变异二郎真君	3033	45	1	0	948
30332	Biến dị Nhị Lang Chân Quân	变异二郎真君	3033	45	1	0	948
30333	Biến dị Nhị Lang Chân Quân	变异二郎真君	3033	45	1	0	948
30339	Nhị Lang Chân Quân (bảo bảo)	二郎真君宝宝	3033	45	0	1	948
30340	Nhị Lang Chân Quân	成年二郎真君	3034	55	0	0	1051
30341	Biến dị Nhị Lang Chân Quân	变异二郎真君	3034	55	1	0	1051
30342	Biến dị Nhị Lang Chân Quân	变异二郎真君	3034	55	1	0	1051
30343	Biến dị Nhị Lang Chân Quân	变异二郎真君	3034	55	1	0	1051
30344	Biến dị Nhị Lang Chân Quân	变异二郎真君	3034	55	1	0	1051
30349	Nhị Lang Chân Quân (bảo bảo)	二郎真君宝宝	3034	55	0	1	1051
30350	Nhị Lang Chân Quân	成年二郎真君	3035	65	0	0	1153
30351	Biến dị Nhị Lang Chân Quân	变异二郎真君	3035	65	1	0	1153
30352	Biến dị Nhị Lang Chân Quân	变异二郎真君	3035	65	1	0	1153
30353	Biến dị Nhị Lang Chân Quân	变异二郎真君	3035	65	1	0	1153
30354	Biến dị Nhị Lang Chân Quân	变异二郎真君	3035	65	1	0	1153
30355	Biến dị Nhị Lang Chân Quân	变异二郎真君	3035	65	1	0	1153
30359	Nhị Lang Chân Quân (bảo bảo)	二郎真君宝宝	3035	65	0	1	1153
30360	Nhị Lang Chân Quân	成年二郎真君	3036	75	0	0	1255
30361	Biến dị Nhị Lang Chân Quân	变异二郎真君	3036	75	1	0	1255
30362	Biến dị Nhị Lang Chân Quân	变异二郎真君	3036	75	1	0	1255
30363	Biến dị Nhị Lang Chân Quân	变异二郎真君	3036	75	1	0	1255
30364	Biến dị Nhị Lang Chân Quân	变异二郎真君	3036	75	1	0	1255
30365	Biến dị Nhị Lang Chân Quân	变异二郎真君	3036	75	1	0	1255
30366	Biến dị Nhị Lang Chân Quân	变异二郎真君	3036	75	1	0	1255
30369	Nhị Lang Chân Quân (bảo bảo)	二郎真君宝宝	3036	75	0	1	1255
30370	Nhị Lang Chân Quân	成年二郎真君	3037	85	0	0	1357
30371	Biến dị Nhị Lang Chân Quân	变异二郎真君	3037	85	1	0	1357
30372	Biến dị Nhị Lang Chân Quân	变异二郎真君	3037	85	1	0	1357
30373	Biến dị Nhị Lang Chân Quân	变异二郎真君	3037	85	1	0	1357
30374	Biến dị Nhị Lang Chân Quân	变异二郎真君	3037	85	1	0	1357
30375	Biến dị Nhị Lang Chân Quân	变异二郎真君	3037	85	1	0	1357
30376	Biến dị Nhị Lang Chân Quân	变异二郎真君	3037	85	1	0	1357
30377	Biến dị Nhị Lang Chân Quân	变异二郎真君	3037	85	1	0	1357
30379	Nhị Lang Chân Quân (bảo bảo)	二郎真君宝宝	3037	85	0	1	1357
30380	Nhị Lang Chân Quân	成年二郎真君	3038	95	0	0	1459
30381	Biến dị Nhị Lang Chân Quân	变异二郎真君	3038	95	1	0	1459
30382	Biến dị Nhị Lang Chân Quân	变异二郎真君	3038	95	1	0	1459
30383	Biến dị Nhị Lang Chân Quân	变异二郎真君	3038	95	1	0	1459
30384	Biến dị Nhị Lang Chân Quân	变异二郎真君	3038	95	1	0	1459
30385	Biến dị Nhị Lang Chân Quân	变异二郎真君	3038	95	1	0	1459
30386	Biến dị Nhị Lang Chân Quân	变异二郎真君	3038	95	1	0	1459
30387	Biến dị Nhị Lang Chân Quân	变异二郎真君	3038	95	1	0	1459
30388	Biến dị Nhị Lang Chân Quân	变异二郎真君	3038	95	1	0	1459
30389	Nhị Lang Chân Quân (bảo bảo)	二郎真君宝宝	3038	95	0	1	1459
30390	Đông Tử	成年东仔	3039	20	0	0	693
30391	Biến dị Đông Tử	变异东仔	3039	20	1	0	693
30392	Biến dị Đông Tử	变异东仔	3039	20	1	0	693
30399	Đông Tử (bảo bảo)	东仔宝宝	3039	20	0	1	693
30400	Long Tam Thái Tử	成年龙三太子	3040	5	0	0	846
30401	Biến dị Long Tam Thái Tử	变异龙三太子	3040	5	1	0	846
30402	Biến dị Long Tam Thái Tử	变异龙三太子	3040	5	1	0	846
30409	Long Tam Thái Tử (bảo bảo)	龙三太子宝宝	3040	5	0	1	846
30410	Long Tam Thái Tử	成年龙三太子	3041	45	0	0	948
30411	Biến dị Long Tam Thái Tử	变异龙三太子	3041	45	1	0	948
30412	Biến dị Long Tam Thái Tử	变异龙三太子	3041	45	1	0	948
30413	Biến dị Long Tam Thái Tử	变异龙三太子	3041	45	1	0	948
30419	Long Tam Thái Tử (bảo bảo)	龙三太子宝宝	3041	45	0	1	948
30420	Long Tam Thái Tử	成年龙三太子	3042	55	0	0	1051
30421	Biến dị Long Tam Thái Tử	变异龙三太子	3042	55	1	0	1051
30422	Biến dị Long Tam Thái Tử	变异龙三太子	3042	55	1	0	1051
30423	Biến dị Long Tam Thái Tử	变异龙三太子	3042	55	1	0	1051
30424	Biến dị Long Tam Thái Tử	变异龙三太子	3042	55	1	0	1051
30429	Long Tam Thái Tử (bảo bảo)	龙三太子宝宝	3042	55	0	1	1051
30430	Long Tam Thái Tử	成年龙三太子	3043	65	0	0	1153
30431	Biến dị Long Tam Thái Tử	变异龙三太子	3043	65	1	0	1153
30432	Biến dị Long Tam Thái Tử	变异龙三太子	3043	65	1	0	1153
30433	Biến dị Long Tam Thái Tử	变异龙三太子	3043	65	1	0	1153
30434	Biến dị Long Tam Thái Tử	变异龙三太子	3043	65	1	0	1153
30435	Biến dị Long Tam Thái Tử	变异龙三太子	3043	65	1	0	1153
30439	Long Tam Thái Tử (bảo bảo)	龙三太子宝宝	3043	65	0	1	1153
30440	Long Tam Thái Tử	成年龙三太子	3044	75	0	0	1255
30441	Biến dị Long Tam Thái Tử	变异龙三太子	3044	75	1	0	1255
30442	Biến dị Long Tam Thái Tử	变异龙三太子	3044	75	1	0	1255
30443	Biến dị Long Tam Thái Tử	变异龙三太子	3044	75	1	0	1255
30444	Biến dị Long Tam Thái Tử	变异龙三太子	3044	75	1	0	1255
30445	Biến dị Long Tam Thái Tử	变异龙三太子	3044	75	1	0	1255
30446	Biến dị Long Tam Thái Tử	变异龙三太子	3044	75	1	0	1255
30449	Long Tam Thái Tử (bảo bảo)	龙三太子宝宝	3044	75	0	1	1255
30450	Long Tam Thái Tử	成年龙三太子	3045	85	0	0	1357
30451	Biến dị Long Tam Thái Tử	变异龙三太子	3045	85	1	0	1357
30452	Biến dị Long Tam Thái Tử	变异龙三太子	3045	85	1	0	1357
30453	Biến dị Long Tam Thái Tử	变异龙三太子	3045	85	1	0	1357
30454	Biến dị Long Tam Thái Tử	变异龙三太子	3045	85	1	0	1357
30455	Biến dị Long Tam Thái Tử	变异龙三太子	3045	85	1	0	1357
30456	Biến dị Long Tam Thái Tử	变异龙三太子	3045	85	1	0	1357
30457	Biến dị Long Tam Thái Tử	变异龙三太子	3045	85	1	0	1357
30459	Long Tam Thái Tử (bảo bảo)	龙三太子宝宝	3045	85	0	1	1357
30460	Long Tam Thái Tử	成年龙三太子	3046	95	0	0	1459
30461	Biến dị Long Tam Thái Tử	变异龙三太子	3046	95	1	0	1459
30462	Biến dị Long Tam Thái Tử	变异龙三太子	3046	95	1	0	1459
30463	Biến dị Long Tam Thái Tử	变异龙三太子	3046	95	1	0	1459
30464	Biến dị Long Tam Thái Tử	变异龙三太子	3046	95	1	0	1459
30465	Biến dị Long Tam Thái Tử	变异龙三太子	3046	95	1	0	1459
30466	Biến dị Long Tam Thái Tử	变异龙三太子	3046	95	1	0	1459
30467	Biến dị Long Tam Thái Tử	变异龙三太子	3046	95	1	0	1459
30468	Biến dị Long Tam Thái Tử	变异龙三太子	3046	95	1	0	1459
30469	Long Tam Thái Tử (bảo bảo)	龙三太子宝宝	3046	95	0	1	1459
30500	Hồ Tiểu Tiên	成年狐小仙	3050	5	0	0	846
30501	Biến dị Hồ Tiểu Tiên	变异狐小仙	3050	5	1	0	846
30502	Biến dị Hồ Tiểu Tiên	变异狐小仙	3050	5	1	0	846
30509	Hồ Tiểu Tiên (bảo bảo)	狐小仙宝宝	3050	5	0	1	846
30510	Hồ Tiểu Tiên	成年狐小仙	3051	45	0	0	948
30511	Biến dị Hồ Tiểu Tiên	变异狐小仙	3051	45	1	0	948
30512	Biến dị Hồ Tiểu Tiên	变异狐小仙	3051	45	1	0	948
30513	Biến dị Hồ Tiểu Tiên	变异狐小仙	3051	45	1	0	948
30519	Hồ Tiểu Tiên (bảo bảo)	狐小仙宝宝	3051	45	0	1	948
30520	Hồ Tiểu Tiên	成年狐小仙	3052	55	0	0	1051
30521	Biến dị Hồ Tiểu Tiên	变异狐小仙	3052	55	1	0	1051
30522	Biến dị Hồ Tiểu Tiên	变异狐小仙	3052	55	1	0	1051
30523	Biến dị Hồ Tiểu Tiên	变异狐小仙	3052	55	1	0	1051
30524	Biến dị Hồ Tiểu Tiên	变异狐小仙	3052	55	1	0	1051
30529	Hồ Tiểu Tiên (bảo bảo)	狐小仙宝宝	3052	55	0	1	1051
30530	Hồ Tiểu Tiên	成年狐小仙	3053	65	0	0	1153
30531	Biến dị Hồ Tiểu Tiên	变异狐小仙	3053	65	1	0	1153
30532	Biến dị Hồ Tiểu Tiên	变异狐小仙	3053	65	1	0	1153
30533	Biến dị Hồ Tiểu Tiên	变异狐小仙	3053	65	1	0	1153
30534	Biến dị Hồ Tiểu Tiên	变异狐小仙	3053	65	1	0	1153
30535	Biến dị Hồ Tiểu Tiên	变异狐小仙	3053	65	1	0	1153
30539	Hồ Tiểu Tiên (bảo bảo)	狐小仙宝宝	3053	65	0	1	1153
30540	Hồ Tiểu Tiên	成年狐小仙	3054	75	0	0	1255
30541	Biến dị Hồ Tiểu Tiên	变异狐小仙	3054	75	1	0	1255
30542	Biến dị Hồ Tiểu Tiên	变异狐小仙	3054	75	1	0	1255
30543	Biến dị Hồ Tiểu Tiên	变异狐小仙	3054	75	1	0	1255
30544	Biến dị Hồ Tiểu Tiên	变异狐小仙	3054	75	1	0	1255
30545	Biến dị Hồ Tiểu Tiên	变异狐小仙	3054	75	1	0	1255
30546	Biến dị Hồ Tiểu Tiên	变异狐小仙	3054	75	1	0	1255
30549	Hồ Tiểu Tiên (bảo bảo)	狐小仙宝宝	3054	75	0	1	1255
30550	Hồ Tiểu Tiên	成年狐小仙	3055	85	0	0	1357
30551	Biến dị Hồ Tiểu Tiên	变异狐小仙	3055	85	1	0	1357
30552	Biến dị Hồ Tiểu Tiên	变异狐小仙	3055	85	1	0	1357
30553	Biến dị Hồ Tiểu Tiên	变异狐小仙	3055	85	1	0	1357
30554	Biến dị Hồ Tiểu Tiên	变异狐小仙	3055	85	1	0	1357
30555	Biến dị Hồ Tiểu Tiên	变异狐小仙	3055	85	1	0	1357
30556	Biến dị Hồ Tiểu Tiên	变异狐小仙	3055	85	1	0	1357
30557	Biến dị Hồ Tiểu Tiên	变异狐小仙	3055	85	1	0	1357
30559	Hồ Tiểu Tiên (bảo bảo)	狐小仙宝宝	3055	85	0	1	1357
30560	Hồ Tiểu Tiên	成年狐小仙	3056	95	0	0	1459
30561	Biến dị Hồ Tiểu Tiên	变异狐小仙	3056	95	1	0	1459
30562	Biến dị Hồ Tiểu Tiên	变异狐小仙	3056	95	1	0	1459
30563	Biến dị Hồ Tiểu Tiên	变异狐小仙	3056	95	1	0	1459
30564	Biến dị Hồ Tiểu Tiên	变异狐小仙	3056	95	1	0	1459
30565	Biến dị Hồ Tiểu Tiên	变异狐小仙	3056	95	1	0	1459
30566	Biến dị Hồ Tiểu Tiên	变异狐小仙	3056	95	1	0	1459
30567	Biến dị Hồ Tiểu Tiên	变异狐小仙	3056	95	1	0	1459
30568	Biến dị Hồ Tiểu Tiên	变异狐小仙	3056	95	1	0	1459
30569	Hồ Tiểu Tiên (bảo bảo)	狐小仙宝宝	3056	95	0	1	1459
30570	Manh Bảo Trư	成年萌宝猪	3057	5	0	0	846
30571	Biến dị Manh Bảo Trư	变异萌宝猪	3057	5	1	0	846
30572	Biến dị Manh Bảo Trư	变异萌宝猪	3057	5	1	0	846
30579	Manh Bảo Trư (bảo bảo)	萌宝猪宝宝	3057	5	0	1	846
30580	Manh Bảo Trư	成年萌宝猪	3058	45	0	0	948
30581	Biến dị Manh Bảo Trư	变异萌宝猪	3058	45	1	0	948
30582	Biến dị Manh Bảo Trư	变异萌宝猪	3058	45	1	0	948
30583	Biến dị Manh Bảo Trư	变异萌宝猪	3058	45	1	0	948
30589	Manh Bảo Trư (bảo bảo)	萌宝猪宝宝	3058	45	0	1	948
30590	Manh Bảo Trư	成年萌宝猪	3059	55	0	0	1051
30591	Biến dị Manh Bảo Trư	变异萌宝猪	3059	55	1	0	1051
30592	Biến dị Manh Bảo Trư	变异萌宝猪	3059	55	1	0	1051
30593	Biến dị Manh Bảo Trư	变异萌宝猪	3059	55	1	0	1051
30594	Biến dị Manh Bảo Trư	变异萌宝猪	3059	55	1	0	1051
30599	Manh Bảo Trư (bảo bảo)	萌宝猪宝宝	3059	55	0	1	1051
30600	Manh Bảo Trư	成年萌宝猪	3060	65	0	0	1153
30601	Biến dị Manh Bảo Trư	变异萌宝猪	3060	65	1	0	1153
30602	Biến dị Manh Bảo Trư	变异萌宝猪	3060	65	1	0	1153
30603	Biến dị Manh Bảo Trư	变异萌宝猪	3060	65	1	0	1153
30604	Biến dị Manh Bảo Trư	变异萌宝猪	3060	65	1	0	1153
30605	Biến dị Manh Bảo Trư	变异萌宝猪	3060	65	1	0	1153
30609	Manh Bảo Trư (bảo bảo)	萌宝猪宝宝	3060	65	0	1	1153
30610	Manh Bảo Trư	成年萌宝猪	3061	75	0	0	1255
30611	Biến dị Manh Bảo Trư	变异萌宝猪	3061	75	1	0	1255
30612	Biến dị Manh Bảo Trư	变异萌宝猪	3061	75	1	0	1255
30613	Biến dị Manh Bảo Trư	变异萌宝猪	3061	75	1	0	1255
30614	Biến dị Manh Bảo Trư	变异萌宝猪	3061	75	1	0	1255
30615	Biến dị Manh Bảo Trư	变异萌宝猪	3061	75	1	0	1255
30616	Biến dị Manh Bảo Trư	变异萌宝猪	3061	75	1	0	1255
30619	Manh Bảo Trư (bảo bảo)	萌宝猪宝宝	3061	75	0	1	1255
30620	Manh Bảo Trư	成年萌宝猪	3062	85	0	0	1357
30621	Biến dị Manh Bảo Trư	变异萌宝猪	3062	85	1	0	1357
30622	Biến dị Manh Bảo Trư	变异萌宝猪	3062	85	1	0	1357
30623	Biến dị Manh Bảo Trư	变异萌宝猪	3062	85	1	0	1357
30624	Biến dị Manh Bảo Trư	变异萌宝猪	3062	85	1	0	1357
30625	Biến dị Manh Bảo Trư	变异萌宝猪	3062	85	1	0	1357
30626	Biến dị Manh Bảo Trư	变异萌宝猪	3062	85	1	0	1357
30627	Biến dị Manh Bảo Trư	变异萌宝猪	3062	85	1	0	1357
30629	Manh Bảo Trư (bảo bảo)	萌宝猪宝宝	3062	85	0	1	1357
30630	Manh Bảo Trư	成年萌宝猪	3063	95	0	0	1459
30631	Biến dị Manh Bảo Trư	变异萌宝猪	3063	95	1	0	1459
30632	Biến dị Manh Bảo Trư	变异萌宝猪	3063	95	1	0	1459
30633	Biến dị Manh Bảo Trư	变异萌宝猪	3063	95	1	0	1459
30634	Biến dị Manh Bảo Trư	变异萌宝猪	3063	95	1	0	1459
30635	Biến dị Manh Bảo Trư	变异萌宝猪	3063	95	1	0	1459
30636	Biến dị Manh Bảo Trư	变异萌宝猪	3063	95	1	0	1459
30637	Biến dị Manh Bảo Trư	变异萌宝猪	3063	95	1	0	1459
30638	Biến dị Manh Bảo Trư	变异萌宝猪	3063	95	1	0	1459
30639	Manh Bảo Trư (bảo bảo)	萌宝猪宝宝	3063	95	0	1	1459
30640	Oa Hoàng Long Quân	成年娲皇龙君	3064	95	0	0	1459
30641	Biến dị Oa Hoàng Long Quân	变异娲皇龙君	3064	95	1	0	1459
30649	Oa Hoàng Long Quân (bảo bảo)	娲皇龙君宝宝	3064	95	0	1	1459
30650	Linh Mị Nhi	成年灵魅儿	3065	5	0	0	846
30651	Biến dị Linh Mị Nhi	变异灵魅儿	3065	5	1	0	846
30652	Biến dị Linh Mị Nhi	变异灵魅儿	3065	5	1	0	846
30659	Linh Mị Nhi (bảo bảo)	灵魅儿宝宝	3065	5	0	1	846
30660	Linh Mị Nhi	成年灵魅儿	3066	45	0	0	948
30661	Biến dị Linh Mị Nhi	变异灵魅儿	3066	45	1	0	948
30662	Biến dị Linh Mị Nhi	变异灵魅儿	3066	45	1	0	948
30663	Biến dị Linh Mị Nhi	变异灵魅儿	3066	45	1	0	948
30669	Linh Mị Nhi (bảo bảo)	灵魅儿宝宝	3066	45	0	1	948
30670	Linh Mị Nhi	成年灵魅儿	3067	55	0	0	1051
30671	Biến dị Linh Mị Nhi	变异灵魅儿	3067	55	1	0	1051
30672	Biến dị Linh Mị Nhi	变异灵魅儿	3067	55	1	0	1051
30673	Biến dị Linh Mị Nhi	变异灵魅儿	3067	55	1	0	1051
30674	Biến dị Linh Mị Nhi	变异灵魅儿	3067	55	1	0	1051
30679	Linh Mị Nhi (bảo bảo)	灵魅儿宝宝	3067	55	0	1	1051
30680	Linh Mị Nhi	成年灵魅儿	3068	65	0	0	1153
30681	Biến dị Linh Mị Nhi	变异灵魅儿	3068	65	1	0	1153
30682	Biến dị Linh Mị Nhi	变异灵魅儿	3068	65	1	0	1153
30683	Biến dị Linh Mị Nhi	变异灵魅儿	3068	65	1	0	1153
30684	Biến dị Linh Mị Nhi	变异灵魅儿	3068	65	1	0	1153
30685	Biến dị Linh Mị Nhi	变异灵魅儿	3068	65	1	0	1153
30689	Linh Mị Nhi (bảo bảo)	灵魅儿宝宝	3068	65	0	1	1153
30690	Linh Mị Nhi	成年灵魅儿	3069	75	0	0	1255
30691	Biến dị Linh Mị Nhi	变异灵魅儿	3069	75	1	0	1255
30692	Biến dị Linh Mị Nhi	变异灵魅儿	3069	75	1	0	1255
30693	Biến dị Linh Mị Nhi	变异灵魅儿	3069	75	1	0	1255
30694	Biến dị Linh Mị Nhi	变异灵魅儿	3069	75	1	0	1255
30695	Biến dị Linh Mị Nhi	变异灵魅儿	3069	75	1	0	1255
30696	Biến dị Linh Mị Nhi	变异灵魅儿	3069	75	1	0	1255
30699	Linh Mị Nhi (bảo bảo)	灵魅儿宝宝	3069	75	0	1	1255
30700	Linh Mị Nhi	成年灵魅儿	3070	85	0	0	1357
30701	Biến dị Linh Mị Nhi	变异灵魅儿	3070	85	1	0	1357
30702	Biến dị Linh Mị Nhi	变异灵魅儿	3070	85	1	0	1357
30703	Biến dị Linh Mị Nhi	变异灵魅儿	3070	85	1	0	1357
30704	Biến dị Linh Mị Nhi	变异灵魅儿	3070	85	1	0	1357
30705	Biến dị Linh Mị Nhi	变异灵魅儿	3070	85	1	0	1357
30706	Biến dị Linh Mị Nhi	变异灵魅儿	3070	85	1	0	1357
30707	Biến dị Linh Mị Nhi	变异灵魅儿	3070	85	1	0	1357
30709	Linh Mị Nhi (bảo bảo)	灵魅儿宝宝	3070	85	0	1	1357
30710	Linh Mị Nhi	成年灵魅儿	3071	95	0	0	1459
30711	Biến dị Linh Mị Nhi	变异灵魅儿	3071	95	1	0	1459
30712	Biến dị Linh Mị Nhi	变异灵魅儿	3071	95	1	0	1459
30713	Biến dị Linh Mị Nhi	变异灵魅儿	3071	95	1	0	1459
30714	Biến dị Linh Mị Nhi	变异灵魅儿	3071	95	1	0	1459
30715	Biến dị Linh Mị Nhi	变异灵魅儿	3071	95	1	0	1459
30716	Biến dị Linh Mị Nhi	变异灵魅儿	3071	95	1	0	1459
30717	Biến dị Linh Mị Nhi	变异灵魅儿	3071	95	1	0	1459
30718	Biến dị Linh Mị Nhi	变异灵魅儿	3071	95	1	0	1459
30719	Linh Mị Nhi (bảo bảo)	灵魅儿宝宝	3071	95	0	1	1459
30720	Oa Hoàng Long Đế	成年娲皇龙帝	3072	95	0	0	1459
30721	Biến dị Oa Hoàng Long Đế	变异娲皇龙帝	3072	95	1	0	1459
30729	Oa Hoàng Long Đế (bảo bảo)	娲皇龙帝宝宝	3072	95	0	1	1459
30730	Quỷ Lỗi Lang	成年傀儡狼	3073	20	0	0	1459
30731	Biến dị Quỷ Lỗi Lang	变异傀儡狼	3073	20	1	0	1459
30732	Biến dị Quỷ Lỗi Lang	变异傀儡狼	3073	20	1	0	1459
30739	Quỷ Lỗi Lang (bảo bảo)	傀儡狼宝宝	3073	20	0	1	1459
30740	Bích Lạc Thanh Loan	成年碧落青鸾	3074	5	0	0	846
30741	Biến dị Bích Lạc Thanh Loan	变异碧落青鸾	3074	5	1	0	846
30742	Biến dị Bích Lạc Thanh Loan	变异碧落青鸾	3074	5	1	0	846
30749	Bích Lạc Thanh Loan (bảo bảo)	碧落青鸾宝宝	3074	5	0	1	846
30750	Bích Lạc Thanh Loan	成年碧落青鸾	3075	45	0	0	948
30751	Biến dị Bích Lạc Thanh Loan	变异碧落青鸾	3075	45	1	0	948
30752	Biến dị Bích Lạc Thanh Loan	变异碧落青鸾	3075	45	1	0	948
30753	Biến dị Bích Lạc Thanh Loan	变异碧落青鸾	3075	45	1	0	948
30759	Bích Lạc Thanh Loan (bảo bảo)	碧落青鸾宝宝	3075	45	0	1	948
30760	Bích Lạc Thanh Loan	成年碧落青鸾	3076	55	0	0	1051
30761	Biến dị Bích Lạc Thanh Loan	变异碧落青鸾	3076	55	1	0	1051
30762	Biến dị Bích Lạc Thanh Loan	变异碧落青鸾	3076	55	1	0	1051
30763	Biến dị Bích Lạc Thanh Loan	变异碧落青鸾	3076	55	1	0	1051
30764	Biến dị Bích Lạc Thanh Loan	变异碧落青鸾	3076	55	1	0	1051
30769	Bích Lạc Thanh Loan (bảo bảo)	碧落青鸾宝宝	3076	55	0	1	1051
30770	Bích Lạc Thanh Loan	成年碧落青鸾	3077	65	0	0	1153
30771	Biến dị Bích Lạc Thanh Loan	变异碧落青鸾	3077	65	1	0	1153
30772	Biến dị Bích Lạc Thanh Loan	变异碧落青鸾	3077	65	1	0	1153
30773	Biến dị Bích Lạc Thanh Loan	变异碧落青鸾	3077	65	1	0	1153
30774	Biến dị Bích Lạc Thanh Loan	变异碧落青鸾	3077	65	1	0	1153
30775	Biến dị Bích Lạc Thanh Loan	变异碧落青鸾	3077	65	1	0	1153
30779	Bích Lạc Thanh Loan (bảo bảo)	碧落青鸾宝宝	3077	65	0	1	1153
30780	Bích Lạc Thanh Loan	成年碧落青鸾	3078	75	0	0	1255
30781	Biến dị Bích Lạc Thanh Loan	变异碧落青鸾	3078	75	1	0	1255
30782	Biến dị Bích Lạc Thanh Loan	变异碧落青鸾	3078	75	1	0	1255
30783	Biến dị Bích Lạc Thanh Loan	变异碧落青鸾	3078	75	1	0	1255
30784	Biến dị Bích Lạc Thanh Loan	变异碧落青鸾	3078	75	1	0	1255
30785	Biến dị Bích Lạc Thanh Loan	变异碧落青鸾	3078	75	1	0	1255
30786	Biến dị Bích Lạc Thanh Loan	变异碧落青鸾	3078	75	1	0	1255
30789	Bích Lạc Thanh Loan (bảo bảo)	碧落青鸾宝宝	3078	75	0	1	1255
30790	Bích Lạc Thanh Loan	成年碧落青鸾	3079	85	0	0	1357
30791	Biến dị Bích Lạc Thanh Loan	变异碧落青鸾	3079	85	1	0	1357
30792	Biến dị Bích Lạc Thanh Loan	变异碧落青鸾	3079	85	1	0	1357
30793	Biến dị Bích Lạc Thanh Loan	变异碧落青鸾	3079	85	1	0	1357
30794	Biến dị Bích Lạc Thanh Loan	变异碧落青鸾	3079	85	1	0	1357
30795	Biến dị Bích Lạc Thanh Loan	变异碧落青鸾	3079	85	1	0	1357
30796	Biến dị Bích Lạc Thanh Loan	变异碧落青鸾	3079	85	1	0	1357
30797	Biến dị Bích Lạc Thanh Loan	变异碧落青鸾	3079	85	1	0	1357
30799	Bích Lạc Thanh Loan (bảo bảo)	碧落青鸾宝宝	3079	85	0	1	1357
30800	Bích Lạc Thanh Loan	成年碧落青鸾	3080	95	0	0	1459
30801	Biến dị Bích Lạc Thanh Loan	变异碧落青鸾	3080	95	1	0	1459
30802	Biến dị Bích Lạc Thanh Loan	变异碧落青鸾	3080	95	1	0	1459
30803	Biến dị Bích Lạc Thanh Loan	变异碧落青鸾	3080	95	1	0	1459
30804	Biến dị Bích Lạc Thanh Loan	变异碧落青鸾	3080	95	1	0	1459
30805	Biến dị Bích Lạc Thanh Loan	变异碧落青鸾	3080	95	1	0	1459
30806	Biến dị Bích Lạc Thanh Loan	变异碧落青鸾	3080	95	1	0	1459
30807	Biến dị Bích Lạc Thanh Loan	变异碧落青鸾	3080	95	1	0	1459
30808	Biến dị Bích Lạc Thanh Loan	变异碧落青鸾	3080	95	1	0	1459
30809	Bích Lạc Thanh Loan (bảo bảo)	碧落青鸾宝宝	3080	95	0	1	1459
30810	Thiên Mệnh Huyền Phượng	成年天命玄凤	3081	5	0	0	846
30811	Biến dị Thiên Mệnh Huyền Phượng	变异天命玄凤	3081	5	1	0	846
30812	Biến dị Thiên Mệnh Huyền Phượng	变异天命玄凤	3081	5	1	0	846
30819	Thiên Mệnh Huyền Phượng (bảo bảo)	天命玄凤宝宝	3081	5	0	1	846
30820	Thiên Mệnh Huyền Phượng	成年天命玄凤	3082	45	0	0	948
30821	Biến dị Thiên Mệnh Huyền Phượng	变异天命玄凤	3082	45	1	0	948
30822	Biến dị Thiên Mệnh Huyền Phượng	变异天命玄凤	3082	45	1	0	948
30823	Biến dị Thiên Mệnh Huyền Phượng	变异天命玄凤	3082	45	1	0	948
30829	Thiên Mệnh Huyền Phượng (bảo bảo)	天命玄凤宝宝	3082	45	0	1	948
30830	Thiên Mệnh Huyền Phượng	成年天命玄凤	3083	55	0	0	1051
30831	Biến dị Thiên Mệnh Huyền Phượng	变异天命玄凤	3083	55	1	0	1051
30832	Biến dị Thiên Mệnh Huyền Phượng	变异天命玄凤	3083	55	1	0	1051
30833	Biến dị Thiên Mệnh Huyền Phượng	变异天命玄凤	3083	55	1	0	1051
30834	Biến dị Thiên Mệnh Huyền Phượng	变异天命玄凤	3083	55	1	0	1051
30839	Thiên Mệnh Huyền Phượng (bảo bảo)	天命玄凤宝宝	3083	55	0	1	1051
30840	Thiên Mệnh Huyền Phượng	成年天命玄凤	3084	65	0	0	1153
30841	Biến dị Thiên Mệnh Huyền Phượng	变异天命玄凤	3084	65	1	0	1153
30842	Biến dị Thiên Mệnh Huyền Phượng	变异天命玄凤	3084	65	1	0	1153
30843	Biến dị Thiên Mệnh Huyền Phượng	变异天命玄凤	3084	65	1	0	1153
30844	Biến dị Thiên Mệnh Huyền Phượng	变异天命玄凤	3084	65	1	0	1153
30845	Biến dị Thiên Mệnh Huyền Phượng	变异天命玄凤	3084	65	1	0	1153
30849	Thiên Mệnh Huyền Phượng (bảo bảo)	天命玄凤宝宝	3084	65	0	1	1153
30850	Thiên Mệnh Huyền Phượng	成年天命玄凤	3085	75	0	0	1255
30851	Biến dị Thiên Mệnh Huyền Phượng	变异天命玄凤	3085	75	1	0	1255
30852	Biến dị Thiên Mệnh Huyền Phượng	变异天命玄凤	3085	75	1	0	1255
30853	Biến dị Thiên Mệnh Huyền Phượng	变异天命玄凤	3085	75	1	0	1255
30854	Biến dị Thiên Mệnh Huyền Phượng	变异天命玄凤	3085	75	1	0	1255
30855	Biến dị Thiên Mệnh Huyền Phượng	变异天命玄凤	3085	75	1	0	1255
30856	Biến dị Thiên Mệnh Huyền Phượng	变异天命玄凤	3085	75	1	0	1255
30859	Thiên Mệnh Huyền Phượng (bảo bảo)	天命玄凤宝宝	3085	75	0	1	1255
30860	Thiên Mệnh Huyền Phượng	成年天命玄凤	3086	85	0	0	1357
30861	Biến dị Thiên Mệnh Huyền Phượng	变异天命玄凤	3086	85	1	0	1357
30862	Biến dị Thiên Mệnh Huyền Phượng	变异天命玄凤	3086	85	1	0	1357
30863	Biến dị Thiên Mệnh Huyền Phượng	变异天命玄凤	3086	85	1	0	1357
30864	Biến dị Thiên Mệnh Huyền Phượng	变异天命玄凤	3086	85	1	0	1357
30865	Biến dị Thiên Mệnh Huyền Phượng	变异天命玄凤	3086	85	1	0	1357
30866	Biến dị Thiên Mệnh Huyền Phượng	变异天命玄凤	3086	85	1	0	1357
30867	Biến dị Thiên Mệnh Huyền Phượng	变异天命玄凤	3086	85	1	0	1357
30869	Thiên Mệnh Huyền Phượng (bảo bảo)	天命玄凤宝宝	3086	85	0	1	1357
30870	Thiên Mệnh Huyền Phượng	成年天命玄凤	3087	95	0	0	1459
30871	Biến dị Thiên Mệnh Huyền Phượng	变异天命玄凤	3087	95	1	0	1459
30872	Biến dị Thiên Mệnh Huyền Phượng	变异天命玄凤	3087	95	1	0	1459
30873	Biến dị Thiên Mệnh Huyền Phượng	变异天命玄凤	3087	95	1	0	1459
30874	Biến dị Thiên Mệnh Huyền Phượng	变异天命玄凤	3087	95	1	0	1459
30875	Biến dị Thiên Mệnh Huyền Phượng	变异天命玄凤	3087	95	1	0	1459
30876	Biến dị Thiên Mệnh Huyền Phượng	变异天命玄凤	3087	95	1	0	1459
30877	Biến dị Thiên Mệnh Huyền Phượng	变异天命玄凤	3087	95	1	0	1459
30878	Biến dị Thiên Mệnh Huyền Phượng	变异天命玄凤	3087	95	1	0	1459
30879	Thiên Mệnh Huyền Phượng (bảo bảo)	天命玄凤宝宝	3087	95	0	1	1459
30880	Diệu Thử Tiểu Tiên	成年妙鼠小仙	3088	5	0	0	846
30881	Biến dị Diệu Thử Tiểu Tiên	变异妙鼠小仙	3088	5	1	0	846
30882	Biến dị Diệu Thử Tiểu Tiên	变异妙鼠小仙	3088	5	1	0	846
30889	Diệu Thử Tiểu Tiên (bảo bảo)	妙鼠小仙宝宝	3088	5	0	1	846
30890	Diệu Thử Tiểu Tiên	成年妙鼠小仙	3089	45	0	0	948
30891	Biến dị Diệu Thử Tiểu Tiên	变异妙鼠小仙	3089	45	1	0	948
30892	Biến dị Diệu Thử Tiểu Tiên	变异妙鼠小仙	3089	45	1	0	948
30893	Biến dị Diệu Thử Tiểu Tiên	变异妙鼠小仙	3089	45	1	0	948
30899	Diệu Thử Tiểu Tiên (bảo bảo)	妙鼠小仙宝宝	3089	45	0	1	948
30900	Diệu Thử Tiểu Tiên	成年妙鼠小仙	3090	55	0	0	1051
30901	Biến dị Diệu Thử Tiểu Tiên	变异妙鼠小仙	3090	55	1	0	1051
30902	Biến dị Diệu Thử Tiểu Tiên	变异妙鼠小仙	3090	55	1	0	1051
30903	Biến dị Diệu Thử Tiểu Tiên	变异妙鼠小仙	3090	55	1	0	1051
30904	Biến dị Diệu Thử Tiểu Tiên	变异妙鼠小仙	3090	55	1	0	1051
30909	Diệu Thử Tiểu Tiên (bảo bảo)	妙鼠小仙宝宝	3090	55	0	1	1051
30910	Diệu Thử Tiểu Tiên	成年妙鼠小仙	3091	65	0	0	1153
30911	Biến dị Diệu Thử Tiểu Tiên	变异妙鼠小仙	3091	65	1	0	1153
30912	Biến dị Diệu Thử Tiểu Tiên	变异妙鼠小仙	3091	65	1	0	1153
30913	Biến dị Diệu Thử Tiểu Tiên	变异妙鼠小仙	3091	65	1	0	1153
30914	Biến dị Diệu Thử Tiểu Tiên	变异妙鼠小仙	3091	65	1	0	1153
30915	Biến dị Diệu Thử Tiểu Tiên	变异妙鼠小仙	3091	65	1	0	1153
30919	Diệu Thử Tiểu Tiên (bảo bảo)	妙鼠小仙宝宝	3091	65	0	1	1153
30920	Diệu Thử Tiểu Tiên	成年妙鼠小仙	3092	75	0	0	1255
30921	Biến dị Diệu Thử Tiểu Tiên	变异妙鼠小仙	3092	75	1	0	1255
30922	Biến dị Diệu Thử Tiểu Tiên	变异妙鼠小仙	3092	75	1	0	1255
30923	Biến dị Diệu Thử Tiểu Tiên	变异妙鼠小仙	3092	75	1	0	1255
30924	Biến dị Diệu Thử Tiểu Tiên	变异妙鼠小仙	3092	75	1	0	1255
30925	Biến dị Diệu Thử Tiểu Tiên	变异妙鼠小仙	3092	75	1	0	1255
30926	Biến dị Diệu Thử Tiểu Tiên	变异妙鼠小仙	3092	75	1	0	1255
30929	Diệu Thử Tiểu Tiên (bảo bảo)	妙鼠小仙宝宝	3092	75	0	1	1255
30930	Diệu Thử Tiểu Tiên	成年妙鼠小仙	3093	85	0	0	1357
30931	Biến dị Diệu Thử Tiểu Tiên	变异妙鼠小仙	3093	85	1	0	1357
30932	Biến dị Diệu Thử Tiểu Tiên	变异妙鼠小仙	3093	85	1	0	1357
30933	Biến dị Diệu Thử Tiểu Tiên	变异妙鼠小仙	3093	85	1	0	1357
30934	Biến dị Diệu Thử Tiểu Tiên	变异妙鼠小仙	3093	85	1	0	1357
30935	Biến dị Diệu Thử Tiểu Tiên	变异妙鼠小仙	3093	85	1	0	1357
30936	Biến dị Diệu Thử Tiểu Tiên	变异妙鼠小仙	3093	85	1	0	1357
30937	Biến dị Diệu Thử Tiểu Tiên	变异妙鼠小仙	3093	85	1	0	1357
30939	Diệu Thử Tiểu Tiên (bảo bảo)	妙鼠小仙宝宝	3093	85	0	1	1357
30940	Diệu Thử Tiểu Tiên	成年妙鼠小仙	3094	95	0	0	1459
30941	Biến dị Diệu Thử Tiểu Tiên	变异妙鼠小仙	3094	95	1	0	1459
30942	Biến dị Diệu Thử Tiểu Tiên	变异妙鼠小仙	3094	95	1	0	1459
30943	Biến dị Diệu Thử Tiểu Tiên	变异妙鼠小仙	3094	95	1	0	1459
30944	Biến dị Diệu Thử Tiểu Tiên	变异妙鼠小仙	3094	95	1	0	1459
30945	Biến dị Diệu Thử Tiểu Tiên	变异妙鼠小仙	3094	95	1	0	1459
30946	Biến dị Diệu Thử Tiểu Tiên	变异妙鼠小仙	3094	95	1	0	1459
30947	Biến dị Diệu Thử Tiểu Tiên	变异妙鼠小仙	3094	95	1	0	1459
30948	Biến dị Diệu Thử Tiểu Tiên	变异妙鼠小仙	3094	95	1	0	1459
30949	Diệu Thử Tiểu Tiên (bảo bảo)	妙鼠小仙宝宝	3094	95	0	1	1459
